source_index	target_index	relation
0	549	equal
0	550	strict
0	551	strict
0	555	strict
0	556	strict
0	557	strict
0	558	strict
0	562	strict
0	563	strict
0	564	strict
0	565	strict
0	713	strict
0	848	strict
0	850	strict
0	852	strict
0	857	strict
0	858	strict
0	1176	strict
0	1593	strict
0	1611	strict
0	1669	strict
0	1672	strict
0	1718	strict
0	1725	strict
0	1727	strict
0	1728	strict
0	1793	strict
0	1826	strict
0	1827	strict
0	1828	strict
0	2297	strict
0	3870	strict
0	3992	strict
0	3994	strict
0	4012	strict
0	4013	strict
0	4027	strict
0	4773	strict
0	4780	strict
0	4781	strict
0	4782	strict
0	4783	strict
0	4801	strict
0	4818	strict
0	4820	strict
0	4821	strict
0	4822	strict
0	4853	strict
0	4897	strict
0	5512	strict
0	6140	strict
0	6940	strict
0	8084	strict
0	8131	strict
0	8133	strict
0	8187	strict
0	8188	strict
0	8189	strict
0	8191	strict
0	8195	strict
0	8310	strict
0	12510	strict
0	12511	strict
0	12518	strict
0	13227	strict
0	13855	strict
0	13934	strict
0	13940	strict
0	13941	strict
0	13944	strict
1	552	equal
1	553	strict
1	554	strict
1	555	strict
1	559	strict
1	560	strict
1	561	strict
1	562	strict
1	563	strict
1	566	strict
1	567	strict
1	719	strict
1	849	strict
1	851	strict
1	853	strict
1	862	strict
1	863	strict
1	1177	strict
1	1594	strict
1	1612	strict
1	1670	strict
1	1674	strict
1	1720	strict
1	1726	strict
1	1729	strict
1	1730	strict
1	1796	strict
1	1829	strict
1	1830	strict
1	1831	strict
1	2300	strict
1	2301	strict
1	2440	strict
1	2686	strict
1	2768	strict
1	2774	strict
1	2775	strict
1	2778	strict
1	3819	strict
1	4781	strict
1	4799	strict
1	4801	strict
1	4814	strict
1	4815	strict
1	4816	strict
1	4818	strict
1	4822	strict
1	4851	strict
1	5511	strict
1	6611	strict
1	6941	strict
1	7424	strict
1	8083	strict
1	8084	strict
1	8085	strict
1	8086	strict
1	8133	strict
1	8191	strict
1	8193	strict
1	8194	strict
1	8195	strict
1	8312	strict
1	8361	strict
1	10902	strict
1	11219	strict
1	11221	strict
1	12408	strict
1	13251	strict
1	13252	strict
1	13266	strict
2	572	equal
2	573	strict
2	576	strict
2	584	strict
2	585	strict
2	587	strict
2	588	strict
2	589	strict
2	592	strict
2	593	strict
2	595	strict
2	604	strict
2	649	strict
2	651	strict
2	654	strict
2	665	strict
2	674	strict
2	680	strict
2	681	strict
2	684	strict
2	691	strict
2	694	strict
2	695	strict
2	696	strict
2	1181	strict
2	1597	strict
2	1598	strict
2	1646	strict
2	1711	strict
2	1760	strict
2	2312	strict
2	3843	strict
2	3847	strict
2	3848	strict
2	3849	strict
2	3863	strict
2	3899	strict
2	3924	strict
2	3933	strict
2	3935	strict
2	3936	strict
2	3943	strict
2	3969	strict
2	4787	strict
2	4866	strict
2	4868	strict
2	4869	strict
2	4870	strict
2	4874	strict
2	5520	strict
2	6945	strict
2	8102	strict
2	8313	strict
2	8317	strict
2	8320	strict
2	8325	strict
2	8326	strict
2	8336	strict
2	8343	strict
2	13620	strict
2	13638	strict
2	13687	strict
2	13856	strict
2	13858	strict
2	13874	strict
2	13882	strict
2	13884	strict
2	13886	strict
2	14029	strict
2	14035	strict
3	574	equal
3	575	strict
3	577	strict
3	583	strict
3	586	strict
3	587	strict
3	590	strict
3	591	strict
3	592	strict
3	594	strict
3	595	strict
3	605	strict
3	635	strict
3	636	strict
3	651	strict
3	656	strict
3	666	strict
3	667	strict
3	668	strict
3	670	strict
3	671	strict
3	673	strict
3	675	strict
3	693	strict
3	705	strict
3	1182	strict
3	1599	strict
3	1600	strict
3	1647	strict
3	1712	strict
3	1761	strict
3	2314	strict
3	3844	strict
3	3845	strict
3	3846	strict
3	3850	strict
3	3864	strict
3	3900	strict
3	3902	strict
3	3904	strict
3	3976	strict
3	3978	strict
3	3979	strict
3	3988	strict
3	4776	strict
3	4785	strict
3	4787	strict
3	4862	strict
3	4868	strict
3	4872	strict
3	4873	strict
3	4874	strict
3	5521	strict
3	6142	strict
3	6946	strict
3	8107	strict
3	8314	strict
3	8316	strict
3	8324	strict
3	8327	strict
3	8328	strict
3	8332	strict
3	8352	strict
3	13622	strict
3	13640	strict
3	13642	strict
3	13660	strict
3	13688	strict
3	13724	strict
3	13732	strict
3	13734	strict
3	13736	strict
3	14030	strict
3	14036	strict
4	581	equal
4	582	strict
4	613	strict
4	614	strict
4	615	strict
4	616	strict
4	623	strict
4	624	strict
4	634	strict
4	636	strict
4	637	strict
4	640	strict
4	641	strict
4	645	strict
4	646	strict
4	661	strict
4	664	strict
4	669	strict
4	670	strict
4	671	strict
4	672	strict
4	697	strict
4	705	strict
4	708	strict
4	1185	strict
4	1605	strict
4	1606	strict
4	1613	strict
4	1617	strict
4	1621	strict
4	1623	strict
4	1627	strict
4	1631	strict
4	1648	strict
4	1662	strict
4	1688	strict
4	1713	strict
4	1731	strict
4	1764	strict
4	1770	strict
4	1791	strict
4	2326	strict
4	3875	strict
4	3876	strict
4	3880	strict
4	4031	strict
4	4112	strict
4	4114	strict
4	4115	strict
4	4124	strict
4	4777	strict
4	4792	strict
4	4793	strict
4	4878	strict
4	4887	strict
4	4891	strict
4	4892	strict
4	4893	strict
4	5527	strict
4	6143	strict
4	6955	strict
4	8106	strict
4	8316	strict
4	8324	strict
4	8331	strict
4	8332	strict
4	8352	strict
4	12705	strict
4	12707	strict
4	12746	strict
4	12754	strict
4	12756	strict
4	12758	strict
4	14032	strict
4	14040	strict
5	597	equal
5	598	strict
5	599	strict
5	600	strict
5	601	strict
5	602	strict
5	611	strict
5	625	strict
5	626	strict
5	627	strict
5	630	strict
5	632	strict
5	638	strict
5	649	strict
5	650	strict
5	651	strict
5	658	strict
5	674	strict
5	680	strict
5	684	strict
5	686	strict
5	698	strict
5	699	strict
5	707	strict
5	1183	strict
5	1601	strict
5	1602	strict
5	1649	strict
5	1714	strict
5	1762	strict
5	2308	strict
5	2362	strict
5	2448	strict
5	2687	strict
5	2689	strict
5	2710	strict
5	2713	strict
5	2715	strict
5	2717	strict
5	3760	strict
5	3769	strict
5	4788	strict
5	4856	strict
5	4857	strict
5	4858	strict
5	4866	strict
5	4868	strict
5	4870	strict
5	4874	strict
5	5516	strict
5	6950	strict
5	8101	strict
5	8317	strict
5	8320	strict
5	8335	strict
5	8336	strict
5	8343	strict
5	10931	strict
5	10935	strict
5	11070	strict
5	12402	strict
5	12403	strict
5	12404	strict
5	13104	strict
5	13117	strict
5	13119	strict
5	13120	strict
5	13123	strict
5	14051	strict
5	14084	strict
6	606	equal
6	607	strict
6	608	strict
6	609	strict
6	610	strict
6	611	strict
6	612	strict
6	628	strict
6	629	strict
6	630	strict
6	631	strict
6	632	strict
6	639	strict
6	652	strict
6	662	strict
6	663	strict
6	664	strict
6	676	strict
6	677	strict
6	678	strict
6	682	strict
6	684	strict
6	688	strict
6	689	strict
6	706	strict
6	1184	strict
6	1603	strict
6	1604	strict
6	1650	strict
6	1715	strict
6	1763	strict
6	2310	strict
6	2364	strict
6	2366	strict
6	2398	strict
6	2449	strict
6	2550	strict
6	2551	strict
6	2553	strict
6	2555	strict
6	3761	strict
6	3770	strict
6	4794	strict
6	4859	strict
6	4860	strict
6	4861	strict
6	4885	strict
6	4887	strict
6	4889	strict
6	4893	strict
6	5517	strict
6	6613	strict
6	6951	strict
6	7430	strict
6	8099	strict
6	8101	strict
6	8320	strict
6	8337	strict
6	8341	strict
6	8342	strict
6	8343	strict
6	10933	strict
6	10936	strict
6	10973	strict
6	10999	strict
6	11071	strict
6	11163	strict
6	11410	strict
6	12456	strict
6	14052	strict
6	14096	strict
6	14098	strict
6	14099	strict
6	14103	strict
7	617	equal
7	618	strict
7	619	strict
7	620	strict
7	621	strict
7	622	strict
7	623	strict
7	633	strict
7	642	strict
7	643	strict
7	644	strict
7	645	strict
7	646	strict
7	659	strict
7	662	strict
7	664	strict
7	688	strict
7	690	strict
7	700	strict
7	701	strict
7	702	strict
7	703	strict
7	705	strict
7	706	strict
7	1186	strict
7	1607	strict
7	1608	strict
7	1615	strict
7	1618	strict
7	1622	strict
7	1624	strict
7	1629	strict
7	1632	strict
7	1651	strict
7	1663	strict
7	1689	strict
7	1716	strict
7	1732	strict
7	1765	strict
7	1771	strict
7	1792	strict
7	2344	strict
7	2346	strict
7	2502	strict
7	2503	strict
7	2505	strict
7	2507	strict
7	3765	strict
7	3830	strict
7	4793	strict
7	4885	strict
7	4887	strict
7	4888	strict
7	4889	strict
7	4893	strict
7	5526	strict
7	6614	strict
7	6956	strict
7	7431	strict
7	8105	strict
7	8106	strict
7	8324	strict
7	8346	strict
7	8350	strict
7	8351	strict
7	8352	strict
7	10951	strict
7	11000	strict
7	11412	strict
7	12457	strict
7	14058	strict
7	14191	strict
7	14193	strict
7	14194	strict
7	14198	strict
8	710	equal
8	711	strict
8	712	strict
8	713	strict
8	714	strict
8	715	strict
8	722	strict
8	723	strict
8	724	strict
8	725	strict
8	729	strict
8	730	strict
8	854	strict
8	855	strict
8	856	strict
8	857	strict
8	858	strict
8	1188	strict
8	1595	strict
8	1613	strict
8	1614	strict
8	1617	strict
8	1619	strict
8	1621	strict
8	1625	strict
8	1634	strict
8	1672	strict
8	1721	strict
8	1733	strict
8	1770	strict
8	1794	strict
8	2299	strict
8	3867	strict
8	3869	strict
8	3870	strict
8	3874	strict
8	3994	strict
8	4025	strict
8	4026	strict
8	4027	strict
8	4774	strict
8	4775	strict
8	4778	strict
8	4797	strict
8	4798	strict
8	4804	strict
8	4827	strict
8	4898	strict
8	4902	strict
8	4906	strict
8	4907	strict
8	4908	strict
8	5515	strict
8	6141	strict
8	6943	strict
8	8112	strict
8	8134	strict
8	8136	strict
8	8198	strict
8	8353	strict
8	8355	strict
8	8356	strict
8	8357	strict
8	8367	strict
8	12512	strict
8	12513	strict
8	12521	strict
8	12705	strict
8	12745	strict
8	12754	strict
8	12756	strict
8	12758	strict
8	13225	strict
8	13229	strict
9	716	equal
9	717	strict
9	718	strict
9	719	strict
9	720	strict
9	721	strict
9	722	strict
9	726	strict
9	727	strict
9	728	strict
9	729	strict
9	730	strict
9	859	strict
9	860	strict
9	861	strict
9	862	strict
9	863	strict
9	1189	strict
9	1596	strict
9	1615	strict
9	1616	strict
9	1618	strict
9	1620	strict
9	1622	strict
9	1626	strict
9	1636	strict
9	1674	strict
9	1722	strict
9	1734	strict
9	1771	strict
9	1797	strict
9	2302	strict
9	2303	strict
9	2344	strict
9	2443	strict
9	2501	strict
9	2503	strict
9	2505	strict
9	2507	strict
9	3764	strict
9	3821	strict
9	4798	strict
9	4802	strict
9	4804	strict
9	4825	strict
9	4900	strict
9	4902	strict
9	4903	strict
9	4904	strict
9	4908	strict
9	5514	strict
9	6612	strict
9	6944	strict
9	7425	strict
9	7428	strict
9	7432	strict
9	8111	strict
9	8112	strict
9	8136	strict
9	8200	strict
9	8355	strict
9	8362	strict
9	8365	strict
9	8366	strict
9	8367	strict
9	10904	strict
9	10986	strict
9	11221	strict
9	12407	strict
9	12408	strict
9	13233	strict
9	13264	strict
9	13265	strict
9	13266	strict
10	735	equal
10	736	strict
10	739	strict
10	766	strict
10	767	strict
10	769	strict
10	770	strict
10	771	strict
10	774	strict
10	775	strict
10	777	strict
10	786	strict
10	832	strict
10	833	strict
10	1070	strict
10	1219	strict
10	1265	strict
10	1276	strict
10	2013	strict
10	2015	strict
10	2018	strict
10	2029	strict
10	2038	strict
10	2044	strict
10	2045	strict
10	2048	strict
10	2055	strict
10	2058	strict
10	2059	strict
10	2060	strict
10	2333	strict
10	3851	strict
10	4810	strict
10	4814	strict
10	4816	strict
10	4817	strict
10	4818	strict
10	4822	strict
10	5855	strict
10	5903	strict
10	5906	strict
10	6099	strict
10	6390	strict
10	6391	strict
10	6444	strict
10	6453	strict
10	6957	strict
10	6959	strict
10	6960	strict
10	6963	strict
10	6967	strict
10	7015	strict
10	7030	strict
10	7032	strict
10	7034	strict
10	7035	strict
10	7043	strict
10	7073	strict
10	8450	strict
10	8503	strict
10	10913	strict
10	15258	strict
10	15262	strict
10	15343	strict
10	16100	strict
10	16334	strict
10	16335	strict
10	16345	strict
10	16346	strict
10	16349	strict
11	737	equal
11	738	strict
11	740	strict
11	765	strict
11	768	strict
11	769	strict
11	772	strict
11	773	strict
11	774	strict
11	776	strict
11	777	strict
11	787	strict
11	834	strict
11	835	strict
11	1071	strict
11	1220	strict
11	1266	strict
11	1277	strict
11	1985	strict
11	1986	strict
11	2015	strict
11	2020	strict
11	2030	strict
11	2031	strict
11	2032	strict
11	2034	strict
11	2035	strict
11	2037	strict
11	2039	strict
11	2057	strict
11	2069	strict
11	2335	strict
11	3852	strict
11	4806	strict
11	4807	strict
11	4808	strict
11	4810	strict
11	4816	strict
11	4820	strict
11	4821	strict
11	4822	strict
11	5856	strict
11	5858	strict
11	5976	strict
11	6104	strict
11	6392	strict
11	6393	strict
11	6430	strict
11	6472	strict
11	6958	strict
11	6961	strict
11	6962	strict
11	6964	strict
11	6965	strict
11	7016	strict
11	7018	strict
11	7020	strict
11	7045	strict
11	7047	strict
11	7048	strict
11	7074	strict
11	8451	strict
11	8504	strict
11	10914	strict
11	12560	strict
11	15260	strict
11	15263	strict
11	15331	strict
11	15345	strict
11	15346	strict
11	15360	strict
11	15361	strict
11	15364	strict
11	16328	strict
12	748	equal
12	749	strict
12	750	strict
12	754	strict
12	755	strict
12	756	strict
12	757	strict
12	761	strict
12	762	strict
12	795	strict
12	796	strict
12	807	strict
12	844	strict
12	875	strict
12	1076	strict
12	1077	strict
12	1078	strict
12	1085	strict
12	1240	strict
12	1441	strict
12	1443	strict
12	1473	strict
12	1474	strict
12	1476	strict
12	1477	strict
12	1982	strict
12	1990	strict
12	1993	strict
12	1999	strict
12	2000	strict
12	2306	strict
12	3838	strict
12	4833	strict
12	4837	strict
12	4838	strict
12	4839	strict
12	4842	strict
12	4854	strict
12	4858	strict
12	4870	strict
12	4872	strict
12	4873	strict
12	4874	strict
12	4884	strict
12	5614	strict
12	5620	strict
12	6091	strict
12	6273	strict
12	6275	strict
12	6276	strict
12	6287	strict
12	6295	strict
12	6546	strict
12	6977	strict
12	7105	strict
12	7107	strict
12	7108	strict
12	7109	strict
12	7113	strict
12	8485	strict
12	10920	strict
12	12579	strict
12	12679	strict
12	12680	strict
12	12683	strict
12	16111	strict
12	16247	strict
12	16253	strict
12	16254	strict
12	16257	strict
13	751	equal
13	752	strict
13	753	strict
13	754	strict
13	758	strict
13	759	strict
13	760	strict
13	761	strict
13	762	strict
13	797	strict
13	798	strict
13	816	strict
13	845	strict
13	876	strict
13	877	strict
13	888	strict
13	892	strict
13	894	strict
13	899	strict
13	900	strict
13	1086	strict
13	1094	strict
13	1241	strict
13	1312	strict
13	1443	strict
13	1478	strict
13	1983	strict
13	1991	strict
13	1994	strict
13	2004	strict
13	2005	strict
13	2307	strict
13	3840	strict
13	4834	strict
13	4835	strict
13	4836	strict
13	4840	strict
13	4843	strict
13	4855	strict
13	4861	strict
13	4877	strict
13	4889	strict
13	4891	strict
13	4892	strict
13	4893	strict
13	5615	strict
13	5622	strict
13	5749	strict
13	6015	strict
13	6038	strict
13	6115	strict
13	6548	strict
13	6549	strict
13	6573	strict
13	6976	strict
13	6977	strict
13	6979	strict
13	6980	strict
13	7107	strict
13	7111	strict
13	7112	strict
13	7113	strict
13	8487	strict
13	8541	strict
13	10923	strict
13	12580	strict
13	12681	strict
13	12682	strict
13	12684	strict
13	12898	strict
13	12914	strict
13	12929	strict
13	12930	strict
13	12933	strict
14	763	equal
14	764	strict
14	799	strict
14	800	strict
14	801	strict
14	802	strict
14	831	strict
14	840	strict
14	841	strict
14	864	strict
14	876	strict
14	888	strict
14	890	strict
14	892	strict
14	895	strict
14	901	strict
14	1072	strict
14	1082	strict
14	1247	strict
14	1272	strict
14	1289	strict
14	1312	strict
14	1427	strict
14	1434	strict
14	1447	strict
14	1984	strict
14	1986	strict
14	1987	strict
14	1992	strict
14	1995	strict
14	2009	strict
14	2010	strict
14	2025	strict
14	2028	strict
14	2033	strict
14	2034	strict
14	2035	strict
14	2036	strict
14	2061	strict
14	2069	strict
14	2072	strict
14	2359	strict
14	3862	strict
14	4845	strict
14	4846	strict
14	4847	strict
14	4894	strict
14	4904	strict
14	4906	strict
14	4907	strict
14	4908	strict
14	5858	strict
14	5976	strict
14	6103	strict
14	6429	strict
14	6430	strict
14	6472	strict
14	6978	strict
14	6981	strict
14	6982	strict
14	7121	strict
14	7125	strict
14	7127	strict
14	7128	strict
14	7156	strict
14	8491	strict
14	8561	strict
14	10926	strict
14	12592	strict
14	12897	strict
14	12914	strict
14	12915	strict
14	12929	strict
14	12930	strict
14	12933	strict
15	779	equal
15	780	strict
15	781	strict
15	782	strict
15	783	strict
15	784	strict
15	793	strict
15	836	strict
15	837	strict
15	865	strict
15	866	strict
15	867	strict
15	870	strict
15	872	strict
15	1073	strict
15	1228	strict
15	1279	strict
15	1282	strict
15	1988	strict
15	2013	strict
15	2014	strict
15	2015	strict
15	2022	strict
15	2038	strict
15	2044	strict
15	2048	strict
15	2050	strict
15	2062	strict
15	2063	strict
15	2071	strict
15	2300	strict
15	2343	strict
15	2440	strict
15	2685	strict
15	2768	strict
15	2769	strict
15	2774	strict
15	2775	strict
15	2778	strict
15	3856	strict
15	4799	strict
15	4800	strict
15	4801	strict
15	4814	strict
15	4816	strict
15	4818	strict
15	4822	strict
15	4824	strict
15	5903	strict
15	5906	strict
15	6098	strict
15	6443	strict
15	6444	strict
15	6453	strict
15	6611	strict
15	6984	strict
15	7426	strict
15	8090	strict
15	8091	strict
15	8092	strict
15	8144	strict
15	8242	strict
15	8243	strict
15	8245	strict
15	8246	strict
15	8251	strict
15	8502	strict
15	8510	strict
15	10909	strict
15	10927	strict
16	788	equal
16	789	strict
16	790	strict
16	791	strict
16	792	strict
16	793	strict
16	794	strict
16	838	strict
16	839	strict
16	868	strict
16	869	strict
16	870	strict
16	871	strict
16	872	strict
16	1074	strict
16	1239	strict
16	1284	strict
16	1287	strict
16	1989	strict
16	2016	strict
16	2026	strict
16	2027	strict
16	2028	strict
16	2040	strict
16	2041	strict
16	2042	strict
16	2046	strict
16	2048	strict
16	2052	strict
16	2053	strict
16	2070	strict
16	2302	strict
16	2344	strict
16	2347	strict
16	2402	strict
16	2443	strict
16	2500	strict
16	2503	strict
16	2505	strict
16	2507	strict
16	3762	strict
16	3857	strict
16	4802	strict
16	4803	strict
16	4804	strict
16	4895	strict
16	4900	strict
16	4902	strict
16	4904	strict
16	4908	strict
16	5537	strict
16	5906	strict
16	6096	strict
16	6098	strict
16	6447	strict
16	6451	strict
16	6452	strict
16	6453	strict
16	6612	strict
16	6987	strict
16	7427	strict
16	7429	strict
16	7433	strict
16	8116	strict
16	8147	strict
16	8254	strict
16	8508	strict
16	8511	strict
16	8516	strict
16	8518	strict
16	8519	strict
16	8523	strict
16	10910	strict
16	10929	strict
17	804	equal
17	805	strict
17	806	strict
17	807	strict
17	808	strict
17	809	strict
17	813	strict
17	817	strict
17	818	strict
17	819	strict
17	823	strict
17	824	strict
17	846	strict
17	879	strict
17	1079	strict
17	1080	strict
17	1081	strict
17	1088	strict
17	1249	strict
17	1451	strict
17	1453	strict
17	1485	strict
17	1486	strict
17	1489	strict
17	1490	strict
17	1996	strict
17	1997	strict
17	1998	strict
17	1999	strict
17	2000	strict
17	2308	strict
17	2309	strict
17	2448	strict
17	2687	strict
17	2709	strict
17	2713	strict
17	2715	strict
17	2717	strict
17	3760	strict
17	3841	strict
17	4854	strict
17	4856	strict
17	4858	strict
17	4866	strict
17	4867	strict
17	4868	strict
17	4870	strict
17	4874	strict
17	4882	strict
17	5528	strict
17	5620	strict
17	6088	strict
17	6090	strict
17	6091	strict
17	6092	strict
17	6287	strict
17	6293	strict
17	6294	strict
17	6295	strict
17	6561	strict
17	6563	strict
17	7135	strict
17	8119	strict
17	8538	strict
17	8540	strict
17	8543	strict
17	8544	strict
17	8550	strict
17	10919	strict
17	10938	strict
18	810	equal
18	811	strict
18	812	strict
18	813	strict
18	814	strict
18	815	strict
18	816	strict
18	820	strict
18	821	strict
18	822	strict
18	823	strict
18	824	strict
18	847	strict
18	880	strict
18	881	strict
18	889	strict
18	893	strict
18	896	strict
18	904	strict
18	905	strict
18	1089	strict
18	1095	strict
18	1250	strict
18	1315	strict
18	1453	strict
18	1491	strict
18	2001	strict
18	2002	strict
18	2003	strict
18	2004	strict
18	2005	strict
18	2310	strict
18	2311	strict
18	2364	strict
18	2449	strict
18	2549	strict
18	2551	strict
18	2553	strict
18	2555	strict
18	3761	strict
18	3842	strict
18	4855	strict
18	4859	strict
18	4861	strict
18	4875	strict
18	4885	strict
18	4886	strict
18	4887	strict
18	4889	strict
18	4893	strict
18	5529	strict
18	5536	strict
18	5539	strict
18	5622	strict
18	5766	strict
18	6038	strict
18	6114	strict
18	6115	strict
18	6564	strict
18	6571	strict
18	6572	strict
18	6573	strict
18	6615	strict
18	7137	strict
18	7434	strict
18	8118	strict
18	8119	strict
18	8540	strict
18	8542	strict
18	8548	strict
18	8549	strict
18	8550	strict
18	10922	strict
18	10940	strict
19	825	equal
19	826	strict
19	827	strict
19	828	strict
19	829	strict
19	830	strict
19	831	strict
19	842	strict
19	843	strict
19	873	strict
19	880	strict
19	889	strict
19	891	strict
19	893	strict
19	897	strict
19	906	strict
19	1075	strict
19	1083	strict
19	1258	strict
19	1291	strict
19	1294	strict
19	1315	strict
19	1432	strict
19	1437	strict
19	1457	strict
19	2006	strict
19	2007	strict
19	2008	strict
19	2009	strict
19	2010	strict
19	2023	strict
19	2026	strict
19	2028	strict
19	2052	strict
19	2054	strict
19	2064	strict
19	2065	strict
19	2066	strict
19	2067	strict
19	2069	strict
19	2070	strict
19	2364	strict
19	2367	strict
19	2548	strict
19	2551	strict
19	2553	strict
19	2555	strict
19	3763	strict
19	3865	strict
19	4894	strict
19	4900	strict
19	4901	strict
19	4902	strict
19	4904	strict
19	4908	strict
19	5538	strict
19	5976	strict
19	6102	strict
19	6103	strict
19	6466	strict
19	6470	strict
19	6471	strict
19	6472	strict
19	6616	strict
19	7141	strict
19	7435	strict
19	8120	strict
19	8560	strict
19	8562	strict
19	8568	strict
19	8570	strict
19	8571	strict
19	8575	strict
19	10925	strict
19	10963	strict
20	918	equal
20	929	strict
20	936	strict
20	937	strict
20	939	strict
20	949	strict
20	951	strict
20	954	strict
20	965	strict
20	967	strict
20	968	strict
20	970	strict
20	1106	strict
20	1112	strict
20	1113	strict
20	1115	strict
20	1121	strict
20	1141	strict
20	1142	strict
20	1144	strict
20	1145	strict
20	1151	strict
20	1166	strict
20	1167	strict
20	1181	strict
20	1640	strict
20	1646	strict
20	1745	strict
20	1751	strict
20	1760	strict
20	2450	strict
20	2458	strict
20	3897	strict
20	3899	strict
20	3920	strict
20	3922	strict
20	3924	strict
20	3934	strict
20	3936	strict
20	3943	strict
20	3962	strict
20	4955	strict
20	5575	strict
20	5585	strict
20	5588	strict
20	5589	strict
20	5591	strict
20	5593	strict
20	7013	strict
20	7015	strict
20	7021	strict
20	7026	strict
20	7030	strict
20	7033	strict
20	7035	strict
20	7064	strict
20	8371	strict
20	13666	strict
20	13687	strict
20	13707	strict
20	13731	strict
20	13825	strict
20	13826	strict
20	13827	strict
20	13874	strict
20	13882	strict
20	13883	strict
20	13885	strict
20	13886	strict
20	14033	strict
21	919	equal
21	930	strict
21	935	strict
21	938	strict
21	939	strict
21	951	strict
21	956	strict
21	966	strict
21	967	strict
21	969	strict
21	970	strict
21	1107	strict
21	1108	strict
21	1110	strict
21	1123	strict
21	1125	strict
21	1132	strict
21	1133	strict
21	1135	strict
21	1136	strict
21	1146	strict
21	1147	strict
21	1152	strict
21	1162	strict
21	1163	strict
21	1182	strict
21	1641	strict
21	1647	strict
21	1746	strict
21	1752	strict
21	1761	strict
21	2451	strict
21	2459	strict
21	3898	strict
21	3900	strict
21	3901	strict
21	3903	strict
21	3904	strict
21	3967	strict
21	3977	strict
21	3979	strict
21	3988	strict
21	4957	strict
21	4995	strict
21	5572	strict
21	5575	strict
21	5590	strict
21	5591	strict
21	5592	strict
21	5593	strict
21	6144	strict
21	6160	strict
21	7014	strict
21	7016	strict
21	7019	strict
21	7020	strict
21	7022	strict
21	7046	strict
21	7048	strict
21	7066	strict
21	8372	strict
21	13667	strict
21	13668	strict
21	13669	strict
21	13688	strict
21	13706	strict
21	13708	strict
21	13724	strict
21	13732	strict
21	13733	strict
21	13735	strict
21	13736	strict
21	13881	strict
21	14034	strict
22	923	equal
22	932	strict
22	940	strict
22	943	strict
22	946	strict
22	961	strict
22	964	strict
22	1102	strict
22	1103	strict
22	1105	strict
22	1109	strict
22	1110	strict
22	1125	strict
22	1133	strict
22	1134	strict
22	1136	strict
22	1137	strict
22	1138	strict
22	1140	strict
22	1156	strict
22	1157	strict
22	1158	strict
22	1168	strict
22	1173	strict
22	1185	strict
22	1642	strict
22	1648	strict
22	1652	strict
22	1660	strict
22	1675	strict
22	1677	strict
22	1682	strict
22	1684	strict
22	1688	strict
22	1749	strict
22	1753	strict
22	1764	strict
22	1770	strict
22	1779	strict
22	1781	strict
22	1823	strict
22	2452	strict
22	2498	strict
22	4030	strict
22	4031	strict
22	4087	strict
22	4113	strict
22	4115	strict
22	4124	strict
22	4963	strict
22	4996	strict
22	5573	strict
22	5608	strict
22	5609	strict
22	5610	strict
22	5611	strict
22	6145	strict
22	6161	strict
22	7019	strict
22	7020	strict
22	7042	strict
22	7046	strict
22	7048	strict
22	7062	strict
22	8374	strict
22	11024	strict
22	12709	strict
22	12725	strict
22	12726	strict
22	12746	strict
22	12754	strict
22	12755	strict
22	12757	strict
22	12758	strict
22	14039	strict
23	925	equal
23	931	strict
23	941	strict
23	949	strict
23	950	strict
23	951	strict
23	958	strict
23	1098	strict
23	1099	strict
23	1101	strict
23	1112	strict
23	1115	strict
23	1117	strict
23	1126	strict
23	1128	strict
23	1129	strict
23	1131	strict
23	1141	strict
23	1143	strict
23	1148	strict
23	1149	strict
23	1150	strict
23	1169	strict
23	1172	strict
23	1183	strict
23	1643	strict
23	1649	strict
23	1747	strict
23	1754	strict
23	1762	strict
23	2404	strict
23	2448	strict
23	2526	strict
23	2547	strict
23	2635	strict
23	2636	strict
23	2637	strict
23	2710	strict
23	2713	strict
23	2714	strict
23	2716	strict
23	2717	strict
23	3767	strict
23	4952	strict
23	5576	strict
23	5577	strict
23	5578	strict
23	5585	strict
23	5589	strict
23	5591	strict
23	5593	strict
23	7006	strict
23	7026	strict
23	7029	strict
23	7030	strict
23	7033	strict
23	7035	strict
23	8376	strict
23	11026	strict
23	11065	strict
23	11068	strict
23	11070	strict
23	12646	strict
23	13100	strict
23	13102	strict
23	13104	strict
23	13118	strict
23	13120	strict
23	13123	strict
23	14076	strict
24	927	equal
24	933	strict
24	942	strict
24	952	strict
24	962	strict
24	963	strict
24	964	strict
24	971	strict
24	972	strict
24	973	strict
24	976	strict
24	1096	strict
24	1100	strict
24	1101	strict
24	1115	strict
24	1119	strict
24	1127	strict
24	1128	strict
24	1130	strict
24	1131	strict
24	1153	strict
24	1154	strict
24	1155	strict
24	1164	strict
24	1165	strict
24	1184	strict
24	1644	strict
24	1650	strict
24	1748	strict
24	1755	strict
24	1763	strict
24	2405	strict
24	2407	strict
24	2408	strict
24	2449	strict
24	2518	strict
24	2527	strict
24	2550	strict
24	2551	strict
24	2552	strict
24	2554	strict
24	2555	strict
24	2712	strict
24	3768	strict
24	4953	strict
24	5579	strict
24	5580	strict
24	5581	strict
24	5603	strict
24	5604	strict
24	5609	strict
24	5611	strict
24	6619	strict
24	7003	strict
24	7006	strict
24	7032	strict
24	7033	strict
24	7034	strict
24	7035	strict
24	7049	strict
24	7442	strict
24	8378	strict
24	11029	strict
24	11066	strict
24	11069	strict
24	11071	strict
24	11162	strict
24	11409	strict
24	11410	strict
24	12647	strict
24	14081	strict
24	14097	strict
24	14099	strict
24	14103	strict
25	928	equal
25	934	strict
25	944	strict
25	945	strict
25	946	strict
25	959	strict
25	962	strict
25	964	strict
25	973	strict
25	974	strict
25	975	strict
25	976	strict
25	1097	strict
25	1104	strict
25	1105	strict
25	1120	strict
25	1125	strict
25	1139	strict
25	1140	strict
25	1159	strict
25	1160	strict
25	1161	strict
25	1170	strict
25	1171	strict
25	1186	strict
25	1645	strict
25	1651	strict
25	1653	strict
25	1661	strict
25	1676	strict
25	1678	strict
25	1683	strict
25	1685	strict
25	1689	strict
25	1750	strict
25	1756	strict
25	1765	strict
25	1771	strict
25	1780	strict
25	1782	strict
25	1824	strict
25	2406	strict
25	2470	strict
25	2475	strict
25	2502	strict
25	2503	strict
25	2504	strict
25	2506	strict
25	2507	strict
25	3829	strict
25	4961	strict
25	5603	strict
25	5604	strict
25	5607	strict
25	5609	strict
25	5611	strict
25	6620	strict
25	7004	strict
25	7045	strict
25	7046	strict
25	7047	strict
25	7048	strict
25	7050	strict
25	7062	strict
25	7443	strict
25	8382	strict
25	11024	strict
25	11076	strict
25	11411	strict
25	11412	strict
25	12753	strict
25	14150	strict
25	14192	strict
25	14194	strict
25	14198	strict
26	996	equal
26	997	strict
26	1003	strict
26	1004	strict
26	1007	strict
26	1317	strict
26	1318	strict
26	1320	strict
26	1326	strict
26	1327	strict
26	1330	strict
26	1334	strict
26	1342	strict
26	1392	strict
26	1393	strict
26	1396	strict
26	1400	strict
26	1401	strict
26	1655	strict
26	1669	strict
26	1671	strict
26	1672	strict
26	1783	strict
26	1784	strict
26	1785	strict
26	1793	strict
26	1807	strict
26	1816	strict
26	1826	strict
26	1828	strict
26	2764	strict
26	3884	strict
26	3889	strict
26	3893	strict
26	3992	strict
26	3994	strict
26	4013	strict
26	4018	strict
26	4027	strict
26	4968	strict
26	5058	strict
26	5683	strict
26	5707	strict
26	5708	strict
26	5709	strict
26	5721	strict
26	5723	strict
26	5724	strict
26	5725	strict
26	5731	strict
26	6234	strict
26	6245	strict
26	6993	strict
26	6995	strict
26	7105	strict
26	7106	strict
26	7107	strict
26	7109	strict
26	7113	strict
26	7118	strict
26	7149	strict
26	8149	strict
26	11093	strict
26	12967	strict
26	13830	strict
26	13934	strict
26	13936	strict
26	13940	strict
26	13941	strict
26	13944	strict
27	998	equal
27	999	strict
27	1005	strict
27	1006	strict
27	1007	strict
27	1316	strict
27	1319	strict
27	1320	strict
27	1328	strict
27	1329	strict
27	1330	strict
27	1338	strict
27	1343	strict
27	1394	strict
27	1395	strict
27	1397	strict
27	1404	strict
27	1405	strict
27	1656	strict
27	1670	strict
27	1673	strict
27	1674	strict
27	1786	strict
27	1787	strict
27	1788	strict
27	1796	strict
27	1809	strict
27	1817	strict
27	1829	strict
27	1831	strict
27	2640	strict
27	2768	strict
27	2770	strict
27	2774	strict
27	2775	strict
27	2778	strict
27	3772	strict
27	4966	strict
27	5681	strict
27	5683	strict
27	5717	strict
27	5718	strict
27	5719	strict
27	5721	strict
27	5725	strict
27	5730	strict
27	6617	strict
27	6995	strict
27	7079	strict
27	7080	strict
27	7081	strict
27	7109	strict
27	7111	strict
27	7112	strict
27	7113	strict
27	7119	strict
27	7130	strict
27	7149	strict
27	7436	strict
27	8151	strict
27	11079	strict
27	11093	strict
27	11219	strict
27	11221	strict
27	12972	strict
27	12976	strict
27	13252	strict
27	13257	strict
27	13266	strict
27	13928	strict
28	1001	equal
28	1008	strict
28	1009	strict
28	1012	strict
28	1030	strict
28	1322	strict
28	1323	strict
28	1325	strict
28	1331	strict
28	1332	strict
28	1333	strict
28	1334	strict
28	1339	strict
28	1345	strict
28	1398	strict
28	1399	strict
28	1400	strict
28	1401	strict
28	1657	strict
28	1667	strict
28	1677	strict
28	1679	strict
28	1682	strict
28	1684	strict
28	1686	strict
28	1688	strict
28	1789	strict
28	1795	strict
28	1810	strict
28	1818	strict
28	1828	strict
28	2577	strict
28	2766	strict
28	3885	strict
28	3890	strict
28	3896	strict
28	4030	strict
28	4031	strict
28	4113	strict
28	4115	strict
28	4123	strict
28	4971	strict
28	5059	strict
28	5686	strict
28	5710	strict
28	5728	strict
28	5737	strict
28	5738	strict
28	5739	strict
28	5740	strict
28	6235	strict
28	6236	strict
28	6237	strict
28	6247	strict
28	6996	strict
28	6998	strict
28	7114	strict
28	7120	strict
28	7121	strict
28	7124	strict
28	7126	strict
28	7128	strict
28	7151	strict
28	8152	strict
28	11095	strict
28	12968	strict
28	13670	strict
28	13829	strict
28	13830	strict
28	13832	strict
28	13940	strict
28	13942	strict
28	13943	strict
28	13944	strict
29	1002	equal
29	1010	strict
29	1011	strict
29	1012	strict
29	1031	strict
29	1321	strict
29	1324	strict
29	1325	strict
29	1335	strict
29	1336	strict
29	1337	strict
29	1338	strict
29	1339	strict
29	1346	strict
29	1402	strict
29	1403	strict
29	1404	strict
29	1405	strict
29	1658	strict
29	1668	strict
29	1678	strict
29	1680	strict
29	1683	strict
29	1685	strict
29	1687	strict
29	1689	strict
29	1790	strict
29	1798	strict
29	1811	strict
29	1819	strict
29	1831	strict
29	2409	strict
29	2639	strict
29	2640	strict
29	2663	strict
29	2774	strict
29	2776	strict
29	2777	strict
29	2778	strict
29	3773	strict
29	4969	strict
29	5684	strict
29	5686	strict
29	5726	strict
29	5732	strict
29	5733	strict
29	5736	strict
29	5738	strict
29	5740	strict
29	6618	strict
29	6621	strict
29	6622	strict
29	6998	strict
29	7082	strict
29	7116	strict
29	7125	strict
29	7126	strict
29	7127	strict
29	7128	strict
29	7132	strict
29	7151	strict
29	7437	strict
29	8154	strict
29	11080	strict
29	11095	strict
29	11389	strict
29	11411	strict
29	11412	strict
29	12973	strict
29	12979	strict
29	13932	strict
29	14192	strict
29	14194	strict
29	14197	strict
30	1194	equal
30	1196	strict
30	1205	strict
30	1206	strict
30	1208	strict
30	1209	strict
30	1211	strict
30	1212	strict
30	1214	strict
30	1215	strict
30	1216	strict
30	1219	strict
30	1230	strict
30	1263	strict
30	1265	strict
30	1267	strict
30	1274	strict
30	1276	strict
30	2088	strict
30	2090	strict
30	2093	strict
30	2104	strict
30	2113	strict
30	2119	strict
30	2120	strict
30	2123	strict
30	2130	strict
30	2133	strict
30	2134	strict
30	2135	strict
30	2450	strict
30	2455	strict
30	3897	strict
30	3899	strict
30	3906	strict
30	3920	strict
30	3924	strict
30	3934	strict
30	3936	strict
30	3941	strict
30	5001	strict
30	6388	strict
30	7013	strict
30	7015	strict
30	7026	strict
30	7028	strict
30	7030	strict
30	7033	strict
30	7035	strict
30	7036	strict
30	7073	strict
30	8448	strict
30	12547	strict
30	12551	strict
30	12554	strict
30	12555	strict
30	12557	strict
30	12559	strict
30	15087	strict
30	15262	strict
30	15337	strict
30	15359	strict
30	16097	strict
30	16099	strict
30	16100	strict
30	16118	strict
30	16346	strict
30	16347	strict
30	16348	strict
30	16349	strict
31	1195	equal
31	1197	strict
31	1204	strict
31	1207	strict
31	1208	strict
31	1210	strict
31	1211	strict
31	1213	strict
31	1214	strict
31	1217	strict
31	1218	strict
31	1220	strict
31	1231	strict
31	1264	strict
31	1266	strict
31	1268	strict
31	1275	strict
31	1277	strict
31	2074	strict
31	2075	strict
31	2090	strict
31	2095	strict
31	2105	strict
31	2106	strict
31	2107	strict
31	2109	strict
31	2110	strict
31	2112	strict
31	2114	strict
31	2132	strict
31	2144	strict
31	2451	strict
31	2456	strict
31	3898	strict
31	3900	strict
31	3903	strict
31	3904	strict
31	3907	strict
31	3977	strict
31	3979	strict
31	3986	strict
31	4994	strict
31	5003	strict
31	6389	strict
31	7014	strict
31	7016	strict
31	7017	strict
31	7019	strict
31	7020	strict
31	7041	strict
31	7046	strict
31	7048	strict
31	7074	strict
31	8449	strict
31	12530	strict
31	12545	strict
31	12547	strict
31	12556	strict
31	12557	strict
31	12558	strict
31	12559	strict
31	12562	strict
31	15088	strict
31	15089	strict
31	15189	strict
31	15263	strict
31	15330	strict
31	15331	strict
31	15339	strict
31	15361	strict
31	15362	strict
31	15363	strict
31	15364	strict
31	16344	strict
32	1203	equal
32	1242	strict
32	1243	strict
32	1244	strict
32	1245	strict
32	1246	strict
32	1247	strict
32	1254	strict
32	1271	strict
32	1272	strict
32	1273	strict
32	1288	strict
32	1289	strict
32	1298	strict
32	1310	strict
32	1312	strict
32	1386	strict
32	1387	strict
32	1388	strict
32	1423	strict
32	1433	strict
32	1446	strict
32	1447	strict
32	1472	strict
32	1484	strict
32	2073	strict
32	2075	strict
32	2076	strict
32	2079	strict
32	2080	strict
32	2083	strict
32	2085	strict
32	2100	strict
32	2103	strict
32	2108	strict
32	2109	strict
32	2110	strict
32	2111	strict
32	2136	strict
32	2144	strict
32	2147	strict
32	2453	strict
32	2525	strict
32	3903	strict
32	3904	strict
32	3968	strict
32	3977	strict
32	3979	strict
32	3984	strict
32	4997	strict
32	5015	strict
32	6428	strict
32	7120	strict
32	7121	strict
32	7123	strict
32	7126	strict
32	7128	strict
32	7156	strict
32	8490	strict
32	12531	strict
32	12572	strict
32	12588	strict
32	12589	strict
32	12590	strict
32	12591	strict
32	12596	strict
32	12597	strict
32	12807	strict
32	12896	strict
32	12897	strict
32	12922	strict
32	12930	strict
32	12931	strict
32	12932	strict
32	12933	strict
33	1222	equal
33	1223	strict
33	1224	strict
33	1225	strict
33	1226	strict
33	1227	strict
33	1228	strict
33	1235	strict
33	1278	strict
33	1279	strict
33	1280	strict
33	1281	strict
33	1282	strict
33	1299	strict
33	1300	strict
33	1301	strict
33	1304	strict
33	1306	strict
33	2077	strict
33	2088	strict
33	2089	strict
33	2090	strict
33	2097	strict
33	2113	strict
33	2119	strict
33	2123	strict
33	2125	strict
33	2137	strict
33	2138	strict
33	2146	strict
33	2438	strict
33	2440	strict
33	2478	strict
33	2479	strict
33	2678	strict
33	2684	strict
33	2685	strict
33	2754	strict
33	2775	strict
33	2776	strict
33	2777	strict
33	2778	strict
33	3920	strict
33	3923	strict
33	3924	strict
33	3930	strict
33	3934	strict
33	3936	strict
33	4998	strict
33	6441	strict
33	6983	strict
33	8143	strict
33	8144	strict
33	8238	strict
33	8240	strict
33	8242	strict
33	8244	strict
33	8246	strict
33	8251	strict
33	8500	strict
33	12538	strict
33	12539	strict
33	12540	strict
33	12551	strict
33	12555	strict
33	12557	strict
33	12559	strict
33	12563	strict
33	12610	strict
33	12612	strict
34	1232	equal
34	1233	strict
34	1234	strict
34	1235	strict
34	1236	strict
34	1237	strict
34	1238	strict
34	1239	strict
34	1283	strict
34	1284	strict
34	1285	strict
34	1286	strict
34	1287	strict
34	1302	strict
34	1303	strict
34	1304	strict
34	1305	strict
34	1306	strict
34	2078	strict
34	2091	strict
34	2101	strict
34	2102	strict
34	2103	strict
34	2115	strict
34	2116	strict
34	2117	strict
34	2121	strict
34	2123	strict
34	2127	strict
34	2128	strict
34	2145	strict
34	2441	strict
34	2443	strict
34	2481	strict
34	2492	strict
34	2499	strict
34	2500	strict
34	2504	strict
34	2505	strict
34	2506	strict
34	2507	strict
34	2744	strict
34	2773	strict
34	3925	strict
34	3928	strict
34	3930	strict
34	3933	strict
34	3934	strict
34	3935	strict
34	3936	strict
34	3937	strict
34	4999	strict
34	6445	strict
34	6454	strict
34	6986	strict
34	8146	strict
34	8147	strict
34	8253	strict
34	8507	strict
34	8508	strict
34	8514	strict
34	8517	strict
34	8519	strict
34	8523	strict
34	12541	strict
34	12542	strict
34	12543	strict
34	12583	strict
34	12584	strict
34	12589	strict
34	12591	strict
34	12598	strict
34	12613	strict
34	12615	strict
35	1251	equal
35	1252	strict
35	1253	strict
35	1254	strict
35	1255	strict
35	1256	strict
35	1257	strict
35	1258	strict
35	1290	strict
35	1291	strict
35	1292	strict
35	1293	strict
35	1294	strict
35	1307	strict
35	1313	strict
35	1315	strict
35	1389	strict
35	1390	strict
35	1391	strict
35	1430	strict
35	1436	strict
35	1456	strict
35	1457	strict
35	1497	strict
35	1499	strict
35	2081	strict
35	2082	strict
35	2083	strict
35	2084	strict
35	2085	strict
35	2098	strict
35	2101	strict
35	2103	strict
35	2127	strict
35	2129	strict
35	2139	strict
35	2140	strict
35	2141	strict
35	2142	strict
35	2144	strict
35	2145	strict
35	2529	strict
35	2540	strict
35	2545	strict
35	2548	strict
35	2552	strict
35	2553	strict
35	2554	strict
35	2555	strict
35	3970	strict
35	3973	strict
35	3976	strict
35	3977	strict
35	3978	strict
35	3979	strict
35	3980	strict
35	3984	strict
35	5013	strict
35	6464	strict
35	6473	strict
35	7140	strict
35	8559	strict
35	8560	strict
35	8564	strict
35	8569	strict
35	8571	strict
35	8575	strict
35	12583	strict
35	12584	strict
35	12587	strict
35	12589	strict
35	12591	strict
35	12597	strict
35	12909	strict
35	12928	strict
36	1351	equal
36	1352	strict
36	1354	strict
36	1355	strict
36	1356	strict
36	1357	strict
36	1362	strict
36	1370	strict
36	1381	strict
36	1407	strict
36	1408	strict
36	1409	strict
36	1412	strict
36	1413	strict
36	1424	strict
36	1425	strict
36	1426	strict
36	1441	strict
36	1442	strict
36	1443	strict
36	1445	strict
36	1473	strict
36	1476	strict
36	1477	strict
36	1481	strict
36	2148	strict
36	2150	strict
36	2152	strict
36	2156	strict
36	2158	strict
36	2659	strict
36	3884	strict
36	3893	strict
36	3992	strict
36	3993	strict
36	3994	strict
36	4013	strict
36	4017	strict
36	4027	strict
36	4085	strict
36	5058	strict
36	5062	strict
36	6220	strict
36	6993	strict
36	6994	strict
36	6995	strict
36	7105	strict
36	7107	strict
36	7109	strict
36	7113	strict
36	7154	strict
36	8165	strict
36	12985	strict
36	12999	strict
36	13005	strict
36	13006	strict
36	13007	strict
36	13019	strict
36	13021	strict
36	13022	strict
36	13023	strict
36	13027	strict
36	13035	strict
36	13047	strict
36	16110	strict
36	16247	strict
36	16249	strict
36	16253	strict
36	16254	strict
36	16257	strict
37	1353	equal
37	1358	strict
37	1359	strict
37	1360	strict
37	1361	strict
37	1362	strict
37	1363	strict
37	1378	strict
37	1382	strict
37	1406	strict
37	1410	strict
37	1411	strict
37	1412	strict
37	1413	strict
37	1423	strict
37	1444	strict
37	1446	strict
37	1447	strict
37	1448	strict
37	1470	strict
37	1471	strict
37	1472	strict
37	1476	strict
37	1479	strict
37	1480	strict
37	1483	strict
37	2149	strict
37	2151	strict
37	2153	strict
37	2161	strict
37	2163	strict
37	2576	strict
37	2660	strict
37	3885	strict
37	3896	strict
37	3991	strict
37	4030	strict
37	4031	strict
37	4088	strict
37	4113	strict
37	4115	strict
37	4121	strict
37	5059	strict
37	5065	strict
37	6221	strict
37	6996	strict
37	6997	strict
37	6998	strict
37	7120	strict
37	7121	strict
37	7126	strict
37	7128	strict
37	7155	strict
37	8166	strict
37	12986	strict
37	12987	strict
37	12988	strict
37	13002	strict
37	13008	strict
37	13032	strict
37	13041	strict
37	13042	strict
37	13043	strict
37	13044	strict
37	13049	strict
37	13050	strict
37	15188	strict
37	16109	strict
37	16110	strict
37	16242	strict
37	16253	strict
37	16255	strict
37	16256	strict
37	16257	strict
38	1365	equal
38	1366	strict
38	1367	strict
38	1368	strict
38	1369	strict
38	1370	strict
38	1371	strict
38	1377	strict
38	1383	strict
38	1414	strict
38	1415	strict
38	1416	strict
38	1420	strict
38	1421	strict
38	1428	strict
38	1429	strict
38	1431	strict
38	1451	strict
38	1452	strict
38	1453	strict
38	1455	strict
38	1485	strict
38	1489	strict
38	1490	strict
38	1495	strict
38	2154	strict
38	2155	strict
38	2156	strict
38	2157	strict
38	2158	strict
38	2687	strict
38	2690	strict
38	2703	strict
38	2713	strict
38	2715	strict
38	2717	strict
38	3891	strict
38	3893	strict
38	4010	strict
38	4013	strict
38	4014	strict
38	4017	strict
38	4021	strict
38	4025	strict
38	4026	strict
38	4027	strict
38	4102	strict
38	4104	strict
38	5060	strict
38	6226	strict
38	6227	strict
38	6999	strict
38	8167	strict
38	8168	strict
38	8169	strict
38	8538	strict
38	8540	strict
38	8544	strict
38	8546	strict
38	8550	strict
38	12997	strict
38	12999	strict
38	13015	strict
38	13016	strict
38	13017	strict
38	13019	strict
38	13023	strict
38	13027	strict
38	13034	strict
38	16230	strict
39	1372	equal
39	1373	strict
39	1374	strict
39	1375	strict
39	1376	strict
39	1377	strict
39	1378	strict
39	1379	strict
39	1384	strict
39	1417	strict
39	1418	strict
39	1419	strict
39	1420	strict
39	1421	strict
39	1430	strict
39	1454	strict
39	1456	strict
39	1457	strict
39	1458	strict
39	1487	strict
39	1489	strict
39	1492	strict
39	1493	strict
39	1494	strict
39	1497	strict
39	1498	strict
39	2159	strict
39	2160	strict
39	2161	strict
39	2162	strict
39	2163	strict
39	2691	strict
39	2702	strict
39	2703	strict
39	2708	strict
39	2714	strict
39	2715	strict
39	2716	strict
39	2717	strict
39	3894	strict
39	3896	strict
39	4019	strict
39	4028	strict
39	4106	strict
39	4109	strict
39	4112	strict
39	4113	strict
39	4114	strict
39	4115	strict
39	4116	strict
39	4121	strict
39	5063	strict
39	6229	strict
39	6230	strict
39	7000	strict
39	8170	strict
39	8171	strict
39	8172	strict
39	8559	strict
39	8560	strict
39	8569	strict
39	8571	strict
39	8574	strict
39	13000	strict
39	13002	strict
39	13030	strict
39	13036	strict
39	13037	strict
39	13040	strict
39	13042	strict
39	13044	strict
39	13050	strict
39	16233	strict
39	16245	strict
40	2195	equal
40	2196	strict
40	2197	strict
40	2198	strict
40	2199	strict
40	2227	strict
40	2235	strict
40	2236	strict
40	2263	strict
40	2264	strict
40	2265	strict
40	2316	strict
40	2317	strict
40	2318	strict
40	2324	strict
40	2325	strict
40	2340	strict
40	2341	strict
40	2345	strict
40	2368	strict
40	2369	strict
40	2372	strict
40	2373	strict
40	2420	strict
40	2429	strict
40	2476	strict
40	2477	strict
40	2480	strict
40	2497	strict
40	2504	strict
40	2506	strict
40	2507	strict
40	2675	strict
40	2763	strict
40	4660	strict
40	4661	strict
40	4670	strict
40	4682	strict
40	4686	strict
40	4705	strict
40	4706	strict
40	4909	strict
40	4912	strict
40	4916	strict
40	4919	strict
40	4920	strict
40	4935	strict
40	7318	strict
40	9175	strict
40	9181	strict
40	9204	strict
40	9330	strict
40	9961	strict
40	9962	strict
40	9963	strict
40	9979	strict
40	9983	strict
40	10013	strict
40	10015	strict
40	10016	strict
40	11732	strict
40	12424	strict
40	12790	strict
40	13388	strict
40	14805	strict
40	14806	strict
40	14808	strict
40	14809	strict
40	14810	strict
40	15214	strict
40	16549	strict
40	16551	strict
40	16552	strict
40	16553	strict
41	2200	equal
41	2201	strict
41	2202	strict
41	2203	strict
41	2204	strict
41	2228	strict
41	2254	strict
41	2320	strict
41	2321	strict
41	2323	strict
41	2324	strict
41	2327	strict
41	2345	strict
41	2347	strict
41	2370	strict
41	2371	strict
41	2372	strict
41	2373	strict
41	2418	strict
41	2422	strict
41	2493	strict
41	2494	strict
41	2495	strict
41	2497	strict
41	2499	strict
41	2504	strict
41	2506	strict
41	2507	strict
41	2568	strict
41	2735	strict
41	2755	strict
41	4662	strict
41	4663	strict
41	4664	strict
41	4668	strict
41	4678	strict
41	4713	strict
41	4714	strict
41	4716	strict
41	4717	strict
41	4720	strict
41	4721	strict
41	4917	strict
41	4921	strict
41	4925	strict
41	4939	strict
41	7319	strict
41	8948	strict
41	9176	strict
41	9182	strict
41	9253	strict
41	9327	strict
41	9964	strict
41	9965	strict
41	9966	strict
41	9969	strict
41	9980	strict
41	10040	strict
41	10042	strict
41	10043	strict
41	10050	strict
41	10128	strict
41	10129	strict
41	11752	strict
41	12425	strict
41	14832	strict
41	14833	strict
41	14835	strict
41	14836	strict
41	14837	strict
41	15223	strict
41	16540	strict
41	16542	strict
41	16543	strict
41	16544	strict
42	2205	equal
42	2206	strict
42	2207	strict
42	2208	strict
42	2209	strict
42	2229	strict
42	2233	strict
42	2237	strict
42	2251	strict
42	2252	strict
42	2253	strict
42	2328	strict
42	2329	strict
42	2331	strict
42	2360	strict
42	2363	strict
42	2365	strict
42	2367	strict
42	2419	strict
42	2541	strict
42	2542	strict
42	2543	strict
42	2545	strict
42	2546	strict
42	2552	strict
42	2554	strict
42	2555	strict
42	4666	strict
42	4667	strict
42	4668	strict
42	4669	strict
42	4676	strict
42	4708	strict
42	4709	strict
42	4713	strict
42	4718	strict
42	4719	strict
42	4720	strict
42	4721	strict
42	4910	strict
42	4914	strict
42	4918	strict
42	4922	strict
42	4923	strict
42	4936	strict
42	7324	strict
42	8949	strict
42	9177	strict
42	9183	strict
42	9193	strict
42	9224	strict
42	9268	strict
42	9968	strict
42	9969	strict
42	9981	strict
42	10034	strict
42	10040	strict
42	10042	strict
42	10043	strict
42	10139	strict
42	10140	strict
42	11755	strict
42	12947	strict
42	13566	strict
42	14889	strict
42	14892	strict
42	14894	strict
42	14895	strict
42	14896	strict
42	15241	strict
42	16522	strict
42	16524	strict
42	16525	strict
42	16526	strict
43	2211	equal
43	2212	strict
43	2213	strict
43	2214	strict
43	2215	strict
43	2230	strict
43	2238	strict
43	2239	strict
43	2286	strict
43	2287	strict
43	2288	strict
43	2336	strict
43	2337	strict
43	2338	strict
43	2340	strict
43	2342	strict
43	2345	strict
43	2346	strict
43	2410	strict
43	2471	strict
43	2472	strict
43	2473	strict
43	2475	strict
43	2477	strict
43	2504	strict
43	2506	strict
43	2507	strict
43	4680	strict
43	4681	strict
43	4682	strict
43	4683	strict
43	4684	strict
43	4696	strict
43	4697	strict
43	4705	strict
43	4722	strict
43	4723	strict
43	4726	strict
43	4727	strict
43	4911	strict
43	4912	strict
43	4924	strict
43	4926	strict
43	4927	strict
43	4930	strict
43	7344	strict
43	8950	strict
43	8960	strict
43	9184	strict
43	9186	strict
43	9217	strict
43	9241	strict
43	9982	strict
43	9983	strict
43	9986	strict
43	10006	strict
43	10013	strict
43	10015	strict
43	10016	strict
43	10163	strict
43	10251	strict
43	12504	strict
43	12824	strict
43	13392	strict
43	15312	strict
43	15320	strict
43	15322	strict
43	15323	strict
43	15324	strict
43	15503	strict
43	16504	strict
43	16506	strict
43	16507	strict
43	16508	strict
44	2217	equal
44	2218	strict
44	2219	strict
44	2220	strict
44	2221	strict
44	2231	strict
44	2277	strict
44	2348	strict
44	2349	strict
44	2350	strict
44	2354	strict
44	2358	strict
44	2365	strict
44	2366	strict
44	2374	strict
44	2375	strict
44	2378	strict
44	2379	strict
44	2411	strict
44	2424	strict
44	2519	strict
44	2520	strict
44	2521	strict
44	2524	strict
44	2527	strict
44	2552	strict
44	2554	strict
44	2555	strict
44	2562	strict
44	2642	strict
44	2643	strict
44	4692	strict
44	4693	strict
44	4695	strict
44	4696	strict
44	4699	strict
44	4705	strict
44	4707	strict
44	4724	strict
44	4725	strict
44	4726	strict
44	4727	strict
44	4928	strict
44	4931	strict
44	4934	strict
44	4937	strict
44	7364	strict
44	8946	strict
44	8952	strict
44	9187	strict
44	9191	strict
44	9260	strict
44	10002	strict
44	10003	strict
44	10004	strict
44	10006	strict
44	10008	strict
44	10013	strict
44	10015	strict
44	10016	strict
44	10059	strict
44	10218	strict
44	10243	strict
44	12433	strict
44	12501	strict
44	15889	strict
44	15897	strict
44	15899	strict
44	15900	strict
44	15901	strict
44	16105	strict
44	16495	strict
44	16497	strict
44	16498	strict
44	16499	strict
45	2222	equal
45	2223	strict
45	2224	strict
45	2225	strict
45	2226	strict
45	2232	strict
45	2234	strict
45	2240	strict
45	2274	strict
45	2275	strict
45	2276	strict
45	2352	strict
45	2353	strict
45	2354	strict
45	2355	strict
45	2356	strict
45	2360	strict
45	2361	strict
45	2365	strict
45	2376	strict
45	2377	strict
45	2378	strict
45	2379	strict
45	2416	strict
45	2425	strict
45	2523	strict
45	2524	strict
45	2528	strict
45	2546	strict
45	2552	strict
45	2554	strict
45	2555	strict
45	2653	strict
45	2654	strict
45	4700	strict
45	4701	strict
45	4703	strict
45	4708	strict
45	4711	strict
45	4713	strict
45	4715	strict
45	4913	strict
45	4914	strict
45	4929	strict
45	4932	strict
45	4933	strict
45	4938	strict
45	7367	strict
45	8947	strict
45	9188	strict
45	9192	strict
45	9206	strict
45	10029	strict
45	10030	strict
45	10031	strict
45	10033	strict
45	10034	strict
45	10040	strict
45	10042	strict
45	10043	strict
45	12398	strict
45	12442	strict
45	12939	strict
45	13563	strict
45	15941	strict
45	15949	strict
45	15951	strict
45	15952	strict
45	15953	strict
45	16124	strict
45	16490	strict
45	16492	strict
45	16493	strict
45	16494	strict
46	2243	equal
46	2244	strict
46	2245	strict
46	2246	strict
46	2247	strict
46	2248	strict
46	2249	strict
46	2250	strict
46	2251	strict
46	2252	strict
46	2253	strict
46	2380	strict
46	2381	strict
46	2383	strict
46	2396	strict
46	2399	strict
46	2426	strict
46	2688	strict
46	2690	strict
46	2704	strict
46	2705	strict
46	2706	strict
46	2708	strict
46	2711	strict
46	2714	strict
46	2716	strict
46	2717	strict
46	4728	strict
46	4729	strict
46	4732	strict
46	4744	strict
46	4745	strict
46	4941	strict
46	4944	strict
46	7322	strict
46	8954	strict
46	8955	strict
46	8956	strict
46	9193	strict
46	9202	strict
46	9203	strict
46	9205	strict
46	9308	strict
46	9312	strict
46	10130	strict
46	10131	strict
46	10132	strict
46	10133	strict
46	10134	strict
46	10136	strict
46	10139	strict
46	10150	strict
46	10176	strict
46	10199	strict
46	10202	strict
46	10204	strict
46	10205	strict
46	11753	strict
46	14861	strict
46	14862	strict
46	14893	strict
46	14895	strict
46	14896	strict
46	15231	strict
46	16287	strict
46	16320	strict
46	16558	strict
46	16559	strict
46	16561	strict
46	16562	strict
47	2255	equal
47	2256	strict
47	2257	strict
47	2258	strict
47	2259	strict
47	2260	strict
47	2261	strict
47	2262	strict
47	2263	strict
47	2264	strict
47	2265	strict
47	2384	strict
47	2385	strict
47	2386	strict
47	2400	strict
47	2401	strict
47	2427	strict
47	2430	strict
47	2431	strict
47	2432	strict
47	2756	strict
47	2757	strict
47	2758	strict
47	2759	strict
47	2760	strict
47	2762	strict
47	2763	strict
47	2767	strict
47	2771	strict
47	2772	strict
47	2776	strict
47	2777	strict
47	2778	strict
47	4730	strict
47	4731	strict
47	4734	strict
47	4748	strict
47	4751	strict
47	4940	strict
47	4945	strict
47	7325	strict
47	9194	strict
47	9195	strict
47	9196	strict
47	9204	strict
47	9328	strict
47	10141	strict
47	10142	strict
47	10143	strict
47	10151	strict
47	10258	strict
47	10259	strict
47	10260	strict
47	10264	strict
47	10265	strict
47	10266	strict
47	11756	strict
47	12469	strict
47	14929	strict
47	14930	strict
47	14931	strict
47	14936	strict
47	14937	strict
47	14939	strict
47	14940	strict
47	16546	strict
47	16547	strict
47	16550	strict
47	16552	strict
47	16553	strict
48	2266	equal
48	2267	strict
48	2268	strict
48	2269	strict
48	2270	strict
48	2271	strict
48	2272	strict
48	2273	strict
48	2274	strict
48	2275	strict
48	2276	strict
48	2388	strict
48	2389	strict
48	2392	strict
48	2396	strict
48	2397	strict
48	2414	strict
48	2433	strict
48	2434	strict
48	2435	strict
48	2644	strict
48	2645	strict
48	2646	strict
48	2647	strict
48	2648	strict
48	2650	strict
48	2653	strict
48	2662	strict
48	2688	strict
48	2711	strict
48	2714	strict
48	2716	strict
48	2717	strict
48	4736	strict
48	4737	strict
48	4739	strict
48	4744	strict
48	4747	strict
48	4943	strict
48	4944	strict
48	7365	strict
48	8957	strict
48	9206	strict
48	9215	strict
48	9216	strict
48	9218	strict
48	10176	strict
48	10178	strict
48	10192	strict
48	10193	strict
48	10194	strict
48	10196	strict
48	10199	strict
48	10202	strict
48	10204	strict
48	10205	strict
48	12482	strict
48	12486	strict
48	15918	strict
48	15919	strict
48	15950	strict
48	15952	strict
48	15953	strict
48	16114	strict
48	16263	strict
48	16316	strict
48	16513	strict
48	16514	strict
48	16516	strict
48	16517	strict
49	2278	equal
49	2279	strict
49	2280	strict
49	2281	strict
49	2282	strict
49	2283	strict
49	2284	strict
49	2285	strict
49	2286	strict
49	2287	strict
49	2288	strict
49	2390	strict
49	2391	strict
49	2394	strict
49	2400	strict
49	2403	strict
49	2417	strict
49	2655	strict
49	2656	strict
49	2657	strict
49	2663	strict
49	2770	strict
49	2771	strict
49	2772	strict
49	2776	strict
49	2777	strict
49	2778	strict
49	4740	strict
49	4741	strict
49	4742	strict
49	4748	strict
49	4749	strict
49	4942	strict
49	4945	strict
49	7368	strict
49	8958	strict
49	8961	strict
49	8962	strict
49	8963	strict
49	9207	strict
49	9208	strict
49	9209	strict
49	9217	strict
49	9295	strict
49	10244	strict
49	10245	strict
49	10246	strict
49	10247	strict
49	10248	strict
49	10250	strict
49	10251	strict
49	10255	strict
49	10259	strict
49	10260	strict
49	10264	strict
49	10265	strict
49	10266	strict
49	12502	strict
49	15973	strict
49	15987	strict
49	15988	strict
49	15993	strict
49	15994	strict
49	15996	strict
49	15997	strict
49	16501	strict
49	16502	strict
49	16505	strict
49	16507	strict
49	16508	strict
50	2460	equal
50	2461	strict
50	2462	strict
50	2463	strict
50	2464	strict
50	2465	strict
50	2466	strict
50	2467	strict
50	2468	strict
50	2469	strict
50	2470	strict
50	2471	strict
50	2472	strict
50	2473	strict
50	2474	strict
50	2475	strict
50	2477	strict
50	2479	strict
50	2502	strict
50	2503	strict
50	2505	strict
50	2506	strict
50	2507	strict
50	2556	strict
50	2564	strict
50	2565	strict
50	2607	strict
50	2608	strict
50	2609	strict
50	2625	strict
50	5034	strict
50	5035	strict
50	5038	strict
50	5046	strict
50	5047	strict
50	5067	strict
50	5069	strict
50	5073	strict
50	5074	strict
50	7342	strict
50	9240	strict
50	9241	strict
50	9250	strict
50	9251	strict
50	9254	strict
50	9274	strict
50	9291	strict
50	12816	strict
50	12817	strict
50	12818	strict
50	12819	strict
50	12820	strict
50	12822	strict
50	12824	strict
50	12836	strict
50	12839	strict
50	12862	strict
50	12865	strict
50	12867	strict
50	12868	strict
50	13390	strict
50	15280	strict
50	15283	strict
50	15284	strict
50	15321	strict
50	15323	strict
50	15324	strict
50	15491	strict
50	15661	strict
50	15871	strict
50	16576	strict
50	16577	strict
50	16578	strict
50	16580	strict
51	2482	equal
51	2483	strict
51	2484	strict
51	2485	strict
51	2486	strict
51	2487	strict
51	2488	strict
51	2489	strict
51	2490	strict
51	2491	strict
51	2492	strict
51	2493	strict
51	2494	strict
51	2495	strict
51	2496	strict
51	2497	strict
51	2498	strict
51	2499	strict
51	2500	strict
51	2503	strict
51	2504	strict
51	2505	strict
51	2507	strict
51	2557	strict
51	2566	strict
51	2569	strict
51	2570	strict
51	2571	strict
51	2748	strict
51	2749	strict
51	2751	strict
51	2752	strict
51	2755	strict
51	5036	strict
51	5037	strict
51	5040	strict
51	5054	strict
51	5057	strict
51	5068	strict
51	5070	strict
51	5077	strict
51	5078	strict
51	7345	strict
51	9242	strict
51	9243	strict
51	9244	strict
51	9252	strict
51	9253	strict
51	9325	strict
51	12825	strict
51	12826	strict
51	12827	strict
51	12828	strict
51	12837	strict
51	12955	strict
51	12956	strict
51	12957	strict
51	12961	strict
51	12962	strict
51	12963	strict
51	13393	strict
51	13536	strict
51	15385	strict
51	15386	strict
51	15387	strict
51	15392	strict
51	15393	strict
51	15395	strict
51	15396	strict
51	15514	strict
51	16537	strict
51	16538	strict
51	16541	strict
51	16543	strict
51	16544	strict
52	2508	equal
52	2509	strict
52	2510	strict
52	2511	strict
52	2512	strict
52	2513	strict
52	2514	strict
52	2515	strict
52	2516	strict
52	2517	strict
52	2518	strict
52	2519	strict
52	2520	strict
52	2521	strict
52	2522	strict
52	2524	strict
52	2525	strict
52	2527	strict
52	2550	strict
52	2551	strict
52	2553	strict
52	2554	strict
52	2555	strict
52	2558	strict
52	2560	strict
52	2572	strict
52	2573	strict
52	2574	strict
52	2598	strict
52	2614	strict
52	2618	strict
52	2619	strict
52	2642	strict
52	5042	strict
52	5043	strict
52	5045	strict
52	5046	strict
52	5049	strict
52	5071	strict
52	5072	strict
52	5073	strict
52	5074	strict
52	7358	strict
52	9221	strict
52	9255	strict
52	9258	strict
52	9259	strict
52	9260	strict
52	9269	strict
52	12839	strict
52	12841	strict
52	12857	strict
52	12858	strict
52	12859	strict
52	12861	strict
52	12862	strict
52	12865	strict
52	12867	strict
52	12868	strict
52	12869	strict
52	13539	strict
52	13548	strict
52	15617	strict
52	15638	strict
52	15769	strict
52	15770	strict
52	15788	strict
52	15868	strict
52	15898	strict
52	15900	strict
52	15901	strict
52	16531	strict
52	16532	strict
52	16534	strict
52	16535	strict
53	2530	equal
53	2531	strict
53	2532	strict
53	2533	strict
53	2534	strict
53	2535	strict
53	2536	strict
53	2537	strict
53	2538	strict
53	2539	strict
53	2540	strict
53	2541	strict
53	2542	strict
53	2543	strict
53	2544	strict
53	2545	strict
53	2546	strict
53	2547	strict
53	2548	strict
53	2551	strict
53	2552	strict
53	2553	strict
53	2555	strict
53	2559	strict
53	2563	strict
53	2575	strict
53	2721	strict
53	2722	strict
53	2723	strict
53	2724	strict
53	5050	strict
53	5051	strict
53	5052	strict
53	5054	strict
53	5055	strict
53	5075	strict
53	5076	strict
53	5077	strict
53	5078	strict
53	7372	strict
53	9222	strict
53	9261	strict
53	9262	strict
53	9263	strict
53	9267	strict
53	9268	strict
53	9314	strict
53	12940	strict
53	12941	strict
53	12942	strict
53	12943	strict
53	12944	strict
53	12946	strict
53	12947	strict
53	12952	strict
53	12956	strict
53	12957	strict
53	12961	strict
53	12962	strict
53	12963	strict
53	13564	strict
53	16357	strict
53	16359	strict
53	16362	strict
53	16377	strict
53	16378	strict
53	16379	strict
53	16381	strict
53	16403	strict
53	16519	strict
53	16520	strict
53	16523	strict
53	16525	strict
53	16526	strict
54	2579	equal
54	2580	strict
54	2581	strict
54	2582	strict
54	2583	strict
54	2584	strict
54	2585	strict
54	2586	strict
54	2595	strict
54	2596	strict
54	2597	strict
54	2612	strict
54	2613	strict
54	2614	strict
54	2615	strict
54	2616	strict
54	2617	strict
54	2618	strict
54	2619	strict
54	2624	strict
54	2629	strict
54	2631	strict
54	2636	strict
54	2637	strict
54	2641	strict
54	2642	strict
54	2647	strict
54	2651	strict
54	2660	strict
54	2710	strict
54	2713	strict
54	2715	strict
54	2716	strict
54	2717	strict
54	5080	strict
54	5081	strict
54	5083	strict
54	7356	strict
54	9270	strict
54	9284	strict
54	9285	strict
54	9286	strict
54	9288	strict
54	9293	strict
54	9313	strict
54	15520	strict
54	15523	strict
54	15525	strict
54	15527	strict
54	15554	strict
54	15555	strict
54	15556	strict
54	15558	strict
54	15559	strict
54	15562	strict
54	15564	strict
54	15565	strict
54	15764	strict
54	15765	strict
54	15769	strict
54	15784	strict
54	15785	strict
54	15833	strict
54	15843	strict
54	15895	strict
54	15898	strict
54	15900	strict
54	15901	strict
54	16191	strict
54	16222	strict
54	16567	strict
54	16568	strict
54	16570	strict
54	16571	strict
55	2587	equal
55	2588	strict
55	2589	strict
55	2590	strict
55	2591	strict
55	2592	strict
55	2593	strict
55	2594	strict
55	2595	strict
55	2596	strict
55	2597	strict
55	2620	strict
55	2621	strict
55	2627	strict
55	2632	strict
55	2633	strict
55	2634	strict
55	2637	strict
55	2644	strict
55	2647	strict
55	2648	strict
55	2649	strict
55	2650	strict
55	2652	strict
55	2653	strict
55	2658	strict
55	2688	strict
55	2689	strict
55	2714	strict
55	2716	strict
55	2717	strict
55	5084	strict
55	5085	strict
55	5087	strict
55	7360	strict
55	9271	strict
55	9287	strict
55	9289	strict
55	9290	strict
55	9292	strict
55	9294	strict
55	9309	strict
55	15528	strict
55	15531	strict
55	15570	strict
55	15572	strict
55	15588	strict
55	15589	strict
55	15590	strict
55	15592	strict
55	15593	strict
55	15596	strict
55	15598	strict
55	15599	strict
55	15772	strict
55	15773	strict
55	15789	strict
55	15849	strict
55	15852	strict
55	15918	strict
55	15947	strict
55	15950	strict
55	15952	strict
55	15953	strict
55	16451	strict
55	16481	strict
55	16585	strict
55	16586	strict
55	16588	strict
55	16589	strict
56	2599	equal
56	2600	strict
56	2601	strict
56	2602	strict
56	2603	strict
56	2604	strict
56	2605	strict
56	2606	strict
56	2607	strict
56	2608	strict
56	2609	strict
56	2622	strict
56	2623	strict
56	2626	strict
56	2630	strict
56	2638	strict
56	2639	strict
56	2640	strict
56	2655	strict
56	2656	strict
56	2657	strict
56	2661	strict
56	2663	strict
56	2772	strict
56	2773	strict
56	2774	strict
56	2775	strict
56	2777	strict
56	2778	strict
56	2779	strict
56	5088	strict
56	5089	strict
56	5090	strict
56	7362	strict
56	9272	strict
56	9275	strict
56	9276	strict
56	9277	strict
56	9291	strict
56	9295	strict
56	15532	strict
56	15533	strict
56	15639	strict
56	15640	strict
56	15643	strict
56	15644	strict
56	15645	strict
56	15647	strict
56	15652	strict
56	15655	strict
56	15656	strict
56	15657	strict
56	15658	strict
56	15660	strict
56	15661	strict
56	15776	strict
56	15779	strict
56	15790	strict
56	15870	strict
56	15987	strict
56	15991	strict
56	15992	strict
56	15995	strict
56	15996	strict
56	15997	strict
56	16573	strict
56	16575	strict
56	16578	strict
56	16579	strict
56	16580	strict
57	2665	equal
57	2666	strict
57	2667	strict
57	2668	strict
57	2669	strict
57	2670	strict
57	2671	strict
57	2672	strict
57	2673	strict
57	2674	strict
57	2677	strict
57	2679	strict
57	2680	strict
57	2681	strict
57	2682	strict
57	2683	strict
57	2684	strict
57	2685	strict
57	2745	strict
57	2746	strict
57	2747	strict
57	2749	strict
57	2750	strict
57	2751	strict
57	2752	strict
57	2753	strict
57	2754	strict
57	2755	strict
57	2759	strict
57	2766	strict
57	2774	strict
57	2775	strict
57	2776	strict
57	2778	strict
57	5094	strict
57	5095	strict
57	5097	strict
57	7369	strict
57	9296	strict
57	9297	strict
57	9298	strict
57	9299	strict
57	9300	strict
57	9304	strict
57	9332	strict
57	16160	strict
57	16162	strict
57	16165	strict
57	16166	strict
57	16167	strict
57	16168	strict
57	16169	strict
57	16171	strict
57	16172	strict
57	16176	strict
57	16177	strict
57	16178	strict
57	16179	strict
57	16180	strict
57	16181	strict
57	16182	strict
57	16183	strict
57	16184	strict
57	16187	strict
57	16194	strict
57	16199	strict
57	16200	strict
57	16202	strict
57	16203	strict
57	16218	strict
57	16537	strict
57	16541	strict
57	16543	strict
57	16544	strict
58	2692	equal
58	2693	strict
58	2694	strict
58	2695	strict
58	2696	strict
58	2697	strict
58	2698	strict
58	2699	strict
58	2700	strict
58	2701	strict
58	2702	strict
58	2703	strict
58	2704	strict
58	2705	strict
58	2706	strict
58	2707	strict
58	2708	strict
58	2711	strict
58	2712	strict
58	2713	strict
58	2714	strict
58	2715	strict
58	2717	strict
58	2718	strict
58	2719	strict
58	2720	strict
58	2721	strict
58	2722	strict
58	2723	strict
58	2725	strict
58	5098	strict
58	5099	strict
58	5100	strict
58	7370	strict
58	9306	strict
58	9310	strict
58	9311	strict
58	9312	strict
58	9314	strict
58	9331	strict
58	16224	strict
58	16225	strict
58	16265	strict
58	16266	strict
58	16269	strict
58	16270	strict
58	16271	strict
58	16273	strict
58	16278	strict
58	16281	strict
58	16282	strict
58	16283	strict
58	16284	strict
58	16286	strict
58	16287	strict
58	16303	strict
58	16306	strict
58	16307	strict
58	16319	strict
58	16359	strict
58	16374	strict
58	16376	strict
58	16379	strict
58	16380	strict
58	16381	strict
58	16556	strict
58	16557	strict
58	16560	strict
58	16561	strict
58	16562	strict
59	2726	equal
59	2727	strict
59	2728	strict
59	2729	strict
59	2730	strict
59	2731	strict
59	2732	strict
59	2733	strict
59	2734	strict
59	2736	strict
59	2738	strict
59	2739	strict
59	2741	strict
59	2742	strict
59	2743	strict
59	2745	strict
59	2746	strict
59	2747	strict
59	2754	strict
59	2757	strict
59	2759	strict
59	2760	strict
59	2761	strict
59	2762	strict
59	2763	strict
59	2765	strict
59	2769	strict
59	2771	strict
59	2776	strict
59	2777	strict
59	2778	strict
59	5102	strict
59	5103	strict
59	5105	strict
59	7373	strict
59	9315	strict
59	9316	strict
59	9317	strict
59	9318	strict
59	9319	strict
59	9323	strict
59	9333	strict
59	16420	strict
59	16422	strict
59	16425	strict
59	16426	strict
59	16427	strict
59	16428	strict
59	16429	strict
59	16431	strict
59	16432	strict
59	16436	strict
59	16437	strict
59	16438	strict
59	16439	strict
59	16440	strict
59	16441	strict
59	16442	strict
59	16443	strict
59	16444	strict
59	16447	strict
59	16454	strict
59	16459	strict
59	16460	strict
59	16462	strict
59	16463	strict
59	16546	strict
59	16550	strict
59	16552	strict
59	16553	strict
60	3000	equal
60	3001	strict
60	3004	strict
60	3019	strict
60	3167	strict
60	3168	strict
60	3170	strict
60	3171	strict
60	3172	strict
60	3175	strict
60	3176	strict
60	3178	strict
60	3187	strict
60	3204	strict
60	3260	strict
60	3406	strict
60	3407	strict
60	3410	strict
60	3449	strict
60	3451	strict
60	3460	strict
60	3494	strict
60	3497	strict
60	3498	strict
60	3499	strict
60	5544	strict
60	5551	strict
60	5560	strict
60	5562	strict
60	5563	strict
60	5577	strict
60	5589	strict
60	5590	strict
60	5592	strict
60	5593	strict
60	5602	strict
60	5614	strict
60	5619	strict
60	5620	strict
60	6116	strict
60	6117	strict
60	6127	strict
60	6148	strict
60	6152	strict
60	6273	strict
60	6276	strict
60	6281	strict
60	6287	strict
60	6295	strict
60	8183	strict
60	8187	strict
60	8189	strict
60	8190	strict
60	8191	strict
60	8195	strict
60	8216	strict
60	11031	strict
60	11060	strict
60	12579	strict
60	12639	strict
60	12652	strict
60	12679	strict
60	12683	strict
60	12912	strict
60	15837	strict
60	16247	strict
60	16248	strict
60	16253	strict
60	16254	strict
60	16257	strict
61	3002	equal
61	3003	strict
61	3005	strict
61	3020	strict
61	3023	strict
61	3099	strict
61	3122	strict
61	3124	strict
61	3129	strict
61	3130	strict
61	3166	strict
61	3169	strict
61	3170	strict
61	3173	strict
61	3174	strict
61	3175	strict
61	3177	strict
61	3178	strict
61	3188	strict
61	3209	strict
61	3259	strict
61	3261	strict
61	3451	strict
61	3462	strict
61	3496	strict
61	3508	strict
61	5545	strict
61	5554	strict
61	5561	strict
61	5580	strict
61	5595	strict
61	5604	strict
61	5608	strict
61	5610	strict
61	5611	strict
61	5615	strict
61	5621	strict
61	5622	strict
61	6015	strict
61	6038	strict
61	6118	strict
61	6119	strict
61	6129	strict
61	6146	strict
61	6147	strict
61	6149	strict
61	6150	strict
61	6549	strict
61	6554	strict
61	6573	strict
61	8179	strict
61	8180	strict
61	8181	strict
61	8183	strict
61	8189	strict
61	8193	strict
61	8194	strict
61	8195	strict
61	8217	strict
61	8247	strict
61	11032	strict
61	11063	strict
61	12580	strict
61	12641	strict
61	12653	strict
61	12681	strict
61	12684	strict
61	12876	strict
61	12914	strict
61	12916	strict
61	12929	strict
61	12930	strict
61	12933	strict
61	16236	strict
62	3014	equal
62	3016	strict
62	3021	strict
62	3197	strict
62	3198	strict
62	3200	strict
62	3201	strict
62	3202	strict
62	3203	strict
62	3204	strict
62	3206	strict
62	3210	strict
62	3212	strict
62	3222	strict
62	3266	strict
62	3412	strict
62	3413	strict
62	3416	strict
62	3455	strict
62	3457	strict
62	3472	strict
62	3512	strict
62	3515	strict
62	3516	strict
62	3517	strict
62	5550	strict
62	5551	strict
62	5552	strict
62	5576	strict
62	5577	strict
62	5585	strict
62	5587	strict
62	5589	strict
62	5591	strict
62	5593	strict
62	5600	strict
62	5617	strict
62	6126	strict
62	6127	strict
62	8205	strict
62	8234	strict
62	8238	strict
62	8241	strict
62	8242	strict
62	8244	strict
62	8246	strict
62	11031	strict
62	11059	strict
62	11065	strict
62	11068	strict
62	11070	strict
62	11074	strict
62	12643	strict
62	12655	strict
62	12683	strict
62	12905	strict
62	12925	strict
62	13100	strict
62	13104	strict
62	13118	strict
62	13120	strict
62	13122	strict
62	15834	strict
62	15836	strict
62	15837	strict
62	15844	strict
62	16254	strict
62	16255	strict
62	16256	strict
62	16257	strict
63	3015	equal
63	3017	strict
63	3022	strict
63	3024	strict
63	3100	strict
63	3123	strict
63	3126	strict
63	3132	strict
63	3133	strict
63	3196	strict
63	3199	strict
63	3200	strict
63	3205	strict
63	3206	strict
63	3207	strict
63	3208	strict
63	3209	strict
63	3211	strict
63	3212	strict
63	3223	strict
63	3265	strict
63	3267	strict
63	3457	strict
63	3474	strict
63	3514	strict
63	3526	strict
63	5553	strict
63	5554	strict
63	5555	strict
63	5579	strict
63	5580	strict
63	5594	strict
63	5603	strict
63	5604	strict
63	5606	strict
63	5609	strict
63	5611	strict
63	5618	strict
63	6128	strict
63	6129	strict
63	7440	strict
63	7441	strict
63	8207	strict
63	8232	strict
63	8234	strict
63	8243	strict
63	8244	strict
63	8245	strict
63	8246	strict
63	8249	strict
63	11032	strict
63	11062	strict
63	11066	strict
63	11069	strict
63	11071	strict
63	11075	strict
63	11077	strict
63	11409	strict
63	11410	strict
63	11481	strict
63	12644	strict
63	12656	strict
63	12684	strict
63	12875	strict
63	12876	strict
63	12907	strict
63	12929	strict
63	12931	strict
63	12932	strict
63	12933	strict
63	14097	strict
63	14099	strict
63	14102	strict
63	16252	strict
64	3044	equal
64	3045	strict
64	3046	strict
64	3050	strict
64	3051	strict
64	3052	strict
64	3053	strict
64	3057	strict
64	3058	strict
64	3092	strict
64	3276	strict
64	3277	strict
64	3304	strict
64	3314	strict
64	3362	strict
64	3365	strict
64	3374	strict
64	3375	strict
64	5640	strict
64	5657	strict
64	5659	strict
64	5675	strict
64	5717	strict
64	5719	strict
64	5720	strict
64	5721	strict
64	5725	strict
64	5855	strict
64	5903	strict
64	5905	strict
64	5906	strict
64	5973	strict
64	6301	strict
64	6306	strict
64	6327	strict
64	6328	strict
64	6329	strict
64	6356	strict
64	6357	strict
64	6359	strict
64	6360	strict
64	6391	strict
64	6434	strict
64	6444	strict
64	6453	strict
64	8292	strict
64	8296	strict
64	8297	strict
64	8298	strict
64	8301	strict
64	8326	strict
64	8333	strict
64	8336	strict
64	8341	strict
64	8342	strict
64	8343	strict
64	8345	strict
64	8423	strict
64	8503	strict
64	11137	strict
64	13618	strict
64	14042	strict
64	15258	strict
64	15259	strict
64	15262	strict
64	15857	strict
64	16334	strict
64	16345	strict
64	16346	strict
64	16349	strict
65	3047	equal
65	3048	strict
65	3049	strict
65	3050	strict
65	3054	strict
65	3055	strict
65	3056	strict
65	3057	strict
65	3058	strict
65	3093	strict
65	3278	strict
65	3279	strict
65	3305	strict
65	3315	strict
65	3363	strict
65	3366	strict
65	3376	strict
65	3377	strict
65	5641	strict
65	5659	strict
65	5674	strict
65	5675	strict
65	5719	strict
65	5723	strict
65	5724	strict
65	5725	strict
65	5856	strict
65	5857	strict
65	5858	strict
65	5975	strict
65	5976	strict
65	6185	strict
65	6187	strict
65	6238	strict
65	6239	strict
65	6302	strict
65	6307	strict
65	6308	strict
65	6313	strict
65	6318	strict
65	6319	strict
65	6335	strict
65	6338	strict
65	6361	strict
65	6393	strict
65	6430	strict
65	6438	strict
65	6472	strict
65	8293	strict
65	8294	strict
65	8295	strict
65	8299	strict
65	8302	strict
65	8328	strict
65	8330	strict
65	8332	strict
65	8334	strict
65	8350	strict
65	8351	strict
65	8352	strict
65	8424	strict
65	8504	strict
65	11139	strict
65	13024	strict
65	13619	strict
65	14044	strict
65	15260	strict
65	15261	strict
65	15263	strict
65	15296	strict
65	15345	strict
65	15360	strict
65	15361	strict
65	15364	strict
66	3059	equal
66	3060	strict
66	3094	strict
66	3107	strict
66	3120	strict
66	3124	strict
66	3125	strict
66	3129	strict
66	3130	strict
66	3131	strict
66	3280	strict
66	3281	strict
66	3282	strict
66	3283	strict
66	3312	strict
66	3321	strict
66	3364	strict
66	3367	strict
66	3381	strict
66	3382	strict
66	3467	strict
66	3470	strict
66	3500	strict
66	3508	strict
66	3511	strict
66	5638	strict
66	5647	strict
66	5653	strict
66	5663	strict
66	5676	strict
66	5733	strict
66	5737	strict
66	5739	strict
66	5740	strict
66	6015	strict
66	6037	strict
66	6038	strict
66	6181	strict
66	6182	strict
66	6185	strict
66	6188	strict
66	6198	strict
66	6240	strict
66	6241	strict
66	6307	strict
66	6313	strict
66	6315	strict
66	6320	strict
66	6333	strict
66	6338	strict
66	6350	strict
66	6549	strict
66	6553	strict
66	6573	strict
66	8304	strict
66	8305	strict
66	8306	strict
66	8357	strict
66	8358	strict
66	8365	strict
66	8366	strict
66	8367	strict
66	8427	strict
66	8509	strict
66	11098	strict
66	11143	strict
66	13045	strict
66	13635	strict
66	14050	strict
66	15295	strict
66	15345	strict
66	15347	strict
66	15360	strict
66	15361	strict
66	15364	strict
67	3081	equal
67	3095	strict
67	3115	strict
67	3121	strict
67	3126	strict
67	3127	strict
67	3132	strict
67	3133	strict
67	3134	strict
67	3316	strict
67	3317	strict
67	3318	strict
67	3319	strict
67	3320	strict
67	3321	strict
67	3332	strict
67	3383	strict
67	3384	strict
67	3388	strict
67	3389	strict
67	3479	strict
67	3482	strict
67	3518	strict
67	3526	strict
67	3529	strict
67	5646	strict
67	5647	strict
67	5648	strict
67	5652	strict
67	5662	strict
67	5663	strict
67	5732	strict
67	5733	strict
67	5735	strict
67	5738	strict
67	5740	strict
67	5803	strict
67	5805	strict
67	5807	strict
67	5821	strict
67	6036	strict
67	6197	strict
67	6198	strict
67	6338	strict
67	6342	strict
67	6343	strict
67	6367	strict
67	7444	strict
67	7445	strict
67	8393	strict
67	8496	strict
67	8516	strict
67	8517	strict
67	8518	strict
67	8519	strict
67	8520	strict
67	8521	strict
67	11098	strict
67	11142	strict
67	11387	strict
67	11409	strict
67	11410	strict
67	11453	strict
67	13705	strict
67	14082	strict
67	14097	strict
67	14099	strict
67	14101	strict
67	15294	strict
67	15295	strict
67	15357	strict
67	15360	strict
67	15362	strict
67	15363	strict
67	15364	strict
68	3086	equal
68	3087	strict
68	3096	strict
68	3333	strict
68	3334	strict
68	3335	strict
68	3336	strict
68	3341	strict
68	3350	strict
68	3390	strict
68	3392	strict
68	3397	strict
68	3398	strict
68	3419	strict
68	3420	strict
68	3421	strict
68	3424	strict
68	3425	strict
68	5650	strict
68	5657	strict
68	5658	strict
68	5659	strict
68	5661	strict
68	5668	strict
68	5681	strict
68	5682	strict
68	5683	strict
68	5717	strict
68	5719	strict
68	5721	strict
68	5725	strict
68	6347	strict
68	6348	strict
68	6349	strict
68	6356	strict
68	6359	strict
68	6360	strict
68	6364	strict
68	7436	strict
68	7438	strict
68	8157	strict
68	8169	strict
68	8528	strict
68	8529	strict
68	8530	strict
68	8544	strict
68	8545	strict
68	8548	strict
68	8549	strict
68	8550	strict
68	8558	strict
68	8566	strict
68	11079	strict
68	11096	strict
68	11104	strict
68	11219	strict
68	11220	strict
68	11221	strict
68	12976	strict
68	13252	strict
68	13256	strict
68	13266	strict
68	13822	strict
68	14148	strict
68	15856	strict
68	16334	strict
68	16336	strict
68	16345	strict
68	16346	strict
68	16349	strict
69	3088	equal
69	3097	strict
69	3116	strict
69	3337	strict
69	3338	strict
69	3339	strict
69	3340	strict
69	3341	strict
69	3342	strict
69	3358	strict
69	3391	strict
69	3393	strict
69	3402	strict
69	3403	strict
69	3422	strict
69	3423	strict
69	3424	strict
69	3425	strict
69	5651	strict
69	5660	strict
69	5662	strict
69	5663	strict
69	5664	strict
69	5669	strict
69	5684	strict
69	5685	strict
69	5686	strict
69	5732	strict
69	5733	strict
69	5738	strict
69	5740	strict
69	5807	strict
69	5819	strict
69	5820	strict
69	5821	strict
69	6359	strict
69	6362	strict
69	6363	strict
69	6366	strict
69	7437	strict
69	7439	strict
69	7446	strict
69	7447	strict
69	8160	strict
69	8172	strict
69	8531	strict
69	8555	strict
69	8568	strict
69	8569	strict
69	8570	strict
69	8571	strict
69	8572	strict
69	8573	strict
69	11080	strict
69	11097	strict
69	11105	strict
69	11218	strict
69	11388	strict
69	11411	strict
69	11412	strict
69	11482	strict
69	12979	strict
69	13823	strict
69	14151	strict
69	14192	strict
69	14194	strict
69	14196	strict
69	15855	strict
69	15856	strict
69	16342	strict
69	16345	strict
69	16347	strict
69	16348	strict
69	16349	strict
70	3180	equal
70	3181	strict
70	3182	strict
70	3183	strict
70	3184	strict
70	3185	strict
70	3194	strict
70	3219	strict
70	3234	strict
70	3241	strict
70	3242	strict
70	3243	strict
70	3246	strict
70	3248	strict
70	3260	strict
70	3406	strict
70	3410	strict
70	3436	strict
70	3449	strict
70	3450	strict
70	3451	strict
70	3464	strict
70	3501	strict
70	3502	strict
70	3510	strict
70	6120	strict
70	6121	strict
70	6124	strict
70	6131	strict
70	6134	strict
70	6140	strict
70	6155	strict
70	6273	strict
70	6276	strict
70	6280	strict
70	6286	strict
70	6287	strict
70	6295	strict
70	8131	strict
70	8132	strict
70	8133	strict
70	8141	strict
70	8187	strict
70	8189	strict
70	8191	strict
70	8195	strict
70	8197	strict
70	12510	strict
70	12518	strict
70	12526	strict
70	12534	strict
70	12535	strict
70	12536	strict
70	12539	strict
70	12555	strict
70	12556	strict
70	12558	strict
70	12559	strict
70	12564	strict
70	12578	strict
70	12594	strict
70	12604	strict
70	12704	strict
70	13085	strict
70	13854	strict
70	13934	strict
70	13935	strict
70	13940	strict
70	13941	strict
70	13944	strict
71	3189	equal
71	3190	strict
71	3191	strict
71	3192	strict
71	3193	strict
71	3194	strict
71	3195	strict
71	3230	strict
71	3235	strict
71	3244	strict
71	3245	strict
71	3246	strict
71	3247	strict
71	3248	strict
71	3262	strict
71	3263	strict
71	3264	strict
71	3408	strict
71	3410	strict
71	3438	strict
71	3439	strict
71	3452	strict
71	3468	strict
71	3469	strict
71	3470	strict
71	3509	strict
71	6122	strict
71	6123	strict
71	6125	strict
71	6136	strict
71	6139	strict
71	6141	strict
71	6158	strict
71	6260	strict
71	6276	strict
71	6278	strict
71	6280	strict
71	6289	strict
71	6293	strict
71	6294	strict
71	6295	strict
71	8134	strict
71	8135	strict
71	8136	strict
71	8142	strict
71	8353	strict
71	8355	strict
71	8357	strict
71	8359	strict
71	8367	strict
71	12512	strict
71	12521	strict
71	12527	strict
71	12528	strict
71	12529	strict
71	12537	strict
71	12542	strict
71	12567	strict
71	12584	strict
71	12588	strict
71	12590	strict
71	12591	strict
71	12593	strict
71	12600	strict
71	12606	strict
71	12705	strict
71	12708	strict
71	12744	strict
71	12754	strict
71	12756	strict
71	12758	strict
71	13079	strict
71	13086	strict
71	13664	strict
72	3214	equal
72	3215	strict
72	3216	strict
72	3217	strict
72	3218	strict
72	3219	strict
72	3220	strict
72	3227	strict
72	3236	strict
72	3249	strict
72	3250	strict
72	3251	strict
72	3254	strict
72	3256	strict
72	3266	strict
72	3412	strict
72	3416	strict
72	3442	strict
72	3455	strict
72	3456	strict
72	3457	strict
72	3476	strict
72	3519	strict
72	3520	strict
72	3528	strict
72	6130	strict
72	6131	strict
72	6132	strict
72	6133	strict
72	6134	strict
72	6154	strict
72	6284	strict
72	8137	strict
72	8143	strict
72	8144	strict
72	8145	strict
72	8238	strict
72	8242	strict
72	8244	strict
72	8246	strict
72	8250	strict
72	12516	strict
72	12518	strict
72	12538	strict
72	12539	strict
72	12551	strict
72	12553	strict
72	12555	strict
72	12557	strict
72	12559	strict
72	12564	strict
72	12576	strict
72	12610	strict
72	12611	strict
72	12729	strict
72	12730	strict
72	13100	strict
72	13103	strict
72	13104	strict
72	13115	strict
72	13118	strict
72	13120	strict
72	13847	strict
72	13853	strict
72	13854	strict
72	13923	strict
72	13941	strict
72	13942	strict
72	13943	strict
72	13944	strict
73	3224	equal
73	3225	strict
73	3226	strict
73	3227	strict
73	3228	strict
73	3229	strict
73	3230	strict
73	3231	strict
73	3237	strict
73	3252	strict
73	3253	strict
73	3254	strict
73	3255	strict
73	3256	strict
73	3268	strict
73	3269	strict
73	3270	strict
73	3414	strict
73	3416	strict
73	3444	strict
73	3445	strict
73	3458	strict
73	3480	strict
73	3481	strict
73	3482	strict
73	3527	strict
73	6135	strict
73	6136	strict
73	6137	strict
73	6138	strict
73	6139	strict
73	6157	strict
73	6288	strict
73	6298	strict
73	8138	strict
73	8146	strict
73	8147	strict
73	8148	strict
73	8507	strict
73	8508	strict
73	8517	strict
73	8519	strict
73	8522	strict
73	12519	strict
73	12521	strict
73	12541	strict
73	12542	strict
73	12566	strict
73	12583	strict
73	12584	strict
73	12586	strict
73	12589	strict
73	12591	strict
73	12600	strict
73	12613	strict
73	12614	strict
73	12732	strict
73	12743	strict
73	12744	strict
73	12751	strict
73	12755	strict
73	12756	strict
73	12757	strict
73	12758	strict
73	13105	strict
73	13113	strict
73	13115	strict
73	13117	strict
73	13118	strict
73	13119	strict
73	13120	strict
73	13121	strict
73	13913	strict
73	13939	strict
74	3285	equal
74	3286	strict
74	3287	strict
74	3291	strict
74	3292	strict
74	3293	strict
74	3294	strict
74	3298	strict
74	3299	strict
74	3300	strict
74	3301	strict
74	3304	strict
74	3323	strict
74	3368	strict
74	3370	strict
74	3372	strict
74	3374	strict
74	3375	strict
74	6193	strict
74	6211	strict
74	6213	strict
74	6250	strict
74	6303	strict
74	6310	strict
74	6330	strict
74	6331	strict
74	6332	strict
74	6368	strict
74	6369	strict
74	6372	strict
74	6373	strict
74	6383	strict
74	6391	strict
74	6431	strict
74	6433	strict
74	6434	strict
74	6435	strict
74	6444	strict
74	6451	strict
74	6452	strict
74	6453	strict
74	6460	strict
74	6462	strict
74	8313	strict
74	8317	strict
74	8319	strict
74	8320	strict
74	8321	strict
74	8326	strict
74	8333	strict
74	8336	strict
74	8343	strict
74	8420	strict
74	12995	strict
74	13015	strict
74	13017	strict
74	13018	strict
74	13019	strict
74	13023	strict
74	13620	strict
74	13621	strict
74	13687	strict
74	13856	strict
74	13873	strict
74	13882	strict
74	13884	strict
74	13886	strict
74	14029	strict
74	14045	strict
74	15059	strict
75	3288	equal
75	3289	strict
75	3290	strict
75	3291	strict
75	3295	strict
75	3296	strict
75	3297	strict
75	3298	strict
75	3299	strict
75	3302	strict
75	3303	strict
75	3305	strict
75	3324	strict
75	3369	strict
75	3371	strict
75	3373	strict
75	3376	strict
75	3377	strict
75	6186	strict
75	6189	strict
75	6194	strict
75	6213	strict
75	6232	strict
75	6252	strict
75	6304	strict
75	6311	strict
75	6312	strict
75	6314	strict
75	6323	strict
75	6324	strict
75	6336	strict
75	6341	strict
75	6374	strict
75	6384	strict
75	6385	strict
75	6386	strict
75	6393	strict
75	6407	strict
75	6430	strict
75	6437	strict
75	6438	strict
75	6463	strict
75	6470	strict
75	6471	strict
75	6472	strict
75	8314	strict
75	8315	strict
75	8316	strict
75	8323	strict
75	8324	strict
75	8328	strict
75	8332	strict
75	8334	strict
75	8352	strict
75	8422	strict
75	12983	strict
75	12994	strict
75	12995	strict
75	13017	strict
75	13021	strict
75	13022	strict
75	13023	strict
75	13025	strict
75	13622	strict
75	13623	strict
75	13640	strict
75	13688	strict
75	13723	strict
75	13732	strict
75	13734	strict
75	13736	strict
75	14030	strict
75	14046	strict
75	15060	strict
76	3306	equal
76	3307	strict
76	3308	strict
76	3309	strict
76	3310	strict
76	3311	strict
76	3312	strict
76	3331	strict
76	3378	strict
76	3379	strict
76	3380	strict
76	3381	strict
76	3382	strict
76	3417	strict
76	3438	strict
76	3440	strict
76	3465	strict
76	3468	strict
76	3470	strict
76	3503	strict
76	3504	strict
76	3505	strict
76	3506	strict
76	3508	strict
76	3509	strict
76	6183	strict
76	6184	strict
76	6186	strict
76	6190	strict
76	6191	strict
76	6200	strict
76	6203	strict
76	6207	strict
76	6217	strict
76	6233	strict
76	6256	strict
76	6311	strict
76	6314	strict
76	6316	strict
76	6325	strict
76	6334	strict
76	6341	strict
76	6355	strict
76	6490	strict
76	6549	strict
76	6552	strict
76	6553	strict
76	6566	strict
76	6571	strict
76	6572	strict
76	6573	strict
76	8353	strict
76	8354	strict
76	8355	strict
76	8357	strict
76	8358	strict
76	8367	strict
76	8426	strict
76	12984	strict
76	12996	strict
76	13037	strict
76	13041	strict
76	13043	strict
76	13044	strict
76	13046	strict
76	13052	strict
76	13640	strict
76	13643	strict
76	13722	strict
76	13732	strict
76	13734	strict
76	13736	strict
76	14031	strict
76	14053	strict
76	15071	strict
77	3325	equal
77	3326	strict
77	3327	strict
77	3328	strict
77	3329	strict
77	3330	strict
77	3331	strict
77	3332	strict
77	3385	strict
77	3386	strict
77	3387	strict
77	3388	strict
77	3389	strict
77	3418	strict
77	3444	strict
77	3446	strict
77	3477	strict
77	3480	strict
77	3482	strict
77	3521	strict
77	3522	strict
77	3523	strict
77	3524	strict
77	3526	strict
77	3527	strict
77	6199	strict
77	6200	strict
77	6201	strict
77	6202	strict
77	6203	strict
77	6206	strict
77	6216	strict
77	6217	strict
77	6255	strict
77	6339	strict
77	6341	strict
77	6344	strict
77	6345	strict
77	6346	strict
77	6353	strict
77	6380	strict
77	6382	strict
77	6565	strict
77	6575	strict
77	8391	strict
77	8507	strict
77	8508	strict
77	8515	strict
77	8517	strict
77	8519	strict
77	8521	strict
77	13036	strict
77	13037	strict
77	13039	strict
77	13042	strict
77	13044	strict
77	13052	strict
77	13710	strict
77	13721	strict
77	13722	strict
77	13729	strict
77	13733	strict
77	13734	strict
77	13735	strict
77	13736	strict
77	14085	strict
77	14094	strict
77	14096	strict
77	14097	strict
77	14098	strict
77	14099	strict
77	14100	strict
77	14101	strict
77	15340	strict
77	15351	strict
78	3344	equal
78	3345	strict
78	3346	strict
78	3347	strict
78	3348	strict
78	3349	strict
78	3350	strict
78	3356	strict
78	3394	strict
78	3395	strict
78	3396	strict
78	3397	strict
78	3398	strict
78	3426	strict
78	3427	strict
78	3428	strict
78	3432	strict
78	3433	strict
78	6204	strict
78	6211	strict
78	6212	strict
78	6213	strict
78	6215	strict
78	6226	strict
78	6228	strict
78	6242	strict
78	6351	strict
78	6352	strict
78	6354	strict
78	6368	strict
78	6372	strict
78	6373	strict
78	6378	strict
78	8155	strict
78	8167	strict
78	8169	strict
78	8538	strict
78	8539	strict
78	8540	strict
78	8544	strict
78	8545	strict
78	8550	strict
78	8557	strict
78	12974	strict
78	12976	strict
78	12997	strict
78	12998	strict
78	12999	strict
78	13015	strict
78	13017	strict
78	13019	strict
78	13023	strict
78	13028	strict
78	13249	strict
78	13252	strict
78	13255	strict
78	13256	strict
78	13262	strict
78	13264	strict
78	13265	strict
78	13266	strict
78	13856	strict
78	13859	strict
78	13872	strict
78	13882	strict
78	13884	strict
78	13886	strict
78	14176	strict
78	14178	strict
78	16323	strict
79	3351	equal
79	3352	strict
79	3353	strict
79	3354	strict
79	3355	strict
79	3356	strict
79	3357	strict
79	3358	strict
79	3399	strict
79	3400	strict
79	3401	strict
79	3402	strict
79	3403	strict
79	3429	strict
79	3430	strict
79	3431	strict
79	3432	strict
79	3433	strict
79	6205	strict
79	6214	strict
79	6216	strict
79	6217	strict
79	6218	strict
79	6229	strict
79	6231	strict
79	6243	strict
79	6353	strict
79	6370	strict
79	6372	strict
79	6375	strict
79	6376	strict
79	6377	strict
79	6380	strict
79	6381	strict
79	8158	strict
79	8170	strict
79	8172	strict
79	8553	strict
79	8559	strict
79	8560	strict
79	8565	strict
79	8569	strict
79	8571	strict
79	8573	strict
79	12977	strict
79	12979	strict
79	13000	strict
79	13001	strict
79	13002	strict
79	13036	strict
79	13037	strict
79	13042	strict
79	13044	strict
79	13051	strict
79	13258	strict
79	13268	strict
79	13860	strict
79	13871	strict
79	13872	strict
79	13879	strict
79	13883	strict
79	13884	strict
79	13885	strict
79	13886	strict
79	14180	strict
79	14190	strict
79	14191	strict
79	14192	strict
79	14193	strict
79	14194	strict
79	14195	strict
79	14196	strict
79	16325	strict
79	16332	strict
80	3568	equal
80	3569	strict
80	3570	strict
80	3571	strict
80	3572	strict
80	3573	strict
80	3574	strict
80	3575	strict
80	3584	strict
80	3585	strict
80	3586	strict
80	3597	strict
80	3598	strict
80	3614	strict
80	3617	strict
80	3618	strict
80	3622	strict
80	3633	strict
80	3635	strict
80	3642	strict
80	3643	strict
80	3644	strict
80	3688	strict
80	3689	strict
80	3849	strict
80	3855	strict
80	3921	strict
80	3922	strict
80	3933	strict
80	3935	strict
80	3936	strict
80	8742	strict
80	8743	strict
80	8744	strict
80	8972	strict
80	8988	strict
80	9145	strict
80	9173	strict
80	9178	strict
80	9181	strict
80	9204	strict
80	9239	strict
80	10687	strict
80	10689	strict
80	10697	strict
80	10717	strict
80	10718	strict
80	10720	strict
80	10721	strict
80	12332	strict
80	12333	strict
80	12340	strict
80	13479	strict
80	13481	strict
80	14946	strict
80	14949	strict
80	14957	strict
80	14958	strict
80	14959	strict
80	14961	strict
80	14962	strict
80	14963	strict
80	15211	strict
80	15214	strict
80	16210	strict
80	16219	strict
80	16549	strict
80	16550	strict
80	16552	strict
80	16553	strict
81	3576	equal
81	3577	strict
81	3578	strict
81	3579	strict
81	3580	strict
81	3581	strict
81	3582	strict
81	3583	strict
81	3584	strict
81	3585	strict
81	3586	strict
81	3594	strict
81	3599	strict
81	3600	strict
81	3601	strict
81	3608	strict
81	3609	strict
81	3610	strict
81	3611	strict
81	3616	strict
81	3619	strict
81	3635	strict
81	3647	strict
81	3699	strict
81	3700	strict
81	3831	strict
81	3848	strict
81	3849	strict
81	3857	strict
81	3924	strict
81	3934	strict
81	3935	strict
81	3936	strict
81	3943	strict
81	8745	strict
81	8746	strict
81	8747	strict
81	8974	strict
81	8992	strict
81	9146	strict
81	9147	strict
81	9150	strict
81	9179	strict
81	9182	strict
81	9253	strict
81	10690	strict
81	10692	strict
81	10693	strict
81	10737	strict
81	10738	strict
81	10740	strict
81	10741	strict
81	12335	strict
81	12336	strict
81	12341	strict
81	12372	strict
81	12374	strict
81	12386	strict
81	14966	strict
81	14969	strict
81	14977	strict
81	14978	strict
81	14979	strict
81	14981	strict
81	14982	strict
81	14983	strict
81	15220	strict
81	15223	strict
81	16470	strict
81	16478	strict
81	16540	strict
81	16541	strict
81	16543	strict
81	16544	strict
82	3587	equal
82	3588	strict
82	3589	strict
82	3590	strict
82	3591	strict
82	3592	strict
82	3593	strict
82	3602	strict
82	3603	strict
82	3604	strict
82	3605	strict
82	3607	strict
82	3608	strict
82	3610	strict
82	3611	strict
82	3620	strict
82	3621	strict
82	3691	strict
82	3692	strict
82	3693	strict
82	3694	strict
82	3695	strict
82	3698	strict
82	3699	strict
82	3832	strict
82	3850	strict
82	3864	strict
82	3865	strict
82	3904	strict
82	3977	strict
82	3978	strict
82	3979	strict
82	3988	strict
82	8718	strict
82	8748	strict
82	8749	strict
82	8750	strict
82	8762	strict
82	8777	strict
82	8778	strict
82	8780	strict
82	8781	strict
82	8976	strict
82	8991	strict
82	9148	strict
82	9153	strict
82	9180	strict
82	9183	strict
82	9268	strict
82	10693	strict
82	10694	strict
82	10738	strict
82	10740	strict
82	10741	strict
82	12344	strict
82	12380	strict
82	12382	strict
82	12391	strict
82	13150	strict
82	15025	strict
82	15029	strict
82	15030	strict
82	15036	strict
82	15037	strict
82	15040	strict
82	15041	strict
82	15042	strict
82	15046	strict
82	15052	strict
82	15241	strict
82	15247	strict
82	16522	strict
82	16523	strict
82	16525	strict
82	16526	strict
83	3626	equal
83	3627	strict
83	3628	strict
83	3629	strict
83	3630	strict
83	3631	strict
83	3632	strict
83	3633	strict
83	3634	strict
83	3635	strict
83	3636	strict
83	3637	strict
83	3638	strict
83	3639	strict
83	3641	strict
83	3642	strict
83	3644	strict
83	3645	strict
83	3646	strict
83	3657	strict
83	3658	strict
83	3659	strict
83	3687	strict
83	3688	strict
83	3853	strict
83	3858	strict
83	3917	strict
83	3918	strict
83	3921	strict
83	3932	strict
83	3933	strict
83	3935	strict
83	3936	strict
83	8751	strict
83	8752	strict
83	8753	strict
83	8794	strict
83	8830	strict
83	8831	strict
83	8833	strict
83	8978	strict
83	8986	strict
83	9174	strict
83	9185	strict
83	9186	strict
83	9217	strict
83	10697	strict
83	10698	strict
83	10718	strict
83	10720	strict
83	10721	strict
83	12413	strict
83	13490	strict
83	13492	strict
83	15412	strict
83	15416	strict
83	15417	strict
83	15423	strict
83	15425	strict
83	15427	strict
83	15428	strict
83	15429	strict
83	15433	strict
83	15439	strict
83	15503	strict
83	15510	strict
83	16504	strict
83	16505	strict
83	16507	strict
83	16508	strict
84	3649	equal
84	3650	strict
84	3651	strict
84	3652	strict
84	3653	strict
84	3654	strict
84	3655	strict
84	3656	strict
84	3657	strict
84	3658	strict
84	3659	strict
84	3667	strict
84	3668	strict
84	3669	strict
84	3670	strict
84	3675	strict
84	3676	strict
84	3679	strict
84	3680	strict
84	3683	strict
84	3684	strict
84	3688	strict
84	3690	strict
84	3695	strict
84	3696	strict
84	3859	strict
84	3866	strict
84	3963	strict
84	3964	strict
84	3966	strict
84	3975	strict
84	3976	strict
84	3978	strict
84	3979	strict
84	8666	strict
84	8756	strict
84	8757	strict
84	8758	strict
84	8795	strict
84	8796	strict
84	8799	strict
84	8839	strict
84	8840	strict
84	8842	strict
84	8877	strict
84	8879	strict
84	8887	strict
84	8985	strict
84	8986	strict
84	8989	strict
84	9189	strict
84	9191	strict
84	10704	strict
84	10719	strict
84	10720	strict
84	10721	strict
84	10723	strict
84	12433	strict
84	15999	strict
84	16004	strict
84	16005	strict
84	16006	strict
84	16010	strict
84	16014	strict
84	16015	strict
84	16016	strict
84	16103	strict
84	16105	strict
84	16389	strict
84	16402	strict
84	16495	strict
84	16496	strict
84	16498	strict
84	16499	strict
85	3660	equal
85	3661	strict
85	3662	strict
85	3663	strict
85	3664	strict
85	3665	strict
85	3666	strict
85	3671	strict
85	3672	strict
85	3673	strict
85	3675	strict
85	3677	strict
85	3678	strict
85	3679	strict
85	3680	strict
85	3685	strict
85	3686	strict
85	3691	strict
85	3692	strict
85	3693	strict
85	3695	strict
85	3697	strict
85	3699	strict
85	3701	strict
85	3861	strict
85	3864	strict
85	3966	strict
85	3967	strict
85	3976	strict
85	3978	strict
85	3979	strict
85	8667	strict
85	8719	strict
85	8759	strict
85	8760	strict
85	8761	strict
85	8763	strict
85	8789	strict
85	8790	strict
85	8792	strict
85	8793	strict
85	8797	strict
85	8845	strict
85	8884	strict
85	8886	strict
85	8892	strict
85	8987	strict
85	8991	strict
85	8993	strict
85	9154	strict
85	9190	strict
85	9192	strict
85	10703	strict
85	10739	strict
85	10740	strict
85	10741	strict
85	10743	strict
85	12442	strict
85	13195	strict
85	16034	strict
85	16039	strict
85	16040	strict
85	16041	strict
85	16045	strict
85	16049	strict
85	16050	strict
85	16051	strict
85	16055	strict
85	16061	strict
85	16124	strict
85	16131	strict
85	16490	strict
85	16491	strict
85	16493	strict
85	16494	strict
86	3703	equal
86	3704	strict
86	3705	strict
86	3706	strict
86	3707	strict
86	3708	strict
86	3709	strict
86	3710	strict
86	3719	strict
86	3720	strict
86	3721	strict
86	3731	strict
86	3732	strict
86	3733	strict
86	3734	strict
86	3735	strict
86	3736	strict
86	3833	strict
86	3868	strict
86	3869	strict
86	3870	strict
86	3873	strict
86	3874	strict
86	3994	strict
86	4007	strict
86	4013	strict
86	4026	strict
86	4027	strict
86	4028	strict
86	4137	strict
86	8722	strict
86	8723	strict
86	8770	strict
86	8994	strict
86	9001	strict
86	9155	strict
86	9156	strict
86	9157	strict
86	9200	strict
86	9205	strict
86	10755	strict
86	10757	strict
86	10759	strict
86	10767	strict
86	10779	strict
86	10780	strict
86	10781	strict
86	10782	strict
86	12307	strict
86	12308	strict
86	12309	strict
86	13287	strict
86	13288	strict
86	14991	strict
86	14999	strict
86	15000	strict
86	15004	strict
86	15005	strict
86	15006	strict
86	15007	strict
86	15008	strict
86	15048	strict
86	15053	strict
86	15055	strict
86	15248	strict
86	16554	strict
86	16556	strict
86	16558	strict
86	16559	strict
86	16562	strict
87	3711	equal
87	3712	strict
87	3713	strict
87	3714	strict
87	3715	strict
87	3716	strict
87	3717	strict
87	3718	strict
87	3719	strict
87	3720	strict
87	3721	strict
87	3748	strict
87	3749	strict
87	3750	strict
87	3751	strict
87	3752	strict
87	3753	strict
87	3871	strict
87	3874	strict
87	4003	strict
87	4005	strict
87	4007	strict
87	4012	strict
87	4024	strict
87	4025	strict
87	4026	strict
87	4027	strict
87	8668	strict
87	8724	strict
87	8725	strict
87	8782	strict
87	8808	strict
87	8809	strict
87	8810	strict
87	8996	strict
87	8998	strict
87	8999	strict
87	9000	strict
87	9001	strict
87	9158	strict
87	9159	strict
87	9160	strict
87	9213	strict
87	9218	strict
87	10759	strict
87	10764	strict
87	10768	strict
87	10781	strict
87	10782	strict
87	10783	strict
87	10892	strict
87	13299	strict
87	13300	strict
87	15455	strict
87	15463	strict
87	15464	strict
87	15465	strict
87	15466	strict
87	15470	strict
87	15471	strict
87	15472	strict
87	16057	strict
87	16062	strict
87	16064	strict
87	16132	strict
87	16509	strict
87	16511	strict
87	16513	strict
87	16514	strict
87	16517	strict
88	3723	equal
88	3724	strict
88	3725	strict
88	3726	strict
88	3727	strict
88	3728	strict
88	3729	strict
88	3730	strict
88	3731	strict
88	3735	strict
88	3736	strict
88	3737	strict
88	3738	strict
88	3739	strict
88	3757	strict
88	3758	strict
88	3759	strict
88	3834	strict
88	3835	strict
88	3836	strict
88	3876	strict
88	3879	strict
88	3880	strict
88	4031	strict
88	4101	strict
88	4104	strict
88	4113	strict
88	4114	strict
88	4115	strict
88	4124	strict
88	8771	strict
88	8772	strict
88	8773	strict
88	8774	strict
88	8776	strict
88	8777	strict
88	8779	strict
88	8780	strict
88	8781	strict
88	9002	strict
88	9007	strict
88	9149	strict
88	9198	strict
88	9201	strict
88	9203	strict
88	9205	strict
88	9312	strict
88	10836	strict
88	10838	strict
88	10840	strict
88	10841	strict
88	10856	strict
88	10873	strict
88	10875	strict
88	10876	strict
88	12376	strict
88	12377	strict
88	12380	strict
88	12388	strict
88	12390	strict
88	15012	strict
88	15013	strict
88	15019	strict
88	15023	strict
88	15030	strict
88	15037	strict
88	15040	strict
88	15041	strict
88	15055	strict
88	15250	strict
88	16558	strict
88	16560	strict
88	16561	strict
88	16562	strict
89	3740	equal
89	3741	strict
89	3742	strict
89	3743	strict
89	3744	strict
89	3745	strict
89	3746	strict
89	3747	strict
89	3748	strict
89	3752	strict
89	3753	strict
89	3754	strict
89	3755	strict
89	3756	strict
89	3757	strict
89	3758	strict
89	3759	strict
89	3877	strict
89	3880	strict
89	4082	strict
89	4084	strict
89	4086	strict
89	4087	strict
89	4101	strict
89	4112	strict
89	4114	strict
89	4115	strict
89	8669	strict
89	8670	strict
89	8671	strict
89	8783	strict
89	8784	strict
89	8785	strict
89	8786	strict
89	8788	strict
89	8789	strict
89	8791	strict
89	8792	strict
89	8793	strict
89	8798	strict
89	8880	strict
89	8881	strict
89	8884	strict
89	8889	strict
89	8891	strict
89	9005	strict
89	9006	strict
89	9007	strict
89	9211	strict
89	9214	strict
89	9216	strict
89	9218	strict
89	10854	strict
89	10856	strict
89	10859	strict
89	10874	strict
89	10875	strict
89	10876	strict
89	10879	strict
89	12486	strict
89	16021	strict
89	16022	strict
89	16028	strict
89	16032	strict
89	16040	strict
89	16041	strict
89	16049	strict
89	16050	strict
89	16064	strict
89	16134	strict
89	16513	strict
89	16515	strict
89	16516	strict
89	16517	strict
90	3775	equal
90	3776	strict
90	3777	strict
90	3778	strict
90	3779	strict
90	3780	strict
90	3781	strict
90	3782	strict
90	3791	strict
90	3792	strict
90	3793	strict
90	3795	strict
90	3902	strict
90	3924	strict
90	3926	strict
90	3927	strict
90	3928	strict
90	3929	strict
90	3930	strict
90	3931	strict
90	3932	strict
90	3933	strict
90	3934	strict
90	3936	strict
90	3937	strict
90	3938	strict
90	3939	strict
90	3940	strict
90	3942	strict
90	3990	strict
90	8679	strict
90	8680	strict
90	8817	strict
90	9010	strict
90	9017	strict
90	9032	strict
90	9033	strict
90	9037	strict
90	9247	strict
90	9254	strict
90	11167	strict
90	11170	strict
90	11174	strict
90	11178	strict
90	11192	strict
90	11193	strict
90	11194	strict
90	11195	strict
90	11381	strict
90	11382	strict
90	11383	strict
90	11437	strict
90	11438	strict
90	15092	strict
90	15102	strict
90	15103	strict
90	15107	strict
90	15108	strict
90	15109	strict
90	15110	strict
90	15111	strict
90	15435	strict
90	15440	strict
90	15442	strict
90	15511	strict
90	16572	strict
90	16573	strict
90	16576	strict
90	16577	strict
90	16580	strict
91	3783	equal
91	3784	strict
91	3785	strict
91	3786	strict
91	3787	strict
91	3788	strict
91	3789	strict
91	3790	strict
91	3791	strict
91	3792	strict
91	3793	strict
91	3797	strict
91	3904	strict
91	3969	strict
91	3971	strict
91	3972	strict
91	3973	strict
91	3974	strict
91	3975	strict
91	3976	strict
91	3977	strict
91	3979	strict
91	3980	strict
91	3981	strict
91	3982	strict
91	3983	strict
91	3984	strict
91	3985	strict
91	3987	strict
91	3989	strict
91	8672	strict
91	8681	strict
91	8682	strict
91	8683	strict
91	8690	strict
91	8691	strict
91	8692	strict
91	8693	strict
91	8818	strict
91	9012	strict
91	9014	strict
91	9015	strict
91	9016	strict
91	9017	strict
91	9034	strict
91	9265	strict
91	9269	strict
91	11170	strict
91	11179	strict
91	11186	strict
91	11193	strict
91	11195	strict
91	11197	strict
91	11386	strict
91	11448	strict
91	11449	strict
91	13200	strict
91	15163	strict
91	15177	strict
91	15178	strict
91	15179	strict
91	15180	strict
91	15184	strict
91	15185	strict
91	15186	strict
91	16385	strict
91	16390	strict
91	16392	strict
91	16404	strict
91	16527	strict
91	16529	strict
91	16531	strict
91	16532	strict
91	16535	strict
92	3799	equal
92	3800	strict
92	3801	strict
92	3802	strict
92	3803	strict
92	3804	strict
92	3805	strict
92	3806	strict
92	3815	strict
92	3816	strict
92	3817	strict
92	3820	strict
92	3993	strict
92	4009	strict
92	4021	strict
92	4022	strict
92	4023	strict
92	4024	strict
92	4025	strict
92	4026	strict
92	4027	strict
92	4090	strict
92	4091	strict
92	4092	strict
92	4093	strict
92	4094	strict
92	4099	strict
92	4142	strict
92	4143	strict
92	4144	strict
92	4145	strict
92	5992	strict
92	8673	strict
92	8674	strict
92	8846	strict
92	9018	strict
92	9020	strict
92	9021	strict
92	9022	strict
92	9023	strict
92	9031	strict
92	9302	strict
92	9305	strict
92	11312	strict
92	11313	strict
92	11314	strict
92	11337	strict
92	11349	strict
92	11356	strict
92	11357	strict
92	11358	strict
92	11359	strict
92	11360	strict
92	15121	strict
92	15133	strict
92	15135	strict
92	15136	strict
92	15137	strict
92	15141	strict
92	15142	strict
92	15143	strict
92	15144	strict
92	16205	strict
92	16211	strict
92	16212	strict
92	16213	strict
92	16581	strict
92	16585	strict
92	16586	strict
92	16589	strict
93	3807	equal
93	3808	strict
93	3809	strict
93	3810	strict
93	3811	strict
93	3812	strict
93	3813	strict
93	3814	strict
93	3815	strict
93	3816	strict
93	3817	strict
93	3821	strict
93	3994	strict
93	4013	strict
93	4014	strict
93	4015	strict
93	4016	strict
93	4017	strict
93	4020	strict
93	4021	strict
93	4023	strict
93	4025	strict
93	4027	strict
93	4129	strict
93	4130	strict
93	4131	strict
93	4132	strict
93	4133	strict
93	4135	strict
93	4136	strict
93	4138	strict
93	4139	strict
93	4140	strict
93	4141	strict
93	5996	strict
93	8675	strict
93	8676	strict
93	8847	strict
93	9019	strict
93	9025	strict
93	9026	strict
93	9027	strict
93	9028	strict
93	9030	strict
93	9321	strict
93	9324	strict
93	11315	strict
93	11316	strict
93	11317	strict
93	11339	strict
93	11363	strict
93	11371	strict
93	11372	strict
93	11373	strict
93	11374	strict
93	11375	strict
93	13302	strict
93	15123	strict
93	15147	strict
93	15150	strict
93	15151	strict
93	15152	strict
93	15156	strict
93	15157	strict
93	15158	strict
93	15159	strict
93	16465	strict
93	16471	strict
93	16472	strict
93	16473	strict
93	16563	strict
93	16567	strict
93	16568	strict
93	16571	strict
94	3822	equal
94	3823	strict
94	3824	strict
94	3825	strict
94	3826	strict
94	3827	strict
94	3828	strict
94	3830	strict
94	4031	strict
94	4096	strict
94	4097	strict
94	4098	strict
94	4103	strict
94	4107	strict
94	4108	strict
94	4109	strict
94	4110	strict
94	4111	strict
94	4112	strict
94	4113	strict
94	4115	strict
94	4116	strict
94	4117	strict
94	4118	strict
94	4119	strict
94	4120	strict
94	4121	strict
94	4122	strict
94	4125	strict
94	4136	strict
94	4138	strict
94	4140	strict
94	4141	strict
94	6042	strict
94	8684	strict
94	8685	strict
94	8686	strict
94	8687	strict
94	8689	strict
94	8690	strict
94	8692	strict
94	8693	strict
94	8848	strict
94	9035	strict
94	9036	strict
94	9038	strict
94	9039	strict
94	9040	strict
94	9313	strict
94	9326	strict
94	11440	strict
94	11441	strict
94	11442	strict
94	11443	strict
94	11445	strict
94	11447	strict
94	11449	strict
94	11458	strict
94	11469	strict
94	11477	strict
94	11479	strict
94	11480	strict
94	15164	strict
94	15176	strict
94	15179	strict
94	15180	strict
94	15184	strict
94	15186	strict
94	16290	strict
94	16296	strict
94	16563	strict
94	16565	strict
94	16567	strict
94	16568	strict
94	16571	strict
95	3908	equal
95	3909	strict
95	3910	strict
95	3911	strict
95	3912	strict
95	3913	strict
95	3914	strict
95	3915	strict
95	3916	strict
95	3917	strict
95	3919	strict
95	3921	strict
95	3923	strict
95	3926	strict
95	3931	strict
95	3932	strict
95	3933	strict
95	3935	strict
95	3936	strict
95	3937	strict
95	3942	strict
95	3944	strict
95	3945	strict
95	3946	strict
95	3955	strict
95	3956	strict
95	3957	strict
95	8825	strict
95	8826	strict
95	8827	strict
95	8829	strict
95	8830	strict
95	8832	strict
95	8833	strict
95	9225	strict
95	9230	strict
95	9237	strict
95	9238	strict
95	9248	strict
95	9249	strict
95	9251	strict
95	9254	strict
95	9280	strict
95	9291	strict
95	13153	strict
95	13155	strict
95	13157	strict
95	13158	strict
95	13161	strict
95	13179	strict
95	13181	strict
95	13182	strict
95	13486	strict
95	13487	strict
95	13490	strict
95	13494	strict
95	13495	strict
95	15398	strict
95	15399	strict
95	15409	strict
95	15417	strict
95	15425	strict
95	15427	strict
95	15428	strict
95	15442	strict
95	15513	strict
95	16577	strict
95	16578	strict
95	16579	strict
95	16580	strict
96	3947	equal
96	3948	strict
96	3949	strict
96	3950	strict
96	3951	strict
96	3952	strict
96	3953	strict
96	3954	strict
96	3955	strict
96	3956	strict
96	3957	strict
96	3958	strict
96	3959	strict
96	3960	strict
96	3961	strict
96	3963	strict
96	3965	strict
96	3966	strict
96	3968	strict
96	3971	strict
96	3974	strict
96	3975	strict
96	3976	strict
96	3978	strict
96	3979	strict
96	3980	strict
96	3987	strict
96	8800	strict
96	8801	strict
96	8802	strict
96	8834	strict
96	8835	strict
96	8836	strict
96	8838	strict
96	8839	strict
96	8841	strict
96	8842	strict
96	8843	strict
96	8844	strict
96	8856	strict
96	8857	strict
96	8858	strict
96	8859	strict
96	8876	strict
96	8877	strict
96	9227	strict
96	9229	strict
96	9230	strict
96	9257	strict
96	9259	strict
96	9266	strict
96	9269	strict
96	13161	strict
96	13164	strict
96	13166	strict
96	13180	strict
96	13181	strict
96	13182	strict
96	13185	strict
96	13543	strict
96	13548	strict
96	15670	strict
96	15671	strict
96	15828	strict
96	16005	strict
96	16006	strict
96	16014	strict
96	16015	strict
96	16392	strict
96	16406	strict
96	16531	strict
96	16533	strict
96	16534	strict
96	16535	strict
97	3995	equal
97	3996	strict
97	3997	strict
97	3998	strict
97	3999	strict
97	4000	strict
97	4001	strict
97	4002	strict
97	4003	strict
97	4004	strict
97	4006	strict
97	4007	strict
97	4011	strict
97	4022	strict
97	4023	strict
97	4024	strict
97	4025	strict
97	4026	strict
97	4027	strict
97	4029	strict
97	4048	strict
97	4049	strict
97	4050	strict
97	4051	strict
97	4052	strict
97	4053	strict
97	4073	strict
97	4074	strict
97	4075	strict
97	4079	strict
97	4142	strict
97	4144	strict
97	4145	strict
97	6478	strict
97	8803	strict
97	8804	strict
97	8805	strict
97	8806	strict
97	8808	strict
97	8810	strict
97	8849	strict
97	9231	strict
97	9232	strict
97	9233	strict
97	9234	strict
97	9292	strict
97	9329	strict
97	13292	strict
97	13293	strict
97	13294	strict
97	13295	strict
97	13297	strict
97	13300	strict
97	13309	strict
97	13313	strict
97	13326	strict
97	13328	strict
97	13329	strict
97	15453	strict
97	15456	strict
97	15465	strict
97	15466	strict
97	15470	strict
97	15472	strict
97	15751	strict
97	16581	strict
97	16583	strict
97	16585	strict
97	16586	strict
97	16589	strict
98	4033	equal
98	4034	strict
98	4035	strict
98	4036	strict
98	4037	strict
98	4038	strict
98	4039	strict
98	4054	strict
98	4056	strict
98	4057	strict
98	4058	strict
98	4059	strict
98	4064	strict
98	4066	strict
98	4069	strict
98	4070	strict
98	4072	strict
98	4076	strict
98	4086	strict
98	4088	strict
98	4095	strict
98	4107	strict
98	4110	strict
98	4111	strict
98	4112	strict
98	4114	strict
98	4115	strict
98	4116	strict
98	4122	strict
98	4127	strict
98	4141	strict
98	6584	strict
98	8850	strict
98	8851	strict
98	8852	strict
98	8853	strict
98	8855	strict
98	8856	strict
98	8858	strict
98	8859	strict
98	8862	strict
98	8870	strict
98	8874	strict
98	8877	strict
98	8878	strict
98	8888	strict
98	8890	strict
98	9278	strict
98	9279	strict
98	9282	strict
98	9288	strict
98	9313	strict
98	9327	strict
98	15662	strict
98	15663	strict
98	15664	strict
98	15665	strict
98	15667	strict
98	15669	strict
98	15671	strict
98	15687	strict
98	15688	strict
98	15707	strict
98	15708	strict
98	15709	strict
98	15711	strict
98	15826	strict
98	15843	strict
98	16006	strict
98	16014	strict
98	16015	strict
98	16567	strict
98	16569	strict
98	16570	strict
98	16571	strict
99	4040	equal
99	4041	strict
99	4042	strict
99	4043	strict
99	4044	strict
99	4045	strict
99	4046	strict
99	4047	strict
99	4048	strict
99	4052	strict
99	4053	strict
99	4060	strict
99	4061	strict
99	4062	strict
99	4064	strict
99	4065	strict
99	4067	strict
99	4068	strict
99	4069	strict
99	4070	strict
99	4078	strict
99	4081	strict
99	4082	strict
99	4083	strict
99	4086	strict
99	4100	strict
99	4101	strict
99	4105	strict
99	4111	strict
99	4112	strict
99	4114	strict
99	4115	strict
99	4134	strict
99	4145	strict
99	6585	strict
99	8860	strict
99	8861	strict
99	8863	strict
99	8864	strict
99	8865	strict
99	8872	strict
99	8875	strict
99	8880	strict
99	8882	strict
99	8884	strict
99	8885	strict
99	8889	strict
99	8893	strict
99	9281	strict
99	9283	strict
99	9290	strict
99	9292	strict
99	9330	strict
99	15673	strict
99	15674	strict
99	15675	strict
99	15690	strict
99	15691	strict
99	15715	strict
99	15718	strict
99	15734	strict
99	15735	strict
99	15736	strict
99	15738	strict
99	15830	strict
99	15852	strict
99	16022	strict
99	16041	strict
99	16049	strict
99	16050	strict
99	16585	strict
99	16587	strict
99	16588	strict
99	16589	strict
100	4156	equal
100	4157	strict
100	4160	strict
100	4162	strict
100	4163	strict
100	4166	strict
100	4167	strict
100	4168	strict
100	4169	strict
100	4173	strict
100	4174	strict
100	4395	strict
100	4433	strict
100	4434	strict
100	4564	strict
100	4573	strict
100	4575	strict
100	4600	strict
100	4608	strict
100	4613	strict
100	4615	strict
100	4616	strict
100	4618	strict
100	4619	strict
100	4622	strict
100	4631	strict
100	4673	strict
100	4783	strict
100	4815	strict
100	4819	strict
100	4820	strict
100	4821	strict
100	4822	strict
100	5002	strict
100	5985	strict
100	5989	strict
100	5992	strict
100	8894	strict
100	8970	strict
100	9024	strict
100	9047	strict
100	9049	strict
100	9050	strict
100	9053	strict
100	9057	strict
100	9442	strict
100	9505	strict
100	9511	strict
100	11332	strict
100	11334	strict
100	11349	strict
100	11359	strict
100	11549	strict
100	11553	strict
100	11555	strict
100	11557	strict
100	11558	strict
100	11559	strict
100	11567	strict
100	12037	strict
100	12148	strict
100	15217	strict
100	16135	strict
100	16139	strict
100	16161	strict
100	16423	strict
100	16424	strict
100	16434	strict
100	16435	strict
100	16438	strict
101	4158	equal
101	4159	strict
101	4161	strict
101	4164	strict
101	4165	strict
101	4166	strict
101	4170	strict
101	4171	strict
101	4172	strict
101	4173	strict
101	4174	strict
101	4396	strict
101	4435	strict
101	4436	strict
101	4553	strict
101	4557	strict
101	4566	strict
101	4575	strict
101	4601	strict
101	4602	strict
101	4603	strict
101	4605	strict
101	4606	strict
101	4612	strict
101	4614	strict
101	4624	strict
101	4640	strict
101	4675	strict
101	4779	strict
101	4780	strict
101	4781	strict
101	4783	strict
101	4816	strict
101	4818	strict
101	4820	strict
101	4822	strict
101	5003	strict
101	5986	strict
101	5988	strict
101	5996	strict
101	8895	strict
101	8971	strict
101	9029	strict
101	9048	strict
101	9051	strict
101	9052	strict
101	9054	strict
101	9055	strict
101	9443	strict
101	9506	strict
101	9512	strict
101	11333	strict
101	11335	strict
101	11339	strict
101	11374	strict
101	11550	strict
101	11551	strict
101	11552	strict
101	11561	strict
101	11563	strict
101	11564	strict
101	11568	strict
101	12038	strict
101	12149	strict
101	12565	strict
101	15208	strict
101	16137	strict
101	16140	strict
101	16163	strict
101	16164	strict
101	16174	strict
101	16175	strict
101	16178	strict
101	16421	strict
102	4176	equal
102	4177	strict
102	4178	strict
102	4182	strict
102	4183	strict
102	4184	strict
102	4185	strict
102	4189	strict
102	4190	strict
102	4193	strict
102	4194	strict
102	4408	strict
102	4445	strict
102	4476	strict
102	4554	strict
102	4559	strict
102	4567	strict
102	4581	strict
102	4582	strict
102	4654	strict
102	4784	strict
102	4785	strict
102	4786	strict
102	4787	strict
102	4795	strict
102	4862	strict
102	4865	strict
102	4868	strict
102	4870	strict
102	4873	strict
102	4874	strict
102	4877	strict
102	5009	strict
102	5625	strict
102	5628	strict
102	8900	strict
102	8901	strict
102	8902	strict
102	8909	strict
102	8965	strict
102	9016	strict
102	9073	strict
102	9446	strict
102	9679	strict
102	9681	strict
102	9711	strict
102	9712	strict
102	9714	strict
102	9715	strict
102	11176	strict
102	11178	strict
102	11179	strict
102	11186	strict
102	11195	strict
102	11455	strict
102	11616	strict
102	11618	strict
102	11619	strict
102	11620	strict
102	11624	strict
102	12039	strict
102	12581	strict
102	12685	strict
102	12686	strict
102	12687	strict
102	15229	strict
102	16275	strict
102	16279	strict
102	16280	strict
102	16283	strict
103	4179	equal
103	4180	strict
103	4181	strict
103	4182	strict
103	4186	strict
103	4187	strict
103	4188	strict
103	4189	strict
103	4190	strict
103	4195	strict
103	4196	strict
103	4417	strict
103	4446	strict
103	4477	strict
103	4478	strict
103	4489	strict
103	4493	strict
103	4495	strict
103	4500	strict
103	4501	strict
103	4555	strict
103	4560	strict
103	4568	strict
103	4586	strict
103	4587	strict
103	4655	strict
103	4789	strict
103	4790	strict
103	4791	strict
103	4792	strict
103	4793	strict
103	4878	strict
103	4881	strict
103	4884	strict
103	4887	strict
103	4889	strict
103	4892	strict
103	4893	strict
103	5012	strict
103	5626	strict
103	5630	strict
103	5768	strict
103	6040	strict
103	6042	strict
103	8910	strict
103	8918	strict
103	8967	strict
103	9040	strict
103	9072	strict
103	9073	strict
103	9075	strict
103	9076	strict
103	9447	strict
103	9550	strict
103	9681	strict
103	9716	strict
103	11457	strict
103	11458	strict
103	11479	strict
103	11618	strict
103	11622	strict
103	11623	strict
103	11624	strict
103	12041	strict
103	12174	strict
103	12582	strict
103	12688	strict
103	12689	strict
103	12690	strict
103	12815	strict
103	12953	strict
103	12959	strict
103	12960	strict
103	12963	strict
104	4191	equal
104	4192	strict
104	4197	strict
104	4198	strict
104	4199	strict
104	4200	strict
104	4432	strict
104	4437	strict
104	4438	strict
104	4449	strict
104	4477	strict
104	4489	strict
104	4491	strict
104	4493	strict
104	4496	strict
104	4502	strict
104	4556	strict
104	4557	strict
104	4558	strict
104	4561	strict
104	4569	strict
104	4591	strict
104	4592	strict
104	4596	strict
104	4599	strict
104	4604	strict
104	4605	strict
104	4606	strict
104	4607	strict
104	4617	strict
104	4640	strict
104	4643	strict
104	4679	strict
104	4796	strict
104	4797	strict
104	4798	strict
104	4898	strict
104	4902	strict
104	4904	strict
104	4907	strict
104	4908	strict
104	5015	strict
104	5988	strict
104	5996	strict
104	8896	strict
104	8906	strict
104	8977	strict
104	9028	strict
104	9074	strict
104	9077	strict
104	9078	strict
104	9453	strict
104	9514	strict
104	9517	strict
104	9550	strict
104	9665	strict
104	9672	strict
104	9685	strict
104	11338	strict
104	11339	strict
104	11374	strict
104	11635	strict
104	11636	strict
104	11638	strict
104	11639	strict
104	11646	strict
104	12046	strict
104	12197	strict
104	12601	strict
104	12814	strict
104	12953	strict
104	12954	strict
104	12959	strict
104	12960	strict
104	12963	strict
105	4206	equal
105	4207	strict
105	4208	strict
105	4212	strict
105	4213	strict
105	4214	strict
105	4215	strict
105	4219	strict
105	4220	strict
105	4221	strict
105	4222	strict
105	4376	strict
105	4450	strict
105	4453	strict
105	4456	strict
105	4462	strict
105	4463	strict
105	4509	strict
105	4527	strict
105	4645	strict
105	4805	strict
105	4807	strict
105	4808	strict
105	4809	strict
105	4810	strict
105	4813	strict
105	4816	strict
105	4818	strict
105	4821	strict
105	4822	strict
105	4827	strict
105	4896	strict
105	4948	strict
105	5273	strict
105	5276	strict
105	8927	strict
105	8934	strict
105	8936	strict
105	8937	strict
105	9000	strict
105	9042	strict
105	9103	strict
105	9457	strict
105	9794	strict
105	9827	strict
105	9828	strict
105	9829	strict
105	10762	strict
105	10764	strict
105	10767	strict
105	10768	strict
105	10782	strict
105	11041	strict
105	11766	strict
105	11768	strict
105	11849	strict
105	11850	strict
105	11851	strict
105	11853	strict
105	11857	strict
105	12067	strict
105	12616	strict
105	12617	strict
105	12620	strict
105	13306	strict
105	15488	strict
105	15649	strict
105	15653	strict
105	15654	strict
105	15657	strict
106	4209	equal
106	4210	strict
106	4211	strict
106	4212	strict
106	4216	strict
106	4217	strict
106	4218	strict
106	4219	strict
106	4220	strict
106	4223	strict
106	4224	strict
106	4384	strict
106	4451	strict
106	4454	strict
106	4457	strict
106	4467	strict
106	4468	strict
106	4510	strict
106	4528	strict
106	4646	strict
106	4647	strict
106	4808	strict
106	4812	strict
106	4813	strict
106	4817	strict
106	4819	strict
106	4820	strict
106	4821	strict
106	4822	strict
106	4826	strict
106	4947	strict
106	4976	strict
106	4982	strict
106	5017	strict
106	5274	strict
106	5278	strict
106	5498	strict
106	6476	strict
106	6478	strict
106	8929	strict
106	8935	strict
106	8938	strict
106	8939	strict
106	9043	strict
106	9102	strict
106	9103	strict
106	9104	strict
106	9105	strict
106	9234	strict
106	9458	strict
106	9797	strict
106	9830	strict
106	9831	strict
106	9832	strict
106	9928	strict
106	10174	strict
106	10256	strict
106	10262	strict
106	10263	strict
106	10266	strict
106	11768	strict
106	11853	strict
106	11855	strict
106	11856	strict
106	11857	strict
106	12069	strict
106	12123	strict
106	13312	strict
106	13313	strict
106	13328	strict
107	4225	equal
107	4226	strict
107	4227	strict
107	4228	strict
107	4229	strict
107	4230	strict
107	4402	strict
107	4439	strict
107	4440	strict
107	4452	strict
107	4455	strict
107	4458	strict
107	4472	strict
107	4473	strict
107	4572	strict
107	4573	strict
107	4574	strict
107	4575	strict
107	4576	strict
107	4618	strict
107	4619	strict
107	4620	strict
107	4621	strict
107	4625	strict
107	4631	strict
107	4642	strict
107	4646	strict
107	4687	strict
107	4811	strict
107	4812	strict
107	4813	strict
107	4819	strict
107	4820	strict
107	4821	strict
107	4822	strict
107	4823	strict
107	4976	strict
107	4983	strict
107	5000	strict
107	5018	strict
107	5989	strict
107	5992	strict
107	8897	strict
107	8979	strict
107	9023	strict
107	9106	strict
107	9107	strict
107	9108	strict
107	9465	strict
107	9519	strict
107	9522	strict
107	9928	strict
107	10173	strict
107	10256	strict
107	10257	strict
107	10262	strict
107	10263	strict
107	10266	strict
107	11348	strict
107	11349	strict
107	11359	strict
107	11484	strict
107	11772	strict
107	11870	strict
107	11871	strict
107	11873	strict
107	11874	strict
107	11879	strict
107	12074	strict
107	12158	strict
108	4238	equal
108	4239	strict
108	4242	strict
108	4244	strict
108	4245	strict
108	4248	strict
108	4249	strict
108	4250	strict
108	4251	strict
108	4255	strict
108	4256	strict
108	4271	strict
108	4304	strict
108	4311	strict
108	4313	strict
108	4328	strict
108	4336	strict
108	4341	strict
108	4343	strict
108	4344	strict
108	4346	strict
108	4347	strict
108	4350	strict
108	4359	strict
108	4513	strict
108	4514	strict
108	4688	strict
108	4839	strict
108	4867	strict
108	4871	strict
108	4872	strict
108	4873	strict
108	4874	strict
108	4956	strict
108	5250	strict
108	8920	strict
108	8980	strict
108	8984	strict
108	8985	strict
108	8986	strict
108	8990	strict
108	9059	strict
108	9121	strict
108	9469	strict
108	9761	strict
108	10700	strict
108	10704	strict
108	10718	strict
108	10720	strict
108	10721	strict
108	10723	strict
108	10724	strict
108	12075	strict
108	12079	strict
108	12082	strict
108	12087	strict
108	12089	strict
108	12098	strict
108	12105	strict
108	15516	strict
108	15522	strict
108	15537	strict
108	15569	strict
108	15571	strict
108	15587	strict
108	15595	strict
108	15597	strict
108	15599	strict
108	15676	strict
108	15680	strict
109	4240	equal
109	4241	strict
109	4243	strict
109	4246	strict
109	4247	strict
109	4248	strict
109	4252	strict
109	4253	strict
109	4254	strict
109	4255	strict
109	4256	strict
109	4272	strict
109	4297	strict
109	4299	strict
109	4306	strict
109	4313	strict
109	4329	strict
109	4330	strict
109	4331	strict
109	4333	strict
109	4334	strict
109	4340	strict
109	4342	strict
109	4352	strict
109	4368	strict
109	4515	strict
109	4516	strict
109	4690	strict
109	4830	strict
109	4837	strict
109	4839	strict
109	4854	strict
109	4868	strict
109	4870	strict
109	4872	strict
109	4874	strict
109	4957	strict
109	5251	strict
109	8921	strict
109	8981	strict
109	8982	strict
109	8983	strict
109	8987	strict
109	8991	strict
109	9060	strict
109	9126	strict
109	9470	strict
109	9762	strict
109	10701	strict
109	10702	strict
109	10703	strict
109	10738	strict
109	10740	strict
109	10741	strict
109	10743	strict
109	11054	strict
109	12076	strict
109	12078	strict
109	12086	strict
109	12088	strict
109	12090	strict
109	12094	strict
109	12114	strict
109	15518	strict
109	15524	strict
109	15526	strict
109	15530	strict
109	15538	strict
109	15553	strict
109	15561	strict
109	15563	strict
109	15565	strict
109	15677	strict
109	15681	strict
110	4257	equal
110	4258	strict
110	4259	strict
110	4260	strict
110	4261	strict
110	4262	strict
110	4286	strict
110	4287	strict
110	4298	strict
110	4299	strict
110	4300	strict
110	4301	strict
110	4307	strict
110	4319	strict
110	4320	strict
110	4324	strict
110	4327	strict
110	4332	strict
110	4333	strict
110	4334	strict
110	4335	strict
110	4345	strict
110	4368	strict
110	4371	strict
110	4517	strict
110	4518	strict
110	4529	strict
110	4533	strict
110	4537	strict
110	4539	strict
110	4543	strict
110	4547	strict
110	4698	strict
110	4831	strict
110	4840	strict
110	4843	strict
110	4855	strict
110	4887	strict
110	4889	strict
110	4891	strict
110	4893	strict
110	4963	strict
110	5252	strict
110	5266	strict
110	5292	strict
110	8922	strict
110	8940	strict
110	9004	strict
110	9005	strict
110	9007	strict
110	9066	strict
110	9125	strict
110	9471	strict
110	9763	strict
110	9771	strict
110	9792	strict
110	10854	strict
110	10873	strict
110	10875	strict
110	10876	strict
110	10879	strict
110	11055	strict
110	12078	strict
110	12086	strict
110	12093	strict
110	12094	strict
110	12114	strict
110	12838	strict
110	12840	strict
110	12856	strict
110	12864	strict
110	12866	strict
110	12868	strict
110	15679	strict
110	15683	strict
111	4264	equal
111	4265	strict
111	4266	strict
111	4267	strict
111	4268	strict
111	4269	strict
111	4278	strict
111	4288	strict
111	4289	strict
111	4290	strict
111	4294	strict
111	4295	strict
111	4310	strict
111	4311	strict
111	4312	strict
111	4313	strict
111	4314	strict
111	4346	strict
111	4347	strict
111	4348	strict
111	4349	strict
111	4353	strict
111	4359	strict
111	4370	strict
111	4519	strict
111	4520	strict
111	4656	strict
111	4710	strict
111	4761	strict
111	4841	strict
111	4863	strict
111	4864	strict
111	4865	strict
111	4871	strict
111	4872	strict
111	4873	strict
111	4874	strict
111	4954	strict
111	5024	strict
111	5028	strict
111	5253	strict
111	5448	strict
111	6177	strict
111	8923	strict
111	9068	strict
111	9120	strict
111	9228	strict
111	9229	strict
111	9230	strict
111	9472	strict
111	9764	strict
111	9936	strict
111	10175	strict
111	10177	strict
111	10198	strict
111	10201	strict
111	10203	strict
111	10205	strict
111	12079	strict
111	12082	strict
111	12097	strict
111	12098	strict
111	12105	strict
111	13166	strict
111	13179	strict
111	13181	strict
111	13182	strict
111	13185	strict
111	15686	strict
111	15692	strict
112	4273	equal
112	4274	strict
112	4275	strict
112	4276	strict
112	4277	strict
112	4278	strict
112	4279	strict
112	4291	strict
112	4292	strict
112	4293	strict
112	4294	strict
112	4295	strict
112	4315	strict
112	4321	strict
112	4325	strict
112	4326	strict
112	4327	strict
112	4354	strict
112	4355	strict
112	4356	strict
112	4357	strict
112	4359	strict
112	4360	strict
112	4361	strict
112	4369	strict
112	4521	strict
112	4522	strict
112	4658	strict
112	4712	strict
112	4714	strict
112	4746	strict
112	4762	strict
112	4844	strict
112	4879	strict
112	4880	strict
112	4881	strict
112	4890	strict
112	4891	strict
112	4892	strict
112	4893	strict
112	4959	strict
112	4978	strict
112	4988	strict
112	5026	strict
112	5029	strict
112	5066	strict
112	5092	strict
112	5254	strict
112	5449	strict
112	6178	strict
112	6300	strict
112	6584	strict
112	8924	strict
112	9069	strict
112	9119	strict
112	9120	strict
112	9282	strict
112	9473	strict
112	9765	strict
112	9937	strict
112	10038	strict
112	10039	strict
112	10041	strict
112	10043	strict
112	12082	strict
112	12101	strict
112	12103	strict
112	12104	strict
112	12105	strict
112	15687	strict
112	15704	strict
112	15708	strict
112	15709	strict
112	15711	strict
113	4280	equal
113	4281	strict
113	4282	strict
113	4283	strict
113	4284	strict
113	4285	strict
113	4286	strict
113	4296	strict
113	4316	strict
113	4317	strict
113	4318	strict
113	4319	strict
113	4320	strict
113	4322	strict
113	4325	strict
113	4327	strict
113	4360	strict
113	4362	strict
113	4363	strict
113	4364	strict
113	4365	strict
113	4366	strict
113	4368	strict
113	4369	strict
113	4523	strict
113	4524	strict
113	4531	strict
113	4534	strict
113	4538	strict
113	4540	strict
113	4545	strict
113	4548	strict
113	4704	strict
113	4706	strict
113	4766	strict
113	4843	strict
113	4886	strict
113	4890	strict
113	4891	strict
113	4892	strict
113	4893	strict
113	4962	strict
113	4979	strict
113	4989	strict
113	5048	strict
113	5093	strict
113	5255	strict
113	5267	strict
113	5293	strict
113	5509	strict
113	6585	strict
113	8925	strict
113	8941	strict
113	9070	strict
113	9124	strict
113	9125	strict
113	9283	strict
113	9474	strict
113	9766	strict
113	9772	strict
113	9793	strict
113	10011	strict
113	10012	strict
113	10014	strict
113	10016	strict
113	12086	strict
113	12110	strict
113	12112	strict
113	12113	strict
113	12114	strict
113	15691	strict
113	15731	strict
113	15735	strict
113	15736	strict
113	15738	strict
114	4373	equal
114	4374	strict
114	4375	strict
114	4376	strict
114	4377	strict
114	4378	strict
114	4385	strict
114	4386	strict
114	4387	strict
114	4388	strict
114	4392	strict
114	4393	strict
114	4459	strict
114	4460	strict
114	4461	strict
114	4462	strict
114	4463	strict
114	4511	strict
114	4529	strict
114	4530	strict
114	4533	strict
114	4535	strict
114	4537	strict
114	4541	strict
114	4550	strict
114	4649	strict
114	4828	strict
114	4829	strict
114	4832	strict
114	4846	strict
114	4847	strict
114	4850	strict
114	4853	strict
114	4894	strict
114	4902	strict
114	4904	strict
114	4906	strict
114	4908	strict
114	4951	strict
114	5276	strict
114	8930	strict
114	8942	strict
114	8997	strict
114	8999	strict
114	9000	strict
114	9001	strict
114	9045	strict
114	9131	strict
114	9476	strict
114	9771	strict
114	9795	strict
114	10764	strict
114	10780	strict
114	10781	strict
114	10782	strict
114	11053	strict
114	11774	strict
114	11776	strict
114	11881	strict
114	12115	strict
114	12117	strict
114	12118	strict
114	12119	strict
114	12129	strict
114	12626	strict
114	12627	strict
114	12630	strict
114	12838	strict
114	12855	strict
114	12864	strict
114	12866	strict
114	12868	strict
114	13305	strict
114	13308	strict
115	4379	equal
115	4380	strict
115	4381	strict
115	4382	strict
115	4383	strict
115	4384	strict
115	4385	strict
115	4389	strict
115	4390	strict
115	4391	strict
115	4392	strict
115	4393	strict
115	4464	strict
115	4465	strict
115	4466	strict
115	4467	strict
115	4468	strict
115	4512	strict
115	4531	strict
115	4532	strict
115	4534	strict
115	4536	strict
115	4538	strict
115	4542	strict
115	4552	strict
115	4650	strict
115	4651	strict
115	4704	strict
115	4765	strict
115	4847	strict
115	4849	strict
115	4850	strict
115	4852	strict
115	4901	strict
115	4905	strict
115	4906	strict
115	4907	strict
115	4908	strict
115	4950	strict
115	4977	strict
115	4984	strict
115	4986	strict
115	4990	strict
115	5021	strict
115	5079	strict
115	5278	strict
115	5500	strict
115	6478	strict
115	8931	strict
115	8943	strict
115	9046	strict
115	9130	strict
115	9131	strict
115	9233	strict
115	9234	strict
115	9477	strict
115	9772	strict
115	9798	strict
115	9931	strict
115	10010	strict
115	10012	strict
115	10014	strict
115	10016	strict
115	11776	strict
115	11883	strict
115	12117	strict
115	12124	strict
115	12126	strict
115	12127	strict
115	12129	strict
115	13309	strict
115	13325	strict
115	13326	strict
115	13328	strict
116	4397	equal
116	4398	strict
116	4399	strict
116	4400	strict
116	4401	strict
116	4402	strict
116	4403	strict
116	4441	strict
116	4442	strict
116	4469	strict
116	4470	strict
116	4471	strict
116	4472	strict
116	4473	strict
116	4577	strict
116	4593	strict
116	4597	strict
116	4598	strict
116	4599	strict
116	4626	strict
116	4627	strict
116	4628	strict
116	4629	strict
116	4631	strict
116	4632	strict
116	4633	strict
116	4641	strict
116	4650	strict
116	4704	strict
116	4707	strict
116	4750	strict
116	4763	strict
116	4848	strict
116	4849	strict
116	4850	strict
116	4899	strict
116	4905	strict
116	4906	strict
116	4907	strict
116	4908	strict
116	4973	strict
116	4977	strict
116	4985	strict
116	4987	strict
116	4991	strict
116	5005	strict
116	5022	strict
116	5992	strict
116	8898	strict
116	8989	strict
116	9022	strict
116	9023	strict
116	9132	strict
116	9488	strict
116	9524	strict
116	9527	strict
116	9931	strict
116	10009	strict
116	10012	strict
116	10014	strict
116	10016	strict
116	11355	strict
116	11357	strict
116	11358	strict
116	11359	strict
116	11487	strict
116	11780	strict
116	11887	strict
116	12153	strict
116	12159	strict
116	12161	strict
116	12165	strict
116	12166	strict
116	12168	strict
117	4405	equal
117	4406	strict
117	4407	strict
117	4408	strict
117	4409	strict
117	4410	strict
117	4416	strict
117	4418	strict
117	4419	strict
117	4420	strict
117	4424	strict
117	4425	strict
117	4447	strict
117	4480	strict
117	4578	strict
117	4579	strict
117	4580	strict
117	4581	strict
117	4582	strict
117	4656	strict
117	4657	strict
117	4761	strict
117	4862	strict
117	4864	strict
117	4865	strict
117	4869	strict
117	4871	strict
117	4872	strict
117	4873	strict
117	4874	strict
117	4876	strict
117	4964	strict
117	5008	strict
117	5031	strict
117	5628	strict
117	8903	strict
117	8904	strict
117	8905	strict
117	8912	strict
117	8968	strict
117	9013	strict
117	9015	strict
117	9016	strict
117	9017	strict
117	9135	strict
117	9490	strict
117	9689	strict
117	9691	strict
117	9723	strict
117	9724	strict
117	9727	strict
117	9728	strict
117	9936	strict
117	10175	strict
117	10197	strict
117	10201	strict
117	10203	strict
117	10205	strict
117	11186	strict
117	11193	strict
117	11194	strict
117	11195	strict
117	11466	strict
117	11468	strict
117	11650	strict
117	12171	strict
117	12173	strict
117	12176	strict
117	12177	strict
117	12184	strict
118	4411	equal
118	4412	strict
118	4413	strict
118	4414	strict
118	4415	strict
118	4416	strict
118	4417	strict
118	4421	strict
118	4422	strict
118	4423	strict
118	4424	strict
118	4425	strict
118	4448	strict
118	4481	strict
118	4482	strict
118	4490	strict
118	4494	strict
118	4497	strict
118	4505	strict
118	4506	strict
118	4583	strict
118	4584	strict
118	4585	strict
118	4586	strict
118	4587	strict
118	4658	strict
118	4659	strict
118	4712	strict
118	4762	strict
118	4878	strict
118	4880	strict
118	4881	strict
118	4883	strict
118	4888	strict
118	4890	strict
118	4891	strict
118	4892	strict
118	4893	strict
118	4965	strict
118	4972	strict
118	4975	strict
118	4980	strict
118	4992	strict
118	5011	strict
118	5033	strict
118	5630	strict
118	5770	strict
118	6042	strict
118	8913	strict
118	8919	strict
118	8969	strict
118	9039	strict
118	9040	strict
118	9134	strict
118	9135	strict
118	9491	strict
118	9553	strict
118	9691	strict
118	9729	strict
118	9937	strict
118	10037	strict
118	10039	strict
118	10041	strict
118	10043	strict
118	11469	strict
118	11476	strict
118	11477	strict
118	11479	strict
118	11652	strict
118	12173	strict
118	12175	strict
118	12181	strict
118	12182	strict
118	12184	strict
119	4426	equal
119	4427	strict
119	4428	strict
119	4429	strict
119	4430	strict
119	4431	strict
119	4432	strict
119	4443	strict
119	4444	strict
119	4474	strict
119	4481	strict
119	4490	strict
119	4492	strict
119	4494	strict
119	4498	strict
119	4507	strict
119	4588	strict
119	4589	strict
119	4590	strict
119	4591	strict
119	4592	strict
119	4594	strict
119	4597	strict
119	4599	strict
119	4632	strict
119	4634	strict
119	4635	strict
119	4636	strict
119	4637	strict
119	4638	strict
119	4640	strict
119	4641	strict
119	4712	strict
119	4715	strict
119	4764	strict
119	4898	strict
119	4903	strict
119	4905	strict
119	4906	strict
119	4907	strict
119	4908	strict
119	4974	strict
119	4981	strict
119	4993	strict
119	5014	strict
119	5056	strict
119	5996	strict
119	8899	strict
119	8907	strict
119	8993	strict
119	9027	strict
119	9028	strict
119	9136	strict
119	9499	strict
119	9529	strict
119	9532	strict
119	9553	strict
119	9670	strict
119	9675	strict
119	9695	strict
119	10036	strict
119	10039	strict
119	10041	strict
119	10043	strict
119	11370	strict
119	11372	strict
119	11373	strict
119	11374	strict
119	11656	strict
119	12193	strict
119	12198	strict
119	12201	strict
119	12205	strict
119	12206	strict
119	12208	strict
120	5128	equal
120	5136	strict
120	5142	strict
120	5143	strict
120	5146	strict
120	5150	strict
120	5157	strict
120	5159	strict
120	5172	strict
120	5173	strict
120	5176	strict
120	5177	strict
120	5244	strict
120	5250	strict
120	5519	strict
120	5563	strict
120	5586	strict
120	5587	strict
120	5590	strict
120	5592	strict
120	5593	strict
120	9347	strict
120	9352	strict
120	9357	strict
120	9359	strict
120	9362	strict
120	9382	strict
120	9383	strict
120	9385	strict
120	9386	strict
120	9395	strict
120	9404	strict
120	9405	strict
120	9469	strict
120	9746	strict
120	9752	strict
120	9761	strict
120	9970	strict
120	9988	strict
120	10680	strict
120	10684	strict
120	10696	strict
120	10698	strict
120	10700	strict
120	10704	strict
120	10719	strict
120	10721	strict
120	10723	strict
120	11514	strict
120	11529	strict
120	11534	strict
120	11545	strict
120	11549	strict
120	11553	strict
120	11556	strict
120	11558	strict
120	11927	strict
120	14475	strict
120	14632	strict
120	14642	strict
120	14644	strict
120	14649	strict
120	14675	strict
120	15537	strict
120	15560	strict
120	15587	strict
120	15595	strict
120	15596	strict
120	15598	strict
120	15599	strict
121	5129	equal
121	5137	strict
121	5144	strict
121	5145	strict
121	5146	strict
121	5152	strict
121	5159	strict
121	5174	strict
121	5175	strict
121	5176	strict
121	5177	strict
121	5245	strict
121	5251	strict
121	5521	strict
121	5560	strict
121	5563	strict
121	5589	strict
121	5591	strict
121	5592	strict
121	5593	strict
121	9348	strict
121	9349	strict
121	9351	strict
121	9356	strict
121	9366	strict
121	9373	strict
121	9374	strict
121	9376	strict
121	9377	strict
121	9387	strict
121	9388	strict
121	9396	strict
121	9403	strict
121	9407	strict
121	9470	strict
121	9747	strict
121	9753	strict
121	9762	strict
121	9971	strict
121	9989	strict
121	10681	strict
121	10682	strict
121	10683	strict
121	10694	strict
121	10701	strict
121	10703	strict
121	10739	strict
121	10741	strict
121	10743	strict
121	10906	strict
121	11013	strict
121	11031	strict
121	11516	strict
121	11530	strict
121	11532	strict
121	11535	strict
121	11550	strict
121	11552	strict
121	11562	strict
121	11564	strict
121	11928	strict
121	14476	strict
121	14633	strict
121	14634	strict
121	14635	strict
121	14643	strict
121	14677	strict
121	15538	strict
121	15553	strict
121	15561	strict
121	15562	strict
121	15564	strict
121	15565	strict
121	15594	strict
122	5130	equal
122	5139	strict
122	5147	strict
122	5153	strict
122	5164	strict
122	5168	strict
122	5171	strict
122	5246	strict
122	5252	strict
122	5256	strict
122	5264	strict
122	5279	strict
122	5281	strict
122	5286	strict
122	5288	strict
122	5292	strict
122	5527	strict
122	5561	strict
122	5604	strict
122	5609	strict
122	5610	strict
122	5611	strict
122	6147	strict
122	9343	strict
122	9344	strict
122	9346	strict
122	9350	strict
122	9351	strict
122	9366	strict
122	9374	strict
122	9375	strict
122	9377	strict
122	9378	strict
122	9379	strict
122	9381	strict
122	9389	strict
122	9390	strict
122	9391	strict
122	9406	strict
122	9414	strict
122	9471	strict
122	9748	strict
122	9754	strict
122	9763	strict
122	9771	strict
122	9780	strict
122	9782	strict
122	9824	strict
122	9972	strict
122	10007	strict
122	10835	strict
122	10841	strict
122	10854	strict
122	10874	strict
122	10876	strict
122	10879	strict
122	10907	strict
122	11014	strict
122	11032	strict
122	11512	strict
122	11532	strict
122	11544	strict
122	11552	strict
122	11562	strict
122	11564	strict
122	11930	strict
122	12781	strict
122	12782	strict
122	12783	strict
122	12856	strict
122	12864	strict
122	12865	strict
122	12867	strict
122	12868	strict
122	14478	strict
123	5132	equal
123	5138	strict
123	5156	strict
123	5157	strict
123	5158	strict
123	5159	strict
123	5160	strict
123	5247	strict
123	5253	strict
123	5294	strict
123	5446	strict
123	5518	strict
123	5582	strict
123	5583	strict
123	5584	strict
123	5586	strict
123	5590	strict
123	5592	strict
123	5593	strict
123	6151	strict
123	6171	strict
123	6173	strict
123	6177	strict
123	9339	strict
123	9340	strict
123	9342	strict
123	9357	strict
123	9358	strict
123	9362	strict
123	9367	strict
123	9369	strict
123	9370	strict
123	9372	strict
123	9383	strict
123	9384	strict
123	9392	strict
123	9393	strict
123	9394	strict
123	9408	strict
123	9413	strict
123	9472	strict
123	9749	strict
123	9755	strict
123	9764	strict
123	9936	strict
123	9978	strict
123	10035	strict
123	10121	strict
123	10122	strict
123	10123	strict
123	10198	strict
123	10201	strict
123	10202	strict
123	10204	strict
123	10205	strict
123	11510	strict
123	11545	strict
123	11548	strict
123	11553	strict
123	11556	strict
123	11558	strict
123	11935	strict
123	12674	strict
123	13152	strict
123	13158	strict
123	13166	strict
123	13180	strict
123	13182	strict
123	13185	strict
123	14509	strict
124	5134	equal
124	5140	strict
124	5161	strict
124	5165	strict
124	5169	strict
124	5170	strict
124	5171	strict
124	5178	strict
124	5179	strict
124	5180	strict
124	5183	strict
124	5248	strict
124	5254	strict
124	5295	strict
124	5297	strict
124	5298	strict
124	5447	strict
124	5523	strict
124	5597	strict
124	5598	strict
124	5599	strict
124	5605	strict
124	5608	strict
124	5610	strict
124	5611	strict
124	6045	strict
124	6055	strict
124	6153	strict
124	6172	strict
124	6174	strict
124	6178	strict
124	6299	strict
124	6579	strict
124	6584	strict
124	9337	strict
124	9341	strict
124	9342	strict
124	9362	strict
124	9363	strict
124	9368	strict
124	9369	strict
124	9371	strict
124	9372	strict
124	9397	strict
124	9398	strict
124	9399	strict
124	9409	strict
124	9410	strict
124	9473	strict
124	9750	strict
124	9756	strict
124	9765	strict
124	9937	strict
124	9960	strict
124	9980	strict
124	10038	strict
124	10039	strict
124	10040	strict
124	10042	strict
124	10043	strict
124	10200	strict
124	11507	strict
124	11510	strict
124	11555	strict
124	11556	strict
124	11557	strict
124	11558	strict
124	11565	strict
124	11937	strict
124	12675	strict
124	14543	strict
124	15707	strict
124	15709	strict
124	15711	strict
125	5135	equal
125	5141	strict
125	5162	strict
125	5163	strict
125	5164	strict
125	5166	strict
125	5169	strict
125	5171	strict
125	5180	strict
125	5181	strict
125	5182	strict
125	5183	strict
125	5249	strict
125	5255	strict
125	5257	strict
125	5265	strict
125	5280	strict
125	5282	strict
125	5287	strict
125	5289	strict
125	5293	strict
125	5296	strict
125	5508	strict
125	5525	strict
125	5605	strict
125	5606	strict
125	5608	strict
125	5610	strict
125	5611	strict
125	6046	strict
125	6056	strict
125	6147	strict
125	6179	strict
125	6580	strict
125	6585	strict
125	9338	strict
125	9345	strict
125	9346	strict
125	9364	strict
125	9366	strict
125	9380	strict
125	9381	strict
125	9400	strict
125	9401	strict
125	9402	strict
125	9411	strict
125	9412	strict
125	9474	strict
125	9751	strict
125	9757	strict
125	9766	strict
125	9772	strict
125	9781	strict
125	9783	strict
125	9825	strict
125	9959	strict
125	9979	strict
125	10011	strict
125	10012	strict
125	10013	strict
125	10015	strict
125	10016	strict
125	11508	strict
125	11512	strict
125	11561	strict
125	11562	strict
125	11563	strict
125	11564	strict
125	11566	strict
125	11938	strict
125	12863	strict
125	14550	strict
125	15734	strict
125	15736	strict
125	15738	strict
126	5203	equal
126	5204	strict
126	5210	strict
126	5211	strict
126	5214	strict
126	5259	strict
126	5273	strict
126	5275	strict
126	5276	strict
126	5532	strict
126	5673	strict
126	5674	strict
126	5675	strict
126	5713	strict
126	5719	strict
126	5721	strict
126	5724	strict
126	5725	strict
126	5728	strict
126	6239	strict
126	9556	strict
126	9557	strict
126	9559	strict
126	9565	strict
126	9566	strict
126	9569	strict
126	9573	strict
126	9599	strict
126	9631	strict
126	9632	strict
126	9635	strict
126	9639	strict
126	9640	strict
126	9784	strict
126	9785	strict
126	9786	strict
126	9794	strict
126	9808	strict
126	9817	strict
126	9827	strict
126	9829	strict
126	10252	strict
126	10642	strict
126	10644	strict
126	10648	strict
126	10762	strict
126	10764	strict
126	10768	strict
126	10773	strict
126	10782	strict
126	10965	strict
126	11081	strict
126	11099	strict
126	11493	strict
126	11495	strict
126	11589	strict
126	11616	strict
126	11617	strict
126	11618	strict
126	11620	strict
126	11624	strict
126	11629	strict
126	11784	strict
126	13055	strict
126	14652	strict
126	15649	strict
126	15651	strict
126	15653	strict
126	15654	strict
126	15657	strict
127	5205	equal
127	5206	strict
127	5212	strict
127	5213	strict
127	5214	strict
127	5260	strict
127	5274	strict
127	5277	strict
127	5278	strict
127	5451	strict
127	5530	strict
127	5711	strict
127	5713	strict
127	5720	strict
127	5722	strict
127	5723	strict
127	5724	strict
127	5725	strict
127	5727	strict
127	6043	strict
127	6049	strict
127	6239	strict
127	6258	strict
127	6476	strict
127	6478	strict
127	9555	strict
127	9558	strict
127	9559	strict
127	9567	strict
127	9568	strict
127	9569	strict
127	9577	strict
127	9600	strict
127	9633	strict
127	9634	strict
127	9636	strict
127	9643	strict
127	9644	strict
127	9787	strict
127	9788	strict
127	9789	strict
127	9797	strict
127	9810	strict
127	9818	strict
127	9830	strict
127	9832	strict
127	10126	strict
127	10256	strict
127	10258	strict
127	10262	strict
127	10263	strict
127	10266	strict
127	11495	strict
127	11584	strict
127	11585	strict
127	11586	strict
127	11589	strict
127	11620	strict
127	11622	strict
127	11623	strict
127	11624	strict
127	11630	strict
127	11641	strict
127	11786	strict
127	13059	strict
127	13063	strict
127	13313	strict
127	13318	strict
127	13328	strict
127	15641	strict
128	5208	equal
128	5215	strict
128	5216	strict
128	5219	strict
128	5238	strict
128	5261	strict
128	5271	strict
128	5281	strict
128	5283	strict
128	5286	strict
128	5288	strict
128	5290	strict
128	5292	strict
128	5535	strict
128	5676	strict
128	5716	strict
128	5731	strict
128	5733	strict
128	5738	strict
128	5739	strict
128	5740	strict
128	6241	strict
128	9561	strict
128	9562	strict
128	9564	strict
128	9570	strict
128	9571	strict
128	9572	strict
128	9573	strict
128	9578	strict
128	9602	strict
128	9637	strict
128	9638	strict
128	9639	strict
128	9640	strict
128	9790	strict
128	9796	strict
128	9811	strict
128	9819	strict
128	9829	strict
128	10145	strict
128	10254	strict
128	10643	strict
128	10645	strict
128	10651	strict
128	10835	strict
128	10854	strict
128	10874	strict
128	10876	strict
128	10878	strict
128	10966	strict
128	11082	strict
128	11083	strict
128	11084	strict
128	11098	strict
128	11496	strict
128	11498	strict
128	11591	strict
128	11625	strict
128	11631	strict
128	11634	strict
128	11635	strict
128	11637	strict
128	11639	strict
128	11787	strict
128	13056	strict
128	14636	strict
128	14651	strict
128	14652	strict
128	14694	strict
128	15653	strict
128	15655	strict
128	15656	strict
128	15657	strict
129	5209	equal
129	5217	strict
129	5218	strict
129	5219	strict
129	5239	strict
129	5262	strict
129	5272	strict
129	5282	strict
129	5284	strict
129	5287	strict
129	5289	strict
129	5291	strict
129	5293	strict
129	5299	strict
129	5452	strict
129	5533	strict
129	5714	strict
129	5716	strict
129	5729	strict
129	5734	strict
129	5735	strict
129	5737	strict
129	5739	strict
129	5740	strict
129	6044	strict
129	6047	strict
129	6048	strict
129	6050	strict
129	6241	strict
129	6259	strict
129	6578	strict
129	6580	strict
129	6585	strict
129	9560	strict
129	9563	strict
129	9564	strict
129	9574	strict
129	9575	strict
129	9576	strict
129	9577	strict
129	9578	strict
129	9603	strict
129	9641	strict
129	9642	strict
129	9643	strict
129	9644	strict
129	9791	strict
129	9799	strict
129	9812	strict
129	9820	strict
129	9832	strict
129	10125	strict
129	10126	strict
129	10151	strict
129	10262	strict
129	10264	strict
129	10265	strict
129	10266	strict
129	11498	strict
129	11587	strict
129	11591	strict
129	11627	strict
129	11636	strict
129	11637	strict
129	11638	strict
129	11639	strict
129	11643	strict
129	11789	strict
129	13060	strict
129	13066	strict
129	15646	strict
129	15733	strict
129	15734	strict
129	15736	strict
130	5317	equal
130	5318	strict
130	5321	strict
130	5329	strict
130	5564	strict
130	5568	strict
130	5572	strict
130	5574	strict
130	5575	strict
130	5584	strict
130	5589	strict
130	5590	strict
130	5591	strict
130	5593	strict
130	5595	strict
130	5625	strict
130	5627	strict
130	5628	strict
130	6160	strict
130	6163	strict
130	10270	strict
130	10271	strict
130	10273	strict
130	10274	strict
130	10275	strict
130	10278	strict
130	10279	strict
130	10281	strict
130	10290	strict
130	10319	strict
130	10367	strict
130	10513	strict
130	10515	strict
130	10519	strict
130	10557	strict
130	10559	strict
130	10567	strict
130	10596	strict
130	10602	strict
130	10604	strict
130	10606	strict
130	11015	strict
130	11016	strict
130	11020	strict
130	11025	strict
130	11030	strict
130	11176	strict
130	11179	strict
130	11184	strict
130	11186	strict
130	11195	strict
130	11819	strict
130	11849	strict
130	11851	strict
130	11852	strict
130	11853	strict
130	11857	strict
130	11864	strict
130	12581	strict
130	12658	strict
130	12667	strict
130	12685	strict
130	12687	strict
130	12949	strict
130	14685	strict
130	16275	strict
130	16276	strict
130	16279	strict
130	16280	strict
130	16283	strict
131	5319	equal
131	5320	strict
131	5322	strict
131	5330	strict
131	5333	strict
131	5409	strict
131	5432	strict
131	5434	strict
131	5439	strict
131	5440	strict
131	5565	strict
131	5571	strict
131	5573	strict
131	5599	strict
131	5602	strict
131	5604	strict
131	5608	strict
131	5609	strict
131	5611	strict
131	5626	strict
131	5629	strict
131	5630	strict
131	6040	strict
131	6042	strict
131	6161	strict
131	6166	strict
131	10269	strict
131	10272	strict
131	10273	strict
131	10276	strict
131	10277	strict
131	10278	strict
131	10280	strict
131	10281	strict
131	10295	strict
131	10320	strict
131	10364	strict
131	10369	strict
131	10559	strict
131	10569	strict
131	10600	strict
131	10623	strict
131	11017	strict
131	11018	strict
131	11022	strict
131	11023	strict
131	11024	strict
131	11027	strict
131	11028	strict
131	11458	strict
131	11463	strict
131	11479	strict
131	11815	strict
131	11816	strict
131	11817	strict
131	11819	strict
131	11851	strict
131	11855	strict
131	11856	strict
131	11857	strict
131	11865	strict
131	11875	strict
131	12582	strict
131	12660	strict
131	12668	strict
131	12688	strict
131	12690	strict
131	12787	strict
131	12953	strict
131	12955	strict
131	12959	strict
131	12960	strict
131	12963	strict
131	16267	strict
132	5324	equal
132	5326	strict
132	5331	strict
132	5566	strict
132	5567	strict
132	5568	strict
132	5582	strict
132	5584	strict
132	5586	strict
132	5588	strict
132	5590	strict
132	5592	strict
132	5593	strict
132	5596	strict
132	5623	strict
132	6160	strict
132	6164	strict
132	6171	strict
132	6173	strict
132	6175	strict
132	6177	strict
132	10283	strict
132	10284	strict
132	10286	strict
132	10287	strict
132	10288	strict
132	10289	strict
132	10290	strict
132	10294	strict
132	10296	strict
132	10298	strict
132	10329	strict
132	10368	strict
132	10514	strict
132	10516	strict
132	10522	strict
132	10560	strict
132	10562	strict
132	10570	strict
132	10597	strict
132	10603	strict
132	10605	strict
132	10608	strict
132	11019	strict
132	11020	strict
132	11822	strict
132	11860	strict
132	11866	strict
132	11869	strict
132	11870	strict
132	11872	strict
132	11874	strict
132	12661	strict
132	12669	strict
132	12687	strict
132	12831	strict
132	12951	strict
132	13152	strict
132	13166	strict
132	13180	strict
132	13182	strict
132	13184	strict
132	14676	strict
132	14684	strict
132	14685	strict
132	14728	strict
132	16280	strict
132	16281	strict
132	16282	strict
132	16283	strict
133	5325	equal
133	5327	strict
133	5332	strict
133	5334	strict
133	5410	strict
133	5433	strict
133	5436	strict
133	5442	strict
133	5443	strict
133	5569	strict
133	5570	strict
133	5571	strict
133	5597	strict
133	5599	strict
133	5601	strict
133	5605	strict
133	5607	strict
133	5608	strict
133	5610	strict
133	5611	strict
133	5624	strict
133	6053	strict
133	6054	strict
133	6161	strict
133	6167	strict
133	6172	strict
133	6174	strict
133	6176	strict
133	6178	strict
133	6180	strict
133	6579	strict
133	6582	strict
133	6584	strict
133	10282	strict
133	10285	strict
133	10286	strict
133	10291	strict
133	10292	strict
133	10293	strict
133	10294	strict
133	10295	strict
133	10297	strict
133	10298	strict
133	10330	strict
133	10365	strict
133	10370	strict
133	10562	strict
133	10572	strict
133	10601	strict
133	10632	strict
133	11021	strict
133	11022	strict
133	11820	strict
133	11822	strict
133	11862	strict
133	11871	strict
133	11872	strict
133	11873	strict
133	11874	strict
133	11877	strict
133	12662	strict
133	12670	strict
133	12690	strict
133	12786	strict
133	12787	strict
133	12837	strict
133	12959	strict
133	12961	strict
133	12962	strict
133	12963	strict
133	15706	strict
133	15707	strict
133	15709	strict
133	16274	strict
134	5380	equal
134	5381	strict
134	5382	strict
134	5383	strict
134	5384	strict
134	5385	strict
134	5392	strict
134	5393	strict
134	5394	strict
134	5402	strict
134	5689	strict
134	5700	strict
134	5701	strict
134	5709	strict
134	5718	strict
134	5722	strict
134	5723	strict
134	5724	strict
134	5725	strict
134	5985	strict
134	5989	strict
134	5991	strict
134	5992	strict
134	5993	strict
134	6251	strict
134	10380	strict
134	10381	strict
134	10388	strict
134	10433	strict
134	10468	strict
134	10474	strict
134	10486	strict
134	10487	strict
134	11222	strict
134	11225	strict
134	11235	strict
134	11236	strict
134	11237	strict
134	11248	strict
134	11249	strict
134	11250	strict
134	11255	strict
134	11334	strict
134	11343	strict
134	11349	strict
134	11359	strict
134	11939	strict
134	11943	strict
134	11944	strict
134	11945	strict
134	11948	strict
134	12089	strict
134	12095	strict
134	12098	strict
134	12101	strict
134	12104	strict
134	12105	strict
134	12107	strict
134	12143	strict
134	12148	strict
134	14450	strict
134	14536	strict
134	14741	strict
134	16135	strict
134	16136	strict
134	16139	strict
134	16423	strict
134	16434	strict
134	16435	strict
134	16438	strict
135	5386	equal
135	5387	strict
135	5388	strict
135	5389	strict
135	5390	strict
135	5391	strict
135	5392	strict
135	5393	strict
135	5394	strict
135	5403	strict
135	5690	strict
135	5701	strict
135	5708	strict
135	5709	strict
135	5719	strict
135	5721	strict
135	5723	strict
135	5725	strict
135	5986	strict
135	5987	strict
135	5988	strict
135	5995	strict
135	5996	strict
135	6252	strict
135	10382	strict
135	10383	strict
135	10389	strict
135	10434	strict
135	10469	strict
135	10475	strict
135	10488	strict
135	10489	strict
135	11087	strict
135	11088	strict
135	11092	strict
135	11093	strict
135	11223	strict
135	11226	strict
135	11227	strict
135	11228	strict
135	11231	strict
135	11232	strict
135	11239	strict
135	11241	strict
135	11253	strict
135	11335	strict
135	11339	strict
135	11347	strict
135	11374	strict
135	11940	strict
135	11941	strict
135	11942	strict
135	11946	strict
135	11949	strict
135	12090	strict
135	12092	strict
135	12094	strict
135	12096	strict
135	12110	strict
135	12112	strict
135	12114	strict
135	12144	strict
135	12149	strict
135	13029	strict
135	14451	strict
135	14537	strict
135	14722	strict
135	16137	strict
135	16138	strict
135	16140	strict
135	16163	strict
135	16174	strict
135	16175	strict
135	16178	strict
136	5395	equal
136	5396	strict
136	5404	strict
136	5427	strict
136	5430	strict
136	5434	strict
136	5435	strict
136	5439	strict
136	5440	strict
136	5441	strict
136	5687	strict
136	5693	strict
136	5698	strict
136	5706	strict
136	5710	strict
136	5733	strict
136	5737	strict
136	5738	strict
136	5740	strict
136	6040	strict
136	6041	strict
136	6042	strict
136	6247	strict
136	6256	strict
136	10384	strict
136	10385	strict
136	10386	strict
136	10387	strict
136	10395	strict
136	10441	strict
136	10470	strict
136	10476	strict
136	10493	strict
136	10494	strict
136	10579	strict
136	10582	strict
136	10607	strict
136	10623	strict
136	10626	strict
136	11085	strict
136	11086	strict
136	11087	strict
136	11089	strict
136	11091	strict
136	11094	strict
136	11095	strict
136	11226	strict
136	11228	strict
136	11229	strict
136	11233	strict
136	11238	strict
136	11241	strict
136	11247	strict
136	11458	strict
136	11462	strict
136	11479	strict
136	11951	strict
136	11952	strict
136	11953	strict
136	12119	strict
136	12120	strict
136	12126	strict
136	12127	strict
136	12129	strict
136	12147	strict
136	12157	strict
136	13054	strict
136	14455	strict
136	14539	strict
136	14721	strict
136	16163	strict
136	16165	strict
136	16174	strict
136	16175	strict
136	16178	strict
137	5398	equal
137	5405	strict
137	5428	strict
137	5431	strict
137	5436	strict
137	5437	strict
137	5442	strict
137	5443	strict
137	5444	strict
137	5691	strict
137	5692	strict
137	5693	strict
137	5697	strict
137	5704	strict
137	5706	strict
137	5734	strict
137	5736	strict
137	5737	strict
137	5739	strict
137	5740	strict
137	5977	strict
137	5978	strict
137	5979	strict
137	5982	strict
137	6039	strict
137	6057	strict
137	6058	strict
137	6247	strict
137	6257	strict
137	6576	strict
137	6579	strict
137	6581	strict
137	6584	strict
137	10390	strict
137	10391	strict
137	10392	strict
137	10393	strict
137	10394	strict
137	10395	strict
137	10452	strict
137	10471	strict
137	10477	strict
137	10498	strict
137	10499	strict
137	10585	strict
137	10588	strict
137	10609	strict
137	10632	strict
137	10635	strict
137	11090	strict
137	11091	strict
137	11241	strict
137	11242	strict
137	11243	strict
137	11259	strict
137	11954	strict
137	12138	strict
137	12161	strict
137	12162	strict
137	12164	strict
137	12165	strict
137	12166	strict
137	12167	strict
137	14460	strict
137	14544	strict
137	14720	strict
137	14721	strict
137	15705	strict
137	15707	strict
137	15709	strict
137	16171	strict
137	16174	strict
137	16176	strict
137	16177	strict
137	16178	strict
138	5399	equal
138	5400	strict
138	5406	strict
138	5694	strict
138	5699	strict
138	5700	strict
138	5701	strict
138	5702	strict
138	5711	strict
138	5712	strict
138	5713	strict
138	5722	strict
138	5723	strict
138	5724	strict
138	5725	strict
138	5741	strict
138	6049	strict
138	6051	strict
138	6244	strict
138	6248	strict
138	6258	strict
138	6476	strict
138	6477	strict
138	6478	strict
138	10396	strict
138	10397	strict
138	10398	strict
138	10399	strict
138	10404	strict
138	10459	strict
138	10472	strict
138	10478	strict
138	10503	strict
138	10504	strict
138	10524	strict
138	10525	strict
138	10526	strict
138	10529	strict
138	10530	strict
138	11244	strict
138	11245	strict
138	11246	strict
138	11248	strict
138	11250	strict
138	11251	strict
138	11255	strict
138	11796	strict
138	11802	strict
138	11955	strict
138	11956	strict
138	11957	strict
138	12177	strict
138	12178	strict
138	12181	strict
138	12182	strict
138	12184	strict
138	12191	strict
138	12199	strict
138	13063	strict
138	13313	strict
138	13317	strict
138	13328	strict
138	14462	strict
138	14548	strict
138	14740	strict
138	16423	strict
138	16425	strict
138	16434	strict
138	16435	strict
138	16438	strict
139	5401	equal
139	5407	strict
139	5429	strict
139	5695	strict
139	5703	strict
139	5704	strict
139	5705	strict
139	5706	strict
139	5714	strict
139	5715	strict
139	5716	strict
139	5734	strict
139	5737	strict
139	5739	strict
139	5740	strict
139	5742	strict
139	5979	strict
139	5980	strict
139	5981	strict
139	5982	strict
139	6050	strict
139	6052	strict
139	6059	strict
139	6060	strict
139	6246	strict
139	6249	strict
139	6259	strict
139	6475	strict
139	6577	strict
139	6580	strict
139	6583	strict
139	6585	strict
139	10400	strict
139	10401	strict
139	10402	strict
139	10403	strict
139	10404	strict
139	10405	strict
139	10467	strict
139	10473	strict
139	10479	strict
139	10508	strict
139	10509	strict
139	10527	strict
139	10528	strict
139	10529	strict
139	10530	strict
139	11255	strict
139	11256	strict
139	11257	strict
139	11258	strict
139	11799	strict
139	11805	strict
139	11958	strict
139	12188	strict
139	12201	strict
139	12202	strict
139	12204	strict
139	12205	strict
139	12206	strict
139	12207	strict
139	13066	strict
139	14463	strict
139	14551	strict
139	14739	strict
139	14740	strict
139	15732	strict
139	15734	strict
139	15736	strict
139	16431	strict
139	16434	strict
139	16436	strict
139	16437	strict
139	16438	strict
140	5454	equal
140	5455	strict
140	5456	strict
140	5457	strict
140	5458	strict
140	5459	strict
140	5460	strict
140	5461	strict
140	5470	strict
140	5471	strict
140	5472	strict
140	5475	strict
140	6068	strict
140	6069	strict
140	6085	strict
140	6092	strict
140	6107	strict
140	6108	strict
140	6112	strict
140	6268	strict
140	6271	strict
140	6275	strict
140	6285	strict
140	6292	strict
140	6293	strict
140	6294	strict
140	6295	strict
140	6484	strict
140	6485	strict
140	6486	strict
140	6531	strict
140	6532	strict
140	10702	strict
140	10704	strict
140	10706	strict
140	10707	strict
140	10708	strict
140	10709	strict
140	10710	strict
140	10711	strict
140	10712	strict
140	10713	strict
140	10715	strict
140	10716	strict
140	10717	strict
140	10718	strict
140	10719	strict
140	10721	strict
140	10722	strict
140	10745	strict
140	12338	strict
140	12430	strict
140	12434	strict
140	14432	strict
140	15135	strict
140	15136	strict
140	15137	strict
140	15140	strict
140	15141	strict
140	15143	strict
140	15144	strict
140	16205	strict
140	16211	strict
140	16213	strict
140	16220	strict
140	16581	strict
140	16582	strict
140	16585	strict
140	16586	strict
140	16589	strict
141	5462	equal
141	5463	strict
141	5464	strict
141	5465	strict
141	5466	strict
141	5467	strict
141	5468	strict
141	5469	strict
141	5470	strict
141	5471	strict
141	5472	strict
141	5476	strict
141	6061	strict
141	6070	strict
141	6071	strict
141	6072	strict
141	6079	strict
141	6080	strict
141	6081	strict
141	6082	strict
141	6087	strict
141	6089	strict
141	6090	strict
141	6091	strict
141	6092	strict
141	6109	strict
141	6271	strict
141	6276	strict
141	6287	strict
141	6293	strict
141	6295	strict
141	6298	strict
141	6489	strict
141	6542	strict
141	6543	strict
141	10703	strict
141	10724	strict
141	10726	strict
141	10727	strict
141	10728	strict
141	10729	strict
141	10730	strict
141	10731	strict
141	10732	strict
141	10733	strict
141	10735	strict
141	10736	strict
141	10737	strict
141	10738	strict
141	10739	strict
141	10741	strict
141	10742	strict
141	10744	strict
141	12339	strict
141	12439	strict
141	12443	strict
141	13198	strict
141	14436	strict
141	15150	strict
141	15151	strict
141	15152	strict
141	15155	strict
141	15156	strict
141	15157	strict
141	15159	strict
141	16465	strict
141	16471	strict
141	16473	strict
141	16479	strict
141	16563	strict
141	16564	strict
141	16567	strict
141	16568	strict
141	16571	strict
142	5478	equal
142	5479	strict
142	5480	strict
142	5481	strict
142	5482	strict
142	5483	strict
142	5484	strict
142	5485	strict
142	5494	strict
142	5495	strict
142	5496	strict
142	5499	strict
142	5906	strict
142	6062	strict
142	6063	strict
142	6093	strict
142	6095	strict
142	6096	strict
142	6097	strict
142	6098	strict
142	6106	strict
142	6402	strict
142	6403	strict
142	6404	strict
142	6407	strict
142	6444	strict
142	6447	strict
142	6449	strict
142	6452	strict
142	6453	strict
142	6455	strict
142	10761	strict
142	10763	strict
142	10776	strict
142	10777	strict
142	10778	strict
142	10779	strict
142	10780	strict
142	10781	strict
142	10782	strict
142	10844	strict
142	10845	strict
142	10846	strict
142	10847	strict
142	10848	strict
142	10853	strict
142	10897	strict
142	10898	strict
142	10899	strict
142	10900	strict
142	12383	strict
142	12476	strict
142	12479	strict
142	14425	strict
142	15100	strict
142	15102	strict
142	15103	strict
142	15106	strict
142	15107	strict
142	15108	strict
142	15110	strict
142	15111	strict
142	15435	strict
142	15440	strict
142	15441	strict
142	15442	strict
142	16572	strict
142	16576	strict
142	16577	strict
142	16580	strict
143	5486	equal
143	5487	strict
143	5488	strict
143	5489	strict
143	5490	strict
143	5491	strict
143	5492	strict
143	5493	strict
143	5494	strict
143	5495	strict
143	5496	strict
143	5500	strict
143	5976	strict
143	6064	strict
143	6065	strict
143	6094	strict
143	6100	strict
143	6101	strict
143	6102	strict
143	6103	strict
143	6105	strict
143	6425	strict
143	6426	strict
143	6427	strict
143	6430	strict
143	6462	strict
143	6466	strict
143	6468	strict
143	6471	strict
143	6472	strict
143	6474	strict
143	10764	strict
143	10768	strict
143	10769	strict
143	10770	strict
143	10771	strict
143	10772	strict
143	10775	strict
143	10776	strict
143	10778	strict
143	10780	strict
143	10782	strict
143	10884	strict
143	10885	strict
143	10886	strict
143	10887	strict
143	10888	strict
143	10890	strict
143	10891	strict
143	10893	strict
143	10894	strict
143	10895	strict
143	10896	strict
143	12385	strict
143	12494	strict
143	12497	strict
143	13334	strict
143	14440	strict
143	15174	strict
143	15177	strict
143	15178	strict
143	15179	strict
143	15180	strict
143	15183	strict
143	15184	strict
143	15186	strict
143	16385	strict
143	16390	strict
143	16391	strict
143	16392	strict
143	16527	strict
143	16531	strict
143	16532	strict
143	16535	strict
144	5501	equal
144	5502	strict
144	5503	strict
144	5504	strict
144	5505	strict
144	5506	strict
144	5507	strict
144	5509	strict
144	6038	strict
144	6073	strict
144	6074	strict
144	6075	strict
144	6076	strict
144	6078	strict
144	6079	strict
144	6081	strict
144	6082	strict
144	6110	strict
144	6111	strict
144	6113	strict
144	6114	strict
144	6115	strict
144	6534	strict
144	6535	strict
144	6536	strict
144	6537	strict
144	6539	strict
144	6541	strict
144	6543	strict
144	6549	strict
144	6564	strict
144	6572	strict
144	6573	strict
144	6575	strict
144	10850	strict
144	10851	strict
144	10852	strict
144	10854	strict
144	10858	strict
144	10862	strict
144	10863	strict
144	10864	strict
144	10865	strict
144	10866	strict
144	10867	strict
144	10868	strict
144	10869	strict
144	10870	strict
144	10871	strict
144	10872	strict
144	10873	strict
144	10874	strict
144	10876	strict
144	10877	strict
144	10880	strict
144	10891	strict
144	10893	strict
144	10895	strict
144	10896	strict
144	12384	strict
144	12487	strict
144	12500	strict
144	14437	strict
144	15149	strict
144	15151	strict
144	15152	strict
144	15157	strict
144	15159	strict
144	16292	strict
144	16294	strict
144	16527	strict
144	16528	strict
144	16531	strict
144	16532	strict
144	16535	strict
145	5744	equal
145	5745	strict
145	5746	strict
145	5747	strict
145	5748	strict
145	5750	strict
145	5751	strict
145	5752	strict
145	5761	strict
145	5762	strict
145	5763	strict
145	5766	strict
145	5769	strict
145	5997	strict
145	5998	strict
145	6001	strict
145	6012	strict
145	6013	strict
145	6014	strict
145	6276	strict
145	6277	strict
145	6278	strict
145	6279	strict
145	6280	strict
145	6287	strict
145	6289	strict
145	6291	strict
145	6294	strict
145	6295	strict
145	6297	strict
145	6556	strict
145	11172	strict
145	11185	strict
145	11189	strict
145	11190	strict
145	11191	strict
145	11192	strict
145	11193	strict
145	11194	strict
145	11195	strict
145	13145	strict
145	13146	strict
145	13147	strict
145	13148	strict
145	13149	strict
145	13151	strict
145	13197	strict
145	13204	strict
145	13205	strict
145	13206	strict
145	13482	strict
145	13531	strict
145	13534	strict
145	14415	strict
145	14988	strict
145	14999	strict
145	15000	strict
145	15003	strict
145	15004	strict
145	15005	strict
145	15006	strict
145	15008	strict
145	15048	strict
145	15053	strict
145	15054	strict
145	15055	strict
145	16554	strict
145	16558	strict
145	16559	strict
145	16562	strict
146	5753	equal
146	5754	strict
146	5755	strict
146	5756	strict
146	5757	strict
146	5758	strict
146	5759	strict
146	5760	strict
146	5761	strict
146	5762	strict
146	5763	strict
146	5765	strict
146	5770	strict
146	5999	strict
146	6000	strict
146	6002	strict
146	6027	strict
146	6028	strict
146	6029	strict
146	6283	strict
146	6286	strict
146	6289	strict
146	6290	strict
146	6291	strict
146	6292	strict
146	6293	strict
146	6294	strict
146	6295	strict
146	11179	strict
146	11180	strict
146	11181	strict
146	11182	strict
146	11183	strict
146	11186	strict
146	11188	strict
146	11189	strict
146	11191	strict
146	11194	strict
146	11195	strict
146	11465	strict
146	13190	strict
146	13191	strict
146	13192	strict
146	13193	strict
146	13194	strict
146	13196	strict
146	13199	strict
146	13201	strict
146	13202	strict
146	13203	strict
146	13493	strict
146	13556	strict
146	13558	strict
146	14446	strict
146	15451	strict
146	15463	strict
146	15464	strict
146	15465	strict
146	15466	strict
146	15469	strict
146	15470	strict
146	15472	strict
146	16057	strict
146	16062	strict
146	16063	strict
146	16064	strict
146	16509	strict
146	16513	strict
146	16514	strict
146	16517	strict
147	5829	equal
147	5830	strict
147	5831	strict
147	5832	strict
147	5833	strict
147	5834	strict
147	5835	strict
147	5836	strict
147	5845	strict
147	5846	strict
147	5847	strict
147	5862	strict
147	5863	strict
147	5879	strict
147	5882	strict
147	5883	strict
147	5887	strict
147	5898	strict
147	5901	strict
147	5905	strict
147	5912	strict
147	5913	strict
147	5914	strict
147	5958	strict
147	5959	strict
147	5990	strict
147	6435	strict
147	6442	strict
147	6450	strict
147	6451	strict
147	6452	strict
147	6453	strict
147	11323	strict
147	11352	strict
147	11353	strict
147	11354	strict
147	11355	strict
147	11356	strict
147	11358	strict
147	11359	strict
147	14412	strict
147	14943	strict
147	14945	strict
147	14946	strict
147	14947	strict
147	14948	strict
147	14949	strict
147	14951	strict
147	14952	strict
147	14953	strict
147	14954	strict
147	14955	strict
147	14957	strict
147	14958	strict
147	14959	strict
147	14960	strict
147	14962	strict
147	14963	strict
147	14986	strict
147	15209	strict
147	15214	strict
147	16207	strict
147	16209	strict
147	16210	strict
147	16216	strict
147	16545	strict
147	16547	strict
147	16549	strict
147	16551	strict
147	16553	strict
148	5837	equal
148	5838	strict
148	5839	strict
148	5840	strict
148	5841	strict
148	5842	strict
148	5843	strict
148	5844	strict
148	5845	strict
148	5846	strict
148	5847	strict
148	5859	strict
148	5864	strict
148	5865	strict
148	5866	strict
148	5873	strict
148	5874	strict
148	5875	strict
148	5876	strict
148	5881	strict
148	5884	strict
148	5901	strict
148	5906	strict
148	5917	strict
148	5969	strict
148	5970	strict
148	5994	strict
148	6432	strict
148	6433	strict
148	6434	strict
148	6435	strict
148	6444	strict
148	6451	strict
148	6453	strict
148	6454	strict
148	11324	strict
148	11367	strict
148	11368	strict
148	11369	strict
148	11370	strict
148	11371	strict
148	11372	strict
148	11374	strict
148	14413	strict
148	14944	strict
148	14965	strict
148	14966	strict
148	14967	strict
148	14968	strict
148	14969	strict
148	14971	strict
148	14972	strict
148	14973	strict
148	14974	strict
148	14975	strict
148	14977	strict
148	14978	strict
148	14979	strict
148	14980	strict
148	14982	strict
148	14983	strict
148	14985	strict
148	15218	strict
148	15223	strict
148	15434	strict
148	16467	strict
148	16469	strict
148	16470	strict
148	16476	strict
148	16536	strict
148	16538	strict
148	16540	strict
148	16542	strict
148	16544	strict
149	5848	equal
149	5849	strict
149	5850	strict
149	5851	strict
149	5852	strict
149	5853	strict
149	5854	strict
149	5867	strict
149	5868	strict
149	5869	strict
149	5870	strict
149	5872	strict
149	5873	strict
149	5875	strict
149	5876	strict
149	5885	strict
149	5886	strict
149	5961	strict
149	5962	strict
149	5963	strict
149	5964	strict
149	5966	strict
149	5968	strict
149	5970	strict
149	5976	strict
149	5995	strict
149	6430	strict
149	6436	strict
149	6437	strict
149	6438	strict
149	6463	strict
149	6470	strict
149	6472	strict
149	6473	strict
149	11325	strict
149	11364	strict
149	11369	strict
149	11370	strict
149	11372	strict
149	11374	strict
149	13289	strict
149	13290	strict
149	13291	strict
149	14417	strict
149	15010	strict
149	15021	strict
149	15025	strict
149	15026	strict
149	15027	strict
149	15028	strict
149	15029	strict
149	15030	strict
149	15032	strict
149	15033	strict
149	15034	strict
149	15035	strict
149	15036	strict
149	15037	strict
149	15039	strict
149	15041	strict
149	15042	strict
149	15044	strict
149	15047	strict
149	15049	strict
149	15051	strict
149	15052	strict
149	15241	strict
149	15244	strict
149	16383	strict
149	16384	strict
149	16518	strict
149	16520	strict
149	16522	strict
149	16524	strict
149	16526	strict
150	5891	equal
150	5892	strict
150	5893	strict
150	5894	strict
150	5895	strict
150	5896	strict
150	5897	strict
150	5898	strict
150	5899	strict
150	5900	strict
150	5901	strict
150	5904	strict
150	5907	strict
150	5908	strict
150	5909	strict
150	5911	strict
150	5912	strict
150	5914	strict
150	5915	strict
150	5916	strict
150	5927	strict
150	5928	strict
150	5929	strict
150	5957	strict
150	5959	strict
150	5991	strict
150	6440	strict
150	6446	strict
150	6448	strict
150	6449	strict
150	6450	strict
150	6451	strict
150	6452	strict
150	6453	strict
150	11327	strict
150	11344	strict
150	11354	strict
150	11355	strict
150	11358	strict
150	11359	strict
150	14444	strict
150	15407	strict
150	15411	strict
150	15412	strict
150	15413	strict
150	15414	strict
150	15415	strict
150	15416	strict
150	15417	strict
150	15419	strict
150	15420	strict
150	15421	strict
150	15422	strict
150	15423	strict
150	15425	strict
150	15426	strict
150	15428	strict
150	15429	strict
150	15431	strict
150	15436	strict
150	15438	strict
150	15439	strict
150	15503	strict
150	15507	strict
150	16019	strict
150	16500	strict
150	16502	strict
150	16504	strict
150	16506	strict
150	16508	strict
151	5919	equal
151	5920	strict
151	5921	strict
151	5922	strict
151	5923	strict
151	5924	strict
151	5925	strict
151	5926	strict
151	5927	strict
151	5928	strict
151	5929	strict
151	5937	strict
151	5938	strict
151	5939	strict
151	5940	strict
151	5945	strict
151	5946	strict
151	5949	strict
151	5950	strict
151	5953	strict
151	5954	strict
151	5959	strict
151	5960	strict
151	5965	strict
151	5966	strict
151	5974	strict
151	5992	strict
151	6458	strict
151	6465	strict
151	6467	strict
151	6468	strict
151	6469	strict
151	6470	strict
151	6471	strict
151	6472	strict
151	11341	strict
151	11342	strict
151	11343	strict
151	11344	strict
151	11349	strict
151	11351	strict
151	11355	strict
151	11359	strict
151	14448	strict
151	15817	strict
151	15998	strict
151	15999	strict
151	16000	strict
151	16001	strict
151	16002	strict
151	16003	strict
151	16004	strict
151	16005	strict
151	16006	strict
151	16008	strict
151	16009	strict
151	16010	strict
151	16011	strict
151	16013	strict
151	16015	strict
151	16016	strict
151	16018	strict
151	16101	strict
151	16105	strict
151	16204	strict
151	16386	strict
151	16388	strict
151	16389	strict
151	16400	strict
151	16486	strict
151	16488	strict
151	16495	strict
151	16497	strict
151	16499	strict
152	5930	equal
152	5931	strict
152	5932	strict
152	5933	strict
152	5934	strict
152	5935	strict
152	5936	strict
152	5941	strict
152	5942	strict
152	5943	strict
152	5945	strict
152	5947	strict
152	5948	strict
152	5949	strict
152	5950	strict
152	5955	strict
152	5956	strict
152	5961	strict
152	5962	strict
152	5963	strict
152	5966	strict
152	5967	strict
152	5970	strict
152	5971	strict
152	5975	strict
152	5996	strict
152	6459	strict
152	6463	strict
152	6469	strict
152	6470	strict
152	6471	strict
152	6472	strict
152	11339	strict
152	11345	strict
152	11346	strict
152	11347	strict
152	11364	strict
152	11366	strict
152	11370	strict
152	11374	strict
152	13330	strict
152	13331	strict
152	13332	strict
152	14449	strict
152	15818	strict
152	16030	strict
152	16034	strict
152	16035	strict
152	16036	strict
152	16037	strict
152	16038	strict
152	16039	strict
152	16040	strict
152	16041	strict
152	16043	strict
152	16044	strict
152	16045	strict
152	16046	strict
152	16048	strict
152	16050	strict
152	16051	strict
152	16053	strict
152	16056	strict
152	16058	strict
152	16060	strict
152	16061	strict
152	16124	strict
152	16129	strict
152	16382	strict
152	16464	strict
152	16482	strict
152	16484	strict
152	16490	strict
152	16492	strict
152	16494	strict
153	6004	equal
153	6005	strict
153	6006	strict
153	6007	strict
153	6008	strict
153	6009	strict
153	6010	strict
153	6011	strict
153	6012	strict
153	6013	strict
153	6014	strict
153	6016	strict
153	6017	strict
153	6018	strict
153	6033	strict
153	6034	strict
153	6035	strict
153	6038	strict
153	6041	strict
153	6549	strict
153	6550	strict
153	6551	strict
153	6552	strict
153	6553	strict
153	6555	strict
153	6563	strict
153	6566	strict
153	6568	strict
153	6571	strict
153	6573	strict
153	6574	strict
153	11452	strict
153	11467	strict
153	11472	strict
153	11473	strict
153	11474	strict
153	11475	strict
153	11476	strict
153	11477	strict
153	11479	strict
153	14416	strict
153	14989	strict
153	14993	strict
153	14994	strict
153	14995	strict
153	14996	strict
153	14997	strict
153	15000	strict
153	15002	strict
153	15003	strict
153	15005	strict
153	15008	strict
153	15014	strict
153	15015	strict
153	15016	strict
153	15017	strict
153	15018	strict
153	15024	strict
153	15047	strict
153	15049	strict
153	15050	strict
153	15051	strict
153	15052	strict
153	15230	strict
153	15234	strict
153	15475	strict
153	16293	strict
153	16300	strict
153	16301	strict
153	16302	strict
153	16518	strict
153	16522	strict
153	16524	strict
153	16526	strict
154	6019	equal
154	6020	strict
154	6021	strict
154	6022	strict
154	6023	strict
154	6024	strict
154	6025	strict
154	6026	strict
154	6027	strict
154	6028	strict
154	6029	strict
154	6030	strict
154	6031	strict
154	6032	strict
154	6033	strict
154	6034	strict
154	6035	strict
154	6037	strict
154	6042	strict
154	6560	strict
154	6562	strict
154	6566	strict
154	6567	strict
154	6568	strict
154	6570	strict
154	6571	strict
154	6572	strict
154	6573	strict
154	11458	strict
154	11459	strict
154	11460	strict
154	11461	strict
154	11462	strict
154	11464	strict
154	11468	strict
154	11471	strict
154	11472	strict
154	11474	strict
154	11476	strict
154	11479	strict
154	14447	strict
154	15452	strict
154	15457	strict
154	15458	strict
154	15459	strict
154	15460	strict
154	15461	strict
154	15464	strict
154	15466	strict
154	15468	strict
154	15469	strict
154	15472	strict
154	15474	strict
154	16023	strict
154	16024	strict
154	16025	strict
154	16026	strict
154	16027	strict
154	16033	strict
154	16056	strict
154	16058	strict
154	16059	strict
154	16060	strict
154	16061	strict
154	16113	strict
154	16116	strict
154	16295	strict
154	16297	strict
154	16298	strict
154	16299	strict
154	16482	strict
154	16490	strict
154	16492	strict
154	16494	strict
155	6261	equal
155	6262	strict
155	6263	strict
155	6264	strict
155	6265	strict
155	6266	strict
155	6267	strict
155	6268	strict
155	6269	strict
155	6270	strict
155	6271	strict
155	6274	strict
155	6282	strict
155	6290	strict
155	6291	strict
155	6292	strict
155	6293	strict
155	6294	strict
155	6295	strict
155	6296	strict
155	6300	strict
155	6479	strict
155	6480	strict
155	6481	strict
155	6483	strict
155	6484	strict
155	6486	strict
155	6487	strict
155	6488	strict
155	6500	strict
155	6501	strict
155	6502	strict
155	6530	strict
155	6532	strict
155	13163	strict
155	13166	strict
155	13168	strict
155	13169	strict
155	13170	strict
155	13171	strict
155	13172	strict
155	13173	strict
155	13174	strict
155	13175	strict
155	13176	strict
155	13177	strict
155	13178	strict
155	13179	strict
155	13180	strict
155	13182	strict
155	13183	strict
155	13186	strict
155	13199	strict
155	13201	strict
155	13203	strict
155	13484	strict
155	13547	strict
155	13562	strict
155	14433	strict
155	15129	strict
155	15136	strict
155	15137	strict
155	15143	strict
155	15144	strict
155	15713	strict
155	16509	strict
155	16510	strict
155	16513	strict
155	16514	strict
155	16517	strict
156	6394	equal
156	6395	strict
156	6396	strict
156	6397	strict
156	6398	strict
156	6399	strict
156	6400	strict
156	6401	strict
156	6402	strict
156	6403	strict
156	6404	strict
156	6406	strict
156	6408	strict
156	6409	strict
156	6410	strict
156	6419	strict
156	6420	strict
156	6421	strict
156	6439	strict
156	6443	strict
156	6447	strict
156	6448	strict
156	6449	strict
156	6450	strict
156	6451	strict
156	6452	strict
156	6453	strict
156	6477	strict
156	13304	strict
156	13307	strict
156	13321	strict
156	13322	strict
156	13323	strict
156	13324	strict
156	13325	strict
156	13326	strict
156	13328	strict
156	14426	strict
156	15094	strict
156	15095	strict
156	15096	strict
156	15097	strict
156	15098	strict
156	15101	strict
156	15103	strict
156	15105	strict
156	15106	strict
156	15110	strict
156	15111	strict
156	15172	strict
156	15400	strict
156	15401	strict
156	15402	strict
156	15403	strict
156	15404	strict
156	15410	strict
156	15436	strict
156	15437	strict
156	15438	strict
156	15439	strict
156	15490	strict
156	15493	strict
156	15756	strict
156	15757	strict
156	15758	strict
156	15759	strict
156	16500	strict
156	16504	strict
156	16506	strict
156	16508	strict
157	6411	equal
157	6412	strict
157	6413	strict
157	6414	strict
157	6415	strict
157	6416	strict
157	6417	strict
157	6418	strict
157	6419	strict
157	6420	strict
157	6421	strict
157	6422	strict
157	6423	strict
157	6424	strict
157	6425	strict
157	6426	strict
157	6427	strict
157	6429	strict
157	6456	strict
157	6461	strict
157	6466	strict
157	6467	strict
157	6468	strict
157	6469	strict
157	6470	strict
157	6471	strict
157	6472	strict
157	6478	strict
157	13308	strict
157	13313	strict
157	13314	strict
157	13315	strict
157	13316	strict
157	13317	strict
157	13320	strict
157	13321	strict
157	13323	strict
157	13325	strict
157	13328	strict
157	13333	strict
157	14441	strict
157	15165	strict
157	15166	strict
157	15167	strict
157	15168	strict
157	15169	strict
157	15171	strict
157	15175	strict
157	15178	strict
157	15180	strict
157	15182	strict
157	15183	strict
157	15186	strict
157	15743	strict
157	15744	strict
157	15745	strict
157	15746	strict
157	15747	strict
157	15749	strict
157	15750	strict
157	15752	strict
157	15753	strict
157	15754	strict
157	15755	strict
157	15859	strict
157	15861	strict
157	16386	strict
157	16387	strict
157	16388	strict
157	16389	strict
157	16486	strict
157	16495	strict
157	16497	strict
157	16499	strict
158	6492	equal
158	6493	strict
158	6494	strict
158	6495	strict
158	6496	strict
158	6497	strict
158	6498	strict
158	6499	strict
158	6500	strict
158	6501	strict
158	6502	strict
158	6510	strict
158	6511	strict
158	6512	strict
158	6513	strict
158	6518	strict
158	6519	strict
158	6522	strict
158	6523	strict
158	6526	strict
158	6527	strict
158	6532	strict
158	6533	strict
158	6538	strict
158	6539	strict
158	6547	strict
158	6558	strict
158	6567	strict
158	6568	strict
158	6569	strict
158	6570	strict
158	6571	strict
158	6572	strict
158	6573	strict
158	6584	strict
158	14434	strict
158	15126	strict
158	15127	strict
158	15128	strict
158	15129	strict
158	15134	strict
158	15137	strict
158	15139	strict
158	15144	strict
158	15682	strict
158	15692	strict
158	15694	strict
158	15695	strict
158	15696	strict
158	15697	strict
158	15698	strict
158	15699	strict
158	15700	strict
158	15701	strict
158	15702	strict
158	15703	strict
158	15704	strict
158	15705	strict
158	15707	strict
158	15709	strict
158	15710	strict
158	15712	strict
158	15838	strict
158	15842	strict
158	16206	strict
158	16295	strict
158	16297	strict
158	16299	strict
158	16314	strict
158	16482	strict
158	16485	strict
158	16490	strict
158	16492	strict
158	16494	strict
159	6503	equal
159	6504	strict
159	6505	strict
159	6506	strict
159	6507	strict
159	6508	strict
159	6509	strict
159	6514	strict
159	6515	strict
159	6516	strict
159	6518	strict
159	6520	strict
159	6521	strict
159	6522	strict
159	6523	strict
159	6528	strict
159	6529	strict
159	6534	strict
159	6535	strict
159	6536	strict
159	6539	strict
159	6540	strict
159	6543	strict
159	6544	strict
159	6548	strict
159	6559	strict
159	6564	strict
159	6570	strict
159	6571	strict
159	6572	strict
159	6573	strict
159	6585	strict
159	14438	strict
159	15124	strict
159	15130	strict
159	15131	strict
159	15132	strict
159	15149	strict
159	15152	strict
159	15154	strict
159	15159	strict
159	15446	strict
159	15447	strict
159	15448	strict
159	15683	strict
159	15717	strict
159	15721	strict
159	15722	strict
159	15723	strict
159	15724	strict
159	15725	strict
159	15726	strict
159	15727	strict
159	15728	strict
159	15729	strict
159	15730	strict
159	15731	strict
159	15732	strict
159	15734	strict
159	15736	strict
159	15737	strict
159	15739	strict
159	15750	strict
159	15752	strict
159	15754	strict
159	15755	strict
159	15851	strict
159	15866	strict
159	16291	strict
159	16466	strict
159	16486	strict
159	16489	strict
159	16495	strict
159	16497	strict
159	16499	strict
160	6636	equal
160	6644	strict
160	6650	strict
160	6651	strict
160	6654	strict
160	6658	strict
160	6666	strict
160	6668	strict
160	6680	strict
160	6681	strict
160	6684	strict
160	6685	strict
160	6694	strict
160	6695	strict
160	6708	strict
160	6709	strict
160	6718	strict
160	6735	strict
160	6737	strict
160	6740	strict
160	6741	strict
160	6747	strict
160	6750	strict
160	6764	strict
160	6949	strict
160	6960	strict
160	7027	strict
160	7028	strict
160	7032	strict
160	7034	strict
160	7035	strict
160	7210	strict
160	7328	strict
160	7869	strict
160	8694	strict
160	8732	strict
160	9056	strict
160	9061	strict
160	9085	strict
160	9164	strict
160	9188	strict
160	9206	strict
160	9235	strict
160	11536	strict
160	11538	strict
160	11546	strict
160	11554	strict
160	11555	strict
160	11557	strict
160	11558	strict
160	11702	strict
160	11704	strict
160	12310	strict
160	13368	strict
160	13480	strict
160	14394	strict
160	14759	strict
160	14782	strict
160	14941	strict
160	14945	strict
160	14960	strict
160	14962	strict
160	14964	strict
160	15873	strict
160	15896	strict
160	15941	strict
160	15949	strict
160	15950	strict
160	15952	strict
160	15953	strict
161	6637	equal
161	6645	strict
161	6652	strict
161	6653	strict
161	6654	strict
161	6660	strict
161	6668	strict
161	6682	strict
161	6683	strict
161	6684	strict
161	6685	strict
161	6696	strict
161	6697	strict
161	6702	strict
161	6703	strict
161	6721	strict
161	6722	strict
161	6723	strict
161	6726	strict
161	6727	strict
161	6742	strict
161	6743	strict
161	6748	strict
161	6755	strict
161	6768	strict
161	6828	strict
161	6951	strict
161	6957	strict
161	6960	strict
161	7030	strict
161	7033	strict
161	7034	strict
161	7035	strict
161	7073	strict
161	7211	strict
161	7329	strict
161	7571	strict
161	7870	strict
161	8695	strict
161	8733	strict
161	9058	strict
161	9063	strict
161	9086	strict
161	9088	strict
161	9089	strict
161	9187	strict
161	9260	strict
161	11539	strict
161	11541	strict
161	11542	strict
161	11560	strict
161	11561	strict
161	11563	strict
161	11564	strict
161	11703	strict
161	11705	strict
161	11714	strict
161	11721	strict
161	12373	strict
161	14395	strict
161	14760	strict
161	14783	strict
161	14942	strict
161	14944	strict
161	14980	strict
161	14982	strict
161	14984	strict
161	15874	strict
161	15889	strict
161	15897	strict
161	15898	strict
161	15900	strict
161	15901	strict
161	15948	strict
162	6638	equal
162	6646	strict
162	6655	strict
162	6661	strict
162	6677	strict
162	6678	strict
162	6679	strict
162	6698	strict
162	6699	strict
162	6700	strict
162	6702	strict
162	6719	strict
162	6721	strict
162	6724	strict
162	6725	strict
162	6726	strict
162	6727	strict
162	6734	strict
162	6739	strict
162	6744	strict
162	6745	strict
162	6746	strict
162	6749	strict
162	6767	strict
162	6829	strict
162	6956	strict
162	6958	strict
162	6962	strict
162	7020	strict
162	7046	strict
162	7047	strict
162	7048	strict
162	7074	strict
162	7208	strict
162	7212	strict
162	7220	strict
162	7224	strict
162	7226	strict
162	7230	strict
162	7232	strict
162	7330	strict
162	7572	strict
162	7871	strict
162	8701	strict
162	8734	strict
162	9052	strict
162	9065	strict
162	9087	strict
162	9161	strict
162	9184	strict
162	9241	strict
162	11542	strict
162	11543	strict
162	11561	strict
162	11563	strict
162	11564	strict
162	11716	strict
162	11723	strict
162	12381	strict
162	13351	strict
162	14396	strict
162	14408	strict
162	14761	strict
162	14766	strict
162	14770	strict
162	14802	strict
162	15010	strict
162	15039	strict
162	15041	strict
162	15043	strict
162	15312	strict
162	15320	strict
162	15321	strict
162	15323	strict
162	15324	strict
163	6640	equal
163	6647	strict
163	6664	strict
163	6665	strict
163	6666	strict
163	6667	strict
163	6668	strict
163	6704	strict
163	6705	strict
163	6706	strict
163	6708	strict
163	6712	strict
163	6718	strict
163	6728	strict
163	6729	strict
163	6732	strict
163	6733	strict
163	6736	strict
163	6737	strict
163	6751	strict
163	6752	strict
163	6753	strict
163	6754	strict
163	6763	strict
163	6947	strict
163	6966	strict
163	7023	strict
163	7024	strict
163	7027	strict
163	7031	strict
163	7032	strict
163	7034	strict
163	7035	strict
163	7213	strict
163	7276	strict
163	7284	strict
163	7292	strict
163	7294	strict
163	7331	strict
163	7872	strict
163	8735	strict
163	8812	strict
163	9050	strict
163	9067	strict
163	9163	strict
163	9177	strict
163	9193	strict
163	11546	strict
163	11547	strict
163	11555	strict
163	11557	strict
163	11558	strict
163	12409	strict
163	13374	strict
163	13491	strict
163	14397	strict
163	14442	strict
163	14762	strict
163	14779	strict
163	14829	strict
163	14889	strict
163	14892	strict
163	14893	strict
163	14895	strict
163	14896	strict
163	15254	strict
163	15411	strict
163	15426	strict
163	15428	strict
163	15430	strict
164	6642	equal
164	6648	strict
164	6669	strict
164	6670	strict
164	6675	strict
164	6676	strict
164	6679	strict
164	6686	strict
164	6687	strict
164	6690	strict
164	6691	strict
164	6710	strict
164	6711	strict
164	6712	strict
164	6716	strict
164	6718	strict
164	6730	strict
164	6731	strict
164	6732	strict
164	6733	strict
164	6756	strict
164	6757	strict
164	6761	strict
164	6765	strict
164	6766	strict
164	6952	strict
164	6968	strict
164	7037	strict
164	7038	strict
164	7040	strict
164	7044	strict
164	7045	strict
164	7047	strict
164	7048	strict
164	7202	strict
164	7214	strict
164	7258	strict
164	7277	strict
164	7285	strict
164	7287	strict
164	7288	strict
164	7293	strict
164	7295	strict
164	7303	strict
164	7313	strict
164	7332	strict
164	7873	strict
164	8736	strict
164	8878	strict
164	9047	strict
164	9050	strict
164	9069	strict
164	9176	strict
164	11553	strict
164	11556	strict
164	11557	strict
164	11558	strict
164	11567	strict
164	12425	strict
164	14398	strict
164	14443	strict
164	14448	strict
164	14763	strict
164	14780	strict
164	14832	strict
164	14833	strict
164	14834	strict
164	14836	strict
164	14837	strict
164	14891	strict
164	15255	strict
164	16013	strict
164	16015	strict
164	16017	strict
165	6643	equal
165	6649	strict
165	6671	strict
165	6672	strict
165	6673	strict
165	6675	strict
165	6677	strict
165	6679	strict
165	6688	strict
165	6689	strict
165	6690	strict
165	6691	strict
165	6713	strict
165	6717	strict
165	6719	strict
165	6720	strict
165	6721	strict
165	6738	strict
165	6739	strict
165	6758	strict
165	6759	strict
165	6760	strict
165	6762	strict
165	6769	strict
165	6954	strict
165	6962	strict
165	7040	strict
165	7041	strict
165	7045	strict
165	7047	strict
165	7048	strict
165	7203	strict
165	7209	strict
165	7215	strict
165	7221	strict
165	7225	strict
165	7227	strict
165	7231	strict
165	7233	strict
165	7259	strict
165	7283	strict
165	7286	strict
165	7304	strict
165	7314	strict
165	7333	strict
165	7874	strict
165	8737	strict
165	8885	strict
165	9048	strict
165	9052	strict
165	9070	strict
165	9162	strict
165	9175	strict
165	11552	strict
165	11562	strict
165	11563	strict
165	11564	strict
165	11568	strict
165	12424	strict
165	13352	strict
165	14399	strict
165	14409	strict
165	14449	strict
165	14764	strict
165	14767	strict
165	14771	strict
165	14805	strict
165	14806	strict
165	14807	strict
165	14809	strict
165	14810	strict
165	15319	strict
165	16048	strict
165	16050	strict
165	16052	strict
166	6771	equal
166	6772	strict
166	6778	strict
166	6779	strict
166	6782	strict
166	6788	strict
166	6789	strict
166	6792	strict
166	6798	strict
166	6799	strict
166	6802	strict
166	6806	strict
166	6814	strict
166	6815	strict
166	6818	strict
166	6822	strict
166	6823	strict
166	6830	strict
166	6971	strict
166	6975	strict
166	6976	strict
166	6977	strict
166	6980	strict
166	7101	strict
166	7107	strict
166	7109	strict
166	7112	strict
166	7113	strict
166	7116	strict
166	7157	strict
166	7216	strict
166	7335	strict
166	7574	strict
166	7901	strict
166	8696	strict
166	8766	strict
166	9076	strict
166	9079	strict
166	9165	strict
166	9166	strict
166	9167	strict
166	9209	strict
166	11610	strict
166	11612	strict
166	11619	strict
166	11621	strict
166	11622	strict
166	11623	strict
166	11624	strict
166	11626	strict
166	11710	strict
166	12312	strict
166	13422	strict
166	13431	strict
166	14402	strict
166	14404	strict
166	14405	strict
166	14772	strict
166	14774	strict
166	14926	strict
166	14987	strict
166	14989	strict
166	14993	strict
166	14998	strict
166	15008	strict
166	15989	strict
166	15991	strict
166	15993	strict
166	15994	strict
166	15997	strict
167	6773	equal
167	6774	strict
167	6780	strict
167	6781	strict
167	6782	strict
167	6790	strict
167	6791	strict
167	6792	strict
167	6800	strict
167	6801	strict
167	6802	strict
167	6810	strict
167	6816	strict
167	6817	strict
167	6819	strict
167	6826	strict
167	6827	strict
167	6969	strict
167	6980	strict
167	7099	strict
167	7101	strict
167	7108	strict
167	7110	strict
167	7111	strict
167	7112	strict
167	7113	strict
167	7115	strict
167	7204	strict
167	7217	strict
167	7254	strict
167	7278	strict
167	7300	strict
167	7337	strict
167	7902	strict
167	8767	strict
167	8815	strict
167	9071	strict
167	9072	strict
167	9073	strict
167	9076	strict
167	9081	strict
167	9168	strict
167	9169	strict
167	9170	strict
167	9196	strict
167	11612	strict
167	11618	strict
167	11620	strict
167	11623	strict
167	11624	strict
167	11627	strict
167	11647	strict
167	13425	strict
167	13453	strict
167	14403	strict
167	14406	strict
167	14407	strict
167	14445	strict
167	14447	strict
167	14775	strict
167	14777	strict
167	14932	strict
167	14934	strict
167	14936	strict
167	14937	strict
167	14940	strict
167	15457	strict
167	15462	strict
167	15472	strict
167	15984	strict
168	6776	equal
168	6783	strict
168	6784	strict
168	6787	strict
168	6793	strict
168	6794	strict
168	6797	strict
168	6803	strict
168	6804	strict
168	6805	strict
168	6806	strict
168	6811	strict
168	6812	strict
168	6820	strict
168	6821	strict
168	6822	strict
168	6823	strict
168	6831	strict
168	6832	strict
168	6833	strict
168	6974	strict
168	6978	strict
168	6982	strict
168	7104	strict
168	7119	strict
168	7121	strict
168	7126	strict
168	7127	strict
168	7128	strict
168	7156	strict
168	7218	strict
168	7220	strict
168	7222	strict
168	7228	strict
168	7230	strict
168	7232	strict
168	7234	strict
168	7338	strict
168	7575	strict
168	7904	strict
168	8697	strict
168	8768	strict
168	9078	strict
168	9082	strict
168	9090	strict
168	9171	strict
168	9208	strict
168	9209	strict
168	9295	strict
168	11613	strict
168	11615	strict
168	11628	strict
168	11632	strict
168	11633	strict
168	11636	strict
168	11638	strict
168	11639	strict
168	11711	strict
168	11720	strict
168	11723	strict
168	12313	strict
168	13421	strict
168	13434	strict
168	14408	strict
168	14774	strict
168	14928	strict
168	15010	strict
168	15038	strict
168	15039	strict
168	15041	strict
168	15993	strict
168	15995	strict
168	15996	strict
168	15997	strict
169	6777	equal
169	6785	strict
169	6786	strict
169	6787	strict
169	6795	strict
169	6796	strict
169	6797	strict
169	6807	strict
169	6808	strict
169	6809	strict
169	6810	strict
169	6811	strict
169	6813	strict
169	6824	strict
169	6825	strict
169	6826	strict
169	6827	strict
169	6972	strict
169	6982	strict
169	7102	strict
169	7104	strict
169	7117	strict
169	7122	strict
169	7123	strict
169	7125	strict
169	7127	strict
169	7128	strict
169	7205	strict
169	7206	strict
169	7207	strict
169	7219	strict
169	7221	strict
169	7223	strict
169	7229	strict
169	7231	strict
169	7233	strict
169	7235	strict
169	7255	strict
169	7279	strict
169	7289	strict
169	7301	strict
169	7312	strict
169	7314	strict
169	7339	strict
169	7905	strict
169	8769	strict
169	8816	strict
169	9074	strict
169	9078	strict
169	9084	strict
169	9172	strict
169	9195	strict
169	9196	strict
169	11615	strict
169	11630	strict
169	11635	strict
169	11637	strict
169	11638	strict
169	11639	strict
169	11646	strict
169	12469	strict
169	13424	strict
169	13456	strict
169	14409	strict
169	14449	strict
169	14777	strict
169	14936	strict
169	14938	strict
169	14939	strict
169	14940	strict
169	15986	strict
169	16047	strict
169	16048	strict
169	16050	strict
170	6839	equal
170	6840	strict
170	6843	strict
170	6850	strict
170	6851	strict
170	6854	strict
170	6855	strict
170	6856	strict
170	6857	strict
170	6861	strict
170	6862	strict
170	6871	strict
170	7001	strict
170	7003	strict
170	7005	strict
170	7006	strict
170	7009	strict
170	7018	strict
170	7030	strict
170	7031	strict
170	7032	strict
170	7033	strict
170	7035	strict
170	7049	strict
170	7052	strict
170	7057	strict
170	7058	strict
170	7063	strict
170	7068	strict
170	7070	strict
170	7240	strict
170	7347	strict
170	7922	strict
170	8505	strict
170	8702	strict
170	8821	strict
170	9095	strict
170	9105	strict
170	9109	strict
170	9139	strict
170	9141	strict
170	9263	strict
170	11830	strict
170	11832	strict
170	11850	strict
170	11854	strict
170	11855	strict
170	11856	strict
170	11857	strict
170	11861	strict
170	11889	strict
170	11891	strict
170	12211	strict
170	12271	strict
170	14418	strict
170	14420	strict
170	14421	strict
170	15091	strict
170	15094	strict
170	15099	strict
170	15101	strict
170	15111	strict
170	15264	strict
170	15266	strict
170	15382	strict
170	16373	strict
170	16374	strict
170	16377	strict
170	16378	strict
170	16381	strict
171	6841	equal
171	6842	strict
171	6844	strict
171	6852	strict
171	6853	strict
171	6854	strict
171	6858	strict
171	6859	strict
171	6860	strict
171	6861	strict
171	6862	strict
171	6879	strict
171	7002	strict
171	7004	strict
171	7012	strict
171	7020	strict
171	7043	strict
171	7044	strict
171	7045	strict
171	7046	strict
171	7048	strict
171	7050	strict
171	7054	strict
171	7059	strict
171	7060	strict
171	7061	strict
171	7062	strict
171	7065	strict
171	7067	strict
171	7072	strict
171	7236	strict
171	7241	strict
171	7250	strict
171	7264	strict
171	7266	strict
171	7270	strict
171	7271	strict
171	7349	strict
171	7923	strict
171	8506	strict
171	8716	strict
171	8822	strict
171	9097	strict
171	9101	strict
171	9102	strict
171	9103	strict
171	9105	strict
171	9137	strict
171	9244	strict
171	11832	strict
171	11851	strict
171	11853	strict
171	11855	strict
171	11857	strict
171	11862	strict
171	11880	strict
171	12215	strict
171	12286	strict
171	14419	strict
171	14422	strict
171	14423	strict
171	14439	strict
171	14441	strict
171	15165	strict
171	15170	strict
171	15186	strict
171	15267	strict
171	15269	strict
171	15388	strict
171	15390	strict
171	15392	strict
171	15393	strict
171	15396	strict
171	16370	strict
172	6846	equal
172	6848	strict
172	6863	strict
172	6864	strict
172	6867	strict
172	6868	strict
172	6869	strict
172	6870	strict
172	6871	strict
172	6872	strict
172	6877	strict
172	6878	strict
172	7007	strict
172	7008	strict
172	7009	strict
172	7023	strict
172	7025	strict
172	7027	strict
172	7029	strict
172	7031	strict
172	7032	strict
172	7034	strict
172	7035	strict
172	7049	strict
172	7055	strict
172	7069	strict
172	7070	strict
172	7242	strict
172	7290	strict
172	7292	strict
172	7294	strict
172	7296	strict
172	7350	strict
172	7932	strict
172	8703	strict
172	8823	strict
172	9098	strict
172	9108	strict
172	9110	strict
172	9140	strict
172	9143	strict
172	9236	strict
172	9262	strict
172	9263	strict
172	9314	strict
172	11833	strict
172	11835	strict
172	11863	strict
172	11867	strict
172	11868	strict
172	11871	strict
172	11873	strict
172	11874	strict
172	11890	strict
172	11892	strict
172	12212	strict
172	12274	strict
172	13373	strict
172	13374	strict
172	14442	strict
172	15266	strict
172	15384	strict
172	15411	strict
172	15424	strict
172	15426	strict
172	15428	strict
172	16378	strict
172	16379	strict
172	16380	strict
172	16381	strict
173	6847	equal
173	6849	strict
173	6865	strict
173	6866	strict
173	6867	strict
173	6873	strict
173	6874	strict
173	6875	strict
173	6876	strict
173	6877	strict
173	6878	strict
173	6879	strict
173	7010	strict
173	7011	strict
173	7012	strict
173	7037	strict
173	7039	strict
173	7040	strict
173	7042	strict
173	7044	strict
173	7045	strict
173	7047	strict
173	7048	strict
173	7050	strict
173	7056	strict
173	7071	strict
173	7072	strict
173	7237	strict
173	7238	strict
173	7239	strict
173	7243	strict
173	7252	strict
173	7265	strict
173	7267	strict
173	7273	strict
173	7274	strict
173	7291	strict
173	7293	strict
173	7295	strict
173	7297	strict
173	7305	strict
173	7313	strict
173	7316	strict
173	7351	strict
173	7933	strict
173	8717	strict
173	8824	strict
173	9100	strict
173	9106	strict
173	9108	strict
173	9138	strict
173	9243	strict
173	9244	strict
173	11835	strict
173	11865	strict
173	11870	strict
173	11872	strict
173	11873	strict
173	11874	strict
173	11879	strict
173	12216	strict
173	12295	strict
173	13536	strict
173	14443	strict
173	14448	strict
173	15269	strict
173	15392	strict
173	15394	strict
173	15395	strict
173	15396	strict
173	16012	strict
173	16013	strict
173	16015	strict
173	16372	strict
174	6881	equal
174	6882	strict
174	6883	strict
174	6884	strict
174	6885	strict
174	6886	strict
174	6893	strict
174	6894	strict
174	6895	strict
174	6903	strict
174	6904	strict
174	6911	strict
174	7077	strict
174	7081	strict
174	7092	strict
174	7093	strict
174	7106	strict
174	7110	strict
174	7111	strict
174	7112	strict
174	7113	strict
174	7136	strict
174	7164	strict
174	7167	strict
174	7177	strict
174	7178	strict
174	7179	strict
174	7190	strict
174	7191	strict
174	7192	strict
174	7197	strict
174	7244	strict
174	7354	strict
174	7962	strict
174	8704	strict
174	8868	strict
174	9111	strict
174	9117	strict
174	9118	strict
174	9119	strict
174	9120	strict
174	9128	strict
174	9320	strict
174	11990	strict
174	11991	strict
174	12082	strict
174	12092	strict
174	12098	strict
174	12102	strict
174	12103	strict
174	12104	strict
174	12105	strict
174	12134	strict
174	12150	strict
174	14427	strict
174	14431	strict
174	14433	strict
174	14434	strict
174	14435	strict
174	15119	strict
174	15128	strict
174	15134	strict
174	15144	strict
174	16141	strict
174	16142	strict
174	16143	strict
174	16455	strict
174	16459	strict
174	16460	strict
174	16463	strict
175	6887	equal
175	6888	strict
175	6889	strict
175	6890	strict
175	6891	strict
175	6892	strict
175	6893	strict
175	6894	strict
175	6895	strict
175	6905	strict
175	6906	strict
175	6912	strict
175	7078	strict
175	7080	strict
175	7081	strict
175	7093	strict
175	7107	strict
175	7109	strict
175	7111	strict
175	7113	strict
175	7137	strict
175	7145	strict
175	7146	strict
175	7148	strict
175	7149	strict
175	7165	strict
175	7168	strict
175	7169	strict
175	7170	strict
175	7173	strict
175	7174	strict
175	7181	strict
175	7183	strict
175	7195	strict
175	7245	strict
175	7355	strict
175	7963	strict
175	8552	strict
175	8705	strict
175	8869	strict
175	9112	strict
175	9122	strict
175	9123	strict
175	9124	strict
175	9125	strict
175	9127	strict
175	9301	strict
175	11992	strict
175	11993	strict
175	12086	strict
175	12094	strict
175	12107	strict
175	12111	strict
175	12112	strict
175	12113	strict
175	12114	strict
175	12135	strict
175	12151	strict
175	14428	strict
175	14429	strict
175	14430	strict
175	14437	strict
175	14438	strict
175	15120	strict
175	15124	strict
175	15132	strict
175	15159	strict
175	16144	strict
175	16145	strict
175	16146	strict
175	16195	strict
175	16199	strict
175	16200	strict
175	16203	strict
176	6896	equal
176	6897	strict
176	6907	strict
176	6908	strict
176	6909	strict
176	6910	strict
176	6918	strict
176	6929	strict
176	7075	strict
176	7082	strict
176	7085	strict
176	7090	strict
176	7098	strict
176	7121	strict
176	7125	strict
176	7126	strict
176	7128	strict
176	7132	strict
176	7141	strict
176	7143	strict
176	7144	strict
176	7145	strict
176	7147	strict
176	7150	strict
176	7151	strict
176	7153	strict
176	7168	strict
176	7170	strict
176	7171	strict
176	7175	strict
176	7180	strict
176	7183	strict
176	7189	strict
176	7246	strict
176	7250	strict
176	7251	strict
176	7268	strict
176	7270	strict
176	7271	strict
176	7272	strict
176	7359	strict
176	7970	strict
176	8577	strict
176	8706	strict
176	8871	strict
176	9113	strict
176	9129	strict
176	9130	strict
176	9131	strict
176	9142	strict
176	9300	strict
176	11997	strict
176	11998	strict
176	12018	strict
176	12021	strict
176	12117	strict
176	12119	strict
176	12124	strict
176	12127	strict
176	12129	strict
176	12138	strict
176	12170	strict
176	12286	strict
176	12289	strict
176	14439	strict
176	14440	strict
176	14441	strict
176	15165	strict
176	15169	strict
176	15186	strict
176	16195	strict
176	16197	strict
176	16199	strict
176	16200	strict
176	16203	strict
177	6899	equal
177	6913	strict
177	6914	strict
177	6915	strict
177	6916	strict
177	6917	strict
177	6918	strict
177	6930	strict
177	7083	strict
177	7084	strict
177	7085	strict
177	7089	strict
177	7096	strict
177	7098	strict
177	7122	strict
177	7124	strict
177	7125	strict
177	7127	strict
177	7128	strict
177	7132	strict
177	7142	strict
177	7152	strict
177	7153	strict
177	7158	strict
177	7159	strict
177	7160	strict
177	7163	strict
177	7183	strict
177	7184	strict
177	7185	strict
177	7201	strict
177	7247	strict
177	7252	strict
177	7253	strict
177	7260	strict
177	7261	strict
177	7269	strict
177	7273	strict
177	7274	strict
177	7275	strict
177	7308	strict
177	7310	strict
177	7313	strict
177	7315	strict
177	7364	strict
177	7981	strict
177	8707	strict
177	8879	strict
177	9114	strict
177	9132	strict
177	9144	strict
177	9299	strict
177	9300	strict
177	12002	strict
177	12003	strict
177	12024	strict
177	12027	strict
177	12147	strict
177	12153	strict
177	12159	strict
177	12164	strict
177	12165	strict
177	12166	strict
177	12168	strict
177	12295	strict
177	12298	strict
177	14448	strict
177	16011	strict
177	16013	strict
177	16015	strict
177	16183	strict
177	16199	strict
177	16201	strict
177	16202	strict
177	16203	strict
178	6900	equal
178	6901	strict
178	6919	strict
178	6920	strict
178	6921	strict
178	6922	strict
178	6927	strict
178	6932	strict
178	6933	strict
178	6934	strict
178	6937	strict
178	6938	strict
178	7086	strict
178	7091	strict
178	7092	strict
178	7093	strict
178	7094	strict
178	7099	strict
178	7100	strict
178	7101	strict
178	7110	strict
178	7111	strict
178	7112	strict
178	7113	strict
178	7129	strict
178	7133	strict
178	7186	strict
178	7187	strict
178	7188	strict
178	7190	strict
178	7192	strict
178	7193	strict
178	7197	strict
178	7248	strict
178	7254	strict
178	7256	strict
178	7298	strict
178	7300	strict
178	7366	strict
178	7988	strict
178	8708	strict
178	8883	strict
178	9115	strict
178	9133	strict
178	9134	strict
178	9135	strict
178	9319	strict
178	12007	strict
178	12008	strict
178	12057	strict
178	12063	strict
178	12173	strict
178	12175	strict
178	12177	strict
178	12182	strict
178	12184	strict
178	12188	strict
178	12209	strict
178	13453	strict
178	14445	strict
178	14446	strict
178	14447	strict
178	15457	strict
178	15461	strict
178	15472	strict
178	16455	strict
178	16457	strict
178	16459	strict
178	16460	strict
178	16463	strict
179	6902	equal
179	6923	strict
179	6924	strict
179	6925	strict
179	6926	strict
179	6927	strict
179	6928	strict
179	6931	strict
179	6935	strict
179	6936	strict
179	6937	strict
179	6938	strict
179	7087	strict
179	7095	strict
179	7096	strict
179	7097	strict
179	7098	strict
179	7102	strict
179	7103	strict
179	7104	strict
179	7122	strict
179	7125	strict
179	7127	strict
179	7128	strict
179	7131	strict
179	7134	strict
179	7160	strict
179	7161	strict
179	7162	strict
179	7163	strict
179	7197	strict
179	7198	strict
179	7199	strict
179	7200	strict
179	7249	strict
179	7255	strict
179	7257	strict
179	7262	strict
179	7263	strict
179	7299	strict
179	7301	strict
179	7309	strict
179	7311	strict
179	7314	strict
179	7317	strict
179	7367	strict
179	7996	strict
179	8709	strict
179	8886	strict
179	9116	strict
179	9136	strict
179	9318	strict
179	9319	strict
179	12012	strict
179	12013	strict
179	12060	strict
179	12066	strict
179	12191	strict
179	12193	strict
179	12198	strict
179	12204	strict
179	12205	strict
179	12206	strict
179	12208	strict
179	13456	strict
179	14449	strict
179	16046	strict
179	16048	strict
179	16050	strict
179	16443	strict
179	16459	strict
179	16461	strict
179	16462	strict
179	16463	strict
180	7453	equal
180	7454	strict
180	7457	strict
180	7459	strict
180	7460	strict
180	7463	strict
180	7464	strict
180	7465	strict
180	7466	strict
180	7470	strict
180	7471	strict
180	7492	strict
180	7557	strict
180	7828	strict
180	8059	strict
180	8079	strict
180	8086	strict
180	8093	strict
180	8122	strict
180	8125	strict
180	8174	strict
180	8176	strict
180	8188	strict
180	8192	strict
180	8193	strict
180	8194	strict
180	8195	strict
180	8206	strict
180	8256	strict
180	8257	strict
180	8578	strict
180	8591	strict
180	11501	strict
180	11502	strict
180	11505	strict
180	11507	strict
180	11509	strict
180	11510	strict
180	11513	strict
180	11518	strict
180	11523	strict
180	11527	strict
180	11551	strict
180	11553	strict
180	11554	strict
180	11555	strict
180	11556	strict
180	11558	strict
180	11565	strict
180	11571	strict
180	11735	strict
180	12150	strict
180	12322	strict
180	12437	strict
180	14427	strict
180	14431	strict
180	14434	strict
180	14621	strict
180	15117	strict
180	15119	strict
180	15134	strict
180	15144	strict
180	16141	strict
180	16143	strict
180	16192	strict
180	16455	strict
180	16456	strict
180	16459	strict
180	16460	strict
180	16463	strict
181	7455	equal
181	7456	strict
181	7458	strict
181	7461	strict
181	7462	strict
181	7463	strict
181	7467	strict
181	7468	strict
181	7469	strict
181	7470	strict
181	7471	strict
181	7493	strict
181	7553	strict
181	7558	strict
181	7564	strict
181	7581	strict
181	7583	strict
181	7586	strict
181	7587	strict
181	7829	strict
181	8072	strict
181	8081	strict
181	8082	strict
181	8083	strict
181	8084	strict
181	8086	strict
181	8121	strict
181	8176	strict
181	8189	strict
181	8191	strict
181	8193	strict
181	8195	strict
181	8207	strict
181	8252	strict
181	8582	strict
181	8600	strict
181	11503	strict
181	11504	strict
181	11506	strict
181	11508	strict
181	11511	strict
181	11512	strict
181	11515	strict
181	11517	strict
181	11524	strict
181	11528	strict
181	11552	strict
181	11559	strict
181	11560	strict
181	11561	strict
181	11562	strict
181	11564	strict
181	11566	strict
181	11572	strict
181	11737	strict
181	12151	strict
181	12323	strict
181	12428	strict
181	14428	strict
181	14430	strict
181	14438	strict
181	14626	strict
181	15118	strict
181	15120	strict
181	15124	strict
181	15159	strict
181	16144	strict
181	16146	strict
181	16195	strict
181	16196	strict
181	16199	strict
181	16200	strict
181	16203	strict
181	16452	strict
182	7473	equal
182	7475	strict
182	7477	strict
182	7478	strict
182	7481	strict
182	7482	strict
182	7483	strict
182	7484	strict
182	7485	strict
182	7490	strict
182	7491	strict
182	7492	strict
182	7559	strict
182	7879	strict
182	8060	strict
182	8087	strict
182	8092	strict
182	8094	strict
182	8124	strict
182	8127	strict
182	8210	strict
182	8212	strict
182	8215	strict
182	8239	strict
182	8240	strict
182	8243	strict
182	8245	strict
182	8246	strict
182	8260	strict
182	8261	strict
182	8580	strict
182	8609	strict
182	11519	strict
182	11520	strict
182	11523	strict
182	11525	strict
182	11527	strict
182	11536	strict
182	11537	strict
182	11546	strict
182	11548	strict
182	11554	strict
182	11555	strict
182	11557	strict
182	11558	strict
182	11565	strict
182	11573	strict
182	11702	strict
182	11704	strict
182	11706	strict
182	11708	strict
182	11738	strict
182	12330	strict
182	12410	strict
182	12436	strict
182	12437	strict
182	12498	strict
182	13368	strict
182	13377	strict
182	14941	strict
182	14945	strict
182	14956	strict
182	14960	strict
182	14962	strict
182	16143	strict
182	16194	strict
182	16460	strict
182	16461	strict
182	16462	strict
182	16463	strict
183	7474	equal
183	7476	strict
183	7479	strict
183	7480	strict
183	7481	strict
183	7486	strict
183	7487	strict
183	7488	strict
183	7489	strict
183	7490	strict
183	7491	strict
183	7493	strict
183	7554	strict
183	7555	strict
183	7556	strict
183	7560	strict
183	7567	strict
183	7582	strict
183	7584	strict
183	7590	strict
183	7591	strict
183	7880	strict
183	8074	strict
183	8089	strict
183	8090	strict
183	8092	strict
183	8123	strict
183	8212	strict
183	8217	strict
183	8242	strict
183	8244	strict
183	8245	strict
183	8246	strict
183	8251	strict
183	8584	strict
183	8618	strict
183	11521	strict
183	11522	strict
183	11524	strict
183	11526	strict
183	11528	strict
183	11539	strict
183	11540	strict
183	11542	strict
183	11544	strict
183	11560	strict
183	11561	strict
183	11563	strict
183	11564	strict
183	11566	strict
183	11574	strict
183	11703	strict
183	11705	strict
183	11707	strict
183	11709	strict
183	11717	strict
183	11721	strict
183	11729	strict
183	11739	strict
183	12331	strict
183	12427	strict
183	12428	strict
183	13560	strict
183	14942	strict
183	14944	strict
183	14976	strict
183	14980	strict
183	14982	strict
183	16146	strict
183	16200	strict
183	16201	strict
183	16202	strict
183	16203	strict
183	16454	strict
184	7495	equal
184	7496	strict
184	7497	strict
184	7498	strict
184	7499	strict
184	7500	strict
184	7507	strict
184	7508	strict
184	7509	strict
184	7512	strict
184	7513	strict
184	7522	strict
184	7561	strict
184	7843	strict
184	8061	strict
184	8095	strict
184	8098	strict
184	8099	strict
184	8100	strict
184	8101	strict
184	8109	strict
184	8268	strict
184	8269	strict
184	8320	strict
184	8330	strict
184	8336	strict
184	8337	strict
184	8339	strict
184	8342	strict
184	8343	strict
184	8388	strict
184	8505	strict
184	11582	strict
184	11586	strict
184	11603	strict
184	11604	strict
184	11617	strict
184	11621	strict
184	11622	strict
184	11623	strict
184	11624	strict
184	11651	strict
184	11658	strict
184	11661	strict
184	11671	strict
184	11672	strict
184	11673	strict
184	11690	strict
184	11691	strict
184	11692	strict
184	11697	strict
184	11742	strict
184	12363	strict
184	12493	strict
184	14418	strict
184	14421	strict
184	14615	strict
184	15091	strict
184	15093	strict
184	15094	strict
184	15101	strict
184	15111	strict
184	15162	strict
184	15264	strict
184	15265	strict
184	15266	strict
184	16373	strict
184	16377	strict
184	16378	strict
184	16381	strict
185	7501	equal
185	7502	strict
185	7503	strict
185	7504	strict
185	7505	strict
185	7506	strict
185	7507	strict
185	7508	strict
185	7509	strict
185	7514	strict
185	7515	strict
185	7523	strict
185	7562	strict
185	7858	strict
185	8062	strict
185	8096	strict
185	8103	strict
185	8104	strict
185	8105	strict
185	8106	strict
185	8108	strict
185	8273	strict
185	8274	strict
185	8324	strict
185	8332	strict
185	8345	strict
185	8346	strict
185	8348	strict
185	8351	strict
185	8352	strict
185	8390	strict
185	8506	strict
185	11577	strict
185	11578	strict
185	11583	strict
185	11585	strict
185	11586	strict
185	11588	strict
185	11589	strict
185	11604	strict
185	11618	strict
185	11620	strict
185	11622	strict
185	11624	strict
185	11652	strict
185	11659	strict
185	11662	strict
185	11663	strict
185	11664	strict
185	11667	strict
185	11668	strict
185	11675	strict
185	11678	strict
185	11695	strict
185	11743	strict
185	12185	strict
185	12364	strict
185	12475	strict
185	14419	strict
185	14423	strict
185	14424	strict
185	14439	strict
185	14441	strict
185	14631	strict
185	15164	strict
185	15165	strict
185	15186	strict
185	15267	strict
185	15268	strict
185	15269	strict
185	15388	strict
185	15392	strict
185	15393	strict
185	15396	strict
186	7510	equal
186	7511	strict
186	7516	strict
186	7517	strict
186	7518	strict
186	7519	strict
186	7529	strict
186	7543	strict
186	7563	strict
186	7564	strict
186	7565	strict
186	7585	strict
186	7586	strict
186	7587	strict
186	7588	strict
186	7865	strict
186	8063	strict
186	8097	strict
186	8110	strict
186	8111	strict
186	8112	strict
186	8126	strict
186	8278	strict
186	8279	strict
186	8283	strict
186	8286	strict
186	8355	strict
186	8357	strict
186	8362	strict
186	8366	strict
186	8367	strict
186	8393	strict
186	8525	strict
186	8600	strict
186	8603	strict
186	11575	strict
186	11576	strict
186	11577	strict
186	11579	strict
186	11580	strict
186	11587	strict
186	11590	strict
186	11591	strict
186	11594	strict
186	11596	strict
186	11601	strict
186	11609	strict
186	11635	strict
186	11636	strict
186	11637	strict
186	11639	strict
186	11643	strict
186	11656	strict
186	11662	strict
186	11664	strict
186	11665	strict
186	11669	strict
186	11674	strict
186	11678	strict
186	11686	strict
186	11747	strict
186	12210	strict
186	12366	strict
186	12474	strict
186	14430	strict
186	14438	strict
186	14625	strict
186	15123	strict
186	15124	strict
186	15159	strict
186	15388	strict
186	15389	strict
186	15392	strict
186	15393	strict
186	15396	strict
187	7521	equal
187	7524	strict
187	7525	strict
187	7526	strict
187	7527	strict
187	7528	strict
187	7529	strict
187	7544	strict
187	7566	strict
187	7567	strict
187	7568	strict
187	7573	strict
187	7576	strict
187	7589	strict
187	7590	strict
187	7591	strict
187	7592	strict
187	7898	strict
187	8064	strict
187	8113	strict
187	8116	strict
187	8128	strict
187	8398	strict
187	8399	strict
187	8403	strict
187	8406	strict
187	8427	strict
187	8508	strict
187	8511	strict
187	8517	strict
187	8518	strict
187	8519	strict
187	8523	strict
187	8618	strict
187	8621	strict
187	11592	strict
187	11593	strict
187	11594	strict
187	11595	strict
187	11596	strict
187	11600	strict
187	11607	strict
187	11609	strict
187	11632	strict
187	11634	strict
187	11636	strict
187	11638	strict
187	11639	strict
187	11643	strict
187	11657	strict
187	11676	strict
187	11678	strict
187	11679	strict
187	11680	strict
187	11681	strict
187	11682	strict
187	11689	strict
187	11701	strict
187	11718	strict
187	11721	strict
187	11725	strict
187	11727	strict
187	11752	strict
187	12374	strict
187	12473	strict
187	12474	strict
187	14944	strict
187	14975	strict
187	14980	strict
187	14982	strict
187	15370	strict
187	15393	strict
187	15394	strict
187	15395	strict
187	15396	strict
188	7530	equal
188	7531	strict
188	7533	strict
188	7534	strict
188	7535	strict
188	7536	strict
188	7541	strict
188	7546	strict
188	7547	strict
188	7548	strict
188	7551	strict
188	7552	strict
188	7569	strict
188	7574	strict
188	7577	strict
188	7911	strict
188	8065	strict
188	8114	strict
188	8117	strict
188	8118	strict
188	8119	strict
188	8410	strict
188	8411	strict
188	8430	strict
188	8534	strict
188	8540	strict
188	8542	strict
188	8544	strict
188	8549	strict
188	8550	strict
188	8555	strict
188	8576	strict
188	11597	strict
188	11602	strict
188	11603	strict
188	11604	strict
188	11605	strict
188	11610	strict
188	11611	strict
188	11612	strict
188	11621	strict
188	11622	strict
188	11623	strict
188	11624	strict
188	11640	strict
188	11648	strict
188	11683	strict
188	11684	strict
188	11685	strict
188	11690	strict
188	11692	strict
188	11693	strict
188	11697	strict
188	11710	strict
188	11712	strict
188	11754	strict
188	12379	strict
188	12492	strict
188	13431	strict
188	14987	strict
188	14988	strict
188	14989	strict
188	14993	strict
188	14997	strict
188	15008	strict
188	16373	strict
188	16375	strict
188	16377	strict
188	16378	strict
188	16381	strict
189	7532	equal
189	7537	strict
189	7538	strict
189	7539	strict
189	7540	strict
189	7541	strict
189	7542	strict
189	7545	strict
189	7549	strict
189	7550	strict
189	7551	strict
189	7552	strict
189	7570	strict
189	7575	strict
189	7578	strict
189	7579	strict
189	7580	strict
189	7919	strict
189	8066	strict
189	8115	strict
189	8120	strict
189	8415	strict
189	8416	strict
189	8433	strict
189	8537	strict
189	8558	strict
189	8560	strict
189	8562	strict
189	8569	strict
189	8570	strict
189	8571	strict
189	8575	strict
189	11598	strict
189	11606	strict
189	11607	strict
189	11608	strict
189	11609	strict
189	11613	strict
189	11614	strict
189	11615	strict
189	11632	strict
189	11636	strict
189	11638	strict
189	11639	strict
189	11642	strict
189	11649	strict
189	11682	strict
189	11687	strict
189	11688	strict
189	11689	strict
189	11697	strict
189	11698	strict
189	11699	strict
189	11700	strict
189	11711	strict
189	11713	strict
189	11719	strict
189	11722	strict
189	11723	strict
189	11728	strict
189	11755	strict
189	12382	strict
189	12491	strict
189	12492	strict
189	13434	strict
189	15010	strict
189	15035	strict
189	15039	strict
189	15041	strict
189	16355	strict
189	16377	strict
189	16379	strict
189	16380	strict
189	16381	strict
190	7610	equal
190	7611	strict
190	7612	strict
190	7613	strict
190	7614	strict
190	7615	strict
190	7622	strict
190	7623	strict
190	7624	strict
190	7625	strict
190	7626	strict
190	7636	strict
190	7658	strict
190	7811	strict
190	7997	strict
190	8003	strict
190	8012	strict
190	8013	strict
190	8178	strict
190	8180	strict
190	8181	strict
190	8182	strict
190	8183	strict
190	8186	strict
190	8189	strict
190	8191	strict
190	8194	strict
190	8195	strict
190	8200	strict
190	8203	strict
190	8221	strict
190	8360	strict
190	11813	strict
190	11817	strict
190	11842	strict
190	11843	strict
190	11852	strict
190	11854	strict
190	11855	strict
190	11856	strict
190	11857	strict
190	11882	strict
190	13335	strict
190	13338	strict
190	13345	strict
190	13347	strict
190	13348	strict
190	13356	strict
190	13357	strict
190	13362	strict
190	13378	strict
190	13422	strict
190	13469	strict
190	13555	strict
190	14402	strict
190	14405	strict
190	14606	strict
190	14772	strict
190	14773	strict
190	14774	strict
190	14987	strict
190	14989	strict
190	14992	strict
190	14993	strict
190	15008	strict
190	15450	strict
190	15989	strict
190	15993	strict
190	15994	strict
190	15997	strict
191	7616	equal
191	7617	strict
191	7618	strict
191	7619	strict
191	7620	strict
191	7621	strict
191	7622	strict
191	7623	strict
191	7624	strict
191	7627	strict
191	7628	strict
191	7637	strict
191	7659	strict
191	7820	strict
191	7998	strict
191	8004	strict
191	8017	strict
191	8018	strict
191	8181	strict
191	8185	strict
191	8186	strict
191	8190	strict
191	8192	strict
191	8193	strict
191	8194	strict
191	8195	strict
191	8199	strict
191	8202	strict
191	11808	strict
191	11809	strict
191	11814	strict
191	11816	strict
191	11817	strict
191	11818	strict
191	11819	strict
191	11843	strict
191	11851	strict
191	11853	strict
191	11856	strict
191	11857	strict
191	11883	strict
191	12122	strict
191	13336	strict
191	13339	strict
191	13340	strict
191	13342	strict
191	13346	strict
191	13349	strict
191	13350	strict
191	13355	strict
191	13379	strict
191	13425	strict
191	13470	strict
191	13530	strict
191	14403	strict
191	14407	strict
191	14414	strict
191	14445	strict
191	14447	strict
191	14674	strict
191	14775	strict
191	14776	strict
191	14777	strict
191	14932	strict
191	14936	strict
191	14937	strict
191	14940	strict
191	15456	strict
191	15457	strict
191	15472	strict
192	7629	equal
192	7630	strict
192	7631	strict
192	7632	strict
192	7633	strict
192	7634	strict
192	7644	strict
192	7660	strict
192	7835	strict
192	7999	strict
192	8005	strict
192	8022	strict
192	8023	strict
192	8173	strict
192	8174	strict
192	8175	strict
192	8176	strict
192	8177	strict
192	8184	strict
192	8185	strict
192	8186	strict
192	8192	strict
192	8193	strict
192	8194	strict
192	8195	strict
192	8196	strict
192	8204	strict
192	8256	strict
192	8257	strict
192	8258	strict
192	8259	strict
192	8583	strict
192	8591	strict
192	8602	strict
192	11806	strict
192	11807	strict
192	11808	strict
192	11810	strict
192	11811	strict
192	11820	strict
192	11821	strict
192	11822	strict
192	11825	strict
192	11827	strict
192	11840	strict
192	11848	strict
192	11870	strict
192	11871	strict
192	11872	strict
192	11874	strict
192	11877	strict
192	11887	strict
192	12169	strict
192	13339	strict
192	13343	strict
192	13355	strict
192	13383	strict
192	13472	strict
192	13529	strict
192	14431	strict
192	14434	strict
192	14620	strict
192	14932	strict
192	14933	strict
192	14936	strict
192	14937	strict
192	14940	strict
192	15133	strict
192	15134	strict
192	15144	strict
193	7638	equal
193	7639	strict
193	7640	strict
193	7641	strict
193	7642	strict
193	7643	strict
193	7644	strict
193	7661	strict
193	7886	strict
193	8000	strict
193	8006	strict
193	8028	strict
193	8029	strict
193	8209	strict
193	8210	strict
193	8211	strict
193	8212	strict
193	8213	strict
193	8214	strict
193	8235	strict
193	8236	strict
193	8237	strict
193	8239	strict
193	8243	strict
193	8245	strict
193	8246	strict
193	8248	strict
193	8260	strict
193	8261	strict
193	8262	strict
193	8263	strict
193	8585	strict
193	8609	strict
193	8620	strict
193	11823	strict
193	11824	strict
193	11825	strict
193	11826	strict
193	11827	strict
193	11839	strict
193	11846	strict
193	11848	strict
193	11867	strict
193	11869	strict
193	11871	strict
193	11873	strict
193	11874	strict
193	11877	strict
193	11888	strict
193	13353	strict
193	13355	strict
193	13363	strict
193	13365	strict
193	13366	strict
193	13367	strict
193	13368	strict
193	13371	strict
193	13388	strict
193	13481	strict
193	13528	strict
193	13529	strict
193	14915	strict
193	14937	strict
193	14938	strict
193	14939	strict
193	14940	strict
193	14945	strict
193	14955	strict
193	14960	strict
193	14962	strict
194	7645	equal
194	7646	strict
194	7647	strict
194	7648	strict
194	7649	strict
194	7650	strict
194	7656	strict
194	7662	strict
194	7929	strict
194	8001	strict
194	8007	strict
194	8042	strict
194	8043	strict
194	8219	strict
194	8220	strict
194	8221	strict
194	8222	strict
194	8225	strict
194	8227	strict
194	8229	strict
194	8231	strict
194	8232	strict
194	8233	strict
194	8234	strict
194	8237	strict
194	8242	strict
194	8243	strict
194	8244	strict
194	8246	strict
194	8249	strict
194	8254	strict
194	8524	strict
194	11828	strict
194	11830	strict
194	11831	strict
194	11832	strict
194	11836	strict
194	11841	strict
194	11842	strict
194	11843	strict
194	11844	strict
194	11854	strict
194	11855	strict
194	11856	strict
194	11857	strict
194	11858	strict
194	11889	strict
194	11891	strict
194	11893	strict
194	11895	strict
194	12217	strict
194	12271	strict
194	12288	strict
194	13356	strict
194	13358	strict
194	13362	strict
194	13391	strict
194	13489	strict
194	13554	strict
194	15091	strict
194	15094	strict
194	15098	strict
194	15100	strict
194	15101	strict
194	15111	strict
194	15989	strict
194	15990	strict
194	15993	strict
194	15994	strict
194	15997	strict
195	7651	equal
195	7652	strict
195	7653	strict
195	7654	strict
195	7655	strict
195	7656	strict
195	7657	strict
195	7663	strict
195	7939	strict
195	8002	strict
195	8008	strict
195	8047	strict
195	8048	strict
195	8223	strict
195	8224	strict
195	8225	strict
195	8226	strict
195	8227	strict
195	8230	strict
195	8235	strict
195	8237	strict
195	8239	strict
195	8241	strict
195	8243	strict
195	8245	strict
195	8246	strict
195	8249	strict
195	8255	strict
195	11829	strict
195	11833	strict
195	11834	strict
195	11835	strict
195	11837	strict
195	11845	strict
195	11846	strict
195	11847	strict
195	11848	strict
195	11867	strict
195	11871	strict
195	11873	strict
195	11874	strict
195	11876	strict
195	11890	strict
195	11892	strict
195	11894	strict
195	11896	strict
195	12218	strict
195	12274	strict
195	12297	strict
195	13360	strict
195	13362	strict
195	13363	strict
195	13364	strict
195	13370	strict
195	13372	strict
195	13374	strict
195	13376	strict
195	13392	strict
195	13492	strict
195	13553	strict
195	13554	strict
195	15411	strict
195	15422	strict
195	15426	strict
195	15428	strict
195	15972	strict
195	15994	strict
195	15995	strict
195	15996	strict
195	15997	strict
196	7671	equal
196	7672	strict
196	7673	strict
196	7674	strict
196	7675	strict
196	7676	strict
196	7677	strict
196	7678	strict
196	7687	strict
196	7688	strict
196	7689	strict
196	7700	strict
196	7701	strict
196	7717	strict
196	7720	strict
196	7721	strict
196	7725	strict
196	7736	strict
196	7739	strict
196	7745	strict
196	7746	strict
196	7747	strict
196	7791	strict
196	7792	strict
196	7869	strict
196	8298	strict
196	8319	strict
196	8340	strict
196	8341	strict
196	8342	strict
196	8343	strict
196	8377	strict
196	11932	strict
196	11947	strict
196	12080	strict
196	12099	strict
196	12100	strict
196	12101	strict
196	12102	strict
196	12104	strict
196	12105	strict
196	14220	strict
196	14221	strict
196	14254	strict
196	14394	strict
196	14566	strict
196	14589	strict
196	14593	strict
196	14594	strict
196	14595	strict
196	14599	strict
196	14759	strict
196	14941	strict
196	14945	strict
196	14959	strict
196	14961	strict
196	14962	strict
196	14964	strict
196	14965	strict
196	15760	strict
196	15766	strict
196	15780	strict
196	15815	strict
196	15873	strict
196	15917	strict
196	15919	strict
196	15941	strict
196	15949	strict
196	15951	strict
196	15953	strict
197	7679	equal
197	7680	strict
197	7681	strict
197	7682	strict
197	7683	strict
197	7684	strict
197	7685	strict
197	7686	strict
197	7687	strict
197	7688	strict
197	7689	strict
197	7697	strict
197	7702	strict
197	7703	strict
197	7704	strict
197	7711	strict
197	7712	strict
197	7713	strict
197	7714	strict
197	7719	strict
197	7722	strict
197	7739	strict
197	7750	strict
197	7802	strict
197	7803	strict
197	7870	strict
197	8289	strict
197	8297	strict
197	8298	strict
197	8320	strict
197	8333	strict
197	8336	strict
197	8341	strict
197	8343	strict
197	8378	strict
197	8437	strict
197	11933	strict
197	11950	strict
197	12084	strict
197	12108	strict
197	12109	strict
197	12110	strict
197	12111	strict
197	12112	strict
197	12114	strict
197	14222	strict
197	14223	strict
197	14256	strict
197	14395	strict
197	14567	strict
197	14590	strict
197	14591	strict
197	14592	strict
197	14596	strict
197	14600	strict
197	14760	strict
197	14942	strict
197	14943	strict
197	14944	strict
197	14979	strict
197	14981	strict
197	14982	strict
197	14984	strict
197	15762	strict
197	15768	strict
197	15770	strict
197	15774	strict
197	15781	strict
197	15816	strict
197	15874	strict
197	15889	strict
197	15897	strict
197	15899	strict
197	15901	strict
198	7690	equal
198	7691	strict
198	7692	strict
198	7693	strict
198	7694	strict
198	7695	strict
198	7696	strict
198	7705	strict
198	7706	strict
198	7707	strict
198	7708	strict
198	7710	strict
198	7711	strict
198	7713	strict
198	7714	strict
198	7723	strict
198	7724	strict
198	7794	strict
198	7795	strict
198	7796	strict
198	7797	strict
198	7799	strict
198	7801	strict
198	7803	strict
198	7871	strict
198	8290	strict
198	8299	strict
198	8302	strict
198	8324	strict
198	8332	strict
198	8334	strict
198	8350	strict
198	8352	strict
198	8382	strict
198	8438	strict
198	11934	strict
198	11949	strict
198	12085	strict
198	12109	strict
198	12110	strict
198	12112	strict
198	12114	strict
198	13400	strict
198	13402	strict
198	13414	strict
198	13418	strict
198	14224	strict
198	14225	strict
198	14232	strict
198	14236	strict
198	14240	strict
198	14244	strict
198	14264	strict
198	14396	strict
198	14400	strict
198	14408	strict
198	14568	strict
198	14608	strict
198	14609	strict
198	14611	strict
198	14761	strict
198	14766	strict
198	15010	strict
198	15037	strict
198	15040	strict
198	15041	strict
198	15043	strict
198	15282	strict
198	15284	strict
198	15312	strict
198	15320	strict
198	15322	strict
198	15324	strict
198	15783	strict
198	15818	strict
199	7729	equal
199	7730	strict
199	7731	strict
199	7732	strict
199	7733	strict
199	7734	strict
199	7735	strict
199	7736	strict
199	7737	strict
199	7738	strict
199	7739	strict
199	7740	strict
199	7741	strict
199	7742	strict
199	7744	strict
199	7745	strict
199	7747	strict
199	7748	strict
199	7749	strict
199	7760	strict
199	7761	strict
199	7762	strict
199	7790	strict
199	7792	strict
199	7872	strict
199	8300	strict
199	8318	strict
199	8338	strict
199	8339	strict
199	8340	strict
199	8341	strict
199	8342	strict
199	8343	strict
199	8375	strict
199	11936	strict
199	11945	strict
199	12081	strict
199	12100	strict
199	12101	strict
199	12104	strict
199	12105	strict
199	14226	strict
199	14227	strict
199	14250	strict
199	14276	strict
199	14302	strict
199	14332	strict
199	14336	strict
199	14397	strict
199	14410	strict
199	14442	strict
199	14569	strict
199	14669	strict
199	14670	strict
199	14671	strict
199	14762	strict
199	14779	strict
199	14860	strict
199	14862	strict
199	14889	strict
199	14892	strict
199	14894	strict
199	14896	strict
199	15411	strict
199	15425	strict
199	15427	strict
199	15428	strict
199	15430	strict
199	15825	strict
199	15998	strict
200	7752	equal
200	7753	strict
200	7754	strict
200	7755	strict
200	7756	strict
200	7757	strict
200	7758	strict
200	7759	strict
200	7760	strict
200	7761	strict
200	7762	strict
200	7770	strict
200	7771	strict
200	7772	strict
200	7773	strict
200	7778	strict
200	7779	strict
200	7782	strict
200	7783	strict
200	7786	strict
200	7787	strict
200	7792	strict
200	7793	strict
200	7798	strict
200	7799	strict
200	7873	strict
200	8303	strict
200	8322	strict
200	8347	strict
200	8348	strict
200	8349	strict
200	8350	strict
200	8351	strict
200	8352	strict
200	8380	strict
200	11905	strict
200	11913	strict
200	11937	strict
200	11944	strict
200	11945	strict
200	12082	strict
200	12095	strict
200	12098	strict
200	12101	strict
200	12105	strict
200	14228	strict
200	14229	strict
200	14252	strict
200	14278	strict
200	14280	strict
200	14296	strict
200	14303	strict
200	14334	strict
200	14337	strict
200	14358	strict
200	14380	strict
200	14398	strict
200	14411	strict
200	14443	strict
200	14444	strict
200	14448	strict
200	14570	strict
200	14711	strict
200	14763	strict
200	14780	strict
200	14832	strict
200	14833	strict
200	14835	strict
200	14837	strict
200	15826	strict
200	16006	strict
200	16014	strict
200	16015	strict
200	16017	strict
201	7763	equal
201	7764	strict
201	7765	strict
201	7766	strict
201	7767	strict
201	7768	strict
201	7769	strict
201	7774	strict
201	7775	strict
201	7776	strict
201	7778	strict
201	7780	strict
201	7781	strict
201	7782	strict
201	7783	strict
201	7788	strict
201	7789	strict
201	7794	strict
201	7795	strict
201	7796	strict
201	7799	strict
201	7800	strict
201	7803	strict
201	7804	strict
201	7874	strict
201	8302	strict
201	8323	strict
201	8349	strict
201	8350	strict
201	8351	strict
201	8352	strict
201	8381	strict
201	11906	strict
201	11914	strict
201	11938	strict
201	11946	strict
201	11949	strict
201	12086	strict
201	12094	strict
201	12096	strict
201	12110	strict
201	12114	strict
201	13401	strict
201	13403	strict
201	13415	strict
201	13419	strict
201	14230	strict
201	14231	strict
201	14234	strict
201	14237	strict
201	14242	strict
201	14245	strict
201	14270	strict
201	14272	strict
201	14307	strict
201	14348	strict
201	14381	strict
201	14399	strict
201	14401	strict
201	14409	strict
201	14417	strict
201	14449	strict
201	14571	strict
201	14712	strict
201	14764	strict
201	14767	strict
201	14805	strict
201	14806	strict
201	14808	strict
201	14810	strict
201	15830	strict
201	16041	strict
201	16049	strict
201	16050	strict
201	16052	strict
202	7806	equal
202	7807	strict
202	7808	strict
202	7809	strict
202	7810	strict
202	7811	strict
202	7812	strict
202	7813	strict
202	7814	strict
202	7824	strict
202	7825	strict
202	7826	strict
202	7876	strict
202	8009	strict
202	8010	strict
202	8011	strict
202	8012	strict
202	8013	strict
202	8287	strict
202	8288	strict
202	8291	strict
202	8305	strict
202	8306	strict
202	8309	strict
202	8312	strict
202	8355	strict
202	8357	strict
202	8358	strict
202	8365	strict
202	8367	strict
202	8370	strict
202	8436	strict
202	11925	strict
202	11953	strict
202	12048	strict
202	12049	strict
202	12068	strict
202	12116	strict
202	12125	strict
202	12126	strict
202	12127	strict
202	12129	strict
202	13398	strict
202	13400	strict
202	13404	strict
202	13407	strict
202	13416	strict
202	13420	strict
202	13441	strict
202	13442	strict
202	13447	strict
202	14232	strict
202	14233	strict
202	14236	strict
202	14238	strict
202	14247	strict
202	14405	strict
202	14572	strict
202	14603	strict
202	14605	strict
202	14606	strict
202	14607	strict
202	14766	strict
202	14989	strict
202	15005	strict
202	15006	strict
202	15008	strict
202	15282	strict
202	15311	strict
202	15320	strict
202	15322	strict
202	15324	strict
202	15449	strict
202	15452	strict
203	7815	equal
203	7816	strict
203	7817	strict
203	7818	strict
203	7819	strict
203	7820	strict
203	7821	strict
203	7822	strict
203	7823	strict
203	7824	strict
203	7825	strict
203	7826	strict
203	7877	strict
203	8014	strict
203	8015	strict
203	8016	strict
203	8017	strict
203	8018	strict
203	8306	strict
203	8308	strict
203	8309	strict
203	8311	strict
203	8354	strict
203	8364	strict
203	8365	strict
203	8366	strict
203	8367	strict
203	8369	strict
203	11904	strict
203	11909	strict
203	11911	strict
203	11915	strict
203	11926	strict
203	11952	strict
203	11953	strict
203	12049	strict
203	12069	strict
203	12117	strict
203	12119	strict
203	12120	strict
203	12126	strict
203	12129	strict
203	13399	strict
203	13401	strict
203	13405	strict
203	13408	strict
203	13409	strict
203	13411	strict
203	13417	strict
203	13423	strict
203	13428	strict
203	14234	strict
203	14235	strict
203	14237	strict
203	14239	strict
203	14249	strict
203	14270	strict
203	14306	strict
203	14367	strict
203	14407	strict
203	14416	strict
203	14447	strict
203	14573	strict
203	14673	strict
203	14674	strict
203	14767	strict
203	14804	strict
203	14806	strict
203	14808	strict
203	14810	strict
203	15453	strict
203	15466	strict
203	15470	strict
203	15472	strict
204	7830	equal
204	7831	strict
204	7832	strict
204	7833	strict
204	7834	strict
204	7835	strict
204	7836	strict
204	7888	strict
204	8019	strict
204	8020	strict
204	8021	strict
204	8022	strict
204	8023	strict
204	8264	strict
204	8280	strict
204	8284	strict
204	8285	strict
204	8286	strict
204	8307	strict
204	8308	strict
204	8309	strict
204	8363	strict
204	8364	strict
204	8365	strict
204	8366	strict
204	8367	strict
204	8383	strict
204	8586	strict
204	8587	strict
204	8588	strict
204	8589	strict
204	8591	strict
204	8592	strict
204	8593	strict
204	8601	strict
204	11897	strict
204	11898	strict
204	11904	strict
204	11910	strict
204	11912	strict
204	11916	strict
204	11919	strict
204	11954	strict
204	11962	strict
204	11963	strict
204	12030	strict
204	12054	strict
204	12074	strict
204	12153	strict
204	12161	strict
204	12162	strict
204	12164	strict
204	12166	strict
204	12167	strict
204	13408	strict
204	13412	strict
204	13428	strict
204	14270	strict
204	14273	strict
204	14300	strict
204	14304	strict
204	14329	strict
204	14434	strict
204	14598	strict
204	14619	strict
204	14620	strict
204	14803	strict
204	14806	strict
204	14808	strict
204	14810	strict
204	15137	strict
204	15142	strict
204	15143	strict
204	15144	strict
205	7838	equal
205	7839	strict
205	7840	strict
205	7841	strict
205	7842	strict
205	7843	strict
205	7844	strict
205	7845	strict
205	7846	strict
205	7855	strict
205	7856	strict
205	7857	strict
205	7890	strict
205	8265	strict
205	8266	strict
205	8267	strict
205	8268	strict
205	8269	strict
205	8329	strict
205	8335	strict
205	8337	strict
205	8338	strict
205	8339	strict
205	8340	strict
205	8341	strict
205	8342	strict
205	8343	strict
205	8387	strict
205	11922	strict
205	11957	strict
205	11975	strict
205	11976	strict
205	12040	strict
205	12172	strict
205	12180	strict
205	12181	strict
205	12182	strict
205	12184	strict
205	12219	strict
205	12222	strict
205	12232	strict
205	12233	strict
205	12234	strict
205	12248	strict
205	12249	strict
205	12250	strict
205	12256	strict
205	14250	strict
205	14251	strict
205	14302	strict
205	14326	strict
205	14339	strict
205	14421	strict
205	14587	strict
205	14612	strict
205	14614	strict
205	14615	strict
205	14616	strict
205	14779	strict
205	14860	strict
205	14888	strict
205	14892	strict
205	14894	strict
205	14896	strict
205	15101	strict
205	15108	strict
205	15110	strict
205	15111	strict
205	15173	strict
205	15175	strict
206	7847	equal
206	7848	strict
206	7849	strict
206	7850	strict
206	7851	strict
206	7852	strict
206	7853	strict
206	7854	strict
206	7855	strict
206	7856	strict
206	7857	strict
206	7858	strict
206	7891	strict
206	8270	strict
206	8271	strict
206	8272	strict
206	8273	strict
206	8274	strict
206	8331	strict
206	8344	strict
206	8346	strict
206	8347	strict
206	8348	strict
206	8349	strict
206	8350	strict
206	8351	strict
206	8352	strict
206	8389	strict
206	11901	strict
206	11902	strict
206	11907	strict
206	11917	strict
206	11923	strict
206	11956	strict
206	11957	strict
206	11976	strict
206	12041	strict
206	12173	strict
206	12177	strict
206	12178	strict
206	12181	strict
206	12184	strict
206	12220	strict
206	12223	strict
206	12224	strict
206	12225	strict
206	12228	strict
206	12229	strict
206	12236	strict
206	12239	strict
206	12253	strict
206	14252	strict
206	14253	strict
206	14278	strict
206	14303	strict
206	14327	strict
206	14328	strict
206	14331	strict
206	14341	strict
206	14423	strict
206	14426	strict
206	14441	strict
206	14588	strict
206	14630	strict
206	14631	strict
206	14780	strict
206	14831	strict
206	14833	strict
206	14835	strict
206	14837	strict
206	15176	strict
206	15180	strict
206	15184	strict
206	15186	strict
207	7859	equal
207	7860	strict
207	7861	strict
207	7862	strict
207	7863	strict
207	7864	strict
207	7865	strict
207	7899	strict
207	8024	strict
207	8275	strict
207	8276	strict
207	8277	strict
207	8278	strict
207	8279	strict
207	8281	strict
207	8284	strict
207	8286	strict
207	8356	strict
207	8362	strict
207	8364	strict
207	8365	strict
207	8366	strict
207	8367	strict
207	8392	strict
207	8592	strict
207	8594	strict
207	8595	strict
207	8596	strict
207	8597	strict
207	8598	strict
207	8600	strict
207	8601	strict
207	11899	strict
207	11900	strict
207	11901	strict
207	11903	strict
207	11908	strict
207	11918	strict
207	11920	strict
207	11958	strict
207	11967	strict
207	11968	strict
207	11973	strict
207	11981	strict
207	12046	strict
207	12193	strict
207	12201	strict
207	12202	strict
207	12204	strict
207	12206	strict
207	12207	strict
207	12223	strict
207	12225	strict
207	12226	strict
207	12230	strict
207	12235	strict
207	12239	strict
207	12247	strict
207	14278	strict
207	14281	strict
207	14305	strict
207	14330	strict
207	14356	strict
207	14438	strict
207	14602	strict
207	14624	strict
207	14625	strict
207	14830	strict
207	14833	strict
207	14835	strict
207	14837	strict
207	15152	strict
207	15157	strict
207	15158	strict
207	15159	strict
208	7881	equal
208	7882	strict
208	7883	strict
208	7884	strict
208	7885	strict
208	7886	strict
208	7887	strict
208	7888	strict
208	8025	strict
208	8026	strict
208	8027	strict
208	8028	strict
208	8029	strict
208	8394	strict
208	8400	strict
208	8404	strict
208	8405	strict
208	8406	strict
208	8417	strict
208	8497	strict
208	8498	strict
208	8499	strict
208	8512	strict
208	8513	strict
208	8516	strict
208	8518	strict
208	8519	strict
208	8604	strict
208	8605	strict
208	8606	strict
208	8607	strict
208	8609	strict
208	8610	strict
208	8611	strict
208	8619	strict
208	11959	strict
208	11960	strict
208	11961	strict
208	11962	strict
208	11963	strict
208	12029	strict
208	12052	strict
208	12054	strict
208	12073	strict
208	12154	strict
208	12156	strict
208	12161	strict
208	12165	strict
208	12166	strict
208	12167	strict
208	13426	strict
208	13428	strict
208	13448	strict
208	13450	strict
208	14793	strict
208	14795	strict
208	14801	strict
208	14803	strict
208	14807	strict
208	14808	strict
208	14809	strict
208	14810	strict
208	14913	strict
208	14931	strict
208	14950	strict
208	14954	strict
208	14955	strict
208	14959	strict
208	14960	strict
208	14961	strict
208	14962	strict
208	14963	strict
208	15138	strict
208	15139	strict
209	7892	equal
209	7893	strict
209	7894	strict
209	7895	strict
209	7896	strict
209	7897	strict
209	7898	strict
209	7899	strict
209	8030	strict
209	8395	strict
209	8396	strict
209	8397	strict
209	8398	strict
209	8399	strict
209	8401	strict
209	8404	strict
209	8406	strict
209	8425	strict
209	8511	strict
209	8513	strict
209	8514	strict
209	8516	strict
209	8518	strict
209	8519	strict
209	8610	strict
209	8612	strict
209	8613	strict
209	8614	strict
209	8615	strict
209	8616	strict
209	8618	strict
209	8619	strict
209	11964	strict
209	11965	strict
209	11966	strict
209	11967	strict
209	11968	strict
209	11972	strict
209	11979	strict
209	11981	strict
209	12045	strict
209	12194	strict
209	12196	strict
209	12201	strict
209	12205	strict
209	12206	strict
209	12207	strict
209	12237	strict
209	12239	strict
209	12240	strict
209	12241	strict
209	12242	strict
209	12245	strict
209	12260	strict
209	12262	strict
209	14820	strict
209	14822	strict
209	14827	strict
209	14830	strict
209	14834	strict
209	14835	strict
209	14836	strict
209	14837	strict
209	14970	strict
209	14974	strict
209	14975	strict
209	14979	strict
209	14980	strict
209	14981	strict
209	14982	strict
209	14983	strict
209	15153	strict
209	15154	strict
209	15368	strict
209	15387	strict
210	7906	equal
210	7907	strict
210	7908	strict
210	7909	strict
210	7910	strict
210	7911	strict
210	7912	strict
210	7918	strict
210	8031	strict
210	8032	strict
210	8033	strict
210	8037	strict
210	8038	strict
210	8407	strict
210	8408	strict
210	8409	strict
210	8410	strict
210	8411	strict
210	8428	strict
210	8532	strict
210	8534	strict
210	8542	strict
210	8543	strict
210	8547	strict
210	8548	strict
210	8549	strict
210	8550	strict
210	8554	strict
210	11969	strict
210	11974	strict
210	11975	strict
210	11976	strict
210	11977	strict
210	12031	strict
210	12061	strict
210	12062	strict
210	12063	strict
210	12180	strict
210	12181	strict
210	12182	strict
210	12183	strict
210	12184	strict
210	12243	strict
210	12244	strict
210	12246	strict
210	12248	strict
210	12250	strict
210	12251	strict
210	12256	strict
210	13429	strict
210	13431	strict
210	13435	strict
210	13436	strict
210	14860	strict
210	14863	strict
210	14882	strict
210	14892	strict
210	14894	strict
210	14896	strict
210	14990	strict
210	14993	strict
210	14996	strict
210	14997	strict
210	15003	strict
210	15005	strict
210	15006	strict
210	15008	strict
210	15020	strict
210	15022	strict
210	16305	strict
211	7913	equal
211	7914	strict
211	7915	strict
211	7916	strict
211	7917	strict
211	7918	strict
211	7919	strict
211	7920	strict
211	8034	strict
211	8035	strict
211	8036	strict
211	8037	strict
211	8038	strict
211	8412	strict
211	8413	strict
211	8414	strict
211	8415	strict
211	8416	strict
211	8431	strict
211	8535	strict
211	8537	strict
211	8556	strict
211	8562	strict
211	8563	strict
211	8564	strict
211	8568	strict
211	8570	strict
211	8571	strict
211	11970	strict
211	11978	strict
211	11979	strict
211	11980	strict
211	11981	strict
211	12032	strict
211	12064	strict
211	12065	strict
211	12066	strict
211	12194	strict
211	12200	strict
211	12201	strict
211	12205	strict
211	12206	strict
211	12245	strict
211	12254	strict
211	12256	strict
211	12257	strict
211	12258	strict
211	12259	strict
211	12260	strict
211	12261	strict
211	13432	strict
211	13434	strict
211	13438	strict
211	13439	strict
211	14878	strict
211	14881	strict
211	14882	strict
211	14887	strict
211	14893	strict
211	14894	strict
211	14895	strict
211	14896	strict
211	15001	strict
211	15009	strict
211	15031	strict
211	15034	strict
211	15035	strict
211	15037	strict
211	15039	strict
211	15040	strict
211	15041	strict
211	15042	strict
211	16353	strict
211	16362	strict
212	7924	equal
212	7925	strict
212	7926	strict
212	7927	strict
212	7928	strict
212	7929	strict
212	7930	strict
212	7940	strict
212	8039	strict
212	8040	strict
212	8041	strict
212	8042	strict
212	8043	strict
212	8434	strict
212	8435	strict
212	8436	strict
212	8439	strict
212	8443	strict
212	8444	strict
212	8446	strict
212	8493	strict
212	8494	strict
212	8495	strict
212	8496	strict
212	8499	strict
212	8502	strict
212	8508	strict
212	8516	strict
212	8517	strict
212	8519	strict
212	8520	strict
212	8521	strict
212	11982	strict
212	12014	strict
212	12019	strict
212	12020	strict
212	12021	strict
212	12047	strict
212	12048	strict
212	12049	strict
212	12050	strict
212	12125	strict
212	12126	strict
212	12127	strict
212	12128	strict
212	12129	strict
212	12263	strict
212	12264	strict
212	12265	strict
212	12269	strict
212	12271	strict
212	12275	strict
212	12276	strict
212	12287	strict
212	13441	strict
212	13443	strict
212	13447	strict
212	15090	strict
212	15094	strict
212	15097	strict
212	15098	strict
212	15106	strict
212	15108	strict
212	15110	strict
212	15111	strict
212	15282	strict
212	15285	strict
212	15310	strict
212	15320	strict
212	15322	strict
212	15324	strict
212	15406	strict
212	15408	strict
212	15778	strict
213	7934	equal
213	7935	strict
213	7936	strict
213	7937	strict
213	7938	strict
213	7939	strict
213	7940	strict
213	7941	strict
213	8044	strict
213	8045	strict
213	8046	strict
213	8047	strict
213	8048	strict
213	8440	strict
213	8441	strict
213	8442	strict
213	8443	strict
213	8444	strict
213	8447	strict
213	8497	strict
213	8499	strict
213	8501	strict
213	8513	strict
213	8515	strict
213	8516	strict
213	8518	strict
213	8519	strict
213	8520	strict
213	11983	strict
213	12015	strict
213	12025	strict
213	12026	strict
213	12027	strict
213	12051	strict
213	12052	strict
213	12053	strict
213	12054	strict
213	12154	strict
213	12160	strict
213	12161	strict
213	12165	strict
213	12166	strict
213	12266	strict
213	12267	strict
213	12268	strict
213	12272	strict
213	12274	strict
213	12278	strict
213	12279	strict
213	12296	strict
213	13445	strict
213	13447	strict
213	13448	strict
213	13449	strict
213	15104	strict
213	15112	strict
213	15306	strict
213	15309	strict
213	15310	strict
213	15317	strict
213	15321	strict
213	15322	strict
213	15323	strict
213	15324	strict
213	15418	strict
213	15421	strict
213	15422	strict
213	15425	strict
213	15426	strict
213	15427	strict
213	15428	strict
213	15429	strict
213	15970	strict
213	15988	strict
214	7943	equal
214	7944	strict
214	7945	strict
214	7946	strict
214	7947	strict
214	7948	strict
214	7949	strict
214	7950	strict
214	7959	strict
214	7960	strict
214	7961	strict
214	7962	strict
214	7972	strict
214	8463	strict
214	8476	strict
214	8477	strict
214	8486	strict
214	8530	strict
214	8539	strict
214	8547	strict
214	8548	strict
214	8549	strict
214	8550	strict
214	8622	strict
214	8625	strict
214	8635	strict
214	8636	strict
214	8637	strict
214	8651	strict
214	8652	strict
214	8653	strict
214	8659	strict
214	11984	strict
214	11985	strict
214	11988	strict
214	11990	strict
214	11991	strict
214	12091	strict
214	12097	strict
214	12099	strict
214	12100	strict
214	12101	strict
214	12102	strict
214	12103	strict
214	12104	strict
214	12105	strict
214	12132	strict
214	15113	strict
214	15119	strict
214	15125	strict
214	15127	strict
214	15128	strict
214	15129	strict
214	15134	strict
214	15137	strict
214	15143	strict
214	15144	strict
214	15146	strict
214	15148	strict
214	15760	strict
214	15761	strict
214	15780	strict
214	15793	strict
214	15823	strict
214	15873	strict
214	15917	strict
214	15940	strict
214	15949	strict
214	15951	strict
214	15953	strict
215	7951	equal
215	7952	strict
215	7953	strict
215	7954	strict
215	7955	strict
215	7956	strict
215	7957	strict
215	7958	strict
215	7959	strict
215	7960	strict
215	7961	strict
215	7963	strict
215	7973	strict
215	8456	strict
215	8457	strict
215	8459	strict
215	8464	strict
215	8477	strict
215	8487	strict
215	8526	strict
215	8529	strict
215	8530	strict
215	8540	strict
215	8544	strict
215	8545	strict
215	8548	strict
215	8550	strict
215	8623	strict
215	8626	strict
215	8627	strict
215	8628	strict
215	8631	strict
215	8632	strict
215	8639	strict
215	8642	strict
215	8656	strict
215	11986	strict
215	11987	strict
215	11989	strict
215	11992	strict
215	11993	strict
215	12093	strict
215	12106	strict
215	12108	strict
215	12109	strict
215	12110	strict
215	12111	strict
215	12112	strict
215	12113	strict
215	12114	strict
215	12133	strict
215	15114	strict
215	15115	strict
215	15116	strict
215	15120	strict
215	15122	strict
215	15124	strict
215	15131	strict
215	15132	strict
215	15149	strict
215	15152	strict
215	15157	strict
215	15159	strict
215	15762	strict
215	15763	strict
215	15768	strict
215	15781	strict
215	15794	strict
215	15824	strict
215	15874	strict
215	15888	strict
215	15897	strict
215	15899	strict
215	15901	strict
216	7964	equal
216	7965	strict
216	7966	strict
216	7967	strict
216	7968	strict
216	7969	strict
216	7970	strict
216	7980	strict
216	8049	strict
216	8454	strict
216	8455	strict
216	8456	strict
216	8458	strict
216	8460	strict
216	8461	strict
216	8468	strict
216	8469	strict
216	8474	strict
216	8482	strict
216	8491	strict
216	8527	strict
216	8531	strict
216	8560	strict
216	8568	strict
216	8569	strict
216	8571	strict
216	8572	strict
216	8573	strict
216	8626	strict
216	8628	strict
216	8629	strict
216	8633	strict
216	8638	strict
216	8642	strict
216	8650	strict
216	11994	strict
216	11995	strict
216	11996	strict
216	11997	strict
216	11998	strict
216	12016	strict
216	12019	strict
216	12021	strict
216	12118	strict
216	12124	strict
216	12125	strict
216	12126	strict
216	12127	strict
216	12129	strict
216	12137	strict
216	12275	strict
216	12277	strict
216	12281	strict
216	12282	strict
216	12283	strict
216	12284	strict
216	12286	strict
216	12287	strict
216	15161	strict
216	15165	strict
216	15168	strict
216	15169	strict
216	15180	strict
216	15183	strict
216	15184	strict
216	15186	strict
216	15768	strict
216	15771	strict
216	15782	strict
216	15801	strict
216	15827	strict
216	15887	strict
216	15897	strict
216	15899	strict
216	15901	strict
217	7974	equal
217	7975	strict
217	7976	strict
217	7977	strict
217	7978	strict
217	7979	strict
217	7980	strict
217	7981	strict
217	8050	strict
217	8465	strict
217	8466	strict
217	8467	strict
217	8468	strict
217	8469	strict
217	8473	strict
217	8480	strict
217	8482	strict
217	8492	strict
217	8563	strict
217	8565	strict
217	8568	strict
217	8570	strict
217	8571	strict
217	8572	strict
217	8640	strict
217	8642	strict
217	8643	strict
217	8644	strict
217	8645	strict
217	8648	strict
217	8663	strict
217	8665	strict
217	11999	strict
217	12000	strict
217	12001	strict
217	12002	strict
217	12003	strict
217	12022	strict
217	12025	strict
217	12027	strict
217	12145	strict
217	12154	strict
217	12155	strict
217	12159	strict
217	12161	strict
217	12165	strict
217	12166	strict
217	12278	strict
217	12280	strict
217	12290	strict
217	12291	strict
217	12292	strict
217	12293	strict
217	12295	strict
217	12296	strict
217	15181	strict
217	15187	strict
217	15882	strict
217	15886	strict
217	15887	strict
217	15894	strict
217	15898	strict
217	15899	strict
217	15900	strict
217	15901	strict
217	16006	strict
217	16007	strict
217	16009	strict
217	16011	strict
217	16013	strict
217	16014	strict
217	16015	strict
217	16016	strict
217	16155	strict
217	16158	strict
218	7982	equal
218	7983	strict
218	7984	strict
218	7985	strict
218	7986	strict
218	7987	strict
218	7988	strict
218	7994	strict
218	8051	strict
218	8052	strict
218	8053	strict
218	8057	strict
218	8058	strict
218	8470	strict
218	8475	strict
218	8476	strict
218	8477	strict
218	8478	strict
218	8483	strict
218	8532	strict
218	8533	strict
218	8534	strict
218	8547	strict
218	8548	strict
218	8549	strict
218	8550	strict
218	8551	strict
218	8646	strict
218	8647	strict
218	8649	strict
218	8651	strict
218	8653	strict
218	8654	strict
218	8659	strict
218	12004	strict
218	12005	strict
218	12006	strict
218	12007	strict
218	12008	strict
218	12055	strict
218	12061	strict
218	12063	strict
218	12175	strict
218	12176	strict
218	12180	strict
218	12181	strict
218	12182	strict
218	12184	strict
218	12187	strict
218	13435	strict
218	13437	strict
218	13451	strict
218	13453	strict
218	15454	strict
218	15457	strict
218	15460	strict
218	15461	strict
218	15466	strict
218	15469	strict
218	15470	strict
218	15472	strict
218	15917	strict
218	15920	strict
218	15939	strict
218	15949	strict
218	15951	strict
218	15953	strict
218	16029	strict
218	16031	strict
218	16310	strict
219	7989	equal
219	7990	strict
219	7991	strict
219	7992	strict
219	7993	strict
219	7994	strict
219	7995	strict
219	7996	strict
219	8054	strict
219	8055	strict
219	8056	strict
219	8057	strict
219	8058	strict
219	8471	strict
219	8479	strict
219	8480	strict
219	8481	strict
219	8482	strict
219	8484	strict
219	8535	strict
219	8536	strict
219	8537	strict
219	8563	strict
219	8567	strict
219	8568	strict
219	8570	strict
219	8571	strict
219	8648	strict
219	8657	strict
219	8659	strict
219	8660	strict
219	8661	strict
219	8662	strict
219	8663	strict
219	8664	strict
219	12009	strict
219	12010	strict
219	12011	strict
219	12012	strict
219	12013	strict
219	12058	strict
219	12064	strict
219	12066	strict
219	12189	strict
219	12194	strict
219	12195	strict
219	12198	strict
219	12201	strict
219	12205	strict
219	12206	strict
219	13438	strict
219	13440	strict
219	13454	strict
219	13456	strict
219	15467	strict
219	15473	strict
219	15934	strict
219	15938	strict
219	15939	strict
219	15946	strict
219	15950	strict
219	15951	strict
219	15952	strict
219	15953	strict
219	16041	strict
219	16042	strict
219	16044	strict
219	16046	strict
219	16048	strict
219	16049	strict
219	16050	strict
219	16051	strict
219	16415	strict
219	16418	strict
220	9423	equal
220	9425	strict
220	9427	strict
220	9428	strict
220	9431	strict
220	9432	strict
220	9433	strict
220	9436	strict
220	9437	strict
220	9438	strict
220	9439	strict
220	9442	strict
220	9479	strict
220	9503	strict
220	9505	strict
220	9507	strict
220	9509	strict
220	9511	strict
220	9840	strict
220	9847	strict
220	9849	strict
220	9864	strict
220	9872	strict
220	9877	strict
220	9879	strict
220	9880	strict
220	9882	strict
220	9883	strict
220	9886	strict
220	9895	strict
220	9970	strict
220	9975	strict
220	10680	strict
220	10685	strict
220	10696	strict
220	10700	strict
220	10704	strict
220	10714	strict
220	10719	strict
220	10721	strict
220	10912	strict
220	11318	strict
220	11529	strict
220	11533	strict
220	11545	strict
220	11547	strict
220	11549	strict
220	11553	strict
220	11556	strict
220	11558	strict
220	11567	strict
220	12033	strict
220	12536	strict
220	12552	strict
220	12553	strict
220	12556	strict
220	12558	strict
220	12559	strict
220	15190	strict
220	15205	strict
220	15216	strict
220	15217	strict
220	15242	strict
220	15477	strict
220	16139	strict
220	16173	strict
220	16435	strict
220	16436	strict
220	16437	strict
220	16438	strict
221	9424	equal
221	9426	strict
221	9429	strict
221	9430	strict
221	9431	strict
221	9434	strict
221	9435	strict
221	9436	strict
221	9437	strict
221	9440	strict
221	9441	strict
221	9443	strict
221	9480	strict
221	9504	strict
221	9506	strict
221	9508	strict
221	9510	strict
221	9512	strict
221	9833	strict
221	9835	strict
221	9842	strict
221	9849	strict
221	9865	strict
221	9866	strict
221	9867	strict
221	9869	strict
221	9870	strict
221	9876	strict
221	9878	strict
221	9888	strict
221	9904	strict
221	9971	strict
221	9976	strict
221	10681	strict
221	10683	strict
221	10686	strict
221	10701	strict
221	10703	strict
221	10734	strict
221	10739	strict
221	10741	strict
221	10905	strict
221	10914	strict
221	11319	strict
221	11530	strict
221	11531	strict
221	11532	strict
221	11543	strict
221	11550	strict
221	11552	strict
221	11562	strict
221	11564	strict
221	11568	strict
221	12034	strict
221	12532	strict
221	12534	strict
221	12536	strict
221	12555	strict
221	12557	strict
221	12558	strict
221	12559	strict
221	12564	strict
221	15191	strict
221	15192	strict
221	15194	strict
221	15207	strict
221	15208	strict
221	15505	strict
221	16140	strict
221	16175	strict
221	16176	strict
221	16177	strict
221	16178	strict
221	16433	strict
222	9445	equal
222	9448	strict
222	9449	strict
222	9450	strict
222	9451	strict
222	9452	strict
222	9453	strict
222	9495	strict
222	9513	strict
222	9514	strict
222	9515	strict
222	9516	strict
222	9517	strict
222	9536	strict
222	9548	strict
222	9550	strict
222	9624	strict
222	9625	strict
222	9626	strict
222	9661	strict
222	9671	strict
222	9684	strict
222	9685	strict
222	9710	strict
222	9722	strict
222	9834	strict
222	9835	strict
222	9836	strict
222	9837	strict
222	9843	strict
222	9854	strict
222	9856	strict
222	9860	strict
222	9863	strict
222	9868	strict
222	9869	strict
222	9870	strict
222	9871	strict
222	9881	strict
222	9904	strict
222	9907	strict
222	9973	strict
222	9977	strict
222	10683	strict
222	10695	strict
222	10703	strict
222	10732	strict
222	10739	strict
222	10741	strict
222	10908	strict
222	10926	strict
222	11321	strict
222	11631	strict
222	11633	strict
222	11635	strict
222	11637	strict
222	11639	strict
222	11646	strict
222	12044	strict
222	12533	strict
222	12537	strict
222	12584	strict
222	12589	strict
222	12590	strict
222	12591	strict
222	12593	strict
222	12600	strict
222	12808	strict
222	12813	strict
222	12814	strict
222	12938	strict
222	12960	strict
222	12961	strict
222	12962	strict
222	12963	strict
223	9459	equal
223	9460	strict
223	9461	strict
223	9462	strict
223	9463	strict
223	9464	strict
223	9465	strict
223	9484	strict
223	9518	strict
223	9519	strict
223	9520	strict
223	9521	strict
223	9522	strict
223	9537	strict
223	9538	strict
223	9539	strict
223	9542	strict
223	9544	strict
223	9846	strict
223	9847	strict
223	9848	strict
223	9849	strict
223	9850	strict
223	9882	strict
223	9883	strict
223	9884	strict
223	9885	strict
223	9889	strict
223	9895	strict
223	9906	strict
223	9926	strict
223	9928	strict
223	9984	strict
223	9985	strict
223	10166	strict
223	10172	strict
223	10173	strict
223	10242	strict
223	10263	strict
223	10264	strict
223	10265	strict
223	10266	strict
223	10696	strict
223	10699	strict
223	10704	strict
223	10712	strict
223	10719	strict
223	10721	strict
223	10911	strict
223	11326	strict
223	11483	strict
223	11771	strict
223	11772	strict
223	11866	strict
223	11868	strict
223	11870	strict
223	11872	strict
223	11874	strict
223	11879	strict
223	12072	strict
223	12548	strict
223	12549	strict
223	12550	strict
223	12552	strict
223	12556	strict
223	12558	strict
223	12559	strict
223	12561	strict
223	12623	strict
223	12625	strict
224	9481	equal
224	9482	strict
224	9483	strict
224	9484	strict
224	9485	strict
224	9486	strict
224	9487	strict
224	9488	strict
224	9523	strict
224	9524	strict
224	9525	strict
224	9526	strict
224	9527	strict
224	9540	strict
224	9541	strict
224	9542	strict
224	9543	strict
224	9544	strict
224	9851	strict
224	9857	strict
224	9861	strict
224	9862	strict
224	9863	strict
224	9890	strict
224	9891	strict
224	9892	strict
224	9893	strict
224	9895	strict
224	9896	strict
224	9897	strict
224	9905	strict
224	9929	strict
224	9931	strict
224	9990	strict
224	10001	strict
224	10008	strict
224	10009	strict
224	10013	strict
224	10014	strict
224	10015	strict
224	10016	strict
224	10232	strict
224	10261	strict
224	10705	strict
224	10710	strict
224	10712	strict
224	10718	strict
224	10719	strict
224	10720	strict
224	10721	strict
224	10722	strict
224	10916	strict
224	11350	strict
224	11351	strict
224	11486	strict
224	11779	strict
224	11780	strict
224	11886	strict
224	12152	strict
224	12153	strict
224	12155	strict
224	12164	strict
224	12166	strict
224	12168	strict
224	12573	strict
224	12574	strict
224	12575	strict
224	12585	strict
224	12588	strict
224	12590	strict
224	12591	strict
224	12595	strict
224	12633	strict
224	12635	strict
225	9492	equal
225	9493	strict
225	9494	strict
225	9495	strict
225	9496	strict
225	9497	strict
225	9498	strict
225	9499	strict
225	9528	strict
225	9529	strict
225	9530	strict
225	9531	strict
225	9532	strict
225	9545	strict
225	9551	strict
225	9553	strict
225	9627	strict
225	9628	strict
225	9629	strict
225	9668	strict
225	9674	strict
225	9694	strict
225	9695	strict
225	9735	strict
225	9737	strict
225	9852	strict
225	9853	strict
225	9854	strict
225	9855	strict
225	9856	strict
225	9858	strict
225	9861	strict
225	9863	strict
225	9896	strict
225	9898	strict
225	9899	strict
225	9900	strict
225	9901	strict
225	9902	strict
225	9904	strict
225	9905	strict
225	10017	strict
225	10028	strict
225	10033	strict
225	10036	strict
225	10040	strict
225	10041	strict
225	10042	strict
225	10043	strict
225	10725	strict
225	10730	strict
225	10732	strict
225	10738	strict
225	10739	strict
225	10740	strict
225	10741	strict
225	10742	strict
225	10924	strict
225	11365	strict
225	11366	strict
225	11655	strict
225	12192	strict
225	12193	strict
225	12195	strict
225	12204	strict
225	12206	strict
225	12208	strict
225	12585	strict
225	12586	strict
225	12588	strict
225	12590	strict
225	12591	strict
225	12593	strict
225	12908	strict
225	12958	strict
226	9583	equal
226	9584	strict
226	9586	strict
226	9587	strict
226	9588	strict
226	9589	strict
226	9594	strict
226	9609	strict
226	9619	strict
226	9646	strict
226	9647	strict
226	9648	strict
226	9651	strict
226	9652	strict
226	9662	strict
226	9663	strict
226	9664	strict
226	9679	strict
226	9680	strict
226	9681	strict
226	9683	strict
226	9711	strict
226	9714	strict
226	9715	strict
226	9719	strict
226	9908	strict
226	9910	strict
226	9912	strict
226	9916	strict
226	9918	strict
226	10147	strict
226	10642	strict
226	10648	strict
226	10762	strict
226	10763	strict
226	10764	strict
226	10768	strict
226	10772	strict
226	10782	strict
226	10839	strict
226	10965	strict
226	10969	strict
226	11147	strict
226	11493	strict
226	11494	strict
226	11495	strict
226	11616	strict
226	11618	strict
226	11620	strict
226	11624	strict
226	11644	strict
226	11792	strict
226	12989	strict
226	12993	strict
226	12994	strict
226	12995	strict
226	13011	strict
226	13017	strict
226	13019	strict
226	13022	strict
226	13023	strict
226	13025	strict
226	13032	strict
226	13053	strict
226	15228	strict
226	16275	strict
226	16277	strict
226	16279	strict
226	16280	strict
226	16283	strict
227	9585	equal
227	9590	strict
227	9591	strict
227	9592	strict
227	9593	strict
227	9594	strict
227	9595	strict
227	9617	strict
227	9620	strict
227	9645	strict
227	9649	strict
227	9650	strict
227	9651	strict
227	9652	strict
227	9661	strict
227	9682	strict
227	9684	strict
227	9685	strict
227	9686	strict
227	9708	strict
227	9709	strict
227	9710	strict
227	9714	strict
227	9717	strict
227	9718	strict
227	9721	strict
227	9909	strict
227	9911	strict
227	9913	strict
227	9921	strict
227	9923	strict
227	10144	strict
227	10148	strict
227	10643	strict
227	10651	strict
227	10754	strict
227	10835	strict
227	10842	strict
227	10854	strict
227	10869	strict
227	10874	strict
227	10876	strict
227	10966	strict
227	10972	strict
227	11148	strict
227	11496	strict
227	11497	strict
227	11498	strict
227	11631	strict
227	11635	strict
227	11637	strict
227	11639	strict
227	11645	strict
227	11793	strict
227	12990	strict
227	12991	strict
227	12992	strict
227	12996	strict
227	13014	strict
227	13035	strict
227	13037	strict
227	13042	strict
227	13043	strict
227	13044	strict
227	13046	strict
227	13052	strict
227	15193	strict
227	15227	strict
227	15228	strict
227	16262	strict
227	16279	strict
227	16281	strict
227	16282	strict
227	16283	strict
228	9604	equal
228	9605	strict
228	9606	strict
228	9607	strict
228	9608	strict
228	9609	strict
228	9610	strict
228	9616	strict
228	9621	strict
228	9653	strict
228	9654	strict
228	9655	strict
228	9659	strict
228	9660	strict
228	9666	strict
228	9667	strict
228	9669	strict
228	9689	strict
228	9690	strict
228	9691	strict
228	9693	strict
228	9723	strict
228	9727	strict
228	9728	strict
228	9733	strict
228	9914	strict
228	9915	strict
228	9916	strict
228	9917	strict
228	9918	strict
228	10175	strict
228	10178	strict
228	10191	strict
228	10201	strict
228	10203	strict
228	10205	strict
228	10646	strict
228	10648	strict
228	10765	strict
228	10768	strict
228	10770	strict
228	10772	strict
228	10776	strict
228	10780	strict
228	10781	strict
228	10782	strict
228	10857	strict
228	10859	strict
228	10967	strict
228	11151	strict
228	11152	strict
228	11499	strict
228	11800	strict
228	11801	strict
228	11802	strict
228	12171	strict
228	12173	strict
228	12177	strict
228	12179	strict
228	12184	strict
228	13009	strict
228	13011	strict
228	13018	strict
228	13020	strict
228	13021	strict
228	13022	strict
228	13023	strict
228	13025	strict
228	13031	strict
228	16226	strict
229	9611	equal
229	9612	strict
229	9613	strict
229	9614	strict
229	9615	strict
229	9616	strict
229	9617	strict
229	9618	strict
229	9622	strict
229	9656	strict
229	9657	strict
229	9658	strict
229	9659	strict
229	9660	strict
229	9668	strict
229	9692	strict
229	9694	strict
229	9695	strict
229	9696	strict
229	9725	strict
229	9727	strict
229	9730	strict
229	9731	strict
229	9732	strict
229	9735	strict
229	9736	strict
229	9919	strict
229	9920	strict
229	9921	strict
229	9922	strict
229	9923	strict
229	10179	strict
229	10190	strict
229	10191	strict
229	10196	strict
229	10202	strict
229	10203	strict
229	10204	strict
229	10205	strict
229	10649	strict
229	10651	strict
229	10774	strict
229	10783	strict
229	10861	strict
229	10867	strict
229	10869	strict
229	10873	strict
229	10874	strict
229	10875	strict
229	10876	strict
229	10877	strict
229	10970	strict
229	11154	strict
229	11155	strict
229	11500	strict
229	11803	strict
229	11804	strict
229	11805	strict
229	12192	strict
229	12193	strict
229	12203	strict
229	12204	strict
229	12206	strict
229	13012	strict
229	13014	strict
229	13033	strict
229	13038	strict
229	13039	strict
229	13041	strict
229	13043	strict
229	13044	strict
229	13046	strict
229	16232	strict
229	16272	strict
230	9939	equal
230	9940	strict
230	9941	strict
230	9942	strict
230	9943	strict
230	9949	strict
230	9950	strict
230	9954	strict
230	9955	strict
230	9957	strict
230	9959	strict
230	9961	strict
230	9962	strict
230	9963	strict
230	9974	strict
230	9979	strict
230	9983	strict
230	9985	strict
230	10011	strict
230	10012	strict
230	10014	strict
230	10015	strict
230	10016	strict
230	10044	strict
230	10052	strict
230	10053	strict
230	10093	strict
230	10094	strict
230	10095	strict
230	10111	strict
230	10941	strict
230	10942	strict
230	10943	strict
230	10949	strict
230	10950	strict
230	10974	strict
230	10975	strict
230	10978	strict
230	10979	strict
230	11730	strict
230	12414	strict
230	12420	strict
230	12422	strict
230	12424	strict
230	12434	strict
230	12448	strict
230	12466	strict
230	12701	strict
230	12702	strict
230	12706	strict
230	12727	strict
230	12728	strict
230	12731	strict
230	12752	strict
230	12755	strict
230	12757	strict
230	12758	strict
230	12763	strict
230	12767	strict
230	12790	strict
230	13382	strict
230	13844	strict
230	13948	strict
230	14271	strict
230	14272	strict
230	14317	strict
230	14755	strict
230	14807	strict
230	14809	strict
230	14810	strict
230	16585	strict
230	16586	strict
230	16587	strict
230	16589	strict
231	9944	equal
231	9945	strict
231	9946	strict
231	9947	strict
231	9948	strict
231	9951	strict
231	9952	strict
231	9953	strict
231	9956	strict
231	9958	strict
231	9960	strict
231	9964	strict
231	9965	strict
231	9966	strict
231	9967	strict
231	9969	strict
231	9977	strict
231	9980	strict
231	10038	strict
231	10039	strict
231	10041	strict
231	10042	strict
231	10043	strict
231	10045	strict
231	10048	strict
231	10054	strict
231	10055	strict
231	10056	strict
231	10084	strict
231	10100	strict
231	10104	strict
231	10105	strict
231	10128	strict
231	10945	strict
231	10946	strict
231	10948	strict
231	10949	strict
231	10952	strict
231	10976	strict
231	10977	strict
231	10978	strict
231	10979	strict
231	11746	strict
231	12395	strict
231	12416	strict
231	12421	strict
231	12423	strict
231	12425	strict
231	12443	strict
231	12706	strict
231	12708	strict
231	12747	strict
231	12748	strict
231	12749	strict
231	12751	strict
231	12752	strict
231	12755	strict
231	12757	strict
231	12758	strict
231	12769	strict
231	13503	strict
231	13522	strict
231	13904	strict
231	13925	strict
231	14279	strict
231	14280	strict
231	14321	strict
231	14752	strict
231	14834	strict
231	14836	strict
231	14837	strict
231	16567	strict
231	16568	strict
231	16569	strict
231	16571	strict
232	9991	equal
232	9992	strict
232	9993	strict
232	9994	strict
232	9995	strict
232	9996	strict
232	9997	strict
232	9998	strict
232	9999	strict
232	10000	strict
232	10001	strict
232	10002	strict
232	10003	strict
232	10004	strict
232	10005	strict
232	10006	strict
232	10007	strict
232	10008	strict
232	10009	strict
232	10012	strict
232	10013	strict
232	10014	strict
232	10016	strict
232	10046	strict
232	10057	strict
232	10060	strict
232	10061	strict
232	10062	strict
232	10236	strict
232	10237	strict
232	10239	strict
232	10240	strict
232	10243	strict
232	10953	strict
232	10954	strict
232	10955	strict
232	10961	strict
232	10964	strict
232	10980	strict
232	10981	strict
232	10984	strict
232	10985	strict
232	11733	strict
232	12426	strict
232	12427	strict
232	12428	strict
232	12432	strict
232	12433	strict
232	12499	strict
232	12900	strict
232	12901	strict
232	12902	strict
232	12903	strict
232	12907	strict
232	12916	strict
232	12917	strict
232	12927	strict
232	12931	strict
232	12932	strict
232	12933	strict
232	13397	strict
232	13560	strict
232	16151	strict
232	16153	strict
232	16158	strict
232	16199	strict
232	16200	strict
232	16201	strict
232	16203	strict
232	16215	strict
232	16487	strict
232	16488	strict
232	16496	strict
232	16498	strict
232	16499	strict
233	10018	equal
233	10019	strict
233	10020	strict
233	10021	strict
233	10022	strict
233	10023	strict
233	10024	strict
233	10025	strict
233	10026	strict
233	10027	strict
233	10028	strict
233	10029	strict
233	10030	strict
233	10031	strict
233	10032	strict
233	10033	strict
233	10034	strict
233	10035	strict
233	10036	strict
233	10039	strict
233	10040	strict
233	10041	strict
233	10043	strict
233	10047	strict
233	10051	strict
233	10063	strict
233	10227	strict
233	10228	strict
233	10229	strict
233	10230	strict
233	10957	strict
233	10958	strict
233	10959	strict
233	10961	strict
233	10962	strict
233	10982	strict
233	10983	strict
233	10984	strict
233	10985	strict
233	11761	strict
233	12396	strict
233	12435	strict
233	12436	strict
233	12437	strict
233	12441	strict
233	12442	strict
233	12498	strict
233	12910	strict
233	12911	strict
233	12917	strict
233	12923	strict
233	12924	strict
233	12926	strict
233	12927	strict
233	12931	strict
233	12932	strict
233	12933	strict
233	12934	strict
233	12936	strict
233	12939	strict
233	13561	strict
233	16411	strict
233	16412	strict
233	16418	strict
233	16459	strict
233	16460	strict
233	16461	strict
233	16463	strict
233	16475	strict
233	16483	strict
233	16484	strict
233	16491	strict
233	16493	strict
233	16494	strict
234	10065	equal
234	10066	strict
234	10067	strict
234	10068	strict
234	10069	strict
234	10070	strict
234	10071	strict
234	10072	strict
234	10081	strict
234	10082	strict
234	10083	strict
234	10098	strict
234	10099	strict
234	10100	strict
234	10101	strict
234	10102	strict
234	10103	strict
234	10104	strict
234	10105	strict
234	10110	strict
234	10115	strict
234	10117	strict
234	10122	strict
234	10123	strict
234	10127	strict
234	10128	strict
234	10133	strict
234	10137	strict
234	10148	strict
234	10198	strict
234	10201	strict
234	10203	strict
234	10204	strict
234	10205	strict
234	10987	strict
234	10988	strict
234	10990	strict
234	11744	strict
234	12444	strict
234	12458	strict
234	12459	strict
234	12460	strict
234	12462	strict
234	12467	strict
234	12487	strict
234	13636	strict
234	13639	strict
234	13641	strict
234	13643	strict
234	13725	strict
234	13726	strict
234	13727	strict
234	13729	strict
234	13730	strict
234	13733	strict
234	13735	strict
234	13736	strict
234	14274	strict
234	14275	strict
234	14279	strict
234	14309	strict
234	14318	strict
234	14667	strict
234	14691	strict
234	14828	strict
234	14834	strict
234	14836	strict
234	14837	strict
234	15380	strict
234	15513	strict
234	16531	strict
234	16532	strict
234	16533	strict
234	16535	strict
235	10073	equal
235	10074	strict
235	10075	strict
235	10076	strict
235	10077	strict
235	10078	strict
235	10079	strict
235	10080	strict
235	10081	strict
235	10082	strict
235	10083	strict
235	10106	strict
235	10107	strict
235	10113	strict
235	10118	strict
235	10119	strict
235	10120	strict
235	10123	strict
235	10130	strict
235	10133	strict
235	10134	strict
235	10135	strict
235	10136	strict
235	10138	strict
235	10139	strict
235	10146	strict
235	10176	strict
235	10177	strict
235	10202	strict
235	10204	strict
235	10205	strict
235	10991	strict
235	10992	strict
235	10994	strict
235	11748	strict
235	12445	strict
235	12461	strict
235	12463	strict
235	12464	strict
235	12465	strict
235	12468	strict
235	12483	strict
235	13658	strict
235	13661	strict
235	13857	strict
235	13859	strict
235	13875	strict
235	13876	strict
235	13877	strict
235	13879	strict
235	13880	strict
235	13883	strict
235	13885	strict
235	13886	strict
235	14294	strict
235	14295	strict
235	14324	strict
235	14733	strict
235	14736	strict
235	14861	strict
235	14890	strict
235	14893	strict
235	14895	strict
235	14896	strict
235	16369	strict
235	16406	strict
235	16576	strict
235	16577	strict
235	16579	strict
235	16580	strict
236	10085	equal
236	10086	strict
236	10087	strict
236	10088	strict
236	10089	strict
236	10090	strict
236	10091	strict
236	10092	strict
236	10093	strict
236	10094	strict
236	10095	strict
236	10108	strict
236	10109	strict
236	10112	strict
236	10116	strict
236	10124	strict
236	10125	strict
236	10126	strict
236	10141	strict
236	10142	strict
236	10143	strict
236	10149	strict
236	10151	strict
236	10260	strict
236	10261	strict
236	10262	strict
236	10263	strict
236	10265	strict
236	10266	strict
236	10267	strict
236	10995	strict
236	10996	strict
236	10997	strict
236	11750	strict
236	12446	strict
236	12449	strict
236	12450	strict
236	12451	strict
236	12466	strict
236	12469	strict
236	13662	strict
236	13663	strict
236	13926	strict
236	13927	strict
236	13930	strict
236	13931	strict
236	13933	strict
236	13937	strict
236	13938	strict
236	13942	strict
236	13943	strict
236	13944	strict
236	13945	strict
236	13947	strict
236	13948	strict
236	14298	strict
236	14301	strict
236	14325	strict
236	14754	strict
236	14930	strict
236	14934	strict
236	14935	strict
236	14938	strict
236	14939	strict
236	14940	strict
236	16582	strict
236	16584	strict
236	16587	strict
236	16588	strict
236	16589	strict
237	10153	equal
237	10154	strict
237	10155	strict
237	10156	strict
237	10157	strict
237	10158	strict
237	10159	strict
237	10160	strict
237	10161	strict
237	10162	strict
237	10165	strict
237	10167	strict
237	10168	strict
237	10169	strict
237	10170	strict
237	10171	strict
237	10172	strict
237	10173	strict
237	10233	strict
237	10234	strict
237	10235	strict
237	10237	strict
237	10238	strict
237	10239	strict
237	10240	strict
237	10241	strict
237	10242	strict
237	10243	strict
237	10247	strict
237	10254	strict
237	10262	strict
237	10263	strict
237	10264	strict
237	10266	strict
237	11001	strict
237	11002	strict
237	11004	strict
237	11757	strict
237	12470	strict
237	12471	strict
237	12472	strict
237	12473	strict
237	12474	strict
237	12478	strict
237	12506	strict
237	15342	strict
237	15344	strict
237	15347	strict
237	15348	strict
237	15353	strict
237	15354	strict
237	15355	strict
237	15357	strict
237	15358	strict
237	15362	strict
237	15363	strict
237	15364	strict
237	15365	strict
237	15366	strict
237	15367	strict
237	15369	strict
237	15370	strict
237	15371	strict
237	15376	strict
237	15384	strict
237	15392	strict
237	15393	strict
237	15394	strict
237	15396	strict
237	15509	strict
237	16487	strict
237	16496	strict
237	16498	strict
237	16499	strict
238	10180	equal
238	10181	strict
238	10182	strict
238	10183	strict
238	10184	strict
238	10185	strict
238	10186	strict
238	10187	strict
238	10188	strict
238	10189	strict
238	10190	strict
238	10191	strict
238	10192	strict
238	10193	strict
238	10194	strict
238	10195	strict
238	10196	strict
238	10199	strict
238	10200	strict
238	10201	strict
238	10202	strict
238	10203	strict
238	10205	strict
238	10206	strict
238	10207	strict
238	10208	strict
238	10227	strict
238	10228	strict
238	10229	strict
238	10231	strict
238	11005	strict
238	11006	strict
238	11007	strict
238	11758	strict
238	12480	strict
238	12484	strict
238	12485	strict
238	12486	strict
238	12498	strict
238	12505	strict
238	16228	strict
238	16229	strict
238	16234	strict
238	16235	strict
238	16243	strict
238	16244	strict
238	16246	strict
238	16250	strict
238	16251	strict
238	16255	strict
238	16256	strict
238	16257	strict
238	16258	strict
238	16260	strict
238	16263	strict
238	16308	strict
238	16311	strict
238	16312	strict
238	16315	strict
238	16411	strict
238	16456	strict
238	16458	strict
238	16461	strict
238	16462	strict
238	16463	strict
238	16511	strict
238	16512	strict
238	16515	strict
238	16516	strict
238	16517	strict
239	10209	equal
239	10210	strict
239	10211	strict
239	10212	strict
239	10213	strict
239	10214	strict
239	10215	strict
239	10216	strict
239	10217	strict
239	10219	strict
239	10221	strict
239	10222	strict
239	10224	strict
239	10225	strict
239	10226	strict
239	10233	strict
239	10234	strict
239	10235	strict
239	10242	strict
239	10245	strict
239	10247	strict
239	10248	strict
239	10249	strict
239	10250	strict
239	10251	strict
239	10253	strict
239	10257	strict
239	10259	strict
239	10264	strict
239	10265	strict
239	10266	strict
239	11009	strict
239	11010	strict
239	11012	strict
239	11760	strict
239	12488	strict
239	12489	strict
239	12490	strict
239	12491	strict
239	12492	strict
239	12496	strict
239	12507	strict
239	16327	strict
239	16329	strict
239	16336	strict
239	16337	strict
239	16338	strict
239	16339	strict
239	16340	strict
239	16342	strict
239	16343	strict
239	16347	strict
239	16348	strict
239	16349	strict
239	16350	strict
239	16351	strict
239	16352	strict
239	16354	strict
239	16355	strict
239	16356	strict
239	16365	strict
239	16372	strict
239	16377	strict
239	16378	strict
239	16380	strict
239	16381	strict
239	16501	strict
239	16505	strict
239	16507	strict
239	16508	strict
240	10305	equal
240	10306	strict
240	10307	strict
240	10308	strict
240	10309	strict
240	10310	strict
240	10316	strict
240	10326	strict
240	10340	strict
240	10347	strict
240	10349	strict
240	10351	strict
240	10355	strict
240	10357	strict
240	10367	strict
240	10513	strict
240	10519	strict
240	10543	strict
240	10557	strict
240	10558	strict
240	10559	strict
240	10575	strict
240	10614	strict
240	10616	strict
240	10625	strict
240	11033	strict
240	11034	strict
240	11035	strict
240	11038	strict
240	11040	strict
240	11041	strict
240	11043	strict
240	11176	strict
240	11179	strict
240	11183	strict
240	11185	strict
240	11186	strict
240	11195	strict
240	11766	strict
240	11767	strict
240	11768	strict
240	11770	strict
240	11849	strict
240	11851	strict
240	11853	strict
240	11857	strict
240	11859	strict
240	12544	strict
240	12545	strict
240	12546	strict
240	12547	strict
240	12550	strict
240	12555	strict
240	12556	strict
240	12557	strict
240	12559	strict
240	12562	strict
240	12567	strict
240	12599	strict
240	12616	strict
240	12620	strict
240	12621	strict
240	12833	strict
240	13156	strict
240	15487	strict
240	15649	strict
240	15650	strict
240	15653	strict
240	15654	strict
240	15657	strict
241	10311	equal
241	10312	strict
241	10313	strict
241	10314	strict
241	10315	strict
241	10316	strict
241	10317	strict
241	10336	strict
241	10341	strict
241	10348	strict
241	10350	strict
241	10352	strict
241	10360	strict
241	10362	strict
241	10368	strict
241	10514	strict
241	10522	strict
241	10544	strict
241	10560	strict
241	10561	strict
241	10562	strict
241	10576	strict
241	10615	strict
241	10617	strict
241	10634	strict
241	11036	strict
241	11037	strict
241	11038	strict
241	11039	strict
241	11040	strict
241	11044	strict
241	11173	strict
241	11769	strict
241	11771	strict
241	11772	strict
241	11773	strict
241	11866	strict
241	11870	strict
241	11872	strict
241	11874	strict
241	11878	strict
241	12548	strict
241	12550	strict
241	12552	strict
241	12554	strict
241	12556	strict
241	12558	strict
241	12559	strict
241	12562	strict
241	12568	strict
241	12618	strict
241	12620	strict
241	12623	strict
241	12624	strict
241	12830	strict
241	12834	strict
241	13152	strict
241	13159	strict
241	13166	strict
241	13175	strict
241	13180	strict
241	13182	strict
241	15476	strict
241	15486	strict
241	15487	strict
241	15636	strict
241	15654	strict
241	15655	strict
241	15656	strict
241	15657	strict
242	10321	equal
242	10322	strict
242	10323	strict
242	10324	strict
242	10325	strict
242	10326	strict
242	10327	strict
242	10337	strict
242	10342	strict
242	10353	strict
242	10354	strict
242	10355	strict
242	10356	strict
242	10357	strict
242	10371	strict
242	10372	strict
242	10373	strict
242	10517	strict
242	10519	strict
242	10547	strict
242	10548	strict
242	10563	strict
242	10580	strict
242	10581	strict
242	10582	strict
242	10624	strict
242	11045	strict
242	11046	strict
242	11047	strict
242	11050	strict
242	11052	strict
242	11053	strict
242	11057	strict
242	11175	strict
242	11179	strict
242	11181	strict
242	11183	strict
242	11189	strict
242	11193	strict
242	11194	strict
242	11195	strict
242	11774	strict
242	11775	strict
242	11776	strict
242	11778	strict
242	12115	strict
242	12117	strict
242	12119	strict
242	12121	strict
242	12129	strict
242	12569	strict
242	12570	strict
242	12571	strict
242	12572	strict
242	12575	strict
242	12578	strict
242	12584	strict
242	12588	strict
242	12589	strict
242	12591	strict
242	12596	strict
242	12597	strict
242	12626	strict
242	12630	strict
242	12631	strict
242	12838	strict
242	12841	strict
242	12854	strict
242	12864	strict
242	12866	strict
242	12868	strict
242	13162	strict
242	13164	strict
242	15534	strict
243	10331	equal
243	10332	strict
243	10333	strict
243	10334	strict
243	10335	strict
243	10336	strict
243	10337	strict
243	10338	strict
243	10343	strict
243	10358	strict
243	10359	strict
243	10360	strict
243	10361	strict
243	10362	strict
243	10374	strict
243	10375	strict
243	10376	strict
243	10520	strict
243	10522	strict
243	10550	strict
243	10551	strict
243	10564	strict
243	10586	strict
243	10587	strict
243	10588	strict
243	10633	strict
243	11048	strict
243	11049	strict
243	11050	strict
243	11051	strict
243	11052	strict
243	11058	strict
243	11187	strict
243	11197	strict
243	11777	strict
243	11779	strict
243	11780	strict
243	11781	strict
243	12152	strict
243	12153	strict
243	12163	strict
243	12164	strict
243	12166	strict
243	12573	strict
243	12575	strict
243	12577	strict
243	12585	strict
243	12587	strict
243	12588	strict
243	12590	strict
243	12591	strict
243	12596	strict
243	12628	strict
243	12630	strict
243	12633	strict
243	12634	strict
243	12842	strict
243	12853	strict
243	12854	strict
243	12861	strict
243	12865	strict
243	12866	strict
243	12867	strict
243	12868	strict
243	13167	strict
243	13173	strict
243	13175	strict
243	13179	strict
243	13180	strict
243	13181	strict
243	13182	strict
243	13183	strict
243	15626	strict
243	15648	strict
244	10414	equal
244	10415	strict
244	10416	strict
244	10417	strict
244	10418	strict
244	10419	strict
244	10426	strict
244	10427	strict
244	10428	strict
244	10429	strict
244	10430	strict
244	10433	strict
244	10443	strict
244	10480	strict
244	10482	strict
244	10484	strict
244	10486	strict
244	10487	strict
244	11113	strict
244	11126	strict
244	11127	strict
244	11138	strict
244	11260	strict
244	11263	strict
244	11273	strict
244	11274	strict
244	11275	strict
244	11289	strict
244	11290	strict
244	11291	strict
244	11297	strict
244	11328	strict
244	11334	strict
244	11340	strict
244	11342	strict
244	11343	strict
244	11344	strict
244	11349	strict
244	11355	strict
244	11358	strict
244	11359	strict
244	11361	strict
244	11363	strict
244	12075	strict
244	12079	strict
244	12081	strict
244	12082	strict
244	12083	strict
244	12089	strict
244	12095	strict
244	12098	strict
244	12105	strict
244	12141	strict
244	13007	strict
244	13016	strict
244	13020	strict
244	13021	strict
244	13022	strict
244	13023	strict
244	15516	strict
244	15517	strict
244	15537	strict
244	15569	strict
244	15586	strict
244	15595	strict
244	15597	strict
244	15599	strict
244	15676	strict
244	15684	strict
244	16068	strict
245	10420	equal
245	10421	strict
245	10422	strict
245	10423	strict
245	10424	strict
245	10425	strict
245	10426	strict
245	10427	strict
245	10428	strict
245	10431	strict
245	10432	strict
245	10434	strict
245	10444	strict
245	10481	strict
245	10483	strict
245	10485	strict
245	10488	strict
245	10489	strict
245	11108	strict
245	11109	strict
245	11114	strict
245	11127	strict
245	11133	strict
245	11139	strict
245	11261	strict
245	11264	strict
245	11265	strict
245	11266	strict
245	11269	strict
245	11270	strict
245	11277	strict
245	11280	strict
245	11294	strict
245	11329	strict
245	11330	strict
245	11331	strict
245	11335	strict
245	11337	strict
245	11339	strict
245	11346	strict
245	11347	strict
245	11364	strict
245	11370	strict
245	11372	strict
245	11374	strict
245	12076	strict
245	12077	strict
245	12078	strict
245	12085	strict
245	12086	strict
245	12090	strict
245	12094	strict
245	12096	strict
245	12114	strict
245	12142	strict
245	13003	strict
245	13006	strict
245	13007	strict
245	13017	strict
245	13019	strict
245	13021	strict
245	13023	strict
245	13027	strict
245	15518	strict
245	15519	strict
245	15524	strict
245	15538	strict
245	15552	strict
245	15561	strict
245	15563	strict
245	15565	strict
245	15677	strict
245	15685	strict
245	16069	strict
246	10435	equal
246	10436	strict
246	10437	strict
246	10438	strict
246	10439	strict
246	10440	strict
246	10441	strict
246	10451	strict
246	10490	strict
246	10491	strict
246	10492	strict
246	10493	strict
246	10494	strict
246	10531	strict
246	10547	strict
246	10549	strict
246	10577	strict
246	10580	strict
246	10582	strict
246	10618	strict
246	10619	strict
246	10620	strict
246	10621	strict
246	10623	strict
246	10624	strict
246	11106	strict
246	11107	strict
246	11108	strict
246	11110	strict
246	11111	strict
246	11117	strict
246	11119	strict
246	11124	strict
246	11132	strict
246	11134	strict
246	11143	strict
246	11264	strict
246	11266	strict
246	11267	strict
246	11271	strict
246	11276	strict
246	11280	strict
246	11288	strict
246	11454	strict
246	11458	strict
246	11461	strict
246	11462	strict
246	11472	strict
246	11476	strict
246	11477	strict
246	11479	strict
246	12115	strict
246	12116	strict
246	12117	strict
246	12119	strict
246	12120	strict
246	12129	strict
246	12146	strict
246	13004	strict
246	13008	strict
246	13037	strict
246	13041	strict
246	13042	strict
246	13044	strict
246	13049	strict
246	13050	strict
246	15524	strict
246	15527	strict
246	15551	strict
246	15561	strict
246	15563	strict
246	15565	strict
246	15678	strict
246	15688	strict
246	16076	strict
247	10445	equal
247	10446	strict
247	10447	strict
247	10448	strict
247	10449	strict
247	10450	strict
247	10451	strict
247	10452	strict
247	10495	strict
247	10496	strict
247	10497	strict
247	10498	strict
247	10499	strict
247	10532	strict
247	10550	strict
247	10552	strict
247	10583	strict
247	10586	strict
247	10588	strict
247	10627	strict
247	10628	strict
247	10629	strict
247	10630	strict
247	10632	strict
247	10633	strict
247	11115	strict
247	11116	strict
247	11117	strict
247	11118	strict
247	11119	strict
247	11123	strict
247	11130	strict
247	11132	strict
247	11144	strict
247	11278	strict
247	11280	strict
247	11281	strict
247	11282	strict
247	11283	strict
247	11286	strict
247	11301	strict
247	11303	strict
247	11470	strict
247	11480	strict
247	12136	strict
247	12152	strict
247	12153	strict
247	12156	strict
247	12162	strict
247	12164	strict
247	12166	strict
247	13038	strict
247	13040	strict
247	13041	strict
247	13043	strict
247	13044	strict
247	13049	strict
247	15539	strict
247	15550	strict
247	15551	strict
247	15558	strict
247	15562	strict
247	15563	strict
247	15564	strict
247	15565	strict
247	15693	strict
247	15700	strict
247	15704	strict
247	15705	strict
247	15707	strict
247	15708	strict
247	15709	strict
247	15710	strict
247	16147	strict
247	16154	strict
248	10453	equal
248	10454	strict
248	10455	strict
248	10456	strict
248	10457	strict
248	10458	strict
248	10459	strict
248	10465	strict
248	10500	strict
248	10501	strict
248	10502	strict
248	10503	strict
248	10504	strict
248	10533	strict
248	10534	strict
248	10535	strict
248	10539	strict
248	10540	strict
248	11120	strict
248	11125	strict
248	11126	strict
248	11127	strict
248	11128	strict
248	11135	strict
248	11151	strict
248	11153	strict
248	11284	strict
248	11285	strict
248	11287	strict
248	11289	strict
248	11291	strict
248	11292	strict
248	11297	strict
248	11794	strict
248	11800	strict
248	11802	strict
248	12171	strict
248	12172	strict
248	12173	strict
248	12177	strict
248	12178	strict
248	12184	strict
248	12190	strict
248	13009	strict
248	13010	strict
248	13011	strict
248	13020	strict
248	13021	strict
248	13022	strict
248	13023	strict
248	13026	strict
248	13061	strict
248	13063	strict
248	13310	strict
248	13313	strict
248	13316	strict
248	13317	strict
248	13321	strict
248	13325	strict
248	13326	strict
248	13328	strict
248	15569	strict
248	15572	strict
248	15585	strict
248	15595	strict
248	15597	strict
248	15599	strict
248	15716	strict
248	15718	strict
248	16396	strict
249	10460	equal
249	10461	strict
249	10462	strict
249	10463	strict
249	10464	strict
249	10465	strict
249	10466	strict
249	10467	strict
249	10505	strict
249	10506	strict
249	10507	strict
249	10508	strict
249	10509	strict
249	10536	strict
249	10537	strict
249	10538	strict
249	10539	strict
249	10540	strict
249	11121	strict
249	11129	strict
249	11130	strict
249	11131	strict
249	11132	strict
249	11136	strict
249	11154	strict
249	11156	strict
249	11286	strict
249	11295	strict
249	11297	strict
249	11298	strict
249	11299	strict
249	11300	strict
249	11301	strict
249	11302	strict
249	11797	strict
249	11803	strict
249	11805	strict
249	12186	strict
249	12192	strict
249	12193	strict
249	12196	strict
249	12202	strict
249	12204	strict
249	12206	strict
249	13012	strict
249	13013	strict
249	13014	strict
249	13038	strict
249	13041	strict
249	13043	strict
249	13044	strict
249	13048	strict
249	13064	strict
249	13066	strict
249	13319	strict
249	13329	strict
249	15573	strict
249	15584	strict
249	15585	strict
249	15592	strict
249	15596	strict
249	15597	strict
249	15598	strict
249	15599	strict
249	15720	strict
249	15727	strict
249	15731	strict
249	15732	strict
249	15734	strict
249	15735	strict
249	15736	strict
249	15737	strict
249	16407	strict
249	16414	strict
250	10653	equal
250	10654	strict
250	10655	strict
250	10656	strict
250	10657	strict
250	10658	strict
250	10659	strict
250	10660	strict
250	10669	strict
250	10670	strict
250	10671	strict
250	10672	strict
250	10673	strict
250	10674	strict
250	10678	strict
250	10687	strict
250	10688	strict
250	10697	strict
250	10699	strict
250	10706	strict
250	10715	strict
250	10716	strict
250	10717	strict
250	10718	strict
250	10720	strict
250	10721	strict
250	10722	strict
250	12318	strict
250	12319	strict
250	12324	strict
250	12328	strict
250	12332	strict
250	12334	strict
250	12340	strict
250	12399	strict
250	12404	strict
250	12411	strict
250	12412	strict
250	12418	strict
250	12422	strict
250	12431	strict
250	12434	strict
250	12454	strict
250	12466	strict
250	13075	strict
250	13078	strict
250	13084	strict
250	13101	strict
250	13102	strict
250	13117	strict
250	13119	strict
250	13120	strict
250	13462	strict
250	13463	strict
250	13464	strict
250	13478	strict
250	13479	strict
250	13995	strict
250	13996	strict
250	14597	strict
250	14958	strict
250	14959	strict
250	14961	strict
250	14962	strict
250	16213	strict
250	16222	strict
250	16586	strict
250	16587	strict
250	16588	strict
250	16589	strict
251	10661	equal
251	10662	strict
251	10663	strict
251	10664	strict
251	10665	strict
251	10666	strict
251	10667	strict
251	10668	strict
251	10669	strict
251	10670	strict
251	10671	strict
251	10675	strict
251	10676	strict
251	10677	strict
251	10679	strict
251	10690	strict
251	10691	strict
251	10693	strict
251	10695	strict
251	10726	strict
251	10735	strict
251	10736	strict
251	10737	strict
251	10738	strict
251	10740	strict
251	10741	strict
251	10742	strict
251	12299	strict
251	12300	strict
251	12301	strict
251	12320	strict
251	12321	strict
251	12326	strict
251	12329	strict
251	12335	strict
251	12337	strict
251	12341	strict
251	12342	strict
251	12343	strict
251	12351	strict
251	12352	strict
251	12353	strict
251	12354	strict
251	12371	strict
251	12372	strict
251	12401	strict
251	12403	strict
251	12404	strict
251	12419	strict
251	12423	strict
251	12440	strict
251	12443	strict
251	13078	strict
251	13086	strict
251	13104	strict
251	13118	strict
251	13119	strict
251	13120	strict
251	13123	strict
251	13509	strict
251	13522	strict
251	14006	strict
251	14007	strict
251	14601	strict
251	14978	strict
251	14979	strict
251	14981	strict
251	14982	strict
251	16473	strict
251	16481	strict
251	16568	strict
251	16569	strict
251	16570	strict
251	16571	strict
252	10746	equal
252	10747	strict
252	10748	strict
252	10749	strict
252	10750	strict
252	10751	strict
252	10752	strict
252	10753	strict
252	10755	strict
252	10756	strict
252	10758	strict
252	10759	strict
252	10766	strict
252	10777	strict
252	10778	strict
252	10779	strict
252	10780	strict
252	10781	strict
252	10782	strict
252	10784	strict
252	10801	strict
252	10802	strict
252	10803	strict
252	10804	strict
252	10805	strict
252	10806	strict
252	10826	strict
252	10827	strict
252	10828	strict
252	10832	strict
252	10897	strict
252	10899	strict
252	10900	strict
252	11221	strict
252	12302	strict
252	12303	strict
252	12304	strict
252	12305	strict
252	12307	strict
252	12309	strict
252	12375	strict
252	12405	strict
252	12406	strict
252	12407	strict
252	12408	strict
252	12465	strict
252	12503	strict
252	13222	strict
252	13223	strict
252	13224	strict
252	13232	strict
252	13233	strict
252	13246	strict
252	13252	strict
252	13265	strict
252	13266	strict
252	13268	strict
252	13288	strict
252	14211	strict
252	14607	strict
252	14992	strict
252	15004	strict
252	15005	strict
252	15006	strict
252	15008	strict
252	16572	strict
252	16574	strict
252	16576	strict
252	16577	strict
252	16580	strict
253	10786	equal
253	10787	strict
253	10788	strict
253	10789	strict
253	10790	strict
253	10791	strict
253	10792	strict
253	10807	strict
253	10809	strict
253	10810	strict
253	10811	strict
253	10812	strict
253	10817	strict
253	10819	strict
253	10822	strict
253	10823	strict
253	10825	strict
253	10829	strict
253	10840	strict
253	10842	strict
253	10849	strict
253	10862	strict
253	10870	strict
253	10871	strict
253	10872	strict
253	10873	strict
253	10875	strict
253	10876	strict
253	10877	strict
253	10882	strict
253	10896	strict
253	11410	strict
253	12345	strict
253	12346	strict
253	12347	strict
253	12348	strict
253	12350	strict
253	12351	strict
253	12353	strict
253	12354	strict
253	12357	strict
253	12365	strict
253	12369	strict
253	12372	strict
253	12373	strict
253	12387	strict
253	12389	strict
253	12452	strict
253	12453	strict
253	12456	strict
253	12462	strict
253	12487	strict
253	12501	strict
253	13998	strict
253	13999	strict
253	14000	strict
253	14001	strict
253	14003	strict
253	14005	strict
253	14007	strict
253	14052	strict
253	14053	strict
253	14097	strict
253	14098	strict
253	14099	strict
253	14103	strict
253	14600	strict
253	14691	strict
253	14979	strict
253	14981	strict
253	14982	strict
253	16532	strict
253	16533	strict
253	16534	strict
253	16535	strict
254	10793	equal
254	10794	strict
254	10795	strict
254	10796	strict
254	10797	strict
254	10798	strict
254	10799	strict
254	10800	strict
254	10801	strict
254	10805	strict
254	10806	strict
254	10813	strict
254	10814	strict
254	10815	strict
254	10817	strict
254	10818	strict
254	10820	strict
254	10821	strict
254	10822	strict
254	10823	strict
254	10831	strict
254	10834	strict
254	10836	strict
254	10837	strict
254	10840	strict
254	10855	strict
254	10856	strict
254	10860	strict
254	10872	strict
254	10873	strict
254	10875	strict
254	10876	strict
254	10889	strict
254	10900	strict
254	11412	strict
254	12355	strict
254	12356	strict
254	12358	strict
254	12359	strict
254	12360	strict
254	12367	strict
254	12370	strict
254	12376	strict
254	12378	strict
254	12380	strict
254	12381	strict
254	12388	strict
254	12392	strict
254	12455	strict
254	12457	strict
254	12464	strict
254	12465	strict
254	12504	strict
254	14026	strict
254	14027	strict
254	14028	strict
254	14057	strict
254	14058	strict
254	14175	strict
254	14178	strict
254	14192	strict
254	14193	strict
254	14194	strict
254	14198	strict
254	14611	strict
254	14736	strict
254	15013	strict
254	15037	strict
254	15040	strict
254	15041	strict
254	16576	strict
254	16578	strict
254	16579	strict
254	16580	strict
255	11157	equal
255	11158	strict
255	11159	strict
255	11160	strict
255	11161	strict
255	11163	strict
255	11164	strict
255	11165	strict
255	11166	strict
255	11167	strict
255	11168	strict
255	11169	strict
255	11170	strict
255	11177	strict
255	11190	strict
255	11191	strict
255	11192	strict
255	11193	strict
255	11194	strict
255	11195	strict
255	11196	strict
255	11376	strict
255	11377	strict
255	11378	strict
255	11380	strict
255	11381	strict
255	11383	strict
255	11384	strict
255	11385	strict
255	11399	strict
255	11400	strict
255	11401	strict
255	11436	strict
255	11438	strict
255	13081	strict
255	13104	strict
255	13106	strict
255	13107	strict
255	13108	strict
255	13109	strict
255	13110	strict
255	13111	strict
255	13112	strict
255	13113	strict
255	13114	strict
255	13115	strict
255	13116	strict
255	13117	strict
255	13118	strict
255	13120	strict
255	13121	strict
255	13141	strict
255	13197	strict
255	13204	strict
255	13206	strict
255	13483	strict
255	13521	strict
255	13565	strict
255	14105	strict
255	14616	strict
255	15093	strict
255	15107	strict
255	15108	strict
255	15110	strict
255	15111	strict
255	16554	strict
255	16555	strict
255	16558	strict
255	16559	strict
255	16562	strict
256	11199	equal
256	11200	strict
256	11201	strict
256	11202	strict
256	11203	strict
256	11204	strict
256	11205	strict
256	11206	strict
256	11215	strict
256	11216	strict
256	11217	strict
256	11220	strict
256	11304	strict
256	11305	strict
256	11308	strict
256	11310	strict
256	11312	strict
256	11313	strict
256	11314	strict
256	11336	strict
256	11348	strict
256	11353	strict
256	11354	strict
256	11355	strict
256	11356	strict
256	11357	strict
256	11358	strict
256	11359	strict
256	13228	strict
256	13248	strict
256	13260	strict
256	13261	strict
256	13262	strict
256	13263	strict
256	13264	strict
256	13265	strict
256	13266	strict
256	14164	strict
256	14165	strict
256	14166	strict
256	14167	strict
256	14168	strict
256	14173	strict
256	14216	strict
256	14217	strict
256	14218	strict
256	14219	strict
256	14434	strict
256	14617	strict
256	14618	strict
256	14619	strict
256	14620	strict
256	14628	strict
256	14724	strict
256	14726	strict
256	15122	strict
256	15134	strict
256	15141	strict
256	15142	strict
256	15143	strict
256	15144	strict
256	15145	strict
256	16207	strict
256	16208	strict
256	16209	strict
256	16210	strict
256	16545	strict
256	16549	strict
256	16551	strict
256	16553	strict
257	11207	equal
257	11208	strict
257	11209	strict
257	11210	strict
257	11211	strict
257	11212	strict
257	11213	strict
257	11214	strict
257	11215	strict
257	11216	strict
257	11217	strict
257	11221	strict
257	11306	strict
257	11307	strict
257	11309	strict
257	11311	strict
257	11315	strict
257	11316	strict
257	11317	strict
257	11338	strict
257	11362	strict
257	11368	strict
257	11369	strict
257	11370	strict
257	11371	strict
257	11372	strict
257	11373	strict
257	11374	strict
257	13229	strict
257	13252	strict
257	13253	strict
257	13254	strict
257	13255	strict
257	13256	strict
257	13259	strict
257	13261	strict
257	13262	strict
257	13264	strict
257	13266	strict
257	13301	strict
257	14203	strict
257	14204	strict
257	14205	strict
257	14206	strict
257	14207	strict
257	14209	strict
257	14210	strict
257	14212	strict
257	14213	strict
257	14214	strict
257	14215	strict
257	14438	strict
257	14622	strict
257	14623	strict
257	14624	strict
257	14625	strict
257	14627	strict
257	14743	strict
257	14745	strict
257	15124	strict
257	15148	strict
257	15156	strict
257	15157	strict
257	15158	strict
257	15159	strict
257	15160	strict
257	16467	strict
257	16468	strict
257	16469	strict
257	16470	strict
257	16536	strict
257	16540	strict
257	16542	strict
257	16544	strict
258	11391	equal
258	11392	strict
258	11393	strict
258	11394	strict
258	11395	strict
258	11396	strict
258	11397	strict
258	11398	strict
258	11399	strict
258	11400	strict
258	11401	strict
258	11410	strict
258	11413	strict
258	11414	strict
258	11415	strict
258	11416	strict
258	11421	strict
258	11422	strict
258	11425	strict
258	11426	strict
258	11428	strict
258	11432	strict
258	11433	strict
258	11438	strict
258	11439	strict
258	11444	strict
258	11445	strict
258	11456	strict
258	11473	strict
258	11474	strict
258	11475	strict
258	11476	strict
258	11477	strict
258	11478	strict
258	11479	strict
258	14038	strict
258	14084	strict
258	14086	strict
258	14087	strict
258	14088	strict
258	14089	strict
258	14090	strict
258	14091	strict
258	14092	strict
258	14093	strict
258	14094	strict
258	14095	strict
258	14096	strict
258	14097	strict
258	14099	strict
258	14100	strict
258	14101	strict
258	14104	strict
258	14613	strict
258	14614	strict
258	14615	strict
258	14616	strict
258	14686	strict
258	14690	strict
258	15094	strict
258	15101	strict
258	15108	strict
258	15111	strict
258	15112	strict
258	15443	strict
258	16293	strict
258	16300	strict
258	16302	strict
258	16318	strict
258	16518	strict
258	16521	strict
258	16522	strict
258	16524	strict
258	16526	strict
259	11402	equal
259	11403	strict
259	11404	strict
259	11405	strict
259	11406	strict
259	11407	strict
259	11408	strict
259	11412	strict
259	11417	strict
259	11418	strict
259	11419	strict
259	11421	strict
259	11423	strict
259	11424	strict
259	11425	strict
259	11426	strict
259	11429	strict
259	11434	strict
259	11435	strict
259	11440	strict
259	11441	strict
259	11442	strict
259	11445	strict
259	11446	strict
259	11449	strict
259	11450	strict
259	11457	strict
259	11469	strict
259	11475	strict
259	11476	strict
259	11477	strict
259	11479	strict
259	14040	strict
259	14170	strict
259	14171	strict
259	14172	strict
259	14177	strict
259	14181	strict
259	14182	strict
259	14183	strict
259	14184	strict
259	14185	strict
259	14186	strict
259	14187	strict
259	14188	strict
259	14189	strict
259	14190	strict
259	14191	strict
259	14192	strict
259	14194	strict
259	14195	strict
259	14196	strict
259	14199	strict
259	14210	strict
259	14212	strict
259	14214	strict
259	14215	strict
259	14441	strict
259	14629	strict
259	14630	strict
259	14631	strict
259	14735	strict
259	14750	strict
259	15165	strict
259	15176	strict
259	15184	strict
259	15186	strict
259	15187	strict
259	16289	strict
259	16393	strict
259	16536	strict
259	16539	strict
259	16540	strict
259	16542	strict
259	16544	strict
260	12692	equal
260	12693	strict
260	12694	strict
260	12695	strict
260	12696	strict
260	12697	strict
260	12698	strict
260	12699	strict
260	12701	strict
260	12703	strict
260	12706	strict
260	12707	strict
260	12710	strict
260	12719	strict
260	12720	strict
260	12721	strict
260	12726	strict
260	12728	strict
260	12755	strict
260	12757	strict
260	12758	strict
260	12761	strict
260	12762	strict
260	12763	strict
260	12764	strict
260	12765	strict
260	12766	strict
260	12767	strict
260	12768	strict
260	12778	strict
260	12780	strict
260	12782	strict
260	12783	strict
260	12789	strict
260	12790	strict
260	12801	strict
260	12819	strict
260	12834	strict
260	12856	strict
260	12864	strict
260	12866	strict
260	12867	strict
260	12868	strict
260	13207	strict
260	13380	strict
260	13497	strict
260	13498	strict
260	13511	strict
260	13512	strict
260	13513	strict
260	13516	strict
260	13523	strict
260	13547	strict
260	13613	strict
260	13614	strict
260	13615	strict
260	14262	strict
260	14263	strict
260	14271	strict
260	14284	strict
260	14285	strict
260	14312	strict
260	14586	strict
260	14661	strict
260	14800	strict
260	14807	strict
260	14809	strict
260	14810	strict
260	14924	strict
260	15250	strict
260	16513	strict
260	16514	strict
260	16515	strict
260	16517	strict
261	12711	equal
261	12712	strict
261	12713	strict
261	12714	strict
261	12715	strict
261	12716	strict
261	12717	strict
261	12718	strict
261	12719	strict
261	12720	strict
261	12721	strict
261	12722	strict
261	12723	strict
261	12724	strict
261	12725	strict
261	12726	strict
261	12728	strict
261	12730	strict
261	12746	strict
261	12754	strict
261	12756	strict
261	12757	strict
261	12758	strict
261	12770	strict
261	12771	strict
261	12774	strict
261	12776	strict
261	12783	strict
261	12784	strict
261	12816	strict
261	12819	strict
261	12820	strict
261	12821	strict
261	12822	strict
261	12823	strict
261	12824	strict
261	12832	strict
261	12839	strict
261	12840	strict
261	12865	strict
261	12867	strict
261	12868	strict
261	12887	strict
261	13208	strict
261	13384	strict
261	13499	strict
261	13500	strict
261	13514	strict
261	13518	strict
261	13519	strict
261	13521	strict
261	13535	strict
261	13544	strict
261	13776	strict
261	13777	strict
261	13778	strict
261	13819	strict
261	14346	strict
261	14347	strict
261	14361	strict
261	14362	strict
261	14710	strict
261	14717	strict
261	15283	strict
261	15318	strict
261	15321	strict
261	15323	strict
261	15324	strict
261	15982	strict
261	16134	strict
261	16558	strict
261	16559	strict
261	16560	strict
261	16562	strict
262	12733	equal
262	12734	strict
262	12735	strict
262	12736	strict
262	12737	strict
262	12738	strict
262	12739	strict
262	12740	strict
262	12741	strict
262	12742	strict
262	12743	strict
262	12744	strict
262	12747	strict
262	12748	strict
262	12749	strict
262	12750	strict
262	12751	strict
262	12752	strict
262	12753	strict
262	12754	strict
262	12755	strict
262	12756	strict
262	12758	strict
262	12772	strict
262	12773	strict
262	12775	strict
262	12779	strict
262	12785	strict
262	12786	strict
262	12787	strict
262	12825	strict
262	12826	strict
262	12827	strict
262	12829	strict
262	12835	strict
262	12837	strict
262	12957	strict
262	12958	strict
262	12959	strict
262	12960	strict
262	12962	strict
262	12963	strict
262	12964	strict
262	13209	strict
262	13386	strict
262	13501	strict
262	13504	strict
262	13505	strict
262	13506	strict
262	13515	strict
262	13520	strict
262	13522	strict
262	13536	strict
262	13569	strict
262	13917	strict
262	13918	strict
262	13920	strict
262	13921	strict
262	13925	strict
262	14354	strict
262	14357	strict
262	14365	strict
262	14366	strict
262	14751	strict
262	15385	strict
262	15390	strict
262	15391	strict
262	15394	strict
262	15395	strict
262	15396	strict
262	16564	strict
262	16566	strict
262	16569	strict
262	16570	strict
262	16571	strict
263	12791	equal
263	12792	strict
263	12793	strict
263	12794	strict
263	12795	strict
263	12796	strict
263	12797	strict
263	12798	strict
263	12799	strict
263	12800	strict
263	12803	strict
263	12804	strict
263	12806	strict
263	12809	strict
263	12810	strict
263	12811	strict
263	12812	strict
263	12813	strict
263	12814	strict
263	12911	strict
263	12913	strict
263	12915	strict
263	12917	strict
263	12918	strict
263	12919	strict
263	12920	strict
263	12922	strict
263	12924	strict
263	12931	strict
263	12932	strict
263	12933	strict
263	12934	strict
263	12935	strict
263	12936	strict
263	12937	strict
263	12938	strict
263	12939	strict
263	12943	strict
263	12951	strict
263	12959	strict
263	12960	strict
263	12961	strict
263	12963	strict
263	13210	strict
263	13389	strict
263	13524	strict
263	13525	strict
263	13526	strict
263	13527	strict
263	13528	strict
263	13529	strict
263	13533	strict
263	13568	strict
263	14906	strict
263	14907	strict
263	14908	strict
263	14909	strict
263	14910	strict
263	14911	strict
263	14912	strict
263	14914	strict
263	14915	strict
263	14916	strict
263	14920	strict
263	14928	strict
263	14936	strict
263	14937	strict
263	14938	strict
263	14940	strict
263	15246	strict
263	16483	strict
263	16491	strict
263	16493	strict
263	16494	strict
264	12843	equal
264	12844	strict
264	12845	strict
264	12846	strict
264	12847	strict
264	12848	strict
264	12849	strict
264	12850	strict
264	12851	strict
264	12852	strict
264	12853	strict
264	12854	strict
264	12857	strict
264	12858	strict
264	12859	strict
264	12860	strict
264	12861	strict
264	12862	strict
264	12863	strict
264	12864	strict
264	12865	strict
264	12866	strict
264	12868	strict
264	12870	strict
264	12871	strict
264	12872	strict
264	12873	strict
264	12874	strict
264	12875	strict
264	12876	strict
264	12900	strict
264	12901	strict
264	12902	strict
264	12904	strict
264	12906	strict
264	12907	strict
264	12927	strict
264	12928	strict
264	12929	strict
264	12930	strict
264	12932	strict
264	12933	strict
264	12948	strict
264	13211	strict
264	13394	strict
264	13537	strict
264	13540	strict
264	13541	strict
264	13542	strict
264	13545	strict
264	13546	strict
264	13548	strict
264	13560	strict
264	13567	strict
264	15630	strict
264	15631	strict
264	15633	strict
264	15634	strict
264	15638	strict
264	15799	strict
264	15802	strict
264	15805	strict
264	15806	strict
264	15867	strict
264	16151	strict
264	16196	strict
264	16198	strict
264	16201	strict
264	16202	strict
264	16203	strict
264	16529	strict
264	16530	strict
264	16533	strict
264	16534	strict
264	16535	strict
265	12877	equal
265	12878	strict
265	12879	strict
265	12880	strict
265	12881	strict
265	12882	strict
265	12883	strict
265	12884	strict
265	12885	strict
265	12886	strict
265	12889	strict
265	12890	strict
265	12892	strict
265	12893	strict
265	12894	strict
265	12895	strict
265	12896	strict
265	12897	strict
265	12899	strict
265	12918	strict
265	12919	strict
265	12920	strict
265	12921	strict
265	12922	strict
265	12924	strict
265	12925	strict
265	12929	strict
265	12930	strict
265	12931	strict
265	12933	strict
265	12938	strict
265	12941	strict
265	12943	strict
265	12944	strict
265	12945	strict
265	12946	strict
265	12947	strict
265	12950	strict
265	12954	strict
265	12956	strict
265	12961	strict
265	12962	strict
265	12963	strict
265	13212	strict
265	13396	strict
265	13549	strict
265	13550	strict
265	13551	strict
265	13552	strict
265	13553	strict
265	13554	strict
265	13559	strict
265	13570	strict
265	15963	strict
265	15964	strict
265	15965	strict
265	15966	strict
265	15967	strict
265	15968	strict
265	15969	strict
265	15971	strict
265	15972	strict
265	15974	strict
265	15978	strict
265	15986	strict
265	15993	strict
265	15994	strict
265	15995	strict
265	15997	strict
265	16127	strict
265	16519	strict
265	16523	strict
265	16525	strict
265	16526	strict
266	13068	equal
266	13069	strict
266	13070	strict
266	13071	strict
266	13072	strict
266	13073	strict
266	13074	strict
266	13075	strict
266	13076	strict
266	13077	strict
266	13078	strict
266	13082	strict
266	13087	strict
266	13096	strict
266	13097	strict
266	13101	strict
266	13116	strict
266	13117	strict
266	13119	strict
266	13120	strict
266	13125	strict
266	13126	strict
266	13127	strict
266	13128	strict
266	13133	strict
266	13135	strict
266	13137	strict
266	13139	strict
266	13157	strict
266	13159	strict
266	13168	strict
266	13176	strict
266	13177	strict
266	13178	strict
266	13179	strict
266	13181	strict
266	13182	strict
266	13183	strict
266	13188	strict
266	13203	strict
266	13457	strict
266	13458	strict
266	13459	strict
266	13461	strict
266	13462	strict
266	13464	strict
266	13471	strict
266	13473	strict
266	13479	strict
266	13480	strict
266	13485	strict
266	13507	strict
266	13508	strict
266	13516	strict
266	13547	strict
266	13563	strict
266	13964	strict
266	13965	strict
266	13966	strict
266	13994	strict
266	13996	strict
266	14595	strict
266	14661	strict
266	14959	strict
266	14961	strict
266	14962	strict
266	16514	strict
266	16515	strict
266	16516	strict
266	16517	strict
267	13088	equal
267	13089	strict
267	13090	strict
267	13091	strict
267	13092	strict
267	13093	strict
267	13094	strict
267	13095	strict
267	13096	strict
267	13098	strict
267	13099	strict
267	13101	strict
267	13103	strict
267	13106	strict
267	13110	strict
267	13111	strict
267	13116	strict
267	13117	strict
267	13119	strict
267	13120	strict
267	13121	strict
267	13129	strict
267	13130	strict
267	13131	strict
267	13133	strict
267	13134	strict
267	13136	strict
267	13137	strict
267	13143	strict
267	13153	strict
267	13154	strict
267	13157	strict
267	13160	strict
267	13161	strict
267	13165	strict
267	13178	strict
267	13179	strict
267	13181	strict
267	13182	strict
267	13206	strict
267	13465	strict
267	13466	strict
267	13474	strict
267	13476	strict
267	13477	strict
267	13486	strict
267	13488	strict
267	13490	strict
267	13491	strict
267	13494	strict
267	13496	strict
267	13510	strict
267	13517	strict
267	13519	strict
267	13521	strict
267	13566	strict
267	14070	strict
267	14071	strict
267	14072	strict
267	14671	strict
267	14697	strict
267	14717	strict
267	15399	strict
267	15425	strict
267	15427	strict
267	15428	strict
267	16559	strict
267	16560	strict
267	16561	strict
267	16562	strict
268	13214	equal
268	13215	strict
268	13216	strict
268	13217	strict
268	13218	strict
268	13219	strict
268	13220	strict
268	13221	strict
268	13222	strict
268	13223	strict
268	13224	strict
268	13230	strict
268	13233	strict
268	13242	strict
268	13244	strict
268	13246	strict
268	13251	strict
268	13263	strict
268	13264	strict
268	13265	strict
268	13266	strict
268	13269	strict
268	13271	strict
268	13272	strict
268	13273	strict
268	13278	strict
268	13279	strict
268	13281	strict
268	13285	strict
268	13288	strict
268	13296	strict
268	13297	strict
268	13311	strict
268	13322	strict
268	13323	strict
268	13324	strict
268	13325	strict
268	13326	strict
268	13327	strict
268	13328	strict
268	14017	strict
268	14018	strict
268	14019	strict
268	14020	strict
268	14021	strict
268	14022	strict
268	14604	strict
268	14605	strict
268	14606	strict
268	14607	strict
268	14639	strict
268	14640	strict
268	14641	strict
268	14655	strict
268	14660	strict
268	14989	strict
268	14993	strict
268	15006	strict
268	15008	strict
268	15009	strict
268	15056	strict
268	15756	strict
268	15758	strict
268	15759	strict
268	15869	strict
268	16500	strict
268	16503	strict
268	16504	strict
268	16506	strict
268	16508	strict
269	13234	equal
269	13235	strict
269	13236	strict
269	13237	strict
269	13238	strict
269	13239	strict
269	13240	strict
269	13241	strict
269	13242	strict
269	13243	strict
269	13245	strict
269	13246	strict
269	13250	strict
269	13260	strict
269	13261	strict
269	13263	strict
269	13264	strict
269	13265	strict
269	13266	strict
269	13267	strict
269	13274	strict
269	13275	strict
269	13276	strict
269	13278	strict
269	13280	strict
269	13281	strict
269	13282	strict
269	13286	strict
269	13292	strict
269	13293	strict
269	13294	strict
269	13297	strict
269	13298	strict
269	13300	strict
269	13309	strict
269	13312	strict
269	13324	strict
269	13325	strict
269	13326	strict
269	13328	strict
269	14122	strict
269	14123	strict
269	14124	strict
269	14125	strict
269	14126	strict
269	14127	strict
269	14154	strict
269	14155	strict
269	14156	strict
269	14160	strict
269	14216	strict
269	14218	strict
269	14219	strict
269	14447	strict
269	14672	strict
269	14673	strict
269	14674	strict
269	14716	strict
269	14753	strict
269	15453	strict
269	15457	strict
269	15470	strict
269	15472	strict
269	15473	strict
269	16065	strict
269	16545	strict
269	16548	strict
269	16549	strict
269	16551	strict
269	16553	strict
270	13579	equal
270	13580	strict
270	13581	strict
270	13582	strict
270	13583	strict
270	13589	strict
270	13604	strict
270	13624	strict
270	13625	strict
270	13626	strict
270	13630	strict
270	13634	strict
270	13641	strict
270	13642	strict
270	13644	strict
270	13645	strict
270	13648	strict
270	13649	strict
270	13671	strict
270	13678	strict
270	13698	strict
270	13699	strict
270	13700	strict
270	13703	strict
270	13708	strict
270	13733	strict
270	13735	strict
270	13736	strict
270	13741	strict
270	13802	strict
270	13803	strict
270	14258	strict
270	14259	strict
270	14261	strict
270	14262	strict
270	14265	strict
270	14271	strict
270	14273	strict
270	14282	strict
270	14283	strict
270	14284	strict
270	14285	strict
270	14310	strict
270	14313	strict
270	14316	strict
270	14319	strict
270	14460	strict
270	14576	strict
270	14578	strict
270	14643	strict
270	14647	strict
270	14677	strict
270	14796	strict
270	14797	strict
270	14798	strict
270	14800	strict
270	14801	strict
270	14807	strict
270	14809	strict
270	14810	strict
270	14845	strict
270	14857	strict
270	14916	strict
270	15213	strict
270	15247	strict
270	15553	strict
270	15561	strict
270	15563	strict
270	15564	strict
270	15565	strict
270	15842	strict
270	16490	strict
270	16491	strict
270	16492	strict
270	16494	strict
271	13584	equal
271	13585	strict
271	13586	strict
271	13587	strict
271	13588	strict
271	13590	strict
271	13591	strict
271	13592	strict
271	13601	strict
271	13602	strict
271	13603	strict
271	13628	strict
271	13629	strict
271	13630	strict
271	13631	strict
271	13632	strict
271	13636	strict
271	13637	strict
271	13641	strict
271	13646	strict
271	13647	strict
271	13648	strict
271	13649	strict
271	13676	strict
271	13679	strict
271	13702	strict
271	13703	strict
271	13709	strict
271	13730	strict
271	13733	strict
271	13735	strict
271	13736	strict
271	13813	strict
271	13814	strict
271	14266	strict
271	14267	strict
271	14269	strict
271	14274	strict
271	14277	strict
271	14279	strict
271	14281	strict
271	14308	strict
271	14309	strict
271	14311	strict
271	14314	strict
271	14315	strict
271	14320	strict
271	14463	strict
271	14577	strict
271	14644	strict
271	14648	strict
271	14649	strict
271	14823	strict
271	14824	strict
271	14825	strict
271	14827	strict
271	14828	strict
271	14834	strict
271	14836	strict
271	14837	strict
271	15204	strict
271	15222	strict
271	15371	strict
271	15510	strict
271	15587	strict
271	15595	strict
271	15597	strict
271	15598	strict
271	15599	strict
271	15851	strict
271	16495	strict
271	16496	strict
271	16497	strict
271	16499	strict
272	13593	equal
272	13594	strict
272	13595	strict
272	13596	strict
272	13597	strict
272	13598	strict
272	13599	strict
272	13600	strict
272	13601	strict
272	13602	strict
272	13603	strict
272	13650	strict
272	13651	strict
272	13654	strict
272	13658	strict
272	13659	strict
272	13674	strict
272	13680	strict
272	13681	strict
272	13682	strict
272	13804	strict
272	13805	strict
272	13806	strict
272	13807	strict
272	13808	strict
272	13810	strict
272	13813	strict
272	13831	strict
272	13857	strict
272	13880	strict
272	13883	strict
272	13885	strict
272	13886	strict
272	14286	strict
272	14287	strict
272	14289	strict
272	14294	strict
272	14297	strict
272	14323	strict
272	14324	strict
272	14461	strict
272	14580	strict
272	14649	strict
272	14658	strict
272	14659	strict
272	14660	strict
272	14861	strict
272	14863	strict
272	14883	strict
272	14884	strict
272	14885	strict
272	14887	strict
272	14890	strict
272	14893	strict
272	14895	strict
272	14896	strict
272	15237	strict
272	15240	strict
272	15570	strict
272	15571	strict
272	15596	strict
272	15598	strict
272	15599	strict
272	15845	strict
272	16356	strict
272	16402	strict
272	16504	strict
272	16505	strict
272	16506	strict
272	16508	strict
273	13605	equal
273	13606	strict
273	13607	strict
273	13608	strict
273	13609	strict
273	13610	strict
273	13611	strict
273	13612	strict
273	13613	strict
273	13614	strict
273	13615	strict
273	13652	strict
273	13653	strict
273	13656	strict
273	13662	strict
273	13665	strict
273	13677	strict
273	13815	strict
273	13816	strict
273	13817	strict
273	13832	strict
273	13936	strict
273	13937	strict
273	13938	strict
273	13942	strict
273	13943	strict
273	13944	strict
273	14290	strict
273	14291	strict
273	14292	strict
273	14298	strict
273	14299	strict
273	14322	strict
273	14325	strict
273	14464	strict
273	14581	strict
273	14582	strict
273	14583	strict
273	14585	strict
273	14650	strict
273	14651	strict
273	14652	strict
273	14661	strict
273	14694	strict
273	14917	strict
273	14918	strict
273	14919	strict
273	14920	strict
273	14922	strict
273	14923	strict
273	14924	strict
273	14925	strict
273	14930	strict
273	14935	strict
273	14938	strict
273	14939	strict
273	14940	strict
273	15249	strict
273	15637	strict
273	15647	strict
273	15648	strict
273	15653	strict
273	15654	strict
273	15656	strict
273	15657	strict
273	16510	strict
273	16512	strict
273	16515	strict
273	16516	strict
273	16517	strict
274	13689	equal
274	13690	strict
274	13691	strict
274	13692	strict
274	13693	strict
274	13694	strict
274	13695	strict
274	13696	strict
274	13697	strict
274	13698	strict
274	13699	strict
274	13700	strict
274	13701	strict
274	13703	strict
274	13704	strict
274	13705	strict
274	13706	strict
274	13708	strict
274	13724	strict
274	13732	strict
274	13734	strict
274	13735	strict
274	13736	strict
274	13737	strict
274	13739	strict
274	13743	strict
274	13744	strict
274	13745	strict
274	13767	strict
274	13783	strict
274	13787	strict
274	13788	strict
274	13802	strict
274	14342	strict
274	14343	strict
274	14345	strict
274	14346	strict
274	14349	strict
274	14359	strict
274	14360	strict
274	14361	strict
274	14362	strict
274	14454	strict
274	14664	strict
274	14677	strict
274	14679	strict
274	14680	strict
274	14682	strict
274	14690	strict
274	15283	strict
274	15285	strict
274	15286	strict
274	15313	strict
274	15314	strict
274	15315	strict
274	15317	strict
274	15318	strict
274	15321	strict
274	15323	strict
274	15324	strict
274	15499	strict
274	15504	strict
274	15525	strict
274	15526	strict
274	15562	strict
274	15564	strict
274	15565	strict
274	15786	strict
274	15914	strict
274	15974	strict
274	16131	strict
274	16522	strict
274	16523	strict
274	16524	strict
274	16526	strict
275	13711	equal
275	13712	strict
275	13713	strict
275	13714	strict
275	13715	strict
275	13716	strict
275	13717	strict
275	13718	strict
275	13719	strict
275	13720	strict
275	13721	strict
275	13722	strict
275	13725	strict
275	13726	strict
275	13727	strict
275	13728	strict
275	13729	strict
275	13730	strict
275	13731	strict
275	13732	strict
275	13733	strict
275	13734	strict
275	13736	strict
275	13738	strict
275	13742	strict
275	13746	strict
275	13890	strict
275	13891	strict
275	13892	strict
275	13893	strict
275	14350	strict
275	14351	strict
275	14352	strict
275	14354	strict
275	14355	strict
275	14363	strict
275	14364	strict
275	14365	strict
275	14366	strict
275	14468	strict
275	14666	strict
275	14683	strict
275	14684	strict
275	14685	strict
275	14689	strict
275	14691	strict
275	14728	strict
275	15372	strict
275	15374	strict
275	15375	strict
275	15376	strict
275	15378	strict
275	15379	strict
275	15380	strict
275	15381	strict
275	15385	strict
275	15391	strict
275	15394	strict
275	15395	strict
275	15396	strict
275	15512	strict
275	16264	strict
275	16270	strict
275	16272	strict
275	16279	strict
275	16280	strict
275	16281	strict
275	16283	strict
275	16317	strict
275	16528	strict
275	16530	strict
275	16533	strict
275	16534	strict
275	16535	strict
276	13748	equal
276	13749	strict
276	13750	strict
276	13751	strict
276	13752	strict
276	13753	strict
276	13754	strict
276	13755	strict
276	13764	strict
276	13765	strict
276	13766	strict
276	13781	strict
276	13782	strict
276	13783	strict
276	13784	strict
276	13785	strict
276	13786	strict
276	13787	strict
276	13788	strict
276	13795	strict
276	13797	strict
276	13801	strict
276	13802	strict
276	13807	strict
276	13811	strict
276	13818	strict
276	13823	strict
276	13826	strict
276	13827	strict
276	13874	strict
276	13882	strict
276	13884	strict
276	13885	strict
276	13886	strict
276	14368	strict
276	14369	strict
276	14371	strict
276	14452	strict
276	14692	strict
276	14699	strict
276	14700	strict
276	14701	strict
276	14703	strict
276	14713	strict
276	14735	strict
276	15520	strict
276	15521	strict
276	15525	strict
276	15559	strict
276	15562	strict
276	15564	strict
276	15565	strict
276	15764	strict
276	15767	strict
276	15769	strict
276	15771	strict
276	15784	strict
276	15787	strict
276	15890	strict
276	15891	strict
276	15892	strict
276	15894	strict
276	15895	strict
276	15898	strict
276	15900	strict
276	15901	strict
276	16096	strict
276	16106	strict
276	16184	strict
276	16219	strict
276	16540	strict
276	16541	strict
276	16542	strict
276	16544	strict
277	13756	equal
277	13757	strict
277	13758	strict
277	13759	strict
277	13760	strict
277	13761	strict
277	13762	strict
277	13763	strict
277	13764	strict
277	13765	strict
277	13766	strict
277	13789	strict
277	13790	strict
277	13793	strict
277	13798	strict
277	13799	strict
277	13800	strict
277	13804	strict
277	13807	strict
277	13808	strict
277	13809	strict
277	13810	strict
277	13812	strict
277	13813	strict
277	13821	strict
277	13827	strict
277	13857	strict
277	13858	strict
277	13883	strict
277	13885	strict
277	13886	strict
277	14372	strict
277	14373	strict
277	14375	strict
277	14456	strict
277	14693	strict
277	14702	strict
277	14704	strict
277	14714	strict
277	14715	strict
277	14716	strict
277	14729	strict
277	15528	strict
277	15529	strict
277	15570	strict
277	15593	strict
277	15596	strict
277	15598	strict
277	15599	strict
277	15772	strict
277	15775	strict
277	15789	strict
277	15918	strict
277	15920	strict
277	15942	strict
277	15943	strict
277	15944	strict
277	15946	strict
277	15947	strict
277	15950	strict
277	15952	strict
277	15953	strict
277	16122	strict
277	16125	strict
277	16444	strict
277	16478	strict
277	16549	strict
277	16550	strict
277	16551	strict
277	16553	strict
278	13768	equal
278	13769	strict
278	13770	strict
278	13771	strict
278	13772	strict
278	13773	strict
278	13774	strict
278	13775	strict
278	13776	strict
278	13777	strict
278	13778	strict
278	13791	strict
278	13792	strict
278	13796	strict
278	13815	strict
278	13816	strict
278	13817	strict
278	13820	strict
278	13824	strict
278	13828	strict
278	13829	strict
278	13830	strict
278	13832	strict
278	13924	strict
278	13938	strict
278	13939	strict
278	13940	strict
278	13941	strict
278	13943	strict
278	13944	strict
278	14376	strict
278	14377	strict
278	14378	strict
278	14458	strict
278	14694	strict
278	14705	strict
278	14706	strict
278	14707	strict
278	14709	strict
278	14717	strict
278	15532	strict
278	15535	strict
278	15647	strict
278	15651	strict
278	15652	strict
278	15655	strict
278	15656	strict
278	15657	strict
278	15776	strict
278	15777	strict
278	15790	strict
278	15975	strict
278	15976	strict
278	15977	strict
278	15978	strict
278	15980	strict
278	15981	strict
278	15982	strict
278	15983	strict
278	15987	strict
278	15992	strict
278	15995	strict
278	15996	strict
278	15997	strict
278	16133	strict
278	16555	strict
278	16557	strict
278	16560	strict
278	16561	strict
278	16562	strict
279	13834	equal
279	13835	strict
279	13836	strict
279	13837	strict
279	13838	strict
279	13839	strict
279	13840	strict
279	13841	strict
279	13842	strict
279	13843	strict
279	13846	strict
279	13848	strict
279	13849	strict
279	13850	strict
279	13851	strict
279	13852	strict
279	13853	strict
279	13854	strict
279	13914	strict
279	13915	strict
279	13916	strict
279	13918	strict
279	13919	strict
279	13920	strict
279	13921	strict
279	13922	strict
279	13923	strict
279	13925	strict
279	13931	strict
279	13932	strict
279	13940	strict
279	13941	strict
279	13942	strict
279	13944	strict
279	14382	strict
279	14383	strict
279	14385	strict
279	14465	strict
279	14718	strict
279	14719	strict
279	14720	strict
279	14721	strict
279	14723	strict
279	14727	strict
279	14747	strict
279	16167	strict
279	16168	strict
279	16169	strict
279	16170	strict
279	16171	strict
279	16172	strict
279	16173	strict
279	16174	strict
279	16175	strict
279	16177	strict
279	16178	strict
279	16183	strict
279	16186	strict
279	16187	strict
279	16188	strict
279	16189	strict
279	16190	strict
279	16191	strict
279	16193	strict
279	16197	strict
279	16198	strict
279	16201	strict
279	16202	strict
279	16203	strict
279	16223	strict
279	16566	strict
279	16569	strict
279	16570	strict
279	16571	strict
280	13861	equal
280	13862	strict
280	13863	strict
280	13864	strict
280	13865	strict
280	13866	strict
280	13867	strict
280	13868	strict
280	13869	strict
280	13870	strict
280	13871	strict
280	13872	strict
280	13875	strict
280	13876	strict
280	13877	strict
280	13878	strict
280	13879	strict
280	13880	strict
280	13881	strict
280	13882	strict
280	13883	strict
280	13884	strict
280	13886	strict
280	13887	strict
280	13888	strict
280	13889	strict
280	13890	strict
280	13891	strict
280	13892	strict
280	13894	strict
280	14386	strict
280	14387	strict
280	14388	strict
280	14466	strict
280	14728	strict
280	14730	strict
280	14732	strict
280	14734	strict
280	14736	strict
280	14749	strict
280	16224	strict
280	16227	strict
280	16270	strict
280	16276	strict
280	16278	strict
280	16281	strict
280	16282	strict
280	16283	strict
280	16303	strict
280	16304	strict
280	16307	strict
280	16358	strict
280	16359	strict
280	16361	strict
280	16363	strict
280	16364	strict
280	16365	strict
280	16367	strict
280	16368	strict
280	16369	strict
280	16376	strict
280	16379	strict
280	16380	strict
280	16381	strict
280	16405	strict
280	16574	strict
280	16575	strict
280	16578	strict
280	16579	strict
280	16580	strict
281	13895	equal
281	13896	strict
281	13897	strict
281	13898	strict
281	13899	strict
281	13900	strict
281	13901	strict
281	13902	strict
281	13903	strict
281	13905	strict
281	13907	strict
281	13908	strict
281	13910	strict
281	13911	strict
281	13912	strict
281	13914	strict
281	13915	strict
281	13916	strict
281	13923	strict
281	13927	strict
281	13929	strict
281	13931	strict
281	13935	strict
281	13937	strict
281	13942	strict
281	13943	strict
281	13944	strict
281	13945	strict
281	13946	strict
281	13947	strict
281	13948	strict
281	14390	strict
281	14391	strict
281	14393	strict
281	14469	strict
281	14737	strict
281	14738	strict
281	14739	strict
281	14740	strict
281	14742	strict
281	14746	strict
281	14748	strict
281	16427	strict
281	16428	strict
281	16429	strict
281	16430	strict
281	16431	strict
281	16432	strict
281	16433	strict
281	16434	strict
281	16435	strict
281	16437	strict
281	16438	strict
281	16443	strict
281	16446	strict
281	16447	strict
281	16448	strict
281	16449	strict
281	16450	strict
281	16451	strict
281	16453	strict
281	16457	strict
281	16458	strict
281	16461	strict
281	16462	strict
281	16463	strict
281	16584	strict
281	16587	strict
281	16588	strict
281	16589	strict
282	13956	equal
282	13957	strict
282	13958	strict
282	13959	strict
282	13960	strict
282	13961	strict
282	13962	strict
282	13963	strict
282	13964	strict
282	13965	strict
282	13966	strict
282	13974	strict
282	13975	strict
282	13976	strict
282	13977	strict
282	13982	strict
282	13983	strict
282	13986	strict
282	13987	strict
282	13990	strict
282	13991	strict
282	13996	strict
282	13997	strict
282	14002	strict
282	14003	strict
282	14047	strict
282	14054	strict
282	14077	strict
282	14078	strict
282	14080	strict
282	14095	strict
282	14096	strict
282	14098	strict
282	14099	strict
282	14470	strict
282	14483	strict
282	14484	strict
282	14485	strict
282	14501	strict
282	14502	strict
282	14505	strict
282	14514	strict
282	14516	strict
282	14518	strict
282	14542	strict
282	14544	strict
282	14559	strict
282	14594	strict
282	14595	strict
282	14598	strict
282	14645	strict
282	14647	strict
282	14945	strict
282	14960	strict
282	14961	strict
282	14962	strict
282	14964	strict
282	15213	strict
282	15694	strict
282	15701	strict
282	15702	strict
282	15703	strict
282	15704	strict
282	15708	strict
282	15709	strict
282	15710	strict
282	15840	strict
282	15842	strict
282	16299	strict
282	16316	strict
282	16491	strict
282	16492	strict
282	16493	strict
282	16494	strict
283	13967	equal
283	13968	strict
283	13969	strict
283	13970	strict
283	13971	strict
283	13972	strict
283	13973	strict
283	13978	strict
283	13979	strict
283	13980	strict
283	13982	strict
283	13984	strict
283	13985	strict
283	13986	strict
283	13987	strict
283	13992	strict
283	13993	strict
283	13998	strict
283	13999	strict
283	14000	strict
283	14003	strict
283	14004	strict
283	14007	strict
283	14008	strict
283	14049	strict
283	14052	strict
283	14080	strict
283	14081	strict
283	14096	strict
283	14098	strict
283	14099	strict
283	14471	strict
283	14479	strict
283	14486	strict
283	14487	strict
283	14488	strict
283	14489	strict
283	14494	strict
283	14496	strict
283	14499	strict
283	14500	strict
283	14503	strict
283	14521	strict
283	14549	strict
283	14551	strict
283	14564	strict
283	14596	strict
283	14600	strict
283	14602	strict
283	14638	strict
283	14646	strict
283	14648	strict
283	14944	strict
283	14980	strict
283	14981	strict
283	14982	strict
283	14984	strict
283	15222	strict
283	15405	strict
283	15721	strict
283	15728	strict
283	15729	strict
283	15730	strict
283	15731	strict
283	15735	strict
283	15736	strict
283	15737	strict
283	15741	strict
283	15755	strict
283	15851	strict
283	15868	strict
283	16496	strict
283	16497	strict
283	16498	strict
283	16499	strict
284	14009	equal
284	14010	strict
284	14011	strict
284	14012	strict
284	14013	strict
284	14014	strict
284	14015	strict
284	14016	strict
284	14017	strict
284	14021	strict
284	14022	strict
284	14023	strict
284	14024	strict
284	14025	strict
284	14026	strict
284	14027	strict
284	14028	strict
284	14055	strict
284	14058	strict
284	14145	strict
284	14147	strict
284	14149	strict
284	14150	strict
284	14175	strict
284	14191	strict
284	14193	strict
284	14194	strict
284	14472	strict
284	14473	strict
284	14474	strict
284	14490	strict
284	14491	strict
284	14492	strict
284	14494	strict
284	14495	strict
284	14497	strict
284	14498	strict
284	14499	strict
284	14500	strict
284	14504	strict
284	14545	strict
284	14546	strict
284	14549	strict
284	14561	strict
284	14563	strict
284	14609	strict
284	14610	strict
284	14611	strict
284	14654	strict
284	14657	strict
284	14659	strict
284	14660	strict
284	15010	strict
284	15013	strict
284	15022	strict
284	15039	strict
284	15040	strict
284	15041	strict
284	15043	strict
284	15240	strict
284	15714	strict
284	15715	strict
284	15719	strict
284	15730	strict
284	15731	strict
284	15735	strict
284	15736	strict
284	15748	strict
284	15759	strict
284	15871	strict
284	16505	strict
284	16506	strict
284	16507	strict
284	16508	strict
285	14062	equal
285	14063	strict
285	14064	strict
285	14065	strict
285	14066	strict
285	14067	strict
285	14068	strict
285	14069	strict
285	14070	strict
285	14071	strict
285	14072	strict
285	14073	strict
285	14074	strict
285	14075	strict
285	14077	strict
285	14079	strict
285	14080	strict
285	14082	strict
285	14083	strict
285	14086	strict
285	14090	strict
285	14091	strict
285	14095	strict
285	14096	strict
285	14098	strict
285	14099	strict
285	14100	strict
285	14506	strict
285	14507	strict
285	14508	strict
285	14510	strict
285	14511	strict
285	14512	strict
285	14514	strict
285	14515	strict
285	14517	strict
285	14518	strict
285	14519	strict
285	14520	strict
285	14526	strict
285	14527	strict
285	14530	strict
285	14531	strict
285	14542	strict
285	14558	strict
285	14668	strict
285	14670	strict
285	14671	strict
285	14678	strict
285	14682	strict
285	14688	strict
285	14690	strict
285	15399	strict
285	15408	strict
285	15411	strict
285	15426	strict
285	15427	strict
285	15428	strict
285	15430	strict
285	15489	strict
285	15504	strict
285	15666	strict
285	15667	strict
285	15689	strict
285	15703	strict
285	15704	strict
285	15708	strict
285	15709	strict
285	16302	strict
285	16320	strict
285	16523	strict
285	16524	strict
285	16525	strict
285	16526	strict
286	14107	equal
286	14108	strict
286	14109	strict
286	14110	strict
286	14111	strict
286	14112	strict
286	14113	strict
286	14128	strict
286	14130	strict
286	14131	strict
286	14132	strict
286	14133	strict
286	14138	strict
286	14140	strict
286	14143	strict
286	14144	strict
286	14149	strict
286	14151	strict
286	14153	strict
286	14157	strict
286	14169	strict
286	14181	strict
286	14186	strict
286	14187	strict
286	14188	strict
286	14191	strict
286	14193	strict
286	14194	strict
286	14195	strict
286	14201	strict
286	14215	strict
286	14448	strict
286	14522	strict
286	14523	strict
286	14524	strict
286	14526	strict
286	14528	strict
286	14529	strict
286	14530	strict
286	14531	strict
286	14538	strict
286	14542	strict
286	14543	strict
286	14552	strict
286	14556	strict
286	14560	strict
286	14562	strict
286	14695	strict
286	14696	strict
286	14711	strict
286	14713	strict
286	14735	strict
286	14752	strict
286	15662	strict
286	15663	strict
286	15664	strict
286	15667	strict
286	15668	strict
286	15671	strict
286	15672	strict
286	15687	strict
286	15704	strict
286	15708	strict
286	15709	strict
286	15826	strict
286	15827	strict
286	16013	strict
286	16014	strict
286	16015	strict
286	16017	strict
286	16106	strict
286	16541	strict
286	16542	strict
286	16543	strict
286	16544	strict
287	14114	equal
287	14115	strict
287	14116	strict
287	14117	strict
287	14118	strict
287	14119	strict
287	14120	strict
287	14121	strict
287	14122	strict
287	14126	strict
287	14127	strict
287	14134	strict
287	14135	strict
287	14136	strict
287	14138	strict
287	14139	strict
287	14141	strict
287	14142	strict
287	14143	strict
287	14144	strict
287	14145	strict
287	14146	strict
287	14149	strict
287	14159	strict
287	14162	strict
287	14174	strict
287	14175	strict
287	14179	strict
287	14188	strict
287	14191	strict
287	14193	strict
287	14194	strict
287	14208	strict
287	14219	strict
287	14449	strict
287	14532	strict
287	14533	strict
287	14540	strict
287	14545	strict
287	14547	strict
287	14549	strict
287	14550	strict
287	14553	strict
287	14554	strict
287	14555	strict
287	14557	strict
287	14561	strict
287	14565	strict
287	14698	strict
287	14712	strict
287	14715	strict
287	14716	strict
287	14755	strict
287	15673	strict
287	15674	strict
287	15675	strict
287	15691	strict
287	15715	strict
287	15731	strict
287	15735	strict
287	15736	strict
287	15829	strict
287	15830	strict
287	16022	strict
287	16031	strict
287	16048	strict
287	16049	strict
287	16050	strict
287	16052	strict
287	16125	strict
287	16550	strict
287	16551	strict
287	16552	strict
287	16553	strict
288	14784	equal
288	14785	strict
288	14786	strict
288	14787	strict
288	14788	strict
288	14789	strict
288	14790	strict
288	14791	strict
288	14792	strict
288	14794	strict
288	14795	strict
288	14796	strict
288	14797	strict
288	14798	strict
288	14799	strict
288	14800	strict
288	14801	strict
288	14802	strict
288	14803	strict
288	14806	strict
288	14807	strict
288	14808	strict
288	14810	strict
288	14838	strict
288	14842	strict
288	14843	strict
288	14844	strict
288	14846	strict
288	14905	strict
288	14909	strict
288	14911	strict
288	14912	strict
288	14916	strict
288	15061	strict
288	15062	strict
288	15063	strict
288	15069	strict
288	15072	strict
288	15073	strict
288	15074	strict
288	15077	strict
288	15078	strict
288	15195	strict
288	15206	strict
288	15207	strict
288	15208	strict
288	15212	strict
288	15213	strict
288	15245	strict
288	15332	strict
288	15333	strict
288	15334	strict
288	15335	strict
288	15339	strict
288	15346	strict
288	15348	strict
288	15350	strict
288	15362	strict
288	15363	strict
288	15364	strict
288	15481	strict
288	15505	strict
288	16149	strict
288	16152	strict
288	16154	strict
288	16174	strict
288	16175	strict
288	16176	strict
288	16178	strict
288	16214	strict
288	16483	strict
288	16485	strict
288	16491	strict
288	16493	strict
288	16494	strict
289	14811	equal
289	14812	strict
289	14813	strict
289	14814	strict
289	14815	strict
289	14816	strict
289	14817	strict
289	14818	strict
289	14819	strict
289	14821	strict
289	14822	strict
289	14823	strict
289	14824	strict
289	14825	strict
289	14826	strict
289	14827	strict
289	14828	strict
289	14829	strict
289	14830	strict
289	14833	strict
289	14834	strict
289	14835	strict
289	14837	strict
289	14839	strict
289	14840	strict
289	14847	strict
289	14900	strict
289	14901	strict
289	14902	strict
289	14903	strict
289	15065	strict
289	15066	strict
289	15067	strict
289	15069	strict
289	15070	strict
289	15075	strict
289	15076	strict
289	15077	strict
289	15078	strict
289	15201	strict
289	15203	strict
289	15215	strict
289	15216	strict
289	15217	strict
289	15221	strict
289	15222	strict
289	15242	strict
289	15341	strict
289	15342	strict
289	15348	strict
289	15349	strict
289	15350	strict
289	15352	strict
289	15358	strict
289	15362	strict
289	15363	strict
289	15364	strict
289	15365	strict
289	15367	strict
289	15371	strict
289	15508	strict
289	16409	strict
289	16413	strict
289	16414	strict
289	16434	strict
289	16435	strict
289	16436	strict
289	16438	strict
289	16474	strict
289	16487	strict
289	16489	strict
289	16496	strict
289	16498	strict
289	16499	strict
290	14848	equal
290	14849	strict
290	14850	strict
290	14851	strict
290	14852	strict
290	14853	strict
290	14854	strict
290	14855	strict
290	14856	strict
290	14858	strict
290	14864	strict
290	14865	strict
290	14867	strict
290	14868	strict
290	14869	strict
290	14906	strict
290	14907	strict
290	14908	strict
290	14915	strict
290	14919	strict
290	14920	strict
290	14921	strict
290	14922	strict
290	14923	strict
290	14924	strict
290	14927	strict
290	14933	strict
290	14935	strict
290	14938	strict
290	14939	strict
290	14940	strict
290	15079	strict
290	15080	strict
290	15082	strict
290	15198	strict
290	15224	strict
290	15225	strict
290	15226	strict
290	15227	strict
290	15228	strict
290	15233	strict
290	15251	strict
290	16235	strict
290	16237	strict
290	16238	strict
290	16239	strict
290	16240	strict
290	16242	strict
290	16249	strict
290	16250	strict
290	16251	strict
290	16255	strict
290	16256	strict
290	16257	strict
290	16258	strict
290	16259	strict
290	16260	strict
290	16261	strict
290	16262	strict
290	16263	strict
290	16273	strict
290	16274	strict
290	16279	strict
290	16280	strict
290	16282	strict
290	16283	strict
290	16512	strict
290	16515	strict
290	16516	strict
290	16517	strict
291	14870	equal
291	14871	strict
291	14872	strict
291	14873	strict
291	14874	strict
291	14875	strict
291	14876	strict
291	14877	strict
291	14879	strict
291	14880	strict
291	14881	strict
291	14882	strict
291	14883	strict
291	14884	strict
291	14885	strict
291	14886	strict
291	14887	strict
291	14890	strict
291	14891	strict
291	14892	strict
291	14893	strict
291	14894	strict
291	14896	strict
291	14897	strict
291	14898	strict
291	14899	strict
291	14900	strict
291	14901	strict
291	14902	strict
291	14904	strict
291	15083	strict
291	15084	strict
291	15085	strict
291	15199	strict
291	15236	strict
291	15238	strict
291	15239	strict
291	15240	strict
291	15242	strict
291	15243	strict
291	16321	strict
291	16322	strict
291	16326	strict
291	16327	strict
291	16330	strict
291	16331	strict
291	16333	strict
291	16337	strict
291	16343	strict
291	16347	strict
291	16348	strict
291	16349	strict
291	16350	strict
291	16352	strict
291	16356	strict
291	16394	strict
291	16397	strict
291	16398	strict
291	16401	strict
291	16409	strict
291	16424	strict
291	16426	strict
291	16436	strict
291	16437	strict
291	16438	strict
291	16501	strict
291	16503	strict
291	16505	strict
291	16507	strict
291	16508	strict
292	15270	equal
292	15271	strict
292	15272	strict
292	15273	strict
292	15274	strict
292	15275	strict
292	15276	strict
292	15277	strict
292	15278	strict
292	15279	strict
292	15287	strict
292	15288	strict
292	15290	strict
292	15291	strict
292	15292	strict
292	15293	strict
292	15294	strict
292	15295	strict
292	15297	strict
292	15353	strict
292	15354	strict
292	15355	strict
292	15356	strict
292	15357	strict
292	15358	strict
292	15359	strict
292	15360	strict
292	15361	strict
292	15363	strict
292	15364	strict
292	15370	strict
292	15375	strict
292	15376	strict
292	15377	strict
292	15378	strict
292	15379	strict
292	15380	strict
292	15383	strict
292	15389	strict
292	15391	strict
292	15394	strict
292	15395	strict
292	15396	strict
292	15444	strict
292	15478	strict
292	15482	strict
292	15483	strict
292	15484	strict
292	15485	strict
292	15486	strict
292	15487	strict
292	15494	strict
292	15515	strict
292	15627	strict
292	15628	strict
292	15629	strict
292	15631	strict
292	15632	strict
292	15633	strict
292	15634	strict
292	15635	strict
292	15636	strict
292	15638	strict
292	15644	strict
292	15646	strict
292	15653	strict
292	15654	strict
292	15655	strict
292	15657	strict
292	15863	strict
292	16530	strict
292	16533	strict
292	16534	strict
292	16535	strict
293	15298	equal
293	15299	strict
293	15300	strict
293	15301	strict
293	15302	strict
293	15303	strict
293	15304	strict
293	15305	strict
293	15307	strict
293	15308	strict
293	15309	strict
293	15310	strict
293	15313	strict
293	15314	strict
293	15315	strict
293	15316	strict
293	15317	strict
293	15318	strict
293	15319	strict
293	15320	strict
293	15321	strict
293	15322	strict
293	15324	strict
293	15325	strict
293	15326	strict
293	15327	strict
293	15328	strict
293	15329	strict
293	15330	strict
293	15331	strict
293	15332	strict
293	15333	strict
293	15334	strict
293	15336	strict
293	15338	strict
293	15339	strict
293	15350	strict
293	15351	strict
293	15360	strict
293	15361	strict
293	15362	strict
293	15364	strict
293	15373	strict
293	15445	strict
293	15479	strict
293	15496	strict
293	15497	strict
293	15498	strict
293	15500	strict
293	15501	strict
293	15502	strict
293	15504	strict
293	15505	strict
293	15506	strict
293	15962	strict
293	15966	strict
293	15968	strict
293	15969	strict
293	15974	strict
293	16074	strict
293	16077	strict
293	16080	strict
293	16081	strict
293	16130	strict
293	16149	strict
293	16164	strict
293	16166	strict
293	16176	strict
293	16177	strict
293	16178	strict
293	16519	strict
293	16521	strict
293	16523	strict
293	16525	strict
293	16526	strict
294	15540	equal
294	15541	strict
294	15542	strict
294	15543	strict
294	15544	strict
294	15545	strict
294	15546	strict
294	15547	strict
294	15548	strict
294	15549	strict
294	15550	strict
294	15551	strict
294	15554	strict
294	15555	strict
294	15556	strict
294	15557	strict
294	15558	strict
294	15559	strict
294	15560	strict
294	15561	strict
294	15562	strict
294	15563	strict
294	15565	strict
294	15566	strict
294	15567	strict
294	15568	strict
294	15603	strict
294	15604	strict
294	15605	strict
294	15606	strict
294	15795	strict
294	15796	strict
294	15797	strict
294	15799	strict
294	15800	strict
294	15803	strict
294	15804	strict
294	15805	strict
294	15806	strict
294	15821	strict
294	15832	strict
294	15835	strict
294	15836	strict
294	15837	strict
294	15841	strict
294	15843	strict
294	15844	strict
294	16150	strict
294	16151	strict
294	16157	strict
294	16185	strict
294	16186	strict
294	16187	strict
294	16189	strict
294	16190	strict
294	16191	strict
294	16198	strict
294	16201	strict
294	16202	strict
294	16203	strict
294	16221	strict
294	16244	strict
294	16245	strict
294	16253	strict
294	16254	strict
294	16255	strict
294	16257	strict
294	16288	strict
294	16313	strict
294	16565	strict
294	16566	strict
294	16569	strict
294	16570	strict
294	16571	strict
295	15574	equal
295	15575	strict
295	15576	strict
295	15577	strict
295	15578	strict
295	15579	strict
295	15580	strict
295	15581	strict
295	15582	strict
295	15583	strict
295	15584	strict
295	15585	strict
295	15588	strict
295	15589	strict
295	15590	strict
295	15591	strict
295	15592	strict
295	15593	strict
295	15594	strict
295	15595	strict
295	15596	strict
295	15597	strict
295	15599	strict
295	15600	strict
295	15601	strict
295	15602	strict
295	15603	strict
295	15604	strict
295	15605	strict
295	15607	strict
295	15807	strict
295	15808	strict
295	15809	strict
295	15819	strict
295	15844	strict
295	15846	strict
295	15848	strict
295	15850	strict
295	15852	strict
295	15865	strict
295	16228	strict
295	16231	strict
295	16244	strict
295	16248	strict
295	16250	strict
295	16255	strict
295	16256	strict
295	16257	strict
295	16308	strict
295	16309	strict
295	16312	strict
295	16410	strict
295	16411	strict
295	16417	strict
295	16445	strict
295	16446	strict
295	16447	strict
295	16449	strict
295	16450	strict
295	16451	strict
295	16458	strict
295	16461	strict
295	16462	strict
295	16463	strict
295	16480	strict
295	16583	strict
295	16584	strict
295	16587	strict
295	16588	strict
295	16589	strict
296	15608	equal
296	15609	strict
296	15610	strict
296	15611	strict
296	15612	strict
296	15613	strict
296	15614	strict
296	15615	strict
296	15616	strict
296	15618	strict
296	15620	strict
296	15621	strict
296	15623	strict
296	15624	strict
296	15625	strict
296	15627	strict
296	15628	strict
296	15629	strict
296	15636	strict
296	15640	strict
296	15642	strict
296	15644	strict
296	15650	strict
296	15652	strict
296	15655	strict
296	15656	strict
296	15657	strict
296	15658	strict
296	15659	strict
296	15660	strict
296	15661	strict
296	15811	strict
296	15812	strict
296	15814	strict
296	15822	strict
296	15853	strict
296	15854	strict
296	15855	strict
296	15856	strict
296	15858	strict
296	15862	strict
296	15864	strict
296	16338	strict
296	16339	strict
296	16340	strict
296	16341	strict
296	16342	strict
296	16343	strict
296	16344	strict
296	16345	strict
296	16346	strict
296	16348	strict
296	16349	strict
296	16355	strict
296	16364	strict
296	16365	strict
296	16366	strict
296	16367	strict
296	16368	strict
296	16369	strict
296	16371	strict
296	16375	strict
296	16376	strict
296	16379	strict
296	16380	strict
296	16381	strict
296	16575	strict
296	16578	strict
296	16579	strict
296	16580	strict
297	15875	equal
297	15876	strict
297	15877	strict
297	15878	strict
297	15879	strict
297	15880	strict
297	15881	strict
297	15883	strict
297	15884	strict
297	15885	strict
297	15886	strict
297	15887	strict
297	15890	strict
297	15891	strict
297	15892	strict
297	15893	strict
297	15894	strict
297	15895	strict
297	15896	strict
297	15897	strict
297	15898	strict
297	15899	strict
297	15901	strict
297	15902	strict
297	15903	strict
297	15904	strict
297	15957	strict
297	15958	strict
297	15959	strict
297	15960	strict
297	16070	strict
297	16071	strict
297	16072	strict
297	16074	strict
297	16075	strict
297	16078	strict
297	16079	strict
297	16080	strict
297	16081	strict
297	16093	strict
297	16095	strict
297	16098	strict
297	16099	strict
297	16100	strict
297	16104	strict
297	16106	strict
297	16118	strict
297	16148	strict
297	16149	strict
297	16156	strict
297	16159	strict
297	16160	strict
297	16166	strict
297	16172	strict
297	16176	strict
297	16177	strict
297	16178	strict
297	16179	strict
297	16181	strict
297	16184	strict
297	16217	strict
297	16331	strict
297	16332	strict
297	16345	strict
297	16346	strict
297	16347	strict
297	16349	strict
297	16360	strict
297	16399	strict
297	16537	strict
297	16539	strict
297	16541	strict
297	16543	strict
297	16544	strict
298	15905	equal
298	15906	strict
298	15907	strict
298	15908	strict
298	15909	strict
298	15910	strict
298	15911	strict
298	15912	strict
298	15913	strict
298	15915	strict
298	15921	strict
298	15922	strict
298	15924	strict
298	15925	strict
298	15926	strict
298	15963	strict
298	15964	strict
298	15965	strict
298	15972	strict
298	15977	strict
298	15978	strict
298	15979	strict
298	15980	strict
298	15981	strict
298	15982	strict
298	15985	strict
298	15990	strict
298	15992	strict
298	15995	strict
298	15996	strict
298	15997	strict
298	16082	strict
298	16083	strict
298	16085	strict
298	16090	strict
298	16107	strict
298	16108	strict
298	16109	strict
298	16110	strict
298	16112	strict
298	16117	strict
298	16128	strict
298	16238	strict
298	16239	strict
298	16240	strict
298	16241	strict
298	16242	strict
298	16251	strict
298	16252	strict
298	16253	strict
298	16254	strict
298	16256	strict
298	16257	strict
298	16262	strict
298	16266	strict
298	16268	strict
298	16273	strict
298	16277	strict
298	16278	strict
298	16281	strict
298	16282	strict
298	16283	strict
298	16284	strict
298	16285	strict
298	16286	strict
298	16287	strict
298	16557	strict
298	16560	strict
298	16561	strict
298	16562	strict
299	15927	equal
299	15928	strict
299	15929	strict
299	15930	strict
299	15931	strict
299	15932	strict
299	15933	strict
299	15935	strict
299	15936	strict
299	15937	strict
299	15938	strict
299	15939	strict
299	15942	strict
299	15943	strict
299	15944	strict
299	15945	strict
299	15946	strict
299	15947	strict
299	15948	strict
299	15949	strict
299	15950	strict
299	15951	strict
299	15953	strict
299	15954	strict
299	15955	strict
299	15956	strict
299	15957	strict
299	15958	strict
299	15959	strict
299	15961	strict
299	16086	strict
299	16087	strict
299	16088	strict
299	16091	strict
299	16118	strict
299	16119	strict
299	16121	strict
299	16123	strict
299	16125	strict
299	16126	strict
299	16321	strict
299	16324	strict
299	16331	strict
299	16335	strict
299	16337	strict
299	16347	strict
299	16348	strict
299	16349	strict
299	16394	strict
299	16395	strict
299	16398	strict
299	16408	strict
299	16409	strict
299	16416	strict
299	16419	strict
299	16420	strict
299	16426	strict
299	16432	strict
299	16436	strict
299	16437	strict
299	16438	strict
299	16439	strict
299	16441	strict
299	16444	strict
299	16477	strict
299	16546	strict
299	16548	strict
299	16550	strict
299	16552	strict
299	16553	strict
