source_index	target_index	relation
0	556	equal
0	557	strict
0	563	strict
0	4773	strict
0	4897	strict
0	6140	strict
0	6940	strict
0	8084	strict
0	8131	strict
0	8133	strict
0	8187	strict
0	8188	strict
0	8189	strict
0	8191	strict
0	8195	strict
0	8310	strict
1	557	equal
1	8084	strict
1	8195	strict
2	559	equal
2	560	strict
2	562	strict
2	4781	strict
2	4799	strict
2	4801	strict
2	4814	strict
2	4815	strict
2	4816	strict
2	4818	strict
2	4822	strict
2	4851	strict
2	5511	strict
2	6611	strict
2	7424	strict
2	8361	strict
3	560	equal
3	4781	strict
3	4822	strict
4	577	equal
4	594	strict
4	595	strict
4	635	strict
4	636	strict
4	6142	strict
5	584	equal
5	585	strict
5	587	strict
5	593	strict
5	595	strict
5	649	strict
5	651	strict
5	654	strict
5	4787	strict
5	4866	strict
5	4868	strict
5	4869	strict
5	4870	strict
5	4874	strict
5	5520	strict
6	585	equal
6	593	strict
6	595	strict
6	4787	strict
6	4874	strict
7	595	equal
8	624	equal
8	670	strict
8	672	strict
8	708	strict
8	1621	strict
8	1623	strict
8	1791	strict
9	625	equal
9	626	strict
9	627	strict
9	630	strict
9	632	strict
9	680	strict
9	684	strict
9	686	strict
9	6950	strict
9	8101	strict
9	8317	strict
9	8320	strict
9	8335	strict
9	8336	strict
9	8343	strict
10	626	equal
10	627	strict
10	632	strict
10	8101	strict
10	8343	strict
11	628	equal
11	631	strict
11	632	strict
11	682	strict
11	688	strict
11	6613	strict
12	632	equal
13	633	equal
13	700	strict
13	702	strict
13	706	strict
13	1622	strict
13	1624	strict
13	1792	strict
14	634	equal
14	636	strict
14	637	strict
14	640	strict
14	646	strict
14	669	strict
14	671	strict
14	705	strict
14	6143	strict
14	6955	strict
14	8106	strict
14	8316	strict
14	8324	strict
14	8331	strict
14	8332	strict
14	8352	strict
15	635	equal
15	6142	strict
16	636	equal
17	637	equal
17	6143	strict
18	638	equal
18	649	strict
18	650	strict
18	651	strict
18	658	strict
18	674	strict
18	698	strict
18	707	strict
18	4788	strict
18	4856	strict
18	4857	strict
18	4858	strict
18	4866	strict
18	4868	strict
18	4870	strict
18	4874	strict
18	5516	strict
19	639	equal
19	652	strict
19	662	strict
19	663	strict
19	664	strict
19	676	strict
19	678	strict
19	706	strict
19	4794	strict
19	4859	strict
19	4860	strict
19	4861	strict
19	4885	strict
19	4887	strict
19	4889	strict
19	4893	strict
19	5517	strict
20	640	equal
20	8106	strict
20	8352	strict
21	642	equal
21	643	strict
21	645	strict
21	659	strict
21	662	strict
21	664	strict
21	688	strict
21	703	strict
21	4793	strict
21	4885	strict
21	4887	strict
21	4888	strict
21	4889	strict
21	4893	strict
21	5526	strict
21	6614	strict
22	643	equal
22	4793	strict
22	4893	strict
23	648	equal
23	4874	strict
24	649	equal
24	651	strict
24	4866	strict
24	4868	strict
24	4870	strict
24	4874	strict
25	650	equal
25	4874	strict
26	652	equal
27	654	equal
28	655	equal
29	657	equal
29	4893	strict
30	658	equal
31	659	equal
32	660	equal
33	662	equal
33	664	strict
33	4885	strict
33	4887	strict
33	4889	strict
33	4893	strict
34	663	equal
34	4893	strict
35	665	equal
35	674	strict
35	680	strict
35	681	strict
35	684	strict
35	691	strict
35	694	strict
35	696	strict
35	6945	strict
35	8102	strict
35	8313	strict
35	8317	strict
35	8320	strict
35	8325	strict
35	8326	strict
35	8336	strict
35	8343	strict
36	666	equal
36	667	strict
36	668	strict
36	670	strict
36	671	strict
36	675	strict
36	693	strict
36	705	strict
36	6946	strict
36	8107	strict
36	8314	strict
36	8316	strict
36	8324	strict
36	8327	strict
36	8328	strict
36	8332	strict
36	8352	strict
37	667	equal
37	675	strict
38	668	equal
39	669	equal
40	670	equal
41	671	equal
41	705	strict
41	8316	strict
41	8324	strict
41	8332	strict
41	8352	strict
42	672	equal
42	708	strict
43	674	equal
44	675	equal
45	676	equal
45	678	strict
46	678	equal
47	679	equal
47	8343	strict
48	680	equal
48	684	strict
48	8317	strict
48	8320	strict
48	8336	strict
48	8343	strict
49	681	equal
49	8343	strict
50	682	equal
50	6613	strict
51	685	equal
52	686	equal
53	687	equal
54	688	equal
55	691	equal
56	692	equal
56	8352	strict
57	693	equal
57	8352	strict
58	694	equal
58	696	strict
59	696	equal
60	698	equal
60	707	strict
61	700	equal
61	702	strict
62	702	equal
63	703	equal
63	6614	strict
64	706	equal
65	707	equal
66	708	equal
67	723	equal
67	724	strict
67	730	strict
67	4774	strict
67	4775	strict
67	6141	strict
67	6943	strict
67	8112	strict
67	8134	strict
67	8136	strict
67	8198	strict
67	8353	strict
67	8355	strict
67	8356	strict
67	8357	strict
67	8367	strict
68	724	equal
68	8112	strict
68	8367	strict
69	726	equal
69	727	strict
69	729	strict
69	4798	strict
69	4802	strict
69	4804	strict
69	4825	strict
69	4900	strict
69	4902	strict
69	4903	strict
69	4904	strict
69	4908	strict
69	5514	strict
69	6612	strict
69	7425	strict
69	7428	strict
70	727	equal
70	4798	strict
70	4908	strict
71	740	equal
71	776	strict
71	777	strict
71	1985	strict
71	1986	strict
71	12560	strict
72	755	equal
72	756	strict
72	757	strict
72	761	strict
72	762	strict
72	1085	strict
72	1441	strict
72	1443	strict
72	6977	strict
72	7105	strict
72	7107	strict
72	7108	strict
72	7109	strict
72	7113	strict
72	8485	strict
73	756	equal
73	757	strict
73	762	strict
73	6977	strict
73	7113	strict
74	758	equal
74	760	strict
74	762	strict
74	892	strict
74	894	strict
74	8541	strict
75	762	equal
76	766	equal
76	767	strict
76	769	strict
76	775	strict
76	777	strict
76	2013	strict
76	2015	strict
76	2018	strict
76	4810	strict
76	4814	strict
76	4816	strict
76	4817	strict
76	4818	strict
76	4822	strict
76	10913	strict
77	767	equal
77	775	strict
77	777	strict
77	4810	strict
77	4822	strict
78	777	equal
79	817	equal
79	818	strict
79	819	strict
79	823	strict
79	824	strict
79	1088	strict
79	1451	strict
79	1453	strict
79	7135	strict
79	8119	strict
79	8538	strict
79	8540	strict
79	8543	strict
79	8544	strict
79	8550	strict
80	818	equal
80	819	strict
80	824	strict
80	8119	strict
80	8550	strict
81	820	equal
81	822	strict
81	824	strict
81	893	strict
81	896	strict
81	6615	strict
82	824	equal
83	832	equal
83	833	strict
83	1276	strict
83	2333	strict
83	6963	strict
83	6967	strict
83	8503	strict
83	15258	strict
83	15262	strict
83	15343	strict
83	16100	strict
83	16334	strict
83	16335	strict
83	16345	strict
83	16346	strict
83	16349	strict
84	833	equal
84	16100	strict
84	16349	strict
85	834	equal
85	835	strict
85	1277	strict
85	2335	strict
85	6964	strict
85	6965	strict
85	8504	strict
85	15260	strict
85	15263	strict
85	15331	strict
85	15345	strict
85	15346	strict
85	15360	strict
85	15361	strict
85	15364	strict
85	16328	strict
86	835	equal
86	15331	strict
86	15364	strict
87	836	equal
87	837	strict
87	1282	strict
87	2300	strict
87	2343	strict
87	2440	strict
87	2685	strict
87	2768	strict
87	2769	strict
87	2774	strict
87	2775	strict
87	2778	strict
87	6611	strict
87	7426	strict
87	8510	strict
87	10927	strict
88	837	equal
88	2685	strict
88	2778	strict
89	838	equal
89	839	strict
89	1287	strict
89	2302	strict
89	2344	strict
89	2347	strict
89	2402	strict
89	2443	strict
89	2500	strict
89	2503	strict
89	2505	strict
89	2507	strict
89	6612	strict
89	7427	strict
89	7429	strict
89	10929	strict
90	839	equal
90	2500	strict
90	2507	strict
91	840	equal
91	841	strict
91	876	strict
91	892	strict
91	895	strict
91	901	strict
91	1289	strict
91	1312	strict
91	2359	strict
91	8561	strict
91	12897	strict
91	12914	strict
91	12915	strict
91	12929	strict
91	12930	strict
91	12933	strict
92	841	equal
92	12897	strict
92	12933	strict
93	842	equal
93	843	strict
93	880	strict
93	893	strict
93	897	strict
93	906	strict
93	1294	strict
93	1315	strict
93	2364	strict
93	2367	strict
93	2548	strict
93	2551	strict
93	2553	strict
93	2555	strict
93	6616	strict
93	10963	strict
94	843	equal
94	2548	strict
94	2555	strict
95	844	equal
95	875	strict
95	1076	strict
95	1078	strict
95	1473	strict
95	1474	strict
95	1476	strict
95	1477	strict
95	2306	strict
95	12679	strict
95	12680	strict
95	12683	strict
95	16111	strict
95	16247	strict
95	16253	strict
95	16254	strict
95	16257	strict
96	845	equal
96	876	strict
96	877	strict
96	888	strict
96	899	strict
96	900	strict
96	1312	strict
96	1478	strict
96	2307	strict
96	12681	strict
96	12682	strict
96	12684	strict
96	12898	strict
96	12914	strict
96	12929	strict
96	12930	strict
96	12933	strict
97	846	equal
97	879	strict
97	1079	strict
97	1081	strict
97	1485	strict
97	1486	strict
97	1489	strict
97	1490	strict
97	2308	strict
97	2309	strict
97	2448	strict
97	2687	strict
97	2709	strict
97	2713	strict
97	2715	strict
97	2717	strict
97	10938	strict
98	847	equal
98	880	strict
98	881	strict
98	889	strict
98	904	strict
98	905	strict
98	1315	strict
98	1491	strict
98	2310	strict
98	2311	strict
98	2364	strict
98	2449	strict
98	2549	strict
98	2551	strict
98	2553	strict
98	2555	strict
98	10940	strict
99	848	equal
99	850	strict
99	852	strict
99	857	strict
99	858	strict
99	1669	strict
99	1672	strict
99	1718	strict
99	3870	strict
99	3992	strict
99	3994	strict
99	4012	strict
99	4013	strict
99	4027	strict
99	13227	strict
100	849	equal
100	851	strict
100	853	strict
100	862	strict
100	863	strict
100	1670	strict
100	1674	strict
100	1720	strict
100	3819	strict
100	11219	strict
100	11221	strict
100	12408	strict
100	13251	strict
100	13252	strict
100	13266	strict
101	850	equal
101	852	strict
101	858	strict
101	3870	strict
101	4027	strict
102	851	equal
102	853	strict
102	863	strict
102	12408	strict
102	13266	strict
103	854	equal
103	856	strict
103	858	strict
103	1617	strict
103	1619	strict
103	13225	strict
104	858	equal
105	859	equal
105	861	strict
105	863	strict
105	1618	strict
105	1620	strict
105	3764	strict
106	863	equal
107	864	equal
107	888	strict
107	890	strict
107	1427	strict
107	2034	strict
107	2036	strict
107	2072	strict
108	865	equal
108	866	strict
108	867	strict
108	870	strict
108	872	strict
108	2044	strict
108	2048	strict
108	2050	strict
108	3856	strict
108	5903	strict
108	5906	strict
108	6098	strict
108	6443	strict
108	6444	strict
108	6453	strict
109	866	equal
109	867	strict
109	872	strict
109	6098	strict
109	6453	strict
110	868	equal
110	871	strict
110	872	strict
110	2046	strict
110	2052	strict
110	3762	strict
111	872	equal
112	873	equal
112	889	strict
112	891	strict
112	1432	strict
112	2064	strict
112	2066	strict
112	2070	strict
113	874	equal
113	12933	strict
114	875	equal
115	876	equal
115	1312	strict
115	12914	strict
115	12929	strict
115	12930	strict
115	12933	strict
116	877	equal
116	12933	strict
117	878	equal
117	2555	strict
118	879	equal
119	880	equal
119	1315	strict
119	2364	strict
119	2551	strict
119	2553	strict
119	2555	strict
120	881	equal
120	2555	strict
121	888	equal
122	889	equal
123	890	equal
123	1427	strict
124	891	equal
124	1432	strict
125	892	equal
126	893	equal
127	894	equal
127	8541	strict
128	895	equal
128	8561	strict
129	896	equal
129	6615	strict
130	897	equal
130	6616	strict
131	898	equal
131	16257	strict
132	899	equal
133	900	equal
133	1478	strict
134	901	equal
135	902	equal
136	903	equal
136	2717	strict
137	904	equal
138	905	equal
138	1491	strict
139	906	equal
140	907	equal
141	930	equal
141	969	strict
141	970	strict
141	1132	strict
141	1133	strict
141	4995	strict
142	932	equal
142	1136	strict
142	1137	strict
142	1173	strict
142	1675	strict
142	1677	strict
142	1781	strict
143	933	equal
143	972	strict
143	973	strict
143	1130	strict
143	1131	strict
143	7442	strict
144	934	equal
144	974	strict
144	976	strict
144	1171	strict
144	1676	strict
144	1678	strict
144	1782	strict
145	936	equal
145	937	strict
145	939	strict
145	949	strict
145	951	strict
145	954	strict
145	968	strict
145	970	strict
145	4955	strict
145	5575	strict
145	5585	strict
145	5588	strict
145	5589	strict
145	5591	strict
145	5593	strict
146	937	equal
146	968	strict
146	970	strict
146	5575	strict
146	5593	strict
147	941	equal
147	949	strict
147	950	strict
147	951	strict
147	958	strict
147	1141	strict
147	1143	strict
147	1172	strict
147	4952	strict
147	5576	strict
147	5577	strict
147	5578	strict
147	5585	strict
147	5589	strict
147	5591	strict
147	5593	strict
147	11026	strict
148	942	equal
148	952	strict
148	962	strict
148	963	strict
148	964	strict
148	971	strict
148	976	strict
148	1165	strict
148	4953	strict
148	5579	strict
148	5580	strict
148	5581	strict
148	5603	strict
148	5604	strict
148	5609	strict
148	5611	strict
148	11029	strict
149	944	equal
149	945	strict
149	946	strict
149	959	strict
149	962	strict
149	964	strict
149	973	strict
149	975	strict
149	4961	strict
149	5603	strict
149	5604	strict
149	5607	strict
149	5609	strict
149	5611	strict
149	7443	strict
149	11024	strict
150	945	equal
150	5611	strict
150	11024	strict
151	948	equal
151	5593	strict
152	949	equal
152	951	strict
152	5585	strict
152	5589	strict
152	5591	strict
152	5593	strict
153	950	equal
153	5593	strict
154	952	equal
155	954	equal
156	955	equal
157	957	equal
157	5611	strict
158	958	equal
159	959	equal
160	960	equal
161	962	equal
161	964	strict
161	5603	strict
161	5604	strict
161	5609	strict
161	5611	strict
162	963	equal
162	5611	strict
163	970	equal
164	971	equal
164	1165	strict
165	972	equal
165	7442	strict
166	973	equal
167	974	equal
167	1171	strict
168	975	equal
168	7443	strict
169	976	equal
170	1005	equal
170	1006	strict
170	1007	strict
170	4966	strict
170	5681	strict
170	5683	strict
170	5717	strict
170	5718	strict
170	5719	strict
170	5721	strict
170	5725	strict
170	5730	strict
170	6617	strict
170	7130	strict
170	7436	strict
170	11093	strict
171	1006	equal
171	5725	strict
171	11093	strict
172	1010	equal
172	1011	strict
172	1012	strict
172	4969	strict
172	5684	strict
172	5686	strict
172	5726	strict
172	5732	strict
172	5733	strict
172	5736	strict
172	5738	strict
172	5740	strict
172	6618	strict
172	6621	strict
172	7437	strict
172	11095	strict
173	1011	equal
173	5740	strict
173	11095	strict
174	1030	equal
174	1399	strict
174	1401	strict
174	1682	strict
174	1686	strict
174	2577	strict
175	1031	equal
175	1403	strict
175	1405	strict
175	1683	strict
175	1687	strict
175	11389	strict
176	1076	equal
176	1078	strict
177	1078	equal
178	1079	equal
178	1081	strict
179	1081	equal
180	1084	equal
181	1085	equal
182	1087	equal
183	1088	equal
184	1098	equal
184	1099	strict
184	1101	strict
184	1112	strict
184	1115	strict
184	1117	strict
184	1129	strict
184	1131	strict
184	7006	strict
184	7026	strict
184	7029	strict
184	7030	strict
184	7033	strict
184	7035	strict
184	8376	strict
185	1099	equal
185	1129	strict
185	1131	strict
185	7006	strict
185	7035	strict
186	1102	equal
186	1103	strict
186	1105	strict
186	1109	strict
186	1110	strict
186	1125	strict
186	1133	strict
186	1134	strict
186	4996	strict
186	7019	strict
186	7020	strict
186	7042	strict
186	7046	strict
186	7048	strict
186	7062	strict
186	8374	strict
187	1103	equal
187	7048	strict
187	7062	strict
188	1106	equal
188	1112	strict
188	1113	strict
188	1115	strict
188	1121	strict
188	1141	strict
188	1142	strict
188	1167	strict
188	7013	strict
188	7015	strict
188	7021	strict
188	7026	strict
188	7030	strict
188	7033	strict
188	7035	strict
188	7064	strict
188	8371	strict
189	1107	equal
189	1108	strict
189	1110	strict
189	1123	strict
189	1125	strict
189	1135	strict
189	1136	strict
189	1163	strict
189	7014	strict
189	7016	strict
189	7019	strict
189	7020	strict
189	7022	strict
189	7046	strict
189	7048	strict
189	7066	strict
189	8372	strict
190	1108	equal
191	1109	equal
192	1110	equal
192	1125	strict
192	7019	strict
192	7020	strict
192	7046	strict
192	7048	strict
193	1111	equal
193	7035	strict
194	1112	equal
194	1115	strict
194	7026	strict
194	7030	strict
194	7033	strict
194	7035	strict
195	1113	equal
195	7035	strict
196	1116	equal
197	1117	equal
198	1118	equal
199	1121	equal
200	1122	equal
200	7048	strict
201	1123	equal
201	7048	strict
202	1131	equal
203	1132	equal
203	4995	strict
204	1133	equal
205	1134	equal
205	4996	strict
206	1135	equal
206	1163	strict
207	1136	equal
208	1137	equal
208	1173	strict
209	1141	equal
210	1142	equal
210	1167	strict
211	1143	equal
211	1172	strict
212	1163	equal
213	1165	equal
214	1167	equal
215	1171	equal
216	1172	equal
217	1173	equal
218	1197	equal
218	1213	strict
218	1214	strict
218	2074	strict
218	2075	strict
218	4994	strict
219	1205	equal
219	1206	strict
219	1208	strict
219	1212	strict
219	1214	strict
219	2088	strict
219	2090	strict
219	2093	strict
219	5001	strict
219	12547	strict
219	12551	strict
219	12554	strict
219	12555	strict
219	12557	strict
219	12559	strict
220	1206	equal
220	1212	strict
220	1214	strict
220	12547	strict
220	12559	strict
221	1214	equal
222	1263	equal
222	1265	strict
222	1267	strict
222	2450	strict
222	7013	strict
222	7015	strict
222	7026	strict
222	7028	strict
222	7030	strict
222	7033	strict
222	7035	strict
222	7036	strict
222	7073	strict
222	8448	strict
222	15087	strict
222	15337	strict
223	1264	equal
223	1266	strict
223	1268	strict
223	2451	strict
223	7014	strict
223	7016	strict
223	7017	strict
223	7019	strict
223	7020	strict
223	7041	strict
223	7046	strict
223	7048	strict
223	7074	strict
223	8449	strict
223	15088	strict
223	15189	strict
224	1267	equal
224	7035	strict
224	7073	strict
225	1268	equal
225	7048	strict
225	7074	strict
226	1271	equal
226	1272	strict
226	1273	strict
226	1310	strict
226	1433	strict
226	1446	strict
226	1447	strict
226	1472	strict
226	2453	strict
226	7120	strict
226	7121	strict
226	7123	strict
226	7126	strict
226	7128	strict
226	7156	strict
226	8490	strict
227	1273	equal
227	7128	strict
227	7156	strict
228	1278	equal
228	1279	strict
228	1280	strict
228	2438	strict
228	2478	strict
228	6983	strict
228	8143	strict
228	8144	strict
228	8238	strict
228	8240	strict
228	8242	strict
228	8244	strict
228	8246	strict
228	8251	strict
228	8500	strict
228	12610	strict
229	1280	equal
229	8246	strict
229	8251	strict
230	1283	equal
230	1284	strict
230	1286	strict
230	2441	strict
230	2744	strict
230	6986	strict
230	8146	strict
230	8147	strict
230	8253	strict
230	8507	strict
230	8508	strict
230	8514	strict
230	8517	strict
230	8519	strict
230	8523	strict
230	12613	strict
231	1286	equal
231	8519	strict
231	8523	strict
232	1290	equal
232	1291	strict
232	1293	strict
232	1313	strict
232	1436	strict
232	1456	strict
232	1457	strict
232	1497	strict
232	7140	strict
232	8559	strict
232	8560	strict
232	8564	strict
232	8569	strict
232	8571	strict
232	8575	strict
232	12909	strict
233	1293	equal
233	8571	strict
233	8575	strict
234	1298	equal
234	1386	strict
234	1388	strict
234	1423	strict
234	2109	strict
234	2111	strict
234	2147	strict
235	1299	equal
235	1300	strict
235	1301	strict
235	1304	strict
235	1306	strict
235	2119	strict
235	2123	strict
235	2125	strict
235	3920	strict
235	3923	strict
235	3924	strict
235	3930	strict
235	3934	strict
235	3936	strict
235	6441	strict
236	1300	equal
236	1301	strict
236	1306	strict
236	3930	strict
236	3936	strict
237	1302	equal
237	1305	strict
237	1306	strict
237	2121	strict
237	2127	strict
237	6445	strict
238	1306	equal
239	1307	equal
239	1389	strict
239	1391	strict
239	1430	strict
239	2139	strict
239	2141	strict
239	2145	strict
240	1310	equal
240	2453	strict
241	1313	equal
241	12909	strict
242	1317	equal
242	1318	strict
242	1320	strict
242	5058	strict
242	6234	strict
242	6245	strict
242	6993	strict
242	6995	strict
242	7105	strict
242	7106	strict
242	7107	strict
242	7109	strict
242	7113	strict
242	7118	strict
242	7149	strict
242	8149	strict
243	1318	equal
243	7113	strict
243	7149	strict
244	1322	equal
244	1323	strict
244	1325	strict
244	5059	strict
244	6235	strict
244	6236	strict
244	6996	strict
244	6998	strict
244	7114	strict
244	7120	strict
244	7121	strict
244	7124	strict
244	7126	strict
244	7128	strict
244	7151	strict
244	8152	strict
245	1323	equal
245	7128	strict
245	7151	strict
246	1381	equal
246	1424	strict
246	1426	strict
246	1441	strict
246	1442	strict
246	1443	strict
246	1445	strict
246	1477	strict
246	6993	strict
246	6994	strict
246	6995	strict
246	7105	strict
246	7107	strict
246	7109	strict
246	7113	strict
246	7154	strict
246	8165	strict
247	1382	equal
247	1423	strict
247	1444	strict
247	1446	strict
247	1447	strict
247	1448	strict
247	1471	strict
247	1480	strict
247	6996	strict
247	6997	strict
247	6998	strict
247	7120	strict
247	7121	strict
247	7126	strict
247	7128	strict
247	7155	strict
247	8166	strict
248	1383	equal
248	1428	strict
248	1431	strict
248	1451	strict
248	1452	strict
248	1453	strict
248	1455	strict
248	1490	strict
248	6999	strict
248	8167	strict
248	8168	strict
248	8169	strict
248	8538	strict
248	8540	strict
248	8544	strict
248	8546	strict
248	8550	strict
249	1384	equal
249	1430	strict
249	1454	strict
249	1456	strict
249	1457	strict
249	1458	strict
249	1492	strict
249	1494	strict
249	7000	strict
249	8170	strict
249	8171	strict
249	8172	strict
249	8559	strict
249	8560	strict
249	8569	strict
249	8571	strict
249	8574	strict
250	1386	equal
250	1388	strict
251	1388	equal
252	1389	equal
252	1391	strict
253	1391	equal
254	1392	equal
254	1393	strict
254	1396	strict
254	1400	strict
254	1401	strict
254	1807	strict
254	1826	strict
254	1828	strict
254	2764	strict
254	13830	strict
254	13934	strict
254	13936	strict
254	13940	strict
254	13941	strict
254	13944	strict
255	1393	equal
255	1396	strict
255	1401	strict
255	13830	strict
255	13944	strict
256	1394	equal
256	1395	strict
256	1397	strict
256	1404	strict
256	1405	strict
256	1809	strict
256	1829	strict
256	1831	strict
256	2640	strict
256	2768	strict
256	2770	strict
256	2774	strict
256	2775	strict
256	2778	strict
256	13928	strict
257	1395	equal
257	1397	strict
257	1405	strict
257	2640	strict
257	2778	strict
258	1401	equal
259	1405	equal
260	1406	equal
260	1411	strict
260	1413	strict
260	1470	strict
260	1472	strict
260	2576	strict
261	1407	equal
261	1408	strict
261	1409	strict
261	1412	strict
261	1413	strict
261	1473	strict
261	1476	strict
261	1481	strict
261	2659	strict
261	16110	strict
261	16247	strict
261	16249	strict
261	16253	strict
261	16254	strict
261	16257	strict
262	1408	equal
262	1409	strict
262	1413	strict
262	16110	strict
262	16257	strict
263	1413	equal
264	1414	equal
264	1415	strict
264	1416	strict
264	1420	strict
264	1421	strict
264	1485	strict
264	1489	strict
264	1495	strict
264	2687	strict
264	2690	strict
264	2703	strict
264	2713	strict
264	2715	strict
264	2717	strict
264	16230	strict
265	1415	equal
265	1416	strict
265	1421	strict
265	2703	strict
265	2717	strict
266	1417	equal
266	1419	strict
266	1421	strict
266	1487	strict
266	1497	strict
266	16233	strict
267	1421	equal
268	1423	equal
269	1424	equal
269	1426	strict
270	1426	equal
271	1427	equal
272	1428	equal
272	1431	strict
273	1430	equal
274	1431	equal
275	1432	equal
276	1433	equal
277	1435	equal
278	1436	equal
279	1438	equal
280	1439	equal
280	7113	strict
281	1440	equal
281	7128	strict
282	1441	equal
282	1443	strict
282	7105	strict
282	7107	strict
282	7109	strict
282	7113	strict
283	1442	equal
283	7113	strict
284	1444	equal
285	1445	equal
286	1446	equal
286	1447	strict
286	7120	strict
286	7121	strict
286	7126	strict
286	7128	strict
287	1448	equal
287	7128	strict
288	1449	equal
288	8550	strict
289	1450	equal
289	8571	strict
290	1451	equal
290	1453	strict
290	8538	strict
290	8540	strict
290	8544	strict
290	8550	strict
291	1452	equal
291	8550	strict
292	1454	equal
293	1455	equal
294	1456	equal
294	1457	strict
294	8559	strict
294	8560	strict
294	8569	strict
294	8571	strict
295	1458	equal
295	8571	strict
296	1470	equal
296	2576	strict
297	1471	equal
297	1480	strict
298	1472	equal
299	1473	equal
299	1476	strict
299	16247	strict
299	16253	strict
299	16254	strict
299	16257	strict
300	1474	equal
300	16257	strict
301	1477	equal
302	1478	equal
303	1480	equal
304	1481	equal
305	1482	equal
306	1485	equal
306	1489	strict
306	2687	strict
306	2713	strict
306	2715	strict
306	2717	strict
307	1486	equal
307	2717	strict
308	1487	equal
308	16233	strict
309	1490	equal
310	1491	equal
311	1492	equal
311	1494	strict
312	1494	equal
313	1495	equal
314	1496	equal
315	1497	equal
316	1593	equal
316	1611	strict
316	1727	strict
316	1728	strict
316	1793	strict
316	1826	strict
316	1827	strict
316	1828	strict
316	2297	strict
316	12510	strict
316	12511	strict
316	12518	strict
316	13855	strict
316	13934	strict
316	13940	strict
316	13941	strict
316	13944	strict
317	1594	equal
317	1612	strict
317	1729	strict
317	1730	strict
317	1796	strict
317	1829	strict
317	1830	strict
317	1831	strict
317	2300	strict
317	2301	strict
317	2440	strict
317	2686	strict
317	2768	strict
317	2774	strict
317	2775	strict
317	2778	strict
317	10902	strict
318	1595	equal
318	1613	strict
318	1614	strict
318	1621	strict
318	1625	strict
318	1634	strict
318	1770	strict
318	1794	strict
318	2299	strict
318	12512	strict
318	12513	strict
318	12521	strict
318	12705	strict
318	12745	strict
318	12754	strict
318	12756	strict
318	12758	strict
319	1596	equal
319	1615	strict
319	1616	strict
319	1622	strict
319	1626	strict
319	1636	strict
319	1771	strict
319	1797	strict
319	2302	strict
319	2303	strict
319	2344	strict
319	2443	strict
319	2501	strict
319	2503	strict
319	2505	strict
319	2507	strict
319	10904	strict
320	1597	equal
320	1598	strict
320	1760	strict
320	2312	strict
320	3843	strict
320	3863	strict
320	13620	strict
320	13638	strict
320	13687	strict
320	13856	strict
320	13858	strict
320	13874	strict
320	13882	strict
320	13884	strict
320	13886	strict
320	14029	strict
321	1598	equal
321	13874	strict
321	13886	strict
322	1599	equal
322	1600	strict
322	1761	strict
322	2314	strict
322	3844	strict
322	3845	strict
322	13622	strict
322	13640	strict
322	13642	strict
322	13660	strict
322	13688	strict
322	13724	strict
322	13732	strict
322	13734	strict
322	13736	strict
322	14030	strict
323	1600	equal
323	13724	strict
323	13736	strict
324	1601	equal
324	1602	strict
324	1762	strict
324	2308	strict
324	2362	strict
324	2448	strict
324	2687	strict
324	2689	strict
324	2710	strict
324	2713	strict
324	2715	strict
324	2717	strict
324	3760	strict
324	10931	strict
324	10935	strict
324	14051	strict
325	1602	equal
325	2710	strict
325	2717	strict
326	1603	equal
326	1604	strict
326	1763	strict
326	2310	strict
326	2364	strict
326	2366	strict
326	2398	strict
326	2449	strict
326	2550	strict
326	2551	strict
326	2553	strict
326	2555	strict
326	3761	strict
326	10933	strict
326	10936	strict
326	10973	strict
327	1604	equal
327	2550	strict
327	2555	strict
328	1605	equal
328	1606	strict
328	1613	strict
328	1617	strict
328	1627	strict
328	1631	strict
328	1764	strict
328	1770	strict
328	2326	strict
328	12705	strict
328	12707	strict
328	12746	strict
328	12754	strict
328	12756	strict
328	12758	strict
328	14032	strict
329	1606	equal
329	12746	strict
329	12758	strict
330	1607	equal
330	1608	strict
330	1615	strict
330	1618	strict
330	1629	strict
330	1632	strict
330	1765	strict
330	1771	strict
330	2344	strict
330	2346	strict
330	2502	strict
330	2503	strict
330	2505	strict
330	2507	strict
330	3765	strict
330	10951	strict
331	1608	equal
331	2502	strict
331	2507	strict
332	1609	equal
332	12758	strict
333	1610	equal
333	2507	strict
334	1611	equal
335	1612	equal
336	1613	equal
336	1770	strict
336	12705	strict
336	12754	strict
336	12756	strict
336	12758	strict
337	1614	equal
337	12758	strict
338	1615	equal
338	1771	strict
338	2344	strict
338	2503	strict
338	2505	strict
338	2507	strict
339	1616	equal
339	2507	strict
340	1617	equal
341	1618	equal
342	1619	equal
342	13225	strict
343	1620	equal
343	3764	strict
344	1621	equal
345	1622	equal
346	1623	equal
346	1791	strict
347	1624	equal
347	1792	strict
348	1625	equal
348	1794	strict
349	1626	equal
349	1797	strict
350	1627	equal
351	1628	equal
352	1629	equal
353	1630	equal
354	1631	equal
354	14032	strict
355	1632	equal
355	3765	strict
356	1633	equal
356	13944	strict
357	1634	equal
358	1635	equal
358	2778	strict
359	1636	equal
360	1640	equal
360	1646	strict
360	1751	strict
360	2450	strict
360	3897	strict
360	3899	strict
360	3920	strict
360	3922	strict
360	3924	strict
360	3934	strict
360	3936	strict
360	3943	strict
360	3962	strict
360	13666	strict
360	13707	strict
360	14033	strict
361	1641	equal
361	1647	strict
361	1752	strict
361	2451	strict
361	3898	strict
361	3900	strict
361	3901	strict
361	3903	strict
361	3904	strict
361	3967	strict
361	3977	strict
361	3979	strict
361	3988	strict
361	13667	strict
361	13669	strict
361	14034	strict
362	1642	equal
362	1648	strict
362	1652	strict
362	1660	strict
362	1682	strict
362	1684	strict
362	1688	strict
362	1753	strict
362	2452	strict
362	4030	strict
362	4031	strict
362	4087	strict
362	4113	strict
362	4115	strict
362	4124	strict
362	14039	strict
363	1643	equal
363	1649	strict
363	1754	strict
363	2404	strict
363	2526	strict
363	3767	strict
363	11065	strict
363	11068	strict
363	11070	strict
363	13100	strict
363	13102	strict
363	13104	strict
363	13118	strict
363	13120	strict
363	13123	strict
363	14076	strict
364	1644	equal
364	1650	strict
364	1755	strict
364	2405	strict
364	2408	strict
364	3768	strict
364	11066	strict
364	11069	strict
364	11071	strict
364	11162	strict
364	11409	strict
364	11410	strict
364	14081	strict
364	14097	strict
364	14099	strict
364	14103	strict
365	1645	equal
365	1651	strict
365	1653	strict
365	1661	strict
365	1683	strict
365	1685	strict
365	1689	strict
365	1756	strict
365	3829	strict
365	11076	strict
365	11411	strict
365	11412	strict
365	14150	strict
365	14192	strict
365	14194	strict
365	14198	strict
366	1652	equal
366	2452	strict
367	1653	equal
367	11076	strict
368	1655	equal
368	1669	strict
368	1671	strict
368	1672	strict
368	1783	strict
368	1785	strict
368	1793	strict
368	1816	strict
368	3884	strict
368	3889	strict
368	3893	strict
368	3992	strict
368	3994	strict
368	4013	strict
368	4018	strict
368	4027	strict
368	12967	strict
369	1656	equal
369	1670	strict
369	1673	strict
369	1674	strict
369	1786	strict
369	1788	strict
369	1796	strict
369	1817	strict
369	3772	strict
369	11079	strict
369	11219	strict
369	11221	strict
369	12972	strict
369	12976	strict
369	13252	strict
369	13257	strict
369	13266	strict
370	1657	equal
370	1667	strict
370	1677	strict
370	1679	strict
370	1684	strict
370	1688	strict
370	1795	strict
370	1818	strict
370	3885	strict
370	3890	strict
370	3896	strict
370	4030	strict
370	4031	strict
370	4113	strict
370	4115	strict
370	4123	strict
370	12968	strict
371	1658	equal
371	1668	strict
371	1678	strict
371	1680	strict
371	1685	strict
371	1689	strict
371	1798	strict
371	1819	strict
371	3773	strict
371	11080	strict
371	11411	strict
371	11412	strict
371	12973	strict
371	12979	strict
371	14192	strict
371	14194	strict
371	14197	strict
372	1660	equal
373	1661	equal
374	1667	equal
375	1668	equal
376	1669	equal
376	1672	strict
376	3992	strict
376	3994	strict
376	4013	strict
376	4027	strict
377	1670	equal
377	1674	strict
377	11219	strict
377	11221	strict
377	13252	strict
377	13266	strict
378	1671	equal
378	4027	strict
379	1673	equal
379	13266	strict
380	1675	equal
380	1781	strict
381	1676	equal
381	1782	strict
382	1677	equal
383	1678	equal
384	1679	equal
384	1795	strict
385	1680	equal
385	1798	strict
386	1682	equal
387	1683	equal
388	1684	equal
388	1688	strict
388	4030	strict
388	4031	strict
388	4113	strict
388	4115	strict
389	1685	equal
389	1689	strict
389	11411	strict
389	11412	strict
389	14192	strict
389	14194	strict
390	1686	equal
390	2577	strict
391	1687	equal
391	11389	strict
392	1717	equal
393	1718	equal
394	1719	equal
395	1720	equal
396	1727	equal
396	1728	strict
397	1728	equal
398	1729	equal
398	1730	strict
399	1730	equal
400	1751	equal
400	3936	strict
400	3943	strict
401	1752	equal
401	3979	strict
401	3988	strict
402	1753	equal
402	4115	strict
402	4124	strict
403	1754	equal
403	13120	strict
403	13123	strict
404	1755	equal
404	14099	strict
404	14103	strict
405	1756	equal
405	14194	strict
405	14198	strict
406	1774	equal
407	1775	equal
408	1777	equal
408	4027	strict
409	1778	equal
409	13266	strict
410	1781	equal
411	1782	equal
412	1783	equal
412	1785	strict
413	1785	equal
414	1786	equal
414	1788	strict
415	1788	equal
416	1791	equal
417	1792	equal
418	1793	equal
419	1794	equal
420	1795	equal
421	1796	equal
422	1797	equal
423	1798	equal
424	1806	equal
425	1807	equal
426	1808	equal
427	1809	equal
428	1814	equal
428	4115	strict
429	1815	equal
429	14194	strict
430	1816	equal
431	1817	equal
432	1818	equal
432	4115	strict
433	1819	equal
433	14194	strict
434	1826	equal
434	1828	strict
434	13934	strict
434	13940	strict
434	13941	strict
434	13944	strict
435	1827	equal
435	13944	strict
436	1829	equal
436	1831	strict
436	2768	strict
436	2774	strict
436	2775	strict
436	2778	strict
437	1830	equal
437	2778	strict
438	1982	equal
438	1990	strict
438	2000	strict
438	3838	strict
438	4833	strict
438	4842	strict
438	5614	strict
438	5620	strict
438	6091	strict
438	6273	strict
438	6275	strict
438	6276	strict
438	6287	strict
438	6295	strict
438	6546	strict
438	12579	strict
439	1983	equal
439	1991	strict
439	2005	strict
439	3840	strict
439	4834	strict
439	4835	strict
439	5615	strict
439	5622	strict
439	5749	strict
439	6015	strict
439	6038	strict
439	6115	strict
439	6548	strict
439	6549	strict
439	6573	strict
439	12580	strict
440	1984	equal
440	1986	strict
440	1987	strict
440	1992	strict
440	2010	strict
440	2033	strict
440	2035	strict
440	2069	strict
440	3862	strict
440	5858	strict
440	5976	strict
440	6103	strict
440	6429	strict
440	6430	strict
440	6472	strict
440	12592	strict
441	1985	equal
441	12560	strict
442	1986	equal
443	1987	equal
443	12592	strict
444	1988	equal
444	2013	strict
444	2014	strict
444	2015	strict
444	2022	strict
444	2038	strict
444	2062	strict
444	2071	strict
444	4799	strict
444	4800	strict
444	4801	strict
444	4814	strict
444	4816	strict
444	4818	strict
444	4822	strict
444	4824	strict
444	10909	strict
445	1989	equal
445	2016	strict
445	2026	strict
445	2027	strict
445	2028	strict
445	2040	strict
445	2042	strict
445	2070	strict
445	4802	strict
445	4803	strict
445	4804	strict
445	4895	strict
445	4900	strict
445	4902	strict
445	4904	strict
445	4908	strict
445	10910	strict
446	1990	equal
446	6091	strict
446	6295	strict
447	1991	equal
447	6115	strict
447	6573	strict
448	1992	equal
448	6103	strict
448	6472	strict
449	1996	equal
449	1997	strict
449	1999	strict
449	3760	strict
449	4854	strict
449	4856	strict
449	4858	strict
449	4866	strict
449	4867	strict
449	4868	strict
449	4870	strict
449	4874	strict
449	4882	strict
449	5528	strict
449	6561	strict
449	10919	strict
450	1997	equal
450	4854	strict
450	4874	strict
451	2001	equal
451	2002	strict
451	2004	strict
451	3761	strict
451	4855	strict
451	4859	strict
451	4861	strict
451	4875	strict
451	4885	strict
451	4886	strict
451	4887	strict
451	4889	strict
451	4893	strict
451	5529	strict
451	5536	strict
451	10922	strict
452	2002	equal
452	4855	strict
452	4893	strict
453	2006	equal
453	2007	strict
453	2009	strict
453	2023	strict
453	2026	strict
453	2028	strict
453	2052	strict
453	2067	strict
453	3763	strict
453	4894	strict
453	4900	strict
453	4901	strict
453	4902	strict
453	4904	strict
453	4908	strict
453	10925	strict
454	2007	equal
454	4894	strict
454	4908	strict
455	2012	equal
455	4822	strict
456	2013	equal
456	2015	strict
456	4814	strict
456	4816	strict
456	4818	strict
456	4822	strict
457	2014	equal
457	4822	strict
458	2016	equal
459	2018	equal
460	2019	equal
461	2021	equal
461	4908	strict
462	2022	equal
463	2023	equal
464	2024	equal
465	2026	equal
465	2028	strict
465	4900	strict
465	4902	strict
465	4904	strict
465	4908	strict
466	2027	equal
466	4908	strict
467	2029	equal
467	2038	strict
467	2044	strict
467	2045	strict
467	2048	strict
467	2055	strict
467	2058	strict
467	2060	strict
467	3851	strict
467	5855	strict
467	5903	strict
467	5906	strict
467	6099	strict
467	6390	strict
467	6391	strict
467	6444	strict
467	6453	strict
468	2030	equal
468	2031	strict
468	2032	strict
468	2034	strict
468	2035	strict
468	2039	strict
468	2057	strict
468	2069	strict
468	3852	strict
468	5856	strict
468	5858	strict
468	5976	strict
468	6104	strict
468	6392	strict
468	6393	strict
468	6430	strict
468	6472	strict
469	2031	equal
469	2039	strict
470	2032	equal
471	2033	equal
472	2034	equal
473	2035	equal
473	2069	strict
473	5858	strict
473	5976	strict
473	6430	strict
473	6472	strict
474	2036	equal
474	2072	strict
475	2038	equal
476	2039	equal
477	2040	equal
477	2042	strict
478	2042	equal
479	2043	equal
479	6453	strict
480	2044	equal
480	2048	strict
480	5903	strict
480	5906	strict
480	6444	strict
480	6453	strict
481	2045	equal
481	6453	strict
482	2046	equal
482	3762	strict
483	2049	equal
484	2050	equal
485	2051	equal
486	2052	equal
487	2055	equal
488	2056	equal
488	6472	strict
489	2057	equal
489	6472	strict
490	2058	equal
490	2060	strict
491	2060	equal
492	2062	equal
492	2071	strict
493	2064	equal
493	2066	strict
494	2066	equal
495	2067	equal
495	3763	strict
496	2070	equal
497	2071	equal
498	2072	equal
499	2073	equal
499	2075	strict
499	2076	strict
499	2079	strict
499	2085	strict
499	2108	strict
499	2110	strict
499	2144	strict
499	3903	strict
499	3904	strict
499	3968	strict
499	3977	strict
499	3979	strict
499	3984	strict
499	4997	strict
499	6428	strict
500	2074	equal
500	4994	strict
501	2075	equal
502	2076	equal
502	4997	strict
503	2077	equal
503	2088	strict
503	2089	strict
503	2090	strict
503	2097	strict
503	2113	strict
503	2137	strict
503	2146	strict
503	4998	strict
503	12538	strict
503	12539	strict
503	12540	strict
503	12551	strict
503	12555	strict
503	12557	strict
503	12559	strict
503	12563	strict
504	2078	equal
504	2091	strict
504	2101	strict
504	2102	strict
504	2103	strict
504	2115	strict
504	2117	strict
504	2145	strict
504	4999	strict
504	12541	strict
504	12542	strict
504	12543	strict
504	12583	strict
504	12584	strict
504	12589	strict
504	12591	strict
504	12598	strict
505	2079	equal
505	3979	strict
505	3984	strict
506	2081	equal
506	2082	strict
506	2083	strict
506	2098	strict
506	2101	strict
506	2103	strict
506	2127	strict
506	2142	strict
506	5013	strict
506	6464	strict
506	12583	strict
506	12584	strict
506	12587	strict
506	12589	strict
506	12591	strict
506	12597	strict
507	2082	equal
507	12591	strict
507	12597	strict
508	2087	equal
508	12559	strict
509	2088	equal
509	2090	strict
509	12551	strict
509	12555	strict
509	12557	strict
509	12559	strict
510	2089	equal
510	12559	strict
511	2091	equal
512	2093	equal
513	2094	equal
514	2096	equal
514	12591	strict
515	2097	equal
516	2098	equal
517	2099	equal
518	2101	equal
518	2103	strict
518	12583	strict
518	12584	strict
518	12589	strict
518	12591	strict
519	2102	equal
519	12591	strict
520	2104	equal
520	2113	strict
520	2119	strict
520	2120	strict
520	2123	strict
520	2130	strict
520	2133	strict
520	2135	strict
520	3897	strict
520	3899	strict
520	3906	strict
520	3920	strict
520	3924	strict
520	3934	strict
520	3936	strict
520	3941	strict
520	6388	strict
521	2105	equal
521	2106	strict
521	2107	strict
521	2109	strict
521	2110	strict
521	2114	strict
521	2132	strict
521	2144	strict
521	3898	strict
521	3900	strict
521	3903	strict
521	3904	strict
521	3907	strict
521	3977	strict
521	3979	strict
521	3986	strict
521	6389	strict
522	2106	equal
522	2114	strict
523	2107	equal
524	2108	equal
525	2109	equal
526	2110	equal
526	2144	strict
526	3903	strict
526	3904	strict
526	3977	strict
526	3979	strict
527	2111	equal
527	2147	strict
528	2113	equal
529	2114	equal
530	2115	equal
530	2117	strict
531	2117	equal
532	2118	equal
532	3936	strict
533	2119	equal
533	2123	strict
533	3920	strict
533	3924	strict
533	3934	strict
533	3936	strict
534	2120	equal
534	3936	strict
535	2121	equal
535	6445	strict
536	2124	equal
537	2125	equal
538	2126	equal
539	2127	equal
540	2130	equal
541	2131	equal
541	3979	strict
542	2132	equal
542	3979	strict
543	2133	equal
543	2135	strict
544	2135	equal
545	2137	equal
545	2146	strict
546	2139	equal
546	2141	strict
547	2141	equal
548	2142	equal
548	6464	strict
549	2145	equal
550	2146	equal
551	2147	equal
552	2148	equal
552	2150	strict
552	2158	strict
552	3884	strict
552	3893	strict
552	3992	strict
552	3993	strict
552	3994	strict
552	4013	strict
552	4017	strict
552	4027	strict
552	4085	strict
552	5058	strict
552	6220	strict
552	12985	strict
552	13047	strict
553	2149	equal
553	2151	strict
553	2163	strict
553	3885	strict
553	3896	strict
553	3991	strict
553	4030	strict
553	4031	strict
553	4088	strict
553	4113	strict
553	4115	strict
553	4121	strict
553	5059	strict
553	6221	strict
553	12986	strict
553	12987	strict
554	2150	equal
554	4017	strict
554	4027	strict
555	2151	equal
555	4115	strict
555	4121	strict
556	2154	equal
556	2155	strict
556	2156	strict
556	3891	strict
556	4102	strict
556	5060	strict
556	6226	strict
556	12997	strict
556	12999	strict
556	13015	strict
556	13016	strict
556	13017	strict
556	13019	strict
556	13023	strict
556	13027	strict
556	13034	strict
557	2155	equal
557	13023	strict
557	13027	strict
558	2159	equal
558	2160	strict
558	2161	strict
558	3894	strict
558	4019	strict
558	5063	strict
558	6229	strict
558	13000	strict
558	13002	strict
558	13030	strict
558	13036	strict
558	13037	strict
558	13040	strict
558	13042	strict
558	13044	strict
558	13050	strict
559	2160	equal
559	13044	strict
559	13050	strict
560	2227	equal
560	2236	strict
560	2265	strict
560	2369	strict
560	2373	strict
560	4935	strict
561	2228	equal
561	2370	strict
561	2372	strict
561	2735	strict
561	4717	strict
561	4721	strict
561	10129	strict
562	2229	equal
562	2237	strict
562	2253	strict
562	4718	strict
562	4720	strict
562	4936	strict
563	2230	equal
563	2239	strict
563	2288	strict
563	4723	strict
563	4727	strict
563	4927	strict
564	2231	equal
564	2375	strict
564	2379	strict
564	2643	strict
564	4724	strict
564	4726	strict
564	10218	strict
565	2232	equal
565	2240	strict
565	2276	strict
565	2376	strict
565	2378	strict
565	4938	strict
566	2248	equal
566	2249	strict
566	2250	strict
566	2252	strict
566	2253	strict
566	7322	strict
566	9193	strict
566	10134	strict
566	10139	strict
566	11753	strict
566	14861	strict
566	14862	strict
566	14893	strict
566	14895	strict
566	14896	strict
567	2249	equal
567	2250	strict
567	2253	strict
567	9193	strict
567	14896	strict
568	2253	equal
569	2260	equal
569	2261	strict
569	2262	strict
569	2264	strict
569	2265	strict
569	2427	strict
569	2760	strict
569	2763	strict
569	9204	strict
569	9328	strict
569	16546	strict
569	16547	strict
569	16550	strict
569	16552	strict
569	16553	strict
570	2261	equal
570	2262	strict
570	2265	strict
570	9204	strict
570	16553	strict
571	2265	equal
572	2271	equal
572	2272	strict
572	2273	strict
572	2275	strict
572	2276	strict
572	2414	strict
572	2648	strict
572	2653	strict
572	7365	strict
572	9206	strict
572	15918	strict
572	15919	strict
572	15950	strict
572	15952	strict
572	15953	strict
573	2272	equal
573	2273	strict
573	2276	strict
573	9206	strict
573	15953	strict
574	2276	equal
575	2283	equal
575	2284	strict
575	2285	strict
575	2287	strict
575	2288	strict
575	8958	strict
575	9217	strict
575	10248	strict
575	10251	strict
575	12502	strict
575	16501	strict
575	16502	strict
575	16505	strict
575	16507	strict
575	16508	strict
576	2284	equal
576	2285	strict
576	2288	strict
576	9217	strict
576	16508	strict
577	2288	equal
578	2296	equal
578	2778	strict
579	2297	equal
580	2298	equal
580	2507	strict
581	2299	equal
582	2300	equal
582	2440	strict
582	2768	strict
582	2774	strict
582	2775	strict
582	2778	strict
583	2301	equal
583	2778	strict
584	2302	equal
584	2344	strict
584	2443	strict
584	2503	strict
584	2505	strict
584	2507	strict
585	2303	equal
585	2507	strict
586	2304	equal
586	2717	strict
587	2305	equal
587	2555	strict
588	2306	equal
589	2307	equal
590	2308	equal
590	2448	strict
590	2687	strict
590	2713	strict
590	2715	strict
590	2717	strict
591	2309	equal
591	2717	strict
592	2310	equal
592	2364	strict
592	2449	strict
592	2551	strict
592	2553	strict
592	2555	strict
593	2311	equal
593	2555	strict
594	2312	equal
595	2313	equal
596	2314	equal
597	2315	equal
598	2316	equal
598	2317	strict
598	2318	strict
598	2324	strict
598	2325	strict
598	2340	strict
598	2341	strict
598	2345	strict
598	2368	strict
598	2372	strict
598	2477	strict
598	2480	strict
598	2497	strict
598	2504	strict
598	2506	strict
598	2507	strict
598	2675	strict
599	2317	equal
600	2318	equal
601	2319	equal
602	2320	equal
602	2321	strict
602	2323	strict
602	2324	strict
602	2327	strict
602	2345	strict
602	2347	strict
602	2371	strict
602	2373	strict
602	2494	strict
602	2497	strict
602	2499	strict
602	2504	strict
602	2506	strict
602	2507	strict
602	4939	strict
603	2321	equal
603	2499	strict
603	2507	strict
604	2322	equal
605	2323	equal
606	2324	equal
606	2345	strict
606	2497	strict
606	2504	strict
606	2506	strict
606	2507	strict
607	2325	equal
607	2507	strict
608	2326	equal
609	2327	equal
610	2328	equal
610	2329	strict
610	2331	strict
610	2360	strict
610	2363	strict
610	2365	strict
610	2367	strict
610	2542	strict
610	2545	strict
610	2546	strict
610	2552	strict
610	2554	strict
610	2555	strict
610	4910	strict
610	4914	strict
610	4923	strict
611	2329	equal
611	2545	strict
611	2555	strict
612	2330	equal
613	2331	equal
614	2332	equal
615	2333	equal
616	2334	equal
617	2335	equal
618	2336	equal
618	2337	strict
618	2338	strict
618	2340	strict
618	2342	strict
618	2345	strict
618	2346	strict
618	2472	strict
618	2475	strict
618	2477	strict
618	2504	strict
618	2506	strict
618	2507	strict
618	4911	strict
618	4912	strict
618	4930	strict
619	2337	equal
619	2475	strict
619	2507	strict
620	2338	equal
621	2339	equal
622	2340	equal
622	2345	strict
622	2477	strict
622	2504	strict
622	2506	strict
622	2507	strict
623	2341	equal
623	2507	strict
624	2342	equal
625	2343	equal
626	2344	equal
626	2503	strict
626	2505	strict
626	2507	strict
627	2345	equal
627	2504	strict
627	2506	strict
627	2507	strict
628	2346	equal
628	2507	strict
629	2347	equal
629	2507	strict
630	2348	equal
630	2349	strict
630	2350	strict
630	2354	strict
630	2358	strict
630	2365	strict
630	2366	strict
630	2374	strict
630	2378	strict
630	2520	strict
630	2524	strict
630	2527	strict
630	2552	strict
630	2554	strict
630	2555	strict
630	4934	strict
631	2349	equal
631	2527	strict
631	2555	strict
632	2350	equal
633	2351	equal
634	2352	equal
634	2353	strict
634	2354	strict
634	2355	strict
634	2356	strict
634	2360	strict
634	2361	strict
634	2365	strict
634	2377	strict
634	2379	strict
634	2524	strict
634	2528	strict
634	2546	strict
634	2552	strict
634	2554	strict
634	2555	strict
634	2654	strict
635	2353	equal
636	2354	equal
636	2365	strict
636	2524	strict
636	2552	strict
636	2554	strict
636	2555	strict
637	2355	equal
637	2555	strict
638	2356	equal
639	2357	equal
640	2358	equal
641	2359	equal
642	2360	equal
642	2365	strict
642	2546	strict
642	2552	strict
642	2554	strict
642	2555	strict
643	2361	equal
643	2555	strict
644	2362	equal
645	2363	equal
646	2364	equal
646	2551	strict
646	2553	strict
646	2555	strict
647	2365	equal
647	2552	strict
647	2554	strict
647	2555	strict
648	2366	equal
648	2555	strict
649	2367	equal
649	2555	strict
650	2368	equal
650	2675	strict
651	2369	equal
651	4935	strict
652	2370	equal
652	2735	strict
653	2371	equal
653	4939	strict
654	2372	equal
655	2373	equal
656	2374	equal
656	4934	strict
657	2375	equal
657	2643	strict
658	2376	equal
658	4938	strict
659	2377	equal
659	2654	strict
660	2378	equal
661	2379	equal
662	2380	equal
662	2381	strict
662	2383	strict
662	2396	strict
662	2399	strict
662	2688	strict
662	2690	strict
662	2705	strict
662	2708	strict
662	2711	strict
662	2714	strict
662	2716	strict
662	2717	strict
662	4941	strict
662	4944	strict
662	15231	strict
663	2381	equal
663	2708	strict
663	2717	strict
664	2382	equal
665	2383	equal
666	2384	equal
666	2385	strict
666	2386	strict
666	2400	strict
666	2401	strict
666	2430	strict
666	2432	strict
666	2756	strict
666	2757	strict
666	2759	strict
666	2762	strict
666	2767	strict
666	2771	strict
666	2772	strict
666	2776	strict
666	2777	strict
666	2778	strict
667	2385	equal
668	2386	equal
669	2387	equal
670	2388	equal
670	2389	strict
670	2392	strict
670	2396	strict
670	2397	strict
670	2433	strict
670	2435	strict
670	2644	strict
670	2645	strict
670	2647	strict
670	2650	strict
670	2662	strict
670	2688	strict
670	2711	strict
670	2714	strict
670	2716	strict
670	2717	strict
671	2389	equal
672	2390	equal
672	2391	strict
672	2394	strict
672	2400	strict
672	2403	strict
672	2656	strict
672	2663	strict
672	2770	strict
672	2771	strict
672	2772	strict
672	2776	strict
672	2777	strict
672	2778	strict
672	4942	strict
672	4945	strict
672	15973	strict
673	2391	equal
673	2663	strict
673	2778	strict
674	2392	equal
675	2393	equal
676	2394	equal
677	2395	equal
678	2396	equal
678	2688	strict
678	2711	strict
678	2714	strict
678	2716	strict
678	2717	strict
679	2397	equal
679	2717	strict
680	2398	equal
681	2399	equal
682	2400	equal
682	2771	strict
682	2772	strict
682	2776	strict
682	2777	strict
682	2778	strict
683	2401	equal
683	2778	strict
684	2402	equal
685	2403	equal
686	2404	equal
686	2526	strict
687	2405	equal
687	2408	strict
688	2406	equal
688	2475	strict
689	2407	equal
689	2527	strict
690	2408	equal
691	2409	equal
691	2663	strict
692	2414	equal
693	2415	equal
694	2427	equal
695	2428	equal
696	2430	equal
696	2432	strict
697	2432	equal
698	2433	equal
698	2435	strict
699	2435	equal
700	2438	equal
700	2478	strict
701	2441	equal
701	2744	strict
702	2450	equal
703	2451	equal
704	2452	equal
705	2453	equal
706	2465	equal
706	2466	strict
706	2467	strict
706	2473	strict
706	2625	strict
706	7342	strict
706	9241	strict
706	12820	strict
706	12822	strict
706	12824	strict
706	13390	strict
706	15283	strict
706	15284	strict
706	15321	strict
706	15323	strict
706	15324	strict
707	2466	equal
707	9241	strict
707	15324	strict
708	2467	equal
708	2625	strict
709	2468	equal
709	2502	strict
710	2475	equal
711	2478	equal
712	2480	equal
713	2481	equal
713	2499	strict
714	2487	equal
714	2488	strict
714	2489	strict
714	2495	strict
714	2566	strict
714	2749	strict
714	2751	strict
714	2755	strict
714	9253	strict
714	9325	strict
714	12828	strict
714	16537	strict
714	16538	strict
714	16541	strict
714	16543	strict
714	16544	strict
715	2488	equal
715	9253	strict
715	16544	strict
716	2489	equal
716	12828	strict
717	2490	equal
717	2500	strict
718	2499	equal
719	2500	equal
720	2501	equal
721	2502	equal
722	2513	equal
722	2514	strict
722	2515	strict
722	2521	strict
722	2560	strict
722	2614	strict
722	2618	strict
722	2642	strict
722	7358	strict
722	9260	strict
722	12869	strict
722	15769	strict
722	15770	strict
722	15898	strict
722	15900	strict
722	15901	strict
723	2514	equal
723	9260	strict
723	15901	strict
724	2515	equal
724	12869	strict
725	2516	equal
725	2550	strict
726	2526	equal
727	2527	equal
728	2528	equal
729	2529	equal
729	2545	strict
730	2535	equal
730	2536	strict
730	2537	strict
730	2543	strict
730	2724	strict
730	9222	strict
730	9268	strict
730	12944	strict
730	12946	strict
730	12947	strict
730	13564	strict
730	16519	strict
730	16520	strict
730	16523	strict
730	16525	strict
730	16526	strict
731	2536	equal
731	9268	strict
731	16526	strict
732	2537	equal
732	2724	strict
733	2538	equal
733	2548	strict
734	2545	equal
735	2548	equal
736	2549	equal
737	2550	equal
738	2556	equal
738	2565	strict
738	2609	strict
738	5069	strict
738	5074	strict
738	15491	strict
739	2557	equal
739	2569	strict
739	2571	strict
739	2752	strict
739	5070	strict
739	5078	strict
739	15514	strict
740	2558	equal
740	2572	strict
740	2574	strict
740	2619	strict
740	5071	strict
740	5073	strict
740	15617	strict
741	2559	equal
741	2575	strict
741	2723	strict
741	5075	strict
741	5077	strict
741	16357	strict
742	2560	equal
743	2561	equal
744	2566	equal
745	2567	equal
746	2569	equal
746	2571	strict
747	2571	equal
748	2572	equal
748	2574	strict
749	2574	equal
750	2576	equal
751	2577	equal
752	2584	equal
752	2586	strict
752	2597	strict
752	2616	strict
752	2618	strict
752	15785	strict
753	2592	equal
753	2593	strict
753	2594	strict
753	2595	strict
753	2597	strict
753	2627	strict
753	2637	strict
753	2644	strict
753	2647	strict
753	2658	strict
753	2688	strict
753	2689	strict
753	2714	strict
753	2716	strict
753	2717	strict
754	2593	equal
754	2594	strict
754	2597	strict
754	2637	strict
754	2717	strict
755	2597	equal
756	2604	equal
756	2605	strict
756	2606	strict
756	2608	strict
756	2609	strict
756	9272	strict
756	9291	strict
756	15658	strict
756	15661	strict
756	15870	strict
756	16573	strict
756	16575	strict
756	16578	strict
756	16579	strict
756	16580	strict
757	2605	equal
757	2606	strict
757	2609	strict
757	9291	strict
757	16580	strict
758	2609	equal
759	2610	equal
759	15953	strict
760	2611	equal
760	15901	strict
761	2612	equal
761	2613	strict
761	2614	strict
761	2615	strict
761	2617	strict
761	2619	strict
761	2642	strict
761	2651	strict
761	7356	strict
761	9293	strict
761	15764	strict
761	15765	strict
761	15769	strict
761	15895	strict
761	15898	strict
761	15900	strict
761	15901	strict
762	2613	equal
763	2614	equal
763	2642	strict
763	15769	strict
763	15898	strict
763	15900	strict
763	15901	strict
764	2615	equal
764	15901	strict
765	2616	equal
765	15785	strict
766	2617	equal
766	2651	strict
767	2618	equal
768	2619	equal
769	2620	equal
769	2621	strict
769	2632	strict
769	2634	strict
769	2648	strict
769	2649	strict
769	2650	strict
769	2653	strict
769	7360	strict
769	9294	strict
769	15772	strict
769	15773	strict
769	15918	strict
769	15947	strict
769	15950	strict
769	15952	strict
769	15953	strict
770	2621	equal
771	2622	equal
771	2623	strict
771	2626	strict
771	2657	strict
771	2779	strict
771	7362	strict
771	9295	strict
771	15776	strict
771	15779	strict
771	15790	strict
771	15987	strict
771	15991	strict
771	15992	strict
771	15995	strict
771	15996	strict
771	15997	strict
772	2623	equal
772	9295	strict
772	15997	strict
773	2624	equal
773	2710	strict
774	2625	equal
775	2626	equal
775	2779	strict
776	2627	equal
777	2628	equal
778	2632	equal
778	2634	strict
779	2634	equal
780	2635	equal
780	2637	strict
781	2637	equal
782	2638	equal
782	2640	strict
783	2640	equal
784	2643	equal
785	2644	equal
785	2647	strict
785	2688	strict
785	2714	strict
785	2716	strict
785	2717	strict
786	2645	equal
786	2717	strict
787	2648	equal
787	2653	strict
787	15918	strict
787	15950	strict
787	15952	strict
787	15953	strict
788	2649	equal
788	15953	strict
789	2650	equal
790	2651	equal
791	2654	equal
792	2658	equal
793	2659	equal
794	2662	equal
795	2663	equal
796	2670	equal
796	2671	strict
796	2674	strict
796	2681	strict
796	2749	strict
796	2750	strict
796	2752	strict
796	2755	strict
796	9296	strict
796	9304	strict
796	16179	strict
796	16180	strict
796	16184	strict
796	16537	strict
796	16541	strict
796	16543	strict
796	16544	strict
797	2671	equal
797	2674	strict
798	2674	equal
799	2675	equal
800	2676	equal
800	16553	strict
801	2677	equal
801	2680	strict
801	2682	strict
801	2747	strict
801	2751	strict
801	16218	strict
802	2678	equal
802	2754	strict
803	2681	equal
804	2682	equal
804	16218	strict
805	2683	equal
805	2685	strict
806	2685	equal
807	2686	equal
808	2687	equal
808	2713	strict
808	2715	strict
808	2717	strict
809	2688	equal
809	2714	strict
809	2716	strict
809	2717	strict
810	2689	equal
810	2717	strict
811	2690	equal
811	2717	strict
812	2691	equal
812	2708	strict
813	2697	equal
813	2698	strict
813	2699	strict
813	2706	strict
813	2725	strict
813	9306	strict
813	9312	strict
813	16284	strict
813	16286	strict
813	16287	strict
813	16319	strict
813	16556	strict
813	16557	strict
813	16560	strict
813	16561	strict
813	16562	strict
814	2698	equal
814	9312	strict
814	16562	strict
815	2699	equal
815	2725	strict
816	2701	equal
816	2703	strict
817	2703	equal
818	2708	equal
819	2709	equal
820	2710	equal
821	2718	equal
821	2719	strict
821	2720	strict
821	2722	strict
821	2723	strict
821	7370	strict
821	9314	strict
821	16303	strict
821	16306	strict
821	16359	strict
821	16374	strict
821	16376	strict
821	16379	strict
821	16380	strict
821	16381	strict
822	2719	equal
822	2720	strict
822	2723	strict
822	9314	strict
822	16381	strict
823	2723	equal
824	2724	equal
825	2725	equal
826	2731	equal
826	2732	strict
826	2734	strict
826	2743	strict
826	2760	strict
826	2761	strict
826	2762	strict
826	2763	strict
826	9315	strict
826	9323	strict
826	16439	strict
826	16440	strict
826	16444	strict
826	16546	strict
826	16550	strict
826	16552	strict
826	16553	strict
827	2732	equal
827	2734	strict
828	2734	equal
829	2735	equal
830	2737	equal
830	16544	strict
831	2738	equal
831	2739	strict
831	2741	strict
831	2742	strict
831	2746	strict
831	2747	strict
831	2754	strict
831	2757	strict
831	2759	strict
831	2765	strict
831	2769	strict
831	2771	strict
831	2776	strict
831	2777	strict
831	2778	strict
832	2739	equal
832	2742	strict
832	2747	strict
832	2754	strict
832	2778	strict
833	2740	equal
834	2741	equal
835	2743	equal
836	2744	equal
837	2747	equal
838	2749	equal
838	2755	strict
838	16537	strict
838	16541	strict
838	16543	strict
838	16544	strict
839	2750	equal
839	16544	strict
840	2751	equal
841	2752	equal
842	2754	equal
843	2756	equal
843	2778	strict
844	2757	equal
844	2759	strict
844	2771	strict
844	2776	strict
844	2777	strict
844	2778	strict
845	2760	equal
845	2763	strict
845	16546	strict
845	16550	strict
845	16552	strict
845	16553	strict
846	2761	equal
846	16553	strict
847	2762	equal
848	2764	equal
849	2765	equal
850	2767	equal
851	2768	equal
851	2774	strict
851	2775	strict
851	2778	strict
852	2769	equal
852	2778	strict
853	2770	equal
853	2778	strict
854	2771	equal
854	2776	strict
854	2777	strict
854	2778	strict
855	2779	equal
856	3005	equal
856	3122	strict
856	3124	strict
856	3177	strict
856	3178	strict
856	8247	strict
857	3017	equal
857	3123	strict
857	3126	strict
857	3211	strict
857	3212	strict
857	7440	strict
858	3019	equal
858	3260	strict
858	3406	strict
858	3407	strict
858	3410	strict
858	3494	strict
858	3497	strict
858	3499	strict
858	5614	strict
858	5619	strict
858	5620	strict
858	6273	strict
858	6276	strict
858	6281	strict
858	6287	strict
858	6295	strict
858	12652	strict
859	3020	equal
859	3023	strict
859	3099	strict
859	3129	strict
859	3130	strict
859	3261	strict
859	3496	strict
859	3508	strict
859	5615	strict
859	5621	strict
859	5622	strict
859	6015	strict
859	6038	strict
859	6549	strict
859	6554	strict
859	6573	strict
859	12653	strict
860	3021	equal
860	3266	strict
860	3412	strict
860	3413	strict
860	3416	strict
860	3512	strict
860	3515	strict
860	3517	strict
860	5617	strict
860	11068	strict
860	11070	strict
860	12655	strict
860	13100	strict
860	13104	strict
860	13118	strict
860	13120	strict
860	13122	strict
861	3022	equal
861	3024	strict
861	3100	strict
861	3132	strict
861	3133	strict
861	3267	strict
861	3514	strict
861	3526	strict
861	5618	strict
861	11069	strict
861	11071	strict
861	11409	strict
861	11410	strict
861	12656	strict
861	14097	strict
861	14099	strict
861	14102	strict
862	3023	equal
862	3261	strict
863	3024	equal
863	3267	strict
864	3051	equal
864	3052	strict
864	3053	strict
864	3057	strict
864	3058	strict
864	5640	strict
864	5657	strict
864	5659	strict
864	5675	strict
864	5717	strict
864	5719	strict
864	5720	strict
864	5721	strict
864	5725	strict
864	11137	strict
865	3052	equal
865	3053	strict
865	3058	strict
865	5675	strict
865	5725	strict
866	3054	equal
866	3056	strict
866	3058	strict
866	6185	strict
866	6187	strict
866	13024	strict
867	3058	equal
868	3092	equal
868	3362	strict
868	3375	strict
868	5855	strict
868	5903	strict
868	5905	strict
868	5906	strict
868	5973	strict
868	6391	strict
868	6434	strict
868	6444	strict
868	6453	strict
868	8292	strict
868	8301	strict
868	8503	strict
868	14042	strict
869	3093	equal
869	3363	strict
869	3377	strict
869	5856	strict
869	5857	strict
869	5858	strict
869	5975	strict
869	5976	strict
869	6393	strict
869	6430	strict
869	6438	strict
869	6472	strict
869	8293	strict
869	8294	strict
869	8504	strict
869	14044	strict
870	3094	equal
870	3120	strict
870	3124	strict
870	3125	strict
870	3130	strict
870	3364	strict
870	3382	strict
870	3508	strict
870	6015	strict
870	6037	strict
870	6038	strict
870	6549	strict
870	6553	strict
870	6573	strict
870	8509	strict
870	14050	strict
871	3095	equal
871	3121	strict
871	3126	strict
871	3127	strict
871	3133	strict
871	3383	strict
871	3389	strict
871	3526	strict
871	6036	strict
871	7444	strict
871	11409	strict
871	11410	strict
871	14082	strict
871	14097	strict
871	14099	strict
871	14101	strict
872	3096	equal
872	3390	strict
872	3398	strict
872	5668	strict
872	7436	strict
872	7438	strict
872	8566	strict
872	11079	strict
872	11219	strict
872	11220	strict
872	11221	strict
872	12976	strict
872	13252	strict
872	13256	strict
872	13266	strict
872	14148	strict
873	3097	equal
873	3391	strict
873	3403	strict
873	5669	strict
873	7437	strict
873	7439	strict
873	7446	strict
873	11080	strict
873	11218	strict
873	11411	strict
873	11412	strict
873	12979	strict
873	14151	strict
873	14192	strict
873	14194	strict
873	14196	strict
874	3099	equal
875	3100	equal
876	3107	equal
876	3129	strict
876	3131	strict
876	3511	strict
876	6313	strict
876	6315	strict
876	6350	strict
877	3115	equal
877	3132	strict
877	3134	strict
877	3529	strict
877	5805	strict
877	5807	strict
877	6343	strict
878	3116	equal
878	3423	strict
878	3425	strict
878	5819	strict
878	5821	strict
878	11388	strict
879	3120	equal
880	3121	equal
881	3122	equal
881	8247	strict
882	3123	equal
882	7440	strict
883	3124	equal
884	3125	equal
884	8509	strict
885	3126	equal
886	3127	equal
886	7444	strict
887	3129	equal
888	3130	equal
888	3508	strict
888	6015	strict
888	6038	strict
888	6549	strict
888	6573	strict
889	3131	equal
889	3511	strict
890	3132	equal
891	3133	equal
891	3526	strict
891	11409	strict
891	11410	strict
891	14097	strict
891	14099	strict
892	3134	equal
892	3529	strict
893	3167	equal
893	3168	strict
893	3170	strict
893	3176	strict
893	3178	strict
893	3449	strict
893	3451	strict
893	3460	strict
893	8183	strict
893	8187	strict
893	8189	strict
893	8190	strict
893	8191	strict
893	8195	strict
893	8216	strict
894	3168	equal
894	3176	strict
894	3178	strict
894	8183	strict
894	8195	strict
895	3178	equal
896	3197	equal
896	3198	strict
896	3200	strict
896	3210	strict
896	3212	strict
896	3455	strict
896	3457	strict
896	3472	strict
896	8205	strict
896	8234	strict
896	8238	strict
896	8241	strict
896	8242	strict
896	8244	strict
896	8246	strict
897	3198	equal
897	3210	strict
897	3212	strict
897	8234	strict
897	8246	strict
898	3212	equal
899	3234	equal
899	3260	strict
899	3449	strict
899	3450	strict
899	3451	strict
899	3464	strict
899	3501	strict
899	3510	strict
899	8131	strict
899	8132	strict
899	8133	strict
899	8141	strict
899	8187	strict
899	8189	strict
899	8191	strict
899	8195	strict
899	8197	strict
900	3235	equal
900	3262	strict
900	3264	strict
900	3452	strict
900	3468	strict
900	3469	strict
900	3470	strict
900	3509	strict
900	8134	strict
900	8135	strict
900	8136	strict
900	8142	strict
900	8353	strict
900	8355	strict
900	8357	strict
900	8359	strict
900	8367	strict
901	3236	equal
901	3266	strict
901	3455	strict
901	3456	strict
901	3457	strict
901	3476	strict
901	3519	strict
901	3528	strict
901	8137	strict
901	8143	strict
901	8144	strict
901	8145	strict
901	8238	strict
901	8242	strict
901	8244	strict
901	8246	strict
901	8250	strict
902	3237	equal
902	3268	strict
902	3270	strict
902	3458	strict
902	3480	strict
902	3481	strict
902	3482	strict
902	3527	strict
902	8138	strict
902	8146	strict
902	8147	strict
902	8148	strict
902	8507	strict
902	8508	strict
902	8517	strict
902	8519	strict
902	8522	strict
903	3241	equal
903	3242	strict
903	3243	strict
903	3246	strict
903	3248	strict
903	3406	strict
903	3410	strict
903	3436	strict
903	6273	strict
903	6276	strict
903	6280	strict
903	6286	strict
903	6287	strict
903	6295	strict
903	13085	strict
904	3242	equal
904	3243	strict
904	3248	strict
904	6280	strict
904	6295	strict
905	3244	equal
905	3247	strict
905	3248	strict
905	3408	strict
905	3438	strict
905	13079	strict
906	3248	equal
907	3249	equal
907	3250	strict
907	3251	strict
907	3254	strict
907	3256	strict
907	3412	strict
907	3416	strict
907	3442	strict
907	6284	strict
907	13100	strict
907	13103	strict
907	13104	strict
907	13115	strict
907	13118	strict
907	13120	strict
908	3250	equal
908	3251	strict
908	3256	strict
908	13115	strict
908	13120	strict
909	3252	equal
909	3255	strict
909	3256	strict
909	3414	strict
909	3444	strict
909	6288	strict
910	3256	equal
911	3260	equal
912	3261	equal
913	3262	equal
913	3264	strict
914	3264	equal
915	3266	equal
916	3267	equal
917	3268	equal
917	3270	strict
918	3270	equal
919	3292	equal
919	3293	strict
919	3294	strict
919	3298	strict
919	3299	strict
919	6193	strict
919	6211	strict
919	6213	strict
919	6250	strict
919	12995	strict
919	13015	strict
919	13017	strict
919	13018	strict
919	13019	strict
919	13023	strict
920	3293	equal
920	3294	strict
920	3299	strict
920	12995	strict
920	13023	strict
921	3295	equal
921	3297	strict
921	3299	strict
921	6186	strict
921	6189	strict
921	6232	strict
922	3299	equal
923	3362	equal
923	6434	strict
923	6453	strict
924	3363	equal
924	6438	strict
924	6472	strict
925	3364	equal
925	6553	strict
925	6573	strict
926	3368	equal
926	3370	strict
926	3374	strict
926	6383	strict
926	6460	strict
926	8313	strict
926	8317	strict
926	8319	strict
926	8320	strict
926	8321	strict
926	8326	strict
926	8333	strict
926	8336	strict
926	8343	strict
926	8420	strict
926	14029	strict
927	3369	equal
927	3371	strict
927	3376	strict
927	6384	strict
927	6385	strict
927	8314	strict
927	8315	strict
927	8316	strict
927	8323	strict
927	8324	strict
927	8328	strict
927	8332	strict
927	8334	strict
927	8352	strict
927	8422	strict
927	14030	strict
928	3370	equal
928	8333	strict
928	8343	strict
929	3371	equal
929	8334	strict
929	8352	strict
930	3378	equal
930	3379	strict
930	3381	strict
930	3438	strict
930	3465	strict
930	3468	strict
930	3470	strict
930	3506	strict
930	8353	strict
930	8354	strict
930	8355	strict
930	8357	strict
930	8358	strict
930	8367	strict
930	8426	strict
930	14031	strict
931	3379	equal
931	8358	strict
931	8367	strict
932	3383	equal
932	14099	strict
932	14101	strict
933	3385	equal
933	3386	strict
933	3388	strict
933	3444	strict
933	3477	strict
933	3480	strict
933	3482	strict
933	3524	strict
933	6565	strict
933	8391	strict
933	8507	strict
933	8508	strict
933	8515	strict
933	8517	strict
933	8519	strict
933	8521	strict
934	3386	equal
934	8519	strict
934	8521	strict
935	3390	equal
935	13256	strict
935	13266	strict
936	3391	equal
936	14194	strict
936	14196	strict
937	3394	equal
937	3395	strict
937	3397	strict
937	6226	strict
937	8155	strict
937	8167	strict
937	8169	strict
937	8538	strict
937	8539	strict
937	8540	strict
937	8544	strict
937	8545	strict
937	8550	strict
937	8557	strict
937	12974	strict
937	14176	strict
938	3395	equal
938	8545	strict
938	8550	strict
939	3399	equal
939	3400	strict
939	3402	strict
939	6229	strict
939	8158	strict
939	8170	strict
939	8172	strict
939	8553	strict
939	8559	strict
939	8560	strict
939	8565	strict
939	8569	strict
939	8571	strict
939	8573	strict
939	12977	strict
939	13258	strict
940	3400	equal
940	8571	strict
940	8573	strict
941	3405	equal
941	6295	strict
942	3406	equal
942	3410	strict
942	6273	strict
942	6276	strict
942	6287	strict
942	6295	strict
943	3407	equal
943	6295	strict
944	3408	equal
944	13079	strict
945	3411	equal
945	13120	strict
946	3412	equal
946	3416	strict
946	13100	strict
946	13104	strict
946	13118	strict
946	13120	strict
947	3413	equal
947	13120	strict
948	3414	equal
948	6288	strict
949	3417	equal
949	3503	strict
949	3505	strict
949	3509	strict
949	6314	strict
949	6316	strict
949	6355	strict
950	3418	equal
950	3521	strict
950	3523	strict
950	3527	strict
950	6344	strict
950	6346	strict
950	6353	strict
951	3419	equal
951	3420	strict
951	3421	strict
951	3424	strict
951	3425	strict
951	6356	strict
951	6359	strict
951	6364	strict
951	13822	strict
951	15856	strict
951	16334	strict
951	16336	strict
951	16345	strict
951	16346	strict
951	16349	strict
952	3420	equal
952	3421	strict
952	3425	strict
952	15856	strict
952	16349	strict
953	3425	equal
954	3426	equal
954	3427	strict
954	3428	strict
954	3432	strict
954	3433	strict
954	6368	strict
954	6372	strict
954	6378	strict
954	13856	strict
954	13859	strict
954	13872	strict
954	13882	strict
954	13884	strict
954	13886	strict
954	16323	strict
955	3427	equal
955	3428	strict
955	3433	strict
955	13872	strict
955	13886	strict
956	3429	equal
956	3431	strict
956	3433	strict
956	6370	strict
956	6380	strict
956	16325	strict
957	3433	equal
958	3435	equal
959	3436	equal
960	3437	equal
961	3438	equal
962	3441	equal
963	3442	equal
964	3443	equal
965	3444	equal
966	3448	equal
966	8195	strict
967	3449	equal
967	3451	strict
967	8187	strict
967	8189	strict
967	8191	strict
967	8195	strict
968	3450	equal
968	8195	strict
969	3452	equal
970	3454	equal
970	8246	strict
971	3455	equal
971	3457	strict
971	8238	strict
971	8242	strict
971	8244	strict
971	8246	strict
972	3456	equal
972	8246	strict
973	3458	equal
974	3460	equal
975	3461	equal
976	3463	equal
976	8367	strict
977	3464	equal
978	3465	equal
979	3466	equal
980	3468	equal
980	3470	strict
980	8353	strict
980	8355	strict
980	8357	strict
980	8367	strict
981	3469	equal
981	8367	strict
982	3472	equal
983	3473	equal
984	3475	equal
984	8519	strict
985	3476	equal
986	3477	equal
987	3478	equal
988	3480	equal
988	3482	strict
988	8507	strict
988	8508	strict
988	8517	strict
988	8519	strict
989	3481	equal
989	8519	strict
990	3494	equal
991	3495	equal
991	6573	strict
992	3496	equal
992	6573	strict
993	3497	equal
993	3499	strict
994	3499	equal
995	3501	equal
995	3510	strict
996	3503	equal
996	3505	strict
997	3505	equal
998	3506	equal
998	14031	strict
999	3509	equal
1000	3510	equal
1001	3511	equal
1002	3512	equal
1003	3513	equal
1003	14099	strict
1004	3514	equal
1004	14099	strict
1005	3515	equal
1005	3517	strict
1006	3517	equal
1007	3519	equal
1007	3528	strict
1008	3521	equal
1008	3523	strict
1009	3523	equal
1010	3524	equal
1010	6565	strict
1011	3527	equal
1012	3528	equal
1013	3529	equal
1014	3573	equal
1014	3574	strict
1014	3575	strict
1014	3584	strict
1014	3586	strict
1014	3614	strict
1014	3633	strict
1014	3635	strict
1014	3849	strict
1014	3855	strict
1014	3921	strict
1014	3922	strict
1014	3933	strict
1014	3935	strict
1014	3936	strict
1015	3574	equal
1015	3575	strict
1015	3586	strict
1015	3849	strict
1015	3936	strict
1016	3581	equal
1016	3583	strict
1016	3586	strict
1016	3594	strict
1016	3610	strict
1016	12386	strict
1017	3586	equal
1018	3592	equal
1018	3607	strict
1018	3611	strict
1018	3698	strict
1018	8718	strict
1018	8780	strict
1018	13150	strict
1019	3594	equal
1019	12386	strict
1020	3595	equal
1020	10721	strict
1021	3596	equal
1021	10741	strict
1022	3597	equal
1022	3598	strict
1022	3617	strict
1022	3622	strict
1022	3642	strict
1022	3643	strict
1022	3644	strict
1022	3688	strict
1022	8972	strict
1022	8988	strict
1022	10687	strict
1022	10689	strict
1022	10697	strict
1022	10717	strict
1022	10718	strict
1022	10720	strict
1022	10721	strict
1023	3598	equal
1024	3599	equal
1024	3600	strict
1024	3601	strict
1024	3608	strict
1024	3609	strict
1024	3611	strict
1024	3647	strict
1024	3699	strict
1024	8974	strict
1024	8992	strict
1024	10690	strict
1024	10692	strict
1024	10693	strict
1024	10737	strict
1024	10738	strict
1024	10740	strict
1024	10741	strict
1025	3600	equal
1026	3601	equal
1026	3647	strict
1027	3602	equal
1027	3603	strict
1027	3604	strict
1027	3605	strict
1027	3608	strict
1027	3610	strict
1027	3692	strict
1027	3699	strict
1027	8976	strict
1027	8991	strict
1027	10693	strict
1027	10694	strict
1027	10738	strict
1027	10740	strict
1027	10741	strict
1027	12391	strict
1028	3603	equal
1028	8991	strict
1028	10741	strict
1029	3604	equal
1029	12391	strict
1030	3605	equal
1031	3606	equal
1032	3607	equal
1032	3698	strict
1033	3608	equal
1033	3699	strict
1033	10693	strict
1033	10738	strict
1033	10740	strict
1033	10741	strict
1034	3609	equal
1034	10741	strict
1035	3610	equal
1036	3611	equal
1037	3614	equal
1038	3615	equal
1039	3617	equal
1039	3622	strict
1040	3622	equal
1041	3624	equal
1041	3936	strict
1042	3625	equal
1042	3979	strict
1043	3631	equal
1043	3632	strict
1043	3633	strict
1043	3634	strict
1043	3635	strict
1043	3641	strict
1043	3644	strict
1043	3687	strict
1043	3853	strict
1043	3858	strict
1043	3917	strict
1043	3918	strict
1043	3921	strict
1043	3932	strict
1043	3933	strict
1043	3935	strict
1043	3936	strict
1044	3632	equal
1045	3633	equal
1045	3635	strict
1045	3921	strict
1045	3933	strict
1045	3935	strict
1045	3936	strict
1046	3634	equal
1046	3936	strict
1047	3637	equal
1047	3638	strict
1047	3639	strict
1047	3642	strict
1047	3645	strict
1047	3657	strict
1047	3659	strict
1047	3688	strict
1047	8978	strict
1047	8986	strict
1047	10697	strict
1047	10698	strict
1047	10718	strict
1047	10720	strict
1047	10721	strict
1048	3638	equal
1048	3645	strict
1048	3659	strict
1048	8986	strict
1048	10721	strict
1049	3639	equal
1050	3640	equal
1051	3641	equal
1051	3687	strict
1052	3642	equal
1052	3688	strict
1052	10697	strict
1052	10718	strict
1052	10720	strict
1052	10721	strict
1053	3643	equal
1053	10721	strict
1054	3644	equal
1055	3647	equal
1056	3654	equal
1056	3656	strict
1056	3659	strict
1056	3667	strict
1056	3679	strict
1056	8887	strict
1057	3659	equal
1058	3665	equal
1058	3678	strict
1058	3680	strict
1058	3701	strict
1058	8719	strict
1058	8792	strict
1058	13195	strict
1059	3667	equal
1059	8887	strict
1060	3668	equal
1060	3669	strict
1060	3670	strict
1060	3675	strict
1060	3676	strict
1060	3680	strict
1060	3690	strict
1060	3695	strict
1060	3859	strict
1060	3866	strict
1060	3963	strict
1060	3964	strict
1060	3966	strict
1060	3975	strict
1060	3976	strict
1060	3978	strict
1060	3979	strict
1061	3669	equal
1062	3670	equal
1062	3690	strict
1063	3671	equal
1063	3672	strict
1063	3673	strict
1063	3675	strict
1063	3677	strict
1063	3679	strict
1063	3691	strict
1063	3695	strict
1063	3861	strict
1063	3864	strict
1063	3966	strict
1063	3967	strict
1063	3976	strict
1063	3978	strict
1063	3979	strict
1063	8892	strict
1064	3672	equal
1064	3864	strict
1064	3979	strict
1065	3673	equal
1066	3674	equal
1067	3675	equal
1067	3695	strict
1067	3966	strict
1067	3976	strict
1067	3978	strict
1067	3979	strict
1068	3676	equal
1068	3979	strict
1069	3677	equal
1069	8892	strict
1070	3678	equal
1070	3701	strict
1071	3679	equal
1072	3680	equal
1073	3687	equal
1074	3690	equal
1075	3698	equal
1076	3701	equal
1077	3708	equal
1077	3709	strict
1077	3720	strict
1077	3833	strict
1077	4137	strict
1077	8994	strict
1077	9001	strict
1077	10755	strict
1077	10757	strict
1077	10759	strict
1077	10767	strict
1077	10779	strict
1077	10780	strict
1077	10781	strict
1077	10782	strict
1077	12309	strict
1078	3709	equal
1078	9001	strict
1078	10782	strict
1079	3716	equal
1079	3717	strict
1079	3719	strict
1079	3871	strict
1079	3874	strict
1079	4003	strict
1079	4005	strict
1079	4007	strict
1079	4012	strict
1079	4024	strict
1079	4025	strict
1079	4026	strict
1079	4027	strict
1079	8668	strict
1079	8810	strict
1079	10892	strict
1080	3717	equal
1080	3874	strict
1080	4027	strict
1081	3728	equal
1081	3730	strict
1081	3736	strict
1081	8776	strict
1081	8781	strict
1081	12390	strict
1082	3732	equal
1082	3733	strict
1082	3734	strict
1082	3735	strict
1082	3736	strict
1082	9200	strict
1082	9205	strict
1082	15053	strict
1082	15055	strict
1082	15248	strict
1082	16554	strict
1082	16556	strict
1082	16558	strict
1082	16559	strict
1082	16562	strict
1083	3733	equal
1083	3734	strict
1083	3736	strict
1083	9205	strict
1083	16562	strict
1084	3736	equal
1085	3737	equal
1085	3738	strict
1085	3758	strict
1085	3834	strict
1085	3836	strict
1085	9002	strict
1085	9007	strict
1085	10836	strict
1085	10838	strict
1085	10840	strict
1085	10841	strict
1085	10856	strict
1085	10873	strict
1085	10875	strict
1085	10876	strict
1085	12388	strict
1086	3738	equal
1086	9007	strict
1086	10876	strict
1087	3745	equal
1087	3747	strict
1087	3753	strict
1087	8788	strict
1087	8793	strict
1087	8891	strict
1088	3749	equal
1088	3750	strict
1088	3751	strict
1088	3752	strict
1088	3753	strict
1088	9213	strict
1088	9218	strict
1088	16062	strict
1088	16064	strict
1088	16132	strict
1088	16509	strict
1088	16511	strict
1088	16513	strict
1088	16514	strict
1088	16517	strict
1089	3750	equal
1089	3751	strict
1089	3753	strict
1089	9218	strict
1089	16517	strict
1090	3753	equal
1091	3754	equal
1091	3755	strict
1091	3757	strict
1091	3877	strict
1091	3880	strict
1091	4082	strict
1091	4084	strict
1091	4086	strict
1091	4087	strict
1091	4101	strict
1091	4112	strict
1091	4114	strict
1091	4115	strict
1091	8669	strict
1091	8671	strict
1091	8889	strict
1092	3755	equal
1092	3880	strict
1092	4115	strict
1093	3760	equal
1094	3761	equal
1095	3762	equal
1096	3763	equal
1097	3764	equal
1098	3765	equal
1099	3767	equal
1100	3768	equal
1101	3772	equal
1102	3773	equal
1103	3780	equal
1103	3781	strict
1103	3782	strict
1103	3791	strict
1103	3793	strict
1103	9010	strict
1103	9017	strict
1103	11167	strict
1103	11170	strict
1103	11174	strict
1103	11178	strict
1103	11192	strict
1103	11193	strict
1103	11194	strict
1103	11195	strict
1104	3781	equal
1104	3782	strict
1104	3793	strict
1104	9017	strict
1104	11195	strict
1105	3788	equal
1105	3790	strict
1105	3793	strict
1105	8672	strict
1105	8692	strict
1105	13200	strict
1106	3793	equal
1107	3794	equal
1108	3796	equal
1109	3804	equal
1109	3805	strict
1109	3806	strict
1109	3816	strict
1109	3817	strict
1109	3820	strict
1109	3993	strict
1109	4009	strict
1109	4021	strict
1109	4022	strict
1109	4023	strict
1109	4024	strict
1109	4025	strict
1109	4026	strict
1109	4027	strict
1110	3805	equal
1110	3806	strict
1110	3817	strict
1110	4021	strict
1110	4027	strict
1111	3812	equal
1111	3814	strict
1111	3817	strict
1111	4015	strict
1111	4136	strict
1111	13302	strict
1112	3817	equal
1113	3818	equal
1114	3819	equal
1115	3820	equal
1116	3827	equal
1116	4096	strict
1116	4098	strict
1116	4140	strict
1116	8689	strict
1116	8693	strict
1116	11447	strict
1117	3829	equal
1118	3831	equal
1118	3943	strict
1119	3832	equal
1119	3988	strict
1120	3833	equal
1120	4137	strict
1121	3834	equal
1121	3836	strict
1122	3835	equal
1122	4124	strict
1123	3836	equal
1124	3837	equal
1125	3838	equal
1126	3839	equal
1127	3840	equal
1128	3843	equal
1128	3863	strict
1129	3844	equal
1129	3845	strict
1130	3845	equal
1131	3846	equal
1131	3864	strict
1132	3847	equal
1132	3849	strict
1133	3849	equal
1134	3851	equal
1135	3852	equal
1136	3853	equal
1137	3854	equal
1138	3855	equal
1139	3856	equal
1140	3858	equal
1141	3859	equal
1142	3860	equal
1143	3861	equal
1144	3862	equal
1145	3863	equal
1146	3864	equal
1147	3866	equal
1148	3867	equal
1148	3874	strict
1149	3868	equal
1149	3870	strict
1150	3870	equal
1151	3871	equal
1152	3872	equal
1153	3874	equal
1154	3875	equal
1154	3880	strict
1155	3877	equal
1156	3878	equal
1157	3880	equal
1158	3882	equal
1159	3883	equal
1160	3884	equal
1160	3893	strict
1160	3992	strict
1160	3994	strict
1160	4013	strict
1160	4027	strict
1161	3885	equal
1161	3896	strict
1161	4030	strict
1161	4031	strict
1161	4113	strict
1161	4115	strict
1162	3887	equal
1162	4027	strict
1163	3888	equal
1163	4115	strict
1164	3889	equal
1164	4027	strict
1165	3890	equal
1165	4115	strict
1166	3891	equal
1166	4102	strict
1167	3894	equal
1167	4019	strict
1168	3897	equal
1168	3899	strict
1168	3920	strict
1168	3924	strict
1168	3934	strict
1168	3936	strict
1169	3898	equal
1169	3900	strict
1169	3903	strict
1169	3904	strict
1169	3977	strict
1169	3979	strict
1170	3901	equal
1171	3903	equal
1171	3904	strict
1171	3977	strict
1171	3979	strict
1172	3906	equal
1172	3936	strict
1173	3907	equal
1173	3979	strict
1174	3913	equal
1174	3914	strict
1174	3915	strict
1174	3917	strict
1174	3919	strict
1174	3921	strict
1174	3923	strict
1174	3931	strict
1174	3932	strict
1174	3933	strict
1174	3935	strict
1174	3936	strict
1174	3937	strict
1174	8829	strict
1174	8833	strict
1174	13495	strict
1175	3914	equal
1175	3936	strict
1175	3937	strict
1176	3915	equal
1177	3917	equal
1177	3921	strict
1177	3932	strict
1177	3933	strict
1177	3935	strict
1177	3936	strict
1178	3918	equal
1178	3936	strict
1179	3919	equal
1180	3920	equal
1180	3924	strict
1180	3934	strict
1180	3936	strict
1181	3921	equal
1181	3933	strict
1181	3935	strict
1181	3936	strict
1182	3922	equal
1182	3936	strict
1183	3923	equal
1183	3936	strict
1184	3925	equal
1184	3937	strict
1185	3929	equal
1185	3930	strict
1186	3930	equal
1187	3937	equal
1188	3938	equal
1188	3939	strict
1188	3940	strict
1188	3942	strict
1188	3990	strict
1188	9247	strict
1188	9254	strict
1188	15435	strict
1188	15440	strict
1188	15442	strict
1188	15511	strict
1188	16572	strict
1188	16573	strict
1188	16576	strict
1188	16577	strict
1188	16580	strict
1189	3939	equal
1189	9254	strict
1189	16580	strict
1190	3940	equal
1190	3990	strict
1191	3941	equal
1192	3943	equal
1193	3944	equal
1193	3945	strict
1193	3946	strict
1193	3955	strict
1193	3957	strict
1193	9225	strict
1193	9230	strict
1193	13153	strict
1193	13155	strict
1193	13157	strict
1193	13158	strict
1193	13161	strict
1193	13179	strict
1193	13181	strict
1193	13182	strict
1194	3945	equal
1194	3946	strict
1194	3957	strict
1194	9230	strict
1194	13182	strict
1195	3952	equal
1195	3954	strict
1195	3957	strict
1195	8800	strict
1195	8802	strict
1195	8858	strict
1196	3957	equal
1197	3958	equal
1197	3959	strict
1197	3960	strict
1197	3963	strict
1197	3965	strict
1197	3966	strict
1197	3968	strict
1197	3974	strict
1197	3975	strict
1197	3976	strict
1197	3978	strict
1197	3979	strict
1197	3980	strict
1197	8838	strict
1197	8842	strict
1197	8876	strict
1198	3959	equal
1198	3979	strict
1198	3980	strict
1199	3960	equal
1200	3962	equal
1201	3963	equal
1201	3966	strict
1201	3975	strict
1201	3976	strict
1201	3978	strict
1201	3979	strict
1202	3964	equal
1202	3979	strict
1203	3965	equal
1204	3966	equal
1204	3976	strict
1204	3978	strict
1204	3979	strict
1205	3967	equal
1205	3979	strict
1206	3968	equal
1206	3979	strict
1207	3970	equal
1207	3980	strict
1208	3980	equal
1209	3981	equal
1209	3982	strict
1209	3985	strict
1209	3987	strict
1209	3989	strict
1209	9265	strict
1209	9269	strict
1209	16385	strict
1209	16390	strict
1209	16392	strict
1209	16404	strict
1209	16527	strict
1209	16529	strict
1209	16531	strict
1209	16532	strict
1209	16535	strict
1210	3982	equal
1210	9269	strict
1210	16535	strict
1211	3983	equal
1211	3984	strict
1212	3984	equal
1213	3985	equal
1213	3989	strict
1214	3986	equal
1215	3988	equal
1216	3989	equal
1217	3990	equal
1218	3991	equal
1219	3992	equal
1219	3994	strict
1219	4013	strict
1219	4027	strict
1220	3993	equal
1220	4027	strict
1221	4000	equal
1221	4001	strict
1221	4002	strict
1221	4003	strict
1221	4004	strict
1221	4007	strict
1221	4011	strict
1221	4022	strict
1221	4023	strict
1221	4024	strict
1221	4025	strict
1221	4026	strict
1221	4027	strict
1221	4029	strict
1221	4073	strict
1221	4075	strict
1221	4144	strict
1222	4001	equal
1223	4002	equal
1224	4003	equal
1224	4007	strict
1224	4024	strict
1224	4025	strict
1224	4026	strict
1224	4027	strict
1225	4004	equal
1225	4027	strict
1226	4005	equal
1227	4008	equal
1228	4009	equal
1229	4010	equal
1229	4021	strict
1230	4011	equal
1230	4027	strict
1231	4012	equal
1231	4027	strict
1232	4015	equal
1232	13302	strict
1233	4016	equal
1233	4017	strict
1234	4017	equal
1235	4018	equal
1236	4019	equal
1237	4021	equal
1238	4022	equal
1238	4023	strict
1238	4024	strict
1238	4025	strict
1238	4026	strict
1238	4027	strict
1239	4024	equal
1239	4025	strict
1239	4026	strict
1239	4027	strict
1240	4029	equal
1241	4030	equal
1241	4031	strict
1241	4113	strict
1241	4115	strict
1242	4038	equal
1242	4054	strict
1242	4069	strict
1242	4095	strict
1242	8855	strict
1242	8859	strict
1242	15669	strict
1243	4045	equal
1243	4047	strict
1243	4053	strict
1243	4068	strict
1243	4070	strict
1243	8893	strict
1244	4049	equal
1244	4050	strict
1244	4051	strict
1244	4052	strict
1244	4053	strict
1244	4079	strict
1244	4142	strict
1244	4145	strict
1244	9292	strict
1244	9329	strict
1244	16581	strict
1244	16583	strict
1244	16585	strict
1244	16586	strict
1244	16589	strict
1245	4050	equal
1245	4051	strict
1245	4053	strict
1245	9292	strict
1245	16589	strict
1246	4053	equal
1247	4054	equal
1247	4095	strict
1248	4055	equal
1249	4056	equal
1249	4057	strict
1249	4058	strict
1249	4059	strict
1249	4064	strict
1249	4066	strict
1249	4070	strict
1249	4086	strict
1249	4088	strict
1249	4110	strict
1249	4111	strict
1249	4112	strict
1249	4114	strict
1249	4115	strict
1249	4116	strict
1249	8888	strict
1250	4057	equal
1250	4115	strict
1250	4116	strict
1251	4058	equal
1252	4059	equal
1252	8888	strict
1253	4060	equal
1253	4061	strict
1253	4062	strict
1253	4064	strict
1253	4065	strict
1253	4067	strict
1253	4069	strict
1253	4082	strict
1253	4083	strict
1253	4086	strict
1253	4101	strict
1253	4105	strict
1253	4111	strict
1253	4112	strict
1253	4114	strict
1253	4115	strict
1253	4134	strict
1254	4061	equal
1255	4062	equal
1256	4063	equal
1257	4064	equal
1257	4086	strict
1257	4111	strict
1257	4112	strict
1257	4114	strict
1257	4115	strict
1258	4065	equal
1258	4115	strict
1259	4066	equal
1260	4067	equal
1260	4134	strict
1261	4068	equal
1261	8893	strict
1262	4069	equal
1263	4070	equal
1264	4073	equal
1264	4075	strict
1265	4075	equal
1266	4079	equal
1267	4080	equal
1268	4082	equal
1268	4086	strict
1268	4101	strict
1268	4112	strict
1268	4114	strict
1268	4115	strict
1269	4083	equal
1269	4115	strict
1270	4084	equal
1271	4085	equal
1272	4086	equal
1272	4112	strict
1272	4114	strict
1272	4115	strict
1273	4087	equal
1273	4115	strict
1274	4088	equal
1274	4115	strict
1275	4089	equal
1275	16571	strict
1276	4091	equal
1276	4092	strict
1276	4094	strict
1276	4099	strict
1276	4142	strict
1276	4143	strict
1276	4144	strict
1276	4145	strict
1276	9302	strict
1276	9305	strict
1276	16211	strict
1276	16212	strict
1276	16213	strict
1276	16581	strict
1276	16585	strict
1276	16586	strict
1276	16589	strict
1277	4092	equal
1277	4094	strict
1278	4094	equal
1279	4095	equal
1280	4096	equal
1280	4098	strict
1281	4098	equal
1282	4099	equal
1283	4102	equal
1284	4105	equal
1285	4106	equal
1285	4116	strict
1286	4116	equal
1287	4117	equal
1287	4118	strict
1287	4119	strict
1287	4122	strict
1287	4125	strict
1287	4136	strict
1287	4138	strict
1287	4141	strict
1287	9313	strict
1287	9326	strict
1287	16290	strict
1287	16563	strict
1287	16565	strict
1287	16567	strict
1287	16568	strict
1287	16571	strict
1288	4118	equal
1288	9313	strict
1288	16571	strict
1289	4119	equal
1289	16290	strict
1290	4120	equal
1290	4121	strict
1291	4121	equal
1292	4123	equal
1293	4124	equal
1294	4125	equal
1295	4126	equal
1296	4128	equal
1296	16589	strict
1297	4130	equal
1297	4131	strict
1297	4133	strict
1297	4135	strict
1297	4138	strict
1297	4139	strict
1297	4140	strict
1297	4141	strict
1297	9321	strict
1297	9324	strict
1297	16471	strict
1297	16472	strict
1297	16473	strict
1297	16563	strict
1297	16567	strict
1297	16568	strict
1297	16571	strict
1298	4131	equal
1298	4133	strict
1299	4133	equal
1300	4134	equal
1301	4135	equal
1302	4136	equal
1303	4137	equal
1304	4138	equal
1304	4141	strict
1304	16563	strict
1304	16567	strict
1304	16568	strict
1304	16571	strict
1305	4139	equal
1305	16571	strict
1306	4140	equal
1307	4142	equal
1307	4145	strict
1307	16581	strict
1307	16585	strict
1307	16586	strict
1307	16589	strict
1308	4143	equal
1308	16589	strict
1309	4144	equal
1310	4161	equal
1310	4172	strict
1310	4174	strict
1310	4553	strict
1310	4557	strict
1310	12565	strict
1311	4162	equal
1311	4163	strict
1311	4166	strict
1311	4169	strict
1311	4174	strict
1311	4564	strict
1311	4573	strict
1311	4575	strict
1311	4783	strict
1311	4815	strict
1311	4819	strict
1311	4820	strict
1311	4821	strict
1311	4822	strict
1311	5002	strict
1312	4163	equal
1312	4169	strict
1312	4174	strict
1312	4783	strict
1312	4822	strict
1313	4174	equal
1314	4183	equal
1314	4184	strict
1314	4185	strict
1314	4189	strict
1314	4190	strict
1314	8909	strict
1314	9073	strict
1314	9679	strict
1314	9681	strict
1314	11616	strict
1314	11618	strict
1314	11619	strict
1314	11620	strict
1314	11624	strict
1314	12039	strict
1315	4184	equal
1315	4185	strict
1315	4190	strict
1315	9073	strict
1315	11624	strict
1316	4186	equal
1316	4188	strict
1316	4190	strict
1316	4493	strict
1316	4495	strict
1316	12174	strict
1317	4190	equal
1318	4213	equal
1318	4214	strict
1318	4220	strict
1318	4805	strict
1318	4896	strict
1318	9042	strict
1318	9103	strict
1318	11041	strict
1318	11766	strict
1318	11768	strict
1318	11849	strict
1318	11850	strict
1318	11851	strict
1318	11853	strict
1318	11857	strict
1318	12067	strict
1319	4214	equal
1319	9103	strict
1319	11857	strict
1320	4216	equal
1320	4217	strict
1320	4219	strict
1320	4808	strict
1320	4812	strict
1320	4813	strict
1320	4817	strict
1320	4819	strict
1320	4820	strict
1320	4821	strict
1320	4822	strict
1320	4826	strict
1320	4947	strict
1320	4976	strict
1320	4982	strict
1320	12123	strict
1321	4217	equal
1321	4808	strict
1321	4822	strict
1322	4243	equal
1322	4254	strict
1322	4256	strict
1322	4297	strict
1322	4299	strict
1322	11054	strict
1323	4244	equal
1323	4245	strict
1323	4248	strict
1323	4251	strict
1323	4256	strict
1323	4304	strict
1323	4311	strict
1323	4313	strict
1323	4839	strict
1323	4867	strict
1323	4871	strict
1323	4872	strict
1323	4873	strict
1323	4874	strict
1323	4956	strict
1324	4245	equal
1324	4251	strict
1324	4256	strict
1324	4839	strict
1324	4874	strict
1325	4256	equal
1326	4287	equal
1326	4333	strict
1326	4335	strict
1326	4371	strict
1326	4537	strict
1326	4539	strict
1326	9792	strict
1327	4288	equal
1327	4289	strict
1327	4290	strict
1327	4294	strict
1327	4295	strict
1327	4347	strict
1327	4348	strict
1327	4359	strict
1327	9068	strict
1327	9120	strict
1327	12079	strict
1327	12082	strict
1327	12097	strict
1327	12098	strict
1327	12105	strict
1328	4289	equal
1328	4290	strict
1328	4295	strict
1328	9120	strict
1328	12105	strict
1329	4291	equal
1329	4293	strict
1329	4295	strict
1329	4357	strict
1329	4360	strict
1329	4978	strict
1330	4295	equal
1331	4296	equal
1331	4363	strict
1331	4365	strict
1331	4369	strict
1331	4538	strict
1331	4540	strict
1331	9793	strict
1332	4297	equal
1332	11054	strict
1333	4298	equal
1333	4299	strict
1333	4300	strict
1333	4301	strict
1333	4320	strict
1333	4332	strict
1333	4334	strict
1333	4368	strict
1333	9066	strict
1333	9125	strict
1333	11055	strict
1333	12078	strict
1333	12086	strict
1333	12093	strict
1333	12094	strict
1333	12114	strict
1334	4299	equal
1335	4300	equal
1335	11055	strict
1336	4301	equal
1336	9125	strict
1336	12114	strict
1337	4304	equal
1338	4305	equal
1339	4308	equal
1339	4874	strict
1340	4309	equal
1340	4893	strict
1341	4310	equal
1341	4311	strict
1341	4312	strict
1341	4313	strict
1341	4314	strict
1341	4346	strict
1341	4349	strict
1341	4370	strict
1341	4841	strict
1341	4863	strict
1341	4864	strict
1341	4865	strict
1341	4871	strict
1341	4872	strict
1341	4873	strict
1341	4874	strict
1341	4954	strict
1342	4311	equal
1342	4313	strict
1342	4871	strict
1342	4872	strict
1342	4873	strict
1342	4874	strict
1343	4312	equal
1343	4874	strict
1344	4314	equal
1345	4315	equal
1345	4321	strict
1345	4325	strict
1345	4326	strict
1345	4327	strict
1345	4354	strict
1345	4356	strict
1345	4369	strict
1345	4844	strict
1345	4879	strict
1345	4880	strict
1345	4881	strict
1345	4890	strict
1345	4891	strict
1345	4892	strict
1345	4893	strict
1345	4959	strict
1346	4316	equal
1346	4317	strict
1346	4319	strict
1346	4322	strict
1346	4325	strict
1346	4327	strict
1346	4360	strict
1346	4366	strict
1346	4843	strict
1346	4886	strict
1346	4890	strict
1346	4891	strict
1346	4892	strict
1346	4893	strict
1346	4962	strict
1346	4979	strict
1347	4317	equal
1347	4843	strict
1347	4893	strict
1348	4321	equal
1349	4322	equal
1350	4323	equal
1351	4325	equal
1351	4327	strict
1351	4890	strict
1351	4891	strict
1351	4892	strict
1351	4893	strict
1352	4326	equal
1352	4893	strict
1353	4328	equal
1353	4336	strict
1353	4341	strict
1353	4344	strict
1353	4346	strict
1353	4347	strict
1353	4350	strict
1353	4359	strict
1353	9059	strict
1353	9121	strict
1353	12075	strict
1353	12079	strict
1353	12082	strict
1353	12087	strict
1353	12089	strict
1353	12098	strict
1353	12105	strict
1354	4329	equal
1354	4330	strict
1354	4331	strict
1354	4333	strict
1354	4334	strict
1354	4340	strict
1354	4352	strict
1354	4368	strict
1354	9060	strict
1354	9126	strict
1354	12076	strict
1354	12078	strict
1354	12086	strict
1354	12088	strict
1354	12090	strict
1354	12094	strict
1354	12114	strict
1355	4330	equal
1356	4331	equal
1356	4352	strict
1357	4332	equal
1358	4333	equal
1359	4334	equal
1359	4368	strict
1359	12078	strict
1359	12086	strict
1359	12094	strict
1359	12114	strict
1360	4335	equal
1360	4371	strict
1361	4336	equal
1362	4337	equal
1362	12105	strict
1363	4338	equal
1363	12114	strict
1364	4339	equal
1365	4340	equal
1365	12114	strict
1366	4341	equal
1366	4344	strict
1367	4344	equal
1368	4346	equal
1369	4347	equal
1369	4359	strict
1369	12079	strict
1369	12082	strict
1369	12098	strict
1369	12105	strict
1370	4348	equal
1371	4349	equal
1371	4370	strict
1372	4350	equal
1372	12105	strict
1373	4351	equal
1374	4352	equal
1375	4354	equal
1375	4356	strict
1376	4356	equal
1377	4357	equal
1377	4978	strict
1378	4360	equal
1379	4363	equal
1379	4365	strict
1380	4365	equal
1381	4366	equal
1381	4979	strict
1382	4369	equal
1383	4370	equal
1384	4371	equal
1385	4386	equal
1385	4387	strict
1385	4393	strict
1385	4828	strict
1385	4829	strict
1385	9045	strict
1385	9131	strict
1385	11053	strict
1385	11774	strict
1385	11776	strict
1385	11881	strict
1385	12115	strict
1385	12117	strict
1385	12118	strict
1385	12119	strict
1385	12129	strict
1386	4387	equal
1386	9131	strict
1386	12129	strict
1387	4389	equal
1387	4390	strict
1387	4392	strict
1387	4847	strict
1387	4849	strict
1387	4850	strict
1387	4852	strict
1387	4901	strict
1387	4905	strict
1387	4906	strict
1387	4907	strict
1387	4908	strict
1387	4950	strict
1387	4977	strict
1387	4984	strict
1387	4986	strict
1388	4390	equal
1388	4847	strict
1388	4908	strict
1389	4418	equal
1389	4419	strict
1389	4420	strict
1389	4424	strict
1389	4425	strict
1389	8912	strict
1389	9135	strict
1389	9689	strict
1389	9691	strict
1389	11650	strict
1389	12171	strict
1389	12173	strict
1389	12176	strict
1389	12177	strict
1389	12184	strict
1390	4419	equal
1390	4420	strict
1390	4425	strict
1390	9135	strict
1390	12184	strict
1391	4421	equal
1391	4423	strict
1391	4425	strict
1391	4494	strict
1391	4497	strict
1391	4980	strict
1392	4425	equal
1393	4433	equal
1393	4434	strict
1393	4673	strict
1393	9053	strict
1393	9057	strict
1393	9511	strict
1393	12148	strict
1393	15217	strict
1393	16135	strict
1393	16139	strict
1393	16161	strict
1393	16423	strict
1393	16424	strict
1393	16434	strict
1393	16435	strict
1393	16438	strict
1394	4434	equal
1394	15217	strict
1394	16438	strict
1395	4435	equal
1395	4436	strict
1395	4675	strict
1395	9054	strict
1395	9055	strict
1395	9512	strict
1395	12149	strict
1395	15208	strict
1395	16137	strict
1395	16140	strict
1395	16163	strict
1395	16164	strict
1395	16174	strict
1395	16175	strict
1395	16178	strict
1395	16421	strict
1396	4436	equal
1396	15208	strict
1396	16178	strict
1397	4437	equal
1397	4438	strict
1397	4477	strict
1397	4493	strict
1397	4496	strict
1397	4502	strict
1397	4679	strict
1397	9517	strict
1397	9550	strict
1397	12197	strict
1397	12814	strict
1397	12953	strict
1397	12954	strict
1397	12959	strict
1397	12960	strict
1397	12963	strict
1398	4438	equal
1398	12814	strict
1398	12963	strict
1399	4439	equal
1399	4440	strict
1399	4646	strict
1399	4687	strict
1399	4976	strict
1399	4983	strict
1399	5018	strict
1399	9522	strict
1399	9928	strict
1399	10173	strict
1399	10256	strict
1399	10257	strict
1399	10262	strict
1399	10263	strict
1399	10266	strict
1399	12158	strict
1400	4440	equal
1400	10173	strict
1400	10266	strict
1401	4441	equal
1401	4442	strict
1401	4650	strict
1401	4704	strict
1401	4707	strict
1401	4750	strict
1401	4977	strict
1401	4985	strict
1401	4987	strict
1401	5022	strict
1401	9527	strict
1401	9931	strict
1401	10009	strict
1401	10012	strict
1401	10014	strict
1401	10016	strict
1402	4442	equal
1402	10009	strict
1402	10016	strict
1403	4443	equal
1403	4444	strict
1403	4481	strict
1403	4494	strict
1403	4498	strict
1403	4507	strict
1403	4712	strict
1403	4715	strict
1403	4981	strict
1403	5056	strict
1403	9532	strict
1403	9553	strict
1403	10036	strict
1403	10039	strict
1403	10041	strict
1403	10043	strict
1404	4444	equal
1404	10036	strict
1404	10043	strict
1405	4445	equal
1405	4476	strict
1405	4654	strict
1405	8900	strict
1405	8902	strict
1405	9711	strict
1405	9712	strict
1405	9714	strict
1405	9715	strict
1405	12685	strict
1405	12686	strict
1405	12687	strict
1405	15229	strict
1405	16275	strict
1405	16279	strict
1405	16280	strict
1405	16283	strict
1406	4446	equal
1406	4477	strict
1406	4478	strict
1406	4489	strict
1406	4500	strict
1406	4501	strict
1406	4655	strict
1406	9550	strict
1406	9716	strict
1406	12688	strict
1406	12689	strict
1406	12690	strict
1406	12815	strict
1406	12953	strict
1406	12959	strict
1406	12960	strict
1406	12963	strict
1407	4447	equal
1407	4480	strict
1407	4656	strict
1407	4657	strict
1407	5031	strict
1407	8903	strict
1407	8905	strict
1407	9723	strict
1407	9724	strict
1407	9727	strict
1407	9728	strict
1407	9936	strict
1407	10175	strict
1407	10197	strict
1407	10201	strict
1407	10203	strict
1407	10205	strict
1408	4448	equal
1408	4481	strict
1408	4482	strict
1408	4490	strict
1408	4505	strict
1408	4506	strict
1408	4658	strict
1408	4659	strict
1408	4712	strict
1408	5033	strict
1408	9553	strict
1408	9729	strict
1408	9937	strict
1408	10037	strict
1408	10039	strict
1408	10041	strict
1408	10043	strict
1409	4449	equal
1409	4489	strict
1409	4491	strict
1409	4605	strict
1409	4607	strict
1409	4643	strict
1409	9665	strict
1410	4450	equal
1410	4453	strict
1410	4456	strict
1410	4462	strict
1410	4463	strict
1410	5273	strict
1410	5276	strict
1410	8927	strict
1410	9000	strict
1410	10762	strict
1410	10764	strict
1410	10767	strict
1410	10768	strict
1410	10782	strict
1410	13306	strict
1411	4451	equal
1411	4454	strict
1411	4457	strict
1411	4467	strict
1411	4468	strict
1411	5274	strict
1411	5278	strict
1411	5498	strict
1411	6476	strict
1411	6478	strict
1411	8929	strict
1411	9234	strict
1411	13312	strict
1411	13313	strict
1411	13328	strict
1412	4452	equal
1412	4455	strict
1412	4458	strict
1412	4472	strict
1412	4473	strict
1412	4619	strict
1412	4620	strict
1412	4631	strict
1412	5989	strict
1412	5992	strict
1412	8979	strict
1412	9023	strict
1412	11348	strict
1412	11349	strict
1412	11359	strict
1413	4453	equal
1413	4456	strict
1413	4463	strict
1413	9000	strict
1413	10782	strict
1414	4454	equal
1414	4457	strict
1414	4468	strict
1414	9234	strict
1414	13328	strict
1415	4455	equal
1415	4458	strict
1415	4473	strict
1415	9023	strict
1415	11359	strict
1416	4459	equal
1416	4461	strict
1416	4463	strict
1416	4533	strict
1416	4535	strict
1416	13305	strict
1417	4463	equal
1418	4464	equal
1418	4466	strict
1418	4468	strict
1418	4534	strict
1418	4536	strict
1418	4765	strict
1419	4468	equal
1420	4469	equal
1420	4471	strict
1420	4473	strict
1420	4629	strict
1420	4632	strict
1420	4763	strict
1421	4473	equal
1422	4474	equal
1422	4490	strict
1422	4492	strict
1422	4635	strict
1422	4637	strict
1422	4641	strict
1422	9670	strict
1423	4475	equal
1423	12963	strict
1424	4476	equal
1425	4477	equal
1425	9550	strict
1425	12953	strict
1425	12959	strict
1425	12960	strict
1425	12963	strict
1426	4478	equal
1426	12963	strict
1427	4479	equal
1427	10043	strict
1428	4480	equal
1429	4481	equal
1429	4712	strict
1429	9553	strict
1429	10039	strict
1429	10041	strict
1429	10043	strict
1430	4482	equal
1430	10043	strict
1431	4489	equal
1432	4490	equal
1433	4491	equal
1433	9665	strict
1434	4492	equal
1434	9670	strict
1435	4493	equal
1436	4494	equal
1437	4495	equal
1437	12174	strict
1438	4496	equal
1438	12197	strict
1439	4497	equal
1439	4980	strict
1440	4498	equal
1440	4981	strict
1441	4499	equal
1441	16283	strict
1442	4500	equal
1443	4501	equal
1443	9716	strict
1444	4502	equal
1445	4503	equal
1446	4504	equal
1446	10205	strict
1447	4505	equal
1448	4506	equal
1448	9729	strict
1449	4507	equal
1450	4508	equal
1451	4509	equal
1451	4527	strict
1451	4645	strict
1451	8936	strict
1451	8937	strict
1451	9794	strict
1451	9827	strict
1451	9828	strict
1451	9829	strict
1451	12616	strict
1451	12617	strict
1451	12620	strict
1451	15488	strict
1451	15649	strict
1451	15653	strict
1451	15654	strict
1451	15657	strict
1452	4510	equal
1452	4528	strict
1452	4646	strict
1452	4647	strict
1452	5017	strict
1452	8938	strict
1452	8939	strict
1452	9797	strict
1452	9830	strict
1452	9831	strict
1452	9832	strict
1452	9928	strict
1452	10174	strict
1452	10256	strict
1452	10262	strict
1452	10263	strict
1452	10266	strict
1453	4511	equal
1453	4529	strict
1453	4530	strict
1453	4537	strict
1453	4541	strict
1453	4550	strict
1453	4649	strict
1453	9771	strict
1453	9795	strict
1453	12626	strict
1453	12627	strict
1453	12630	strict
1453	12838	strict
1453	12855	strict
1453	12864	strict
1453	12866	strict
1453	12868	strict
1454	4512	equal
1454	4531	strict
1454	4532	strict
1454	4538	strict
1454	4542	strict
1454	4552	strict
1454	4650	strict
1454	4651	strict
1454	4704	strict
1454	5021	strict
1454	9772	strict
1454	9798	strict
1454	9931	strict
1454	10010	strict
1454	10012	strict
1454	10014	strict
1454	10016	strict
1455	4513	equal
1455	4514	strict
1455	4688	strict
1455	8980	strict
1455	8990	strict
1455	9761	strict
1455	15516	strict
1455	15522	strict
1455	15537	strict
1455	15569	strict
1455	15571	strict
1455	15587	strict
1455	15595	strict
1455	15597	strict
1455	15599	strict
1455	15676	strict
1456	4514	equal
1456	15587	strict
1456	15599	strict
1457	4515	equal
1457	4516	strict
1457	4690	strict
1457	8981	strict
1457	8982	strict
1457	9762	strict
1457	15518	strict
1457	15524	strict
1457	15526	strict
1457	15530	strict
1457	15538	strict
1457	15553	strict
1457	15561	strict
1457	15563	strict
1457	15565	strict
1457	15677	strict
1458	4516	equal
1458	15553	strict
1458	15565	strict
1459	4517	equal
1459	4518	strict
1459	4529	strict
1459	4533	strict
1459	4543	strict
1459	4547	strict
1459	4698	strict
1459	9763	strict
1459	9771	strict
1459	12838	strict
1459	12840	strict
1459	12856	strict
1459	12864	strict
1459	12866	strict
1459	12868	strict
1459	15679	strict
1460	4518	equal
1460	12856	strict
1460	12868	strict
1461	4519	equal
1461	4520	strict
1461	4656	strict
1461	4710	strict
1461	4761	strict
1461	5024	strict
1461	5028	strict
1461	9764	strict
1461	9936	strict
1461	10175	strict
1461	10177	strict
1461	10198	strict
1461	10201	strict
1461	10203	strict
1461	10205	strict
1461	15686	strict
1462	4520	equal
1462	10198	strict
1462	10205	strict
1463	4521	equal
1463	4522	strict
1463	4658	strict
1463	4712	strict
1463	4714	strict
1463	4746	strict
1463	4762	strict
1463	5026	strict
1463	5029	strict
1463	5066	strict
1463	9765	strict
1463	9937	strict
1463	10038	strict
1463	10039	strict
1463	10041	strict
1463	10043	strict
1464	4522	equal
1464	10038	strict
1464	10043	strict
1465	4523	equal
1465	4524	strict
1465	4531	strict
1465	4534	strict
1465	4545	strict
1465	4548	strict
1465	4704	strict
1465	4706	strict
1465	4766	strict
1465	5048	strict
1465	9766	strict
1465	9772	strict
1465	10011	strict
1465	10012	strict
1465	10014	strict
1465	10016	strict
1466	4524	equal
1466	10011	strict
1466	10016	strict
1467	4525	equal
1467	12868	strict
1468	4526	equal
1468	10016	strict
1469	4527	equal
1470	4528	equal
1471	4529	equal
1471	9771	strict
1471	12838	strict
1471	12864	strict
1471	12866	strict
1471	12868	strict
1472	4530	equal
1472	12868	strict
1473	4531	equal
1473	4704	strict
1473	9772	strict
1473	10012	strict
1473	10014	strict
1473	10016	strict
1474	4532	equal
1474	10016	strict
1475	4533	equal
1476	4534	equal
1477	4535	equal
1477	13305	strict
1478	4536	equal
1478	4765	strict
1479	4537	equal
1480	4538	equal
1481	4539	equal
1481	9792	strict
1482	4540	equal
1482	9793	strict
1483	4541	equal
1483	9795	strict
1484	4542	equal
1484	9798	strict
1485	4543	equal
1486	4544	equal
1487	4545	equal
1488	4546	equal
1489	4547	equal
1489	15679	strict
1490	4548	equal
1490	4766	strict
1491	4549	equal
1491	15657	strict
1492	4550	equal
1493	4551	equal
1493	10266	strict
1494	4552	equal
1495	4553	equal
1495	12565	strict
1496	4554	equal
1496	4559	strict
1496	4582	strict
1496	4784	strict
1496	4795	strict
1496	5625	strict
1496	5628	strict
1496	8965	strict
1496	9016	strict
1496	11176	strict
1496	11178	strict
1496	11179	strict
1496	11186	strict
1496	11195	strict
1496	11455	strict
1496	12581	strict
1497	4555	equal
1497	4560	strict
1497	4587	strict
1497	4789	strict
1497	4790	strict
1497	5626	strict
1497	5630	strict
1497	5768	strict
1497	6040	strict
1497	6042	strict
1497	8967	strict
1497	9040	strict
1497	11457	strict
1497	11458	strict
1497	11479	strict
1497	12582	strict
1498	4556	equal
1498	4557	strict
1498	4558	strict
1498	4561	strict
1498	4592	strict
1498	4604	strict
1498	4606	strict
1498	4640	strict
1498	5988	strict
1498	5996	strict
1498	8977	strict
1498	9028	strict
1498	11338	strict
1498	11339	strict
1498	11374	strict
1498	12601	strict
1499	4557	equal
1500	4558	equal
1500	12601	strict
1501	4559	equal
1501	9016	strict
1501	11195	strict
1502	4560	equal
1502	9040	strict
1502	11479	strict
1503	4561	equal
1503	9028	strict
1503	11374	strict
1504	4564	equal
1505	4565	equal
1506	4570	equal
1506	4822	strict
1507	4571	equal
1507	4908	strict
1508	4572	equal
1508	4573	strict
1508	4574	strict
1508	4575	strict
1508	4576	strict
1508	4618	strict
1508	4621	strict
1508	4642	strict
1508	4811	strict
1508	4812	strict
1508	4813	strict
1508	4819	strict
1508	4820	strict
1508	4821	strict
1508	4822	strict
1508	4823	strict
1508	5000	strict
1509	4573	equal
1509	4575	strict
1509	4819	strict
1509	4820	strict
1509	4821	strict
1509	4822	strict
1510	4574	equal
1510	4822	strict
1511	4576	equal
1512	4577	equal
1512	4593	strict
1512	4597	strict
1512	4598	strict
1512	4599	strict
1512	4626	strict
1512	4628	strict
1512	4641	strict
1512	4848	strict
1512	4849	strict
1512	4850	strict
1512	4899	strict
1512	4905	strict
1512	4906	strict
1512	4907	strict
1512	4908	strict
1512	5005	strict
1513	4578	equal
1513	4579	strict
1513	4581	strict
1513	4761	strict
1513	4862	strict
1513	4864	strict
1513	4865	strict
1513	4869	strict
1513	4871	strict
1513	4872	strict
1513	4873	strict
1513	4874	strict
1513	4876	strict
1513	4964	strict
1513	5008	strict
1513	11466	strict
1514	4579	equal
1514	4862	strict
1514	4874	strict
1515	4583	equal
1515	4584	strict
1515	4586	strict
1515	4762	strict
1515	4878	strict
1515	4880	strict
1515	4881	strict
1515	4883	strict
1515	4888	strict
1515	4890	strict
1515	4891	strict
1515	4892	strict
1515	4893	strict
1515	4965	strict
1515	4972	strict
1515	5011	strict
1516	4584	equal
1516	4878	strict
1516	4893	strict
1517	4588	equal
1517	4589	strict
1517	4591	strict
1517	4594	strict
1517	4597	strict
1517	4599	strict
1517	4632	strict
1517	4638	strict
1517	4764	strict
1517	4898	strict
1517	4903	strict
1517	4905	strict
1517	4906	strict
1517	4907	strict
1517	4908	strict
1517	5014	strict
1518	4589	equal
1518	4898	strict
1518	4908	strict
1519	4593	equal
1520	4594	equal
1521	4595	equal
1522	4597	equal
1522	4599	strict
1522	4905	strict
1522	4906	strict
1522	4907	strict
1522	4908	strict
1523	4598	equal
1523	4908	strict
1524	4600	equal
1524	4608	strict
1524	4613	strict
1524	4616	strict
1524	4618	strict
1524	4619	strict
1524	4622	strict
1524	4631	strict
1524	5985	strict
1524	5989	strict
1524	5992	strict
1524	8970	strict
1524	9024	strict
1524	11332	strict
1524	11334	strict
1524	11349	strict
1524	11359	strict
1525	4601	equal
1525	4602	strict
1525	4603	strict
1525	4605	strict
1525	4606	strict
1525	4612	strict
1525	4624	strict
1525	4640	strict
1525	5986	strict
1525	5988	strict
1525	5996	strict
1525	8971	strict
1525	9029	strict
1525	11333	strict
1525	11335	strict
1525	11339	strict
1525	11374	strict
1526	4602	equal
1527	4603	equal
1527	4624	strict
1528	4604	equal
1529	4605	equal
1530	4606	equal
1530	4640	strict
1530	5988	strict
1530	5996	strict
1530	11339	strict
1530	11374	strict
1531	4607	equal
1531	4643	strict
1532	4608	equal
1533	4609	equal
1533	11359	strict
1534	4610	equal
1534	11374	strict
1535	4611	equal
1536	4612	equal
1536	11374	strict
1537	4613	equal
1537	4616	strict
1538	4616	equal
1539	4618	equal
1540	4619	equal
1540	4631	strict
1540	5989	strict
1540	5992	strict
1540	11349	strict
1540	11359	strict
1541	4620	equal
1542	4621	equal
1542	4642	strict
1543	4622	equal
1543	11359	strict
1544	4623	equal
1545	4624	equal
1546	4626	equal
1546	4628	strict
1547	4628	equal
1548	4629	equal
1548	4763	strict
1549	4632	equal
1550	4635	equal
1550	4637	strict
1551	4637	equal
1552	4638	equal
1552	4764	strict
1553	4641	equal
1554	4642	equal
1555	4643	equal
1556	4644	equal
1556	10266	strict
1557	4645	equal
1558	4646	equal
1558	9928	strict
1558	10256	strict
1558	10262	strict
1558	10263	strict
1558	10266	strict
1559	4647	equal
1559	10266	strict
1560	4648	equal
1560	10016	strict
1561	4649	equal
1562	4650	equal
1562	4704	strict
1562	9931	strict
1562	10012	strict
1562	10014	strict
1562	10016	strict
1563	4651	equal
1563	10016	strict
1564	4652	equal
1564	10205	strict
1565	4653	equal
1565	10043	strict
1566	4654	equal
1567	4655	equal
1568	4656	equal
1568	9936	strict
1568	10175	strict
1568	10201	strict
1568	10203	strict
1568	10205	strict
1569	4657	equal
1569	10205	strict
1570	4658	equal
1570	4712	strict
1570	9937	strict
1570	10039	strict
1570	10041	strict
1570	10043	strict
1571	4659	equal
1571	10043	strict
1572	4660	equal
1572	4661	strict
1572	4670	strict
1572	4682	strict
1572	4686	strict
1572	4705	strict
1572	4706	strict
1572	4909	strict
1572	4912	strict
1572	4919	strict
1572	9962	strict
1572	9979	strict
1572	9983	strict
1572	10013	strict
1572	10015	strict
1572	10016	strict
1573	4661	equal
1573	9979	strict
1573	10016	strict
1574	4662	equal
1574	4663	strict
1574	4664	strict
1574	4668	strict
1574	4678	strict
1574	4713	strict
1574	4714	strict
1574	4716	strict
1574	4720	strict
1574	4925	strict
1574	9965	strict
1574	9969	strict
1574	9980	strict
1574	10040	strict
1574	10042	strict
1574	10043	strict
1575	4663	equal
1575	9980	strict
1575	10043	strict
1576	4664	equal
1577	4665	equal
1578	4666	equal
1578	4667	strict
1578	4668	strict
1578	4669	strict
1578	4676	strict
1578	4708	strict
1578	4709	strict
1578	4713	strict
1578	4719	strict
1578	4721	strict
1578	9969	strict
1578	9981	strict
1578	10034	strict
1578	10040	strict
1578	10042	strict
1578	10043	strict
1578	10140	strict
1579	4667	equal
1580	4668	equal
1580	4713	strict
1580	9969	strict
1580	10040	strict
1580	10042	strict
1580	10043	strict
1581	4669	equal
1581	10043	strict
1582	4670	equal
1583	4671	equal
1584	4672	equal
1585	4673	equal
1586	4674	equal
1587	4675	equal
1588	4676	equal
1589	4677	equal
1590	4678	equal
1591	4679	equal
1592	4680	equal
1592	4681	strict
1592	4682	strict
1592	4683	strict
1592	4684	strict
1592	4696	strict
1592	4697	strict
1592	4705	strict
1592	4722	strict
1592	4726	strict
1592	9983	strict
1592	9986	strict
1592	10006	strict
1592	10013	strict
1592	10015	strict
1592	10016	strict
1592	10163	strict
1593	4681	equal
1594	4682	equal
1594	4705	strict
1594	9983	strict
1594	10013	strict
1594	10015	strict
1594	10016	strict
1595	4683	equal
1595	10016	strict
1596	4684	equal
1597	4685	equal
1598	4686	equal
1599	4687	equal
1600	4688	equal
1601	4689	equal
1602	4690	equal
1603	4691	equal
1604	4692	equal
1604	4693	strict
1604	4695	strict
1604	4696	strict
1604	4699	strict
1604	4705	strict
1604	4707	strict
1604	4725	strict
1604	4727	strict
1604	4937	strict
1604	10003	strict
1604	10006	strict
1604	10008	strict
1604	10013	strict
1604	10015	strict
1604	10016	strict
1605	4693	equal
1605	10008	strict
1605	10016	strict
1606	4694	equal
1607	4695	equal
1608	4696	equal
1608	4705	strict
1608	10006	strict
1608	10013	strict
1608	10015	strict
1608	10016	strict
1609	4697	equal
1609	10016	strict
1610	4698	equal
1611	4699	equal
1612	4700	equal
1612	4701	strict
1612	4703	strict
1612	4708	strict
1612	4711	strict
1612	4713	strict
1612	4715	strict
1612	4913	strict
1612	4914	strict
1612	4933	strict
1612	10030	strict
1612	10033	strict
1612	10034	strict
1612	10040	strict
1612	10042	strict
1612	10043	strict
1613	4701	equal
1613	10033	strict
1613	10043	strict
1614	4702	equal
1615	4703	equal
1616	4704	equal
1616	10012	strict
1616	10014	strict
1616	10016	strict
1617	4705	equal
1617	10013	strict
1617	10015	strict
1617	10016	strict
1618	4706	equal
1618	10016	strict
1619	4707	equal
1619	10016	strict
1620	4708	equal
1620	4713	strict
1620	10034	strict
1620	10040	strict
1620	10042	strict
1620	10043	strict
1621	4709	equal
1621	10043	strict
1622	4710	equal
1623	4711	equal
1624	4712	equal
1624	10039	strict
1624	10041	strict
1624	10043	strict
1625	4713	equal
1625	10040	strict
1625	10042	strict
1625	10043	strict
1626	4714	equal
1626	10043	strict
1627	4715	equal
1627	10043	strict
1628	4716	equal
1628	4925	strict
1629	4717	equal
1629	10129	strict
1630	4718	equal
1630	4936	strict
1631	4719	equal
1631	10140	strict
1632	4720	equal
1633	4721	equal
1634	4722	equal
1634	10163	strict
1635	4723	equal
1635	4927	strict
1636	4724	equal
1636	10218	strict
1637	4725	equal
1637	4937	strict
1638	4726	equal
1639	4727	equal
1640	4728	equal
1640	4729	strict
1640	4732	strict
1640	4744	strict
1640	4745	strict
1640	8954	strict
1640	8956	strict
1640	10130	strict
1640	10131	strict
1640	10133	strict
1640	10136	strict
1640	10150	strict
1640	10176	strict
1640	10199	strict
1640	10202	strict
1640	10204	strict
1640	10205	strict
1641	4729	equal
1642	4730	equal
1642	4731	strict
1642	4734	strict
1642	4748	strict
1642	4751	strict
1642	4940	strict
1642	4945	strict
1642	10142	strict
1642	10151	strict
1642	10258	strict
1642	10259	strict
1642	10260	strict
1642	10264	strict
1642	10265	strict
1642	10266	strict
1642	14929	strict
1643	4731	equal
1643	10151	strict
1643	10266	strict
1644	4732	equal
1645	4733	equal
1646	4734	equal
1647	4735	equal
1648	4736	equal
1648	4737	strict
1648	4739	strict
1648	4744	strict
1648	4747	strict
1648	4943	strict
1648	4944	strict
1648	10176	strict
1648	10178	strict
1648	10193	strict
1648	10196	strict
1648	10199	strict
1648	10202	strict
1648	10204	strict
1648	10205	strict
1648	16114	strict
1649	4737	equal
1649	10196	strict
1649	10205	strict
1650	4738	equal
1651	4739	equal
1652	4740	equal
1652	4741	strict
1652	4742	strict
1652	4748	strict
1652	4749	strict
1652	8961	strict
1652	8963	strict
1652	10244	strict
1652	10245	strict
1652	10247	strict
1652	10250	strict
1652	10255	strict
1652	10259	strict
1652	10260	strict
1652	10264	strict
1652	10265	strict
1652	10266	strict
1653	4741	equal
1654	4742	equal
1655	4743	equal
1656	4744	equal
1656	10176	strict
1656	10199	strict
1656	10202	strict
1656	10204	strict
1656	10205	strict
1657	4745	equal
1657	10205	strict
1658	4746	equal
1659	4747	equal
1660	4748	equal
1660	10259	strict
1660	10260	strict
1660	10264	strict
1660	10265	strict
1660	10266	strict
1661	4749	equal
1661	10266	strict
1662	4750	equal
1663	4751	equal
1664	4761	equal
1665	4762	equal
1666	4763	equal
1667	4764	equal
1668	4765	equal
1669	4766	equal
1670	4773	equal
1670	4897	strict
1671	4774	equal
1671	4775	strict
1672	4775	equal
1673	4776	equal
1673	4862	strict
1674	4777	equal
1674	4878	strict
1675	4778	equal
1675	4898	strict
1676	4779	equal
1676	4781	strict
1677	4781	equal
1678	4782	equal
1678	4783	strict
1679	4783	equal
1680	4784	equal
1680	4795	strict
1681	4786	equal
1681	4787	strict
1682	4787	equal
1683	4788	equal
1684	4789	equal
1684	4790	strict
1685	4790	equal
1686	4791	equal
1686	4793	strict
1687	4793	equal
1688	4794	equal
1689	4795	equal
1690	4796	equal
1690	4798	strict
1691	4798	equal
1692	4799	equal
1692	4801	strict
1692	4814	strict
1692	4816	strict
1692	4818	strict
1692	4822	strict
1693	4800	equal
1693	4822	strict
1694	4802	equal
1694	4804	strict
1694	4900	strict
1694	4902	strict
1694	4904	strict
1694	4908	strict
1695	4803	equal
1695	4908	strict
1696	4805	equal
1696	4896	strict
1697	4806	equal
1697	4808	strict
1698	4808	equal
1699	4809	equal
1699	4810	strict
1700	4810	equal
1701	4811	equal
1701	4822	strict
1702	4812	equal
1702	4813	strict
1702	4819	strict
1702	4820	strict
1702	4821	strict
1702	4822	strict
1703	4814	equal
1703	4816	strict
1703	4818	strict
1703	4822	strict
1704	4815	equal
1704	4822	strict
1705	4817	equal
1705	4822	strict
1706	4819	equal
1706	4820	strict
1706	4821	strict
1706	4822	strict
1707	4823	equal
1708	4824	equal
1709	4825	equal
1710	4826	equal
1711	4828	equal
1711	4829	strict
1712	4829	equal
1713	4830	equal
1713	4854	strict
1714	4831	equal
1714	4855	strict
1715	4832	equal
1715	4894	strict
1716	4833	equal
1716	4842	strict
1717	4834	equal
1717	4835	strict
1718	4835	equal
1719	4836	equal
1719	4843	strict
1720	4838	equal
1720	4839	strict
1721	4839	equal
1722	4841	equal
1723	4842	equal
1724	4843	equal
1725	4844	equal
1726	4845	equal
1726	4847	strict
1727	4847	equal
1728	4848	equal
1728	4908	strict
1729	4849	equal
1729	4850	strict
1729	4905	strict
1729	4906	strict
1729	4907	strict
1729	4908	strict
1730	4851	equal
1731	4852	equal
1732	4854	equal
1733	4855	equal
1734	4856	equal
1734	4858	strict
1734	4866	strict
1734	4868	strict
1734	4870	strict
1734	4874	strict
1735	4857	equal
1735	4874	strict
1736	4859	equal
1736	4861	strict
1736	4885	strict
1736	4887	strict
1736	4889	strict
1736	4893	strict
1737	4860	equal
1737	4893	strict
1738	4862	equal
1739	4863	equal
1739	4874	strict
1740	4864	equal
1740	4865	strict
1740	4871	strict
1740	4872	strict
1740	4873	strict
1740	4874	strict
1741	4866	equal
1741	4868	strict
1741	4870	strict
1741	4874	strict
1742	4867	equal
1742	4874	strict
1743	4869	equal
1743	4874	strict
1744	4871	equal
1744	4872	strict
1744	4873	strict
1744	4874	strict
1745	4875	equal
1746	4876	equal
1747	4878	equal
1748	4879	equal
1748	4893	strict
1749	4880	equal
1749	4881	strict
1749	4890	strict
1749	4891	strict
1749	4892	strict
1749	4893	strict
1750	4882	equal
1751	4883	equal
1752	4885	equal
1752	4887	strict
1752	4889	strict
1752	4893	strict
1753	4886	equal
1753	4893	strict
1754	4888	equal
1754	4893	strict
1755	4890	equal
1755	4891	strict
1755	4892	strict
1755	4893	strict
1756	4894	equal
1757	4895	equal
1758	4896	equal
1759	4897	equal
1760	4898	equal
1761	4899	equal
1762	4900	equal
1762	4902	strict
1762	4904	strict
1762	4908	strict
1763	4901	equal
1763	4908	strict
1764	4903	equal
1764	4908	strict
1765	4905	equal
1765	4906	strict
1765	4907	strict
1765	4908	strict
1766	4909	equal
1766	4919	strict
1767	4910	equal
1767	4923	strict
1768	4911	equal
1768	4930	strict
1769	4912	equal
1770	4913	equal
1770	4933	strict
1771	4914	equal
1772	4916	equal
1772	14805	strict
1773	4917	equal
1773	14832	strict
1774	4918	equal
1774	14889	strict
1775	4919	equal
1776	4920	equal
1776	15214	strict
1777	4921	equal
1777	15223	strict
1778	4922	equal
1778	15241	strict
1779	4923	equal
1780	4924	equal
1780	15312	strict
1781	4925	equal
1782	4926	equal
1782	15503	strict
1783	4927	equal
1784	4928	equal
1784	15889	strict
1785	4929	equal
1785	15941	strict
1786	4930	equal
1787	4931	equal
1787	16105	strict
1788	4932	equal
1788	16124	strict
1789	4933	equal
1790	4934	equal
1791	4935	equal
1792	4936	equal
1793	4937	equal
1794	4938	equal
1795	4939	equal
1796	4940	equal
1796	14929	strict
1797	4941	equal
1797	15231	strict
1798	4942	equal
1798	15973	strict
1799	4943	equal
1799	16114	strict
1800	4944	equal
1801	4945	equal
1802	4946	equal
1803	4947	equal
1804	4949	equal
1805	4950	equal
1806	4952	equal
1807	4953	equal
1808	4954	equal
1809	4955	equal
1810	4956	equal
1811	4958	equal
1812	4959	equal
1813	4960	equal
1814	4961	equal
1815	4962	equal
1816	4964	equal
1816	11466	strict
1817	4965	equal
1817	4972	strict
1818	4966	equal
1819	4967	equal
1820	4969	equal
1821	4970	equal
1822	4972	equal
1823	4973	equal
1823	11357	strict
1824	4974	equal
1824	11373	strict
1825	4975	equal
1825	11469	strict
1826	4976	equal
1827	4977	equal
1828	4978	equal
1829	4979	equal
1830	4980	equal
1831	4981	equal
1832	4982	equal
1832	12123	strict
1833	4983	equal
1833	12158	strict
1834	4984	equal
1834	4986	strict
1835	4985	equal
1835	4987	strict
1836	4986	equal
1837	4987	equal
1838	4988	equal
1838	12103	strict
1839	4989	equal
1839	12113	strict
1840	4990	equal
1840	12124	strict
1841	4991	equal
1841	12159	strict
1842	4992	equal
1842	12175	strict
1843	4993	equal
1843	12198	strict
1844	4994	equal
1845	4995	equal
1846	4996	equal
1847	4997	equal
1848	4998	equal
1849	4999	equal
1850	5000	equal
1851	5001	equal
1852	5002	equal
1853	5004	equal
1854	5005	equal
1855	5006	equal
1856	5007	equal
1857	5008	equal
1858	5010	equal
1859	5011	equal
1860	5013	equal
1861	5014	equal
1862	5016	equal
1862	15657	strict
1863	5017	equal
1864	5018	equal
1865	5019	equal
1866	5020	equal
1866	12868	strict
1867	5021	equal
1868	5022	equal
1869	5023	equal
1870	5024	equal
1871	5025	equal
1872	5026	equal
1873	5027	equal
1874	5028	equal
1874	15686	strict
1875	5029	equal
1875	5066	strict
1876	5030	equal
1876	16283	strict
1877	5031	equal
1878	5032	equal
1878	12963	strict
1879	5033	equal
1880	5034	equal
1880	5035	strict
1880	5038	strict
1880	5046	strict
1880	5047	strict
1880	5067	strict
1880	5073	strict
1880	12816	strict
1880	12817	strict
1880	12819	strict
1880	12836	strict
1880	12839	strict
1880	12862	strict
1880	12865	strict
1880	12867	strict
1880	12868	strict
1880	15280	strict
1881	5035	equal
1882	5036	equal
1882	5037	strict
1882	5040	strict
1882	5054	strict
1882	5057	strict
1882	5068	strict
1882	5077	strict
1882	12826	strict
1882	12837	strict
1882	12955	strict
1882	12956	strict
1882	12957	strict
1882	12961	strict
1882	12962	strict
1882	12963	strict
1882	15386	strict
1883	5037	equal
1883	12837	strict
1883	12963	strict
1884	5038	equal
1885	5039	equal
1886	5040	equal
1887	5041	equal
1888	5042	equal
1888	5043	strict
1888	5045	strict
1888	5046	strict
1888	5049	strict
1888	5072	strict
1888	5074	strict
1888	12839	strict
1888	12841	strict
1888	12858	strict
1888	12861	strict
1888	12862	strict
1888	12865	strict
1888	12867	strict
1888	12868	strict
1888	15788	strict
1889	5043	equal
1889	12861	strict
1889	12868	strict
1890	5044	equal
1891	5045	equal
1892	5046	equal
1892	12839	strict
1892	12862	strict
1892	12865	strict
1892	12867	strict
1892	12868	strict
1893	5047	equal
1893	12868	strict
1894	5048	equal
1895	5049	equal
1896	5050	equal
1896	5051	strict
1896	5052	strict
1896	5054	strict
1896	5055	strict
1896	5076	strict
1896	5078	strict
1896	12940	strict
1896	12941	strict
1896	12943	strict
1896	12952	strict
1896	12956	strict
1896	12957	strict
1896	12961	strict
1896	12962	strict
1896	12963	strict
1896	16403	strict
1897	5051	equal
1898	5052	equal
1899	5053	equal
1900	5054	equal
1900	12956	strict
1900	12957	strict
1900	12961	strict
1900	12962	strict
1900	12963	strict
1901	5055	equal
1901	12963	strict
1902	5056	equal
1903	5057	equal
1904	5058	equal
1905	5059	equal
1906	5060	equal
1907	5061	equal
1908	5063	equal
1909	5064	equal
1910	5066	equal
1911	5067	equal
1911	15280	strict
1912	5068	equal
1912	15386	strict
1913	5069	equal
1913	15491	strict
1914	5070	equal
1914	15514	strict
1915	5071	equal
1915	15617	strict
1916	5072	equal
1916	15788	strict
1917	5073	equal
1918	5074	equal
1919	5075	equal
1919	16357	strict
1920	5076	equal
1920	16403	strict
1921	5077	equal
1922	5078	equal
1923	5079	equal
1923	13309	strict
1924	5080	equal
1924	5081	strict
1924	5083	strict
1924	9284	strict
1924	9286	strict
1924	15520	strict
1924	15523	strict
1924	15525	strict
1924	15527	strict
1924	15555	strict
1924	15558	strict
1924	15559	strict
1924	15562	strict
1924	15564	strict
1924	15565	strict
1924	15784	strict
1925	5081	equal
1925	15558	strict
1925	15565	strict
1926	5082	equal
1927	5083	equal
1928	5084	equal
1928	5085	strict
1928	5087	strict
1928	9287	strict
1928	9309	strict
1928	15528	strict
1928	15531	strict
1928	15570	strict
1928	15572	strict
1928	15589	strict
1928	15592	strict
1928	15593	strict
1928	15596	strict
1928	15598	strict
1928	15599	strict
1928	15789	strict
1929	5085	equal
1929	15592	strict
1929	15599	strict
1930	5086	equal
1931	5087	equal
1932	5088	equal
1932	5089	strict
1932	5090	strict
1932	9275	strict
1932	9277	strict
1932	15532	strict
1932	15533	strict
1932	15639	strict
1932	15640	strict
1932	15644	strict
1932	15645	strict
1932	15647	strict
1932	15652	strict
1932	15655	strict
1932	15656	strict
1932	15657	strict
1932	15660	strict
1933	5089	equal
1934	5090	equal
1935	5091	equal
1936	5092	equal
1936	15687	strict
1937	5093	equal
1937	15691	strict
1938	5094	equal
1938	5095	strict
1938	5097	strict
1938	9297	strict
1938	9332	strict
1938	16160	strict
1938	16162	strict
1938	16165	strict
1938	16166	strict
1938	16168	strict
1938	16171	strict
1938	16172	strict
1938	16176	strict
1938	16177	strict
1938	16178	strict
1938	16181	strict
1939	5095	equal
1939	16171	strict
1939	16178	strict
1940	5096	equal
1941	5097	equal
1942	5098	equal
1942	5099	strict
1942	5100	strict
1942	9310	strict
1942	9331	strict
1942	16224	strict
1942	16225	strict
1942	16265	strict
1942	16266	strict
1942	16270	strict
1942	16271	strict
1942	16273	strict
1942	16278	strict
1942	16281	strict
1942	16282	strict
1942	16283	strict
1942	16307	strict
1943	5099	equal
1944	5100	equal
1945	5101	equal
1946	5102	equal
1946	5103	strict
1946	5105	strict
1946	9316	strict
1946	9333	strict
1946	16420	strict
1946	16422	strict
1946	16425	strict
1946	16426	strict
1946	16428	strict
1946	16431	strict
1946	16432	strict
1946	16436	strict
1946	16437	strict
1946	16438	strict
1946	16441	strict
1947	5103	equal
1947	16431	strict
1947	16438	strict
1948	5104	equal
1949	5105	equal
1950	5137	equal
1950	5175	strict
1950	5177	strict
1950	9373	strict
1950	9374	strict
1950	10906	strict
1951	5139	equal
1951	5279	strict
1951	5281	strict
1951	9377	strict
1951	9378	strict
1951	9414	strict
1951	9782	strict
1952	5140	equal
1952	5179	strict
1952	5180	strict
1952	6055	strict
1952	9371	strict
1952	9372	strict
1953	5141	equal
1953	5181	strict
1953	5183	strict
1953	5280	strict
1953	5282	strict
1953	9412	strict
1953	9783	strict
1954	5142	equal
1954	5143	strict
1954	5146	strict
1954	5150	strict
1954	5157	strict
1954	5159	strict
1954	5173	strict
1954	5177	strict
1954	5519	strict
1954	5563	strict
1954	5586	strict
1954	5587	strict
1954	5590	strict
1954	5592	strict
1954	5593	strict
1955	5143	equal
1955	5173	strict
1955	5177	strict
1955	5563	strict
1955	5593	strict
1956	5150	equal
1957	5151	equal
1958	5154	equal
1958	5593	strict
1959	5155	equal
1959	5611	strict
1960	5156	equal
1960	5157	strict
1960	5158	strict
1960	5159	strict
1960	5160	strict
1960	5518	strict
1960	5582	strict
1960	5583	strict
1960	5584	strict
1960	5586	strict
1960	5590	strict
1960	5592	strict
1960	5593	strict
1960	6151	strict
1960	9383	strict
1960	9384	strict
1960	9413	strict
1961	5157	equal
1961	5159	strict
1961	5586	strict
1961	5590	strict
1961	5592	strict
1961	5593	strict
1962	5158	equal
1962	5593	strict
1963	5160	equal
1964	5161	equal
1964	5165	strict
1964	5169	strict
1964	5170	strict
1964	5171	strict
1964	5178	strict
1964	5183	strict
1964	5523	strict
1964	5597	strict
1964	5598	strict
1964	5599	strict
1964	5605	strict
1964	5608	strict
1964	5610	strict
1964	5611	strict
1964	6153	strict
1964	9410	strict
1965	5162	equal
1965	5163	strict
1965	5164	strict
1965	5166	strict
1965	5169	strict
1965	5171	strict
1965	5180	strict
1965	5182	strict
1965	5525	strict
1965	5605	strict
1965	5606	strict
1965	5608	strict
1965	5610	strict
1965	5611	strict
1965	6056	strict
1965	6147	strict
1966	5163	equal
1966	5611	strict
1966	6147	strict
1967	5165	equal
1968	5166	equal
1969	5167	equal
1970	5169	equal
1970	5171	strict
1970	5605	strict
1970	5608	strict
1970	5610	strict
1970	5611	strict
1971	5170	equal
1971	5611	strict
1972	5177	equal
1973	5178	equal
1973	9410	strict
1974	5179	equal
1974	6055	strict
1975	5180	equal
1976	5181	equal
1976	9412	strict
1977	5182	equal
1977	6056	strict
1978	5183	equal
1979	5212	equal
1979	5213	strict
1979	5214	strict
1979	5530	strict
1979	5711	strict
1979	5713	strict
1979	5720	strict
1979	5722	strict
1979	5723	strict
1979	5724	strict
1979	5725	strict
1979	5727	strict
1979	6043	strict
1979	6049	strict
1979	6239	strict
1979	11641	strict
1980	5213	equal
1980	5725	strict
1980	6239	strict
1981	5217	equal
1981	5218	strict
1981	5219	strict
1981	5533	strict
1981	5714	strict
1981	5716	strict
1981	5729	strict
1981	5734	strict
1981	5735	strict
1981	5737	strict
1981	5739	strict
1981	5740	strict
1981	6044	strict
1981	6047	strict
1981	6050	strict
1981	6241	strict
1982	5218	equal
1982	5740	strict
1982	6241	strict
1983	5238	equal
1983	5286	strict
1983	5290	strict
1983	9638	strict
1983	9640	strict
1983	10145	strict
1984	5239	equal
1984	5287	strict
1984	5291	strict
1984	6578	strict
1984	9642	strict
1984	9644	strict
1985	5244	equal
1985	5250	strict
1985	9752	strict
1985	9970	strict
1985	10680	strict
1985	10684	strict
1985	10696	strict
1985	10698	strict
1985	10700	strict
1985	10704	strict
1985	10719	strict
1985	10721	strict
1985	10723	strict
1985	14475	strict
1985	14632	strict
1985	14675	strict
1986	5245	equal
1986	5251	strict
1986	9753	strict
1986	9971	strict
1986	10681	strict
1986	10682	strict
1986	10683	strict
1986	10694	strict
1986	10701	strict
1986	10703	strict
1986	10739	strict
1986	10741	strict
1986	10743	strict
1986	14476	strict
1986	14633	strict
1986	14635	strict
1987	5246	equal
1987	5252	strict
1987	5256	strict
1987	5264	strict
1987	5286	strict
1987	5288	strict
1987	5292	strict
1987	9754	strict
1987	9972	strict
1987	10835	strict
1987	10841	strict
1987	10854	strict
1987	10874	strict
1987	10876	strict
1987	10879	strict
1987	14478	strict
1988	5247	equal
1988	5253	strict
1988	5294	strict
1988	5446	strict
1988	6171	strict
1988	6173	strict
1988	6177	strict
1988	9755	strict
1988	9978	strict
1988	13152	strict
1988	13158	strict
1988	13166	strict
1988	13180	strict
1988	13182	strict
1988	13185	strict
1988	14509	strict
1989	5248	equal
1989	5254	strict
1989	5295	strict
1989	5298	strict
1989	5447	strict
1989	6172	strict
1989	6174	strict
1989	6178	strict
1989	6299	strict
1989	6579	strict
1989	6584	strict
1989	9756	strict
1989	14543	strict
1989	15707	strict
1989	15709	strict
1989	15711	strict
1990	5249	equal
1990	5255	strict
1990	5257	strict
1990	5265	strict
1990	5287	strict
1990	5289	strict
1990	5293	strict
1990	5508	strict
1990	6179	strict
1990	6580	strict
1990	6585	strict
1990	9757	strict
1990	14550	strict
1990	15734	strict
1990	15736	strict
1990	15738	strict
1991	5256	equal
1991	9972	strict
1992	5257	equal
1992	6179	strict
1993	5259	equal
1993	5273	strict
1993	5275	strict
1993	5276	strict
1993	9784	strict
1993	9786	strict
1993	9794	strict
1993	9817	strict
1993	10642	strict
1993	10644	strict
1993	10648	strict
1993	10762	strict
1993	10764	strict
1993	10768	strict
1993	10773	strict
1993	10782	strict
1993	13055	strict
1994	5260	equal
1994	5274	strict
1994	5277	strict
1994	5278	strict
1994	5451	strict
1994	6258	strict
1994	6476	strict
1994	6478	strict
1994	9787	strict
1994	9789	strict
1994	9797	strict
1994	9818	strict
1994	13059	strict
1994	13063	strict
1994	13313	strict
1994	13318	strict
1994	13328	strict
1995	5261	equal
1995	5271	strict
1995	5281	strict
1995	5283	strict
1995	5288	strict
1995	5292	strict
1995	9796	strict
1995	9819	strict
1995	10643	strict
1995	10645	strict
1995	10651	strict
1995	10835	strict
1995	10854	strict
1995	10874	strict
1995	10876	strict
1995	10878	strict
1995	13056	strict
1996	5262	equal
1996	5272	strict
1996	5282	strict
1996	5284	strict
1996	5289	strict
1996	5293	strict
1996	5452	strict
1996	6259	strict
1996	6580	strict
1996	6585	strict
1996	9799	strict
1996	9820	strict
1996	13060	strict
1996	13066	strict
1996	15733	strict
1996	15734	strict
1996	15736	strict
1997	5264	equal
1998	5265	equal
1999	5271	equal
2000	5272	equal
2001	5273	equal
2001	5276	strict
2001	10762	strict
2001	10764	strict
2001	10768	strict
2001	10782	strict
2002	5274	equal
2002	5278	strict
2002	6476	strict
2002	6478	strict
2002	13313	strict
2002	13328	strict
2003	5275	equal
2003	10782	strict
2004	5277	equal
2004	13328	strict
2005	5279	equal
2005	9782	strict
2006	5280	equal
2006	9783	strict
2007	5281	equal
2008	5282	equal
2009	5283	equal
2009	9796	strict
2010	5284	equal
2010	9799	strict
2011	5286	equal
2012	5287	equal
2013	5288	equal
2013	5292	strict
2013	10835	strict
2013	10854	strict
2013	10874	strict
2013	10876	strict
2014	5289	equal
2014	5293	strict
2014	6580	strict
2014	6585	strict
2014	15734	strict
2014	15736	strict
2015	5290	equal
2015	10145	strict
2016	5291	equal
2016	6578	strict
2017	5294	equal
2017	9978	strict
2018	5295	equal
2018	5298	strict
2019	5296	equal
2019	9979	strict
2020	5297	equal
2020	9980	strict
2021	5298	equal
2022	5299	equal
2022	10151	strict
2023	5322	equal
2023	5432	strict
2023	5434	strict
2023	10280	strict
2023	10281	strict
2023	11875	strict
2024	5327	equal
2024	5433	strict
2024	5436	strict
2024	6053	strict
2024	10297	strict
2024	10298	strict
2025	5329	equal
2025	5625	strict
2025	5627	strict
2025	5628	strict
2025	10367	strict
2025	10513	strict
2025	10515	strict
2025	10519	strict
2025	10596	strict
2025	10602	strict
2025	10606	strict
2025	11176	strict
2025	11179	strict
2025	11184	strict
2025	11186	strict
2025	11195	strict
2025	12667	strict
2026	5330	equal
2026	5333	strict
2026	5409	strict
2026	5439	strict
2026	5440	strict
2026	5626	strict
2026	5629	strict
2026	5630	strict
2026	6040	strict
2026	6042	strict
2026	10369	strict
2026	10600	strict
2026	10623	strict
2026	11458	strict
2026	11463	strict
2026	11479	strict
2026	12668	strict
2027	5331	equal
2027	5623	strict
2027	6173	strict
2027	6177	strict
2027	10368	strict
2027	10514	strict
2027	10516	strict
2027	10522	strict
2027	10597	strict
2027	10603	strict
2027	10608	strict
2027	12669	strict
2027	13152	strict
2027	13166	strict
2027	13180	strict
2027	13182	strict
2027	13184	strict
2028	5332	equal
2028	5334	strict
2028	5410	strict
2028	5442	strict
2028	5443	strict
2028	5624	strict
2028	6174	strict
2028	6178	strict
2028	6579	strict
2028	6584	strict
2028	10370	strict
2028	10601	strict
2028	10632	strict
2028	12670	strict
2028	15706	strict
2028	15707	strict
2028	15709	strict
2029	5333	equal
2029	10369	strict
2030	5334	equal
2030	10370	strict
2031	5383	equal
2031	5384	strict
2031	5385	strict
2031	5393	strict
2031	5394	strict
2031	5689	strict
2031	5700	strict
2031	5701	strict
2031	5709	strict
2031	5718	strict
2031	5722	strict
2031	5723	strict
2031	5724	strict
2031	5725	strict
2031	6251	strict
2032	5384	equal
2032	5385	strict
2032	5394	strict
2032	5709	strict
2032	5725	strict
2033	5389	equal
2033	5391	strict
2033	5394	strict
2033	11087	strict
2033	11088	strict
2033	13029	strict
2034	5394	equal
2035	5402	equal
2035	5985	strict
2035	5989	strict
2035	5991	strict
2035	5992	strict
2035	5993	strict
2035	10468	strict
2035	10487	strict
2035	11334	strict
2035	11343	strict
2035	11349	strict
2035	11359	strict
2035	11939	strict
2035	11948	strict
2035	12148	strict
2035	14536	strict
2036	5403	equal
2036	5986	strict
2036	5987	strict
2036	5988	strict
2036	5995	strict
2036	5996	strict
2036	10469	strict
2036	10489	strict
2036	11335	strict
2036	11339	strict
2036	11347	strict
2036	11374	strict
2036	11940	strict
2036	11941	strict
2036	12149	strict
2036	14537	strict
2037	5404	equal
2037	5430	strict
2037	5434	strict
2037	5435	strict
2037	5440	strict
2037	6040	strict
2037	6041	strict
2037	6042	strict
2037	10470	strict
2037	10494	strict
2037	10623	strict
2037	11458	strict
2037	11462	strict
2037	11479	strict
2037	12157	strict
2037	14539	strict
2038	5405	equal
2038	5431	strict
2038	5436	strict
2038	5437	strict
2038	5443	strict
2038	6039	strict
2038	6057	strict
2038	6579	strict
2038	6584	strict
2038	10471	strict
2038	10499	strict
2038	10632	strict
2038	14544	strict
2038	15705	strict
2038	15707	strict
2038	15709	strict
2039	5406	equal
2039	5741	strict
2039	6049	strict
2039	6051	strict
2039	6258	strict
2039	6476	strict
2039	6477	strict
2039	6478	strict
2039	10472	strict
2039	10504	strict
2039	12199	strict
2039	13063	strict
2039	13313	strict
2039	13317	strict
2039	13328	strict
2039	14548	strict
2040	5407	equal
2040	5742	strict
2040	6050	strict
2040	6052	strict
2040	6059	strict
2040	6259	strict
2040	6475	strict
2040	6580	strict
2040	6585	strict
2040	10473	strict
2040	10509	strict
2040	13066	strict
2040	14551	strict
2040	15732	strict
2040	15734	strict
2040	15736	strict
2041	5409	equal
2042	5410	equal
2043	5427	equal
2043	5439	strict
2043	5441	strict
2043	10626	strict
2043	11228	strict
2043	11229	strict
2043	11247	strict
2044	5428	equal
2044	5442	strict
2044	5444	strict
2044	5978	strict
2044	5979	strict
2044	10635	strict
2044	11243	strict
2045	5429	equal
2045	5980	strict
2045	5982	strict
2045	6577	strict
2045	10528	strict
2045	10530	strict
2046	5430	equal
2047	5431	equal
2048	5432	equal
2048	11875	strict
2049	5433	equal
2049	6053	strict
2050	5434	equal
2051	5435	equal
2051	12157	strict
2052	5436	equal
2053	5437	equal
2053	6057	strict
2054	5439	equal
2055	5440	equal
2055	6040	strict
2055	6042	strict
2055	10623	strict
2055	11458	strict
2055	11479	strict
2056	5441	equal
2056	10626	strict
2057	5442	equal
2058	5443	equal
2058	6579	strict
2058	6584	strict
2058	10632	strict
2058	15707	strict
2058	15709	strict
2059	5444	equal
2059	10635	strict
2060	5446	equal
2061	5447	equal
2062	5451	equal
2063	5452	equal
2064	5459	equal
2064	5460	strict
2064	5461	strict
2064	5470	strict
2064	5472	strict
2064	6085	strict
2064	6092	strict
2064	6268	strict
2064	6271	strict
2064	6275	strict
2064	6285	strict
2064	6292	strict
2064	6293	strict
2064	6294	strict
2064	6295	strict
2065	5460	equal
2065	5461	strict
2065	5472	strict
2065	6092	strict
2065	6295	strict
2066	5467	equal
2066	5469	strict
2066	5472	strict
2066	6061	strict
2066	6081	strict
2066	13198	strict
2067	5472	equal
2068	5473	equal
2069	5474	equal
2070	5483	equal
2070	5484	strict
2070	5485	strict
2070	5495	strict
2070	5496	strict
2070	5499	strict
2070	10761	strict
2070	10763	strict
2070	10776	strict
2070	10777	strict
2070	10778	strict
2070	10779	strict
2070	10780	strict
2070	10781	strict
2070	10782	strict
2071	5484	equal
2071	5485	strict
2071	5496	strict
2071	10776	strict
2071	10782	strict
2072	5491	equal
2072	5493	strict
2072	5496	strict
2072	10769	strict
2072	10891	strict
2072	13334	strict
2073	5496	equal
2074	5497	equal
2075	5498	equal
2076	5499	equal
2077	5506	equal
2077	6078	strict
2077	6082	strict
2077	6541	strict
2077	10850	strict
2077	10852	strict
2077	10895	strict
2078	5508	equal
2079	5510	equal
2080	5511	equal
2081	5513	equal
2082	5514	equal
2083	5516	equal
2084	5517	equal
2085	5518	equal
2086	5519	equal
2087	5520	equal
2088	5522	equal
2089	5523	equal
2090	5524	equal
2091	5525	equal
2092	5526	equal
2093	5528	equal
2093	6561	strict
2094	5529	equal
2094	5536	strict
2095	5530	equal
2096	5531	equal
2097	5533	equal
2098	5534	equal
2099	5536	equal
2100	5537	equal
2100	6447	strict
2101	5538	equal
2101	6466	strict
2102	5539	equal
2102	6564	strict
2103	5550	equal
2103	5551	strict
2103	5552	strict
2103	5576	strict
2103	5577	strict
2103	5585	strict
2103	5587	strict
2103	5589	strict
2103	5591	strict
2103	5593	strict
2103	5600	strict
2103	11031	strict
2103	11059	strict
2103	11065	strict
2103	11074	strict
2103	12905	strict
2104	5552	equal
2104	5593	strict
2104	11031	strict
2105	5553	equal
2105	5554	strict
2105	5555	strict
2105	5579	strict
2105	5580	strict
2105	5594	strict
2105	5603	strict
2105	5604	strict
2105	5606	strict
2105	5609	strict
2105	5611	strict
2105	11032	strict
2105	11062	strict
2105	11066	strict
2105	11075	strict
2105	11481	strict
2106	5555	equal
2106	5611	strict
2106	11032	strict
2107	5562	equal
2107	5563	strict
2108	5563	equal
2109	5566	equal
2109	5567	strict
2109	5568	strict
2109	5582	strict
2109	5584	strict
2109	5586	strict
2109	5588	strict
2109	5590	strict
2109	5592	strict
2109	5593	strict
2109	5596	strict
2109	6160	strict
2109	6164	strict
2109	6171	strict
2109	6175	strict
2109	12831	strict
2110	5567	equal
2110	5593	strict
2110	6160	strict
2111	5569	equal
2111	5570	strict
2111	5571	strict
2111	5597	strict
2111	5599	strict
2111	5601	strict
2111	5605	strict
2111	5607	strict
2111	5608	strict
2111	5610	strict
2111	5611	strict
2111	6161	strict
2111	6167	strict
2111	6172	strict
2111	6176	strict
2111	6582	strict
2112	5570	equal
2112	5611	strict
2112	6161	strict
2113	5574	equal
2113	5575	strict
2114	5575	equal
2115	5576	equal
2115	5577	strict
2115	5585	strict
2115	5589	strict
2115	5591	strict
2115	5593	strict
2116	5578	equal
2116	5593	strict
2117	5579	equal
2117	5580	strict
2117	5603	strict
2117	5604	strict
2117	5609	strict
2117	5611	strict
2118	5581	equal
2118	5611	strict
2119	5582	equal
2119	5584	strict
2119	5586	strict
2119	5590	strict
2119	5592	strict
2119	5593	strict
2120	5583	equal
2120	5593	strict
2121	5585	equal
2121	5589	strict
2121	5591	strict
2121	5593	strict
2122	5586	equal
2122	5590	strict
2122	5592	strict
2122	5593	strict
2123	5587	equal
2123	5593	strict
2124	5588	equal
2124	5593	strict
2125	5594	equal
2126	5596	equal
2127	5597	equal
2127	5599	strict
2127	5605	strict
2127	5608	strict
2127	5610	strict
2127	5611	strict
2128	5598	equal
2128	5611	strict
2129	5600	equal
2130	5601	equal
2131	5603	equal
2131	5604	strict
2131	5609	strict
2131	5611	strict
2132	5605	equal
2132	5608	strict
2132	5610	strict
2132	5611	strict
2133	5606	equal
2133	5611	strict
2134	5607	equal
2134	5611	strict
2135	5614	equal
2135	5620	strict
2135	6273	strict
2135	6276	strict
2135	6287	strict
2135	6295	strict
2136	5615	equal
2136	5622	strict
2136	6015	strict
2136	6038	strict
2136	6549	strict
2136	6573	strict
2137	5617	equal
2138	5618	equal
2139	5619	equal
2139	6295	strict
2140	5621	equal
2140	6573	strict
2141	5623	equal
2142	5624	equal
2143	5625	equal
2143	5628	strict
2143	11176	strict
2143	11179	strict
2143	11186	strict
2143	11195	strict
2144	5626	equal
2144	5630	strict
2144	6040	strict
2144	6042	strict
2144	11458	strict
2144	11479	strict
2145	5627	equal
2145	11195	strict
2146	5629	equal
2146	11479	strict
2147	5639	equal
2148	5640	equal
2149	5646	equal
2149	5647	strict
2149	5648	strict
2149	5652	strict
2149	5662	strict
2149	5663	strict
2149	5732	strict
2149	5733	strict
2149	5735	strict
2149	5738	strict
2149	5740	strict
2149	5803	strict
2149	5821	strict
2149	11098	strict
2149	11142	strict
2149	11387	strict
2150	5648	equal
2150	5740	strict
2150	11098	strict
2151	5650	equal
2151	5657	strict
2151	5658	strict
2151	5659	strict
2151	5661	strict
2151	5681	strict
2151	5682	strict
2151	5683	strict
2151	5717	strict
2151	5719	strict
2151	5721	strict
2151	5725	strict
2151	6347	strict
2151	6349	strict
2151	6360	strict
2151	11096	strict
2151	11104	strict
2152	5651	equal
2152	5660	strict
2152	5662	strict
2152	5663	strict
2152	5664	strict
2152	5684	strict
2152	5685	strict
2152	5686	strict
2152	5732	strict
2152	5733	strict
2152	5738	strict
2152	5740	strict
2152	5807	strict
2152	5820	strict
2152	6363	strict
2152	11097	strict
2152	11105	strict
2153	5652	equal
2154	5654	equal
2155	5655	equal
2155	5725	strict
2156	5656	equal
2156	5740	strict
2157	5657	equal
2157	5659	strict
2157	5717	strict
2157	5719	strict
2157	5721	strict
2157	5725	strict
2158	5658	equal
2158	5725	strict
2159	5660	equal
2160	5661	equal
2161	5662	equal
2161	5663	strict
2161	5732	strict
2161	5733	strict
2161	5738	strict
2161	5740	strict
2162	5664	equal
2162	5740	strict
2163	5668	equal
2164	5669	equal
2165	5673	equal
2165	5675	strict
2166	5675	equal
2167	5679	equal
2167	5725	strict
2168	5680	equal
2168	5740	strict
2169	5681	equal
2169	5683	strict
2169	5717	strict
2169	5719	strict
2169	5721	strict
2169	5725	strict
2170	5682	equal
2170	5725	strict
2171	5684	equal
2171	5686	strict
2171	5732	strict
2171	5733	strict
2171	5738	strict
2171	5740	strict
2172	5685	equal
2172	5740	strict
2173	5688	equal
2174	5689	equal
2175	5691	equal
2175	5692	strict
2175	5693	strict
2175	5697	strict
2175	5704	strict
2175	5706	strict
2175	5734	strict
2175	5736	strict
2175	5737	strict
2175	5739	strict
2175	5740	strict
2175	5977	strict
2175	5982	strict
2175	6247	strict
2175	6257	strict
2175	6576	strict
2176	5692	equal
2176	5740	strict
2176	6247	strict
2177	5694	equal
2177	5699	strict
2177	5700	strict
2177	5701	strict
2177	5702	strict
2177	5711	strict
2177	5712	strict
2177	5713	strict
2177	5722	strict
2177	5723	strict
2177	5724	strict
2177	5725	strict
2177	6244	strict
2177	6248	strict
2177	11244	strict
2177	11246	strict
2177	11250	strict
2178	5695	equal
2178	5703	strict
2178	5704	strict
2178	5705	strict
2178	5706	strict
2178	5714	strict
2178	5715	strict
2178	5716	strict
2178	5734	strict
2178	5737	strict
2178	5739	strict
2178	5740	strict
2178	5979	strict
2178	5981	strict
2178	6246	strict
2178	6249	strict
2178	11257	strict
2179	5696	equal
2180	5697	equal
2181	5699	equal
2181	5725	strict
2182	5700	equal
2182	5701	strict
2182	5722	strict
2182	5723	strict
2182	5724	strict
2182	5725	strict
2183	5702	equal
2184	5703	equal
2185	5704	equal
2185	5706	strict
2185	5734	strict
2185	5737	strict
2185	5739	strict
2185	5740	strict
2186	5705	equal
2186	5740	strict
2187	5707	equal
2187	5709	strict
2188	5709	equal
2189	5711	equal
2189	5713	strict
2189	5722	strict
2189	5723	strict
2189	5724	strict
2189	5725	strict
2190	5712	equal
2190	5725	strict
2191	5714	equal
2191	5716	strict
2191	5734	strict
2191	5737	strict
2191	5739	strict
2191	5740	strict
2192	5715	equal
2192	5740	strict
2193	5717	equal
2193	5719	strict
2193	5721	strict
2193	5725	strict
2194	5718	equal
2194	5725	strict
2195	5720	equal
2195	5725	strict
2196	5722	equal
2196	5723	strict
2196	5724	strict
2196	5725	strict
2197	5726	equal
2198	5727	equal
2199	5729	equal
2200	5730	equal
2201	5732	equal
2201	5733	strict
2201	5738	strict
2201	5740	strict
2202	5734	equal
2202	5737	strict
2202	5739	strict
2202	5740	strict
2203	5735	equal
2203	5740	strict
2204	5736	equal
2204	5740	strict
2205	5741	equal
2206	5742	equal
2207	5749	equal
2208	5750	equal
2208	5751	strict
2208	5763	strict
2208	5769	strict
2208	6277	strict
2208	6556	strict
2208	11172	strict
2208	11185	strict
2208	11189	strict
2208	11190	strict
2208	11191	strict
2208	11192	strict
2208	11193	strict
2208	11194	strict
2208	11195	strict
2208	13197	strict
2209	5751	equal
2209	11189	strict
2209	11195	strict
2210	5758	equal
2210	5759	strict
2210	5762	strict
2210	5765	strict
2210	6283	strict
2210	6286	strict
2210	6289	strict
2210	6290	strict
2210	6291	strict
2210	6292	strict
2210	6293	strict
2210	6294	strict
2210	6295	strict
2210	11180	strict
2210	11465	strict
2210	13199	strict
2211	5759	equal
2211	6289	strict
2211	6295	strict
2212	5764	equal
2213	5765	equal
2214	5767	equal
2215	5768	equal
2216	5769	equal
2217	5803	equal
2217	11387	strict
2218	5805	equal
2218	6343	strict
2219	5807	equal
2220	5819	equal
2220	11388	strict
2221	5820	equal
2221	6363	strict
2222	5821	equal
2223	5834	equal
2223	5835	strict
2223	5836	strict
2223	5845	strict
2223	5847	strict
2223	5879	strict
2223	5898	strict
2223	5901	strict
2223	5905	strict
2223	6435	strict
2223	6442	strict
2223	6450	strict
2223	6451	strict
2223	6452	strict
2223	6453	strict
2224	5835	equal
2224	5836	strict
2224	5847	strict
2224	6435	strict
2224	6453	strict
2225	5842	equal
2225	5844	strict
2225	5847	strict
2225	5859	strict
2225	5875	strict
2225	15434	strict
2226	5847	equal
2227	5853	equal
2227	5872	strict
2227	5876	strict
2227	5968	strict
2227	13289	strict
2227	13291	strict
2227	15047	strict
2228	5855	equal
2228	5903	strict
2228	5906	strict
2228	6391	strict
2228	6444	strict
2228	6453	strict
2229	5856	equal
2229	5858	strict
2229	5976	strict
2229	6393	strict
2229	6430	strict
2229	6472	strict
2230	5857	equal
2231	5858	equal
2231	5976	strict
2231	6430	strict
2231	6472	strict
2232	5859	equal
2232	15434	strict
2233	5860	equal
2233	11359	strict
2234	5861	equal
2234	11374	strict
2235	5862	equal
2235	5863	strict
2235	5882	strict
2235	5887	strict
2235	5912	strict
2235	5913	strict
2235	5914	strict
2235	5959	strict
2235	5990	strict
2235	11323	strict
2235	11352	strict
2235	11353	strict
2235	11354	strict
2235	11355	strict
2235	11356	strict
2235	11358	strict
2235	11359	strict
2236	5863	equal
2237	5864	equal
2237	5865	strict
2237	5866	strict
2237	5873	strict
2237	5874	strict
2237	5876	strict
2237	5917	strict
2237	5970	strict
2237	5994	strict
2237	11324	strict
2237	11367	strict
2237	11368	strict
2237	11369	strict
2237	11370	strict
2237	11371	strict
2237	11372	strict
2237	11374	strict
2238	5865	equal
2239	5866	equal
2239	5917	strict
2240	5867	equal
2240	5868	strict
2240	5869	strict
2240	5870	strict
2240	5873	strict
2240	5875	strict
2240	5963	strict
2240	5970	strict
2240	5995	strict
2240	11325	strict
2240	11364	strict
2240	11369	strict
2240	11370	strict
2240	11372	strict
2240	11374	strict
2240	16384	strict
2241	5868	equal
2241	11364	strict
2241	11374	strict
2242	5869	equal
2242	16384	strict
2243	5870	equal
2244	5871	equal
2245	5872	equal
2245	5968	strict
2246	5873	equal
2246	5970	strict
2246	11369	strict
2246	11370	strict
2246	11372	strict
2246	11374	strict
2247	5874	equal
2247	11374	strict
2248	5875	equal
2249	5876	equal
2250	5879	equal
2251	5880	equal
2252	5882	equal
2252	5887	strict
2253	5887	equal
2254	5889	equal
2254	6453	strict
2255	5890	equal
2255	6472	strict
2256	5896	equal
2256	5897	strict
2256	5898	strict
2256	5899	strict
2256	5901	strict
2256	5904	strict
2256	5911	strict
2256	5914	strict
2256	5957	strict
2256	6440	strict
2256	6446	strict
2256	6448	strict
2256	6449	strict
2256	6450	strict
2256	6451	strict
2256	6452	strict
2256	6453	strict
2257	5897	equal
2258	5898	equal
2258	5901	strict
2258	6450	strict
2258	6451	strict
2258	6452	strict
2258	6453	strict
2259	5899	equal
2259	6453	strict
2260	5902	equal
2261	5903	equal
2261	5906	strict
2261	6444	strict
2261	6453	strict
2262	5904	equal
2262	6453	strict
2263	5905	equal
2263	6453	strict
2264	5907	equal
2264	5908	strict
2264	5909	strict
2264	5912	strict
2264	5915	strict
2264	5928	strict
2264	5929	strict
2264	5959	strict
2264	5991	strict
2264	11327	strict
2264	11344	strict
2264	11354	strict
2264	11355	strict
2264	11358	strict
2264	11359	strict
2265	5908	equal
2265	5915	strict
2265	5929	strict
2265	11344	strict
2265	11359	strict
2266	5909	equal
2267	5910	equal
2268	5911	equal
2268	5957	strict
2269	5912	equal
2269	5959	strict
2269	11354	strict
2269	11355	strict
2269	11358	strict
2269	11359	strict
2270	5913	equal
2270	11359	strict
2271	5914	equal
2272	5917	equal
2273	5924	equal
2273	5926	strict
2273	5929	strict
2273	5937	strict
2273	5949	strict
2273	16204	strict
2274	5929	equal
2275	5935	equal
2275	5948	strict
2275	5950	strict
2275	5971	strict
2275	13330	strict
2275	13332	strict
2275	16056	strict
2276	5937	equal
2276	16204	strict
2277	5938	equal
2277	5939	strict
2277	5940	strict
2277	5945	strict
2277	5946	strict
2277	5950	strict
2277	5960	strict
2277	5966	strict
2277	5974	strict
2277	6458	strict
2277	6465	strict
2277	6467	strict
2277	6468	strict
2277	6469	strict
2277	6470	strict
2277	6471	strict
2277	6472	strict
2278	5939	equal
2279	5940	equal
2279	5960	strict
2280	5941	equal
2280	5942	strict
2280	5943	strict
2280	5945	strict
2280	5947	strict
2280	5949	strict
2280	5962	strict
2280	5966	strict
2280	5975	strict
2280	6459	strict
2280	6463	strict
2280	6469	strict
2280	6470	strict
2280	6471	strict
2280	6472	strict
2280	16464	strict
2281	5942	equal
2281	6463	strict
2281	6472	strict
2282	5943	equal
2283	5944	equal
2284	5945	equal
2284	5966	strict
2284	6469	strict
2284	6470	strict
2284	6471	strict
2284	6472	strict
2285	5946	equal
2285	6472	strict
2286	5947	equal
2286	16464	strict
2287	5948	equal
2287	5971	strict
2288	5949	equal
2289	5950	equal
2290	5957	equal
2291	5960	equal
2292	5968	equal
2293	5971	equal
2294	5972	equal
2295	5973	equal
2296	5974	equal
2296	6472	strict
2297	5975	equal
2297	6472	strict
2298	5977	equal
2298	6576	strict
2299	5978	equal
2299	11243	strict
2300	5979	equal
2301	5980	equal
2301	6577	strict
2302	5981	equal
2302	11257	strict
2303	5982	equal
2304	5983	equal
2305	5984	equal
2306	5985	equal
2306	5989	strict
2306	5992	strict
2306	11334	strict
2306	11349	strict
2306	11359	strict
2307	5986	equal
2307	5988	strict
2307	5996	strict
2307	11335	strict
2307	11339	strict
2307	11374	strict
2308	5987	equal
2309	5988	equal
2309	5996	strict
2309	11339	strict
2309	11374	strict
2310	5989	equal
2310	5992	strict
2310	11349	strict
2310	11359	strict
2311	5990	equal
2311	11359	strict
2312	5991	equal
2312	11359	strict
2313	5993	equal
2314	5994	equal
2314	11374	strict
2315	5995	equal
2315	11374	strict
2316	5997	equal
2316	5998	strict
2316	6001	strict
2316	6013	strict
2316	6014	strict
2316	13482	strict
2316	14415	strict
2316	14988	strict
2316	14999	strict
2316	15000	strict
2316	15003	strict
2316	15004	strict
2316	15005	strict
2316	15006	strict
2316	15008	strict
2317	5998	equal
2317	6001	strict
2317	6014	strict
2317	15003	strict
2317	15008	strict
2318	5999	equal
2318	6000	strict
2318	6002	strict
2318	6028	strict
2318	6029	strict
2318	13493	strict
2318	14446	strict
2318	15451	strict
2318	15463	strict
2318	15464	strict
2318	15465	strict
2318	15466	strict
2318	15469	strict
2318	15470	strict
2318	15472	strict
2319	6000	equal
2319	6002	strict
2319	6029	strict
2319	15469	strict
2319	15472	strict
2320	6009	equal
2320	6011	strict
2320	6014	strict
2320	14994	strict
2320	15051	strict
2320	15475	strict
2321	6014	equal
2322	6015	equal
2322	6038	strict
2322	6549	strict
2322	6573	strict
2323	6016	equal
2323	6017	strict
2323	6035	strict
2323	6041	strict
2323	6550	strict
2323	6555	strict
2323	11452	strict
2323	11467	strict
2323	11472	strict
2323	11473	strict
2323	11474	strict
2323	11475	strict
2323	11476	strict
2323	11477	strict
2323	11479	strict
2323	16293	strict
2324	6017	equal
2324	11472	strict
2324	11479	strict
2325	6024	equal
2325	6026	strict
2325	6029	strict
2325	15458	strict
2325	15474	strict
2325	16060	strict
2326	6029	equal
2327	6030	equal
2327	6031	strict
2327	6034	strict
2327	6037	strict
2327	6560	strict
2327	6562	strict
2327	6566	strict
2327	6567	strict
2327	6568	strict
2327	6570	strict
2327	6571	strict
2327	6572	strict
2327	6573	strict
2327	11459	strict
2327	11464	strict
2327	16295	strict
2328	6031	equal
2328	6566	strict
2328	6573	strict
2329	6036	equal
2330	6037	equal
2330	6573	strict
2331	6039	equal
2332	6040	equal
2332	6042	strict
2332	11458	strict
2332	11479	strict
2333	6041	equal
2333	11479	strict
2334	6043	equal
2334	11641	strict
2335	6044	equal
2335	6047	strict
2336	6045	equal
2336	11565	strict
2337	6046	equal
2337	11566	strict
2338	6047	equal
2339	6048	equal
2339	11643	strict
2340	6049	equal
2341	6050	equal
2342	6051	equal
2342	12199	strict
2343	6052	equal
2343	6059	strict
2344	6053	equal
2345	6054	equal
2345	11877	strict
2346	6055	equal
2347	6056	equal
2348	6057	equal
2349	6058	equal
2349	12167	strict
2350	6059	equal
2351	6060	equal
2351	12207	strict
2352	6061	equal
2352	13198	strict
2353	6062	equal
2353	6063	strict
2353	6095	strict
2353	6106	strict
2353	6404	strict
2353	12383	strict
2353	14425	strict
2353	15100	strict
2353	15102	strict
2353	15103	strict
2353	15106	strict
2353	15107	strict
2353	15108	strict
2353	15110	strict
2353	15111	strict
2353	15435	strict
2354	6063	equal
2354	15106	strict
2354	15111	strict
2355	6064	equal
2355	6065	strict
2355	6100	strict
2355	6105	strict
2355	6427	strict
2355	12385	strict
2355	14440	strict
2355	15174	strict
2355	15177	strict
2355	15178	strict
2355	15179	strict
2355	15180	strict
2355	15183	strict
2355	15184	strict
2355	15186	strict
2355	16385	strict
2356	6065	equal
2356	15183	strict
2356	15186	strict
2357	6066	equal
2357	15144	strict
2358	6067	equal
2358	15159	strict
2359	6068	equal
2359	6069	strict
2359	6107	strict
2359	6112	strict
2359	6484	strict
2359	6485	strict
2359	6486	strict
2359	6532	strict
2359	12338	strict
2359	14432	strict
2359	15135	strict
2359	15136	strict
2359	15137	strict
2359	15140	strict
2359	15141	strict
2359	15143	strict
2359	15144	strict
2360	6069	equal
2361	6070	equal
2361	6071	strict
2361	6072	strict
2361	6079	strict
2361	6080	strict
2361	6082	strict
2361	6489	strict
2361	6543	strict
2361	12339	strict
2361	14436	strict
2361	15150	strict
2361	15151	strict
2361	15152	strict
2361	15155	strict
2361	15156	strict
2361	15157	strict
2361	15159	strict
2362	6071	equal
2363	6072	equal
2363	6489	strict
2364	6073	equal
2364	6074	strict
2364	6075	strict
2364	6076	strict
2364	6079	strict
2364	6081	strict
2364	6536	strict
2364	6543	strict
2364	12384	strict
2364	14437	strict
2364	15149	strict
2364	15151	strict
2364	15152	strict
2364	15157	strict
2364	15159	strict
2364	16294	strict
2365	6074	equal
2365	15149	strict
2365	15159	strict
2366	6075	equal
2366	16294	strict
2367	6076	equal
2368	6077	equal
2369	6078	equal
2369	6541	strict
2370	6079	equal
2370	6543	strict
2370	15151	strict
2370	15152	strict
2370	15157	strict
2370	15159	strict
2371	6080	equal
2371	15159	strict
2372	6081	equal
2373	6082	equal
2374	6085	equal
2375	6086	equal
2376	6088	equal
2376	6092	strict
2377	6089	equal
2377	6091	strict
2378	6091	equal
2379	6092	equal
2380	6095	equal
2380	6106	strict
2381	6097	equal
2381	6098	strict
2382	6098	equal
2383	6099	equal
2384	6100	equal
2384	6105	strict
2385	6101	equal
2385	6103	strict
2386	6103	equal
2387	6104	equal
2388	6105	equal
2389	6106	equal
2390	6107	equal
2390	6112	strict
2391	6112	equal
2392	6113	equal
2392	6115	strict
2393	6115	equal
2394	6116	equal
2394	6117	strict
2394	6127	strict
2394	6148	strict
2394	6152	strict
2394	12579	strict
2394	12639	strict
2394	12679	strict
2394	12683	strict
2394	12912	strict
2394	15837	strict
2394	16247	strict
2394	16248	strict
2394	16253	strict
2394	16254	strict
2394	16257	strict
2395	6117	equal
2395	15837	strict
2395	16257	strict
2396	6118	equal
2396	6119	strict
2396	6129	strict
2396	6149	strict
2396	6150	strict
2396	12580	strict
2396	12641	strict
2396	12681	strict
2396	12684	strict
2396	12876	strict
2396	12914	strict
2396	12916	strict
2396	12929	strict
2396	12930	strict
2396	12933	strict
2396	16236	strict
2397	6119	equal
2397	12876	strict
2397	12933	strict
2398	6120	equal
2398	6121	strict
2398	6134	strict
2398	6140	strict
2398	12510	strict
2398	12518	strict
2398	12526	strict
2398	12594	strict
2398	12604	strict
2398	12704	strict
2398	13854	strict
2398	13934	strict
2398	13935	strict
2398	13940	strict
2398	13941	strict
2398	13944	strict
2399	6121	equal
2399	13854	strict
2399	13944	strict
2400	6122	equal
2400	6123	strict
2400	6139	strict
2400	6141	strict
2400	12512	strict
2400	12521	strict
2400	12527	strict
2400	12528	strict
2400	12606	strict
2400	12705	strict
2400	12708	strict
2400	12744	strict
2400	12754	strict
2400	12756	strict
2400	12758	strict
2400	13664	strict
2401	6123	equal
2401	12744	strict
2401	12758	strict
2402	6130	equal
2402	6131	strict
2402	6132	strict
2402	6154	strict
2402	12516	strict
2402	12538	strict
2402	12539	strict
2402	12551	strict
2402	12553	strict
2402	12555	strict
2402	12557	strict
2402	12559	strict
2402	12564	strict
2402	12576	strict
2402	12610	strict
2402	12729	strict
2403	6132	equal
2403	12559	strict
2403	12564	strict
2404	6135	equal
2404	6136	strict
2404	6137	strict
2404	6157	strict
2404	12519	strict
2404	12541	strict
2404	12542	strict
2404	12566	strict
2404	12583	strict
2404	12584	strict
2404	12586	strict
2404	12589	strict
2404	12591	strict
2404	12600	strict
2404	12613	strict
2404	13913	strict
2405	6137	equal
2405	12591	strict
2405	12600	strict
2406	6140	equal
2407	6141	equal
2408	6142	equal
2409	6143	equal
2410	6144	equal
2410	6160	strict
2411	6145	equal
2411	6161	strict
2412	6146	equal
2412	6147	strict
2413	6147	equal
2414	6148	equal
2414	6152	strict
2415	6149	equal
2415	6150	strict
2416	6150	equal
2417	6151	equal
2418	6152	equal
2419	6153	equal
2420	6154	equal
2421	6156	equal
2422	6157	equal
2423	6159	equal
2424	6160	equal
2425	6161	equal
2426	6162	equal
2427	6164	equal
2428	6165	equal
2429	6167	equal
2430	6169	equal
2430	6295	strict
2431	6170	equal
2431	6573	strict
2432	6171	equal
2433	6172	equal
2434	6173	equal
2434	6177	strict
2434	13152	strict
2434	13166	strict
2434	13180	strict
2434	13182	strict
2435	6174	equal
2435	6178	strict
2435	6579	strict
2435	6584	strict
2435	15707	strict
2435	15709	strict
2436	6175	equal
2436	12831	strict
2437	6176	equal
2437	6582	strict
2438	6179	equal
2439	6180	equal
2439	12837	strict
2440	6181	equal
2440	6182	strict
2440	6185	strict
2440	6188	strict
2440	6198	strict
2440	6307	strict
2440	6320	strict
2440	6338	strict
2440	13045	strict
2440	13635	strict
2440	15295	strict
2440	15345	strict
2440	15347	strict
2440	15360	strict
2440	15361	strict
2440	15364	strict
2441	6182	equal
2441	15295	strict
2441	15364	strict
2442	6183	equal
2442	6184	strict
2442	6186	strict
2442	6190	strict
2442	6203	strict
2442	6233	strict
2442	6311	strict
2442	6325	strict
2442	6341	strict
2442	13640	strict
2442	13643	strict
2442	13722	strict
2442	13732	strict
2442	13734	strict
2442	13736	strict
2442	15071	strict
2443	6184	equal
2443	13722	strict
2443	13736	strict
2444	6185	equal
2445	6186	equal
2446	6187	equal
2446	13024	strict
2447	6188	equal
2447	13045	strict
2448	6189	equal
2448	6232	strict
2449	6190	equal
2449	6233	strict
2450	6192	equal
2451	6193	equal
2452	6199	equal
2452	6200	strict
2452	6201	strict
2452	6206	strict
2452	6216	strict
2452	6217	strict
2452	6255	strict
2452	6339	strict
2452	6380	strict
2452	13036	strict
2452	13037	strict
2452	13039	strict
2452	13042	strict
2452	13044	strict
2452	13052	strict
2452	15340	strict
2453	6201	equal
2453	13044	strict
2453	13052	strict
2454	6204	equal
2454	6211	strict
2454	6212	strict
2454	6213	strict
2454	6215	strict
2454	6242	strict
2454	6351	strict
2454	6354	strict
2454	6373	strict
2454	12997	strict
2454	12998	strict
2454	12999	strict
2454	13015	strict
2454	13017	strict
2454	13019	strict
2454	13023	strict
2454	13028	strict
2455	6205	equal
2455	6214	strict
2455	6216	strict
2455	6217	strict
2455	6218	strict
2455	6243	strict
2455	6353	strict
2455	6375	strict
2455	6377	strict
2455	13000	strict
2455	13001	strict
2455	13002	strict
2455	13036	strict
2455	13037	strict
2455	13042	strict
2455	13044	strict
2455	13051	strict
2456	6206	equal
2457	6208	equal
2458	6209	equal
2458	13023	strict
2459	6210	equal
2459	13044	strict
2460	6211	equal
2460	6213	strict
2460	13015	strict
2460	13017	strict
2460	13019	strict
2460	13023	strict
2461	6212	equal
2461	13023	strict
2462	6214	equal
2463	6215	equal
2464	6216	equal
2464	6217	strict
2464	13036	strict
2464	13037	strict
2464	13042	strict
2464	13044	strict
2465	6218	equal
2465	13044	strict
2466	6220	equal
2467	6221	equal
2468	6222	equal
2469	6223	equal
2470	6224	equal
2471	6225	equal
2472	6226	equal
2473	6229	equal
2474	6232	equal
2475	6233	equal
2476	6234	equal
2476	6245	strict
2477	6235	equal
2477	6236	strict
2478	6236	equal
2479	6237	equal
2479	6247	strict
2480	6238	equal
2480	6239	strict
2481	6239	equal
2482	6240	equal
2482	6241	strict
2483	6241	equal
2484	6242	equal
2485	6243	equal
2486	6244	equal
2487	6245	equal
2488	6246	equal
2489	6247	equal
2490	6248	equal
2491	6249	equal
2492	6250	equal
2493	6251	equal
2494	6253	equal
2495	6254	equal
2496	6255	equal
2497	6257	equal
2498	6258	equal
2498	6476	strict
2498	6478	strict
2498	13063	strict
2498	13313	strict
2498	13328	strict
2499	6259	equal
2499	6580	strict
2499	6585	strict
2499	13066	strict
2499	15734	strict
2499	15736	strict
2500	6260	equal
2500	6289	strict
2501	6266	equal
2501	6267	strict
2501	6268	strict
2501	6269	strict
2501	6271	strict
2501	6274	strict
2501	6282	strict
2501	6290	strict
2501	6291	strict
2501	6292	strict
2501	6293	strict
2501	6294	strict
2501	6295	strict
2501	6296	strict
2501	6483	strict
2501	6486	strict
2501	6530	strict
2502	6267	equal
2503	6268	equal
2503	6271	strict
2503	6292	strict
2503	6293	strict
2503	6294	strict
2503	6295	strict
2504	6269	equal
2504	6295	strict
2505	6272	equal
2506	6273	equal
2506	6276	strict
2506	6287	strict
2506	6295	strict
2507	6274	equal
2507	6295	strict
2508	6275	equal
2508	6295	strict
2509	6277	equal
2509	6556	strict
2510	6279	equal
2510	6280	strict
2511	6280	equal
2512	6281	equal
2513	6282	equal
2514	6283	equal
2515	6284	equal
2516	6285	equal
2517	6286	equal
2517	6295	strict
2518	6288	equal
2519	6289	equal
2520	6290	equal
2520	6291	strict
2520	6292	strict
2520	6293	strict
2520	6294	strict
2520	6295	strict
2521	6292	equal
2521	6293	strict
2521	6294	strict
2521	6295	strict
2522	6296	equal
2523	6299	equal
2524	6301	equal
2524	6306	strict
2524	6327	strict
2524	6329	strict
2524	6356	strict
2524	6357	strict
2524	6359	strict
2524	6360	strict
2524	13618	strict
2524	15258	strict
2524	15259	strict
2524	15262	strict
2524	15857	strict
2524	16334	strict
2524	16345	strict
2524	16346	strict
2524	16349	strict
2525	6302	equal
2525	6307	strict
2525	6308	strict
2525	6313	strict
2525	6318	strict
2525	6319	strict
2525	6338	strict
2525	6361	strict
2525	13619	strict
2525	15260	strict
2525	15261	strict
2525	15263	strict
2525	15296	strict
2525	15345	strict
2525	15360	strict
2525	15361	strict
2525	15364	strict
2526	6303	equal
2526	6310	strict
2526	6330	strict
2526	6332	strict
2526	6368	strict
2526	6369	strict
2526	6372	strict
2526	6373	strict
2526	13620	strict
2526	13621	strict
2526	13687	strict
2526	13856	strict
2526	13873	strict
2526	13882	strict
2526	13884	strict
2526	13886	strict
2526	15059	strict
2527	6304	equal
2527	6311	strict
2527	6312	strict
2527	6314	strict
2527	6323	strict
2527	6324	strict
2527	6341	strict
2527	6374	strict
2527	13622	strict
2527	13623	strict
2527	13640	strict
2527	13688	strict
2527	13723	strict
2527	13732	strict
2527	13734	strict
2527	13736	strict
2527	15060	strict
2528	6305	equal
2528	15364	strict
2529	6306	equal
2530	6307	equal
2530	6338	strict
2530	15345	strict
2530	15360	strict
2530	15361	strict
2530	15364	strict
2531	6308	equal
2531	15364	strict
2532	6309	equal
2532	13736	strict
2533	6310	equal
2534	6311	equal
2534	6341	strict
2534	13640	strict
2534	13732	strict
2534	13734	strict
2534	13736	strict
2535	6312	equal
2535	13736	strict
2536	6313	equal
2537	6314	equal
2538	6315	equal
2538	6350	strict
2539	6316	equal
2539	6355	strict
2540	6317	equal
2540	16349	strict
2541	6318	equal
2542	6319	equal
2542	6361	strict
2543	6320	equal
2544	6321	equal
2545	6322	equal
2545	13886	strict
2546	6323	equal
2547	6324	equal
2547	6374	strict
2548	6325	equal
2549	6326	equal
2550	6327	equal
2550	6329	strict
2551	6329	equal
2552	6330	equal
2552	6332	strict
2553	6332	equal
2554	6339	equal
2554	15340	strict
2555	6343	equal
2556	6344	equal
2556	6346	strict
2557	6346	equal
2558	6347	equal
2558	6349	strict
2559	6349	equal
2560	6350	equal
2561	6351	equal
2561	6354	strict
2562	6353	equal
2563	6354	equal
2564	6355	equal
2565	6356	equal
2565	6359	strict
2565	16334	strict
2565	16345	strict
2565	16346	strict
2565	16349	strict
2566	6357	equal
2566	16349	strict
2567	6360	equal
2568	6361	equal
2569	6363	equal
2570	6364	equal
2571	6365	equal
2572	6368	equal
2572	6372	strict
2572	13856	strict
2572	13882	strict
2572	13884	strict
2572	13886	strict
2573	6369	equal
2573	13886	strict
2574	6370	equal
2574	16325	strict
2575	6373	equal
2576	6374	equal
2577	6375	equal
2577	6377	strict
2578	6377	equal
2579	6378	equal
2580	6379	equal
2581	6380	equal
2582	6383	equal
2582	6460	strict
2583	6384	equal
2583	6385	strict
2584	6385	equal
2585	6386	equal
2585	6463	strict
2586	6388	equal
2587	6389	equal
2588	6390	equal
2588	6453	strict
2589	6392	equal
2589	6472	strict
2590	6399	equal
2590	6400	strict
2590	6403	strict
2590	6406	strict
2590	6439	strict
2590	6443	strict
2590	6447	strict
2590	6448	strict
2590	6449	strict
2590	6450	strict
2590	6451	strict
2590	6452	strict
2590	6453	strict
2590	15095	strict
2590	15172	strict
2590	15438	strict
2591	6400	equal
2591	6447	strict
2591	6453	strict
2592	6405	equal
2593	6406	equal
2594	6408	equal
2594	6409	strict
2594	6410	strict
2594	6420	strict
2594	6421	strict
2594	6477	strict
2594	13304	strict
2594	13307	strict
2594	13321	strict
2594	13322	strict
2594	13323	strict
2594	13324	strict
2594	13325	strict
2594	13326	strict
2594	13328	strict
2595	6409	equal
2595	6410	strict
2595	6421	strict
2595	13321	strict
2595	13328	strict
2596	6416	equal
2596	6418	strict
2596	6421	strict
2596	13314	strict
2596	13333	strict
2596	15750	strict
2597	6421	equal
2598	6422	equal
2598	6423	strict
2598	6426	strict
2598	6429	strict
2598	6456	strict
2598	6461	strict
2598	6466	strict
2598	6467	strict
2598	6468	strict
2598	6469	strict
2598	6470	strict
2598	6471	strict
2598	6472	strict
2598	15166	strict
2598	15171	strict
2598	16388	strict
2599	6423	equal
2599	6466	strict
2599	6472	strict
2600	6428	equal
2601	6429	equal
2601	6472	strict
2602	6431	equal
2602	6435	strict
2603	6432	equal
2603	6434	strict
2604	6434	equal
2605	6435	equal
2606	6436	equal
2606	6438	strict
2607	6438	equal
2608	6439	equal
2609	6440	equal
2610	6441	equal
2611	6442	equal
2612	6443	equal
2612	6453	strict
2613	6445	equal
2614	6446	equal
2615	6447	equal
2616	6448	equal
2616	6449	strict
2616	6450	strict
2616	6451	strict
2616	6452	strict
2616	6453	strict
2617	6450	equal
2617	6451	strict
2617	6452	strict
2617	6453	strict
2618	6456	equal
2619	6457	equal
2620	6458	equal
2621	6459	equal
2622	6460	equal
2623	6461	equal
2624	6463	equal
2625	6464	equal
2626	6465	equal
2627	6466	equal
2628	6467	equal
2628	6468	strict
2628	6469	strict
2628	6470	strict
2628	6471	strict
2628	6472	strict
2629	6469	equal
2629	6470	strict
2629	6471	strict
2629	6472	strict
2630	6475	equal
2631	6476	equal
2631	6478	strict
2631	13313	strict
2631	13328	strict
2632	6477	equal
2632	13328	strict
2633	6479	equal
2633	6480	strict
2633	6481	strict
2633	6484	strict
2633	6487	strict
2633	6501	strict
2633	6502	strict
2633	6532	strict
2633	13484	strict
2633	14433	strict
2633	15129	strict
2633	15136	strict
2633	15137	strict
2633	15143	strict
2633	15144	strict
2634	6480	equal
2634	6487	strict
2634	6502	strict
2634	15129	strict
2634	15144	strict
2635	6481	equal
2636	6482	equal
2637	6483	equal
2637	6530	strict
2638	6484	equal
2638	6532	strict
2638	15136	strict
2638	15137	strict
2638	15143	strict
2638	15144	strict
2639	6485	equal
2639	15144	strict
2640	6486	equal
2641	6489	equal
2642	6490	equal
2642	6566	strict
2643	6497	equal
2643	6499	strict
2643	6502	strict
2643	6510	strict
2643	6522	strict
2643	16206	strict
2644	6502	equal
2645	6508	equal
2645	6521	strict
2645	6523	strict
2645	6544	strict
2645	15446	strict
2645	15448	strict
2645	15754	strict
2646	6510	equal
2646	16206	strict
2647	6511	equal
2647	6512	strict
2647	6513	strict
2647	6518	strict
2647	6519	strict
2647	6523	strict
2647	6533	strict
2647	6539	strict
2647	6547	strict
2647	6558	strict
2647	6567	strict
2647	6568	strict
2647	6569	strict
2647	6570	strict
2647	6571	strict
2647	6572	strict
2647	6573	strict
2648	6512	equal
2649	6513	equal
2649	6533	strict
2650	6514	equal
2650	6515	strict
2650	6516	strict
2650	6518	strict
2650	6520	strict
2650	6522	strict
2650	6535	strict
2650	6539	strict
2650	6548	strict
2650	6559	strict
2650	6564	strict
2650	6570	strict
2650	6571	strict
2650	6572	strict
2650	6573	strict
2650	16466	strict
2651	6515	equal
2651	6564	strict
2651	6573	strict
2652	6516	equal
2653	6517	equal
2654	6518	equal
2654	6539	strict
2654	6570	strict
2654	6571	strict
2654	6572	strict
2654	6573	strict
2655	6519	equal
2655	6573	strict
2656	6520	equal
2656	16466	strict
2657	6521	equal
2657	6544	strict
2658	6522	equal
2659	6523	equal
2660	6530	equal
2661	6533	equal
2662	6541	equal
2663	6544	equal
2664	6545	equal
2665	6546	equal
2666	6547	equal
2666	6573	strict
2667	6548	equal
2667	6573	strict
2668	6550	equal
2668	6555	strict
2669	6551	equal
2669	6553	strict
2670	6553	equal
2671	6554	equal
2672	6555	equal
2673	6556	equal
2674	6557	equal
2675	6558	equal
2676	6559	equal
2677	6560	equal
2678	6561	equal
2679	6562	equal
2680	6564	equal
2681	6565	equal
2682	6566	equal
2683	6567	equal
2683	6568	strict
2683	6570	strict
2683	6571	strict
2683	6572	strict
2683	6573	strict
2684	6569	equal
2685	6570	equal
2685	6571	strict
2685	6572	strict
2685	6573	strict
2686	6576	equal
2687	6577	equal
2688	6578	equal
2689	6579	equal
2689	6584	strict
2689	15707	strict
2689	15709	strict
2690	6580	equal
2690	6585	strict
2690	15734	strict
2690	15736	strict
2691	6581	equal
2691	16171	strict
2692	6582	equal
2693	6583	equal
2693	16431	strict
2694	6611	equal
2695	6612	equal
2696	6613	equal
2697	6614	equal
2698	6615	equal
2699	6616	equal
2700	6617	equal
2700	7130	strict
2701	6618	equal
2701	6621	strict
2702	6619	equal
2702	7049	strict
2703	6620	equal
2703	7050	strict
2704	6621	equal
2705	6622	equal
2705	7132	strict
2706	6645	equal
2706	6683	strict
2706	6685	strict
2706	6722	strict
2706	6726	strict
2706	7571	strict
2707	6646	equal
2707	6725	strict
2707	6727	strict
2707	6767	strict
2707	7208	strict
2707	7220	strict
2707	13351	strict
2708	6648	equal
2708	6686	strict
2708	6690	strict
2708	6731	strict
2708	6733	strict
2708	7258	strict
2709	6649	equal
2709	6689	strict
2709	6691	strict
2709	6769	strict
2709	7209	strict
2709	7221	strict
2709	13352	strict
2710	6650	equal
2710	6651	strict
2710	6654	strict
2710	6658	strict
2710	6666	strict
2710	6668	strict
2710	6681	strict
2710	6685	strict
2710	6949	strict
2710	6960	strict
2710	7027	strict
2710	7028	strict
2710	7032	strict
2710	7034	strict
2710	7035	strict
2711	6651	equal
2711	6681	strict
2711	6685	strict
2711	6960	strict
2711	7035	strict
2712	6658	equal
2713	6659	equal
2714	6662	equal
2714	7035	strict
2715	6663	equal
2715	7048	strict
2716	6664	equal
2716	6665	strict
2716	6666	strict
2716	6667	strict
2716	6668	strict
2716	6736	strict
2716	6737	strict
2716	6763	strict
2716	6947	strict
2716	6966	strict
2716	7023	strict
2716	7024	strict
2716	7027	strict
2716	7031	strict
2716	7032	strict
2716	7034	strict
2716	7035	strict
2717	6665	equal
2718	6666	equal
2718	6668	strict
2718	7027	strict
2718	7032	strict
2718	7034	strict
2718	7035	strict
2719	6667	equal
2719	7035	strict
2720	6669	equal
2720	6670	strict
2720	6675	strict
2720	6676	strict
2720	6679	strict
2720	6687	strict
2720	6691	strict
2720	6765	strict
2720	6952	strict
2720	6968	strict
2720	7037	strict
2720	7038	strict
2720	7040	strict
2720	7044	strict
2720	7045	strict
2720	7047	strict
2720	7048	strict
2721	6670	equal
2722	6671	equal
2722	6672	strict
2722	6673	strict
2722	6675	strict
2722	6677	strict
2722	6679	strict
2722	6688	strict
2722	6690	strict
2722	6954	strict
2722	6962	strict
2722	7040	strict
2722	7041	strict
2722	7045	strict
2722	7047	strict
2722	7048	strict
2722	7259	strict
2723	6672	equal
2723	6962	strict
2723	7048	strict
2724	6673	equal
2725	6674	equal
2726	6675	equal
2726	6679	strict
2726	7040	strict
2726	7045	strict
2726	7047	strict
2726	7048	strict
2727	6676	equal
2727	7048	strict
2728	6685	equal
2729	6686	equal
2729	7258	strict
2730	6687	equal
2730	6765	strict
2731	6688	equal
2731	7259	strict
2732	6689	equal
2732	6769	strict
2733	6690	equal
2734	6691	equal
2735	6692	equal
2735	11558	strict
2736	6693	equal
2736	11564	strict
2737	6694	equal
2737	6695	strict
2737	6708	strict
2737	6709	strict
2737	6718	strict
2737	6735	strict
2737	6737	strict
2737	6750	strict
2737	9056	strict
2737	9061	strict
2737	11536	strict
2737	11538	strict
2737	11546	strict
2737	11554	strict
2737	11555	strict
2737	11557	strict
2737	11558	strict
2738	6695	equal
2739	6696	equal
2739	6697	strict
2739	6702	strict
2739	6703	strict
2739	6721	strict
2739	6723	strict
2739	6727	strict
2739	6755	strict
2739	9058	strict
2739	9063	strict
2739	11539	strict
2739	11541	strict
2739	11542	strict
2739	11560	strict
2739	11561	strict
2739	11563	strict
2739	11564	strict
2740	6697	equal
2741	6698	equal
2741	6699	strict
2741	6700	strict
2741	6702	strict
2741	6719	strict
2741	6721	strict
2741	6724	strict
2741	6726	strict
2741	7572	strict
2741	9052	strict
2741	9065	strict
2741	11542	strict
2741	11543	strict
2741	11561	strict
2741	11563	strict
2741	11564	strict
2742	6699	equal
2742	9052	strict
2742	11564	strict
2743	6700	equal
2744	6701	equal
2745	6702	equal
2745	6721	strict
2745	11542	strict
2745	11561	strict
2745	11563	strict
2745	11564	strict
2746	6703	equal
2746	11564	strict
2747	6704	equal
2747	6705	strict
2747	6706	strict
2747	6708	strict
2747	6712	strict
2747	6718	strict
2747	6729	strict
2747	6733	strict
2747	9050	strict
2747	9067	strict
2747	11546	strict
2747	11547	strict
2747	11555	strict
2747	11557	strict
2747	11558	strict
2748	6705	equal
2748	6729	strict
2748	6733	strict
2748	9050	strict
2748	11558	strict
2749	6706	equal
2750	6707	equal
2751	6708	equal
2751	6718	strict
2751	11546	strict
2751	11555	strict
2751	11557	strict
2751	11558	strict
2752	6709	equal
2752	11558	strict
2753	6722	equal
2753	7571	strict
2754	6723	equal
2754	6755	strict
2755	6724	equal
2755	7572	strict
2756	6725	equal
2756	6767	strict
2757	6726	equal
2758	6727	equal
2759	6733	equal
2760	6735	equal
2760	6750	strict
2761	6736	equal
2761	6763	strict
2762	6737	equal
2763	6750	equal
2764	6755	equal
2765	6763	equal
2766	6765	equal
2767	6767	equal
2768	6769	equal
2769	6780	equal
2769	6781	strict
2769	6782	strict
2769	6969	strict
2769	6980	strict
2769	7099	strict
2769	7101	strict
2769	7108	strict
2769	7110	strict
2769	7111	strict
2769	7112	strict
2769	7113	strict
2769	7115	strict
2769	7204	strict
2769	7254	strict
2769	11647	strict
2770	6781	equal
2770	6980	strict
2770	7113	strict
2771	6785	equal
2771	6786	strict
2771	6787	strict
2771	6972	strict
2771	6982	strict
2771	7102	strict
2771	7104	strict
2771	7117	strict
2771	7122	strict
2771	7123	strict
2771	7125	strict
2771	7127	strict
2771	7128	strict
2771	7205	strict
2771	7206	strict
2771	7255	strict
2772	6786	equal
2772	6982	strict
2772	7128	strict
2773	6788	equal
2773	6789	strict
2773	6792	strict
2773	6830	strict
2773	7157	strict
2773	7574	strict
2773	9076	strict
2773	9079	strict
2773	11610	strict
2773	11612	strict
2773	11619	strict
2773	11621	strict
2773	11622	strict
2773	11623	strict
2773	11624	strict
2773	11626	strict
2774	6789	equal
2774	9076	strict
2774	11624	strict
2775	6793	equal
2775	6794	strict
2775	6797	strict
2775	6831	strict
2775	6832	strict
2775	7575	strict
2775	9078	strict
2775	9082	strict
2775	11613	strict
2775	11615	strict
2775	11628	strict
2775	11632	strict
2775	11633	strict
2775	11636	strict
2775	11638	strict
2775	11639	strict
2776	6794	equal
2776	9078	strict
2776	11639	strict
2777	6812	equal
2777	6821	strict
2777	6823	strict
2777	7230	strict
2777	7234	strict
2777	11720	strict
2778	6813	equal
2778	6825	strict
2778	6827	strict
2778	7231	strict
2778	7235	strict
2778	7312	strict
2779	6814	equal
2779	6815	strict
2779	6818	strict
2779	6822	strict
2779	6823	strict
2779	7335	strict
2779	9209	strict
2779	14772	strict
2779	14774	strict
2779	14926	strict
2779	15989	strict
2779	15991	strict
2779	15993	strict
2779	15994	strict
2779	15997	strict
2780	6815	equal
2780	6818	strict
2780	6823	strict
2780	9209	strict
2780	15997	strict
2781	6816	equal
2781	6817	strict
2781	6819	strict
2781	6826	strict
2781	6827	strict
2781	7337	strict
2781	9196	strict
2781	14775	strict
2781	14777	strict
2781	14932	strict
2781	14934	strict
2781	14936	strict
2781	14937	strict
2781	14940	strict
2781	15984	strict
2782	6817	equal
2782	6819	strict
2782	6827	strict
2782	9196	strict
2782	14940	strict
2783	6823	equal
2784	6827	equal
2785	6828	equal
2785	7073	strict
2786	6829	equal
2786	7074	strict
2787	6830	equal
2787	7157	strict
2788	6831	equal
2788	6832	strict
2789	6832	equal
2790	6833	equal
2790	7156	strict
2791	6844	equal
2791	6860	strict
2791	6862	strict
2791	7236	strict
2791	7250	strict
2791	11880	strict
2792	6849	equal
2792	6876	strict
2792	6878	strict
2792	7237	strict
2792	7238	strict
2792	7252	strict
2793	6850	equal
2793	6851	strict
2793	6854	strict
2793	6857	strict
2793	6862	strict
2793	9095	strict
2793	9105	strict
2793	11830	strict
2793	11832	strict
2793	11850	strict
2793	11854	strict
2793	11855	strict
2793	11856	strict
2793	11857	strict
2793	11861	strict
2794	6851	equal
2794	6857	strict
2794	6862	strict
2794	9105	strict
2794	11857	strict
2795	6862	equal
2796	6863	equal
2796	6864	strict
2796	6867	strict
2796	6872	strict
2796	6878	strict
2796	9098	strict
2796	9108	strict
2796	11833	strict
2796	11835	strict
2796	11863	strict
2796	11867	strict
2796	11868	strict
2796	11871	strict
2796	11873	strict
2796	11874	strict
2797	6864	equal
2797	6872	strict
2797	6878	strict
2797	9108	strict
2797	11874	strict
2798	6878	equal
2799	6884	equal
2799	6885	strict
2799	6886	strict
2799	6894	strict
2799	6895	strict
2799	7077	strict
2799	7081	strict
2799	7092	strict
2799	7093	strict
2799	7106	strict
2799	7110	strict
2799	7111	strict
2799	7112	strict
2799	7113	strict
2799	7136	strict
2800	6885	equal
2800	6886	strict
2800	6895	strict
2800	7081	strict
2800	7113	strict
2801	6890	equal
2801	6892	strict
2801	6895	strict
2801	7145	strict
2801	7146	strict
2801	8552	strict
2802	6895	equal
2803	6929	equal
2803	7170	strict
2803	7171	strict
2803	7189	strict
2803	7270	strict
2803	7272	strict
2803	12289	strict
2804	6930	equal
2804	7159	strict
2804	7160	strict
2804	7185	strict
2804	7273	strict
2804	7275	strict
2804	12298	strict
2805	6931	equal
2805	6936	strict
2805	6938	strict
2805	7161	strict
2805	7163	strict
2805	7311	strict
2806	6932	equal
2806	6933	strict
2806	6934	strict
2806	6937	strict
2806	6938	strict
2806	7190	strict
2806	7193	strict
2806	7197	strict
2806	7366	strict
2806	9319	strict
2806	16455	strict
2806	16457	strict
2806	16459	strict
2806	16460	strict
2806	16463	strict
2807	6933	equal
2807	6934	strict
2807	6938	strict
2807	9319	strict
2807	16463	strict
2808	6938	equal
2809	6939	equal
2810	6940	equal
2811	6942	equal
2812	6943	equal
2813	6945	equal
2814	6946	equal
2815	6947	equal
2816	6948	equal
2817	6949	equal
2818	6950	equal
2819	6952	equal
2820	6953	equal
2821	6954	equal
2822	6955	equal
2823	6959	equal
2823	6960	strict
2824	6960	equal
2825	6961	equal
2825	6962	strict
2826	6962	equal
2827	6963	equal
2827	6967	strict
2828	6964	equal
2828	6965	strict
2829	6965	equal
2830	6966	equal
2831	6967	equal
2832	6968	equal
2833	6969	equal
2834	6970	equal
2835	6972	equal
2836	6973	equal
2837	6975	equal
2837	6977	strict
2838	6977	equal
2839	6979	equal
2839	6980	strict
2840	6980	equal
2841	6981	equal
2841	6982	strict
2842	6982	equal
2843	6983	equal
2844	6985	equal
2845	6986	equal
2846	6988	equal
2847	6991	equal
2847	7113	strict
2848	6992	equal
2848	7128	strict
2849	6993	equal
2849	6995	strict
2849	7105	strict
2849	7107	strict
2849	7109	strict
2849	7113	strict
2850	6994	equal
2850	7113	strict
2851	6996	equal
2851	6998	strict
2851	7120	strict
2851	7121	strict
2851	7126	strict
2851	7128	strict
2852	6997	equal
2852	7128	strict
2853	6999	equal
2854	7000	equal
2855	7005	equal
2855	7006	strict
2856	7006	equal
2857	7007	equal
2857	7008	strict
2857	7009	strict
2857	7023	strict
2857	7025	strict
2857	7027	strict
2857	7029	strict
2857	7031	strict
2857	7032	strict
2857	7034	strict
2857	7035	strict
2857	7049	strict
2857	7055	strict
2857	7292	strict
2857	7296	strict
2857	13373	strict
2858	7008	equal
2858	7035	strict
2858	7049	strict
2859	7010	equal
2859	7011	strict
2859	7012	strict
2859	7037	strict
2859	7039	strict
2859	7040	strict
2859	7042	strict
2859	7044	strict
2859	7045	strict
2859	7047	strict
2859	7048	strict
2859	7050	strict
2859	7056	strict
2859	7293	strict
2859	7297	strict
2859	7316	strict
2860	7011	equal
2860	7048	strict
2860	7050	strict
2861	7013	equal
2861	7015	strict
2861	7026	strict
2861	7030	strict
2861	7033	strict
2861	7035	strict
2862	7014	equal
2862	7016	strict
2862	7019	strict
2862	7020	strict
2862	7046	strict
2862	7048	strict
2863	7017	equal
2864	7019	equal
2864	7020	strict
2864	7046	strict
2864	7048	strict
2865	7021	equal
2865	7035	strict
2866	7022	equal
2866	7048	strict
2867	7023	equal
2867	7027	strict
2867	7031	strict
2867	7032	strict
2867	7034	strict
2867	7035	strict
2868	7024	equal
2868	7035	strict
2869	7025	equal
2870	7026	equal
2870	7030	strict
2870	7033	strict
2870	7035	strict
2871	7027	equal
2871	7032	strict
2871	7034	strict
2871	7035	strict
2872	7028	equal
2872	7035	strict
2873	7029	equal
2873	7035	strict
2874	7036	equal
2875	7037	equal
2875	7040	strict
2875	7044	strict
2875	7045	strict
2875	7047	strict
2875	7048	strict
2876	7038	equal
2876	7048	strict
2877	7039	equal
2878	7040	equal
2878	7045	strict
2878	7047	strict
2878	7048	strict
2879	7041	equal
2879	7048	strict
2880	7042	equal
2880	7048	strict
2881	7049	equal
2882	7050	equal
2883	7051	equal
2884	7053	equal
2885	7055	equal
2886	7056	equal
2887	7057	equal
2887	7058	strict
2887	7063	strict
2887	7068	strict
2887	7070	strict
2887	7347	strict
2887	8505	strict
2887	9263	strict
2887	15264	strict
2887	15266	strict
2887	15382	strict
2887	16373	strict
2887	16374	strict
2887	16377	strict
2887	16378	strict
2887	16381	strict
2888	7058	equal
2888	9263	strict
2888	16381	strict
2889	7059	equal
2889	7060	strict
2889	7065	strict
2889	7067	strict
2889	7072	strict
2889	7349	strict
2889	8506	strict
2889	9244	strict
2889	15267	strict
2889	15269	strict
2889	15388	strict
2889	15390	strict
2889	15392	strict
2889	15393	strict
2889	15396	strict
2889	16370	strict
2890	7060	equal
2890	9244	strict
2890	15396	strict
2891	7061	equal
2891	7062	strict
2892	7062	equal
2893	7063	equal
2893	7068	strict
2894	7064	equal
2895	7065	equal
2895	7067	strict
2896	7066	equal
2897	7067	equal
2898	7068	equal
2899	7073	equal
2900	7074	equal
2901	7076	equal
2902	7077	equal
2903	7079	equal
2903	7081	strict
2904	7081	equal
2905	7083	equal
2905	7084	strict
2905	7085	strict
2905	7089	strict
2905	7096	strict
2905	7098	strict
2905	7122	strict
2905	7124	strict
2905	7125	strict
2905	7127	strict
2905	7128	strict
2905	7132	strict
2905	7142	strict
2905	7158	strict
2905	7163	strict
2905	7310	strict
2906	7084	equal
2906	7128	strict
2906	7132	strict
2907	7086	equal
2907	7091	strict
2907	7092	strict
2907	7093	strict
2907	7094	strict
2907	7099	strict
2907	7100	strict
2907	7101	strict
2907	7110	strict
2907	7111	strict
2907	7112	strict
2907	7113	strict
2907	7129	strict
2907	7133	strict
2907	7186	strict
2907	7188	strict
2907	7192	strict
2908	7087	equal
2908	7095	strict
2908	7096	strict
2908	7097	strict
2908	7098	strict
2908	7102	strict
2908	7103	strict
2908	7104	strict
2908	7122	strict
2908	7125	strict
2908	7127	strict
2908	7128	strict
2908	7131	strict
2908	7134	strict
2908	7160	strict
2908	7162	strict
2908	7199	strict
2909	7088	equal
2910	7089	equal
2911	7091	equal
2911	7113	strict
2912	7092	equal
2912	7093	strict
2912	7110	strict
2912	7111	strict
2912	7112	strict
2912	7113	strict
2913	7094	equal
2914	7095	equal
2915	7096	equal
2915	7098	strict
2915	7122	strict
2915	7125	strict
2915	7127	strict
2915	7128	strict
2916	7097	equal
2916	7128	strict
2917	7099	equal
2917	7101	strict
2917	7110	strict
2917	7111	strict
2917	7112	strict
2917	7113	strict
2918	7100	equal
2918	7113	strict
2919	7102	equal
2919	7104	strict
2919	7122	strict
2919	7125	strict
2919	7127	strict
2919	7128	strict
2920	7103	equal
2920	7128	strict
2921	7105	equal
2921	7107	strict
2921	7109	strict
2921	7113	strict
2922	7106	equal
2922	7113	strict
2923	7108	equal
2923	7113	strict
2924	7110	equal
2924	7111	strict
2924	7112	strict
2924	7113	strict
2925	7114	equal
2926	7115	equal
2927	7117	equal
2928	7118	equal
2929	7120	equal
2929	7121	strict
2929	7126	strict
2929	7128	strict
2930	7122	equal
2930	7125	strict
2930	7127	strict
2930	7128	strict
2931	7123	equal
2931	7128	strict
2932	7124	equal
2932	7128	strict
2933	7129	equal
2934	7130	equal
2935	7131	equal
2936	7132	equal
2937	7133	equal
2938	7134	equal
2939	7135	equal
2940	7136	equal
2941	7138	equal
2942	7139	equal
2943	7140	equal
2944	7142	equal
2945	7143	equal
2945	7144	strict
2945	7145	strict
2945	7147	strict
2945	7153	strict
2945	7168	strict
2945	7175	strict
2945	7183	strict
2945	7359	strict
2945	8577	strict
2945	9300	strict
2945	16195	strict
2945	16197	strict
2945	16199	strict
2945	16200	strict
2945	16203	strict
2946	7144	equal
2946	9300	strict
2946	16203	strict
2947	7145	equal
2948	7146	equal
2948	8552	strict
2949	7147	equal
2949	8577	strict
2950	7148	equal
2950	7149	strict
2951	7149	equal
2952	7150	equal
2952	7151	strict
2953	7151	equal
2954	7154	equal
2955	7155	equal
2956	7156	equal
2957	7157	equal
2958	7158	equal
2958	7310	strict
2959	7159	equal
2959	7185	strict
2960	7160	equal
2961	7161	equal
2961	7311	strict
2962	7162	equal
2962	7199	strict
2963	7163	equal
2964	7164	equal
2964	7167	strict
2964	7177	strict
2964	7179	strict
2964	7190	strict
2964	7191	strict
2964	7192	strict
2964	7197	strict
2964	7354	strict
2964	9320	strict
2964	16141	strict
2964	16142	strict
2964	16143	strict
2964	16455	strict
2964	16459	strict
2964	16460	strict
2964	16463	strict
2965	7165	equal
2965	7168	strict
2965	7169	strict
2965	7170	strict
2965	7173	strict
2965	7174	strict
2965	7183	strict
2965	7195	strict
2965	7355	strict
2965	9301	strict
2965	16144	strict
2965	16145	strict
2965	16146	strict
2965	16195	strict
2965	16199	strict
2965	16200	strict
2965	16203	strict
2966	7166	equal
2966	16203	strict
2967	7167	equal
2968	7168	equal
2968	7183	strict
2968	16195	strict
2968	16199	strict
2968	16200	strict
2968	16203	strict
2969	7169	equal
2969	16203	strict
2970	7170	equal
2971	7171	equal
2971	7189	strict
2972	7172	equal
2972	16463	strict
2973	7173	equal
2974	7174	equal
2974	7195	strict
2975	7175	equal
2976	7176	equal
2977	7177	equal
2977	7179	strict
2978	7179	equal
2979	7185	equal
2980	7186	equal
2980	7188	strict
2981	7188	equal
2982	7189	equal
2983	7190	equal
2983	7197	strict
2983	16455	strict
2983	16459	strict
2983	16460	strict
2983	16463	strict
2984	7191	equal
2984	16463	strict
2985	7192	equal
2986	7193	equal
2987	7194	equal
2988	7195	equal
2989	7199	equal
2990	7202	equal
2990	11567	strict
2991	7203	equal
2991	11568	strict
2992	7204	equal
2992	11647	strict
2993	7205	equal
2993	7206	strict
2994	7206	equal
2995	7207	equal
2995	11646	strict
2996	7208	equal
2996	13351	strict
2997	7209	equal
2997	13352	strict
2998	7210	equal
2998	8694	strict
2998	8732	strict
2998	9085	strict
2998	9235	strict
2998	11702	strict
2998	11704	strict
2998	12310	strict
2998	13368	strict
2998	13480	strict
2998	14394	strict
2998	14941	strict
2998	14945	strict
2998	14960	strict
2998	14962	strict
2998	14964	strict
2999	7211	equal
2999	8695	strict
2999	8733	strict
2999	9086	strict
2999	9089	strict
2999	11703	strict
2999	11705	strict
2999	11714	strict
2999	11721	strict
2999	12373	strict
2999	14395	strict
2999	14942	strict
2999	14944	strict
2999	14980	strict
2999	14982	strict
2999	14984	strict
3000	7212	equal
3000	7224	strict
3000	7226	strict
3000	7230	strict
3000	7232	strict
3000	8701	strict
3000	8734	strict
3000	11716	strict
3000	11723	strict
3000	12381	strict
3000	14396	strict
3000	14408	strict
3000	15010	strict
3000	15039	strict
3000	15041	strict
3000	15043	strict
3001	7213	equal
3001	7276	strict
3001	7284	strict
3001	7292	strict
3001	7294	strict
3001	8735	strict
3001	8812	strict
3001	12409	strict
3001	13374	strict
3001	13491	strict
3001	14397	strict
3001	14442	strict
3001	15411	strict
3001	15426	strict
3001	15428	strict
3001	15430	strict
3002	7214	equal
3002	7277	strict
3002	7285	strict
3002	7288	strict
3002	7293	strict
3002	7295	strict
3002	7303	strict
3002	7313	strict
3002	8736	strict
3002	8878	strict
3002	14398	strict
3002	14443	strict
3002	14448	strict
3002	16013	strict
3002	16015	strict
3002	16017	strict
3003	7215	equal
3003	7225	strict
3003	7227	strict
3003	7231	strict
3003	7233	strict
3003	7283	strict
3003	7304	strict
3003	7314	strict
3003	8737	strict
3003	8885	strict
3003	14399	strict
3003	14409	strict
3003	14449	strict
3003	16048	strict
3003	16050	strict
3003	16052	strict
3004	7216	equal
3004	8696	strict
3004	8766	strict
3004	9165	strict
3004	9167	strict
3004	11710	strict
3004	12312	strict
3004	13422	strict
3004	13431	strict
3004	14402	strict
3004	14404	strict
3004	14405	strict
3004	14987	strict
3004	14989	strict
3004	14993	strict
3004	14998	strict
3004	15008	strict
3005	7217	equal
3005	7278	strict
3005	7300	strict
3005	8767	strict
3005	8815	strict
3005	9168	strict
3005	9170	strict
3005	13425	strict
3005	13453	strict
3005	14403	strict
3005	14406	strict
3005	14407	strict
3005	14445	strict
3005	14447	strict
3005	15457	strict
3005	15462	strict
3005	15472	strict
3006	7218	equal
3006	7220	strict
3006	7222	strict
3006	7228	strict
3006	7232	strict
3006	8697	strict
3006	8768	strict
3006	11711	strict
3006	11723	strict
3006	12313	strict
3006	13421	strict
3006	13434	strict
3006	14408	strict
3006	15010	strict
3006	15038	strict
3006	15039	strict
3006	15041	strict
3007	7219	equal
3007	7221	strict
3007	7223	strict
3007	7229	strict
3007	7233	strict
3007	7279	strict
3007	7301	strict
3007	7314	strict
3007	8769	strict
3007	8816	strict
3007	13424	strict
3007	13456	strict
3007	14409	strict
3007	14449	strict
3007	16047	strict
3007	16048	strict
3007	16050	strict
3008	7220	equal
3009	7221	equal
3010	7222	equal
3010	13421	strict
3011	7223	equal
3011	13424	strict
3012	7224	equal
3013	7225	equal
3014	7226	equal
3014	11716	strict
3015	7227	equal
3015	7304	strict
3016	7228	equal
3017	7229	equal
3018	7230	equal
3019	7231	equal
3020	7232	equal
3020	11723	strict
3020	14408	strict
3020	15010	strict
3020	15039	strict
3020	15041	strict
3021	7233	equal
3021	7314	strict
3021	14409	strict
3021	14449	strict
3021	16048	strict
3021	16050	strict
3022	7234	equal
3022	11720	strict
3023	7235	equal
3023	7312	strict
3024	7236	equal
3024	11880	strict
3025	7237	equal
3025	7238	strict
3026	7238	equal
3027	7239	equal
3027	11879	strict
3028	7240	equal
3028	8702	strict
3028	8821	strict
3028	9109	strict
3028	9141	strict
3028	11889	strict
3028	11891	strict
3028	12211	strict
3028	12271	strict
3028	14418	strict
3028	14420	strict
3028	14421	strict
3028	15091	strict
3028	15094	strict
3028	15099	strict
3028	15101	strict
3028	15111	strict
3029	7241	equal
3029	7264	strict
3029	7266	strict
3029	7270	strict
3029	7271	strict
3029	8716	strict
3029	8822	strict
3029	12215	strict
3029	12286	strict
3029	14419	strict
3029	14422	strict
3029	14423	strict
3029	14439	strict
3029	14441	strict
3029	15165	strict
3029	15170	strict
3029	15186	strict
3030	7242	equal
3030	7290	strict
3030	7294	strict
3030	8703	strict
3030	8823	strict
3030	9110	strict
3030	9143	strict
3030	11890	strict
3030	11892	strict
3030	12212	strict
3030	12274	strict
3030	13374	strict
3030	14442	strict
3030	15411	strict
3030	15424	strict
3030	15426	strict
3030	15428	strict
3031	7243	equal
3031	7265	strict
3031	7267	strict
3031	7273	strict
3031	7274	strict
3031	7291	strict
3031	7295	strict
3031	7313	strict
3031	8717	strict
3031	8824	strict
3031	12216	strict
3031	12295	strict
3031	14443	strict
3031	14448	strict
3031	16012	strict
3031	16013	strict
3031	16015	strict
3032	7244	equal
3032	8704	strict
3032	8868	strict
3032	9117	strict
3032	9128	strict
3032	11991	strict
3032	12150	strict
3032	14427	strict
3032	14431	strict
3032	14433	strict
3032	14434	strict
3032	14435	strict
3032	15119	strict
3032	15128	strict
3032	15134	strict
3032	15144	strict
3033	7245	equal
3033	8705	strict
3033	8869	strict
3033	9122	strict
3033	9127	strict
3033	11993	strict
3033	12151	strict
3033	14428	strict
3033	14429	strict
3033	14430	strict
3033	14437	strict
3033	14438	strict
3033	15120	strict
3033	15124	strict
3033	15132	strict
3033	15159	strict
3034	7246	equal
3034	7250	strict
3034	7251	strict
3034	7268	strict
3034	7271	strict
3034	8706	strict
3034	8871	strict
3034	11998	strict
3034	12170	strict
3034	12286	strict
3034	14439	strict
3034	14440	strict
3034	14441	strict
3034	15165	strict
3034	15169	strict
3034	15186	strict
3035	7247	equal
3035	7252	strict
3035	7253	strict
3035	7260	strict
3035	7269	strict
3035	7274	strict
3035	7308	strict
3035	7313	strict
3035	8707	strict
3035	8879	strict
3035	12003	strict
3035	12295	strict
3035	14448	strict
3035	16011	strict
3035	16013	strict
3035	16015	strict
3036	7248	equal
3036	7254	strict
3036	7256	strict
3036	7298	strict
3036	7300	strict
3036	8708	strict
3036	8883	strict
3036	12008	strict
3036	12209	strict
3036	13453	strict
3036	14445	strict
3036	14446	strict
3036	14447	strict
3036	15457	strict
3036	15461	strict
3036	15472	strict
3037	7249	equal
3037	7255	strict
3037	7257	strict
3037	7262	strict
3037	7299	strict
3037	7301	strict
3037	7309	strict
3037	7314	strict
3037	8709	strict
3037	8886	strict
3037	12013	strict
3037	13456	strict
3037	14449	strict
3037	16046	strict
3037	16048	strict
3037	16050	strict
3038	7250	equal
3039	7251	equal
3039	12170	strict
3040	7252	equal
3041	7253	equal
3041	7260	strict
3042	7254	equal
3043	7255	equal
3044	7256	equal
3044	12209	strict
3045	7257	equal
3045	7262	strict
3046	7258	equal
3047	7259	equal
3048	7260	equal
3049	7261	equal
3049	12168	strict
3050	7262	equal
3051	7263	equal
3051	12208	strict
3052	7264	equal
3053	7265	equal
3054	7266	equal
3054	12215	strict
3055	7267	equal
3055	12216	strict
3056	7268	equal
3057	7269	equal
3058	7270	equal
3059	7271	equal
3059	12286	strict
3059	14439	strict
3059	14441	strict
3059	15165	strict
3059	15186	strict
3060	7272	equal
3060	12289	strict
3061	7273	equal
3062	7274	equal
3062	7313	strict
3062	12295	strict
3062	14448	strict
3062	16013	strict
3062	16015	strict
3063	7275	equal
3063	12298	strict
3064	7276	equal
3065	7277	equal
3066	7278	equal
3067	7279	equal
3068	7280	equal
3069	7281	equal
3070	7282	equal
3071	7283	equal
3072	7284	equal
3072	12409	strict
3073	7285	equal
3073	7288	strict
3074	7286	equal
3074	12424	strict
3075	7287	equal
3075	12425	strict
3076	7288	equal
3077	7289	equal
3077	12469	strict
3078	7290	equal
3079	7291	equal
3080	7292	equal
3081	7293	equal
3082	7294	equal
3082	13374	strict
3082	14442	strict
3082	15411	strict
3082	15426	strict
3082	15428	strict
3083	7295	equal
3083	7313	strict
3083	14443	strict
3083	14448	strict
3083	16013	strict
3083	16015	strict
3084	7296	equal
3084	13373	strict
3085	7297	equal
3085	7316	strict
3086	7298	equal
3087	7299	equal
3088	7300	equal
3088	13453	strict
3088	14445	strict
3088	14447	strict
3088	15457	strict
3088	15472	strict
3089	7301	equal
3089	7314	strict
3089	13456	strict
3089	14449	strict
3089	16048	strict
3089	16050	strict
3090	7302	equal
3091	7303	equal
3092	7304	equal
3093	7305	equal
3093	13536	strict
3094	7306	equal
3095	7307	equal
3096	7308	equal
3097	7309	equal
3098	7310	equal
3099	7311	equal
3100	7312	equal
3101	7313	equal
3101	14448	strict
3101	16013	strict
3101	16015	strict
3102	7314	equal
3102	14449	strict
3102	16048	strict
3102	16050	strict
3103	7315	equal
3103	16183	strict
3104	7316	equal
3105	7317	equal
3105	16443	strict
3106	7322	equal
3107	7323	equal
3108	7334	equal
3109	7335	equal
3110	7336	equal
3111	7337	equal
3112	7342	equal
3113	7343	equal
3114	7346	equal
3115	7347	equal
3116	7348	equal
3117	7349	equal
3118	7354	equal
3119	7355	equal
3120	7356	equal
3121	7357	equal
3122	7358	equal
3123	7359	equal
3124	7360	equal
3125	7361	equal
3126	7362	equal
3127	7363	equal
3128	7365	equal
3129	7366	equal
3130	7370	equal
3131	7371	equal
3132	7424	equal
3132	8361	strict
3133	7425	equal
3133	7428	strict
3134	7426	equal
3134	8510	strict
3135	7427	equal
3135	7429	strict
3136	7428	equal
3137	7429	equal
3138	7430	equal
3138	8337	strict
3139	7431	equal
3139	8346	strict
3140	7432	equal
3140	8362	strict
3141	7433	equal
3141	8511	strict
3142	7434	equal
3142	8542	strict
3143	7435	equal
3143	8562	strict
3144	7436	equal
3145	7437	equal
3146	7438	equal
3146	8566	strict
3147	7439	equal
3147	7446	strict
3148	7440	equal
3149	7441	equal
3149	8249	strict
3150	7442	equal
3151	7443	equal
3152	7444	equal
3153	7445	equal
3153	8520	strict
3154	7446	equal
3155	7447	equal
3155	8572	strict
3156	7458	equal
3156	7469	strict
3156	7471	strict
3156	7553	strict
3156	7564	strict
3156	8252	strict
3157	7459	equal
3157	7460	strict
3157	7463	strict
3157	7466	strict
3157	7471	strict
3157	8079	strict
3157	8086	strict
3157	8174	strict
3157	8176	strict
3157	8188	strict
3157	8192	strict
3157	8193	strict
3157	8194	strict
3157	8195	strict
3157	8206	strict
3158	7460	equal
3158	7466	strict
3158	7471	strict
3158	8086	strict
3158	8195	strict
3159	7471	equal
3160	7476	equal
3160	7489	strict
3160	7491	strict
3160	7554	strict
3160	7555	strict
3160	7567	strict
3161	7477	equal
3161	7478	strict
3161	7481	strict
3161	7485	strict
3161	7491	strict
3161	8087	strict
3161	8092	strict
3161	8210	strict
3161	8212	strict
3161	8215	strict
3161	8239	strict
3161	8240	strict
3161	8243	strict
3161	8245	strict
3161	8246	strict
3162	7478	equal
3162	7485	strict
3162	7491	strict
3162	8092	strict
3162	8246	strict
3163	7491	equal
3164	7498	equal
3164	7499	strict
3164	7500	strict
3164	7508	strict
3164	7509	strict
3164	11582	strict
3164	11586	strict
3164	11603	strict
3164	11604	strict
3164	11617	strict
3164	11621	strict
3164	11622	strict
3164	11623	strict
3164	11624	strict
3164	11651	strict
3165	7499	equal
3165	7500	strict
3165	7509	strict
3165	11586	strict
3165	11624	strict
3166	7504	equal
3166	7506	strict
3166	7509	strict
3166	11577	strict
3166	11578	strict
3166	12185	strict
3167	7509	equal
3168	7543	equal
3168	7586	strict
3168	7588	strict
3168	8603	strict
3168	11664	strict
3168	11665	strict
3168	11686	strict
3169	7544	equal
3169	7590	strict
3169	7592	strict
3169	8621	strict
3169	11679	strict
3169	11681	strict
3169	11682	strict
3170	7545	equal
3170	7550	strict
3170	7552	strict
3170	11687	strict
3170	11689	strict
3170	11719	strict
3171	7546	equal
3171	7547	strict
3171	7548	strict
3171	7551	strict
3171	7552	strict
3171	11690	strict
3171	11693	strict
3171	11697	strict
3171	11754	strict
3171	12492	strict
3171	16373	strict
3171	16375	strict
3171	16377	strict
3171	16378	strict
3171	16381	strict
3172	7547	equal
3172	7548	strict
3172	7552	strict
3172	12492	strict
3172	16381	strict
3173	7552	equal
3174	7553	equal
3174	8252	strict
3175	7554	equal
3175	7555	strict
3176	7555	equal
3177	7556	equal
3177	8251	strict
3178	7557	equal
3178	8059	strict
3178	8093	strict
3178	8125	strict
3178	8256	strict
3178	8257	strict
3178	8578	strict
3178	8591	strict
3178	12322	strict
3178	14427	strict
3178	14431	strict
3178	14434	strict
3178	14621	strict
3178	15117	strict
3178	15119	strict
3178	15134	strict
3178	15144	strict
3179	7558	equal
3179	7581	strict
3179	7583	strict
3179	7586	strict
3179	7587	strict
3179	8072	strict
3179	8582	strict
3179	8600	strict
3179	12323	strict
3179	14428	strict
3179	14430	strict
3179	14438	strict
3179	14626	strict
3179	15118	strict
3179	15120	strict
3179	15124	strict
3179	15159	strict
3180	7559	equal
3180	8060	strict
3180	8094	strict
3180	8127	strict
3180	8260	strict
3180	8261	strict
3180	8580	strict
3180	8609	strict
3180	11704	strict
3180	11706	strict
3180	12330	strict
3180	13368	strict
3180	14941	strict
3180	14945	strict
3180	14956	strict
3180	14960	strict
3180	14962	strict
3181	7560	equal
3181	7582	strict
3181	7584	strict
3181	7590	strict
3181	7591	strict
3181	8074	strict
3181	8584	strict
3181	8618	strict
3181	11705	strict
3181	11707	strict
3181	11721	strict
3181	12331	strict
3181	14942	strict
3181	14944	strict
3181	14976	strict
3181	14980	strict
3181	14982	strict
3182	7561	equal
3182	8061	strict
3182	8098	strict
3182	8109	strict
3182	8269	strict
3182	8505	strict
3182	12363	strict
3182	14418	strict
3182	14421	strict
3182	14615	strict
3182	15091	strict
3182	15093	strict
3182	15094	strict
3182	15101	strict
3182	15111	strict
3182	15162	strict
3183	7562	equal
3183	8062	strict
3183	8103	strict
3183	8108	strict
3183	8274	strict
3183	8506	strict
3183	12364	strict
3183	14419	strict
3183	14423	strict
3183	14424	strict
3183	14439	strict
3183	14441	strict
3183	14631	strict
3183	15164	strict
3183	15165	strict
3183	15186	strict
3184	7563	equal
3184	7564	strict
3184	7565	strict
3184	7585	strict
3184	7587	strict
3184	8063	strict
3184	8279	strict
3184	8525	strict
3184	8600	strict
3184	12366	strict
3184	14430	strict
3184	14438	strict
3184	14625	strict
3184	15123	strict
3184	15124	strict
3184	15159	strict
3185	7564	equal
3186	7565	equal
3186	8525	strict
3187	7566	equal
3187	7567	strict
3187	7568	strict
3187	7573	strict
3187	7589	strict
3187	7591	strict
3187	8064	strict
3187	8399	strict
3187	8618	strict
3187	11721	strict
3187	11725	strict
3187	12374	strict
3187	14944	strict
3187	14975	strict
3187	14980	strict
3187	14982	strict
3188	7567	equal
3189	7568	equal
3189	7573	strict
3190	7569	equal
3190	7574	strict
3190	7577	strict
3190	8065	strict
3190	8411	strict
3190	8576	strict
3190	11710	strict
3190	11712	strict
3190	12379	strict
3190	13431	strict
3190	14987	strict
3190	14988	strict
3190	14989	strict
3190	14993	strict
3190	14997	strict
3190	15008	strict
3191	7570	equal
3191	7575	strict
3191	7578	strict
3191	7579	strict
3191	8066	strict
3191	8416	strict
3191	11711	strict
3191	11713	strict
3191	11722	strict
3191	11723	strict
3191	12382	strict
3191	13434	strict
3191	15010	strict
3191	15035	strict
3191	15039	strict
3191	15041	strict
3192	7571	equal
3193	7572	equal
3194	7573	equal
3195	7574	equal
3196	7575	equal
3197	7576	equal
3197	8523	strict
3198	7577	equal
3198	8576	strict
3199	7578	equal
3199	7579	strict
3200	7579	equal
3201	7580	equal
3201	8575	strict
3202	7581	equal
3203	7582	equal
3204	7583	equal
3204	8582	strict
3205	7584	equal
3205	8584	strict
3206	7585	equal
3207	7586	equal
3208	7587	equal
3208	8600	strict
3208	14430	strict
3208	14438	strict
3208	15124	strict
3208	15159	strict
3209	7588	equal
3209	8603	strict
3210	7589	equal
3211	7590	equal
3212	7591	equal
3212	8618	strict
3212	11721	strict
3212	14944	strict
3212	14980	strict
3212	14982	strict
3213	7592	equal
3213	8621	strict
3214	7613	equal
3214	7614	strict
3214	7624	strict
3214	8178	strict
3214	8221	strict
3214	8360	strict
3214	11813	strict
3214	11817	strict
3214	11842	strict
3214	11843	strict
3214	11852	strict
3214	11854	strict
3214	11855	strict
3214	11856	strict
3214	11857	strict
3214	11882	strict
3215	7614	equal
3215	11817	strict
3215	11857	strict
3216	7619	equal
3216	7620	strict
3216	7623	strict
3216	8181	strict
3216	8185	strict
3216	8186	strict
3216	8190	strict
3216	8192	strict
3216	8193	strict
3216	8194	strict
3216	8195	strict
3216	8199	strict
3216	8202	strict
3216	11808	strict
3216	11809	strict
3216	12122	strict
3217	7620	equal
3217	8181	strict
3217	8195	strict
3218	7658	equal
3218	7997	strict
3218	8003	strict
3218	8012	strict
3218	8013	strict
3218	13469	strict
3218	14402	strict
3218	14405	strict
3218	14606	strict
3218	14987	strict
3218	14989	strict
3218	14992	strict
3218	14993	strict
3218	15008	strict
3218	15450	strict
3219	7659	equal
3219	7998	strict
3219	8004	strict
3219	8017	strict
3219	8018	strict
3219	13470	strict
3219	14403	strict
3219	14407	strict
3219	14414	strict
3219	14445	strict
3219	14447	strict
3219	14674	strict
3219	15456	strict
3219	15457	strict
3219	15472	strict
3220	7660	equal
3220	7999	strict
3220	8005	strict
3220	8022	strict
3220	8023	strict
3220	8257	strict
3220	8258	strict
3220	8591	strict
3220	13472	strict
3220	14431	strict
3220	14434	strict
3220	14620	strict
3220	15133	strict
3220	15134	strict
3220	15144	strict
3221	7661	equal
3221	8000	strict
3221	8006	strict
3221	8028	strict
3221	8029	strict
3221	8261	strict
3221	8262	strict
3221	8609	strict
3221	13368	strict
3221	13371	strict
3221	13481	strict
3221	14945	strict
3221	14955	strict
3221	14960	strict
3221	14962	strict
3222	7662	equal
3222	8001	strict
3222	8007	strict
3222	8042	strict
3222	8043	strict
3222	11891	strict
3222	11893	strict
3222	12271	strict
3222	13489	strict
3222	15091	strict
3222	15094	strict
3222	15098	strict
3222	15100	strict
3222	15101	strict
3222	15111	strict
3223	7663	equal
3223	8002	strict
3223	8008	strict
3223	8047	strict
3223	8048	strict
3223	11892	strict
3223	11894	strict
3223	12274	strict
3223	13370	strict
3223	13374	strict
3223	13492	strict
3223	15411	strict
3223	15422	strict
3223	15426	strict
3223	15428	strict
3224	7676	equal
3224	7677	strict
3224	7678	strict
3224	7687	strict
3224	7689	strict
3224	7717	strict
3224	7736	strict
3224	7739	strict
3224	8298	strict
3224	8319	strict
3224	8340	strict
3224	8341	strict
3224	8342	strict
3224	8343	strict
3224	8377	strict
3225	7677	equal
3225	7678	strict
3225	7689	strict
3225	8298	strict
3225	8343	strict
3226	7684	equal
3226	7686	strict
3226	7689	strict
3226	7697	strict
3226	7713	strict
3226	8437	strict
3227	7689	equal
3228	7695	equal
3228	7710	strict
3228	7714	strict
3228	7801	strict
3228	13400	strict
3228	13402	strict
3228	13418	strict
3229	7697	equal
3229	8437	strict
3230	7698	equal
3230	12105	strict
3231	7699	equal
3231	12114	strict
3232	7700	equal
3232	7701	strict
3232	7720	strict
3232	7725	strict
3232	7745	strict
3232	7746	strict
3232	7747	strict
3232	7792	strict
3232	11932	strict
3232	11947	strict
3232	12080	strict
3232	12099	strict
3232	12100	strict
3232	12101	strict
3232	12102	strict
3232	12104	strict
3232	12105	strict
3233	7701	equal
3234	7702	equal
3234	7703	strict
3234	7704	strict
3234	7711	strict
3234	7712	strict
3234	7714	strict
3234	7750	strict
3234	7803	strict
3234	11933	strict
3234	11950	strict
3234	12084	strict
3234	12108	strict
3234	12109	strict
3234	12110	strict
3234	12111	strict
3234	12112	strict
3234	12114	strict
3235	7703	equal
3236	7704	equal
3236	7750	strict
3237	7705	equal
3237	7706	strict
3237	7707	strict
3237	7708	strict
3237	7711	strict
3237	7713	strict
3237	7796	strict
3237	7803	strict
3237	8438	strict
3237	11934	strict
3237	11949	strict
3237	12085	strict
3237	12109	strict
3237	12110	strict
3237	12112	strict
3237	12114	strict
3238	7706	equal
3238	11949	strict
3238	12114	strict
3239	7707	equal
3239	8438	strict
3240	7708	equal
3241	7709	equal
3242	7710	equal
3242	7801	strict
3243	7711	equal
3243	7803	strict
3243	12109	strict
3243	12110	strict
3243	12112	strict
3243	12114	strict
3244	7712	equal
3244	12114	strict
3245	7713	equal
3246	7714	equal
3247	7717	equal
3248	7718	equal
3249	7720	equal
3249	7725	strict
3250	7725	equal
3251	7727	equal
3251	8343	strict
3252	7728	equal
3252	8352	strict
3253	7734	equal
3253	7735	strict
3253	7736	strict
3253	7737	strict
3253	7739	strict
3253	7744	strict
3253	7747	strict
3253	7790	strict
3253	8300	strict
3253	8318	strict
3253	8338	strict
3253	8339	strict
3253	8340	strict
3253	8341	strict
3253	8342	strict
3253	8343	strict
3253	8375	strict
3254	7735	equal
3255	7736	equal
3255	7739	strict
3255	8340	strict
3255	8341	strict
3255	8342	strict
3255	8343	strict
3256	7737	equal
3256	8343	strict
3257	7740	equal
3257	7741	strict
3257	7742	strict
3257	7745	strict
3257	7748	strict
3257	7761	strict
3257	7762	strict
3257	7792	strict
3257	11936	strict
3257	11945	strict
3257	12081	strict
3257	12100	strict
3257	12101	strict
3257	12104	strict
3257	12105	strict
3258	7741	equal
3258	7748	strict
3258	7762	strict
3258	11945	strict
3258	12105	strict
3259	7742	equal
3260	7743	equal
3261	7744	equal
3261	7790	strict
3262	7745	equal
3262	7792	strict
3262	12100	strict
3262	12101	strict
3262	12104	strict
3262	12105	strict
3263	7746	equal
3263	12105	strict
3264	7747	equal
3265	7750	equal
3266	7757	equal
3266	7759	strict
3266	7762	strict
3266	7770	strict
3266	7782	strict
3266	11905	strict
3267	7762	equal
3268	7768	equal
3268	7781	strict
3268	7783	strict
3268	7804	strict
3268	13401	strict
3268	13403	strict
3268	13419	strict
3269	7770	equal
3269	11905	strict
3270	7771	equal
3270	7772	strict
3270	7773	strict
3270	7778	strict
3270	7779	strict
3270	7783	strict
3270	7793	strict
3270	7799	strict
3270	8303	strict
3270	8322	strict
3270	8347	strict
3270	8348	strict
3270	8349	strict
3270	8350	strict
3270	8351	strict
3270	8352	strict
3270	8380	strict
3271	7772	equal
3272	7773	equal
3272	7793	strict
3273	7774	equal
3273	7775	strict
3273	7776	strict
3273	7778	strict
3273	7780	strict
3273	7782	strict
3273	7795	strict
3273	7799	strict
3273	8302	strict
3273	8323	strict
3273	8349	strict
3273	8350	strict
3273	8351	strict
3273	8352	strict
3273	8381	strict
3273	11906	strict
3274	7775	equal
3274	8302	strict
3274	8352	strict
3275	7776	equal
3276	7777	equal
3277	7778	equal
3277	7799	strict
3277	8349	strict
3277	8350	strict
3277	8351	strict
3277	8352	strict
3278	7779	equal
3278	8352	strict
3279	7780	equal
3279	11906	strict
3280	7781	equal
3280	7804	strict
3281	7782	equal
3282	7783	equal
3283	7790	equal
3284	7793	equal
3285	7801	equal
3286	7804	equal
3287	7812	equal
3287	7813	strict
3287	7826	strict
3287	8287	strict
3287	8288	strict
3287	8436	strict
3287	11925	strict
3287	11953	strict
3287	12048	strict
3287	12049	strict
3287	12068	strict
3287	12116	strict
3287	12125	strict
3287	12126	strict
3287	12127	strict
3287	12129	strict
3288	7813	equal
3288	11953	strict
3288	12129	strict
3289	7821	equal
3289	7822	strict
3289	7825	strict
3289	8306	strict
3289	8308	strict
3289	8309	strict
3289	8311	strict
3289	8354	strict
3289	8364	strict
3289	8365	strict
3289	8366	strict
3289	8367	strict
3289	8369	strict
3289	11904	strict
3289	11909	strict
3289	11911	strict
3290	7822	equal
3290	8306	strict
3290	8367	strict
3291	7844	equal
3291	7845	strict
3291	7846	strict
3291	7856	strict
3291	7857	strict
3291	11922	strict
3291	11957	strict
3291	11975	strict
3291	11976	strict
3291	12040	strict
3291	12172	strict
3291	12180	strict
3291	12181	strict
3291	12182	strict
3291	12184	strict
3292	7845	equal
3292	7846	strict
3292	7857	strict
3292	11957	strict
3292	12184	strict
3293	7852	equal
3293	7854	strict
3293	7857	strict
3293	11901	strict
3293	11902	strict
3293	11907	strict
3294	7857	equal
3295	7948	equal
3295	7949	strict
3295	7950	strict
3295	7960	strict
3295	7961	strict
3295	8463	strict
3295	8476	strict
3295	8477	strict
3295	8486	strict
3295	8530	strict
3295	8539	strict
3295	8547	strict
3295	8548	strict
3295	8549	strict
3295	8550	strict
3296	7949	equal
3296	7950	strict
3296	7961	strict
3296	8530	strict
3296	8550	strict
3297	7956	equal
3297	7958	strict
3297	7961	strict
3297	8456	strict
3297	8457	strict
3297	8459	strict
3298	7961	equal
3299	7997	equal
3299	8003	strict
3299	8013	strict
3299	14606	strict
3299	15008	strict
3300	7998	equal
3300	8004	strict
3300	8018	strict
3300	14674	strict
3300	15472	strict
3301	7999	equal
3301	8005	strict
3301	8023	strict
3301	14620	strict
3301	15144	strict
3302	8000	equal
3302	8006	strict
3302	8029	strict
3302	14955	strict
3302	14962	strict
3303	8001	equal
3303	8007	strict
3303	8043	strict
3303	15098	strict
3303	15111	strict
3304	8002	equal
3304	8008	strict
3304	8048	strict
3304	15422	strict
3304	15428	strict
3305	8009	equal
3305	8011	strict
3305	8013	strict
3305	14236	strict
3305	14238	strict
3305	15449	strict
3306	8013	equal
3307	8014	equal
3307	8016	strict
3307	8018	strict
3307	14237	strict
3307	14239	strict
3307	14306	strict
3308	8018	equal
3309	8019	equal
3309	8021	strict
3309	8023	strict
3309	8589	strict
3309	8592	strict
3309	14304	strict
3310	8023	equal
3311	8024	equal
3311	8595	strict
3311	8597	strict
3311	8601	strict
3311	12225	strict
3311	12226	strict
3311	12247	strict
3312	8025	equal
3312	8027	strict
3312	8029	strict
3312	8607	strict
3312	8610	strict
3312	15138	strict
3313	8029	equal
3314	8030	equal
3314	8613	strict
3314	8615	strict
3314	8619	strict
3314	12240	strict
3314	12242	strict
3314	12245	strict
3315	8031	equal
3315	8032	strict
3315	8033	strict
3315	8037	strict
3315	8038	strict
3315	12248	strict
3315	12251	strict
3315	12256	strict
3315	14860	strict
3315	14863	strict
3315	14882	strict
3315	14892	strict
3315	14894	strict
3315	14896	strict
3315	16305	strict
3316	8032	equal
3316	8033	strict
3316	8038	strict
3316	14882	strict
3316	14896	strict
3317	8034	equal
3317	8036	strict
3317	8038	strict
3317	12254	strict
3317	12260	strict
3317	16353	strict
3318	8038	equal
3319	8039	equal
3319	8041	strict
3319	8043	strict
3319	12269	strict
3319	12275	strict
3319	15406	strict
3320	8043	equal
3321	8044	equal
3321	8046	strict
3321	8048	strict
3321	12272	strict
3321	12278	strict
3321	15104	strict
3322	8048	equal
3323	8049	equal
3323	8628	strict
3323	8629	strict
3323	8650	strict
3323	12281	strict
3323	12283	strict
3323	12287	strict
3324	8050	equal
3324	8643	strict
3324	8645	strict
3324	8648	strict
3324	12290	strict
3324	12292	strict
3324	12296	strict
3325	8051	equal
3325	8052	strict
3325	8053	strict
3325	8057	strict
3325	8058	strict
3325	8651	strict
3325	8654	strict
3325	8659	strict
3325	15917	strict
3325	15920	strict
3325	15939	strict
3325	15949	strict
3325	15951	strict
3325	15953	strict
3325	16310	strict
3326	8052	equal
3326	8053	strict
3326	8058	strict
3326	15939	strict
3326	15953	strict
3327	8054	equal
3327	8056	strict
3327	8058	strict
3327	8657	strict
3327	8663	strict
3327	16415	strict
3328	8058	equal
3329	8059	equal
3330	8060	equal
3331	8061	equal
3331	14615	strict
3331	15111	strict
3332	8062	equal
3332	14631	strict
3332	15186	strict
3333	8063	equal
3333	14625	strict
3333	15159	strict
3334	8064	equal
3334	14975	strict
3334	14982	strict
3335	8065	equal
3335	14997	strict
3335	15008	strict
3336	8066	equal
3336	15035	strict
3336	15041	strict
3337	8067	equal
3337	15144	strict
3338	8068	equal
3338	15159	strict
3339	8069	equal
3339	14962	strict
3340	8070	equal
3340	14982	strict
3341	8071	equal
3342	8072	equal
3342	15159	strict
3343	8073	equal
3344	8074	equal
3344	14982	strict
3345	8079	equal
3346	8080	equal
3347	8082	equal
3347	8084	strict
3348	8084	equal
3349	8085	equal
3349	8086	strict
3350	8086	equal
3351	8087	equal
3352	8088	equal
3353	8091	equal
3353	8092	strict
3354	8092	equal
3355	8093	equal
3355	8125	strict
3356	8094	equal
3356	8127	strict
3357	8098	equal
3357	8109	strict
3358	8100	equal
3358	8101	strict
3359	8101	equal
3360	8102	equal
3361	8103	equal
3361	8108	strict
3362	8104	equal
3362	8106	strict
3363	8106	equal
3364	8107	equal
3365	8108	equal
3366	8109	equal
3367	8110	equal
3367	8112	strict
3368	8112	equal
3369	8117	equal
3369	8119	strict
3370	8119	equal
3371	8125	equal
3372	8127	equal
3373	8129	equal
3373	8195	strict
3374	8130	equal
3374	8367	strict
3375	8131	equal
3375	8133	strict
3375	8187	strict
3375	8189	strict
3375	8191	strict
3375	8195	strict
3376	8132	equal
3376	8195	strict
3377	8134	equal
3377	8136	strict
3377	8353	strict
3377	8355	strict
3377	8357	strict
3377	8367	strict
3378	8135	equal
3378	8367	strict
3379	8137	equal
3380	8138	equal
3381	8139	equal
3381	8246	strict
3382	8140	equal
3382	8519	strict
3383	8141	equal
3384	8142	equal
3385	8143	equal
3385	8144	strict
3385	8238	strict
3385	8242	strict
3385	8244	strict
3385	8246	strict
3386	8145	equal
3386	8246	strict
3387	8146	equal
3387	8147	strict
3387	8507	strict
3387	8508	strict
3387	8517	strict
3387	8519	strict
3388	8148	equal
3388	8519	strict
3389	8149	equal
3390	8150	equal
3391	8152	equal
3392	8153	equal
3393	8155	equal
3394	8156	equal
3395	8158	equal
3396	8159	equal
3397	8163	equal
3397	8550	strict
3398	8164	equal
3398	8571	strict
3399	8165	equal
3400	8166	equal
3401	8167	equal
3401	8169	strict
3401	8538	strict
3401	8540	strict
3401	8544	strict
3401	8550	strict
3402	8168	equal
3402	8550	strict
3403	8170	equal
3403	8172	strict
3403	8559	strict
3403	8560	strict
3403	8569	strict
3403	8571	strict
3404	8171	equal
3404	8571	strict
3405	8173	equal
3405	8174	strict
3405	8175	strict
3405	8176	strict
3405	8177	strict
3405	8184	strict
3405	8185	strict
3405	8186	strict
3405	8192	strict
3405	8193	strict
3405	8194	strict
3405	8195	strict
3405	8196	strict
3405	8204	strict
3405	8256	strict
3405	8259	strict
3405	8602	strict
3406	8174	equal
3406	8176	strict
3406	8192	strict
3406	8193	strict
3406	8194	strict
3406	8195	strict
3407	8175	equal
3407	8195	strict
3408	8177	equal
3409	8178	equal
3409	8360	strict
3410	8179	equal
3410	8181	strict
3411	8181	equal
3412	8182	equal
3412	8183	strict
3413	8183	equal
3414	8184	equal
3414	8195	strict
3415	8185	equal
3415	8186	strict
3415	8192	strict
3415	8193	strict
3415	8194	strict
3415	8195	strict
3416	8187	equal
3416	8189	strict
3416	8191	strict
3416	8195	strict
3417	8188	equal
3417	8195	strict
3418	8190	equal
3418	8195	strict
3419	8192	equal
3419	8193	strict
3419	8194	strict
3419	8195	strict
3420	8196	equal
3421	8197	equal
3422	8198	equal
3423	8199	equal
3424	8201	equal
3425	8202	equal
3426	8204	equal
3427	8205	equal
3428	8206	equal
3429	8208	equal
3430	8209	equal
3430	8210	strict
3430	8211	strict
3430	8212	strict
3430	8213	strict
3430	8214	strict
3430	8235	strict
3430	8236	strict
3430	8237	strict
3430	8239	strict
3430	8243	strict
3430	8245	strict
3430	8246	strict
3430	8248	strict
3430	8260	strict
3430	8263	strict
3430	8620	strict
3431	8210	equal
3431	8212	strict
3431	8239	strict
3431	8243	strict
3431	8245	strict
3431	8246	strict
3432	8211	equal
3432	8246	strict
3433	8213	equal
3434	8214	equal
3435	8215	equal
3436	8216	equal
3437	8218	equal
3438	8219	equal
3438	8220	strict
3438	8221	strict
3438	8227	strict
3438	8231	strict
3438	8524	strict
3438	13356	strict
3438	13358	strict
3438	13362	strict
3438	13391	strict
3438	13554	strict
3438	15989	strict
3438	15990	strict
3438	15993	strict
3438	15994	strict
3438	15997	strict
3439	8220	equal
3439	13554	strict
3439	15997	strict
3440	8221	equal
3441	8223	equal
3441	8224	strict
3441	8225	strict
3441	8230	strict
3441	8235	strict
3441	8237	strict
3441	8239	strict
3441	8241	strict
3441	8243	strict
3441	8245	strict
3441	8246	strict
3441	8249	strict
3441	8255	strict
3441	13360	strict
3441	13363	strict
3441	13372	strict
3442	8224	equal
3442	8246	strict
3442	8249	strict
3443	8228	equal
3444	8230	equal
3445	8231	equal
3445	8524	strict
3446	8233	equal
3446	8234	strict
3447	8234	equal
3448	8235	equal
3448	8237	strict
3448	8239	strict
3448	8243	strict
3448	8245	strict
3448	8246	strict
3449	8236	equal
3449	8246	strict
3450	8238	equal
3450	8242	strict
3450	8244	strict
3450	8246	strict
3451	8239	equal
3451	8243	strict
3451	8245	strict
3451	8246	strict
3452	8240	equal
3452	8246	strict
3453	8241	equal
3453	8246	strict
3454	8247	equal
3455	8248	equal
3456	8249	equal
3457	8250	equal
3458	8251	equal
3459	8252	equal
3460	8253	equal
3461	8255	equal
3462	8256	equal
3463	8257	equal
3463	8591	strict
3463	14431	strict
3463	14434	strict
3463	15134	strict
3463	15144	strict
3464	8258	equal
3465	8259	equal
3465	8602	strict
3466	8260	equal
3467	8261	equal
3467	8609	strict
3467	13368	strict
3467	14945	strict
3467	14960	strict
3467	14962	strict
3468	8262	equal
3469	8263	equal
3469	8620	strict
3470	8264	equal
3470	8280	strict
3470	8284	strict
3470	8285	strict
3470	8286	strict
3470	8307	strict
3470	8308	strict
3470	8309	strict
3470	8363	strict
3470	8364	strict
3470	8365	strict
3470	8366	strict
3470	8367	strict
3470	8383	strict
3470	8586	strict
3470	8588	strict
3470	8601	strict
3471	8265	equal
3471	8266	strict
3471	8268	strict
3471	8329	strict
3471	8335	strict
3471	8337	strict
3471	8338	strict
3471	8339	strict
3471	8340	strict
3471	8341	strict
3471	8342	strict
3471	8343	strict
3471	8387	strict
3471	14302	strict
3471	14326	strict
3471	15173	strict
3472	8266	equal
3472	8337	strict
3472	8343	strict
3473	8270	equal
3473	8271	strict
3473	8273	strict
3473	8331	strict
3473	8344	strict
3473	8346	strict
3473	8347	strict
3473	8348	strict
3473	8349	strict
3473	8350	strict
3473	8351	strict
3473	8352	strict
3473	8389	strict
3473	14303	strict
3473	14327	strict
3473	14328	strict
3474	8271	equal
3474	8346	strict
3474	8352	strict
3475	8275	equal
3475	8276	strict
3475	8278	strict
3475	8281	strict
3475	8284	strict
3475	8286	strict
3475	8356	strict
3475	8362	strict
3475	8364	strict
3475	8365	strict
3475	8366	strict
3475	8367	strict
3475	8392	strict
3475	8592	strict
3475	8598	strict
3475	14305	strict
3476	8276	equal
3476	8362	strict
3476	8367	strict
3477	8280	equal
3478	8281	equal
3479	8282	equal
3480	8284	equal
3480	8286	strict
3480	8364	strict
3480	8365	strict
3480	8366	strict
3480	8367	strict
3481	8285	equal
3481	8367	strict
3482	8287	equal
3482	8288	strict
3483	8288	equal
3484	8289	equal
3484	8333	strict
3485	8290	equal
3485	8334	strict
3486	8291	equal
3486	8358	strict
3487	8292	equal
3487	8301	strict
3488	8293	equal
3488	8294	strict
3489	8294	equal
3490	8295	equal
3490	8302	strict
3491	8296	equal
3491	8298	strict
3492	8298	equal
3493	8300	equal
3494	8301	equal
3495	8302	equal
3496	8303	equal
3497	8304	equal
3497	8306	strict
3498	8306	equal
3499	8307	equal
3499	8367	strict
3500	8308	equal
3500	8309	strict
3500	8364	strict
3500	8365	strict
3500	8366	strict
3500	8367	strict
3501	8310	equal
3502	8311	equal
3503	8313	equal
3503	8317	strict
3503	8320	strict
3503	8326	strict
3503	8336	strict
3503	8343	strict
3504	8314	equal
3504	8316	strict
3504	8324	strict
3504	8328	strict
3504	8332	strict
3504	8352	strict
3505	8315	equal
3506	8316	equal
3506	8324	strict
3506	8332	strict
3506	8352	strict
3507	8317	equal
3507	8320	strict
3507	8336	strict
3507	8343	strict
3508	8318	equal
3508	8343	strict
3509	8319	equal
3509	8343	strict
3510	8321	equal
3511	8322	equal
3511	8352	strict
3512	8323	equal
3512	8352	strict
3513	8325	equal
3513	8343	strict
3514	8327	equal
3514	8352	strict
3515	8329	equal
3516	8331	equal
3516	8352	strict
3517	8333	equal
3518	8334	equal
3519	8335	equal
3519	8343	strict
3520	8337	equal
3521	8338	equal
3521	8339	strict
3521	8340	strict
3521	8341	strict
3521	8342	strict
3521	8343	strict
3522	8340	equal
3522	8341	strict
3522	8342	strict
3522	8343	strict
3523	8344	equal
3524	8346	equal
3525	8347	equal
3525	8348	strict
3525	8349	strict
3525	8350	strict
3525	8351	strict
3525	8352	strict
3526	8349	equal
3526	8350	strict
3526	8351	strict
3526	8352	strict
3527	8353	equal
3527	8355	strict
3527	8357	strict
3527	8367	strict
3528	8354	equal
3528	8367	strict
3529	8356	equal
3529	8367	strict
3530	8358	equal
3531	8359	equal
3532	8360	equal
3533	8361	equal
3534	8362	equal
3535	8363	equal
3536	8364	equal
3536	8365	strict
3536	8366	strict
3536	8367	strict
3537	8368	equal
3538	8369	equal
3539	8371	equal
3540	8372	equal
3541	8373	equal
3542	8374	equal
3543	8375	equal
3544	8376	equal
3545	8377	equal
3546	8379	equal
3547	8380	equal
3548	8381	equal
3549	8383	equal
3550	8384	equal
3551	8385	equal
3552	8386	equal
3553	8387	equal
3554	8389	equal
3555	8391	equal
3556	8392	equal
3557	8394	equal
3557	8400	strict
3557	8404	strict
3557	8405	strict
3557	8406	strict
3557	8417	strict
3557	8497	strict
3557	8498	strict
3557	8499	strict
3557	8512	strict
3557	8513	strict
3557	8516	strict
3557	8518	strict
3557	8519	strict
3557	8604	strict
3557	8606	strict
3557	8619	strict
3558	8395	equal
3558	8396	strict
3558	8398	strict
3558	8401	strict
3558	8404	strict
3558	8406	strict
3558	8425	strict
3558	8511	strict
3558	8513	strict
3558	8514	strict
3558	8516	strict
3558	8518	strict
3558	8519	strict
3558	8610	strict
3558	8616	strict
3558	15153	strict
3559	8396	equal
3559	8511	strict
3559	8519	strict
3560	8400	equal
3561	8401	equal
3562	8402	equal
3563	8404	equal
3563	8406	strict
3563	8513	strict
3563	8516	strict
3563	8518	strict
3563	8519	strict
3564	8405	equal
3564	8519	strict
3565	8407	equal
3565	8408	strict
3565	8410	strict
3565	8428	strict
3565	8532	strict
3565	8534	strict
3565	8542	strict
3565	8543	strict
3565	8547	strict
3565	8548	strict
3565	8549	strict
3565	8550	strict
3565	8554	strict
3565	13429	strict
3565	13435	strict
3565	15020	strict
3566	8408	equal
3566	8542	strict
3566	8550	strict
3567	8412	equal
3567	8413	strict
3567	8415	strict
3567	8431	strict
3567	8535	strict
3567	8537	strict
3567	8556	strict
3567	8562	strict
3567	8563	strict
3567	8564	strict
3567	8568	strict
3567	8570	strict
3567	8571	strict
3567	13432	strict
3567	13438	strict
3567	15001	strict
3568	8413	equal
3568	8562	strict
3568	8571	strict
3569	8417	equal
3570	8418	equal
3571	8419	equal
3572	8420	equal
3573	8421	equal
3574	8422	equal
3575	8425	equal
3576	8426	equal
3577	8428	equal
3578	8429	equal
3579	8431	equal
3580	8432	equal
3581	8434	equal
3581	8435	strict
3581	8436	strict
3581	8444	strict
3581	8493	strict
3581	8494	strict
3581	13441	strict
3581	13443	strict
3581	13447	strict
3581	15282	strict
3581	15285	strict
3581	15310	strict
3581	15320	strict
3581	15322	strict
3581	15324	strict
3581	15778	strict
3582	8435	equal
3582	15310	strict
3582	15324	strict
3583	8436	equal
3584	8437	equal
3585	8438	equal
3586	8440	equal
3586	8441	strict
3586	8443	strict
3586	8447	strict
3586	8497	strict
3586	8499	strict
3586	8501	strict
3586	8513	strict
3586	8515	strict
3586	8516	strict
3586	8518	strict
3586	8519	strict
3586	8520	strict
3586	13445	strict
3586	13448	strict
3586	15970	strict
3587	8441	equal
3587	8519	strict
3587	8520	strict
3588	8445	equal
3589	8447	equal
3590	8448	equal
3591	8449	equal
3592	8452	equal
3593	8453	equal
3594	8454	equal
3594	8455	strict
3594	8456	strict
3594	8458	strict
3594	8460	strict
3594	8469	strict
3594	8626	strict
3594	8633	strict
3594	8642	strict
3594	15768	strict
3594	15771	strict
3594	15801	strict
3594	15887	strict
3594	15897	strict
3594	15899	strict
3594	15901	strict
3595	8455	equal
3595	15887	strict
3595	15901	strict
3596	8456	equal
3597	8457	equal
3597	8459	strict
3598	8458	equal
3598	8460	strict
3599	8459	equal
3600	8460	equal
3601	8462	equal
3602	8463	equal
3603	8465	equal
3603	8466	strict
3603	8468	strict
3603	8473	strict
3603	8480	strict
3603	8482	strict
3603	8492	strict
3603	8563	strict
3603	8565	strict
3603	8568	strict
3603	8570	strict
3603	8571	strict
3603	8572	strict
3603	8640	strict
3603	8663	strict
3603	16155	strict
3604	8466	equal
3604	8571	strict
3604	8572	strict
3605	8470	equal
3605	8475	strict
3605	8476	strict
3605	8477	strict
3605	8478	strict
3605	8483	strict
3605	8532	strict
3605	8533	strict
3605	8534	strict
3605	8547	strict
3605	8548	strict
3605	8549	strict
3605	8550	strict
3605	8551	strict
3605	8646	strict
3605	8649	strict
3605	8653	strict
3606	8471	equal
3606	8479	strict
3606	8480	strict
3606	8481	strict
3606	8482	strict
3606	8484	strict
3606	8535	strict
3606	8536	strict
3606	8537	strict
3606	8563	strict
3606	8567	strict
3606	8568	strict
3606	8570	strict
3606	8571	strict
3606	8648	strict
3606	8660	strict
3606	8662	strict
3607	8472	equal
3608	8473	equal
3609	8475	equal
3609	8550	strict
3610	8476	equal
3610	8477	strict
3610	8547	strict
3610	8548	strict
3610	8549	strict
3610	8550	strict
3611	8478	equal
3612	8479	equal
3613	8480	equal
3613	8482	strict
3613	8563	strict
3613	8568	strict
3613	8570	strict
3613	8571	strict
3614	8481	equal
3614	8571	strict
3615	8483	equal
3616	8484	equal
3617	8485	equal
3618	8486	equal
3619	8488	equal
3620	8489	equal
3621	8490	equal
3622	8492	equal
3623	8493	equal
3623	8494	strict
3624	8494	equal
3625	8495	equal
3625	8521	strict
3626	8497	equal
3626	8499	strict
3626	8513	strict
3626	8516	strict
3626	8518	strict
3626	8519	strict
3627	8498	equal
3627	8519	strict
3628	8500	equal
3629	8501	equal
3630	8503	equal
3631	8504	equal
3632	8505	equal
3633	8506	equal
3634	8507	equal
3634	8508	strict
3634	8517	strict
3634	8519	strict
3635	8509	equal
3636	8510	equal
3637	8511	equal
3638	8512	equal
3639	8513	equal
3639	8516	strict
3639	8518	strict
3639	8519	strict
3640	8514	equal
3640	8519	strict
3641	8515	equal
3641	8519	strict
3642	8520	equal
3643	8521	equal
3644	8522	equal
3645	8523	equal
3646	8524	equal
3647	8525	equal
3648	8526	equal
3648	8545	strict
3649	8527	equal
3649	8573	strict
3650	8528	equal
3650	8530	strict
3651	8530	equal
3652	8532	equal
3652	8534	strict
3652	8547	strict
3652	8548	strict
3652	8549	strict
3652	8550	strict
3653	8533	equal
3653	8550	strict
3654	8535	equal
3654	8537	strict
3654	8563	strict
3654	8568	strict
3654	8570	strict
3654	8571	strict
3655	8536	equal
3655	8571	strict
3656	8538	equal
3656	8540	strict
3656	8544	strict
3656	8550	strict
3657	8539	equal
3657	8550	strict
3658	8541	equal
3659	8542	equal
3660	8543	equal
3660	8550	strict
3661	8545	equal
3662	8546	equal
3663	8547	equal
3663	8548	strict
3663	8549	strict
3663	8550	strict
3664	8551	equal
3665	8552	equal
3666	8553	equal
3667	8554	equal
3668	8556	equal
3669	8557	equal
3670	8559	equal
3670	8560	strict
3670	8569	strict
3670	8571	strict
3671	8561	equal
3672	8562	equal
3673	8563	equal
3673	8568	strict
3673	8570	strict
3673	8571	strict
3674	8564	equal
3674	8571	strict
3675	8565	equal
3675	8571	strict
3676	8566	equal
3677	8567	equal
3678	8572	equal
3679	8573	equal
3680	8574	equal
3681	8575	equal
3682	8576	equal
3683	8577	equal
3684	8578	equal
3684	15144	strict
3685	8579	equal
3686	8580	equal
3686	14962	strict
3687	8581	equal
3688	8582	equal
3689	8584	equal
3690	8586	equal
3690	8588	strict
3691	8588	equal
3692	8589	equal
3692	14304	strict
3693	8592	equal
3694	8595	equal
3694	8597	strict
3695	8597	equal
3696	8598	equal
3696	14305	strict
3697	8601	equal
3698	8602	equal
3699	8603	equal
3700	8604	equal
3700	8606	strict
3701	8606	equal
3702	8607	equal
3702	15138	strict
3703	8610	equal
3704	8613	equal
3704	8615	strict
3705	8615	equal
3706	8616	equal
3706	15153	strict
3707	8619	equal
3708	8620	equal
3709	8621	equal
3710	8622	equal
3710	8625	strict
3710	8635	strict
3710	8637	strict
3710	8651	strict
3710	8652	strict
3710	8653	strict
3710	8659	strict
3710	15760	strict
3710	15761	strict
3710	15793	strict
3710	15873	strict
3710	15917	strict
3710	15940	strict
3710	15949	strict
3710	15951	strict
3710	15953	strict
3711	8623	equal
3711	8626	strict
3711	8627	strict
3711	8628	strict
3711	8631	strict
3711	8632	strict
3711	8642	strict
3711	8656	strict
3711	15762	strict
3711	15763	strict
3711	15768	strict
3711	15794	strict
3711	15874	strict
3711	15888	strict
3711	15897	strict
3711	15899	strict
3711	15901	strict
3712	8624	equal
3712	15901	strict
3713	8625	equal
3714	8626	equal
3714	8642	strict
3714	15768	strict
3714	15897	strict
3714	15899	strict
3714	15901	strict
3715	8627	equal
3715	15901	strict
3716	8628	equal
3717	8629	equal
3717	8650	strict
3718	8630	equal
3718	15953	strict
3719	8631	equal
3720	8632	equal
3720	8656	strict
3721	8633	equal
3722	8634	equal
3723	8635	equal
3723	8637	strict
3724	8637	equal
3725	8640	equal
3725	16155	strict
3726	8643	equal
3726	8645	strict
3727	8645	equal
3728	8646	equal
3728	8649	strict
3729	8648	equal
3730	8649	equal
3731	8650	equal
3732	8651	equal
3732	8659	strict
3732	15917	strict
3732	15949	strict
3732	15951	strict
3732	15953	strict
3733	8652	equal
3733	15953	strict
3734	8653	equal
3735	8654	equal
3736	8655	equal
3737	8656	equal
3738	8657	equal
3738	16415	strict
3739	8660	equal
3739	8662	strict
3740	8662	equal
3741	8663	equal
3742	8666	equal
3742	10723	strict
3743	8667	equal
3743	10743	strict
3744	8668	equal
3744	10892	strict
3745	8669	equal
3745	8671	strict
3746	8670	equal
3746	10879	strict
3747	8671	equal
3748	8672	equal
3748	13200	strict
3749	8673	equal
3749	8674	strict
3749	8846	strict
3749	9020	strict
3749	9031	strict
3749	11314	strict
3749	15121	strict
3749	15133	strict
3749	15135	strict
3749	15136	strict
3749	15137	strict
3749	15141	strict
3749	15142	strict
3749	15143	strict
3749	15144	strict
3749	16205	strict
3750	8674	equal
3750	15142	strict
3750	15144	strict
3751	8675	equal
3751	8676	strict
3751	8847	strict
3751	9025	strict
3751	9030	strict
3751	11317	strict
3751	15123	strict
3751	15147	strict
3751	15150	strict
3751	15151	strict
3751	15152	strict
3751	15156	strict
3751	15157	strict
3751	15158	strict
3751	15159	strict
3751	16465	strict
3752	8676	equal
3752	15158	strict
3752	15159	strict
3753	8677	equal
3753	15111	strict
3754	8678	equal
3754	15186	strict
3755	8679	equal
3755	8680	strict
3755	8817	strict
3755	9032	strict
3755	9037	strict
3755	11381	strict
3755	11382	strict
3755	11383	strict
3755	11438	strict
3755	15092	strict
3755	15102	strict
3755	15103	strict
3755	15107	strict
3755	15108	strict
3755	15109	strict
3755	15110	strict
3755	15111	strict
3756	8680	equal
3757	8681	equal
3757	8682	strict
3757	8683	strict
3757	8690	strict
3757	8691	strict
3757	8693	strict
3757	8818	strict
3757	11386	strict
3757	11449	strict
3757	15163	strict
3757	15177	strict
3757	15178	strict
3757	15179	strict
3757	15180	strict
3757	15184	strict
3757	15185	strict
3757	15186	strict
3758	8682	equal
3759	8683	equal
3759	11386	strict
3760	8684	equal
3760	8685	strict
3760	8686	strict
3760	8687	strict
3760	8690	strict
3760	8692	strict
3760	8848	strict
3760	11442	strict
3760	11449	strict
3760	15164	strict
3760	15176	strict
3760	15179	strict
3760	15180	strict
3760	15184	strict
3760	15186	strict
3760	16296	strict
3761	8685	equal
3761	15176	strict
3761	15186	strict
3762	8686	equal
3762	16296	strict
3763	8687	equal
3764	8688	equal
3765	8689	equal
3765	11447	strict
3766	8690	equal
3766	11449	strict
3766	15179	strict
3766	15180	strict
3766	15184	strict
3766	15186	strict
3767	8691	equal
3767	15186	strict
3768	8692	equal
3769	8693	equal
3770	8694	equal
3771	8695	equal
3772	8696	equal
3773	8697	equal
3774	8698	equal
3775	8699	equal
3776	8700	equal
3777	8701	equal
3778	8702	equal
3779	8703	equal
3780	8704	equal
3780	15128	strict
3780	15144	strict
3781	8705	equal
3781	15132	strict
3781	15159	strict
3782	8706	equal
3782	15169	strict
3782	15186	strict
3783	8707	equal
3783	16011	strict
3783	16015	strict
3784	8708	equal
3784	15461	strict
3784	15472	strict
3785	8709	equal
3785	16046	strict
3785	16050	strict
3786	8710	equal
3786	15111	strict
3787	8711	equal
3787	15428	strict
3788	8712	equal
3788	15186	strict
3789	8713	equal
3789	16015	strict
3790	8714	equal
3791	8715	equal
3792	8716	equal
3792	15186	strict
3793	8717	equal
3793	16015	strict
3794	8718	equal
3794	13150	strict
3795	8719	equal
3795	13195	strict
3796	8720	equal
3796	15008	strict
3797	8721	equal
3797	15472	strict
3798	8722	equal
3798	8723	strict
3798	8770	strict
3798	9155	strict
3798	9157	strict
3798	12307	strict
3798	12308	strict
3798	13288	strict
3798	14991	strict
3798	14999	strict
3798	15000	strict
3798	15004	strict
3798	15005	strict
3798	15006	strict
3798	15007	strict
3798	15008	strict
3798	15048	strict
3799	8723	equal
3800	8724	equal
3800	8725	strict
3800	8782	strict
3800	8808	strict
3800	8809	strict
3800	9158	strict
3800	9160	strict
3800	13300	strict
3800	15455	strict
3800	15463	strict
3800	15464	strict
3800	15465	strict
3800	15466	strict
3800	15470	strict
3800	15471	strict
3800	15472	strict
3800	16057	strict
3801	8725	equal
3802	8726	equal
3803	8727	equal
3804	8728	equal
3804	15008	strict
3805	8729	equal
3805	15041	strict
3806	8730	equal
3806	15472	strict
3807	8731	equal
3807	16050	strict
3808	8732	equal
3808	14962	strict
3808	14964	strict
3809	8733	equal
3809	14982	strict
3809	14984	strict
3810	8734	equal
3810	15041	strict
3810	15043	strict
3811	8735	equal
3811	15428	strict
3811	15430	strict
3812	8736	equal
3812	16015	strict
3812	16017	strict
3813	8737	equal
3813	16050	strict
3813	16052	strict
3814	8738	equal
3815	8739	equal
3816	8740	equal
3817	8741	equal
3818	8742	equal
3818	8743	strict
3818	8744	strict
3818	9145	strict
3818	9239	strict
3818	12332	strict
3818	12333	strict
3818	12340	strict
3818	13479	strict
3818	13481	strict
3818	14949	strict
3818	14958	strict
3818	14959	strict
3818	14961	strict
3818	14962	strict
3818	14963	strict
3819	8743	equal
3820	8744	equal
3820	14962	strict
3820	14963	strict
3821	8745	equal
3821	8746	strict
3821	8747	strict
3821	9146	strict
3821	9150	strict
3821	12335	strict
3821	12336	strict
3821	12341	strict
3821	12372	strict
3821	12374	strict
3821	14969	strict
3821	14978	strict
3821	14979	strict
3821	14981	strict
3821	14982	strict
3821	14983	strict
3822	8746	equal
3823	8747	equal
3823	14982	strict
3823	14983	strict
3824	8748	equal
3824	8749	strict
3824	8750	strict
3824	8762	strict
3824	8777	strict
3824	8778	strict
3824	8781	strict
3824	12344	strict
3824	12380	strict
3824	12382	strict
3824	15029	strict
3824	15030	strict
3824	15037	strict
3824	15040	strict
3824	15041	strict
3824	15042	strict
3825	8749	equal
3826	8750	equal
3826	15041	strict
3826	15042	strict
3827	8751	equal
3827	8752	strict
3827	8753	strict
3827	8794	strict
3827	8830	strict
3827	8831	strict
3827	8833	strict
3827	12413	strict
3827	13490	strict
3827	13492	strict
3827	15416	strict
3827	15417	strict
3827	15425	strict
3827	15427	strict
3827	15428	strict
3827	15429	strict
3828	8752	equal
3829	8753	equal
3829	15428	strict
3829	15429	strict
3830	8754	equal
3831	8755	equal
3832	8756	equal
3832	8757	strict
3832	8758	strict
3832	8795	strict
3832	8799	strict
3832	8839	strict
3832	8840	strict
3832	8842	strict
3832	8877	strict
3832	8879	strict
3832	16004	strict
3832	16005	strict
3832	16006	strict
3832	16014	strict
3832	16015	strict
3832	16016	strict
3833	8757	equal
3834	8758	equal
3834	16015	strict
3834	16016	strict
3835	8759	equal
3835	8760	strict
3835	8761	strict
3835	8763	strict
3835	8789	strict
3835	8790	strict
3835	8793	strict
3835	8845	strict
3835	8884	strict
3835	8886	strict
3835	16039	strict
3835	16040	strict
3835	16041	strict
3835	16049	strict
3835	16050	strict
3835	16051	strict
3836	8760	equal
3837	8761	equal
3837	16050	strict
3837	16051	strict
3838	8762	equal
3838	12344	strict
3839	8763	equal
3839	8845	strict
3840	8764	equal
3840	15041	strict
3841	8765	equal
3841	16050	strict
3842	8766	equal
3843	8767	equal
3844	8768	equal
3844	15041	strict
3845	8769	equal
3845	16050	strict
3846	8770	equal
3847	8771	equal
3847	8772	strict
3847	8773	strict
3847	8774	strict
3847	8777	strict
3847	8779	strict
3847	8780	strict
3847	12376	strict
3847	12377	strict
3847	12380	strict
3847	15013	strict
3847	15019	strict
3847	15023	strict
3847	15030	strict
3847	15037	strict
3847	15040	strict
3847	15041	strict
3848	8772	equal
3849	8773	equal
3849	15019	strict
3850	8774	equal
3851	8775	equal
3852	8776	equal
3852	12390	strict
3853	8777	equal
3853	12380	strict
3853	15030	strict
3853	15037	strict
3853	15040	strict
3853	15041	strict
3854	8778	equal
3855	8779	equal
3855	15041	strict
3856	8780	equal
3857	8781	equal
3858	8782	equal
3859	8783	equal
3859	8784	strict
3859	8785	strict
3859	8786	strict
3859	8789	strict
3859	8791	strict
3859	8792	strict
3859	8880	strict
3859	8881	strict
3859	8884	strict
3859	16022	strict
3859	16028	strict
3859	16032	strict
3859	16040	strict
3859	16041	strict
3859	16049	strict
3859	16050	strict
3860	8784	equal
3861	8785	equal
3861	16028	strict
3862	8786	equal
3863	8787	equal
3864	8788	equal
3864	8891	strict
3865	8789	equal
3865	8884	strict
3865	16040	strict
3865	16041	strict
3865	16049	strict
3865	16050	strict
3866	8790	equal
3867	8791	equal
3867	16050	strict
3868	8792	equal
3869	8793	equal
3870	8794	equal
3870	12413	strict
3871	8795	equal
3871	8799	strict
3872	8796	equal
3872	12433	strict
3873	8797	equal
3873	12442	strict
3874	8798	equal
3874	12486	strict
3875	8799	equal
3876	8800	equal
3876	8802	strict
3877	8801	equal
3877	13185	strict
3878	8802	equal
3879	8803	equal
3879	8804	strict
3879	8805	strict
3879	8806	strict
3879	8808	strict
3879	8810	strict
3879	8849	strict
3879	13294	strict
3879	13300	strict
3879	15453	strict
3879	15456	strict
3879	15465	strict
3879	15466	strict
3879	15470	strict
3879	15472	strict
3879	15751	strict
3880	8804	equal
3880	15453	strict
3880	15472	strict
3881	8805	equal
3881	15751	strict
3882	8806	equal
3883	8807	equal
3884	8808	equal
3884	13300	strict
3884	15465	strict
3884	15466	strict
3884	15470	strict
3884	15472	strict
3885	8809	equal
3885	15472	strict
3886	8810	equal
3887	8811	equal
3888	8812	equal
3889	8813	equal
3890	8814	equal
3891	8815	equal
3891	15472	strict
3892	8816	equal
3892	16050	strict
3893	8817	equal
3894	8818	equal
3895	8819	equal
3895	15428	strict
3896	8820	equal
3896	16015	strict
3897	8821	equal
3898	8822	equal
3899	8823	equal
3899	15428	strict
3900	8824	equal
3900	16015	strict
3901	8825	equal
3901	8826	strict
3901	8827	strict
3901	8830	strict
3901	8832	strict
3901	9237	strict
3901	9280	strict
3901	13486	strict
3901	13487	strict
3901	13490	strict
3901	13494	strict
3901	15399	strict
3901	15409	strict
3901	15417	strict
3901	15425	strict
3901	15427	strict
3901	15428	strict
3902	8826	equal
3903	8827	equal
3904	8828	equal
3905	8829	equal
3905	13495	strict
3906	8830	equal
3906	13490	strict
3906	15417	strict
3906	15425	strict
3906	15427	strict
3906	15428	strict
3907	8831	equal
3908	8832	equal
3908	15428	strict
3909	8833	equal
3910	8834	equal
3910	8835	strict
3910	8836	strict
3910	8839	strict
3910	8841	strict
3910	8843	strict
3910	8856	strict
3910	8857	strict
3910	8859	strict
3910	8877	strict
3910	13543	strict
3910	15671	strict
3910	15828	strict
3910	16005	strict
3910	16006	strict
3910	16014	strict
3910	16015	strict
3911	8835	equal
3912	8836	equal
3913	8837	equal
3914	8838	equal
3914	8876	strict
3915	8839	equal
3915	8877	strict
3915	16005	strict
3915	16006	strict
3915	16014	strict
3915	16015	strict
3916	8840	equal
3917	8841	equal
3917	16015	strict
3918	8842	equal
3919	8843	equal
3919	13543	strict
3920	8844	equal
3920	13548	strict
3921	8845	equal
3922	8846	equal
3923	8847	equal
3924	8848	equal
3925	8849	equal
3926	8850	equal
3926	8851	strict
3926	8852	strict
3926	8853	strict
3926	8856	strict
3926	8858	strict
3926	8870	strict
3926	8877	strict
3926	8878	strict
3926	8890	strict
3926	15664	strict
3926	15671	strict
3926	15826	strict
3926	16006	strict
3926	16014	strict
3926	16015	strict
3927	8851	equal
3927	15826	strict
3927	16015	strict
3928	8852	equal
3928	8890	strict
3929	8853	equal
3930	8854	equal
3931	8855	equal
3931	15669	strict
3932	8856	equal
3932	8877	strict
3932	15671	strict
3932	16006	strict
3932	16014	strict
3932	16015	strict
3933	8857	equal
3933	16015	strict
3934	8858	equal
3935	8859	equal
3936	8860	equal
3936	8861	strict
3936	8863	strict
3936	8865	strict
3936	8872	strict
3936	8880	strict
3936	8882	strict
3936	8884	strict
3936	8885	strict
3936	8889	strict
3936	15675	strict
3936	15830	strict
3936	16022	strict
3936	16041	strict
3936	16049	strict
3936	16050	strict
3937	8861	equal
3937	15830	strict
3937	16050	strict
3938	8862	equal
3938	15711	strict
3939	8863	equal
3939	8865	strict
3940	8864	equal
3940	15738	strict
3941	8865	equal
3942	8866	equal
3943	8867	equal
3944	8868	equal
3945	8869	equal
3946	8870	equal
3947	8871	equal
3948	8872	equal
3949	8873	equal
3950	8874	equal
3950	15843	strict
3951	8875	equal
3951	15852	strict
3952	8876	equal
3953	8877	equal
3953	16006	strict
3953	16014	strict
3953	16015	strict
3954	8878	equal
3954	16015	strict
3955	8879	equal
3955	16015	strict
3956	8880	equal
3956	8884	strict
3956	16022	strict
3956	16041	strict
3956	16049	strict
3956	16050	strict
3957	8881	equal
3957	16050	strict
3958	8882	equal
3959	8883	equal
3960	8884	equal
3960	16041	strict
3960	16049	strict
3960	16050	strict
3961	8885	equal
3961	16050	strict
3962	8886	equal
3962	16050	strict
3963	8887	equal
3964	8888	equal
3965	8889	equal
3966	8890	equal
3967	8891	equal
3968	8892	equal
3969	8893	equal
3970	8900	equal
3970	8902	strict
3971	8902	equal
3972	8903	equal
3972	8905	strict
3973	8905	equal
3974	8908	equal
3975	8909	equal
3976	8911	equal
3977	8912	equal
3978	8926	equal
3979	8927	equal
3980	8928	equal
3981	8929	equal
3982	8936	equal
3982	8937	strict
3983	8937	equal
3984	8938	equal
3984	8939	strict
3985	8939	equal
3986	8954	equal
3986	8956	strict
3987	8956	equal
3988	8958	equal
3989	8959	equal
3990	8961	equal
3990	8963	strict
3991	8963	equal
3992	8964	equal
3993	8965	equal
3994	8966	equal
3995	8967	equal
3996	8970	equal
3997	8971	equal
3998	8972	equal
3999	8973	equal
4000	8974	equal
4001	8975	equal
4002	8976	equal
4003	8977	equal
4004	8978	equal
4005	8979	equal
4006	8980	equal
4006	8990	strict
4007	8981	equal
4007	8982	strict
4008	8982	equal
4009	8983	equal
4009	8991	strict
4010	8984	equal
4010	8986	strict
4011	8986	equal
4012	8988	equal
4013	8990	equal
4014	8991	equal
4015	8992	equal
4016	8994	equal
4017	8995	equal
4018	8997	equal
4018	9001	strict
4019	8998	equal
4019	9000	strict
4020	9000	equal
4021	9001	equal
4022	9002	equal
4023	9003	equal
4024	9004	equal
4024	9007	strict
4025	9007	equal
4026	9010	equal
4027	9011	equal
4028	9013	equal
4028	9017	strict
4029	9014	equal
4029	9016	strict
4030	9016	equal
4031	9017	equal
4032	9020	equal
4032	9031	strict
4033	9021	equal
4033	9023	strict
4034	9023	equal
4035	9024	equal
4036	9025	equal
4036	9030	strict
4037	9026	equal
4037	9028	strict
4038	9028	equal
4039	9029	equal
4040	9030	equal
4041	9031	equal
4042	9032	equal
4042	9037	strict
4043	9037	equal
4044	9038	equal
4044	9040	strict
4045	9040	equal
4046	9041	equal
4047	9042	equal
4048	9044	equal
4049	9045	equal
4050	9049	equal
4050	9050	strict
4051	9050	equal
4052	9051	equal
4052	9052	strict
4053	9052	equal
4054	9053	equal
4054	9057	strict
4055	9054	equal
4055	9055	strict
4056	9055	equal
4057	9056	equal
4058	9057	equal
4059	9058	equal
4060	9059	equal
4061	9060	equal
4062	9061	equal
4063	9062	equal
4064	9063	equal
4065	9064	equal
4066	9065	equal
4067	9066	equal
4068	9067	equal
4069	9068	equal
4070	9071	equal
4070	9073	strict
4071	9073	equal
4072	9075	equal
4072	9076	strict
4073	9076	equal
4074	9077	equal
4074	9078	strict
4075	9078	equal
4076	9079	equal
4077	9080	equal
4078	9082	equal
4079	9083	equal
4080	9085	equal
4080	9235	strict
4081	9086	equal
4081	9089	strict
4082	9087	equal
4082	9241	strict
4083	9088	equal
4083	9260	strict
4084	9089	equal
4085	9090	equal
4085	9295	strict
4086	9095	equal
4087	9096	equal
4088	9098	equal
4089	9099	equal
4090	9101	equal
4090	9103	strict
4091	9103	equal
4092	9104	equal
4092	9105	strict
4093	9105	equal
4094	9107	equal
4094	9108	strict
4095	9108	equal
4096	9109	equal
4096	9141	strict
4097	9110	equal
4097	9143	strict
4098	9117	equal
4098	9128	strict
4099	9118	equal
4099	9120	strict
4100	9120	equal
4101	9121	equal
4102	9122	equal
4102	9127	strict
4103	9123	equal
4103	9125	strict
4104	9125	equal
4105	9126	equal
4106	9127	equal
4107	9128	equal
4108	9129	equal
4108	9131	strict
4109	9131	equal
4110	9133	equal
4110	9135	strict
4111	9135	equal
4112	9141	equal
4113	9143	equal
4114	9145	equal
4114	9239	strict
4115	9146	equal
4115	9150	strict
4116	9147	equal
4116	9253	strict
4117	9148	equal
4117	9268	strict
4118	9149	equal
4118	9312	strict
4119	9150	equal
4120	9155	equal
4120	9157	strict
4121	9157	equal
4122	9158	equal
4122	9160	strict
4123	9160	equal
4124	9163	equal
4124	9193	strict
4125	9164	equal
4125	9206	strict
4126	9165	equal
4126	9167	strict
4127	9167	equal
4128	9168	equal
4128	9170	strict
4129	9170	equal
4130	9173	equal
4130	9204	strict
4131	9174	equal
4131	9217	strict
4132	9193	equal
4133	9194	equal
4133	9196	strict
4134	9196	equal
4135	9199	equal
4136	9200	equal
4137	9202	equal
4137	9205	strict
4138	9204	equal
4139	9205	equal
4140	9206	equal
4141	9207	equal
4141	9209	strict
4142	9209	equal
4143	9212	equal
4144	9213	equal
4145	9215	equal
4145	9218	strict
4146	9217	equal
4147	9218	equal
4148	9222	equal
4149	9223	equal
4150	9225	equal
4151	9226	equal
4152	9228	equal
4152	9230	strict
4153	9230	equal
4154	9232	equal
4154	9234	strict
4155	9234	equal
4156	9235	equal
4157	9236	equal
4157	9314	strict
4158	9237	equal
4158	9280	strict
4159	9238	equal
4159	9291	strict
4160	9239	equal
4161	9241	equal
4162	9242	equal
4162	9244	strict
4163	9244	equal
4164	9246	equal
4165	9247	equal
4166	9250	equal
4166	9254	strict
4167	9253	equal
4168	9254	equal
4169	9258	equal
4169	9269	strict
4170	9260	equal
4171	9261	equal
4171	9263	strict
4172	9263	equal
4173	9264	equal
4174	9265	equal
4175	9268	equal
4176	9269	equal
4177	9272	equal
4178	9273	equal
4179	9275	equal
4179	9277	strict
4180	9277	equal
4181	9280	equal
4182	9284	equal
4182	9286	strict
4183	9285	equal
4183	9313	strict
4184	9286	equal
4185	9287	equal
4185	9309	strict
4186	9289	equal
4186	9292	strict
4187	9291	equal
4188	9292	equal
4189	9293	equal
4190	9294	equal
4191	9295	equal
4192	9296	equal
4193	9297	equal
4193	9332	strict
4194	9298	equal
4194	9300	strict
4195	9300	equal
4196	9301	equal
4197	9302	equal
4198	9303	equal
4199	9304	equal
4200	9305	equal
4201	9306	equal
4202	9307	equal
4203	9309	equal
4204	9310	equal
4204	9331	strict
4205	9312	equal
4206	9313	equal
4207	9314	equal
4208	9315	equal
4209	9316	equal
4209	9333	strict
4210	9317	equal
4210	9319	strict
4211	9319	equal
4212	9320	equal
4213	9321	equal
4214	9322	equal
4215	9323	equal
4216	9324	equal
4217	9325	equal
4218	9326	equal
4219	9328	equal
4220	9329	equal
4221	9331	equal
4222	9332	equal
4223	9333	equal
4224	9339	equal
4224	9340	strict
4224	9342	strict
4224	9357	strict
4224	9358	strict
4224	9362	strict
4224	9370	strict
4224	9372	strict
4224	11510	strict
4224	11545	strict
4224	11548	strict
4224	11553	strict
4224	11556	strict
4224	11558	strict
4224	11935	strict
4225	9340	equal
4225	9370	strict
4225	9372	strict
4225	11510	strict
4225	11558	strict
4226	9343	equal
4226	9344	strict
4226	9346	strict
4226	9350	strict
4226	9351	strict
4226	9366	strict
4226	9374	strict
4226	9375	strict
4226	10907	strict
4226	11512	strict
4226	11532	strict
4226	11544	strict
4226	11552	strict
4226	11562	strict
4226	11564	strict
4226	11930	strict
4227	9344	equal
4227	11512	strict
4227	11564	strict
4228	9347	equal
4228	9352	strict
4228	9357	strict
4228	9359	strict
4228	9362	strict
4228	9382	strict
4228	9383	strict
4228	9405	strict
4228	11514	strict
4228	11529	strict
4228	11534	strict
4228	11545	strict
4228	11549	strict
4228	11553	strict
4228	11556	strict
4228	11558	strict
4228	11927	strict
4229	9348	equal
4229	9349	strict
4229	9351	strict
4229	9356	strict
4229	9366	strict
4229	9376	strict
4229	9377	strict
4229	9407	strict
4229	11516	strict
4229	11530	strict
4229	11532	strict
4229	11535	strict
4229	11550	strict
4229	11552	strict
4229	11562	strict
4229	11564	strict
4229	11928	strict
4230	9349	equal
4231	9350	equal
4232	9351	equal
4232	9366	strict
4232	11532	strict
4232	11552	strict
4232	11562	strict
4232	11564	strict
4233	9352	equal
4234	9353	equal
4234	11558	strict
4235	9354	equal
4235	11564	strict
4236	9355	equal
4237	9356	equal
4237	11564	strict
4238	9357	equal
4238	9362	strict
4238	11545	strict
4238	11553	strict
4238	11556	strict
4238	11558	strict
4239	9358	equal
4240	9359	equal
4240	11558	strict
4241	9360	equal
4242	9372	equal
4243	9373	equal
4243	10906	strict
4244	9374	equal
4245	9375	equal
4245	10907	strict
4246	9376	equal
4246	9407	strict
4247	9377	equal
4248	9378	equal
4248	9414	strict
4249	9382	equal
4249	9405	strict
4250	9383	equal
4251	9384	equal
4251	9413	strict
4252	9405	equal
4253	9407	equal
4254	9410	equal
4255	9412	equal
4256	9413	equal
4257	9414	equal
4258	9426	equal
4258	9435	strict
4258	9437	strict
4258	9833	strict
4258	9835	strict
4258	10905	strict
4259	9427	equal
4259	9428	strict
4259	9431	strict
4259	9433	strict
4259	9437	strict
4259	9840	strict
4259	9847	strict
4259	9849	strict
4259	10912	strict
4259	12536	strict
4259	12552	strict
4259	12553	strict
4259	12556	strict
4259	12558	strict
4259	12559	strict
4260	9428	equal
4260	9433	strict
4260	9437	strict
4260	12536	strict
4260	12559	strict
4261	9437	equal
4262	9503	equal
4262	9505	strict
4262	9507	strict
4262	9970	strict
4262	11529	strict
4262	11533	strict
4262	11545	strict
4262	11547	strict
4262	11549	strict
4262	11553	strict
4262	11556	strict
4262	11558	strict
4262	11567	strict
4262	12033	strict
4262	15190	strict
4262	15477	strict
4263	9504	equal
4263	9506	strict
4263	9508	strict
4263	9971	strict
4263	11530	strict
4263	11531	strict
4263	11532	strict
4263	11543	strict
4263	11550	strict
4263	11552	strict
4263	11562	strict
4263	11564	strict
4263	11568	strict
4263	12034	strict
4263	15191	strict
4263	15194	strict
4264	9507	equal
4264	11558	strict
4264	11567	strict
4265	9508	equal
4265	11564	strict
4265	11568	strict
4266	9513	equal
4266	9514	strict
4266	9515	strict
4266	9548	strict
4266	9671	strict
4266	9684	strict
4266	9685	strict
4266	9710	strict
4266	9973	strict
4266	11631	strict
4266	11633	strict
4266	11635	strict
4266	11637	strict
4266	11639	strict
4266	11646	strict
4266	12044	strict
4267	9515	equal
4267	11639	strict
4267	11646	strict
4268	9518	equal
4268	9519	strict
4268	9520	strict
4268	9926	strict
4268	9984	strict
4268	11483	strict
4268	11771	strict
4268	11772	strict
4268	11866	strict
4268	11868	strict
4268	11870	strict
4268	11872	strict
4268	11874	strict
4268	11879	strict
4268	12072	strict
4268	12623	strict
4269	9520	equal
4269	11874	strict
4269	11879	strict
4270	9523	equal
4270	9524	strict
4270	9526	strict
4270	9929	strict
4270	10232	strict
4270	11486	strict
4270	11779	strict
4270	11780	strict
4270	11886	strict
4270	12152	strict
4270	12153	strict
4270	12155	strict
4270	12164	strict
4270	12166	strict
4270	12168	strict
4270	12633	strict
4271	9526	equal
4271	12166	strict
4271	12168	strict
4272	9528	equal
4272	9529	strict
4272	9531	strict
4272	9551	strict
4272	9674	strict
4272	9694	strict
4272	9695	strict
4272	9735	strict
4272	11655	strict
4272	12192	strict
4272	12193	strict
4272	12195	strict
4272	12204	strict
4272	12206	strict
4272	12208	strict
4272	12908	strict
4273	9531	equal
4273	12206	strict
4273	12208	strict
4274	9536	equal
4274	9624	strict
4274	9626	strict
4274	9661	strict
4274	9869	strict
4274	9871	strict
4274	9907	strict
4275	9537	equal
4275	9538	strict
4275	9539	strict
4275	9542	strict
4275	9544	strict
4275	9883	strict
4275	9884	strict
4275	9895	strict
4275	10696	strict
4275	10699	strict
4275	10704	strict
4275	10712	strict
4275	10719	strict
4275	10721	strict
4275	11326	strict
4276	9538	equal
4276	9539	strict
4276	9544	strict
4276	10712	strict
4276	10721	strict
4277	9540	equal
4277	9543	strict
4277	9544	strict
4277	9893	strict
4277	9896	strict
4277	11350	strict
4278	9544	equal
4279	9545	equal
4279	9627	strict
4279	9629	strict
4279	9668	strict
4279	9899	strict
4279	9901	strict
4279	9905	strict
4280	9548	equal
4280	9973	strict
4281	9551	equal
4281	12908	strict
4282	9556	equal
4282	9557	strict
4282	9559	strict
4282	10965	strict
4282	11081	strict
4282	11099	strict
4282	11493	strict
4282	11495	strict
4282	11589	strict
4282	11616	strict
4282	11617	strict
4282	11618	strict
4282	11620	strict
4282	11624	strict
4282	11629	strict
4282	11784	strict
4283	9557	equal
4283	11589	strict
4283	11624	strict
4284	9561	equal
4284	9562	strict
4284	9564	strict
4284	10966	strict
4284	11082	strict
4284	11083	strict
4284	11496	strict
4284	11498	strict
4284	11591	strict
4284	11625	strict
4284	11631	strict
4284	11634	strict
4284	11635	strict
4284	11637	strict
4284	11639	strict
4284	11787	strict
4285	9562	equal
4285	11591	strict
4285	11639	strict
4286	9619	equal
4286	9662	strict
4286	9664	strict
4286	9679	strict
4286	9680	strict
4286	9681	strict
4286	9683	strict
4286	9715	strict
4286	11493	strict
4286	11494	strict
4286	11495	strict
4286	11616	strict
4286	11618	strict
4286	11620	strict
4286	11624	strict
4286	11644	strict
4286	11792	strict
4287	9620	equal
4287	9661	strict
4287	9682	strict
4287	9684	strict
4287	9685	strict
4287	9686	strict
4287	9709	strict
4287	9718	strict
4287	11496	strict
4287	11497	strict
4287	11498	strict
4287	11631	strict
4287	11635	strict
4287	11637	strict
4287	11639	strict
4287	11645	strict
4287	11793	strict
4288	9621	equal
4288	9666	strict
4288	9669	strict
4288	9689	strict
4288	9690	strict
4288	9691	strict
4288	9693	strict
4288	9728	strict
4288	11499	strict
4288	11800	strict
4288	11801	strict
4288	11802	strict
4288	12171	strict
4288	12173	strict
4288	12177	strict
4288	12179	strict
4288	12184	strict
4289	9622	equal
4289	9668	strict
4289	9692	strict
4289	9694	strict
4289	9695	strict
4289	9696	strict
4289	9730	strict
4289	9732	strict
4289	11500	strict
4289	11803	strict
4289	11804	strict
4289	11805	strict
4289	12192	strict
4289	12193	strict
4289	12203	strict
4289	12204	strict
4289	12206	strict
4290	9624	equal
4290	9626	strict
4291	9626	equal
4292	9627	equal
4292	9629	strict
4293	9629	equal
4294	9631	equal
4294	9632	strict
4294	9635	strict
4294	9639	strict
4294	9640	strict
4294	9808	strict
4294	9827	strict
4294	9829	strict
4294	10252	strict
4294	14652	strict
4294	15649	strict
4294	15651	strict
4294	15653	strict
4294	15654	strict
4294	15657	strict
4295	9632	equal
4295	9635	strict
4295	9640	strict
4295	14652	strict
4295	15657	strict
4296	9633	equal
4296	9634	strict
4296	9636	strict
4296	9643	strict
4296	9644	strict
4296	9810	strict
4296	9830	strict
4296	9832	strict
4296	10126	strict
4296	10256	strict
4296	10258	strict
4296	10262	strict
4296	10263	strict
4296	10266	strict
4296	15641	strict
4297	9634	equal
4297	9636	strict
4297	9644	strict
4297	10126	strict
4297	10266	strict
4298	9640	equal
4299	9644	equal
4300	9645	equal
4300	9650	strict
4300	9652	strict
4300	9708	strict
4300	9710	strict
4300	10144	strict
4301	9646	equal
4301	9647	strict
4301	9648	strict
4301	9651	strict
4301	9652	strict
4301	9711	strict
4301	9714	strict
4301	9719	strict
4301	10147	strict
4301	15228	strict
4301	16275	strict
4301	16277	strict
4301	16279	strict
4301	16280	strict
4301	16283	strict
4302	9647	equal
4302	9648	strict
4302	9652	strict
4302	15228	strict
4302	16283	strict
4303	9652	equal
4304	9653	equal
4304	9654	strict
4304	9655	strict
4304	9659	strict
4304	9660	strict
4304	9723	strict
4304	9727	strict
4304	9733	strict
4304	10175	strict
4304	10178	strict
4304	10191	strict
4304	10201	strict
4304	10203	strict
4304	10205	strict
4304	16226	strict
4305	9654	equal
4305	9655	strict
4305	9660	strict
4305	10191	strict
4305	10205	strict
4306	9656	equal
4306	9658	strict
4306	9660	strict
4306	9725	strict
4306	9735	strict
4306	16232	strict
4307	9660	equal
4308	9661	equal
4309	9662	equal
4309	9664	strict
4310	9664	equal
4311	9665	equal
4312	9666	equal
4312	9669	strict
4313	9668	equal
4314	9669	equal
4315	9670	equal
4316	9671	equal
4317	9673	equal
4318	9674	equal
4319	9676	equal
4320	9677	equal
4320	11624	strict
4321	9678	equal
4321	11639	strict
4322	9679	equal
4322	9681	strict
4322	11616	strict
4322	11618	strict
4322	11620	strict
4322	11624	strict
4323	9680	equal
4323	11624	strict
4324	9682	equal
4325	9683	equal
4326	9684	equal
4326	9685	strict
4326	11631	strict
4326	11635	strict
4326	11637	strict
4326	11639	strict
4327	9686	equal
4327	11639	strict
4328	9687	equal
4328	12184	strict
4329	9688	equal
4329	12206	strict
4330	9689	equal
4330	9691	strict
4330	12171	strict
4330	12173	strict
4330	12177	strict
4330	12184	strict
4331	9690	equal
4331	12184	strict
4332	9692	equal
4333	9693	equal
4334	9694	equal
4334	9695	strict
4334	12192	strict
4334	12193	strict
4334	12204	strict
4334	12206	strict
4335	9696	equal
4335	12206	strict
4336	9708	equal
4336	10144	strict
4337	9709	equal
4337	9718	strict
4338	9710	equal
4339	9711	equal
4339	9714	strict
4339	16275	strict
4339	16279	strict
4339	16280	strict
4339	16283	strict
4340	9712	equal
4340	16283	strict
4341	9715	equal
4342	9716	equal
4343	9718	equal
4344	9719	equal
4345	9720	equal
4346	9723	equal
4346	9727	strict
4346	10175	strict
4346	10201	strict
4346	10203	strict
4346	10205	strict
4347	9724	equal
4347	10205	strict
4348	9725	equal
4348	16232	strict
4349	9728	equal
4350	9729	equal
4351	9730	equal
4351	9732	strict
4352	9732	equal
4353	9733	equal
4354	9734	equal
4355	9735	equal
4356	9752	equal
4356	10721	strict
4356	10723	strict
4357	9753	equal
4357	10741	strict
4357	10743	strict
4358	9754	equal
4358	10876	strict
4358	10879	strict
4359	9755	equal
4359	13182	strict
4359	13185	strict
4360	9756	equal
4360	15709	strict
4360	15711	strict
4361	9757	equal
4361	15736	strict
4361	15738	strict
4362	9775	equal
4363	9776	equal
4364	9778	equal
4364	10782	strict
4365	9779	equal
4365	13328	strict
4366	9782	equal
4367	9783	equal
4368	9784	equal
4368	9786	strict
4369	9786	equal
4370	9787	equal
4370	9789	strict
4371	9789	equal
4372	9792	equal
4373	9793	equal
4374	9794	equal
4375	9795	equal
4376	9796	equal
4377	9797	equal
4378	9798	equal
4379	9799	equal
4380	9807	equal
4381	9808	equal
4382	9809	equal
4383	9810	equal
4384	9815	equal
4384	10876	strict
4385	9816	equal
4385	15736	strict
4386	9817	equal
4387	9818	equal
4388	9819	equal
4388	10876	strict
4389	9820	equal
4389	15736	strict
4390	9827	equal
4390	9829	strict
4390	15649	strict
4390	15653	strict
4390	15654	strict
4390	15657	strict
4391	9828	equal
4391	15657	strict
4392	9830	equal
4392	9832	strict
4392	10256	strict
4392	10262	strict
4392	10263	strict
4392	10266	strict
4393	9831	equal
4393	10266	strict
4394	9833	equal
4394	10905	strict
4395	9834	equal
4395	9835	strict
4395	9836	strict
4395	9837	strict
4395	9856	strict
4395	9868	strict
4395	9870	strict
4395	9904	strict
4395	10683	strict
4395	10695	strict
4395	10703	strict
4395	10732	strict
4395	10739	strict
4395	10741	strict
4395	10908	strict
4395	11321	strict
4396	9835	equal
4397	9836	equal
4397	10908	strict
4398	9837	equal
4398	10732	strict
4398	10741	strict
4399	9840	equal
4400	9841	equal
4401	9844	equal
4401	12559	strict
4402	9845	equal
4402	12591	strict
4403	9846	equal
4403	9847	strict
4403	9848	strict
4403	9849	strict
4403	9850	strict
4403	9882	strict
4403	9885	strict
4403	9906	strict
4403	10911	strict
4403	12548	strict
4403	12549	strict
4403	12550	strict
4403	12552	strict
4403	12556	strict
4403	12558	strict
4403	12559	strict
4403	12561	strict
4404	9847	equal
4404	9849	strict
4404	12552	strict
4404	12556	strict
4404	12558	strict
4404	12559	strict
4405	9848	equal
4405	12559	strict
4406	9850	equal
4407	9851	equal
4407	9857	strict
4407	9861	strict
4407	9862	strict
4407	9863	strict
4407	9890	strict
4407	9892	strict
4407	9905	strict
4407	10916	strict
4407	12573	strict
4407	12574	strict
4407	12575	strict
4407	12585	strict
4407	12588	strict
4407	12590	strict
4407	12591	strict
4407	12595	strict
4408	9852	equal
4408	9853	strict
4408	9854	strict
4408	9858	strict
4408	9861	strict
4408	9863	strict
4408	9896	strict
4408	9902	strict
4408	10924	strict
4408	11365	strict
4408	12585	strict
4408	12586	strict
4408	12588	strict
4408	12590	strict
4408	12591	strict
4408	12593	strict
4409	9853	equal
4409	12591	strict
4409	12593	strict
4410	9857	equal
4411	9858	equal
4412	9859	equal
4413	9861	equal
4413	9863	strict
4413	12585	strict
4413	12588	strict
4413	12590	strict
4413	12591	strict
4414	9862	equal
4414	12591	strict
4415	9864	equal
4415	9872	strict
4415	9877	strict
4415	9880	strict
4415	9882	strict
4415	9883	strict
4415	9886	strict
4415	9895	strict
4415	10680	strict
4415	10685	strict
4415	10696	strict
4415	10700	strict
4415	10704	strict
4415	10714	strict
4415	10719	strict
4415	10721	strict
4415	11318	strict
4416	9865	equal
4416	9866	strict
4416	9867	strict
4416	9869	strict
4416	9870	strict
4416	9876	strict
4416	9888	strict
4416	9904	strict
4416	10681	strict
4416	10683	strict
4416	10686	strict
4416	10701	strict
4416	10703	strict
4416	10734	strict
4416	10739	strict
4416	10741	strict
4416	11319	strict
4417	9866	equal
4418	9867	equal
4418	9888	strict
4419	9868	equal
4420	9869	equal
4421	9870	equal
4421	9904	strict
4421	10683	strict
4421	10703	strict
4421	10739	strict
4421	10741	strict
4422	9871	equal
4422	9907	strict
4423	9872	equal
4424	9873	equal
4424	10721	strict
4425	9874	equal
4425	10741	strict
4426	9875	equal
4427	9876	equal
4427	10741	strict
4428	9877	equal
4428	9880	strict
4429	9880	equal
4430	9882	equal
4431	9883	equal
4431	9895	strict
4431	10696	strict
4431	10704	strict
4431	10719	strict
4431	10721	strict
4432	9884	equal
4433	9885	equal
4433	9906	strict
4434	9886	equal
4434	10721	strict
4435	9887	equal
4436	9888	equal
4437	9890	equal
4437	9892	strict
4438	9892	equal
4439	9893	equal
4439	11350	strict
4440	9896	equal
4441	9899	equal
4441	9901	strict
4442	9901	equal
4443	9902	equal
4443	11365	strict
4444	9905	equal
4445	9906	equal
4446	9907	equal
4447	9908	equal
4447	9910	strict
4447	9918	strict
4447	10642	strict
4447	10648	strict
4447	10762	strict
4447	10763	strict
4447	10764	strict
4447	10768	strict
4447	10772	strict
4447	10782	strict
4447	10839	strict
4447	10965	strict
4447	11147	strict
4447	12989	strict
4447	13053	strict
4448	9909	equal
4448	9911	strict
4448	9923	strict
4448	10643	strict
4448	10651	strict
4448	10754	strict
4448	10835	strict
4448	10842	strict
4448	10854	strict
4448	10869	strict
4448	10874	strict
4448	10876	strict
4448	10966	strict
4448	11148	strict
4448	12990	strict
4448	12991	strict
4449	9910	equal
4449	10772	strict
4449	10782	strict
4450	9911	equal
4450	10869	strict
4450	10876	strict
4451	9914	equal
4451	9915	strict
4451	9916	strict
4451	10646	strict
4451	10857	strict
4451	10967	strict
4451	11151	strict
4451	13009	strict
4451	13011	strict
4451	13018	strict
4451	13020	strict
4451	13021	strict
4451	13022	strict
4451	13023	strict
4451	13025	strict
4451	13031	strict
4452	9915	equal
4452	13023	strict
4452	13025	strict
4453	9919	equal
4453	9920	strict
4453	9921	strict
4453	10649	strict
4453	10774	strict
4453	10970	strict
4453	11154	strict
4453	13012	strict
4453	13014	strict
4453	13033	strict
4453	13038	strict
4453	13039	strict
4453	13041	strict
4453	13043	strict
4453	13044	strict
4453	13046	strict
4454	9920	equal
4454	13044	strict
4454	13046	strict
4455	9926	equal
4455	9984	strict
4456	9929	equal
4456	10232	strict
4457	9949	equal
4457	9950	strict
4457	9954	strict
4457	9963	strict
4457	10111	strict
4457	11730	strict
4457	12424	strict
4457	12763	strict
4457	12767	strict
4457	12790	strict
4457	13382	strict
4457	14271	strict
4457	14272	strict
4457	14807	strict
4457	14809	strict
4457	14810	strict
4458	9950	equal
4458	12424	strict
4458	14810	strict
4459	9951	equal
4459	9952	strict
4459	9953	strict
4459	9966	strict
4459	10048	strict
4459	10100	strict
4459	10104	strict
4459	10128	strict
4459	11746	strict
4459	12425	strict
4459	12769	strict
4459	14279	strict
4459	14280	strict
4459	14834	strict
4459	14836	strict
4459	14837	strict
4460	9952	equal
4460	12425	strict
4460	14837	strict
4461	9953	equal
4461	12769	strict
4462	9954	equal
4462	10111	strict
4463	9955	equal
4463	10011	strict
4464	9956	equal
4464	10038	strict
4465	9970	equal
4466	9971	equal
4467	9972	equal
4468	9973	equal
4469	9978	equal
4470	9979	equal
4471	9980	equal
4472	9981	equal
4473	9984	equal
4474	9986	equal
4475	9990	equal
4475	10008	strict
4476	9996	equal
4476	9997	strict
4476	9998	strict
4476	10004	strict
4476	10057	strict
4476	10237	strict
4476	10239	strict
4476	10243	strict
4476	12433	strict
4476	12499	strict
4476	12903	strict
4476	16487	strict
4476	16488	strict
4476	16496	strict
4476	16498	strict
4476	16499	strict
4477	9997	equal
4477	12433	strict
4477	16499	strict
4478	9998	equal
4478	12903	strict
4479	9999	equal
4479	10009	strict
4480	10008	equal
4481	10009	equal
4482	10010	equal
4483	10011	equal
4484	10017	equal
4484	10033	strict
4485	10023	equal
4485	10024	strict
4485	10025	strict
4485	10031	strict
4485	10230	strict
4485	12396	strict
4485	12442	strict
4485	12934	strict
4485	12936	strict
4485	12939	strict
4485	13561	strict
4485	16483	strict
4485	16484	strict
4485	16491	strict
4485	16493	strict
4485	16494	strict
4486	10024	equal
4486	12442	strict
4486	16494	strict
4487	10025	equal
4487	10230	strict
4488	10026	equal
4488	10036	strict
4489	10033	equal
4490	10036	equal
4491	10037	equal
4492	10038	equal
4493	10044	equal
4493	10053	strict
4493	10095	strict
4493	10975	strict
4493	10979	strict
4493	14317	strict
4494	10045	equal
4494	10054	strict
4494	10056	strict
4494	10105	strict
4494	10976	strict
4494	10978	strict
4494	13904	strict
4495	10046	equal
4495	10060	strict
4495	10062	strict
4495	10240	strict
4495	10981	strict
4495	10985	strict
4495	16215	strict
4496	10047	equal
4496	10063	strict
4496	10229	strict
4496	10982	strict
4496	10984	strict
4496	16412	strict
4497	10048	equal
4498	10049	equal
4499	10054	equal
4499	10056	strict
4500	10056	equal
4501	10057	equal
4502	10058	equal
4503	10060	equal
4503	10062	strict
4504	10062	equal
4505	10070	equal
4505	10072	strict
4505	10083	strict
4505	10102	strict
4505	10104	strict
4505	14318	strict
4506	10078	equal
4506	10079	strict
4506	10080	strict
4506	10081	strict
4506	10083	strict
4506	10113	strict
4506	10123	strict
4506	10130	strict
4506	10133	strict
4506	10146	strict
4506	10176	strict
4506	10177	strict
4506	10202	strict
4506	10204	strict
4506	10205	strict
4507	10079	equal
4507	10080	strict
4507	10083	strict
4507	10123	strict
4507	10205	strict
4508	10083	equal
4509	10090	equal
4509	10091	strict
4509	10092	strict
4509	10094	strict
4509	10095	strict
4509	12446	strict
4509	12466	strict
4509	13945	strict
4509	13948	strict
4509	14754	strict
4509	16582	strict
4509	16584	strict
4509	16587	strict
4509	16588	strict
4509	16589	strict
4510	10091	equal
4510	10092	strict
4510	10095	strict
4510	12466	strict
4510	16589	strict
4511	10095	equal
4512	10096	equal
4512	14896	strict
4513	10097	equal
4513	14837	strict
4514	10098	equal
4514	10099	strict
4514	10100	strict
4514	10101	strict
4514	10103	strict
4514	10105	strict
4514	10128	strict
4514	10137	strict
4514	11744	strict
4514	12467	strict
4514	14274	strict
4514	14275	strict
4514	14279	strict
4514	14828	strict
4514	14834	strict
4514	14836	strict
4514	14837	strict
4515	10099	equal
4516	10100	equal
4516	10128	strict
4516	14279	strict
4516	14834	strict
4516	14836	strict
4516	14837	strict
4517	10101	equal
4517	14837	strict
4518	10102	equal
4518	14318	strict
4519	10103	equal
4519	10137	strict
4520	10104	equal
4521	10105	equal
4522	10106	equal
4522	10107	strict
4522	10118	strict
4522	10120	strict
4522	10134	strict
4522	10135	strict
4522	10136	strict
4522	10139	strict
4522	11748	strict
4522	12468	strict
4522	14294	strict
4522	14295	strict
4522	14861	strict
4522	14890	strict
4522	14893	strict
4522	14895	strict
4522	14896	strict
4523	10107	equal
4524	10108	equal
4524	10109	strict
4524	10112	strict
4524	10143	strict
4524	10267	strict
4524	11750	strict
4524	12469	strict
4524	14298	strict
4524	14301	strict
4524	14325	strict
4524	14930	strict
4524	14934	strict
4524	14935	strict
4524	14938	strict
4524	14939	strict
4524	14940	strict
4525	10109	equal
4525	12469	strict
4525	14940	strict
4526	10110	equal
4526	10198	strict
4527	10111	equal
4528	10112	equal
4528	10267	strict
4529	10113	equal
4530	10114	equal
4531	10118	equal
4531	10120	strict
4532	10120	equal
4533	10121	equal
4533	10123	strict
4534	10123	equal
4535	10124	equal
4535	10126	strict
4536	10126	equal
4537	10129	equal
4538	10130	equal
4538	10133	strict
4538	10176	strict
4538	10202	strict
4538	10204	strict
4538	10205	strict
4539	10131	equal
4539	10205	strict
4540	10134	equal
4540	10139	strict
4540	14861	strict
4540	14893	strict
4540	14895	strict
4540	14896	strict
4541	10135	equal
4541	14896	strict
4542	10136	equal
4543	10137	equal
4544	10140	equal
4545	10144	equal
4546	10145	equal
4547	10146	equal
4548	10147	equal
4549	10150	equal
4550	10151	equal
4551	10158	equal
4551	10159	strict
4551	10162	strict
4551	10169	strict
4551	10237	strict
4551	10238	strict
4551	10240	strict
4551	10243	strict
4551	12470	strict
4551	12478	strict
4551	15365	strict
4551	15366	strict
4551	15371	strict
4551	16487	strict
4551	16496	strict
4551	16498	strict
4551	16499	strict
4552	10159	equal
4552	10162	strict
4553	10162	equal
4554	10163	equal
4555	10164	equal
4555	16508	strict
4556	10165	equal
4556	10168	strict
4556	10170	strict
4556	10235	strict
4556	10239	strict
4556	15509	strict
4557	10166	equal
4557	10242	strict
4558	10169	equal
4559	10170	equal
4559	15509	strict
4560	10171	equal
4560	10173	strict
4561	10173	equal
4562	10174	equal
4563	10175	equal
4563	10201	strict
4563	10203	strict
4563	10205	strict
4564	10176	equal
4564	10202	strict
4564	10204	strict
4564	10205	strict
4565	10177	equal
4565	10205	strict
4566	10178	equal
4566	10205	strict
4567	10179	equal
4567	10196	strict
4568	10185	equal
4568	10186	strict
4568	10187	strict
4568	10194	strict
4568	10231	strict
4568	12480	strict
4568	12486	strict
4568	16258	strict
4568	16260	strict
4568	16263	strict
4568	16315	strict
4568	16511	strict
4568	16512	strict
4568	16515	strict
4568	16516	strict
4568	16517	strict
4569	10186	equal
4569	12486	strict
4569	16517	strict
4570	10187	equal
4570	10231	strict
4571	10189	equal
4571	10191	strict
4572	10191	equal
4573	10196	equal
4574	10197	equal
4575	10198	equal
4576	10206	equal
4576	10207	strict
4576	10208	strict
4576	10228	strict
4576	10229	strict
4576	11758	strict
4576	12498	strict
4576	16308	strict
4576	16311	strict
4576	16411	strict
4576	16456	strict
4576	16458	strict
4576	16461	strict
4576	16462	strict
4576	16463	strict
4577	10207	equal
4577	10208	strict
4577	10229	strict
4577	12498	strict
4577	16463	strict
4578	10214	equal
4578	10215	strict
4578	10217	strict
4578	10226	strict
4578	10248	strict
4578	10249	strict
4578	10250	strict
4578	10251	strict
4578	12488	strict
4578	12496	strict
4578	16350	strict
4578	16351	strict
4578	16356	strict
4578	16501	strict
4578	16505	strict
4578	16507	strict
4578	16508	strict
4579	10215	equal
4579	10217	strict
4580	10217	equal
4581	10218	equal
4582	10220	equal
4582	16499	strict
4583	10221	equal
4583	10222	strict
4583	10224	strict
4583	10225	strict
4583	10234	strict
4583	10235	strict
4583	10242	strict
4583	10245	strict
4583	10247	strict
4583	10253	strict
4583	10257	strict
4583	10259	strict
4583	10264	strict
4583	10265	strict
4583	10266	strict
4584	10222	equal
4584	10225	strict
4584	10235	strict
4584	10242	strict
4584	10266	strict
4585	10223	equal
4586	10224	equal
4587	10226	equal
4588	10229	equal
4589	10230	equal
4590	10231	equal
4591	10232	equal
4592	10235	equal
4593	10237	equal
4593	10243	strict
4593	16487	strict
4593	16496	strict
4593	16498	strict
4593	16499	strict
4594	10238	equal
4594	16499	strict
4595	10239	equal
4596	10240	equal
4597	10242	equal
4598	10244	equal
4598	10266	strict
4599	10245	equal
4599	10247	strict
4599	10259	strict
4599	10264	strict
4599	10265	strict
4599	10266	strict
4600	10248	equal
4600	10251	strict
4600	16501	strict
4600	16505	strict
4600	16507	strict
4600	16508	strict
4601	10249	equal
4601	16508	strict
4602	10250	equal
4603	10252	equal
4604	10253	equal
4605	10255	equal
4606	10256	equal
4606	10262	strict
4606	10263	strict
4606	10266	strict
4607	10257	equal
4607	10266	strict
4608	10258	equal
4608	10266	strict
4609	10259	equal
4609	10264	strict
4609	10265	strict
4609	10266	strict
4610	10267	equal
4611	10270	equal
4611	10271	strict
4611	10273	strict
4611	10279	strict
4611	10281	strict
4611	10557	strict
4611	10559	strict
4611	10567	strict
4611	11819	strict
4611	11849	strict
4611	11851	strict
4611	11852	strict
4611	11853	strict
4611	11857	strict
4611	11864	strict
4612	10271	equal
4612	10279	strict
4612	10281	strict
4612	11819	strict
4612	11857	strict
4613	10281	equal
4614	10283	equal
4614	10284	strict
4614	10286	strict
4614	10296	strict
4614	10298	strict
4614	10560	strict
4614	10562	strict
4614	10570	strict
4614	11822	strict
4614	11860	strict
4614	11866	strict
4614	11869	strict
4614	11870	strict
4614	11872	strict
4614	11874	strict
4615	10284	equal
4615	10296	strict
4615	10298	strict
4615	11822	strict
4615	11874	strict
4616	10298	equal
4617	10340	equal
4617	10367	strict
4617	10557	strict
4617	10558	strict
4617	10559	strict
4617	10575	strict
4617	10614	strict
4617	10625	strict
4617	11766	strict
4617	11767	strict
4617	11768	strict
4617	11770	strict
4617	11849	strict
4617	11851	strict
4617	11853	strict
4617	11857	strict
4617	11859	strict
4618	10341	equal
4618	10368	strict
4618	10560	strict
4618	10561	strict
4618	10562	strict
4618	10576	strict
4618	10615	strict
4618	10634	strict
4618	11769	strict
4618	11771	strict
4618	11772	strict
4618	11773	strict
4618	11866	strict
4618	11870	strict
4618	11872	strict
4618	11874	strict
4618	11878	strict
4619	10342	equal
4619	10371	strict
4619	10373	strict
4619	10563	strict
4619	10580	strict
4619	10581	strict
4619	10582	strict
4619	10624	strict
4619	11774	strict
4619	11775	strict
4619	11776	strict
4619	11778	strict
4619	12115	strict
4619	12117	strict
4619	12119	strict
4619	12121	strict
4619	12129	strict
4620	10343	equal
4620	10374	strict
4620	10376	strict
4620	10564	strict
4620	10586	strict
4620	10587	strict
4620	10588	strict
4620	10633	strict
4620	11777	strict
4620	11779	strict
4620	11780	strict
4620	11781	strict
4620	12152	strict
4620	12153	strict
4620	12163	strict
4620	12164	strict
4620	12166	strict
4621	10347	equal
4621	10349	strict
4621	10351	strict
4621	10355	strict
4621	10357	strict
4621	10513	strict
4621	10519	strict
4621	10543	strict
4621	11176	strict
4621	11179	strict
4621	11183	strict
4621	11185	strict
4621	11186	strict
4621	11195	strict
4621	13156	strict
4622	10348	equal
4622	10350	strict
4622	10352	strict
4622	10360	strict
4622	10362	strict
4622	10514	strict
4622	10522	strict
4622	10544	strict
4622	11173	strict
4622	13152	strict
4622	13159	strict
4622	13166	strict
4622	13175	strict
4622	13180	strict
4622	13182	strict
4623	10349	equal
4623	10351	strict
4623	10357	strict
4623	11183	strict
4623	11195	strict
4624	10350	equal
4624	10352	strict
4624	10362	strict
4624	13175	strict
4624	13182	strict
4625	10353	equal
4625	10356	strict
4625	10357	strict
4625	10517	strict
4625	10547	strict
4625	13162	strict
4626	10357	equal
4627	10358	equal
4627	10361	strict
4627	10362	strict
4627	10520	strict
4627	10550	strict
4627	11187	strict
4628	10362	equal
4629	10367	equal
4630	10368	equal
4631	10369	equal
4632	10370	equal
4633	10371	equal
4633	10373	strict
4634	10373	equal
4635	10374	equal
4635	10376	strict
4636	10376	equal
4637	10417	equal
4637	10418	strict
4637	10419	strict
4637	10427	strict
4637	10428	strict
4637	11113	strict
4637	11126	strict
4637	11127	strict
4637	11138	strict
4637	13007	strict
4637	13016	strict
4637	13020	strict
4637	13021	strict
4637	13022	strict
4637	13023	strict
4638	10418	equal
4638	10419	strict
4638	10428	strict
4638	13007	strict
4638	13023	strict
4639	10423	equal
4639	10425	strict
4639	10428	strict
4639	11108	strict
4639	11109	strict
4639	11133	strict
4640	10428	equal
4641	10468	equal
4641	11343	strict
4641	11359	strict
4642	10469	equal
4642	11347	strict
4642	11374	strict
4643	10470	equal
4643	11462	strict
4643	11479	strict
4644	10471	equal
4644	15705	strict
4644	15709	strict
4645	10472	equal
4645	13317	strict
4645	13328	strict
4646	10473	equal
4646	15732	strict
4646	15736	strict
4647	10480	equal
4647	10482	strict
4647	10486	strict
4647	11328	strict
4647	11361	strict
4647	12075	strict
4647	12079	strict
4647	12081	strict
4647	12082	strict
4647	12083	strict
4647	12089	strict
4647	12095	strict
4647	12098	strict
4647	12105	strict
4647	12141	strict
4647	15676	strict
4648	10481	equal
4648	10483	strict
4648	10488	strict
4648	11329	strict
4648	11330	strict
4648	12076	strict
4648	12077	strict
4648	12078	strict
4648	12085	strict
4648	12086	strict
4648	12090	strict
4648	12094	strict
4648	12096	strict
4648	12114	strict
4648	12142	strict
4648	15677	strict
4649	10482	equal
4649	12095	strict
4649	12105	strict
4650	10483	equal
4650	12096	strict
4650	12114	strict
4651	10490	equal
4651	10491	strict
4651	10493	strict
4651	10547	strict
4651	10577	strict
4651	10580	strict
4651	10582	strict
4651	10621	strict
4651	12115	strict
4651	12116	strict
4651	12117	strict
4651	12119	strict
4651	12120	strict
4651	12129	strict
4651	12146	strict
4651	15678	strict
4652	10491	equal
4652	12120	strict
4652	12129	strict
4653	10495	equal
4653	10496	strict
4653	10498	strict
4653	10550	strict
4653	10583	strict
4653	10586	strict
4653	10588	strict
4653	10630	strict
4653	11470	strict
4653	12136	strict
4653	12152	strict
4653	12153	strict
4653	12156	strict
4653	12162	strict
4653	12164	strict
4653	12166	strict
4654	10496	equal
4654	12162	strict
4654	12166	strict
4655	10500	equal
4655	10501	strict
4655	10503	strict
4655	11151	strict
4655	11794	strict
4655	11800	strict
4655	11802	strict
4655	12171	strict
4655	12172	strict
4655	12173	strict
4655	12177	strict
4655	12178	strict
4655	12184	strict
4655	12190	strict
4655	13061	strict
4655	15716	strict
4656	10501	equal
4656	12178	strict
4656	12184	strict
4657	10505	equal
4657	10506	strict
4657	10508	strict
4657	11154	strict
4657	11797	strict
4657	11803	strict
4657	11805	strict
4657	12186	strict
4657	12192	strict
4657	12193	strict
4657	12196	strict
4657	12202	strict
4657	12204	strict
4657	12206	strict
4657	13064	strict
4657	13319	strict
4658	10506	equal
4658	12202	strict
4658	12206	strict
4659	10511	equal
4659	11195	strict
4660	10512	equal
4660	13182	strict
4661	10513	equal
4661	10519	strict
4661	11176	strict
4661	11179	strict
4661	11186	strict
4661	11195	strict
4662	10514	equal
4662	10522	strict
4662	13152	strict
4662	13166	strict
4662	13180	strict
4662	13182	strict
4663	10515	equal
4663	11195	strict
4664	10516	equal
4664	13182	strict
4665	10517	equal
4665	13162	strict
4666	10520	equal
4666	11187	strict
4667	10524	equal
4667	10525	strict
4667	10526	strict
4667	10529	strict
4667	10530	strict
4667	11248	strict
4667	11251	strict
4667	11255	strict
4667	14462	strict
4667	14740	strict
4667	16423	strict
4667	16425	strict
4667	16434	strict
4667	16435	strict
4667	16438	strict
4668	10525	equal
4668	10526	strict
4668	10530	strict
4668	14740	strict
4668	16438	strict
4669	10530	equal
4670	10531	equal
4670	10618	strict
4670	10620	strict
4670	10624	strict
4670	11266	strict
4670	11267	strict
4670	11288	strict
4671	10532	equal
4671	10627	strict
4671	10629	strict
4671	10633	strict
4671	11281	strict
4671	11283	strict
4671	11286	strict
4672	10533	equal
4672	10534	strict
4672	10535	strict
4672	10539	strict
4672	10540	strict
4672	11289	strict
4672	11292	strict
4672	11297	strict
4672	15569	strict
4672	15572	strict
4672	15585	strict
4672	15595	strict
4672	15597	strict
4672	15599	strict
4672	16396	strict
4673	10534	equal
4673	10535	strict
4673	10540	strict
4673	15585	strict
4673	15599	strict
4674	10536	equal
4674	10538	strict
4674	10540	strict
4674	11295	strict
4674	11301	strict
4674	16407	strict
4675	10540	equal
4676	10541	equal
4677	10542	equal
4678	10543	equal
4679	10544	equal
4680	10545	equal
4681	10546	equal
4682	10547	equal
4683	10550	equal
4684	10555	equal
4684	11857	strict
4685	10556	equal
4685	11874	strict
4686	10557	equal
4686	10559	strict
4686	11849	strict
4686	11851	strict
4686	11853	strict
4686	11857	strict
4687	10558	equal
4687	11857	strict
4688	10560	equal
4688	10562	strict
4688	11866	strict
4688	11870	strict
4688	11872	strict
4688	11874	strict
4689	10561	equal
4689	11874	strict
4690	10563	equal
4691	10564	equal
4692	10567	equal
4693	10568	equal
4694	10570	equal
4695	10571	equal
4696	10573	equal
4696	12129	strict
4697	10574	equal
4697	12166	strict
4698	10575	equal
4699	10576	equal
4700	10577	equal
4701	10578	equal
4702	10580	equal
4702	10582	strict
4702	12115	strict
4702	12117	strict
4702	12119	strict
4702	12129	strict
4703	10581	equal
4703	12129	strict
4704	10583	equal
4705	10584	equal
4706	10586	equal
4706	10588	strict
4706	12152	strict
4706	12153	strict
4706	12164	strict
4706	12166	strict
4707	10587	equal
4707	12166	strict
4708	10596	equal
4709	10597	equal
4710	10598	equal
4710	11479	strict
4711	10599	equal
4711	15709	strict
4712	10600	equal
4712	11479	strict
4713	10601	equal
4713	15709	strict
4714	10602	equal
4714	10606	strict
4715	10603	equal
4715	10608	strict
4716	10606	equal
4717	10608	equal
4718	10614	equal
4718	10625	strict
4719	10615	equal
4719	10634	strict
4720	10618	equal
4720	10620	strict
4721	10620	equal
4722	10621	equal
4722	15678	strict
4723	10624	equal
4724	10625	equal
4725	10626	equal
4726	10627	equal
4726	10629	strict
4727	10629	equal
4728	10630	equal
4728	11470	strict
4729	10633	equal
4730	10634	equal
4731	10635	equal
4732	10637	equal
4733	10638	equal
4734	10640	equal
4734	10782	strict
4735	10641	equal
4735	10876	strict
4736	10642	equal
4736	10648	strict
4736	10762	strict
4736	10764	strict
4736	10768	strict
4736	10782	strict
4737	10643	equal
4737	10651	strict
4737	10835	strict
4737	10854	strict
4737	10874	strict
4737	10876	strict
4738	10644	equal
4738	10782	strict
4739	10645	equal
4739	10876	strict
4740	10646	equal
4740	10857	strict
4741	10649	equal
4741	10774	strict
4742	10658	equal
4742	10659	strict
4742	10660	strict
4742	10669	strict
4742	10671	strict
4742	12399	strict
4742	12404	strict
4742	13075	strict
4742	13078	strict
4742	13084	strict
4742	13101	strict
4742	13102	strict
4742	13117	strict
4742	13119	strict
4742	13120	strict
4743	10659	equal
4743	10660	strict
4743	10671	strict
4743	12404	strict
4743	13120	strict
4744	10666	equal
4744	10668	strict
4744	10671	strict
4744	12299	strict
4744	12301	strict
4744	12353	strict
4745	10671	equal
4746	10672	equal
4746	10673	strict
4746	10674	strict
4746	10687	strict
4746	10688	strict
4746	10697	strict
4746	10699	strict
4746	10715	strict
4746	10717	strict
4746	10718	strict
4746	10720	strict
4746	10721	strict
4746	10722	strict
4746	12328	strict
4746	12340	strict
4746	13478	strict
4747	10673	equal
4747	10721	strict
4747	10722	strict
4748	10674	equal
4749	10675	equal
4749	10676	strict
4749	10677	strict
4749	10690	strict
4749	10691	strict
4749	10693	strict
4749	10695	strict
4749	10735	strict
4749	10737	strict
4749	10738	strict
4749	10740	strict
4749	10741	strict
4749	10742	strict
4749	12329	strict
4749	12341	strict
4749	12371	strict
4750	10676	equal
4750	10741	strict
4750	10742	strict
4751	10677	equal
4752	10680	equal
4752	10696	strict
4752	10700	strict
4752	10704	strict
4752	10719	strict
4752	10721	strict
4753	10681	equal
4753	10683	strict
4753	10701	strict
4753	10703	strict
4753	10739	strict
4753	10741	strict
4754	10682	equal
4755	10683	equal
4755	10703	strict
4755	10739	strict
4755	10741	strict
4756	10684	equal
4757	10685	equal
4757	10721	strict
4758	10686	equal
4758	10741	strict
4759	10687	equal
4759	10697	strict
4759	10717	strict
4759	10718	strict
4759	10720	strict
4759	10721	strict
4760	10688	equal
4761	10689	equal
4761	10721	strict
4762	10690	equal
4762	10693	strict
4762	10737	strict
4762	10738	strict
4762	10740	strict
4762	10741	strict
4763	10691	equal
4764	10692	equal
4764	10741	strict
4765	10693	equal
4765	10738	strict
4765	10740	strict
4765	10741	strict
4766	10694	equal
4766	10741	strict
4767	10695	equal
4767	10741	strict
4768	10696	equal
4768	10704	strict
4768	10719	strict
4768	10721	strict
4769	10697	equal
4769	10718	strict
4769	10720	strict
4769	10721	strict
4770	10698	equal
4770	10721	strict
4771	10699	equal
4771	10721	strict
4772	10705	equal
4772	10722	strict
4773	10707	equal
4773	10708	strict
4773	10713	strict
4773	10716	strict
4773	10745	strict
4773	12430	strict
4773	12434	strict
4773	16205	strict
4773	16211	strict
4773	16213	strict
4773	16220	strict
4773	16581	strict
4773	16582	strict
4773	16585	strict
4773	16586	strict
4773	16589	strict
4774	10708	equal
4774	12434	strict
4774	16589	strict
4775	10711	equal
4775	10712	strict
4776	10712	equal
4777	10713	equal
4777	10745	strict
4778	10714	equal
4779	10722	equal
4780	10723	equal
4781	10725	equal
4781	10742	strict
4782	10727	equal
4782	10728	strict
4782	10733	strict
4782	10736	strict
4782	10744	strict
4782	12439	strict
4782	12443	strict
4782	16465	strict
4782	16471	strict
4782	16473	strict
4782	16479	strict
4782	16563	strict
4782	16564	strict
4782	16567	strict
4782	16568	strict
4782	16571	strict
4783	10728	equal
4783	12443	strict
4783	16571	strict
4784	10731	equal
4784	10732	strict
4785	10732	equal
4786	10733	equal
4786	10744	strict
4787	10734	equal
4788	10742	equal
4789	10743	equal
4790	10744	equal
4791	10745	equal
4792	10751	equal
4792	10752	strict
4792	10753	strict
4792	10755	strict
4792	10756	strict
4792	10759	strict
4792	10766	strict
4792	10777	strict
4792	10778	strict
4792	10779	strict
4792	10780	strict
4792	10781	strict
4792	10782	strict
4792	10784	strict
4792	10826	strict
4792	10828	strict
4792	10899	strict
4793	10752	equal
4794	10753	equal
4795	10754	equal
4796	10755	equal
4796	10759	strict
4796	10779	strict
4796	10780	strict
4796	10781	strict
4796	10782	strict
4797	10756	equal
4797	10782	strict
4798	10757	equal
4799	10760	equal
4800	10761	equal
4801	10762	equal
4801	10764	strict
4801	10768	strict
4801	10782	strict
4802	10763	equal
4802	10782	strict
4803	10765	equal
4803	10776	strict
4804	10766	equal
4804	10782	strict
4805	10767	equal
4805	10782	strict
4806	10769	equal
4806	13334	strict
4807	10771	equal
4807	10772	strict
4808	10772	equal
4809	10773	equal
4810	10774	equal
4811	10776	equal
4812	10777	equal
4812	10778	strict
4812	10779	strict
4812	10780	strict
4812	10781	strict
4812	10782	strict
4813	10779	equal
4813	10780	strict
4813	10781	strict
4813	10782	strict
4814	10784	equal
4815	10791	equal
4815	10807	strict
4815	10822	strict
4815	10849	strict
4815	12350	strict
4815	12354	strict
4815	14005	strict
4816	10798	equal
4816	10800	strict
4816	10806	strict
4816	10821	strict
4816	10823	strict
4816	12392	strict
4817	10802	equal
4817	10803	strict
4817	10804	strict
4817	10805	strict
4817	10806	strict
4817	10832	strict
4817	10897	strict
4817	10900	strict
4817	12465	strict
4817	12503	strict
4817	16572	strict
4817	16574	strict
4817	16576	strict
4817	16577	strict
4817	16580	strict
4818	10803	equal
4818	10804	strict
4818	10806	strict
4818	12465	strict
4818	16580	strict
4819	10806	equal
4820	10807	equal
4820	10849	strict
4821	10808	equal
4822	10809	equal
4822	10810	strict
4822	10811	strict
4822	10812	strict
4822	10817	strict
4822	10819	strict
4822	10823	strict
4822	10840	strict
4822	10842	strict
4822	10870	strict
4822	10872	strict
4822	10873	strict
4822	10875	strict
4822	10876	strict
4822	10877	strict
4822	12387	strict
4823	10810	equal
4823	10876	strict
4823	10877	strict
4824	10811	equal
4825	10812	equal
4825	12387	strict
4826	10813	equal
4826	10814	strict
4826	10815	strict
4826	10817	strict
4826	10818	strict
4826	10820	strict
4826	10822	strict
4826	10836	strict
4826	10837	strict
4826	10840	strict
4826	10856	strict
4826	10860	strict
4826	10872	strict
4826	10873	strict
4826	10875	strict
4826	10876	strict
4826	10889	strict
4827	10814	equal
4828	10815	equal
4829	10816	equal
4830	10817	equal
4830	10840	strict
4830	10872	strict
4830	10873	strict
4830	10875	strict
4830	10876	strict
4831	10818	equal
4831	10876	strict
4832	10819	equal
4833	10820	equal
4833	10889	strict
4834	10821	equal
4834	12392	strict
4835	10822	equal
4836	10823	equal
4837	10826	equal
4837	10828	strict
4838	10828	equal
4839	10832	equal
4840	10833	equal
4841	10835	equal
4841	10854	strict
4841	10874	strict
4841	10876	strict
4842	10836	equal
4842	10840	strict
4842	10856	strict
4842	10873	strict
4842	10875	strict
4842	10876	strict
4843	10837	equal
4843	10876	strict
4844	10838	equal
4845	10839	equal
4846	10840	equal
4846	10873	strict
4846	10875	strict
4846	10876	strict
4847	10841	equal
4847	10876	strict
4848	10842	equal
4848	10876	strict
4849	10843	equal
4849	16535	strict
4850	10845	equal
4850	10846	strict
4850	10848	strict
4850	10853	strict
4850	10897	strict
4850	10898	strict
4850	10899	strict
4850	10900	strict
4850	12476	strict
4850	12479	strict
4850	15440	strict
4850	15441	strict
4850	15442	strict
4850	16572	strict
4850	16576	strict
4850	16577	strict
4850	16580	strict
4851	10846	equal
4851	10848	strict
4852	10848	equal
4853	10849	equal
4854	10850	equal
4854	10852	strict
4855	10852	equal
4856	10853	equal
4857	10857	equal
4858	10860	equal
4859	10861	equal
4859	10877	strict
4860	10863	equal
4860	10864	strict
4860	10865	strict
4860	10871	strict
4860	10880	strict
4860	10891	strict
4860	10893	strict
4860	10896	strict
4860	12487	strict
4860	12500	strict
4860	16292	strict
4860	16527	strict
4860	16528	strict
4860	16531	strict
4860	16532	strict
4860	16535	strict
4861	10864	equal
4861	12487	strict
4861	16535	strict
4862	10865	equal
4862	16292	strict
4863	10868	equal
4863	10869	strict
4864	10869	equal
4865	10877	equal
4866	10878	equal
4867	10879	equal
4868	10880	equal
4869	10881	equal
4870	10883	equal
4870	16580	strict
4871	10885	equal
4871	10886	strict
4871	10888	strict
4871	10890	strict
4871	10893	strict
4871	10894	strict
4871	10895	strict
4871	10896	strict
4871	12494	strict
4871	12497	strict
4871	16390	strict
4871	16391	strict
4871	16392	strict
4871	16527	strict
4871	16531	strict
4871	16532	strict
4871	16535	strict
4872	10886	equal
4872	10888	strict
4873	10888	equal
4874	10889	equal
4875	10890	equal
4876	10891	equal
4877	10892	equal
4878	10893	equal
4878	10896	strict
4878	16527	strict
4878	16531	strict
4878	16532	strict
4878	16535	strict
4879	10894	equal
4879	16535	strict
4880	10895	equal
4881	10897	equal
4881	10900	strict
4881	16572	strict
4881	16576	strict
4881	16577	strict
4881	16580	strict
4882	10898	equal
4882	16580	strict
4883	10899	equal
4884	10901	equal
4884	13944	strict
4885	10902	equal
4886	10903	equal
4886	12758	strict
4887	10904	equal
4888	10905	equal
4889	10906	equal
4890	10907	equal
4891	10908	equal
4892	10909	equal
4893	10910	equal
4894	10911	equal
4895	10912	equal
4896	10913	equal
4897	10915	equal
4898	10916	equal
4899	10917	equal
4900	10918	equal
4901	10919	equal
4902	10921	equal
4903	10922	equal
4904	10924	equal
4905	10925	equal
4906	10927	equal
4907	10928	equal
4908	10929	equal
4909	10930	equal
4910	10931	equal
4911	10932	equal
4912	10933	equal
4913	10934	equal
4914	10935	equal
4914	14051	strict
4915	10936	equal
4915	10973	strict
4916	10937	equal
4916	16257	strict
4917	10938	equal
4918	10939	equal
4918	12933	strict
4919	10940	equal
4920	10941	equal
4920	10942	strict
4920	10943	strict
4920	10949	strict
4920	10950	strict
4920	10974	strict
4920	10978	strict
4920	12701	strict
4920	12702	strict
4920	12706	strict
4920	12728	strict
4920	12731	strict
4920	12752	strict
4920	12755	strict
4920	12757	strict
4920	12758	strict
4920	13844	strict
4921	10942	equal
4922	10943	equal
4923	10944	equal
4924	10945	equal
4924	10946	strict
4924	10948	strict
4924	10949	strict
4924	10952	strict
4924	10977	strict
4924	10979	strict
4924	12706	strict
4924	12708	strict
4924	12748	strict
4924	12751	strict
4924	12752	strict
4924	12755	strict
4924	12757	strict
4924	12758	strict
4924	14321	strict
4925	10946	equal
4925	12751	strict
4925	12758	strict
4926	10947	equal
4927	10948	equal
4928	10949	equal
4928	12706	strict
4928	12752	strict
4928	12755	strict
4928	12757	strict
4928	12758	strict
4929	10950	equal
4929	12758	strict
4930	10951	equal
4931	10952	equal
4932	10953	equal
4932	10954	strict
4932	10955	strict
4932	10961	strict
4932	10964	strict
4932	10980	strict
4932	10984	strict
4932	12901	strict
4932	12907	strict
4932	12916	strict
4932	12917	strict
4932	12927	strict
4932	12931	strict
4932	12932	strict
4932	12933	strict
4932	16153	strict
4933	10954	equal
4933	12907	strict
4933	12933	strict
4934	10955	equal
4935	10956	equal
4936	10957	equal
4936	10958	strict
4936	10959	strict
4936	10961	strict
4936	10962	strict
4936	10983	strict
4936	10985	strict
4936	12910	strict
4936	12911	strict
4936	12917	strict
4936	12924	strict
4936	12926	strict
4936	12927	strict
4936	12931	strict
4936	12932	strict
4936	12933	strict
4936	16475	strict
4937	10958	equal
4938	10959	equal
4939	10960	equal
4940	10961	equal
4940	12917	strict
4940	12927	strict
4940	12931	strict
4940	12932	strict
4940	12933	strict
4941	10962	equal
4941	12933	strict
4942	10963	equal
4943	10964	equal
4944	10965	equal
4945	10966	equal
4946	10967	equal
4947	10968	equal
4948	10970	equal
4949	10971	equal
4950	10973	equal
4951	10974	equal
4951	13844	strict
4952	10975	equal
4952	14317	strict
4953	10976	equal
4953	13904	strict
4954	10977	equal
4954	14321	strict
4955	10978	equal
4956	10979	equal
4957	10980	equal
4957	16153	strict
4958	10981	equal
4958	16215	strict
4959	10982	equal
4959	16412	strict
4960	10983	equal
4960	16475	strict
4961	10984	equal
4962	10985	equal
4963	10986	equal
4963	13233	strict
4964	10987	equal
4964	10988	strict
4964	10990	strict
4964	12458	strict
4964	12460	strict
4964	13636	strict
4964	13639	strict
4964	13641	strict
4964	13643	strict
4964	13726	strict
4964	13729	strict
4964	13730	strict
4964	13733	strict
4964	13735	strict
4964	13736	strict
4964	14309	strict
4965	10988	equal
4965	13729	strict
4965	13736	strict
4966	10989	equal
4967	10990	equal
4968	10991	equal
4968	10992	strict
4968	10994	strict
4968	12461	strict
4968	12483	strict
4968	13658	strict
4968	13661	strict
4968	13857	strict
4968	13859	strict
4968	13876	strict
4968	13879	strict
4968	13880	strict
4968	13883	strict
4968	13885	strict
4968	13886	strict
4968	14324	strict
4969	10992	equal
4969	13879	strict
4969	13886	strict
4970	10993	equal
4971	10994	equal
4972	10995	equal
4972	10996	strict
4972	10997	strict
4972	12449	strict
4972	12451	strict
4972	13662	strict
4972	13663	strict
4972	13926	strict
4972	13927	strict
4972	13931	strict
4972	13933	strict
4972	13937	strict
4972	13938	strict
4972	13942	strict
4972	13943	strict
4972	13944	strict
4972	13947	strict
4973	10996	equal
4974	10997	equal
4975	10998	equal
4976	10999	equal
4976	14052	strict
4977	11000	equal
4977	14058	strict
4978	11001	equal
4978	11002	strict
4978	11004	strict
4978	12471	strict
4978	12506	strict
4978	15342	strict
4978	15344	strict
4978	15347	strict
4978	15348	strict
4978	15354	strict
4978	15357	strict
4978	15358	strict
4978	15362	strict
4978	15363	strict
4978	15364	strict
4978	15367	strict
4979	11002	equal
4979	15357	strict
4979	15364	strict
4980	11003	equal
4981	11004	equal
4982	11005	equal
4982	11006	strict
4982	11007	strict
4982	12484	strict
4982	12505	strict
4982	16228	strict
4982	16229	strict
4982	16234	strict
4982	16235	strict
4982	16244	strict
4982	16246	strict
4982	16250	strict
4982	16251	strict
4982	16255	strict
4982	16256	strict
4982	16257	strict
4982	16312	strict
4983	11006	equal
4984	11007	equal
4985	11008	equal
4986	11009	equal
4986	11010	strict
4986	11012	strict
4986	12489	strict
4986	12507	strict
4986	16327	strict
4986	16329	strict
4986	16336	strict
4986	16337	strict
4986	16339	strict
4986	16342	strict
4986	16343	strict
4986	16347	strict
4986	16348	strict
4986	16349	strict
4986	16352	strict
4987	11010	equal
4987	16342	strict
4987	16349	strict
4988	11011	equal
4989	11012	equal
4990	11013	equal
4990	11031	strict
4991	11014	equal
4991	11032	strict
4992	11015	equal
4992	11016	strict
4992	11020	strict
4992	11025	strict
4992	11030	strict
4992	12581	strict
4992	12658	strict
4992	12685	strict
4992	12687	strict
4992	12949	strict
4992	14685	strict
4992	16275	strict
4992	16276	strict
4992	16279	strict
4992	16280	strict
4992	16283	strict
4993	11016	equal
4993	14685	strict
4993	16283	strict
4994	11017	equal
4994	11018	strict
4994	11022	strict
4994	11027	strict
4994	11028	strict
4994	12582	strict
4994	12660	strict
4994	12688	strict
4994	12690	strict
4994	12787	strict
4994	12953	strict
4994	12955	strict
4994	12959	strict
4994	12960	strict
4994	12963	strict
4994	16267	strict
4995	11018	equal
4995	12787	strict
4995	12963	strict
4996	11023	equal
4996	11024	strict
4997	11024	equal
4998	11025	equal
4998	11030	strict
4999	11026	equal
5000	11027	equal
5000	11028	strict
5001	11028	equal
5002	11029	equal
5003	11030	equal
5004	11031	equal
5005	11032	equal
5006	11033	equal
5006	11034	strict
5006	11040	strict
5006	11041	strict
5006	12544	strict
5006	12599	strict
5006	12616	strict
5006	12620	strict
5006	12621	strict
5006	12833	strict
5006	15487	strict
5006	15649	strict
5006	15650	strict
5006	15653	strict
5006	15654	strict
5006	15657	strict
5007	11034	equal
5007	15487	strict
5007	15657	strict
5008	11036	equal
5008	11037	strict
5008	11038	strict
5008	11044	strict
5008	12548	strict
5008	12550	strict
5008	12552	strict
5008	12554	strict
5008	12556	strict
5008	12558	strict
5008	12559	strict
5008	12562	strict
5008	12568	strict
5008	12618	strict
5008	12623	strict
5008	12830	strict
5009	11037	equal
5009	12559	strict
5009	12562	strict
5010	11041	equal
5011	11042	equal
5012	11044	equal
5013	11045	equal
5013	11046	strict
5013	11052	strict
5013	11053	strict
5013	12569	strict
5013	12570	strict
5013	12626	strict
5013	12630	strict
5013	12631	strict
5013	12838	strict
5013	12841	strict
5013	12854	strict
5013	12864	strict
5013	12866	strict
5013	12868	strict
5013	15534	strict
5014	11046	equal
5014	12854	strict
5014	12868	strict
5015	11048	equal
5015	11049	strict
5015	11050	strict
5015	11058	strict
5015	12573	strict
5015	12575	strict
5015	12577	strict
5015	12585	strict
5015	12587	strict
5015	12588	strict
5015	12590	strict
5015	12591	strict
5015	12596	strict
5015	12628	strict
5015	12633	strict
5015	15626	strict
5016	11049	equal
5016	12591	strict
5016	12596	strict
5017	11053	equal
5018	11054	equal
5019	11055	equal
5020	11056	equal
5021	11058	equal
5022	11059	equal
5023	11061	equal
5024	11062	equal
5025	11064	equal
5026	11065	equal
5027	11066	equal
5028	11068	equal
5028	11070	strict
5028	13100	strict
5028	13104	strict
5028	13118	strict
5028	13120	strict
5029	11069	equal
5029	11071	strict
5029	11409	strict
5029	11410	strict
5029	14097	strict
5029	14099	strict
5030	11072	equal
5030	11195	strict
5031	11073	equal
5031	11479	strict
5032	11074	equal
5032	12905	strict
5033	11075	equal
5033	11481	strict
5034	11076	equal
5035	11077	equal
5035	12907	strict
5036	11079	equal
5036	11219	strict
5036	11221	strict
5036	12976	strict
5036	13252	strict
5036	13266	strict
5037	11080	equal
5037	11411	strict
5037	11412	strict
5037	12979	strict
5037	14192	strict
5037	14194	strict
5038	11081	equal
5038	11099	strict
5039	11082	equal
5039	11083	strict
5040	11083	equal
5041	11084	equal
5041	11098	strict
5042	11085	equal
5042	11086	strict
5042	11087	strict
5042	11089	strict
5042	11091	strict
5042	11226	strict
5042	11233	strict
5042	11241	strict
5042	13054	strict
5042	14455	strict
5042	14721	strict
5042	16163	strict
5042	16165	strict
5042	16174	strict
5042	16175	strict
5042	16178	strict
5043	11086	equal
5043	14721	strict
5043	16178	strict
5044	11087	equal
5045	11088	equal
5045	13029	strict
5046	11089	equal
5046	13054	strict
5047	11092	equal
5047	11093	strict
5048	11093	equal
5049	11094	equal
5049	11095	strict
5050	11095	equal
5051	11096	equal
5052	11097	equal
5053	11098	equal
5054	11099	equal
5055	11102	equal
5055	13023	strict
5056	11103	equal
5056	13044	strict
5057	11104	equal
5058	11105	equal
5059	11106	equal
5059	11107	strict
5059	11108	strict
5059	11110	strict
5059	11119	strict
5059	11134	strict
5059	11264	strict
5059	11271	strict
5059	11280	strict
5059	15524	strict
5059	15527	strict
5059	15551	strict
5059	15561	strict
5059	15563	strict
5059	15565	strict
5059	16076	strict
5060	11107	equal
5060	15551	strict
5060	15565	strict
5061	11108	equal
5062	11109	equal
5062	11133	strict
5063	11110	equal
5063	11134	strict
5064	11112	equal
5065	11113	equal
5066	11115	equal
5066	11116	strict
5066	11117	strict
5066	11123	strict
5066	11130	strict
5066	11132	strict
5066	11144	strict
5066	11278	strict
5066	11301	strict
5066	13038	strict
5066	13040	strict
5066	13041	strict
5066	13043	strict
5066	13044	strict
5066	13049	strict
5066	16147	strict
5067	11116	equal
5067	13044	strict
5067	13049	strict
5068	11120	equal
5068	11125	strict
5068	11126	strict
5068	11127	strict
5068	11128	strict
5068	11135	strict
5068	11284	strict
5068	11287	strict
5068	11291	strict
5068	13009	strict
5068	13010	strict
5068	13011	strict
5068	13020	strict
5068	13021	strict
5068	13022	strict
5068	13023	strict
5068	13026	strict
5069	11121	equal
5069	11129	strict
5069	11130	strict
5069	11131	strict
5069	11132	strict
5069	11136	strict
5069	11286	strict
5069	11298	strict
5069	11300	strict
5069	13012	strict
5069	13013	strict
5069	13014	strict
5069	13038	strict
5069	13041	strict
5069	13043	strict
5069	13044	strict
5069	13048	strict
5070	11122	equal
5071	11123	equal
5072	11125	equal
5072	13023	strict
5073	11126	equal
5073	11127	strict
5073	13020	strict
5073	13021	strict
5073	13022	strict
5073	13023	strict
5074	11128	equal
5075	11129	equal
5076	11130	equal
5076	11132	strict
5076	13038	strict
5076	13041	strict
5076	13043	strict
5076	13044	strict
5077	11131	equal
5077	13044	strict
5078	11133	equal
5079	11134	equal
5080	11135	equal
5081	11136	equal
5082	11137	equal
5083	11138	equal
5084	11140	equal
5085	11141	equal
5086	11142	equal
5087	11144	equal
5088	11145	equal
5089	11146	equal
5090	11147	equal
5091	11148	equal
5092	11149	equal
5093	11150	equal
5094	11151	equal
5095	11154	equal
5096	11162	equal
5097	11164	equal
5097	11165	strict
5097	11166	strict
5097	11167	strict
5097	11168	strict
5097	11170	strict
5097	11177	strict
5097	11190	strict
5097	11191	strict
5097	11192	strict
5097	11193	strict
5097	11194	strict
5097	11195	strict
5097	11196	strict
5097	11380	strict
5097	11383	strict
5097	11436	strict
5098	11165	equal
5099	11166	equal
5100	11167	equal
5100	11170	strict
5100	11192	strict
5100	11193	strict
5100	11194	strict
5100	11195	strict
5101	11168	equal
5101	11195	strict
5102	11171	equal
5103	11172	equal
5104	11173	equal
5105	11174	equal
5106	11175	equal
5106	11189	strict
5107	11176	equal
5107	11179	strict
5107	11186	strict
5107	11195	strict
5108	11177	equal
5108	11195	strict
5109	11178	equal
5109	11195	strict
5110	11180	equal
5110	11465	strict
5111	11182	equal
5111	11183	strict
5112	11183	equal
5113	11184	equal
5114	11185	equal
5114	11195	strict
5115	11187	equal
5116	11189	equal
5117	11190	equal
5117	11191	strict
5117	11192	strict
5117	11193	strict
5117	11194	strict
5117	11195	strict
5118	11192	equal
5118	11193	strict
5118	11194	strict
5118	11195	strict
5119	11196	equal
5120	11204	equal
5120	11205	strict
5120	11206	strict
5120	11216	strict
5120	11217	strict
5120	11220	strict
5120	13228	strict
5120	13248	strict
5120	13260	strict
5120	13261	strict
5120	13262	strict
5120	13263	strict
5120	13264	strict
5120	13265	strict
5120	13266	strict
5121	11205	equal
5121	11206	strict
5121	11217	strict
5121	13262	strict
5121	13266	strict
5122	11212	equal
5122	11214	strict
5122	11217	strict
5122	13253	strict
5122	13301	strict
5122	14210	strict
5123	11217	equal
5124	11218	equal
5125	11219	equal
5125	11221	strict
5125	13252	strict
5125	13266	strict
5126	11220	equal
5126	13266	strict
5127	11222	equal
5127	11225	strict
5127	11235	strict
5127	11237	strict
5127	11248	strict
5127	11249	strict
5127	11250	strict
5127	11255	strict
5127	14450	strict
5127	14741	strict
5127	16135	strict
5127	16136	strict
5127	16139	strict
5127	16423	strict
5127	16434	strict
5127	16435	strict
5127	16438	strict
5128	11223	equal
5128	11226	strict
5128	11227	strict
5128	11228	strict
5128	11231	strict
5128	11232	strict
5128	11241	strict
5128	11253	strict
5128	14451	strict
5128	14722	strict
5128	16137	strict
5128	16138	strict
5128	16140	strict
5128	16163	strict
5128	16174	strict
5128	16175	strict
5128	16178	strict
5129	11224	equal
5129	16178	strict
5130	11225	equal
5131	11226	equal
5131	11241	strict
5131	16163	strict
5131	16174	strict
5131	16175	strict
5131	16178	strict
5132	11227	equal
5132	16178	strict
5133	11228	equal
5134	11229	equal
5134	11247	strict
5135	11230	equal
5135	16438	strict
5136	11231	equal
5137	11232	equal
5137	11253	strict
5138	11233	equal
5139	11234	equal
5140	11235	equal
5140	11237	strict
5141	11237	equal
5142	11243	equal
5143	11244	equal
5143	11246	strict
5144	11246	equal
5145	11247	equal
5146	11248	equal
5146	11255	strict
5146	16423	strict
5146	16434	strict
5146	16435	strict
5146	16438	strict
5147	11249	equal
5147	16438	strict
5148	11250	equal
5149	11251	equal
5150	11252	equal
5151	11253	equal
5152	11257	equal
5153	11260	equal
5153	11263	strict
5153	11273	strict
5153	11275	strict
5153	11289	strict
5153	11290	strict
5153	11291	strict
5153	11297	strict
5153	15516	strict
5153	15517	strict
5153	15537	strict
5153	15569	strict
5153	15586	strict
5153	15595	strict
5153	15597	strict
5153	15599	strict
5153	16068	strict
5154	11261	equal
5154	11264	strict
5154	11265	strict
5154	11266	strict
5154	11269	strict
5154	11270	strict
5154	11280	strict
5154	11294	strict
5154	15518	strict
5154	15519	strict
5154	15524	strict
5154	15538	strict
5154	15552	strict
5154	15561	strict
5154	15563	strict
5154	15565	strict
5154	16069	strict
5155	11262	equal
5155	15565	strict
5156	11263	equal
5157	11264	equal
5157	11280	strict
5157	15524	strict
5157	15561	strict
5157	15563	strict
5157	15565	strict
5158	11265	equal
5158	15565	strict
5159	11266	equal
5160	11267	equal
5160	11288	strict
5161	11268	equal
5161	15599	strict
5162	11269	equal
5163	11270	equal
5163	11294	strict
5164	11271	equal
5165	11272	equal
5166	11273	equal
5166	11275	strict
5167	11275	equal
5168	11278	equal
5168	16147	strict
5169	11281	equal
5169	11283	strict
5170	11283	equal
5171	11284	equal
5171	11287	strict
5172	11286	equal
5173	11287	equal
5174	11288	equal
5175	11289	equal
5175	11297	strict
5175	15569	strict
5175	15595	strict
5175	15597	strict
5175	15599	strict
5176	11290	equal
5176	15599	strict
5177	11291	equal
5178	11292	equal
5179	11293	equal
5180	11294	equal
5181	11295	equal
5181	16407	strict
5182	11298	equal
5182	11300	strict
5183	11300	equal
5184	11301	equal
5185	11304	equal
5185	11305	strict
5185	11308	strict
5185	11313	strict
5185	11336	strict
5185	11348	strict
5185	11353	strict
5185	11354	strict
5185	11355	strict
5185	11356	strict
5185	11357	strict
5185	11358	strict
5185	11359	strict
5185	14617	strict
5185	14628	strict
5185	16209	strict
5186	11305	equal
5186	11357	strict
5186	11359	strict
5187	11306	equal
5187	11307	strict
5187	11309	strict
5187	11316	strict
5187	11338	strict
5187	11362	strict
5187	11368	strict
5187	11369	strict
5187	11370	strict
5187	11371	strict
5187	11372	strict
5187	11373	strict
5187	11374	strict
5187	14622	strict
5187	14627	strict
5187	16469	strict
5188	11307	equal
5188	11373	strict
5188	11374	strict
5189	11308	equal
5190	11309	equal
5191	11318	equal
5192	11319	equal
5193	11320	equal
5194	11321	equal
5195	11322	equal
5196	11323	equal
5197	11324	equal
5198	11325	equal
5199	11326	equal
5200	11327	equal
5201	11328	equal
5201	11361	strict
5202	11329	equal
5202	11330	strict
5203	11330	equal
5204	11331	equal
5204	11364	strict
5205	11332	equal
5205	11359	strict
5206	11333	equal
5206	11374	strict
5207	11336	equal
5208	11338	equal
5208	11374	strict
5209	11340	equal
5209	11344	strict
5210	11341	equal
5210	11343	strict
5211	11343	equal
5212	11344	equal
5213	11345	equal
5213	11347	strict
5214	11347	equal
5215	11348	equal
5215	11359	strict
5216	11350	equal
5217	11352	equal
5218	11353	equal
5218	11354	strict
5218	11355	strict
5218	11356	strict
5218	11358	strict
5218	11359	strict
5219	11354	equal
5219	11355	strict
5219	11358	strict
5219	11359	strict
5220	11357	equal
5221	11361	equal
5222	11362	equal
5223	11364	equal
5224	11365	equal
5225	11367	equal
5226	11368	equal
5226	11369	strict
5226	11370	strict
5226	11371	strict
5226	11372	strict
5226	11374	strict
5227	11369	equal
5227	11370	strict
5227	11372	strict
5227	11374	strict
5228	11373	equal
5229	11376	equal
5229	11377	strict
5229	11378	strict
5229	11381	strict
5229	11384	strict
5229	11400	strict
5229	11401	strict
5229	11438	strict
5229	13483	strict
5229	14616	strict
5229	15093	strict
5229	15107	strict
5229	15108	strict
5229	15110	strict
5229	15111	strict
5230	11377	equal
5230	11384	strict
5230	11401	strict
5230	14616	strict
5230	15111	strict
5231	11378	equal
5232	11379	equal
5233	11380	equal
5233	11436	strict
5234	11381	equal
5234	11438	strict
5234	15107	strict
5234	15108	strict
5234	15110	strict
5234	15111	strict
5235	11382	equal
5235	15111	strict
5236	11383	equal
5237	11386	equal
5238	11387	equal
5239	11388	equal
5240	11389	equal
5241	11396	equal
5241	11398	strict
5241	11401	strict
5241	11413	strict
5241	11425	strict
5241	15443	strict
5242	11401	equal
5243	11407	equal
5243	11424	strict
5243	11426	strict
5243	11450	strict
5243	14170	strict
5243	14172	strict
5243	14214	strict
5244	11409	equal
5244	11410	strict
5244	14097	strict
5244	14099	strict
5245	11411	equal
5245	11412	strict
5245	14192	strict
5245	14194	strict
5246	11413	equal
5246	15443	strict
5247	11414	equal
5247	11415	strict
5247	11416	strict
5247	11421	strict
5247	11422	strict
5247	11426	strict
5247	11428	strict
5247	11439	strict
5247	11445	strict
5247	11456	strict
5247	11473	strict
5247	11474	strict
5247	11475	strict
5247	11476	strict
5247	11477	strict
5247	11478	strict
5247	11479	strict
5248	11415	equal
5249	11416	equal
5249	11439	strict
5250	11417	equal
5250	11418	strict
5250	11419	strict
5250	11421	strict
5250	11423	strict
5250	11425	strict
5250	11429	strict
5250	11441	strict
5250	11445	strict
5250	11457	strict
5250	11469	strict
5250	11475	strict
5250	11476	strict
5250	11477	strict
5250	11479	strict
5250	16393	strict
5251	11418	equal
5251	11469	strict
5251	11479	strict
5252	11419	equal
5253	11420	equal
5254	11421	equal
5254	11445	strict
5254	11475	strict
5254	11476	strict
5254	11477	strict
5254	11479	strict
5255	11422	equal
5255	11479	strict
5256	11423	equal
5256	16393	strict
5257	11424	equal
5257	11450	strict
5258	11425	equal
5259	11426	equal
5260	11427	equal
5261	11428	equal
5262	11429	equal
5263	11436	equal
5264	11439	equal
5265	11447	equal
5266	11450	equal
5267	11451	equal
5268	11452	equal
5269	11453	equal
5269	15357	strict
5270	11454	equal
5270	11472	strict
5271	11455	equal
5272	11456	equal
5272	11479	strict
5273	11457	equal
5273	11479	strict
5274	11459	equal
5274	11464	strict
5275	11460	equal
5275	11462	strict
5276	11462	equal
5277	11463	equal
5278	11464	equal
5279	11465	equal
5280	11466	equal
5281	11467	equal
5282	11469	equal
5283	11470	equal
5284	11472	equal
5285	11473	equal
5285	11474	strict
5285	11475	strict
5285	11476	strict
5285	11477	strict
5285	11479	strict
5286	11475	equal
5286	11476	strict
5286	11477	strict
5286	11479	strict
5287	11478	equal
5288	11481	equal
5289	11482	equal
5289	16342	strict
5290	11483	equal
5291	11485	equal
5292	11486	equal
5293	11488	equal
5294	11491	equal
5294	11624	strict
5295	11492	equal
5295	11639	strict
5296	11493	equal
5296	11495	strict
5296	11616	strict
5296	11618	strict
5296	11620	strict
5296	11624	strict
5297	11494	equal
5297	11624	strict
5298	11496	equal
5298	11498	strict
5298	11631	strict
5298	11635	strict
5298	11637	strict
5298	11639	strict
5299	11497	equal
5299	11639	strict
5300	11499	equal
5301	11500	equal
5302	11501	equal
5302	11502	strict
5302	11513	strict
5302	11518	strict
5302	11527	strict
5302	11735	strict
5302	12150	strict
5302	12437	strict
5302	16141	strict
5302	16143	strict
5302	16192	strict
5302	16455	strict
5302	16456	strict
5302	16459	strict
5302	16460	strict
5302	16463	strict
5303	11502	equal
5303	12437	strict
5303	16463	strict
5304	11503	equal
5304	11504	strict
5304	11515	strict
5304	11517	strict
5304	11528	strict
5304	11737	strict
5304	12151	strict
5304	12428	strict
5304	16144	strict
5304	16146	strict
5304	16195	strict
5304	16196	strict
5304	16199	strict
5304	16200	strict
5304	16203	strict
5304	16452	strict
5305	11504	equal
5305	12428	strict
5305	16203	strict
5306	11509	equal
5306	11510	strict
5307	11510	equal
5308	11511	equal
5308	11512	strict
5309	11512	equal
5310	11513	equal
5310	11518	strict
5311	11514	equal
5312	11515	equal
5312	11517	strict
5313	11516	equal
5314	11517	equal
5315	11518	equal
5316	11519	equal
5316	11520	strict
5316	11523	strict
5316	11536	strict
5316	11537	strict
5316	11546	strict
5316	11548	strict
5316	11554	strict
5316	11555	strict
5316	11557	strict
5316	11558	strict
5316	11565	strict
5316	11573	strict
5316	11702	strict
5316	11708	strict
5316	13377	strict
5317	11520	equal
5317	11558	strict
5317	11565	strict
5318	11521	equal
5318	11522	strict
5318	11524	strict
5318	11539	strict
5318	11540	strict
5318	11542	strict
5318	11544	strict
5318	11560	strict
5318	11561	strict
5318	11563	strict
5318	11564	strict
5318	11566	strict
5318	11574	strict
5318	11703	strict
5318	11709	strict
5318	11729	strict
5319	11522	equal
5319	11564	strict
5319	11566	strict
5320	11529	equal
5320	11545	strict
5320	11549	strict
5320	11553	strict
5320	11556	strict
5320	11558	strict
5321	11530	equal
5321	11532	strict
5321	11550	strict
5321	11552	strict
5321	11562	strict
5321	11564	strict
5322	11531	equal
5323	11532	equal
5323	11552	strict
5323	11562	strict
5323	11564	strict
5324	11533	equal
5325	11534	equal
5325	11558	strict
5326	11535	equal
5326	11564	strict
5327	11536	equal
5327	11546	strict
5327	11554	strict
5327	11555	strict
5327	11557	strict
5327	11558	strict
5328	11537	equal
5329	11538	equal
5329	11558	strict
5330	11539	equal
5330	11542	strict
5330	11560	strict
5330	11561	strict
5330	11563	strict
5330	11564	strict
5331	11540	equal
5332	11541	equal
5332	11564	strict
5333	11542	equal
5333	11561	strict
5333	11563	strict
5333	11564	strict
5334	11543	equal
5334	11564	strict
5335	11544	equal
5335	11564	strict
5336	11545	equal
5336	11553	strict
5336	11556	strict
5336	11558	strict
5337	11546	equal
5337	11555	strict
5337	11557	strict
5337	11558	strict
5338	11547	equal
5338	11558	strict
5339	11548	equal
5339	11558	strict
5340	11565	equal
5341	11566	equal
5342	11567	equal
5343	11568	equal
5344	11569	equal
5345	11570	equal
5346	11573	equal
5347	11574	equal
5348	11575	equal
5348	11576	strict
5348	11577	strict
5348	11579	strict
5348	11596	strict
5348	11662	strict
5348	11669	strict
5348	11678	strict
5348	11747	strict
5348	12210	strict
5348	12474	strict
5348	15388	strict
5348	15389	strict
5348	15392	strict
5348	15393	strict
5348	15396	strict
5349	11576	equal
5349	12474	strict
5349	15396	strict
5350	11577	equal
5351	11578	equal
5351	12185	strict
5352	11579	equal
5352	12210	strict
5353	11581	equal
5354	11582	equal
5355	11584	equal
5355	11586	strict
5356	11586	equal
5357	11588	equal
5357	11589	strict
5358	11589	equal
5359	11590	equal
5359	11591	strict
5360	11591	equal
5361	11592	equal
5361	11593	strict
5361	11594	strict
5361	11600	strict
5361	11607	strict
5361	11609	strict
5361	11632	strict
5361	11634	strict
5361	11636	strict
5361	11638	strict
5361	11639	strict
5361	11643	strict
5361	11657	strict
5361	11676	strict
5361	11689	strict
5361	11718	strict
5362	11593	equal
5362	11639	strict
5362	11643	strict
5363	11597	equal
5363	11602	strict
5363	11603	strict
5363	11604	strict
5363	11605	strict
5363	11610	strict
5363	11611	strict
5363	11612	strict
5363	11621	strict
5363	11622	strict
5363	11623	strict
5363	11624	strict
5363	11640	strict
5363	11648	strict
5363	11683	strict
5363	11685	strict
5363	11692	strict
5364	11598	equal
5364	11606	strict
5364	11607	strict
5364	11608	strict
5364	11609	strict
5364	11613	strict
5364	11614	strict
5364	11615	strict
5364	11632	strict
5364	11636	strict
5364	11638	strict
5364	11639	strict
5364	11642	strict
5364	11649	strict
5364	11682	strict
5364	11688	strict
5364	11699	strict
5365	11599	equal
5366	11600	equal
5367	11602	equal
5367	11624	strict
5368	11603	equal
5368	11604	strict
5368	11621	strict
5368	11622	strict
5368	11623	strict
5368	11624	strict
5369	11605	equal
5370	11606	equal
5371	11607	equal
5371	11609	strict
5371	11632	strict
5371	11636	strict
5371	11638	strict
5371	11639	strict
5372	11608	equal
5372	11639	strict
5373	11610	equal
5373	11612	strict
5373	11621	strict
5373	11622	strict
5373	11623	strict
5373	11624	strict
5374	11611	equal
5374	11624	strict
5375	11613	equal
5375	11615	strict
5375	11632	strict
5375	11636	strict
5375	11638	strict
5375	11639	strict
5376	11614	equal
5376	11639	strict
5377	11616	equal
5377	11618	strict
5377	11620	strict
5377	11624	strict
5378	11617	equal
5378	11624	strict
5379	11619	equal
5379	11624	strict
5380	11621	equal
5380	11622	strict
5380	11623	strict
5380	11624	strict
5381	11625	equal
5382	11626	equal
5383	11628	equal
5384	11629	equal
5385	11631	equal
5385	11635	strict
5385	11637	strict
5385	11639	strict
5386	11632	equal
5386	11636	strict
5386	11638	strict
5386	11639	strict
5387	11633	equal
5387	11639	strict
5388	11634	equal
5388	11639	strict
5389	11640	equal
5390	11641	equal
5391	11642	equal
5392	11643	equal
5393	11644	equal
5394	11645	equal
5395	11646	equal
5396	11647	equal
5397	11648	equal
5398	11649	equal
5399	11650	equal
5400	11651	equal
5401	11653	equal
5402	11654	equal
5403	11655	equal
5404	11657	equal
5405	11658	equal
5405	11661	strict
5405	11671	strict
5405	11673	strict
5405	11690	strict
5405	11691	strict
5405	11692	strict
5405	11697	strict
5405	11742	strict
5405	12493	strict
5405	15264	strict
5405	15265	strict
5405	15266	strict
5405	16373	strict
5405	16377	strict
5405	16378	strict
5405	16381	strict
5406	11659	equal
5406	11662	strict
5406	11663	strict
5406	11664	strict
5406	11667	strict
5406	11668	strict
5406	11678	strict
5406	11695	strict
5406	11743	strict
5406	12475	strict
5406	15267	strict
5406	15268	strict
5406	15269	strict
5406	15388	strict
5406	15392	strict
5406	15393	strict
5406	15396	strict
5407	11660	equal
5407	15396	strict
5408	11661	equal
5409	11662	equal
5409	11678	strict
5409	15388	strict
5409	15392	strict
5409	15393	strict
5409	15396	strict
5410	11663	equal
5410	15396	strict
5411	11664	equal
5412	11665	equal
5412	11686	strict
5413	11666	equal
5413	16381	strict
5414	11667	equal
5415	11668	equal
5415	11695	strict
5416	11669	equal
5417	11670	equal
5418	11671	equal
5418	11673	strict
5419	11673	equal
5420	11676	equal
5420	11718	strict
5421	11679	equal
5421	11681	strict
5422	11681	equal
5423	11682	equal
5424	11683	equal
5424	11685	strict
5425	11685	equal
5426	11686	equal
5427	11687	equal
5427	11719	strict
5428	11688	equal
5428	11699	strict
5429	11689	equal
5430	11690	equal
5430	11697	strict
5430	16373	strict
5430	16377	strict
5430	16378	strict
5430	16381	strict
5431	11691	equal
5431	16381	strict
5432	11692	equal
5433	11693	equal
5434	11694	equal
5435	11695	equal
5436	11699	equal
5437	11702	equal
5438	11703	equal
5439	11704	equal
5439	13368	strict
5439	14941	strict
5439	14945	strict
5439	14960	strict
5439	14962	strict
5440	11705	equal
5440	11721	strict
5440	14942	strict
5440	14944	strict
5440	14980	strict
5440	14982	strict
5441	11706	equal
5442	11707	equal
5443	11708	equal
5443	13377	strict
5444	11709	equal
5444	11729	strict
5445	11710	equal
5445	13431	strict
5445	14987	strict
5445	14989	strict
5445	14993	strict
5445	15008	strict
5446	11711	equal
5446	11723	strict
5446	13434	strict
5446	15010	strict
5446	15039	strict
5446	15041	strict
5447	11712	equal
5448	11713	equal
5449	11714	equal
5450	11715	equal
5451	11716	equal
5452	11717	equal
5452	13560	strict
5453	11718	equal
5454	11719	equal
5455	11720	equal
5456	11721	equal
5456	14944	strict
5456	14980	strict
5456	14982	strict
5457	11722	equal
5458	11723	equal
5458	15010	strict
5458	15039	strict
5458	15041	strict
5459	11724	equal
5460	11725	equal
5461	11726	equal
5462	11727	equal
5462	15370	strict
5463	11728	equal
5463	16355	strict
5464	11729	equal
5465	11730	equal
5466	11731	equal
5467	11734	equal
5468	11735	equal
5469	11736	equal
5470	11737	equal
5471	11742	equal
5472	11743	equal
5473	11744	equal
5474	11745	equal
5475	11746	equal
5476	11747	equal
5477	11748	equal
5478	11749	equal
5479	11750	equal
5480	11751	equal
5481	11753	equal
5482	11754	equal
5483	11758	equal
5484	11759	equal
5485	11762	equal
5485	11857	strict
5486	11763	equal
5486	11874	strict
5487	11764	equal
5487	12129	strict
5488	11765	equal
5488	12166	strict
5489	11766	equal
5489	11768	strict
5489	11849	strict
5489	11851	strict
5489	11853	strict
5489	11857	strict
5490	11767	equal
5490	11857	strict
5491	11769	equal
5492	11770	equal
5493	11771	equal
5493	11772	strict
5493	11866	strict
5493	11870	strict
5493	11872	strict
5493	11874	strict
5494	11773	equal
5494	11874	strict
5495	11774	equal
5495	11776	strict
5495	12115	strict
5495	12117	strict
5495	12119	strict
5495	12129	strict
5496	11775	equal
5496	12129	strict
5497	11777	equal
5498	11778	equal
5499	11779	equal
5499	11780	strict
5499	12152	strict
5499	12153	strict
5499	12164	strict
5499	12166	strict
5500	11781	equal
5500	12166	strict
5501	11784	equal
5502	11785	equal
5503	11787	equal
5504	11788	equal
5505	11790	equal
5505	12184	strict
5506	11791	equal
5506	12206	strict
5507	11792	equal
5508	11793	equal
5509	11794	equal
5510	11795	equal
5511	11797	equal
5512	11798	equal
5513	11800	equal
5513	11802	strict
5513	12171	strict
5513	12173	strict
5513	12177	strict
5513	12184	strict
5514	11801	equal
5514	12184	strict
5515	11803	equal
5515	11805	strict
5515	12192	strict
5515	12193	strict
5515	12204	strict
5515	12206	strict
5516	11804	equal
5516	12206	strict
5517	11806	equal
5517	11807	strict
5517	11808	strict
5517	11810	strict
5517	11827	strict
5517	12169	strict
5517	13339	strict
5517	13343	strict
5517	13355	strict
5517	13383	strict
5517	13529	strict
5517	14932	strict
5517	14933	strict
5517	14936	strict
5517	14937	strict
5517	14940	strict
5518	11807	equal
5518	13529	strict
5518	14940	strict
5519	11808	equal
5520	11809	equal
5520	12122	strict
5521	11810	equal
5521	12169	strict
5522	11812	equal
5523	11813	equal
5524	11815	equal
5524	11817	strict
5525	11817	equal
5526	11818	equal
5526	11819	strict
5527	11819	equal
5528	11821	equal
5528	11822	strict
5529	11822	equal
5530	11823	equal
5530	11824	strict
5530	11825	strict
5530	11839	strict
5530	11846	strict
5530	11848	strict
5530	11867	strict
5530	11869	strict
5530	11871	strict
5530	11873	strict
5530	11874	strict
5530	11877	strict
5530	11888	strict
5530	13353	strict
5530	13363	strict
5530	13366	strict
5531	11824	equal
5531	11874	strict
5531	11877	strict
5532	11828	equal
5532	11830	strict
5532	11831	strict
5532	11832	strict
5532	11836	strict
5532	11841	strict
5532	11842	strict
5532	11843	strict
5532	11844	strict
5532	11854	strict
5532	11855	strict
5532	11856	strict
5532	11857	strict
5532	11858	strict
5532	11889	strict
5532	11895	strict
5532	12288	strict
5533	11829	equal
5533	11833	strict
5533	11834	strict
5533	11835	strict
5533	11837	strict
5533	11845	strict
5533	11846	strict
5533	11847	strict
5533	11848	strict
5533	11867	strict
5533	11871	strict
5533	11873	strict
5533	11874	strict
5533	11876	strict
5533	11890	strict
5533	11896	strict
5533	12297	strict
5534	11830	equal
5534	11832	strict
5534	11854	strict
5534	11855	strict
5534	11856	strict
5534	11857	strict
5535	11831	equal
5535	11857	strict
5536	11833	equal
5536	11835	strict
5536	11867	strict
5536	11871	strict
5536	11873	strict
5536	11874	strict
5537	11834	equal
5537	11874	strict
5538	11836	equal
5539	11837	equal
5540	11838	equal
5541	11839	equal
5542	11841	equal
5542	11857	strict
5543	11842	equal
5543	11843	strict
5543	11854	strict
5543	11855	strict
5543	11856	strict
5543	11857	strict
5544	11844	equal
5545	11845	equal
5546	11846	equal
5546	11848	strict
5546	11867	strict
5546	11871	strict
5546	11873	strict
5546	11874	strict
5547	11847	equal
5547	11874	strict
5548	11849	equal
5548	11851	strict
5548	11853	strict
5548	11857	strict
5549	11850	equal
5549	11857	strict
5550	11852	equal
5550	11857	strict
5551	11854	equal
5551	11855	strict
5551	11856	strict
5551	11857	strict
5552	11858	equal
5553	11859	equal
5554	11860	equal
5555	11861	equal
5556	11863	equal
5557	11864	equal
5558	11866	equal
5558	11870	strict
5558	11872	strict
5558	11874	strict
5559	11867	equal
5559	11871	strict
5559	11873	strict
5559	11874	strict
5560	11868	equal
5560	11874	strict
5561	11869	equal
5561	11874	strict
5562	11875	equal
5563	11876	equal
5564	11877	equal
5565	11878	equal
5566	11879	equal
5567	11880	equal
5568	11881	equal
5569	11882	equal
5570	11884	equal
5571	11885	equal
5572	11886	equal
5573	11888	equal
5574	11889	equal
5575	11890	equal
5576	11891	equal
5576	12271	strict
5576	15091	strict
5576	15094	strict
5576	15101	strict
5576	15111	strict
5577	11892	equal
5577	12274	strict
5577	13374	strict
5577	15411	strict
5577	15426	strict
5577	15428	strict
5578	11893	equal
5579	11894	equal
5580	11895	equal
5580	12288	strict
5581	11896	equal
5581	12297	strict
5582	11897	equal
5582	11898	strict
5582	11904	strict
5582	11910	strict
5582	11912	strict
5582	11963	strict
5582	13408	strict
5582	13412	strict
5582	13428	strict
5582	14270	strict
5582	14273	strict
5582	14300	strict
5582	14803	strict
5582	14806	strict
5582	14808	strict
5582	14810	strict
5583	11898	equal
5583	14803	strict
5583	14810	strict
5584	11899	equal
5584	11900	strict
5584	11901	strict
5584	11903	strict
5584	11908	strict
5584	11968	strict
5584	12223	strict
5584	12230	strict
5584	12239	strict
5584	14278	strict
5584	14281	strict
5584	14356	strict
5584	14830	strict
5584	14833	strict
5584	14835	strict
5584	14837	strict
5585	11900	equal
5585	14830	strict
5585	14837	strict
5586	11901	equal
5587	11902	equal
5587	11907	strict
5588	11903	equal
5588	11908	strict
5589	11904	equal
5590	11905	equal
5591	11906	equal
5592	11907	equal
5593	11908	equal
5594	11909	equal
5594	11911	strict
5595	11910	equal
5595	11912	strict
5596	11911	equal
5597	11912	equal
5598	11913	equal
5598	12095	strict
5599	11914	equal
5599	12096	strict
5600	11915	equal
5600	12120	strict
5601	11916	equal
5601	12162	strict
5602	11917	equal
5602	12178	strict
5603	11918	equal
5603	12202	strict
5604	11921	equal
5605	11922	equal
5606	11924	equal
5607	11925	equal
5608	11927	equal
5609	11928	equal
5610	11929	equal
5611	11930	equal
5612	11931	equal
5613	11932	equal
5614	11933	equal
5615	11934	equal
5616	11935	equal
5617	11936	equal
5618	11939	equal
5618	11948	strict
5619	11940	equal
5619	11941	strict
5620	11941	equal
5621	11942	equal
5621	11949	strict
5622	11943	equal
5622	11945	strict
5623	11945	equal
5624	11947	equal
5625	11948	equal
5626	11949	equal
5627	11950	equal
5628	11951	equal
5628	11953	strict
5629	11953	equal
5630	11955	equal
5630	11957	strict
5631	11957	equal
5632	11959	equal
5632	11960	strict
5632	11962	strict
5632	12029	strict
5632	12052	strict
5632	12054	strict
5632	12073	strict
5632	12154	strict
5632	12156	strict
5632	12161	strict
5632	12165	strict
5632	12166	strict
5632	12167	strict
5632	13426	strict
5632	13448	strict
5632	14913	strict
5633	11960	equal
5633	12166	strict
5633	12167	strict
5634	11964	equal
5634	11965	strict
5634	11967	strict
5634	11972	strict
5634	11979	strict
5634	11981	strict
5634	12045	strict
5634	12194	strict
5634	12196	strict
5634	12201	strict
5634	12205	strict
5634	12206	strict
5634	12207	strict
5634	12237	strict
5634	12260	strict
5634	15368	strict
5635	11965	equal
5635	12206	strict
5635	12207	strict
5636	11969	equal
5636	11974	strict
5636	11975	strict
5636	11976	strict
5636	11977	strict
5636	12031	strict
5636	12061	strict
5636	12062	strict
5636	12063	strict
5636	12180	strict
5636	12181	strict
5636	12182	strict
5636	12183	strict
5636	12184	strict
5636	12243	strict
5636	12246	strict
5636	12250	strict
5637	11970	equal
5637	11978	strict
5637	11979	strict
5637	11980	strict
5637	11981	strict
5637	12032	strict
5637	12064	strict
5637	12065	strict
5637	12066	strict
5637	12194	strict
5637	12200	strict
5637	12201	strict
5637	12205	strict
5637	12206	strict
5637	12245	strict
5637	12257	strict
5637	12259	strict
5638	11971	equal
5639	11972	equal
5640	11974	equal
5640	12184	strict
5641	11975	equal
5641	11976	strict
5641	12180	strict
5641	12181	strict
5641	12182	strict
5641	12184	strict
5642	11977	equal
5643	11978	equal
5644	11979	equal
5644	11981	strict
5644	12194	strict
5644	12201	strict
5644	12205	strict
5644	12206	strict
5645	11980	equal
5645	12206	strict
5646	11982	equal
5646	12014	strict
5646	12019	strict
5646	12020	strict
5646	12021	strict
5646	12047	strict
5646	12048	strict
5646	12049	strict
5646	12050	strict
5646	12125	strict
5646	12126	strict
5646	12127	strict
5646	12128	strict
5646	12129	strict
5646	12263	strict
5646	12265	strict
5646	12287	strict
5647	11983	equal
5647	12015	strict
5647	12025	strict
5647	12026	strict
5647	12027	strict
5647	12051	strict
5647	12052	strict
5647	12053	strict
5647	12054	strict
5647	12154	strict
5647	12160	strict
5647	12161	strict
5647	12165	strict
5647	12166	strict
5647	12266	strict
5647	12268	strict
5647	12296	strict
5648	11984	equal
5648	11985	strict
5648	11990	strict
5648	12091	strict
5648	12097	strict
5648	12099	strict
5648	12100	strict
5648	12101	strict
5648	12102	strict
5648	12103	strict
5648	12104	strict
5648	12105	strict
5648	12132	strict
5648	15113	strict
5648	15146	strict
5648	15780	strict
5649	11985	equal
5649	12103	strict
5649	12105	strict
5650	11986	equal
5650	11987	strict
5650	11992	strict
5650	12093	strict
5650	12106	strict
5650	12108	strict
5650	12109	strict
5650	12110	strict
5650	12111	strict
5650	12112	strict
5650	12113	strict
5650	12114	strict
5650	12133	strict
5650	15114	strict
5650	15115	strict
5650	15781	strict
5651	11987	equal
5651	12113	strict
5651	12114	strict
5652	11994	equal
5652	11995	strict
5652	11997	strict
5652	12016	strict
5652	12019	strict
5652	12021	strict
5652	12118	strict
5652	12124	strict
5652	12125	strict
5652	12126	strict
5652	12127	strict
5652	12129	strict
5652	12137	strict
5652	12275	strict
5652	12284	strict
5652	15782	strict
5653	11995	equal
5653	12124	strict
5653	12129	strict
5654	11999	equal
5654	12000	strict
5654	12002	strict
5654	12022	strict
5654	12025	strict
5654	12027	strict
5654	12145	strict
5654	12154	strict
5654	12155	strict
5654	12159	strict
5654	12161	strict
5654	12165	strict
5654	12166	strict
5654	12278	strict
5654	12293	strict
5654	15181	strict
5655	12000	equal
5655	12159	strict
5655	12166	strict
5656	12004	equal
5656	12005	strict
5656	12007	strict
5656	12055	strict
5656	12061	strict
5656	12063	strict
5656	12175	strict
5656	12176	strict
5656	12180	strict
5656	12181	strict
5656	12182	strict
5656	12184	strict
5656	12187	strict
5656	13435	strict
5656	13451	strict
5656	16029	strict
5657	12005	equal
5657	12175	strict
5657	12184	strict
5658	12009	equal
5658	12010	strict
5658	12012	strict
5658	12058	strict
5658	12064	strict
5658	12066	strict
5658	12189	strict
5658	12194	strict
5658	12195	strict
5658	12198	strict
5658	12201	strict
5658	12205	strict
5658	12206	strict
5658	13438	strict
5658	13454	strict
5658	15467	strict
5659	12010	equal
5659	12198	strict
5659	12206	strict
5660	12014	equal
5661	12015	equal
5662	12016	equal
5663	12017	equal
5664	12019	equal
5664	12021	strict
5664	12125	strict
5664	12126	strict
5664	12127	strict
5664	12129	strict
5665	12020	equal
5665	12129	strict
5666	12022	equal
5667	12023	equal
5668	12025	equal
5668	12027	strict
5668	12154	strict
5668	12161	strict
5668	12165	strict
5668	12166	strict
5669	12026	equal
5669	12166	strict
5670	12028	equal
5671	12029	equal
5672	12031	equal
5673	12032	equal
5674	12033	equal
5675	12034	equal
5676	12035	equal
5677	12036	equal
5678	12039	equal
5679	12040	equal
5680	12042	equal
5681	12043	equal
5682	12044	equal
5683	12045	equal
5684	12047	equal
5684	12129	strict
5685	12048	equal
5685	12049	strict
5685	12125	strict
5685	12126	strict
5685	12127	strict
5685	12129	strict
5686	12050	equal
5687	12051	equal
5688	12052	equal
5688	12054	strict
5688	12154	strict
5688	12161	strict
5688	12165	strict
5688	12166	strict
5689	12053	equal
5689	12166	strict
5690	12055	equal
5691	12056	equal
5692	12058	equal
5693	12059	equal
5694	12061	equal
5694	12063	strict
5694	12180	strict
5694	12181	strict
5694	12182	strict
5694	12184	strict
5695	12062	equal
5695	12184	strict
5696	12064	equal
5696	12066	strict
5696	12194	strict
5696	12201	strict
5696	12205	strict
5696	12206	strict
5697	12065	equal
5697	12206	strict
5698	12067	equal
5699	12068	equal
5700	12070	equal
5701	12071	equal
5702	12072	equal
5703	12073	equal
5704	12075	equal
5704	12079	strict
5704	12082	strict
5704	12089	strict
5704	12098	strict
5704	12105	strict
5705	12076	equal
5705	12078	strict
5705	12086	strict
5705	12090	strict
5705	12094	strict
5705	12114	strict
5706	12077	equal
5707	12078	equal
5707	12086	strict
5707	12094	strict
5707	12114	strict
5708	12079	equal
5708	12082	strict
5708	12098	strict
5708	12105	strict
5709	12080	equal
5709	12105	strict
5710	12081	equal
5710	12105	strict
5711	12083	equal
5712	12084	equal
5712	12114	strict
5713	12085	equal
5713	12114	strict
5714	12087	equal
5714	12105	strict
5715	12088	equal
5715	12114	strict
5716	12091	equal
5717	12093	equal
5717	12114	strict
5718	12095	equal
5719	12096	equal
5720	12097	equal
5720	12105	strict
5721	12099	equal
5721	12100	strict
5721	12101	strict
5721	12102	strict
5721	12104	strict
5721	12105	strict
5722	12100	equal
5722	12101	strict
5722	12104	strict
5722	12105	strict
5723	12103	equal
5724	12106	equal
5725	12108	equal
5725	12109	strict
5725	12110	strict
5725	12111	strict
5725	12112	strict
5725	12114	strict
5726	12109	equal
5726	12110	strict
5726	12112	strict
5726	12114	strict
5727	12113	equal
5728	12115	equal
5728	12117	strict
5728	12119	strict
5728	12129	strict
5729	12116	equal
5729	12129	strict
5730	12118	equal
5730	12129	strict
5731	12120	equal
5732	12121	equal
5733	12122	equal
5734	12123	equal
5735	12124	equal
5736	12125	equal
5736	12126	strict
5736	12127	strict
5736	12129	strict
5737	12128	equal
5738	12130	equal
5739	12131	equal
5740	12132	equal
5741	12133	equal
5742	12136	equal
5743	12137	equal
5744	12139	equal
5745	12140	equal
5746	12141	equal
5747	12142	equal
5748	12145	equal
5749	12146	equal
5750	12148	equal
5751	12149	equal
5752	12150	equal
5753	12151	equal
5754	12152	equal
5754	12153	strict
5754	12164	strict
5754	12166	strict
5755	12154	equal
5755	12161	strict
5755	12165	strict
5755	12166	strict
5756	12155	equal
5756	12166	strict
5757	12156	equal
5757	12166	strict
5758	12157	equal
5759	12158	equal
5760	12159	equal
5761	12160	equal
5762	12162	equal
5763	12163	equal
5764	12167	equal
5765	12168	equal
5766	12169	equal
5767	12170	equal
5768	12171	equal
5768	12173	strict
5768	12177	strict
5768	12184	strict
5769	12172	equal
5769	12184	strict
5770	12174	equal
5771	12175	equal
5772	12176	equal
5772	12184	strict
5773	12178	equal
5774	12179	equal
5775	12180	equal
5775	12181	strict
5775	12182	strict
5775	12184	strict
5776	12183	equal
5777	12185	equal
5778	12186	equal
5779	12187	equal
5780	12189	equal
5781	12190	equal
5782	12192	equal
5782	12193	strict
5782	12204	strict
5782	12206	strict
5783	12194	equal
5783	12201	strict
5783	12205	strict
5783	12206	strict
5784	12195	equal
5784	12206	strict
5785	12196	equal
5785	12206	strict
5786	12197	equal
5787	12198	equal
5788	12199	equal
5789	12200	equal
5790	12202	equal
5791	12203	equal
5792	12207	equal
5793	12208	equal
5794	12209	equal
5795	12210	equal
5796	12211	equal
5796	15111	strict
5797	12212	equal
5797	15428	strict
5798	12213	equal
5799	12214	equal
5800	12215	equal
5801	12216	equal
5802	12219	equal
5802	12222	strict
5802	12232	strict
5802	12234	strict
5802	12248	strict
5802	12249	strict
5802	12250	strict
5802	12256	strict
5802	14250	strict
5802	14251	strict
5802	14339	strict
5802	14779	strict
5802	14860	strict
5802	14888	strict
5802	14892	strict
5802	14894	strict
5802	14896	strict
5803	12220	equal
5803	12223	strict
5803	12224	strict
5803	12225	strict
5803	12228	strict
5803	12229	strict
5803	12239	strict
5803	12253	strict
5803	14252	strict
5803	14253	strict
5803	14278	strict
5803	14341	strict
5803	14780	strict
5803	14831	strict
5803	14833	strict
5803	14835	strict
5803	14837	strict
5804	12221	equal
5804	14837	strict
5805	12222	equal
5806	12223	equal
5806	12239	strict
5806	14278	strict
5806	14833	strict
5806	14835	strict
5806	14837	strict
5807	12224	equal
5807	14837	strict
5808	12225	equal
5809	12226	equal
5809	12247	strict
5810	12227	equal
5810	14896	strict
5811	12228	equal
5812	12229	equal
5812	12253	strict
5813	12230	equal
5814	12231	equal
5815	12232	equal
5815	12234	strict
5816	12234	equal
5817	12237	equal
5817	15368	strict
5818	12240	equal
5818	12242	strict
5819	12242	equal
5820	12243	equal
5820	12246	strict
5821	12245	equal
5822	12246	equal
5823	12247	equal
5824	12248	equal
5824	12256	strict
5824	14860	strict
5824	14892	strict
5824	14894	strict
5824	14896	strict
5825	12249	equal
5825	14896	strict
5826	12250	equal
5827	12251	equal
5828	12252	equal
5829	12253	equal
5830	12254	equal
5830	16353	strict
5831	12257	equal
5831	12259	strict
5832	12259	equal
5833	12260	equal
5834	12263	equal
5834	12265	strict
5835	12265	equal
5836	12266	equal
5836	12268	strict
5837	12268	equal
5838	12269	equal
5838	15406	strict
5839	12272	equal
5839	15104	strict
5840	12275	equal
5841	12278	equal
5842	12281	equal
5842	12283	strict
5843	12283	equal
5844	12284	equal
5844	15782	strict
5845	12287	equal
5846	12288	equal
5847	12289	equal
5848	12290	equal
5848	12292	strict
5849	12292	equal
5850	12293	equal
5850	15181	strict
5851	12296	equal
5852	12297	equal
5853	12298	equal
5854	12299	equal
5854	12301	strict
5855	12300	equal
5855	13123	strict
5856	12301	equal
5857	12302	equal
5857	12303	strict
5857	12304	strict
5857	12305	strict
5857	12307	strict
5857	12309	strict
5857	12375	strict
5857	13224	strict
5857	13288	strict
5857	14211	strict
5857	14607	strict
5857	14992	strict
5857	15004	strict
5857	15005	strict
5857	15006	strict
5857	15008	strict
5858	12303	equal
5858	14607	strict
5858	15008	strict
5859	12304	equal
5859	14211	strict
5860	12305	equal
5861	12306	equal
5862	12307	equal
5862	13288	strict
5862	15004	strict
5862	15005	strict
5862	15006	strict
5862	15008	strict
5863	12308	equal
5863	15008	strict
5864	12309	equal
5865	12310	equal
5866	12311	equal
5867	12312	equal
5867	15008	strict
5868	12313	equal
5868	15041	strict
5869	12314	equal
5870	12315	equal
5871	12316	equal
5871	14962	strict
5872	12317	equal
5872	14982	strict
5873	12318	equal
5873	12319	strict
5873	12324	strict
5873	12332	strict
5873	12334	strict
5873	12411	strict
5873	12454	strict
5873	13462	strict
5873	13463	strict
5873	13464	strict
5873	13479	strict
5873	13996	strict
5873	14597	strict
5873	14958	strict
5873	14959	strict
5873	14961	strict
5873	14962	strict
5874	12319	equal
5875	12320	equal
5875	12321	strict
5875	12326	strict
5875	12335	strict
5875	12337	strict
5875	12342	strict
5875	12351	strict
5875	12352	strict
5875	12354	strict
5875	12372	strict
5875	13509	strict
5875	14007	strict
5875	14601	strict
5875	14978	strict
5875	14979	strict
5875	14981	strict
5875	14982	strict
5876	12321	equal
5877	12322	equal
5878	12323	equal
5879	12324	equal
5880	12325	equal
5881	12326	equal
5882	12327	equal
5883	12328	equal
5883	13478	strict
5884	12329	equal
5884	12371	strict
5885	12330	equal
5885	14962	strict
5886	12331	equal
5886	14982	strict
5887	12332	equal
5887	13479	strict
5887	14958	strict
5887	14959	strict
5887	14961	strict
5887	14962	strict
5888	12333	equal
5889	12334	equal
5889	14962	strict
5890	12335	equal
5890	12372	strict
5890	14978	strict
5890	14979	strict
5890	14981	strict
5890	14982	strict
5891	12336	equal
5892	12337	equal
5892	14982	strict
5893	12338	equal
5894	12339	equal
5895	12340	equal
5896	12341	equal
5897	12342	equal
5897	13509	strict
5898	12343	equal
5898	13522	strict
5899	12344	equal
5900	12345	equal
5900	12346	strict
5900	12347	strict
5900	12348	strict
5900	12351	strict
5900	12353	strict
5900	12365	strict
5900	12372	strict
5900	12373	strict
5900	12389	strict
5900	14000	strict
5900	14007	strict
5900	14600	strict
5900	14979	strict
5900	14981	strict
5900	14982	strict
5901	12346	equal
5901	14600	strict
5901	14982	strict
5902	12347	equal
5902	12389	strict
5903	12348	equal
5904	12349	equal
5905	12350	equal
5905	14005	strict
5906	12351	equal
5906	12372	strict
5906	14007	strict
5906	14979	strict
5906	14981	strict
5906	14982	strict
5907	12352	equal
5907	14982	strict
5908	12353	equal
5909	12354	equal
5910	12355	equal
5910	12356	strict
5910	12358	strict
5910	12360	strict
5910	12367	strict
5910	12376	strict
5910	12378	strict
5910	12380	strict
5910	12381	strict
5910	12388	strict
5910	14028	strict
5910	14611	strict
5910	15013	strict
5910	15037	strict
5910	15040	strict
5910	15041	strict
5911	12356	equal
5911	14611	strict
5911	15041	strict
5912	12357	equal
5912	14103	strict
5913	12358	equal
5913	12360	strict
5914	12359	equal
5914	14198	strict
5915	12360	equal
5916	12361	equal
5917	12362	equal
5918	12363	equal
5919	12364	equal
5920	12365	equal
5921	12366	equal
5922	12367	equal
5923	12368	equal
5924	12369	equal
5924	14691	strict
5925	12370	equal
5925	14736	strict
5926	12371	equal
5927	12372	equal
5927	14979	strict
5927	14981	strict
5927	14982	strict
5928	12373	equal
5928	14982	strict
5929	12374	equal
5929	14982	strict
5930	12375	equal
5931	12376	equal
5931	12380	strict
5931	15013	strict
5931	15037	strict
5931	15040	strict
5931	15041	strict
5932	12377	equal
5932	15041	strict
5933	12378	equal
5934	12379	equal
5935	12380	equal
5935	15037	strict
5935	15040	strict
5935	15041	strict
5936	12381	equal
5936	15041	strict
5937	12382	equal
5937	15041	strict
5938	12383	equal
5939	12384	equal
5940	12385	equal
5941	12386	equal
5942	12387	equal
5943	12388	equal
5944	12389	equal
5945	12390	equal
5946	12391	equal
5947	12392	equal
5948	12396	equal
5949	12397	equal
5950	12399	equal
5951	12400	equal
5952	12402	equal
5952	12404	strict
5953	12404	equal
5954	12406	equal
5954	12408	strict
5955	12408	equal
5956	12409	equal
5957	12410	equal
5957	12498	strict
5958	12411	equal
5958	12454	strict
5959	12412	equal
5959	12466	strict
5960	12413	equal
5961	12420	equal
5961	12434	strict
5962	12421	equal
5962	12443	strict
5963	12424	equal
5964	12425	equal
5965	12426	equal
5965	12428	strict
5966	12428	equal
5967	12429	equal
5968	12430	equal
5969	12433	equal
5970	12434	equal
5971	12435	equal
5971	12437	strict
5972	12437	equal
5973	12438	equal
5974	12439	equal
5975	12442	equal
5976	12443	equal
5977	12446	equal
5978	12447	equal
5979	12449	equal
5979	12451	strict
5980	12451	equal
5981	12454	equal
5982	12458	equal
5982	12460	strict
5983	12459	equal
5983	12487	strict
5984	12460	equal
5985	12461	equal
5985	12483	strict
5986	12463	equal
5986	12465	strict
5987	12465	equal
5988	12466	equal
5989	12467	equal
5990	12468	equal
5991	12469	equal
5992	12470	equal
5993	12471	equal
5993	12506	strict
5994	12472	equal
5994	12474	strict
5995	12474	equal
5996	12475	equal
5997	12476	equal
5998	12477	equal
5999	12478	equal
6000	12479	equal
6001	12480	equal
6002	12481	equal
6003	12483	equal
6004	12484	equal
6004	12505	strict
6005	12486	equal
6006	12487	equal
6007	12488	equal
6008	12489	equal
6008	12507	strict
6009	12490	equal
6009	12492	strict
6010	12492	equal
6011	12493	equal
6012	12494	equal
6013	12495	equal
6014	12496	equal
6015	12497	equal
6016	12498	equal
6017	12499	equal
6018	12500	equal
6019	12502	equal
6020	12503	equal
6021	12505	equal
6022	12506	equal
6023	12507	equal
6024	12510	equal
6024	12518	strict
6024	13934	strict
6024	13940	strict
6024	13941	strict
6024	13944	strict
6025	12511	equal
6025	13944	strict
6026	12512	equal
6026	12521	strict
6026	12705	strict
6026	12754	strict
6026	12756	strict
6026	12758	strict
6027	12513	equal
6027	12758	strict
6028	12516	equal
6028	12729	strict
6029	12519	equal
6029	13913	strict
6030	12526	equal
6030	12594	strict
6031	12527	equal
6031	12528	strict
6032	12528	equal
6033	12529	equal
6033	12593	strict
6034	12530	equal
6034	12562	strict
6035	12531	equal
6035	12596	strict
6036	12532	equal
6036	12564	strict
6037	12533	equal
6037	12600	strict
6038	12535	equal
6038	12536	strict
6039	12536	equal
6040	12538	equal
6040	12539	strict
6040	12551	strict
6040	12555	strict
6040	12557	strict
6040	12559	strict
6041	12540	equal
6041	12559	strict
6042	12541	equal
6042	12542	strict
6042	12583	strict
6042	12584	strict
6042	12589	strict
6042	12591	strict
6043	12543	equal
6043	12591	strict
6044	12544	equal
6044	12599	strict
6045	12546	equal
6045	12547	strict
6046	12547	equal
6047	12548	equal
6047	12550	strict
6047	12552	strict
6047	12556	strict
6047	12558	strict
6047	12559	strict
6048	12549	equal
6048	12559	strict
6049	12551	equal
6049	12555	strict
6049	12557	strict
6049	12559	strict
6050	12552	equal
6050	12556	strict
6050	12558	strict
6050	12559	strict
6051	12553	equal
6051	12559	strict
6052	12554	equal
6052	12559	strict
6053	12560	equal
6054	12561	equal
6055	12562	equal
6056	12563	equal
6057	12564	equal
6058	12565	equal
6059	12566	equal
6060	12568	equal
6061	12569	equal
6061	12570	strict
6062	12570	equal
6063	12571	equal
6063	12597	strict
6064	12573	equal
6064	12575	strict
6064	12585	strict
6064	12588	strict
6064	12590	strict
6064	12591	strict
6065	12574	equal
6065	12591	strict
6066	12576	equal
6067	12577	equal
6068	12579	equal
6069	12580	equal
6070	12581	equal
6071	12582	equal
6072	12583	equal
6072	12584	strict
6072	12589	strict
6072	12591	strict
6073	12585	equal
6073	12588	strict
6073	12590	strict
6073	12591	strict
6074	12586	equal
6074	12591	strict
6075	12587	equal
6075	12591	strict
6076	12592	equal
6077	12593	equal
6078	12594	equal
6079	12595	equal
6080	12596	equal
6081	12597	equal
6082	12598	equal
6083	12599	equal
6084	12600	equal
6085	12601	equal
6086	12604	equal
6087	12605	equal
6088	12606	equal
6089	12607	equal
6090	12610	equal
6091	12613	equal
6092	12616	equal
6092	12620	strict
6092	15649	strict
6092	15653	strict
6092	15654	strict
6092	15657	strict
6093	12617	equal
6093	15657	strict
6094	12618	equal
6094	12830	strict
6095	12621	equal
6096	12622	equal
6097	12623	equal
6098	12626	equal
6098	12630	strict
6098	12838	strict
6098	12864	strict
6098	12866	strict
6098	12868	strict
6099	12627	equal
6099	12868	strict
6100	12628	equal
6100	15626	strict
6101	12631	equal
6102	12632	equal
6103	12633	equal
6104	12638	equal
6105	12639	equal
6106	12640	equal
6107	12641	equal
6108	12650	equal
6108	13120	strict
6109	12651	equal
6109	14099	strict
6110	12652	equal
6111	12653	equal
6112	12655	equal
6112	13120	strict
6113	12656	equal
6113	14099	strict
6114	12657	equal
6115	12658	equal
6116	12659	equal
6117	12660	equal
6118	12665	equal
6118	13182	strict
6119	12666	equal
6119	15709	strict
6120	12667	equal
6121	12668	equal
6122	12669	equal
6122	13182	strict
6123	12670	equal
6123	15709	strict
6124	12679	equal
6124	12683	strict
6124	16247	strict
6124	16253	strict
6124	16254	strict
6124	16257	strict
6125	12680	equal
6125	16257	strict
6126	12681	equal
6126	12684	strict
6126	12914	strict
6126	12929	strict
6126	12930	strict
6126	12933	strict
6127	12682	equal
6127	12933	strict
6128	12685	equal
6128	12687	strict
6128	16275	strict
6128	16279	strict
6128	16280	strict
6128	16283	strict
6129	12686	equal
6129	16283	strict
6130	12688	equal
6130	12690	strict
6130	12953	strict
6130	12959	strict
6130	12960	strict
6130	12963	strict
6131	12689	equal
6131	12963	strict
6132	12697	equal
6132	12698	strict
6132	12699	strict
6132	12701	strict
6132	12703	strict
6132	12706	strict
6132	12707	strict
6132	12719	strict
6132	12726	strict
6132	12728	strict
6132	12755	strict
6132	12757	strict
6132	12758	strict
6132	12766	strict
6132	12767	strict
6132	14312	strict
6133	12698	equal
6133	12726	strict
6133	12758	strict
6134	12699	equal
6135	12700	equal
6136	12701	equal
6136	12706	strict
6136	12728	strict
6136	12755	strict
6136	12757	strict
6136	12758	strict
6137	12702	equal
6137	12758	strict
6138	12703	equal
6139	12704	equal
6140	12705	equal
6140	12754	strict
6140	12756	strict
6140	12758	strict
6141	12706	equal
6141	12755	strict
6141	12757	strict
6141	12758	strict
6142	12707	equal
6142	12758	strict
6143	12708	equal
6143	12758	strict
6144	12709	equal
6144	12726	strict
6145	12716	equal
6145	12717	strict
6145	12720	strict
6145	12722	strict
6145	12776	strict
6145	12783	strict
6145	12816	strict
6145	12819	strict
6145	12822	strict
6145	12832	strict
6145	12839	strict
6145	12840	strict
6145	12865	strict
6145	12867	strict
6145	12868	strict
6145	13819	strict
6146	12717	equal
6146	12783	strict
6146	12868	strict
6147	12722	equal
6147	13819	strict
6148	12723	equal
6148	12746	strict
6149	12726	equal
6150	12729	equal
6151	12731	equal
6152	12732	equal
6152	12751	strict
6153	12738	equal
6153	12739	strict
6153	12740	strict
6153	12749	strict
6153	12829	strict
6153	13501	strict
6153	13522	strict
6153	13918	strict
6153	13920	strict
6153	13925	strict
6153	14751	strict
6153	16564	strict
6153	16566	strict
6153	16569	strict
6153	16570	strict
6153	16571	strict
6154	12739	equal
6154	13522	strict
6154	16571	strict
6155	12740	equal
6155	12829	strict
6156	12742	equal
6156	12744	strict
6157	12744	equal
6158	12745	equal
6159	12746	equal
6160	12751	equal
6161	12759	equal
6161	15324	strict
6162	12760	equal
6162	14810	strict
6163	12761	equal
6163	12762	strict
6163	12763	strict
6163	12764	strict
6163	12765	strict
6163	12790	strict
6163	12801	strict
6163	13380	strict
6163	13523	strict
6163	14262	strict
6163	14263	strict
6163	14271	strict
6163	14284	strict
6163	14800	strict
6163	14807	strict
6163	14809	strict
6163	14810	strict
6164	12762	equal
6165	12763	equal
6165	12790	strict
6165	14271	strict
6165	14807	strict
6165	14809	strict
6165	14810	strict
6166	12764	equal
6166	14810	strict
6167	12765	equal
6167	12801	strict
6168	12766	equal
6168	14312	strict
6169	12767	equal
6170	12768	equal
6170	12856	strict
6171	12769	equal
6172	12770	equal
6172	12771	strict
6172	12774	strict
6172	12820	strict
6172	12821	strict
6172	12824	strict
6172	12887	strict
6172	13384	strict
6172	13535	strict
6172	14346	strict
6172	14347	strict
6172	14361	strict
6172	15283	strict
6172	15318	strict
6172	15321	strict
6172	15323	strict
6172	15324	strict
6173	12771	equal
6174	12772	equal
6174	12773	strict
6174	12775	strict
6174	12827	strict
6174	12964	strict
6174	13386	strict
6174	13536	strict
6174	14354	strict
6174	14357	strict
6174	14365	strict
6174	15385	strict
6174	15390	strict
6174	15391	strict
6174	15394	strict
6174	15395	strict
6174	15396	strict
6175	12773	equal
6175	13536	strict
6175	15396	strict
6176	12774	equal
6176	12887	strict
6177	12775	equal
6177	12964	strict
6178	12776	equal
6179	12777	equal
6180	12781	equal
6180	12783	strict
6181	12783	equal
6182	12785	equal
6182	12787	strict
6183	12787	equal
6184	12796	equal
6184	12797	strict
6184	12800	strict
6184	12810	strict
6184	12934	strict
6184	12935	strict
6184	12939	strict
6184	13524	strict
6184	13533	strict
6184	14909	strict
6184	14910	strict
6184	14911	strict
6184	14916	strict
6184	16483	strict
6184	16491	strict
6184	16493	strict
6184	16494	strict
6185	12797	equal
6185	12800	strict
6186	12800	equal
6187	12801	equal
6188	12802	equal
6188	16526	strict
6189	12803	equal
6189	12804	strict
6189	12806	strict
6189	12811	strict
6189	12911	strict
6189	12913	strict
6189	12915	strict
6189	12917	strict
6189	12919	strict
6189	12922	strict
6189	12924	strict
6189	12931	strict
6189	12932	strict
6189	12933	strict
6189	12936	strict
6189	15246	strict
6190	12804	equal
6190	12922	strict
6190	12933	strict
6191	12805	equal
6192	12806	equal
6193	12807	equal
6193	12922	strict
6194	12808	equal
6194	12938	strict
6195	12810	equal
6196	12811	equal
6196	15246	strict
6197	12812	equal
6197	12814	strict
6198	12814	equal
6199	12815	equal
6200	12816	equal
6200	12819	strict
6200	12839	strict
6200	12865	strict
6200	12867	strict
6200	12868	strict
6201	12817	equal
6201	12868	strict
6202	12820	equal
6202	12824	strict
6202	15283	strict
6202	15321	strict
6202	15323	strict
6202	15324	strict
6203	12821	equal
6203	15324	strict
6204	12822	equal
6205	12828	equal
6206	12829	equal
6207	12830	equal
6208	12831	equal
6209	12832	equal
6210	12833	equal
6211	12836	equal
6212	12837	equal
6213	12838	equal
6213	12864	strict
6213	12866	strict
6213	12868	strict
6214	12839	equal
6214	12865	strict
6214	12867	strict
6214	12868	strict
6215	12840	equal
6215	12868	strict
6216	12841	equal
6216	12868	strict
6217	12842	equal
6217	12861	strict
6218	12848	equal
6218	12849	strict
6218	12850	strict
6218	12859	strict
6218	12904	strict
6218	13537	strict
6218	13548	strict
6218	15631	strict
6218	15633	strict
6218	15638	strict
6218	15867	strict
6218	16529	strict
6218	16530	strict
6218	16533	strict
6218	16534	strict
6218	16535	strict
6219	12849	equal
6219	13548	strict
6219	16535	strict
6220	12850	equal
6220	12904	strict
6221	12852	equal
6221	12854	strict
6222	12854	equal
6223	12855	equal
6224	12856	equal
6225	12861	equal
6226	12869	equal
6227	12870	equal
6227	12871	strict
6227	12872	strict
6227	12902	strict
6227	12948	strict
6227	13394	strict
6227	13560	strict
6227	15799	strict
6227	15802	strict
6227	15805	strict
6227	16151	strict
6227	16196	strict
6227	16198	strict
6227	16201	strict
6227	16202	strict
6227	16203	strict
6228	12871	equal
6228	13560	strict
6228	16203	strict
6229	12872	equal
6229	12948	strict
6230	12874	equal
6230	12876	strict
6231	12876	equal
6232	12882	equal
6232	12883	strict
6232	12886	strict
6232	12899	strict
6232	12944	strict
6232	12945	strict
6232	12947	strict
6232	13549	strict
6232	13559	strict
6232	15966	strict
6232	15967	strict
6232	15968	strict
6232	15974	strict
6232	16519	strict
6232	16523	strict
6232	16525	strict
6232	16526	strict
6233	12883	equal
6233	12886	strict
6234	12886	equal
6235	12887	equal
6236	12888	equal
6236	16494	strict
6237	12889	equal
6237	12890	strict
6237	12892	strict
6237	12894	strict
6237	12920	strict
6237	12938	strict
6237	12941	strict
6237	12943	strict
6237	12946	strict
6237	12950	strict
6237	12954	strict
6237	12956	strict
6237	12961	strict
6237	12962	strict
6237	12963	strict
6237	16127	strict
6238	12890	equal
6238	12938	strict
6238	12963	strict
6239	12891	equal
6240	12892	equal
6241	12894	equal
6241	16127	strict
6242	12895	equal
6242	12897	strict
6243	12897	equal
6244	12898	equal
6245	12899	equal
6246	12903	equal
6247	12904	equal
6248	12905	equal
6249	12907	equal
6250	12908	equal
6251	12909	equal
6252	12910	equal
6252	12933	strict
6253	12911	equal
6253	12917	strict
6253	12924	strict
6253	12931	strict
6253	12932	strict
6253	12933	strict
6254	12912	equal
6255	12913	equal
6256	12914	equal
6256	12929	strict
6256	12930	strict
6256	12933	strict
6257	12915	equal
6257	12933	strict
6258	12916	equal
6258	12933	strict
6259	12917	equal
6259	12931	strict
6259	12932	strict
6259	12933	strict
6260	12922	equal
6261	12926	equal
6262	12934	equal
6262	12939	strict
6262	16483	strict
6262	16491	strict
6262	16493	strict
6262	16494	strict
6263	12935	equal
6263	16494	strict
6264	12936	equal
6265	12938	equal
6266	12940	equal
6266	12963	strict
6267	12941	equal
6267	12943	strict
6267	12956	strict
6267	12961	strict
6267	12962	strict
6267	12963	strict
6268	12944	equal
6268	12947	strict
6268	16519	strict
6268	16523	strict
6268	16525	strict
6268	16526	strict
6269	12945	equal
6269	16526	strict
6270	12946	equal
6271	12948	equal
6272	12949	equal
6273	12950	equal
6274	12952	equal
6275	12953	equal
6275	12959	strict
6275	12960	strict
6275	12963	strict
6276	12954	equal
6276	12963	strict
6277	12955	equal
6277	12963	strict
6278	12956	equal
6278	12961	strict
6278	12962	strict
6278	12963	strict
6279	12964	equal
6280	12967	equal
6281	12968	equal
6282	12970	equal
6282	13266	strict
6283	12971	equal
6283	14194	strict
6284	12972	equal
6284	13266	strict
6285	12973	equal
6285	14194	strict
6286	12974	equal
6286	14176	strict
6287	12977	equal
6287	13258	strict
6288	12983	equal
6288	13025	strict
6289	12984	equal
6289	13046	strict
6290	12985	equal
6290	13047	strict
6291	12986	equal
6291	12987	strict
6292	12987	equal
6293	12988	equal
6293	13049	strict
6294	12989	equal
6294	13053	strict
6295	12990	equal
6295	12991	strict
6296	12991	equal
6297	12992	equal
6297	13052	strict
6298	12993	equal
6298	12995	strict
6299	12995	equal
6300	12997	equal
6300	12999	strict
6300	13015	strict
6300	13017	strict
6300	13019	strict
6300	13023	strict
6301	12998	equal
6301	13023	strict
6302	13000	equal
6302	13002	strict
6302	13036	strict
6302	13037	strict
6302	13042	strict
6302	13044	strict
6303	13001	equal
6303	13044	strict
6304	13003	equal
6304	13027	strict
6305	13004	equal
6305	13050	strict
6306	13005	equal
6306	13007	strict
6307	13007	equal
6308	13009	equal
6308	13011	strict
6308	13020	strict
6308	13021	strict
6308	13022	strict
6308	13023	strict
6309	13010	equal
6309	13023	strict
6310	13012	equal
6310	13014	strict
6310	13038	strict
6310	13041	strict
6310	13043	strict
6310	13044	strict
6311	13013	equal
6311	13044	strict
6312	13015	equal
6312	13017	strict
6312	13019	strict
6312	13023	strict
6313	13016	equal
6313	13023	strict
6314	13018	equal
6314	13023	strict
6315	13020	equal
6315	13021	strict
6315	13022	strict
6315	13023	strict
6316	13024	equal
6317	13025	equal
6318	13026	equal
6319	13027	equal
6320	13028	equal
6321	13029	equal
6322	13030	equal
6323	13031	equal
6324	13033	equal
6325	13034	equal
6326	13036	equal
6326	13037	strict
6326	13042	strict
6326	13044	strict
6327	13038	equal
6327	13041	strict
6327	13043	strict
6327	13044	strict
6328	13039	equal
6328	13044	strict
6329	13040	equal
6329	13044	strict
6330	13045	equal
6331	13046	equal
6332	13047	equal
6333	13048	equal
6334	13049	equal
6335	13050	equal
6336	13051	equal
6337	13052	equal
6338	13053	equal
6339	13054	equal
6340	13055	equal
6341	13056	equal
6342	13057	equal
6342	13328	strict
6343	13058	equal
6343	15736	strict
6344	13059	equal
6344	13328	strict
6345	13060	equal
6345	15736	strict
6346	13061	equal
6346	15716	strict
6347	13064	equal
6347	13319	strict
6348	13073	equal
6348	13074	strict
6348	13075	strict
6348	13076	strict
6348	13078	strict
6348	13082	strict
6348	13087	strict
6348	13096	strict
6348	13097	strict
6348	13101	strict
6348	13116	strict
6348	13117	strict
6348	13119	strict
6348	13120	strict
6348	13461	strict
6348	13464	strict
6348	13994	strict
6349	13074	equal
6350	13075	equal
6350	13078	strict
6350	13101	strict
6350	13117	strict
6350	13119	strict
6350	13120	strict
6351	13076	equal
6351	13120	strict
6352	13079	equal
6353	13080	equal
6354	13082	equal
6355	13083	equal
6356	13084	equal
6357	13085	equal
6358	13087	equal
6359	13093	equal
6359	13094	strict
6359	13095	strict
6359	13096	strict
6359	13098	strict
6359	13101	strict
6359	13103	strict
6359	13110	strict
6359	13116	strict
6359	13117	strict
6359	13119	strict
6359	13120	strict
6359	13121	strict
6359	13136	strict
6359	13137	strict
6359	13496	strict
6360	13094	equal
6360	13120	strict
6360	13121	strict
6361	13095	equal
6362	13096	equal
6362	13101	strict
6362	13116	strict
6362	13117	strict
6362	13119	strict
6362	13120	strict
6363	13097	equal
6363	13120	strict
6364	13098	equal
6365	13100	equal
6365	13104	strict
6365	13118	strict
6365	13120	strict
6366	13101	equal
6366	13117	strict
6366	13119	strict
6366	13120	strict
6367	13102	equal
6367	13120	strict
6368	13103	equal
6368	13120	strict
6369	13105	equal
6369	13121	strict
6370	13107	equal
6370	13108	strict
6370	13111	strict
6370	13112	strict
6370	13141	strict
6370	13197	strict
6370	13204	strict
6370	13206	strict
6370	13521	strict
6370	13565	strict
6370	14105	strict
6370	16554	strict
6370	16555	strict
6370	16558	strict
6370	16559	strict
6370	16562	strict
6371	13108	equal
6371	13521	strict
6371	16562	strict
6372	13112	equal
6372	14105	strict
6373	13114	equal
6373	13115	strict
6374	13115	equal
6375	13121	equal
6376	13122	equal
6377	13123	equal
6378	13124	equal
6379	13125	equal
6379	13126	strict
6379	13127	strict
6379	13128	strict
6379	13133	strict
6379	13135	strict
6379	13137	strict
6379	13157	strict
6379	13159	strict
6379	13176	strict
6379	13178	strict
6379	13179	strict
6379	13181	strict
6379	13182	strict
6379	13183	strict
6379	13485	strict
6380	13126	equal
6380	13182	strict
6380	13183	strict
6381	13127	equal
6382	13128	equal
6382	13485	strict
6383	13129	equal
6383	13130	strict
6383	13131	strict
6383	13133	strict
6383	13134	strict
6383	13153	strict
6383	13154	strict
6383	13157	strict
6383	13161	strict
6383	13165	strict
6383	13178	strict
6383	13179	strict
6383	13181	strict
6383	13182	strict
6383	13476	strict
6383	13494	strict
6383	14697	strict
6384	13130	equal
6385	13131	equal
6386	13132	equal
6387	13133	equal
6387	13157	strict
6387	13178	strict
6387	13179	strict
6387	13181	strict
6387	13182	strict
6388	13134	equal
6388	13182	strict
6389	13135	equal
6390	13136	equal
6390	13496	strict
6391	13137	equal
6392	13141	equal
6393	13142	equal
6394	13144	equal
6394	16517	strict
6395	13146	equal
6395	13148	strict
6395	13149	strict
6395	13151	strict
6395	13204	strict
6395	13205	strict
6395	13206	strict
6395	13531	strict
6395	13534	strict
6395	15048	strict
6395	15053	strict
6395	15054	strict
6395	15055	strict
6395	16554	strict
6395	16558	strict
6395	16559	strict
6395	16562	strict
6396	13148	equal
6396	13149	strict
6397	13149	equal
6398	13150	equal
6399	13151	equal
6400	13152	equal
6400	13166	strict
6400	13180	strict
6400	13182	strict
6401	13153	equal
6401	13157	strict
6401	13161	strict
6401	13179	strict
6401	13181	strict
6401	13182	strict
6402	13154	equal
6402	13182	strict
6403	13155	equal
6404	13156	equal
6405	13157	equal
6405	13179	strict
6405	13181	strict
6405	13182	strict
6406	13158	equal
6406	13182	strict
6407	13159	equal
6407	13182	strict
6408	13162	equal
6409	13165	equal
6410	13167	equal
6410	13183	strict
6411	13169	equal
6411	13170	strict
6411	13171	strict
6411	13177	strict
6411	13186	strict
6411	13199	strict
6411	13201	strict
6411	13203	strict
6411	13547	strict
6411	13562	strict
6411	15713	strict
6411	16509	strict
6411	16510	strict
6411	16513	strict
6411	16514	strict
6411	16517	strict
6412	13170	equal
6412	13547	strict
6412	16517	strict
6413	13171	equal
6413	15713	strict
6414	13174	equal
6414	13175	strict
6415	13175	equal
6416	13183	equal
6417	13184	equal
6418	13185	equal
6419	13186	equal
6420	13187	equal
6421	13189	equal
6421	16562	strict
6422	13191	equal
6422	13193	strict
6422	13194	strict
6422	13196	strict
6422	13201	strict
6422	13202	strict
6422	13203	strict
6422	13556	strict
6422	13558	strict
6422	16057	strict
6422	16062	strict
6422	16063	strict
6422	16064	strict
6422	16509	strict
6422	16513	strict
6422	16514	strict
6422	16517	strict
6423	13193	equal
6423	13194	strict
6424	13194	equal
6425	13195	equal
6426	13196	equal
6427	13197	equal
6428	13198	equal
6429	13199	equal
6430	13200	equal
6431	13201	equal
6431	13203	strict
6431	16509	strict
6431	16513	strict
6431	16514	strict
6431	16517	strict
6432	13202	equal
6432	16517	strict
6433	13204	equal
6433	13206	strict
6433	16554	strict
6433	16558	strict
6433	16559	strict
6433	16562	strict
6434	13205	equal
6434	16562	strict
6435	13207	equal
6435	13498	strict
6435	13511	strict
6435	13513	strict
6435	13615	strict
6435	14285	strict
6436	13208	equal
6436	13500	strict
6436	13514	strict
6436	13544	strict
6436	13778	strict
6436	14362	strict
6437	13209	equal
6437	13504	strict
6437	13506	strict
6437	13515	strict
6437	13569	strict
6437	13921	strict
6437	14366	strict
6438	13210	equal
6438	13525	strict
6438	13526	strict
6438	13568	strict
6438	14908	strict
6438	14912	strict
6439	13211	equal
6439	13540	strict
6439	13542	strict
6439	13545	strict
6439	13567	strict
6439	15634	strict
6439	15806	strict
6440	13212	equal
6440	13550	strict
6440	13551	strict
6440	13570	strict
6440	15965	strict
6440	15969	strict
6441	13219	equal
6441	13220	strict
6441	13223	strict
6441	13230	strict
6441	13233	strict
6441	13242	strict
6441	13244	strict
6441	13246	strict
6441	13251	strict
6441	13263	strict
6441	13264	strict
6441	13265	strict
6441	13266	strict
6441	13269	strict
6441	13281	strict
6441	15056	strict
6442	13220	equal
6442	13233	strict
6442	13266	strict
6443	13225	equal
6444	13226	equal
6445	13227	equal
6446	13228	equal
6447	13230	equal
6448	13231	equal
6449	13233	equal
6450	13239	equal
6450	13240	strict
6450	13241	strict
6450	13242	strict
6450	13243	strict
6450	13246	strict
6450	13250	strict
6450	13260	strict
6450	13261	strict
6450	13263	strict
6450	13264	strict
6450	13265	strict
6450	13266	strict
6450	13267	strict
6450	14154	strict
6450	14156	strict
6450	14218	strict
6451	13240	equal
6452	13241	equal
6453	13242	equal
6453	13246	strict
6453	13263	strict
6453	13264	strict
6453	13265	strict
6453	13266	strict
6454	13243	equal
6454	13266	strict
6455	13244	equal
6456	13247	equal
6457	13248	equal
6458	13249	equal
6458	13262	strict
6459	13250	equal
6459	13266	strict
6460	13251	equal
6460	13266	strict
6461	13253	equal
6461	13301	strict
6462	13254	equal
6462	13256	strict
6463	13256	equal
6464	13257	equal
6465	13258	equal
6466	13260	equal
6466	13261	strict
6466	13263	strict
6466	13264	strict
6466	13265	strict
6466	13266	strict
6467	13262	equal
6468	13263	equal
6468	13264	strict
6468	13265	strict
6468	13266	strict
6469	13267	equal
6470	13269	equal
6470	15056	strict
6471	13270	equal
6472	13271	equal
6472	13272	strict
6472	13273	strict
6472	13278	strict
6472	13279	strict
6472	13297	strict
6472	13311	strict
6472	13322	strict
6472	13323	strict
6472	13324	strict
6472	13325	strict
6472	13326	strict
6472	13327	strict
6472	13328	strict
6472	14639	strict
6472	14641	strict
6472	15758	strict
6473	13272	equal
6474	13273	equal
6475	13274	equal
6475	13275	strict
6475	13276	strict
6475	13278	strict
6475	13280	strict
6475	13281	strict
6475	13282	strict
6475	13293	strict
6475	13297	strict
6475	13309	strict
6475	13312	strict
6475	13324	strict
6475	13325	strict
6475	13326	strict
6475	13328	strict
6475	16065	strict
6476	13275	equal
6476	13309	strict
6476	13328	strict
6477	13276	equal
6478	13277	equal
6479	13278	equal
6479	13297	strict
6479	13324	strict
6479	13325	strict
6479	13326	strict
6479	13328	strict
6480	13279	equal
6480	13328	strict
6481	13280	equal
6481	16065	strict
6482	13281	equal
6483	13282	equal
6484	13289	equal
6484	13291	strict
6485	13291	equal
6486	13301	equal
6487	13302	equal
6488	13303	equal
6489	13304	equal
6490	13305	equal
6491	13306	equal
6492	13307	equal
6493	13309	equal
6494	13310	equal
6494	13321	strict
6495	13311	equal
6495	13328	strict
6496	13312	equal
6496	13328	strict
6497	13314	equal
6497	13333	strict
6498	13315	equal
6498	13317	strict
6499	13317	equal
6500	13318	equal
6501	13319	equal
6502	13321	equal
6503	13322	equal
6503	13323	strict
6503	13324	strict
6503	13325	strict
6503	13326	strict
6503	13328	strict
6504	13324	equal
6504	13325	strict
6504	13326	strict
6504	13328	strict
6505	13327	equal
6506	13330	equal
6506	13332	strict
6507	13332	equal
6508	13333	equal
6509	13334	equal
6510	13335	equal
6510	13338	strict
6510	13347	strict
6510	13348	strict
6510	13356	strict
6510	13357	strict
6510	13362	strict
6510	13378	strict
6510	13422	strict
6510	13555	strict
6510	14772	strict
6510	14773	strict
6510	14774	strict
6510	15989	strict
6510	15993	strict
6510	15994	strict
6510	15997	strict
6511	13336	equal
6511	13339	strict
6511	13340	strict
6511	13342	strict
6511	13349	strict
6511	13350	strict
6511	13355	strict
6511	13379	strict
6511	13425	strict
6511	13530	strict
6511	14775	strict
6511	14776	strict
6511	14777	strict
6511	14932	strict
6511	14936	strict
6511	14937	strict
6511	14940	strict
6512	13337	equal
6512	14940	strict
6513	13338	equal
6514	13339	equal
6514	13355	strict
6514	14932	strict
6514	14936	strict
6514	14937	strict
6514	14940	strict
6515	13340	equal
6515	14940	strict
6516	13341	equal
6516	15997	strict
6517	13342	equal
6518	13343	equal
6519	13344	equal
6520	13347	equal
6520	13348	strict
6521	13348	equal
6522	13349	equal
6522	13350	strict
6523	13350	equal
6524	13351	equal
6525	13352	equal
6526	13353	equal
6526	13366	strict
6527	13356	equal
6527	13362	strict
6527	15989	strict
6527	15993	strict
6527	15994	strict
6527	15997	strict
6528	13357	equal
6528	15997	strict
6529	13358	equal
6530	13359	equal
6531	13360	equal
6531	13372	strict
6532	13363	equal
6533	13366	equal
6534	13367	equal
6534	14915	strict
6535	13368	equal
6535	14945	strict
6535	14960	strict
6535	14962	strict
6536	13369	equal
6537	13370	equal
6538	13371	equal
6539	13372	equal
6540	13373	equal
6541	13374	equal
6541	15411	strict
6541	15426	strict
6541	15428	strict
6542	13375	equal
6543	13376	equal
6543	15972	strict
6544	13377	equal
6545	13378	equal
6546	13379	equal
6547	13380	equal
6548	13381	equal
6549	13382	equal
6550	13383	equal
6551	13384	equal
6552	13385	equal
6553	13386	equal
6554	13387	equal
6555	13390	equal
6556	13391	equal
6557	13394	equal
6558	13395	equal
6559	13398	equal
6559	13400	strict
6559	13404	strict
6559	13407	strict
6559	13420	strict
6559	13441	strict
6559	13442	strict
6559	13447	strict
6559	14232	strict
6559	14233	strict
6559	14247	strict
6559	14766	strict
6559	15282	strict
6559	15311	strict
6559	15320	strict
6559	15322	strict
6559	15324	strict
6560	13399	equal
6560	13401	strict
6560	13405	strict
6560	13408	strict
6560	13409	strict
6560	13411	strict
6560	13423	strict
6560	13428	strict
6560	14234	strict
6560	14235	strict
6560	14249	strict
6560	14270	strict
6560	14767	strict
6560	14804	strict
6560	14806	strict
6560	14808	strict
6560	14810	strict
6561	13400	equal
6562	13401	equal
6563	13402	equal
6563	13418	strict
6564	13403	equal
6564	13419	strict
6565	13404	equal
6565	13420	strict
6566	13405	equal
6566	13423	strict
6567	13406	equal
6567	14810	strict
6568	13407	equal
6569	13408	equal
6569	13428	strict
6569	14270	strict
6569	14806	strict
6569	14808	strict
6569	14810	strict
6570	13409	equal
6570	14810	strict
6571	13410	equal
6571	15324	strict
6572	13411	equal
6573	13412	equal
6574	13413	equal
6575	13418	equal
6576	13419	equal
6577	13420	equal
6578	13421	equal
6579	13422	equal
6580	13423	equal
6581	13424	equal
6582	13425	equal
6583	13426	equal
6583	14913	strict
6584	13429	equal
6584	15020	strict
6585	13432	equal
6585	15001	strict
6586	13435	equal
6587	13438	equal
6588	13441	equal
6588	13447	strict
6588	15282	strict
6588	15320	strict
6588	15322	strict
6588	15324	strict
6589	13442	equal
6589	15324	strict
6590	13443	equal
6591	13444	equal
6592	13445	equal
6592	15970	strict
6593	13448	equal
6594	13451	equal
6594	16029	strict
6595	13454	equal
6595	15467	strict
6596	13457	equal
6596	13458	strict
6596	13459	strict
6596	13462	strict
6596	13471	strict
6596	13479	strict
6596	13480	strict
6596	13507	strict
6596	13965	strict
6596	13966	strict
6596	13996	strict
6596	14595	strict
6596	14959	strict
6596	14961	strict
6596	14962	strict
6597	13458	equal
6597	13507	strict
6597	13966	strict
6597	14595	strict
6597	14962	strict
6598	13459	equal
6599	13460	equal
6600	13461	equal
6600	13994	strict
6601	13462	equal
6601	13479	strict
6601	13996	strict
6601	14959	strict
6601	14961	strict
6601	14962	strict
6602	13463	equal
6602	14962	strict
6603	13464	equal
6604	13465	equal
6604	13466	strict
6604	13474	strict
6604	13486	strict
6604	13488	strict
6604	13490	strict
6604	13491	strict
6604	13510	strict
6604	14071	strict
6604	14072	strict
6604	14671	strict
6604	15399	strict
6604	15425	strict
6604	15427	strict
6604	15428	strict
6605	13466	equal
6605	13510	strict
6605	14072	strict
6605	14671	strict
6605	15428	strict
6606	13467	equal
6607	13468	equal
6608	13469	equal
6609	13470	equal
6610	13471	equal
6611	13472	equal
6612	13473	equal
6612	14661	strict
6613	13474	equal
6614	13475	equal
6615	13476	equal
6615	14697	strict
6616	13477	equal
6616	14717	strict
6617	13478	equal
6618	13479	equal
6618	14959	strict
6618	14961	strict
6618	14962	strict
6619	13480	equal
6619	14962	strict
6620	13481	equal
6620	14962	strict
6621	13482	equal
6622	13483	equal
6623	13484	equal
6624	13485	equal
6625	13486	equal
6625	13490	strict
6625	15399	strict
6625	15425	strict
6625	15427	strict
6625	15428	strict
6626	13487	equal
6626	15428	strict
6627	13488	equal
6628	13489	equal
6629	13490	equal
6629	15425	strict
6629	15427	strict
6629	15428	strict
6630	13491	equal
6630	15428	strict
6631	13492	equal
6631	15428	strict
6632	13493	equal
6633	13494	equal
6634	13495	equal
6635	13496	equal
6636	13501	equal
6637	13502	equal
6638	13504	equal
6638	13506	strict
6639	13506	equal
6640	13509	equal
6641	13511	equal
6641	13513	strict
6642	13512	equal
6642	13547	strict
6643	13513	equal
6644	13514	equal
6644	13544	strict
6645	13515	equal
6645	13569	strict
6646	13518	equal
6646	13521	strict
6647	13521	equal
6648	13522	equal
6649	13523	equal
6650	13524	equal
6651	13526	equal
6651	13568	strict
6652	13527	equal
6652	13529	strict
6653	13529	equal
6654	13530	equal
6655	13531	equal
6656	13532	equal
6657	13533	equal
6658	13534	equal
6659	13535	equal
6660	13536	equal
6661	13537	equal
6662	13538	equal
6663	13540	equal
6663	13542	strict
6664	13542	equal
6665	13543	equal
6666	13544	equal
6667	13545	equal
6667	13567	strict
6668	13547	equal
6669	13548	equal
6670	13549	equal
6671	13551	equal
6671	13570	strict
6672	13552	equal
6672	13554	strict
6673	13554	equal
6674	13555	equal
6675	13556	equal
6676	13557	equal
6677	13558	equal
6678	13559	equal
6679	13560	equal
6680	13561	equal
6681	13562	equal
6682	13564	equal
6683	13565	equal
6684	13567	equal
6685	13568	equal
6686	13569	equal
6687	13570	equal
6688	13589	equal
6688	13645	strict
6688	13649	strict
6688	13803	strict
6688	14282	strict
6688	14284	strict
6688	14857	strict
6689	13590	equal
6689	13592	strict
6689	13603	strict
6689	13646	strict
6689	13648	strict
6689	14320	strict
6690	13598	equal
6690	13599	strict
6690	13600	strict
6690	13601	strict
6690	13603	strict
6690	13674	strict
6690	13808	strict
6690	13813	strict
6690	14461	strict
6690	14649	strict
6690	15570	strict
6690	15571	strict
6690	15596	strict
6690	15598	strict
6690	15599	strict
6691	13599	equal
6691	13600	strict
6691	13603	strict
6691	14649	strict
6691	15599	strict
6692	13603	equal
6693	13610	equal
6693	13611	strict
6693	13612	strict
6693	13614	strict
6693	13615	strict
6693	14585	strict
6693	14661	strict
6693	14922	strict
6693	14924	strict
6693	15249	strict
6693	16510	strict
6693	16512	strict
6693	16515	strict
6693	16516	strict
6693	16517	strict
6694	13611	equal
6694	13612	strict
6694	13615	strict
6694	14661	strict
6694	16517	strict
6695	13615	equal
6696	13616	equal
6696	13886	strict
6697	13617	equal
6697	13736	strict
6698	13618	equal
6699	13619	equal
6700	13620	equal
6700	13687	strict
6700	13856	strict
6700	13882	strict
6700	13884	strict
6700	13886	strict
6701	13621	equal
6701	13886	strict
6702	13622	equal
6702	13640	strict
6702	13688	strict
6702	13732	strict
6702	13734	strict
6702	13736	strict
6703	13623	equal
6703	13736	strict
6704	13624	equal
6704	13625	strict
6704	13626	strict
6704	13630	strict
6704	13634	strict
6704	13641	strict
6704	13642	strict
6704	13644	strict
6704	13648	strict
6704	13698	strict
6704	13703	strict
6704	13708	strict
6704	13733	strict
6704	13735	strict
6704	13736	strict
6704	14316	strict
6705	13625	equal
6705	13708	strict
6705	13736	strict
6706	13626	equal
6707	13627	equal
6708	13628	equal
6708	13629	strict
6708	13630	strict
6708	13631	strict
6708	13632	strict
6708	13636	strict
6708	13637	strict
6708	13641	strict
6708	13647	strict
6708	13649	strict
6708	13703	strict
6708	13709	strict
6708	13730	strict
6708	13733	strict
6708	13735	strict
6708	13736	strict
6708	13814	strict
6709	13629	equal
6710	13630	equal
6710	13641	strict
6710	13703	strict
6710	13733	strict
6710	13735	strict
6710	13736	strict
6711	13631	equal
6711	13736	strict
6712	13632	equal
6713	13633	equal
6714	13634	equal
6715	13635	equal
6716	13636	equal
6716	13641	strict
6716	13730	strict
6716	13733	strict
6716	13735	strict
6716	13736	strict
6717	13637	equal
6717	13736	strict
6718	13638	equal
6719	13639	equal
6720	13640	equal
6720	13732	strict
6720	13734	strict
6720	13736	strict
6721	13641	equal
6721	13733	strict
6721	13735	strict
6721	13736	strict
6722	13642	equal
6722	13736	strict
6723	13643	equal
6723	13736	strict
6724	13644	equal
6724	14316	strict
6725	13645	equal
6725	13803	strict
6726	13646	equal
6726	14320	strict
6727	13647	equal
6727	13814	strict
6728	13648	equal
6729	13649	equal
6730	13650	equal
6730	13651	strict
6730	13654	strict
6730	13658	strict
6730	13659	strict
6730	13680	strict
6730	13682	strict
6730	13804	strict
6730	13805	strict
6730	13807	strict
6730	13810	strict
6730	13831	strict
6730	13857	strict
6730	13880	strict
6730	13883	strict
6730	13885	strict
6730	13886	strict
6731	13651	equal
6732	13652	equal
6732	13653	strict
6732	13656	strict
6732	13662	strict
6732	13665	strict
6732	13815	strict
6732	13832	strict
6732	13936	strict
6732	13937	strict
6732	13938	strict
6732	13942	strict
6732	13943	strict
6732	13944	strict
6732	14322	strict
6732	14325	strict
6732	15637	strict
6733	13653	equal
6733	13832	strict
6733	13944	strict
6734	13654	equal
6735	13655	equal
6736	13656	equal
6737	13657	equal
6738	13658	equal
6738	13857	strict
6738	13880	strict
6738	13883	strict
6738	13885	strict
6738	13886	strict
6739	13659	equal
6739	13886	strict
6740	13660	equal
6741	13661	equal
6742	13662	equal
6742	13937	strict
6742	13938	strict
6742	13942	strict
6742	13943	strict
6742	13944	strict
6743	13663	equal
6743	13944	strict
6744	13664	equal
6745	13665	equal
6746	13666	equal
6746	13707	strict
6747	13667	equal
6747	13669	strict
6748	13668	equal
6748	13708	strict
6749	13669	equal
6750	13670	equal
6750	13832	strict
6751	13674	equal
6752	13675	equal
6753	13680	equal
6753	13682	strict
6754	13682	equal
6755	13694	equal
6755	13695	strict
6755	13696	strict
6755	13699	strict
6755	13739	strict
6755	13783	strict
6755	13787	strict
6755	13802	strict
6755	14454	strict
6755	14677	strict
6755	15286	strict
6755	15525	strict
6755	15526	strict
6755	15562	strict
6755	15564	strict
6755	15565	strict
6756	13695	equal
6756	14677	strict
6756	15565	strict
6757	13696	equal
6757	15286	strict
6758	13704	equal
6758	13724	strict
6759	13707	equal
6760	13708	equal
6761	13709	equal
6762	13710	equal
6762	13729	strict
6763	13716	equal
6763	13717	strict
6763	13719	strict
6763	13727	strict
6763	13893	strict
6763	14666	strict
6763	14691	strict
6763	15378	strict
6763	15379	strict
6763	15380	strict
6763	15512	strict
6763	16528	strict
6763	16530	strict
6763	16533	strict
6763	16534	strict
6763	16535	strict
6764	13717	equal
6764	14691	strict
6764	16535	strict
6765	13719	equal
6765	13893	strict
6766	13720	equal
6766	13722	strict
6767	13722	equal
6768	13723	equal
6769	13724	equal
6770	13729	equal
6771	13737	equal
6771	13743	strict
6771	13745	strict
6771	13788	strict
6771	14359	strict
6771	14361	strict
6771	15914	strict
6772	13738	equal
6772	13746	strict
6772	13892	strict
6772	14363	strict
6772	14365	strict
6772	16264	strict
6773	13739	equal
6774	13740	equal
6775	13743	equal
6775	13745	strict
6776	13745	equal
6777	13753	equal
6777	13755	strict
6777	13766	strict
6777	13785	strict
6777	13787	strict
6777	15787	strict
6778	13761	equal
6778	13762	strict
6778	13763	strict
6778	13764	strict
6778	13766	strict
6778	13793	strict
6778	13804	strict
6778	13807	strict
6778	13821	strict
6778	13827	strict
6778	13857	strict
6778	13858	strict
6778	13883	strict
6778	13885	strict
6778	13886	strict
6779	13762	equal
6779	13763	strict
6779	13766	strict
6779	13827	strict
6779	13886	strict
6780	13766	equal
6781	13773	equal
6781	13774	strict
6781	13775	strict
6781	13777	strict
6781	13778	strict
6781	14709	strict
6781	14717	strict
6781	15980	strict
6781	15982	strict
6781	16133	strict
6781	16555	strict
6781	16557	strict
6781	16560	strict
6781	16561	strict
6781	16562	strict
6782	13774	equal
6782	13775	strict
6782	13778	strict
6782	14717	strict
6782	16562	strict
6783	13778	equal
6784	13779	equal
6784	15599	strict
6785	13780	equal
6785	15565	strict
6786	13781	equal
6786	13782	strict
6786	13783	strict
6786	13784	strict
6786	13786	strict
6786	13788	strict
6786	13802	strict
6786	13811	strict
6786	14452	strict
6786	14692	strict
6786	15520	strict
6786	15521	strict
6786	15525	strict
6786	15559	strict
6786	15562	strict
6786	15564	strict
6786	15565	strict
6787	13782	equal
6788	13783	equal
6788	13802	strict
6788	15525	strict
6788	15562	strict
6788	15564	strict
6788	15565	strict
6789	13784	equal
6789	15565	strict
6790	13785	equal
6790	15787	strict
6791	13786	equal
6791	13811	strict
6792	13787	equal
6793	13788	equal
6794	13789	equal
6794	13790	strict
6794	13798	strict
6794	13800	strict
6794	13808	strict
6794	13809	strict
6794	13810	strict
6794	13813	strict
6794	14456	strict
6794	14693	strict
6794	15528	strict
6794	15529	strict
6794	15570	strict
6794	15593	strict
6794	15596	strict
6794	15598	strict
6794	15599	strict
6795	13790	equal
6796	13791	equal
6796	13792	strict
6796	13816	strict
6796	13820	strict
6796	13924	strict
6796	14458	strict
6796	14694	strict
6796	15532	strict
6796	15535	strict
6796	15647	strict
6796	15651	strict
6796	15652	strict
6796	15655	strict
6796	15656	strict
6796	15657	strict
6796	15790	strict
6797	13792	equal
6797	14694	strict
6797	15657	strict
6798	13793	equal
6799	13794	equal
6800	13798	equal
6800	13800	strict
6801	13800	equal
6802	13803	equal
6803	13804	equal
6803	13807	strict
6803	13857	strict
6803	13883	strict
6803	13885	strict
6803	13886	strict
6804	13805	equal
6804	13886	strict
6805	13808	equal
6805	13813	strict
6805	15570	strict
6805	15596	strict
6805	15598	strict
6805	15599	strict
6806	13809	equal
6806	15599	strict
6807	13810	equal
6808	13811	equal
6809	13814	equal
6810	13818	equal
6810	13874	strict
6811	13819	equal
6812	13820	equal
6812	13924	strict
6813	13821	equal
6814	13822	equal
6815	13825	equal
6815	13827	strict
6816	13827	equal
6817	13828	equal
6817	13830	strict
6818	13830	equal
6819	13831	equal
6820	13832	equal
6821	13839	equal
6821	13840	strict
6821	13843	strict
6821	13850	strict
6821	13918	strict
6821	13919	strict
6821	13921	strict
6821	13925	strict
6821	14723	strict
6821	14727	strict
6821	16188	strict
6821	16189	strict
6821	16191	strict
6821	16566	strict
6821	16569	strict
6821	16570	strict
6821	16571	strict
6822	13840	equal
6822	13843	strict
6823	13843	equal
6824	13844	equal
6825	13845	equal
6825	16589	strict
6826	13846	equal
6826	13849	strict
6826	13851	strict
6826	13916	strict
6826	13920	strict
6826	16223	strict
6827	13847	equal
6827	13923	strict
6828	13850	equal
6829	13851	equal
6829	16223	strict
6830	13852	equal
6830	13854	strict
6831	13854	equal
6832	13855	equal
6833	13856	equal
6833	13882	strict
6833	13884	strict
6833	13886	strict
6834	13857	equal
6834	13883	strict
6834	13885	strict
6834	13886	strict
6835	13858	equal
6835	13886	strict
6836	13859	equal
6836	13886	strict
6837	13860	equal
6837	13879	strict
6838	13866	equal
6838	13867	strict
6838	13869	strict
6838	13877	strict
6838	13894	strict
6838	14732	strict
6838	14736	strict
6838	16367	strict
6838	16368	strict
6838	16369	strict
6838	16405	strict
6838	16574	strict
6838	16575	strict
6838	16578	strict
6838	16579	strict
6838	16580	strict
6839	13867	equal
6839	14736	strict
6839	16580	strict
6840	13869	equal
6840	13894	strict
6841	13870	equal
6841	13872	strict
6842	13872	equal
6843	13873	equal
6844	13874	equal
6845	13879	equal
6846	13887	equal
6846	13888	strict
6846	13889	strict
6846	13890	strict
6846	13892	strict
6846	14466	strict
6846	14728	strict
6846	16224	strict
6846	16227	strict
6846	16270	strict
6846	16276	strict
6846	16278	strict
6846	16281	strict
6846	16282	strict
6846	16283	strict
6847	13888	equal
6847	13889	strict
6847	13892	strict
6847	14728	strict
6847	16283	strict
6848	13892	equal
6849	13893	equal
6850	13894	equal
6851	13900	equal
6851	13901	strict
6851	13903	strict
6851	13912	strict
6851	13945	strict
6851	13946	strict
6851	13947	strict
6851	13948	strict
6851	14742	strict
6851	14746	strict
6851	16448	strict
6851	16449	strict
6851	16451	strict
6851	16584	strict
6851	16587	strict
6851	16588	strict
6851	16589	strict
6852	13901	equal
6852	13903	strict
6853	13903	equal
6854	13904	equal
6855	13906	equal
6855	16571	strict
6856	13907	equal
6856	13908	strict
6856	13910	strict
6856	13911	strict
6856	13915	strict
6856	13916	strict
6856	13923	strict
6856	13927	strict
6856	13929	strict
6856	13931	strict
6856	13935	strict
6856	13937	strict
6856	13942	strict
6856	13943	strict
6856	13944	strict
6857	13908	equal
6857	13911	strict
6857	13916	strict
6857	13923	strict
6857	13944	strict
6858	13909	equal
6859	13910	equal
6860	13912	equal
6861	13913	equal
6862	13916	equal
6863	13918	equal
6863	13925	strict
6863	16566	strict
6863	16569	strict
6863	16570	strict
6863	16571	strict
6864	13919	equal
6864	16571	strict
6865	13920	equal
6866	13921	equal
6867	13923	equal
6868	13924	equal
6869	13926	equal
6869	13944	strict
6870	13927	equal
6870	13931	strict
6870	13937	strict
6870	13942	strict
6870	13943	strict
6870	13944	strict
6871	13928	equal
6872	13929	equal
6873	13933	equal
6874	13934	equal
6874	13940	strict
6874	13941	strict
6874	13944	strict
6875	13935	equal
6875	13944	strict
6876	13936	equal
6876	13944	strict
6877	13937	equal
6877	13942	strict
6877	13943	strict
6877	13944	strict
6878	13945	equal
6878	13948	strict
6878	16584	strict
6878	16587	strict
6878	16588	strict
6878	16589	strict
6879	13946	equal
6879	16589	strict
6880	13947	equal
6881	13961	equal
6881	13963	strict
6881	13966	strict
6881	13974	strict
6881	13986	strict
6881	14559	strict
6882	13966	equal
6883	13972	equal
6883	13985	strict
6883	13987	strict
6883	14008	strict
6883	14479	strict
6883	14499	strict
6883	15405	strict
6884	13974	equal
6884	14559	strict
6885	13975	equal
6885	13976	strict
6885	13977	strict
6885	13982	strict
6885	13983	strict
6885	13987	strict
6885	13997	strict
6885	14003	strict
6885	14047	strict
6885	14054	strict
6885	14077	strict
6885	14078	strict
6885	14080	strict
6885	14095	strict
6885	14096	strict
6885	14098	strict
6885	14099	strict
6886	13976	equal
6887	13977	equal
6887	13997	strict
6888	13978	equal
6888	13979	strict
6888	13980	strict
6888	13982	strict
6888	13984	strict
6888	13986	strict
6888	13999	strict
6888	14003	strict
6888	14049	strict
6888	14052	strict
6888	14080	strict
6888	14081	strict
6888	14096	strict
6888	14098	strict
6888	14099	strict
6888	14564	strict
6889	13979	equal
6889	14052	strict
6889	14099	strict
6890	13980	equal
6891	13981	equal
6892	13982	equal
6892	14003	strict
6892	14080	strict
6892	14096	strict
6892	14098	strict
6892	14099	strict
6893	13983	equal
6893	14099	strict
6894	13984	equal
6894	14564	strict
6895	13985	equal
6895	14008	strict
6896	13986	equal
6897	13987	equal
6898	13994	equal
6899	13997	equal
6900	14005	equal
6901	14008	equal
6902	14014	equal
6902	14016	strict
6902	14022	strict
6902	14498	strict
6902	14500	strict
6902	14563	strict
6903	14018	equal
6903	14019	strict
6903	14020	strict
6903	14021	strict
6903	14022	strict
6903	14655	strict
6903	14660	strict
6903	15756	strict
6903	15759	strict
6903	15869	strict
6903	16500	strict
6903	16503	strict
6903	16504	strict
6903	16506	strict
6903	16508	strict
6904	14019	equal
6904	14020	strict
6904	14022	strict
6904	14660	strict
6904	16508	strict
6905	14022	equal
6906	14023	equal
6906	14024	strict
6906	14027	strict
6906	14055	strict
6906	14058	strict
6906	14145	strict
6906	14147	strict
6906	14149	strict
6906	14150	strict
6906	14175	strict
6906	14191	strict
6906	14193	strict
6906	14194	strict
6906	14472	strict
6906	14474	strict
6906	14561	strict
6907	14024	equal
6907	14058	strict
6907	14194	strict
6908	14029	equal
6909	14030	equal
6910	14031	equal
6911	14032	equal
6912	14033	equal
6913	14034	equal
6914	14037	equal
6915	14039	equal
6916	14041	equal
6917	14042	equal
6918	14043	equal
6919	14044	equal
6920	14047	equal
6921	14048	equal
6922	14049	equal
6923	14050	equal
6924	14051	equal
6925	14052	equal
6926	14054	equal
6927	14055	equal
6928	14056	equal
6929	14058	equal
6930	14060	equal
6931	14061	equal
6932	14067	equal
6932	14069	strict
6932	14072	strict
6932	14506	strict
6932	14508	strict
6932	14530	strict
6933	14072	equal
6934	14073	equal
6934	14074	strict
6934	14075	strict
6934	14077	strict
6934	14079	strict
6934	14080	strict
6934	14082	strict
6934	14090	strict
6934	14095	strict
6934	14096	strict
6934	14098	strict
6934	14099	strict
6934	14100	strict
6934	14517	strict
6934	14518	strict
6934	14558	strict
6935	14074	equal
6935	14099	strict
6935	14100	strict
6936	14075	equal
6937	14076	equal
6938	14077	equal
6938	14080	strict
6938	14095	strict
6938	14096	strict
6938	14098	strict
6938	14099	strict
6939	14078	equal
6939	14099	strict
6940	14079	equal
6941	14080	equal
6941	14096	strict
6941	14098	strict
6941	14099	strict
6942	14081	equal
6942	14099	strict
6943	14082	equal
6943	14099	strict
6944	14085	equal
6944	14100	strict
6945	14087	equal
6945	14088	strict
6945	14091	strict
6945	14092	strict
6945	14104	strict
6945	14686	strict
6945	14690	strict
6945	16293	strict
6945	16300	strict
6945	16302	strict
6945	16318	strict
6945	16518	strict
6945	16521	strict
6945	16522	strict
6945	16524	strict
6945	16526	strict
6946	14088	equal
6946	14690	strict
6946	16526	strict
6947	14092	equal
6947	14104	strict
6948	14093	equal
6948	14101	strict
6949	14100	equal
6950	14101	equal
6951	14102	equal
6952	14103	equal
6953	14104	equal
6954	14105	equal
6955	14112	equal
6955	14128	strict
6955	14143	strict
6955	14169	strict
6955	14529	strict
6955	14531	strict
6955	15672	strict
6956	14119	equal
6956	14121	strict
6956	14127	strict
6956	14142	strict
6956	14144	strict
6956	14565	strict
6957	14123	equal
6957	14124	strict
6957	14125	strict
6957	14126	strict
6957	14127	strict
6957	14160	strict
6957	14216	strict
6957	14219	strict
6957	14716	strict
6957	14753	strict
6957	16545	strict
6957	16548	strict
6957	16549	strict
6957	16551	strict
6957	16553	strict
6958	14124	equal
6958	14125	strict
6958	14127	strict
6958	14716	strict
6958	16553	strict
6959	14127	equal
6960	14128	equal
6960	14169	strict
6961	14129	equal
6962	14130	equal
6962	14131	strict
6962	14132	strict
6962	14133	strict
6962	14138	strict
6962	14140	strict
6962	14144	strict
6962	14149	strict
6962	14151	strict
6962	14186	strict
6962	14188	strict
6962	14191	strict
6962	14193	strict
6962	14194	strict
6962	14195	strict
6962	14560	strict
6963	14131	equal
6963	14194	strict
6963	14195	strict
6964	14132	equal
6965	14133	equal
6965	14560	strict
6966	14134	equal
6966	14135	strict
6966	14136	strict
6966	14138	strict
6966	14139	strict
6966	14141	strict
6966	14143	strict
6966	14145	strict
6966	14146	strict
6966	14149	strict
6966	14175	strict
6966	14179	strict
6966	14188	strict
6966	14191	strict
6966	14193	strict
6966	14194	strict
6966	14208	strict
6967	14135	equal
6968	14136	equal
6969	14137	equal
6970	14138	equal
6970	14149	strict
6970	14188	strict
6970	14191	strict
6970	14193	strict
6970	14194	strict
6971	14139	equal
6971	14194	strict
6972	14140	equal
6973	14141	equal
6973	14208	strict
6974	14142	equal
6974	14565	strict
6975	14143	equal
6976	14144	equal
6977	14145	equal
6977	14149	strict
6977	14175	strict
6977	14191	strict
6977	14193	strict
6977	14194	strict
6978	14146	equal
6978	14194	strict
6979	14147	equal
6980	14148	equal
6981	14149	equal
6981	14191	strict
6981	14193	strict
6981	14194	strict
6982	14150	equal
6982	14194	strict
6983	14151	equal
6983	14194	strict
6984	14154	equal
6984	14156	strict
6985	14156	equal
6986	14160	equal
6987	14161	equal
6988	14163	equal
6988	16544	strict
6989	14165	equal
6989	14166	strict
6989	14168	strict
6989	14173	strict
6989	14216	strict
6989	14217	strict
6989	14218	strict
6989	14219	strict
6989	14724	strict
6989	14726	strict
6989	16207	strict
6989	16208	strict
6989	16210	strict
6989	16545	strict
6989	16549	strict
6989	16551	strict
6989	16553	strict
6990	14166	equal
6990	14168	strict
6991	14168	equal
6992	14169	equal
6993	14170	equal
6993	14172	strict
6994	14172	equal
6995	14173	equal
6996	14176	equal
6997	14179	equal
6998	14180	equal
6998	14195	strict
6999	14182	equal
6999	14183	strict
6999	14184	strict
6999	14187	strict
6999	14199	strict
6999	14210	strict
6999	14212	strict
6999	14215	strict
6999	14735	strict
6999	14750	strict
6999	16289	strict
6999	16536	strict
6999	16539	strict
6999	16540	strict
6999	16542	strict
6999	16544	strict
7000	14183	equal
7000	14735	strict
7000	16544	strict
7001	14184	equal
7001	16289	strict
7002	14189	equal
7002	14196	strict
7003	14195	equal
7004	14196	equal
7005	14197	equal
7006	14198	equal
7007	14199	equal
7008	14200	equal
7009	14202	equal
7009	16553	strict
7010	14204	equal
7010	14205	strict
7010	14207	strict
7010	14209	strict
7010	14212	strict
7010	14213	strict
7010	14214	strict
7010	14215	strict
7010	14743	strict
7010	14745	strict
7010	16467	strict
7010	16468	strict
7010	16470	strict
7010	16536	strict
7010	16540	strict
7010	16542	strict
7010	16544	strict
7011	14205	equal
7011	14207	strict
7012	14207	equal
7013	14208	equal
7014	14209	equal
7015	14210	equal
7016	14211	equal
7017	14212	equal
7017	14215	strict
7017	16536	strict
7017	16540	strict
7017	16542	strict
7017	16544	strict
7018	14213	equal
7018	16544	strict
7019	14214	equal
7020	14216	equal
7020	14219	strict
7020	16545	strict
7020	16549	strict
7020	16551	strict
7020	16553	strict
7021	14217	equal
7021	16553	strict
7022	14218	equal
7023	14220	equal
7023	14221	strict
7023	14254	strict
7023	14589	strict
7023	14599	strict
7023	14759	strict
7023	15760	strict
7023	15766	strict
7023	15780	strict
7023	15873	strict
7023	15917	strict
7023	15919	strict
7023	15941	strict
7023	15949	strict
7023	15951	strict
7023	15953	strict
7024	14221	equal
7024	15941	strict
7024	15953	strict
7025	14222	equal
7025	14223	strict
7025	14256	strict
7025	14590	strict
7025	14591	strict
7025	14760	strict
7025	15762	strict
7025	15768	strict
7025	15770	strict
7025	15774	strict
7025	15781	strict
7025	15874	strict
7025	15889	strict
7025	15897	strict
7025	15899	strict
7025	15901	strict
7026	14223	equal
7026	15889	strict
7026	15901	strict
7027	14224	equal
7027	14225	strict
7027	14232	strict
7027	14236	strict
7027	14240	strict
7027	14244	strict
7027	14264	strict
7027	14761	strict
7027	14766	strict
7027	15282	strict
7027	15284	strict
7027	15312	strict
7027	15320	strict
7027	15322	strict
7027	15324	strict
7027	15783	strict
7028	14225	equal
7028	15312	strict
7028	15324	strict
7029	14226	equal
7029	14227	strict
7029	14250	strict
7029	14276	strict
7029	14302	strict
7029	14332	strict
7029	14336	strict
7029	14762	strict
7029	14779	strict
7029	14860	strict
7029	14862	strict
7029	14889	strict
7029	14892	strict
7029	14894	strict
7029	14896	strict
7029	15825	strict
7030	14227	equal
7030	14889	strict
7030	14896	strict
7031	14228	equal
7031	14229	strict
7031	14252	strict
7031	14278	strict
7031	14280	strict
7031	14296	strict
7031	14303	strict
7031	14334	strict
7031	14337	strict
7031	14358	strict
7031	14763	strict
7031	14780	strict
7031	14832	strict
7031	14833	strict
7031	14835	strict
7031	14837	strict
7032	14229	equal
7032	14832	strict
7032	14837	strict
7033	14230	equal
7033	14231	strict
7033	14234	strict
7033	14237	strict
7033	14242	strict
7033	14245	strict
7033	14270	strict
7033	14272	strict
7033	14307	strict
7033	14348	strict
7033	14764	strict
7033	14767	strict
7033	14805	strict
7033	14806	strict
7033	14808	strict
7033	14810	strict
7034	14231	equal
7034	14805	strict
7034	14810	strict
7035	14232	equal
7035	14766	strict
7035	15282	strict
7035	15320	strict
7035	15322	strict
7035	15324	strict
7036	14233	equal
7036	15324	strict
7037	14234	equal
7037	14270	strict
7037	14767	strict
7037	14806	strict
7037	14808	strict
7037	14810	strict
7038	14235	equal
7038	14810	strict
7039	14236	equal
7040	14237	equal
7041	14238	equal
7041	15449	strict
7042	14239	equal
7042	14306	strict
7043	14240	equal
7044	14241	equal
7045	14242	equal
7046	14243	equal
7047	14244	equal
7047	15783	strict
7048	14245	equal
7048	14307	strict
7049	14246	equal
7049	15997	strict
7050	14247	equal
7051	14248	equal
7051	14940	strict
7052	14249	equal
7053	14250	equal
7053	14779	strict
7053	14860	strict
7053	14892	strict
7053	14894	strict
7053	14896	strict
7054	14251	equal
7054	14896	strict
7055	14252	equal
7055	14278	strict
7055	14780	strict
7055	14833	strict
7055	14835	strict
7055	14837	strict
7056	14253	equal
7056	14837	strict
7057	14254	equal
7058	14255	equal
7059	14256	equal
7060	14257	equal
7061	14258	equal
7061	14259	strict
7061	14261	strict
7061	14262	strict
7061	14265	strict
7061	14271	strict
7061	14273	strict
7061	14283	strict
7061	14285	strict
7061	14319	strict
7061	14797	strict
7061	14800	strict
7061	14801	strict
7061	14807	strict
7061	14809	strict
7061	14810	strict
7062	14259	equal
7062	14801	strict
7062	14810	strict
7063	14260	equal
7064	14261	equal
7065	14262	equal
7065	14271	strict
7065	14800	strict
7065	14807	strict
7065	14809	strict
7065	14810	strict
7066	14263	equal
7066	14810	strict
7067	14264	equal
7068	14265	equal
7069	14266	equal
7069	14267	strict
7069	14269	strict
7069	14274	strict
7069	14277	strict
7069	14279	strict
7069	14281	strict
7069	14308	strict
7069	14309	strict
7069	14315	strict
7069	14824	strict
7069	14827	strict
7069	14828	strict
7069	14834	strict
7069	14836	strict
7069	14837	strict
7070	14267	equal
7070	14827	strict
7070	14837	strict
7071	14268	equal
7072	14269	equal
7073	14270	equal
7073	14806	strict
7073	14808	strict
7073	14810	strict
7074	14271	equal
7074	14807	strict
7074	14809	strict
7074	14810	strict
7075	14272	equal
7075	14810	strict
7076	14273	equal
7076	14810	strict
7077	14274	equal
7077	14279	strict
7077	14828	strict
7077	14834	strict
7077	14836	strict
7077	14837	strict
7078	14275	equal
7078	14837	strict
7079	14276	equal
7080	14277	equal
7081	14278	equal
7081	14833	strict
7081	14835	strict
7081	14837	strict
7082	14279	equal
7082	14834	strict
7082	14836	strict
7082	14837	strict
7083	14280	equal
7083	14837	strict
7084	14281	equal
7084	14837	strict
7085	14282	equal
7085	14857	strict
7086	14283	equal
7086	14319	strict
7087	14284	equal
7088	14285	equal
7089	14286	equal
7089	14287	strict
7089	14289	strict
7089	14294	strict
7089	14297	strict
7089	14323	strict
7089	14324	strict
7089	14861	strict
7089	14863	strict
7089	14884	strict
7089	14887	strict
7089	14890	strict
7089	14893	strict
7089	14895	strict
7089	14896	strict
7089	15845	strict
7090	14287	equal
7090	14887	strict
7090	14896	strict
7091	14288	equal
7092	14289	equal
7093	14290	equal
7093	14291	strict
7093	14292	strict
7093	14298	strict
7093	14299	strict
7093	14581	strict
7093	14583	strict
7093	14918	strict
7093	14919	strict
7093	14920	strict
7093	14923	strict
7093	14925	strict
7093	14930	strict
7093	14935	strict
7093	14938	strict
7093	14939	strict
7093	14940	strict
7094	14291	equal
7095	14292	equal
7096	14293	equal
7097	14294	equal
7097	14861	strict
7097	14890	strict
7097	14893	strict
7097	14895	strict
7097	14896	strict
7098	14295	equal
7098	14896	strict
7099	14296	equal
7100	14297	equal
7101	14298	equal
7101	14930	strict
7101	14935	strict
7101	14938	strict
7101	14939	strict
7101	14940	strict
7102	14299	equal
7102	14940	strict
7103	14300	equal
7104	14301	equal
7105	14302	equal
7106	14303	equal
7107	14304	equal
7108	14305	equal
7109	14306	equal
7110	14307	equal
7111	14308	equal
7111	14315	strict
7112	14309	equal
7113	14310	equal
7113	15553	strict
7114	14311	equal
7114	15587	strict
7115	14312	equal
7116	14313	equal
7116	15842	strict
7117	14314	equal
7117	15851	strict
7118	14315	equal
7119	14316	equal
7120	14317	equal
7121	14318	equal
7122	14319	equal
7123	14320	equal
7124	14321	equal
7125	14322	equal
7125	15637	strict
7126	14323	equal
7126	15845	strict
7127	14324	equal
7128	14325	equal
7129	14326	equal
7129	15173	strict
7130	14327	equal
7130	14328	strict
7131	14328	equal
7132	14329	equal
7132	15142	strict
7133	14330	equal
7133	15158	strict
7134	14331	equal
7134	15176	strict
7135	14332	equal
7136	14333	equal
7137	14334	equal
7138	14335	equal
7139	14336	equal
7139	15825	strict
7140	14337	equal
7140	14358	strict
7141	14338	equal
7141	16381	strict
7142	14339	equal
7143	14340	equal
7143	15396	strict
7144	14341	equal
7145	14342	equal
7145	14343	strict
7145	14345	strict
7145	14346	strict
7145	14349	strict
7145	14360	strict
7145	14362	strict
7145	15283	strict
7145	15285	strict
7145	15314	strict
7145	15317	strict
7145	15318	strict
7145	15321	strict
7145	15323	strict
7145	15324	strict
7145	15786	strict
7146	14343	equal
7146	15317	strict
7146	15324	strict
7147	14344	equal
7148	14345	equal
7149	14346	equal
7149	15283	strict
7149	15318	strict
7149	15321	strict
7149	15323	strict
7149	15324	strict
7150	14347	equal
7150	15324	strict
7151	14348	equal
7152	14349	equal
7153	14350	equal
7153	14351	strict
7153	14352	strict
7153	14354	strict
7153	14355	strict
7153	14364	strict
7153	14366	strict
7153	15374	strict
7153	15375	strict
7153	15376	strict
7153	15381	strict
7153	15385	strict
7153	15391	strict
7153	15394	strict
7153	15395	strict
7153	15396	strict
7153	16317	strict
7154	14351	equal
7155	14352	equal
7156	14353	equal
7157	14354	equal
7157	15385	strict
7157	15391	strict
7157	15394	strict
7157	15395	strict
7157	15396	strict
7158	14355	equal
7158	15396	strict
7159	14356	equal
7160	14357	equal
7161	14358	equal
7162	14359	equal
7162	15914	strict
7163	14360	equal
7163	15786	strict
7164	14361	equal
7165	14362	equal
7166	14363	equal
7166	16264	strict
7167	14364	equal
7167	16317	strict
7168	14365	equal
7169	14366	equal
7170	14367	equal
7170	15453	strict
7171	14368	equal
7171	14369	strict
7171	14371	strict
7171	14699	strict
7171	14701	strict
7171	15764	strict
7171	15767	strict
7171	15769	strict
7171	15771	strict
7171	15784	strict
7171	15891	strict
7171	15894	strict
7171	15895	strict
7171	15898	strict
7171	15900	strict
7171	15901	strict
7172	14369	equal
7172	15894	strict
7172	15901	strict
7173	14370	equal
7174	14371	equal
7175	14372	equal
7175	14373	strict
7175	14375	strict
7175	14702	strict
7175	14729	strict
7175	15772	strict
7175	15775	strict
7175	15789	strict
7175	15918	strict
7175	15920	strict
7175	15943	strict
7175	15946	strict
7175	15947	strict
7175	15950	strict
7175	15952	strict
7175	15953	strict
7176	14373	equal
7176	15946	strict
7176	15953	strict
7177	14374	equal
7178	14375	equal
7179	14376	equal
7179	14377	strict
7179	14378	strict
7179	14705	strict
7179	14707	strict
7179	15776	strict
7179	15777	strict
7179	15976	strict
7179	15977	strict
7179	15978	strict
7179	15981	strict
7179	15983	strict
7179	15987	strict
7179	15992	strict
7179	15995	strict
7179	15996	strict
7179	15997	strict
7180	14377	equal
7181	14378	equal
7182	14379	equal
7183	14380	equal
7183	15826	strict
7184	14381	equal
7184	15830	strict
7185	14382	equal
7185	14383	strict
7185	14385	strict
7185	14718	strict
7185	14747	strict
7185	16169	strict
7185	16183	strict
7185	16186	strict
7185	16187	strict
7185	16190	strict
7185	16193	strict
7185	16197	strict
7185	16198	strict
7185	16201	strict
7185	16202	strict
7185	16203	strict
7186	14383	equal
7186	16183	strict
7186	16203	strict
7187	14384	equal
7188	14385	equal
7189	14386	equal
7189	14387	strict
7189	14388	strict
7189	14730	strict
7189	14749	strict
7189	16303	strict
7189	16304	strict
7189	16307	strict
7189	16359	strict
7189	16361	strict
7189	16363	strict
7189	16364	strict
7189	16365	strict
7189	16376	strict
7189	16379	strict
7189	16380	strict
7189	16381	strict
7190	14387	equal
7191	14388	equal
7192	14389	equal
7193	14390	equal
7193	14391	strict
7193	14393	strict
7193	14737	strict
7193	14748	strict
7193	16429	strict
7193	16443	strict
7193	16446	strict
7193	16447	strict
7193	16450	strict
7193	16453	strict
7193	16457	strict
7193	16458	strict
7193	16461	strict
7193	16462	strict
7193	16463	strict
7194	14391	equal
7194	16443	strict
7194	16463	strict
7195	14392	equal
7196	14393	equal
7197	14402	equal
7197	14405	strict
7197	14987	strict
7197	14989	strict
7197	14993	strict
7197	15008	strict
7198	14403	equal
7198	14407	strict
7198	14445	strict
7198	14447	strict
7198	15457	strict
7198	15472	strict
7199	14404	equal
7199	15008	strict
7200	14406	equal
7200	15472	strict
7201	14414	equal
7202	14415	equal
7203	14418	equal
7203	14421	strict
7203	15091	strict
7203	15094	strict
7203	15101	strict
7203	15111	strict
7204	14419	equal
7204	14423	strict
7204	14439	strict
7204	14441	strict
7204	15165	strict
7204	15186	strict
7205	14420	equal
7205	15111	strict
7206	14422	equal
7206	15186	strict
7207	14424	equal
7208	14425	equal
7209	14427	equal
7209	14431	strict
7209	14434	strict
7209	15119	strict
7209	15134	strict
7209	15144	strict
7210	14428	equal
7210	14430	strict
7210	14438	strict
7210	15120	strict
7210	15124	strict
7210	15159	strict
7211	14429	equal
7212	14430	equal
7212	14438	strict
7212	15124	strict
7212	15159	strict
7213	14431	equal
7213	14434	strict
7213	15134	strict
7213	15144	strict
7214	14432	equal
7214	15144	strict
7215	14433	equal
7215	15144	strict
7216	14435	equal
7217	14436	equal
7217	15159	strict
7218	14437	equal
7218	15159	strict
7219	14439	equal
7219	14441	strict
7219	15165	strict
7219	15186	strict
7220	14440	equal
7220	15186	strict
7221	14445	equal
7221	14447	strict
7221	15457	strict
7221	15472	strict
7222	14446	equal
7222	15472	strict
7223	14450	equal
7224	14451	equal
7225	14452	equal
7226	14453	equal
7227	14454	equal
7228	14455	equal
7229	14456	equal
7230	14457	equal
7231	14458	equal
7232	14459	equal
7233	14461	equal
7234	14462	equal
7235	14466	equal
7236	14467	equal
7237	14470	equal
7237	14964	strict
7238	14471	equal
7238	14984	strict
7239	14472	equal
7239	14474	strict
7240	14473	equal
7240	15043	strict
7241	14474	equal
7242	14475	equal
7243	14476	equal
7244	14477	equal
7245	14478	equal
7246	14479	equal
7246	15405	strict
7247	14480	equal
7248	14481	equal
7249	14482	equal
7250	14483	equal
7250	14484	strict
7250	14485	strict
7250	14501	strict
7250	14505	strict
7250	14514	strict
7250	14516	strict
7250	14518	strict
7250	14542	strict
7250	14544	strict
7250	15701	strict
7250	15703	strict
7250	15704	strict
7250	15708	strict
7250	15709	strict
7250	15710	strict
7251	14484	equal
7251	15709	strict
7251	15710	strict
7252	14485	equal
7253	14486	equal
7253	14487	strict
7253	14488	strict
7253	14489	strict
7253	14494	strict
7253	14496	strict
7253	14500	strict
7253	14521	strict
7253	14549	strict
7253	14551	strict
7253	15728	strict
7253	15730	strict
7253	15731	strict
7253	15735	strict
7253	15736	strict
7253	15737	strict
7254	14487	equal
7254	15736	strict
7254	15737	strict
7255	14488	equal
7256	14489	equal
7256	14521	strict
7257	14490	equal
7257	14491	strict
7257	14492	strict
7257	14494	strict
7257	14495	strict
7257	14497	strict
7257	14499	strict
7257	14545	strict
7257	14546	strict
7257	14549	strict
7257	15715	strict
7257	15719	strict
7257	15730	strict
7257	15731	strict
7257	15735	strict
7257	15736	strict
7257	15748	strict
7258	14491	equal
7259	14492	equal
7260	14493	equal
7261	14494	equal
7261	14549	strict
7261	15730	strict
7261	15731	strict
7261	15735	strict
7261	15736	strict
7262	14495	equal
7262	15736	strict
7263	14496	equal
7264	14497	equal
7264	15748	strict
7265	14498	equal
7265	14563	strict
7266	14499	equal
7267	14500	equal
7268	14501	equal
7268	14505	strict
7269	14502	equal
7269	15213	strict
7270	14503	equal
7270	15222	strict
7271	14504	equal
7271	15240	strict
7272	14505	equal
7273	14506	equal
7273	14508	strict
7274	14507	equal
7274	15430	strict
7275	14508	equal
7276	14509	equal
7277	14510	equal
7277	14511	strict
7277	14512	strict
7277	14514	strict
7277	14515	strict
7277	14519	strict
7277	14526	strict
7277	14527	strict
7277	14531	strict
7277	14542	strict
7277	15489	strict
7277	15667	strict
7277	15689	strict
7277	15703	strict
7277	15704	strict
7277	15708	strict
7277	15709	strict
7278	14511	equal
7279	14512	equal
7280	14513	equal
7281	14514	equal
7281	14542	strict
7281	15703	strict
7281	15704	strict
7281	15708	strict
7281	15709	strict
7282	14515	equal
7282	15709	strict
7283	14516	equal
7284	14517	equal
7284	14558	strict
7285	14518	equal
7286	14519	equal
7286	15489	strict
7287	14520	equal
7287	15504	strict
7288	14521	equal
7289	14522	equal
7289	14523	strict
7289	14524	strict
7289	14526	strict
7289	14528	strict
7289	14530	strict
7289	14538	strict
7289	14542	strict
7289	14543	strict
7289	14562	strict
7289	15663	strict
7289	15667	strict
7289	15687	strict
7289	15704	strict
7289	15708	strict
7289	15709	strict
7290	14523	equal
7290	15687	strict
7290	15709	strict
7291	14524	equal
7292	14525	equal
7293	14526	equal
7293	14542	strict
7293	15667	strict
7293	15704	strict
7293	15708	strict
7293	15709	strict
7294	14527	equal
7294	15709	strict
7295	14528	equal
7295	14562	strict
7296	14529	equal
7296	15672	strict
7297	14530	equal
7298	14531	equal
7299	14532	equal
7299	14533	strict
7299	14540	strict
7299	14545	strict
7299	14547	strict
7299	14549	strict
7299	14550	strict
7299	14553	strict
7299	14555	strict
7299	14561	strict
7299	15674	strict
7299	15691	strict
7299	15715	strict
7299	15731	strict
7299	15735	strict
7299	15736	strict
7300	14533	equal
7300	15691	strict
7300	15736	strict
7301	14534	equal
7302	14535	equal
7303	14536	equal
7304	14537	equal
7305	14538	equal
7306	14539	equal
7307	14540	equal
7308	14541	equal
7309	14542	equal
7309	15704	strict
7309	15708	strict
7309	15709	strict
7310	14543	equal
7310	15709	strict
7311	14544	equal
7311	15709	strict
7312	14545	equal
7312	14549	strict
7312	15715	strict
7312	15731	strict
7312	15735	strict
7312	15736	strict
7313	14546	equal
7313	15736	strict
7314	14547	equal
7315	14548	equal
7316	14549	equal
7316	15731	strict
7316	15735	strict
7316	15736	strict
7317	14550	equal
7317	15736	strict
7318	14551	equal
7318	15736	strict
7319	14552	equal
7319	16017	strict
7320	14553	equal
7320	14555	strict
7321	14554	equal
7321	16052	strict
7322	14555	equal
7323	14556	equal
7323	16106	strict
7324	14557	equal
7324	16125	strict
7325	14558	equal
7326	14559	equal
7327	14560	equal
7328	14561	equal
7329	14562	equal
7330	14563	equal
7331	14564	equal
7332	14565	equal
7333	14581	equal
7333	14583	strict
7334	14583	equal
7335	14584	equal
7336	14585	equal
7337	14589	equal
7337	14599	strict
7338	14590	equal
7338	14591	strict
7339	14591	equal
7340	14592	equal
7340	14600	strict
7341	14593	equal
7341	14595	strict
7342	14595	equal
7343	14597	equal
7344	14599	equal
7345	14600	equal
7346	14601	equal
7347	14603	equal
7347	14607	strict
7348	14604	equal
7348	14606	strict
7349	14606	equal
7350	14607	equal
7351	14608	equal
7351	14611	strict
7352	14611	equal
7353	14612	equal
7353	14616	strict
7354	14613	equal
7354	14615	strict
7355	14615	equal
7356	14616	equal
7357	14617	equal
7357	14628	strict
7358	14618	equal
7358	14620	strict
7359	14620	equal
7360	14621	equal
7361	14622	equal
7361	14627	strict
7362	14623	equal
7362	14625	strict
7363	14625	equal
7364	14626	equal
7365	14627	equal
7366	14628	equal
7367	14629	equal
7367	14631	strict
7368	14631	equal
7369	14632	equal
7369	14675	strict
7370	14633	equal
7370	14635	strict
7371	14634	equal
7371	14677	strict
7372	14635	equal
7373	14636	equal
7373	14694	strict
7374	14639	equal
7374	14641	strict
7375	14641	equal
7376	14642	equal
7376	14649	strict
7377	14649	equal
7378	14650	equal
7378	14652	strict
7379	14652	equal
7380	14655	equal
7381	14656	equal
7382	14658	equal
7382	14660	strict
7383	14660	equal
7384	14661	equal
7385	14665	equal
7386	14666	equal
7387	14669	equal
7387	14671	strict
7388	14671	equal
7389	14672	equal
7389	14674	strict
7390	14674	equal
7391	14675	equal
7392	14676	equal
7392	14728	strict
7393	14677	equal
7394	14679	equal
7394	14690	strict
7395	14683	equal
7395	14685	strict
7396	14685	equal
7397	14686	equal
7398	14687	equal
7399	14690	equal
7400	14691	equal
7401	14692	equal
7402	14693	equal
7403	14694	equal
7404	14697	equal
7405	14699	equal
7405	14701	strict
7406	14700	equal
7406	14735	strict
7407	14701	equal
7408	14702	equal
7408	14729	strict
7409	14705	equal
7409	14707	strict
7410	14707	equal
7411	14708	equal
7412	14709	equal
7413	14714	equal
7413	14716	strict
7414	14716	equal
7415	14717	equal
7416	14718	equal
7416	14747	strict
7417	14719	equal
7417	14721	strict
7418	14721	equal
7419	14722	equal
7420	14723	equal
7421	14724	equal
7422	14725	equal
7423	14726	equal
7424	14727	equal
7425	14728	equal
7426	14729	equal
7427	14730	equal
7427	14749	strict
7428	14731	equal
7429	14732	equal
7430	14735	equal
7431	14736	equal
7432	14737	equal
7432	14748	strict
7433	14738	equal
7433	14740	strict
7434	14740	equal
7435	14741	equal
7436	14742	equal
7437	14743	equal
7438	14744	equal
7439	14745	equal
7440	14746	equal
7441	14747	equal
7442	14748	equal
7443	14749	equal
7444	14750	equal
7445	14751	equal
7446	14753	equal
7447	14754	equal
7448	14772	equal
7448	14774	strict
7448	15989	strict
7448	15993	strict
7448	15994	strict
7448	15997	strict
7449	14773	equal
7449	15997	strict
7450	14775	equal
7450	14777	strict
7450	14932	strict
7450	14936	strict
7450	14937	strict
7450	14940	strict
7451	14776	equal
7451	14940	strict
7452	14789	equal
7452	14790	strict
7452	14791	strict
7452	14798	strict
7452	14842	strict
7452	14909	strict
7452	14912	strict
7452	14916	strict
7452	15213	strict
7452	15245	strict
7452	15335	strict
7452	16483	strict
7452	16485	strict
7452	16491	strict
7452	16493	strict
7452	16494	strict
7453	14790	equal
7453	15213	strict
7453	16494	strict
7454	14791	equal
7454	15335	strict
7455	14792	equal
7455	14803	strict
7456	14793	equal
7456	14801	strict
7457	14801	equal
7458	14803	equal
7459	14804	equal
7460	14805	equal
7461	14816	equal
7461	14817	strict
7461	14818	strict
7461	14825	strict
7461	14903	strict
7461	15203	strict
7461	15222	strict
7461	15365	strict
7461	15367	strict
7461	15371	strict
7461	15508	strict
7461	16487	strict
7461	16489	strict
7461	16496	strict
7461	16498	strict
7461	16499	strict
7462	14817	equal
7462	15222	strict
7462	16499	strict
7463	14818	equal
7463	14903	strict
7464	14819	equal
7464	14830	strict
7465	14820	equal
7465	14827	strict
7466	14827	equal
7467	14830	equal
7468	14831	equal
7469	14832	equal
7470	14838	equal
7470	14843	strict
7470	14846	strict
7470	14911	strict
7470	15074	strict
7470	15078	strict
7470	16214	strict
7471	14839	equal
7471	14847	strict
7471	14902	strict
7471	15075	strict
7471	15077	strict
7471	16413	strict
7472	14841	equal
7473	14842	equal
7474	14843	equal
7474	14846	strict
7475	14846	equal
7476	14853	equal
7476	14854	strict
7476	14856	strict
7476	14869	strict
7476	14921	strict
7476	14922	strict
7476	14923	strict
7476	14924	strict
7476	15224	strict
7476	15233	strict
7476	16258	strict
7476	16259	strict
7476	16263	strict
7476	16512	strict
7476	16515	strict
7476	16516	strict
7476	16517	strict
7477	14854	equal
7477	14856	strict
7478	14856	equal
7479	14857	equal
7480	14859	equal
7480	16494	strict
7481	14860	equal
7481	14892	strict
7481	14894	strict
7481	14896	strict
7482	14861	equal
7482	14893	strict
7482	14895	strict
7482	14896	strict
7483	14862	equal
7483	14896	strict
7484	14863	equal
7484	14896	strict
7485	14864	equal
7485	14865	strict
7485	14867	strict
7485	14868	strict
7485	14907	strict
7485	14908	strict
7485	14915	strict
7485	14919	strict
7485	14920	strict
7485	14927	strict
7485	14933	strict
7485	14935	strict
7485	14938	strict
7485	14939	strict
7485	14940	strict
7486	14865	equal
7486	14868	strict
7486	14908	strict
7486	14915	strict
7486	14940	strict
7487	14866	equal
7488	14867	equal
7489	14869	equal
7490	14875	equal
7490	14876	strict
7490	14877	strict
7490	14885	strict
7490	14904	strict
7490	15236	strict
7490	15240	strict
7490	16350	strict
7490	16352	strict
7490	16356	strict
7490	16401	strict
7490	16501	strict
7490	16503	strict
7490	16505	strict
7490	16507	strict
7490	16508	strict
7491	14876	equal
7491	15240	strict
7491	16508	strict
7492	14877	equal
7492	14904	strict
7493	14878	equal
7493	14887	strict
7494	14880	equal
7494	14882	strict
7495	14882	equal
7496	14887	equal
7497	14888	equal
7498	14889	equal
7499	14897	equal
7499	14898	strict
7499	14899	strict
7499	14901	strict
7499	14902	strict
7499	15199	strict
7499	15242	strict
7499	16394	strict
7499	16397	strict
7499	16409	strict
7499	16424	strict
7499	16426	strict
7499	16436	strict
7499	16437	strict
7499	16438	strict
7500	14898	equal
7500	14899	strict
7500	14902	strict
7500	15242	strict
7500	16438	strict
7501	14902	equal
7502	14903	equal
7503	14904	equal
7504	14908	equal
7505	14909	equal
7505	14916	strict
7505	16483	strict
7505	16491	strict
7505	16493	strict
7505	16494	strict
7506	14910	equal
7506	16494	strict
7507	14911	equal
7508	14912	equal
7509	14913	equal
7510	14915	equal
7511	14918	equal
7511	14940	strict
7512	14919	equal
7512	14920	strict
7512	14935	strict
7512	14938	strict
7512	14939	strict
7512	14940	strict
7513	14921	equal
7513	16517	strict
7514	14922	equal
7514	14924	strict
7514	16512	strict
7514	16515	strict
7514	16516	strict
7514	16517	strict
7515	14923	equal
7516	14925	equal
7517	14926	equal
7518	14927	equal
7519	14929	equal
7520	14932	equal
7520	14936	strict
7520	14937	strict
7520	14940	strict
7521	14933	equal
7521	14940	strict
7522	14934	equal
7522	14940	strict
7523	14935	equal
7523	14938	strict
7523	14939	strict
7523	14940	strict
7524	14947	equal
7524	14948	strict
7524	14952	strict
7524	14957	strict
7524	14986	strict
7524	15209	strict
7524	15214	strict
7524	16207	strict
7524	16209	strict
7524	16210	strict
7524	16216	strict
7524	16545	strict
7524	16547	strict
7524	16549	strict
7524	16551	strict
7524	16553	strict
7525	14948	equal
7525	15214	strict
7525	16553	strict
7526	14950	equal
7526	14963	strict
7527	14952	equal
7527	14986	strict
7528	14953	equal
7528	14955	strict
7529	14955	equal
7530	14956	equal
7531	14963	equal
7532	14964	equal
7533	14967	equal
7533	14968	strict
7533	14972	strict
7533	14977	strict
7533	14985	strict
7533	15218	strict
7533	15223	strict
7533	16467	strict
7533	16469	strict
7533	16470	strict
7533	16476	strict
7533	16536	strict
7533	16538	strict
7533	16540	strict
7533	16542	strict
7533	16544	strict
7534	14968	equal
7534	15223	strict
7534	16544	strict
7535	14970	equal
7535	14983	strict
7536	14972	equal
7536	14985	strict
7537	14973	equal
7537	14975	strict
7538	14975	equal
7539	14976	equal
7540	14983	equal
7541	14984	equal
7542	14985	equal
7543	14986	equal
7544	14987	equal
7544	14989	strict
7544	14993	strict
7544	15008	strict
7545	14988	equal
7545	15008	strict
7546	14990	equal
7546	15003	strict
7547	14991	equal
7547	15008	strict
7548	14992	equal
7548	15008	strict
7549	14994	equal
7549	15475	strict
7550	14995	equal
7550	14997	strict
7551	14997	equal
7552	14998	equal
7553	14999	equal
7553	15000	strict
7553	15004	strict
7553	15005	strict
7553	15006	strict
7553	15008	strict
7554	15001	equal
7555	15003	equal
7556	15004	equal
7556	15005	strict
7556	15006	strict
7556	15008	strict
7557	15007	equal
7558	15011	equal
7558	16562	strict
7559	15015	equal
7559	15016	strict
7559	15018	strict
7559	15024	strict
7559	15047	strict
7559	15049	strict
7559	15050	strict
7559	15052	strict
7559	15230	strict
7559	15234	strict
7559	16300	strict
7559	16301	strict
7559	16302	strict
7559	16518	strict
7559	16522	strict
7559	16524	strict
7559	16526	strict
7560	15016	equal
7560	15018	strict
7561	15018	equal
7562	15019	equal
7563	15020	equal
7564	15023	equal
7565	15024	equal
7566	15026	equal
7566	15027	strict
7566	15028	strict
7566	15036	strict
7566	15044	strict
7566	15049	strict
7566	15051	strict
7566	15052	strict
7566	15241	strict
7566	15244	strict
7566	16383	strict
7566	16518	strict
7566	16520	strict
7566	16522	strict
7566	16524	strict
7566	16526	strict
7567	15027	equal
7567	15241	strict
7567	16526	strict
7568	15028	equal
7568	16383	strict
7569	15031	equal
7569	15042	strict
7570	15033	equal
7570	15035	strict
7571	15035	equal
7572	15038	equal
7573	15042	equal
7574	15043	equal
7575	15044	equal
7576	15045	equal
7577	15047	equal
7578	15048	equal
7579	15049	equal
7579	15052	strict
7579	16518	strict
7579	16522	strict
7579	16524	strict
7579	16526	strict
7580	15050	equal
7580	16526	strict
7581	15051	equal
7582	15053	equal
7582	15055	strict
7582	16554	strict
7582	16558	strict
7582	16559	strict
7582	16562	strict
7583	15054	equal
7583	16562	strict
7584	15056	equal
7585	15057	equal
7585	16349	strict
7586	15058	equal
7586	15364	strict
7587	15059	equal
7588	15060	equal
7589	15061	equal
7589	15062	strict
7589	15063	strict
7589	15069	strict
7589	15072	strict
7589	15073	strict
7589	15077	strict
7589	15333	strict
7589	15339	strict
7589	15346	strict
7589	15348	strict
7589	15350	strict
7589	15362	strict
7589	15363	strict
7589	15364	strict
7589	16152	strict
7590	15062	equal
7590	15339	strict
7590	15364	strict
7591	15063	equal
7592	15064	equal
7593	15065	equal
7593	15066	strict
7593	15067	strict
7593	15069	strict
7593	15070	strict
7593	15076	strict
7593	15078	strict
7593	15341	strict
7593	15342	strict
7593	15348	strict
7593	15350	strict
7593	15352	strict
7593	15358	strict
7593	15362	strict
7593	15363	strict
7593	15364	strict
7593	16474	strict
7594	15066	equal
7595	15067	equal
7596	15068	equal
7597	15069	equal
7597	15348	strict
7597	15350	strict
7597	15362	strict
7597	15363	strict
7597	15364	strict
7598	15070	equal
7598	15364	strict
7599	15071	equal
7600	15072	equal
7601	15073	equal
7601	16152	strict
7602	15074	equal
7602	16214	strict
7603	15075	equal
7603	16413	strict
7604	15076	equal
7604	16474	strict
7605	15077	equal
7606	15078	equal
7607	15079	equal
7607	15080	strict
7607	15082	strict
7607	15225	strict
7607	15251	strict
7607	16235	strict
7607	16237	strict
7607	16239	strict
7607	16242	strict
7607	16249	strict
7607	16250	strict
7607	16251	strict
7607	16255	strict
7607	16256	strict
7607	16257	strict
7607	16260	strict
7608	15080	equal
7608	16242	strict
7608	16257	strict
7609	15081	equal
7610	15082	equal
7611	15083	equal
7611	15084	strict
7611	15085	strict
7611	15238	strict
7611	15243	strict
7611	16321	strict
7611	16322	strict
7611	16326	strict
7611	16327	strict
7611	16331	strict
7611	16333	strict
7611	16337	strict
7611	16343	strict
7611	16347	strict
7611	16348	strict
7611	16349	strict
7611	16398	strict
7612	15084	equal
7613	15085	equal
7614	15086	equal
7615	15087	equal
7615	15337	strict
7616	15088	equal
7616	15189	strict
7617	15089	equal
7617	15339	strict
7618	15090	equal
7618	15106	strict
7619	15091	equal
7619	15094	strict
7619	15101	strict
7619	15111	strict
7620	15092	equal
7620	15111	strict
7621	15093	equal
7621	15111	strict
7622	15095	equal
7622	15172	strict
7623	15096	equal
7623	15098	strict
7624	15098	equal
7625	15099	equal
7626	15100	equal
7626	15111	strict
7627	15102	equal
7627	15103	strict
7627	15107	strict
7627	15108	strict
7627	15110	strict
7627	15111	strict
7628	15104	equal
7629	15106	equal
7630	15107	equal
7630	15108	strict
7630	15110	strict
7630	15111	strict
7631	15109	equal
7632	15113	equal
7632	15146	strict
7633	15114	equal
7633	15115	strict
7634	15115	equal
7635	15116	equal
7635	15149	strict
7636	15117	equal
7636	15144	strict
7637	15118	equal
7637	15159	strict
7638	15121	equal
7639	15123	equal
7639	15159	strict
7640	15125	equal
7640	15129	strict
7641	15126	equal
7641	15128	strict
7642	15128	equal
7643	15129	equal
7644	15130	equal
7644	15132	strict
7645	15132	equal
7646	15133	equal
7646	15144	strict
7647	15135	equal
7647	15136	strict
7647	15137	strict
7647	15141	strict
7647	15143	strict
7647	15144	strict
7648	15136	equal
7648	15137	strict
7648	15143	strict
7648	15144	strict
7649	15138	equal
7650	15140	equal
7651	15142	equal
7652	15146	equal
7653	15147	equal
7654	15149	equal
7655	15150	equal
7655	15151	strict
7655	15152	strict
7655	15156	strict
7655	15157	strict
7655	15159	strict
7656	15151	equal
7656	15152	strict
7656	15157	strict
7656	15159	strict
7657	15153	equal
7658	15155	equal
7659	15158	equal
7660	15161	equal
7660	15183	strict
7661	15162	equal
7662	15163	equal
7662	15186	strict
7663	15164	equal
7663	15186	strict
7664	15166	equal
7664	15171	strict
7665	15167	equal
7665	15169	strict
7666	15169	equal
7667	15170	equal
7668	15171	equal
7669	15172	equal
7670	15173	equal
7671	15174	equal
7672	15176	equal
7673	15177	equal
7673	15178	strict
7673	15179	strict
7673	15180	strict
7673	15184	strict
7673	15186	strict
7674	15179	equal
7674	15180	strict
7674	15184	strict
7674	15186	strict
7675	15181	equal
7676	15183	equal
7677	15185	equal
7678	15188	equal
7678	16242	strict
7679	15189	equal
7680	15190	equal
7680	15477	strict
7681	15191	equal
7681	15194	strict
7682	15192	equal
7682	15505	strict
7683	15193	equal
7683	16262	strict
7684	15194	equal
7685	15199	equal
7686	15200	equal
7687	15202	equal
7688	15203	equal
7689	15205	equal
7689	15242	strict
7690	15206	equal
7690	15208	strict
7691	15208	equal
7692	15209	equal
7693	15210	equal
7694	15213	equal
7695	15214	equal
7696	15215	equal
7696	15217	strict
7697	15217	equal
7698	15218	equal
7699	15219	equal
7700	15222	equal
7701	15223	equal
7702	15224	equal
7703	15225	equal
7703	15251	strict
7704	15226	equal
7704	15228	strict
7705	15228	equal
7706	15229	equal
7707	15230	equal
7708	15231	equal
7709	15232	equal
7710	15233	equal
7711	15234	equal
7712	15235	equal
7713	15236	equal
7714	15238	equal
7714	15243	strict
7715	15240	equal
7716	15241	equal
7717	15242	equal
7718	15243	equal
7719	15244	equal
7720	15245	equal
7721	15246	equal
7722	15248	equal
7723	15249	equal
7724	15251	equal
7725	15258	equal
7725	15262	strict
7725	16334	strict
7725	16345	strict
7725	16346	strict
7725	16349	strict
7726	15259	equal
7726	16349	strict
7727	15260	equal
7727	15263	strict
7727	15345	strict
7727	15360	strict
7727	15361	strict
7727	15364	strict
7728	15261	equal
7728	15364	strict
7729	15264	equal
7729	15266	strict
7729	16373	strict
7729	16377	strict
7729	16378	strict
7729	16381	strict
7730	15265	equal
7730	16381	strict
7731	15267	equal
7731	15269	strict
7731	15388	strict
7731	15392	strict
7731	15393	strict
7731	15396	strict
7732	15268	equal
7732	15396	strict
7733	15275	equal
7733	15276	strict
7733	15279	strict
7733	15297	strict
7733	15377	strict
7733	15378	strict
7733	15380	strict
7733	15483	strict
7733	15494	strict
7733	15631	strict
7733	15632	strict
7733	15634	strict
7733	15638	strict
7733	16530	strict
7733	16533	strict
7733	16534	strict
7733	16535	strict
7734	15276	equal
7734	15279	strict
7735	15279	equal
7736	15280	equal
7737	15281	equal
7737	16499	strict
7738	15282	equal
7738	15320	strict
7738	15322	strict
7738	15324	strict
7739	15283	equal
7739	15321	strict
7739	15323	strict
7739	15324	strict
7740	15284	equal
7740	15324	strict
7741	15285	equal
7741	15324	strict
7742	15286	equal
7743	15287	equal
7743	15288	strict
7743	15290	strict
7743	15292	strict
7743	15355	strict
7743	15370	strict
7743	15375	strict
7743	15376	strict
7743	15379	strict
7743	15383	strict
7743	15389	strict
7743	15391	strict
7743	15394	strict
7743	15395	strict
7743	15396	strict
7743	15863	strict
7744	15288	equal
7744	15370	strict
7744	15396	strict
7745	15289	equal
7746	15290	equal
7747	15292	equal
7747	15863	strict
7748	15293	equal
7748	15295	strict
7749	15295	equal
7750	15296	equal
7751	15297	equal
7752	15303	equal
7752	15304	strict
7752	15305	strict
7752	15315	strict
7752	15336	strict
7752	15496	strict
7752	15504	strict
7752	15966	strict
7752	15969	strict
7752	15974	strict
7752	16130	strict
7752	16519	strict
7752	16521	strict
7752	16523	strict
7752	16525	strict
7752	16526	strict
7753	15304	equal
7753	15504	strict
7753	16526	strict
7754	15305	equal
7754	15336	strict
7755	15306	equal
7755	15317	strict
7756	15308	equal
7756	15310	strict
7757	15310	equal
7758	15311	equal
7759	15312	equal
7760	15317	equal
7761	15325	equal
7761	15326	strict
7761	15327	strict
7761	15334	strict
7761	15373	strict
7761	15479	strict
7761	15505	strict
7761	16074	strict
7761	16077	strict
7761	16080	strict
7761	16149	strict
7761	16164	strict
7761	16166	strict
7761	16176	strict
7761	16177	strict
7761	16178	strict
7762	15326	equal
7762	15505	strict
7762	16178	strict
7763	15327	equal
7763	15373	strict
7764	15329	equal
7764	15331	strict
7765	15331	equal
7766	15335	equal
7767	15336	equal
7768	15337	equal
7769	15339	equal
7770	15340	equal
7771	15341	equal
7771	15364	strict
7772	15342	equal
7772	15348	strict
7772	15358	strict
7772	15362	strict
7772	15363	strict
7772	15364	strict
7773	15343	equal
7774	15344	equal
7775	15345	equal
7775	15360	strict
7775	15361	strict
7775	15364	strict
7776	15346	equal
7776	15364	strict
7777	15347	equal
7777	15364	strict
7778	15348	equal
7778	15362	strict
7778	15363	strict
7778	15364	strict
7779	15352	equal
7780	15357	equal
7781	15365	equal
7781	15371	strict
7781	16487	strict
7781	16496	strict
7781	16498	strict
7781	16499	strict
7782	15366	equal
7782	16499	strict
7783	15367	equal
7784	15368	equal
7785	15370	equal
7786	15373	equal
7787	15374	equal
7787	15396	strict
7788	15375	equal
7788	15376	strict
7788	15391	strict
7788	15394	strict
7788	15395	strict
7788	15396	strict
7789	15377	equal
7789	16535	strict
7790	15378	equal
7790	15380	strict
7790	16530	strict
7790	16533	strict
7790	16534	strict
7790	16535	strict
7791	15379	equal
7792	15381	equal
7793	15382	equal
7794	15383	equal
7795	15386	equal
7796	15388	equal
7796	15392	strict
7796	15393	strict
7796	15396	strict
7797	15389	equal
7797	15396	strict
7798	15390	equal
7798	15396	strict
7799	15391	equal
7799	15394	strict
7799	15395	strict
7799	15396	strict
7800	15397	equal
7800	16580	strict
7801	15401	equal
7801	15402	strict
7801	15404	strict
7801	15410	strict
7801	15436	strict
7801	15437	strict
7801	15439	strict
7801	15490	strict
7801	15493	strict
7801	15756	strict
7801	15757	strict
7801	15758	strict
7801	15759	strict
7801	16500	strict
7801	16504	strict
7801	16506	strict
7801	16508	strict
7802	15402	equal
7802	15404	strict
7803	15404	equal
7804	15405	equal
7805	15406	equal
7806	15409	equal
7807	15410	equal
7808	15413	equal
7808	15414	strict
7808	15415	strict
7808	15423	strict
7808	15431	strict
7808	15436	strict
7808	15438	strict
7808	15439	strict
7808	15503	strict
7808	15507	strict
7808	16019	strict
7808	16500	strict
7808	16502	strict
7808	16504	strict
7808	16506	strict
7808	16508	strict
7809	15414	equal
7809	15503	strict
7809	16508	strict
7810	15415	equal
7810	16019	strict
7811	15418	equal
7811	15429	strict
7812	15420	equal
7812	15422	strict
7813	15422	equal
7814	15424	equal
7815	15429	equal
7816	15430	equal
7817	15431	equal
7818	15432	equal
7819	15434	equal
7820	15435	equal
7821	15436	equal
7821	15439	strict
7821	16500	strict
7821	16504	strict
7821	16506	strict
7821	16508	strict
7822	15437	equal
7822	16508	strict
7823	15438	equal
7824	15440	equal
7824	15442	strict
7824	16572	strict
7824	16576	strict
7824	16577	strict
7824	16580	strict
7825	15441	equal
7825	16580	strict
7826	15443	equal
7827	15444	equal
7827	15482	strict
7827	15484	strict
7827	15515	strict
7827	15629	strict
7827	15633	strict
7828	15445	equal
7828	15497	strict
7828	15500	strict
7828	15501	strict
7828	15506	strict
7828	15968	strict
7828	16081	strict
7829	15446	equal
7829	15448	strict
7830	15448	equal
7831	15449	equal
7832	15450	equal
7833	15451	equal
7834	15453	equal
7835	15454	equal
7835	15469	strict
7836	15455	equal
7836	15472	strict
7837	15456	equal
7837	15472	strict
7838	15458	equal
7838	15474	strict
7839	15459	equal
7839	15461	strict
7840	15461	equal
7841	15462	equal
7842	15463	equal
7842	15464	strict
7842	15465	strict
7842	15466	strict
7842	15470	strict
7842	15472	strict
7843	15465	equal
7843	15466	strict
7843	15470	strict
7843	15472	strict
7844	15467	equal
7845	15469	equal
7846	15471	equal
7847	15474	equal
7848	15475	equal
7849	15476	equal
7849	15636	strict
7850	15477	equal
7851	15479	equal
7852	15480	equal
7853	15483	equal
7854	15484	equal
7854	15515	strict
7855	15485	equal
7855	15487	strict
7856	15487	equal
7857	15488	equal
7858	15489	equal
7859	15490	equal
7860	15491	equal
7861	15492	equal
7862	15493	equal
7863	15494	equal
7864	15495	equal
7865	15496	equal
7866	15497	equal
7866	15500	strict
7867	15500	equal
7868	15501	equal
7868	15506	strict
7869	15503	equal
7870	15504	equal
7871	15505	equal
7872	15506	equal
7873	15507	equal
7874	15508	equal
7875	15509	equal
7876	15511	equal
7877	15512	equal
7878	15514	equal
7879	15515	equal
7880	15516	equal
7880	15537	strict
7880	15569	strict
7880	15595	strict
7880	15597	strict
7880	15599	strict
7881	15517	equal
7881	15599	strict
7882	15518	equal
7882	15524	strict
7882	15538	strict
7882	15561	strict
7882	15563	strict
7882	15565	strict
7883	15519	equal
7883	15565	strict
7884	15520	equal
7884	15525	strict
7884	15559	strict
7884	15562	strict
7884	15564	strict
7884	15565	strict
7885	15521	equal
7885	15565	strict
7886	15522	equal
7887	15523	equal
7888	15524	equal
7888	15561	strict
7888	15563	strict
7888	15565	strict
7889	15525	equal
7889	15562	strict
7889	15564	strict
7889	15565	strict
7890	15526	equal
7890	15565	strict
7891	15527	equal
7891	15565	strict
7892	15528	equal
7892	15570	strict
7892	15593	strict
7892	15596	strict
7892	15598	strict
7892	15599	strict
7893	15529	equal
7893	15599	strict
7894	15530	equal
7895	15531	equal
7896	15532	equal
7896	15647	strict
7896	15652	strict
7896	15655	strict
7896	15656	strict
7896	15657	strict
7897	15533	equal
7897	15657	strict
7898	15534	equal
7899	15535	equal
7900	15539	equal
7900	15558	strict
7901	15545	equal
7901	15546	strict
7901	15548	strict
7901	15556	strict
7901	15606	strict
7901	15832	strict
7901	15843	strict
7901	16189	strict
7901	16190	strict
7901	16191	strict
7901	16221	strict
7901	16565	strict
7901	16566	strict
7901	16569	strict
7901	16570	strict
7901	16571	strict
7902	15546	equal
7902	15843	strict
7902	16571	strict
7903	15548	equal
7903	15606	strict
7904	15549	equal
7904	15551	strict
7905	15551	equal
7906	15552	equal
7907	15553	equal
7908	15558	equal
7909	15566	equal
7909	15568	strict
7909	15605	strict
7909	15803	strict
7909	15805	strict
7909	16288	strict
7910	15569	equal
7910	15595	strict
7910	15597	strict
7910	15599	strict
7911	15570	equal
7911	15596	strict
7911	15598	strict
7911	15599	strict
7912	15571	equal
7912	15599	strict
7913	15572	equal
7913	15599	strict
7914	15573	equal
7914	15592	strict
7915	15579	equal
7915	15580	strict
7915	15582	strict
7915	15590	strict
7915	15607	strict
7915	15848	strict
7915	15852	strict
7915	16449	strict
7915	16450	strict
7915	16451	strict
7915	16480	strict
7915	16583	strict
7915	16584	strict
7915	16587	strict
7915	16588	strict
7915	16589	strict
7916	15580	equal
7916	15852	strict
7916	16589	strict
7917	15582	equal
7917	15607	strict
7918	15583	equal
7918	15585	strict
7919	15585	equal
7920	15586	equal
7921	15587	equal
7922	15592	equal
7923	15600	equal
7923	15601	strict
7923	15602	strict
7923	15603	strict
7923	15605	strict
7923	15819	strict
7923	15844	strict
7923	16228	strict
7923	16231	strict
7923	16244	strict
7923	16248	strict
7923	16250	strict
7923	16255	strict
7923	16256	strict
7923	16257	strict
7924	15601	equal
7924	15602	strict
7924	15605	strict
7924	15844	strict
7924	16257	strict
7925	15605	equal
7926	15606	equal
7927	15607	equal
7928	15613	equal
7928	15614	strict
7928	15616	strict
7928	15625	strict
7928	15658	strict
7928	15659	strict
7928	15660	strict
7928	15661	strict
7928	15858	strict
7928	15862	strict
7928	16366	strict
7928	16367	strict
7928	16369	strict
7928	16575	strict
7928	16578	strict
7928	16579	strict
7928	16580	strict
7929	15614	equal
7929	15616	strict
7930	15616	equal
7931	15617	equal
7932	15619	equal
7932	16535	strict
7933	15620	equal
7933	15621	strict
7933	15623	strict
7933	15624	strict
7933	15628	strict
7933	15629	strict
7933	15636	strict
7933	15640	strict
7933	15642	strict
7933	15644	strict
7933	15650	strict
7933	15652	strict
7933	15655	strict
7933	15656	strict
7933	15657	strict
7934	15621	equal
7934	15624	strict
7934	15629	strict
7934	15636	strict
7934	15657	strict
7935	15622	equal
7936	15623	equal
7937	15625	equal
7938	15626	equal
7939	15629	equal
7940	15631	equal
7940	15638	strict
7940	16530	strict
7940	16533	strict
7940	16534	strict
7940	16535	strict
7941	15632	equal
7941	16535	strict
7942	15633	equal
7943	15634	equal
7944	15636	equal
7945	15637	equal
7946	15639	equal
7946	15657	strict
7947	15640	equal
7947	15644	strict
7947	15652	strict
7947	15655	strict
7947	15656	strict
7947	15657	strict
7948	15641	equal
7949	15642	equal
7950	15645	equal
7951	15649	equal
7951	15653	strict
7951	15654	strict
7951	15657	strict
7952	15650	equal
7952	15657	strict
7953	15651	equal
7953	15657	strict
7954	15652	equal
7954	15655	strict
7954	15656	strict
7954	15657	strict
7955	15658	equal
7955	15661	strict
7955	16575	strict
7955	16578	strict
7955	16579	strict
7955	16580	strict
7956	15659	equal
7956	16580	strict
7957	15660	equal
7958	15669	equal
7959	15672	equal
7960	15676	equal
7961	15677	equal
7962	15678	equal
7963	15679	equal
7964	15686	equal
7965	15687	equal
7966	15689	equal
7967	15691	equal
7968	15693	equal
7968	15710	strict
7969	15695	equal
7969	15696	strict
7969	15697	strict
7969	15702	strict
7969	15712	strict
7969	15838	strict
7969	15842	strict
7969	16295	strict
7969	16297	strict
7969	16299	strict
7969	16314	strict
7969	16482	strict
7969	16485	strict
7969	16490	strict
7969	16492	strict
7969	16494	strict
7970	15696	equal
7970	15842	strict
7970	16494	strict
7971	15697	equal
7971	15712	strict
7972	15698	equal
7972	15705	strict
7973	15705	equal
7974	15706	equal
7975	15710	equal
7976	15711	equal
7977	15712	equal
7978	15713	equal
7979	15716	equal
7980	15719	equal
7981	15720	equal
7981	15737	strict
7982	15722	equal
7982	15723	strict
7982	15724	strict
7982	15729	strict
7982	15739	strict
7982	15750	strict
7982	15752	strict
7982	15755	strict
7982	15851	strict
7982	15866	strict
7982	16291	strict
7982	16486	strict
7982	16489	strict
7982	16495	strict
7982	16497	strict
7982	16499	strict
7983	15723	equal
7983	15851	strict
7983	16499	strict
7984	15724	equal
7984	16291	strict
7985	15725	equal
7985	15732	strict
7986	15732	equal
7987	15733	equal
7988	15737	equal
7989	15738	equal
7990	15739	equal
7991	15740	equal
7992	15742	equal
7992	16508	strict
7993	15744	equal
7993	15745	strict
7993	15747	strict
7993	15749	strict
7993	15752	strict
7993	15753	strict
7993	15754	strict
7993	15755	strict
7993	15859	strict
7993	15861	strict
7993	16386	strict
7993	16387	strict
7993	16389	strict
7993	16486	strict
7993	16495	strict
7993	16497	strict
7993	16499	strict
7994	15745	equal
7994	15747	strict
7995	15747	equal
7996	15748	equal
7997	15749	equal
7998	15750	equal
7999	15751	equal
8000	15752	equal
8000	15755	strict
8000	16486	strict
8000	16495	strict
8000	16497	strict
8000	16499	strict
8001	15753	equal
8001	16499	strict
8002	15754	equal
8003	15756	equal
8003	15759	strict
8003	16500	strict
8003	16504	strict
8003	16506	strict
8003	16508	strict
8004	15757	equal
8004	16508	strict
8005	15758	equal
8006	15760	equal
8006	15873	strict
8006	15917	strict
8006	15949	strict
8006	15951	strict
8006	15953	strict
8007	15761	equal
8007	15953	strict
8008	15762	equal
8008	15768	strict
8008	15874	strict
8008	15897	strict
8008	15899	strict
8008	15901	strict
8009	15763	equal
8009	15901	strict
8010	15764	equal
8010	15769	strict
8010	15895	strict
8010	15898	strict
8010	15900	strict
8010	15901	strict
8011	15765	equal
8011	15901	strict
8012	15766	equal
8013	15767	equal
8014	15768	equal
8014	15897	strict
8014	15899	strict
8014	15901	strict
8015	15769	equal
8015	15898	strict
8015	15900	strict
8015	15901	strict
8016	15770	equal
8016	15901	strict
8017	15771	equal
8017	15901	strict
8018	15772	equal
8018	15918	strict
8018	15947	strict
8018	15950	strict
8018	15952	strict
8018	15953	strict
8019	15773	equal
8019	15953	strict
8020	15774	equal
8021	15775	equal
8022	15776	equal
8022	15987	strict
8022	15992	strict
8022	15995	strict
8022	15996	strict
8022	15997	strict
8023	15777	equal
8023	15997	strict
8024	15778	equal
8025	15779	equal
8026	15780	equal
8027	15781	equal
8028	15782	equal
8029	15783	equal
8030	15784	equal
8031	15785	equal
8032	15786	equal
8033	15787	equal
8034	15788	equal
8035	15789	equal
8036	15790	equal
8037	15791	equal
8037	16463	strict
8038	15792	equal
8038	16203	strict
8039	15793	equal
8040	15794	equal
8041	15795	equal
8041	15796	strict
8041	15797	strict
8041	15799	strict
8041	15800	strict
8041	15804	strict
8041	15806	strict
8041	16151	strict
8041	16157	strict
8041	16185	strict
8041	16186	strict
8041	16187	strict
8041	16198	strict
8041	16201	strict
8041	16202	strict
8041	16203	strict
8041	16313	strict
8042	15796	equal
8043	15797	equal
8044	15798	equal
8045	15799	equal
8045	16151	strict
8045	16198	strict
8045	16201	strict
8045	16202	strict
8045	16203	strict
8046	15800	equal
8046	16203	strict
8047	15801	equal
8048	15802	equal
8049	15803	equal
8049	16288	strict
8050	15804	equal
8050	16313	strict
8051	15805	equal
8052	15806	equal
8053	15807	equal
8053	15808	strict
8053	15809	strict
8053	15846	strict
8053	15865	strict
8053	16308	strict
8053	16309	strict
8053	16312	strict
8053	16411	strict
8053	16417	strict
8053	16445	strict
8053	16446	strict
8053	16447	strict
8053	16458	strict
8053	16461	strict
8053	16462	strict
8053	16463	strict
8054	15808	equal
8055	15809	equal
8056	15810	equal
8057	15811	equal
8057	15812	strict
8057	15814	strict
8057	15853	strict
8057	15864	strict
8057	16340	strict
8057	16355	strict
8057	16364	strict
8057	16365	strict
8057	16368	strict
8057	16371	strict
8057	16375	strict
8057	16376	strict
8057	16379	strict
8057	16380	strict
8057	16381	strict
8058	15812	equal
8058	16355	strict
8058	16381	strict
8059	15813	equal
8060	15814	equal
8061	15819	equal
8062	15820	equal
8063	15825	equal
8064	15826	equal
8065	15828	equal
8066	15830	equal
8067	15831	equal
8068	15832	equal
8069	15834	equal
8069	15844	strict
8070	15835	equal
8070	15837	strict
8071	15837	equal
8072	15838	equal
8073	15839	equal
8074	15842	equal
8075	15843	equal
8076	15844	equal
8077	15845	equal
8078	15846	equal
8078	15865	strict
8079	15847	equal
8080	15848	equal
8081	15851	equal
8082	15852	equal
8083	15853	equal
8083	15864	strict
8084	15854	equal
8084	15856	strict
8085	15856	equal
8086	15857	equal
8087	15858	equal
8088	15859	equal
8089	15860	equal
8090	15861	equal
8091	15862	equal
8092	15863	equal
8093	15864	equal
8094	15865	equal
8095	15866	equal
8096	15867	equal
8097	15869	equal
8098	15870	equal
8099	15880	equal
8099	15881	strict
8099	15883	strict
8099	15892	strict
8099	15960	strict
8099	16095	strict
8099	16106	strict
8099	16179	strict
8099	16181	strict
8099	16184	strict
8099	16217	strict
8099	16537	strict
8099	16539	strict
8099	16541	strict
8099	16543	strict
8099	16544	strict
8100	15881	equal
8100	16106	strict
8100	16544	strict
8101	15882	equal
8101	15894	strict
8102	15883	equal
8102	15960	strict
8103	15884	equal
8103	15887	strict
8104	15887	equal
8105	15888	equal
8106	15889	equal
8107	15894	equal
8108	15902	equal
8108	15904	strict
8108	15959	strict
8108	16078	strict
8108	16080	strict
8108	16360	strict
8109	15910	equal
8109	15911	strict
8109	15913	strict
8109	15926	strict
8109	15979	strict
8109	15980	strict
8109	15981	strict
8109	15982	strict
8109	16112	strict
8109	16117	strict
8109	16284	strict
8109	16285	strict
8109	16287	strict
8109	16557	strict
8109	16560	strict
8109	16561	strict
8109	16562	strict
8110	15911	equal
8110	15913	strict
8111	15913	equal
8112	15914	equal
8113	15916	equal
8113	16526	strict
8114	15917	equal
8114	15949	strict
8114	15951	strict
8114	15953	strict
8115	15918	equal
8115	15950	strict
8115	15952	strict
8115	15953	strict
8116	15919	equal
8116	15953	strict
8117	15920	equal
8117	15953	strict
8118	15921	equal
8118	15922	strict
8118	15924	strict
8118	15925	strict
8118	15964	strict
8118	15965	strict
8118	15972	strict
8118	15977	strict
8118	15978	strict
8118	15985	strict
8118	15990	strict
8118	15992	strict
8118	15995	strict
8118	15996	strict
8118	15997	strict
8119	15922	equal
8119	15925	strict
8119	15965	strict
8119	15972	strict
8119	15997	strict
8120	15923	equal
8121	15924	equal
8122	15926	equal
8123	15932	equal
8123	15933	strict
8123	15935	strict
8123	15944	strict
8123	15961	strict
8123	16121	strict
8123	16125	strict
8123	16439	strict
8123	16441	strict
8123	16444	strict
8123	16477	strict
8123	16546	strict
8123	16548	strict
8123	16550	strict
8123	16552	strict
8123	16553	strict
8124	15933	equal
8124	16125	strict
8124	16553	strict
8125	15934	equal
8125	15946	strict
8126	15935	equal
8126	15961	strict
8127	15937	equal
8127	15939	strict
8128	15939	equal
8129	15940	equal
8130	15941	equal
8131	15946	equal
8132	15954	equal
8132	15955	strict
8132	15956	strict
8132	15957	strict
8132	15959	strict
8132	16091	strict
8132	16118	strict
8132	16321	strict
8132	16324	strict
8132	16331	strict
8132	16335	strict
8132	16337	strict
8132	16347	strict
8132	16348	strict
8132	16349	strict
8133	15955	equal
8133	15956	strict
8133	15959	strict
8133	16118	strict
8133	16349	strict
8134	15959	equal
8135	15960	equal
8136	15961	equal
8137	15965	equal
8138	15966	equal
8138	15974	strict
8138	16519	strict
8138	16523	strict
8138	16525	strict
8138	16526	strict
8139	15967	equal
8139	16526	strict
8140	15968	equal
8141	15969	equal
8142	15970	equal
8143	15972	equal
8144	15973	equal
8145	15976	equal
8145	15997	strict
8146	15977	equal
8146	15978	strict
8146	15992	strict
8146	15995	strict
8146	15996	strict
8146	15997	strict
8147	15979	equal
8147	16562	strict
8148	15980	equal
8148	15982	strict
8148	16557	strict
8148	16560	strict
8148	16561	strict
8148	16562	strict
8149	15981	equal
8150	15983	equal
8151	15984	equal
8152	15985	equal
8153	15989	equal
8153	15993	strict
8153	15994	strict
8153	15997	strict
8154	15990	equal
8154	15997	strict
8155	15991	equal
8155	15997	strict
8156	15992	equal
8156	15995	strict
8156	15996	strict
8156	15997	strict
8157	16000	equal
8157	16001	strict
8157	16002	strict
8157	16010	strict
8157	16018	strict
8157	16101	strict
8157	16105	strict
8157	16386	strict
8157	16388	strict
8157	16389	strict
8157	16400	strict
8157	16486	strict
8157	16488	strict
8157	16495	strict
8157	16497	strict
8157	16499	strict
8158	16001	equal
8158	16105	strict
8158	16499	strict
8159	16002	equal
8159	16018	strict
8160	16003	equal
8160	16011	strict
8161	16007	equal
8161	16016	strict
8162	16011	equal
8163	16012	equal
8164	16016	equal
8165	16017	equal
8166	16018	equal
8167	16019	equal
8168	16020	equal
8168	16517	strict
8169	16024	equal
8169	16025	strict
8169	16027	strict
8169	16033	strict
8169	16056	strict
8169	16058	strict
8169	16059	strict
8169	16061	strict
8169	16113	strict
8169	16116	strict
8169	16297	strict
8169	16298	strict
8169	16299	strict
8169	16482	strict
8169	16490	strict
8169	16492	strict
8169	16494	strict
8170	16025	equal
8170	16027	strict
8171	16027	equal
8172	16028	equal
8173	16029	equal
8174	16032	equal
8175	16033	equal
8176	16035	equal
8176	16036	strict
8176	16037	strict
8176	16045	strict
8176	16053	strict
8176	16058	strict
8176	16060	strict
8176	16061	strict
8176	16124	strict
8176	16129	strict
8176	16382	strict
8176	16482	strict
8176	16484	strict
8176	16490	strict
8176	16492	strict
8176	16494	strict
8177	16036	equal
8177	16124	strict
8177	16494	strict
8178	16037	equal
8178	16382	strict
8179	16038	equal
8179	16046	strict
8180	16042	equal
8180	16051	strict
8181	16046	equal
8182	16047	equal
8183	16051	equal
8184	16052	equal
8185	16053	equal
8186	16054	equal
8187	16056	equal
8188	16057	equal
8189	16058	equal
8189	16061	strict
8189	16482	strict
8189	16490	strict
8189	16492	strict
8189	16494	strict
8190	16059	equal
8190	16494	strict
8191	16060	equal
8192	16062	equal
8192	16064	strict
8192	16509	strict
8192	16513	strict
8192	16514	strict
8192	16517	strict
8193	16063	equal
8193	16517	strict
8194	16065	equal
8195	16066	equal
8195	16438	strict
8196	16067	equal
8196	16178	strict
8197	16068	equal
8198	16069	equal
8199	16070	equal
8199	16071	strict
8199	16072	strict
8199	16074	strict
8199	16075	strict
8199	16079	strict
8199	16081	strict
8199	16149	strict
8199	16156	strict
8199	16159	strict
8199	16160	strict
8199	16166	strict
8199	16172	strict
8199	16176	strict
8199	16177	strict
8199	16178	strict
8199	16399	strict
8200	16071	equal
8201	16072	equal
8202	16073	equal
8203	16074	equal
8203	16149	strict
8203	16166	strict
8203	16176	strict
8203	16177	strict
8203	16178	strict
8204	16075	equal
8204	16178	strict
8205	16076	equal
8206	16077	equal
8207	16078	equal
8207	16360	strict
8208	16079	equal
8208	16399	strict
8209	16080	equal
8210	16081	equal
8211	16082	equal
8211	16083	strict
8211	16085	strict
8211	16107	strict
8211	16128	strict
8211	16240	strict
8211	16262	strict
8211	16266	strict
8211	16268	strict
8211	16273	strict
8211	16277	strict
8211	16278	strict
8211	16281	strict
8211	16282	strict
8211	16283	strict
8211	16286	strict
8212	16083	equal
8212	16262	strict
8212	16283	strict
8213	16084	equal
8214	16085	equal
8215	16086	equal
8215	16087	strict
8215	16088	strict
8215	16119	strict
8215	16126	strict
8215	16394	strict
8215	16395	strict
8215	16398	strict
8215	16409	strict
8215	16416	strict
8215	16419	strict
8215	16420	strict
8215	16426	strict
8215	16432	strict
8215	16436	strict
8215	16437	strict
8215	16438	strict
8216	16087	equal
8217	16088	equal
8218	16089	equal
8219	16091	equal
8220	16092	equal
8221	16094	equal
8222	16095	equal
8223	16097	equal
8223	16118	strict
8224	16098	equal
8224	16100	strict
8225	16100	equal
8226	16101	equal
8227	16102	equal
8228	16105	equal
8229	16106	equal
8230	16107	equal
8230	16128	strict
8231	16108	equal
8231	16110	strict
8232	16110	equal
8233	16111	equal
8234	16112	equal
8235	16113	equal
8236	16114	equal
8237	16115	equal
8238	16116	equal
8239	16117	equal
8240	16118	equal
8241	16119	equal
8241	16126	strict
8242	16120	equal
8243	16121	equal
8244	16124	equal
8245	16125	equal
8246	16126	equal
8247	16127	equal
8248	16128	equal
8249	16129	equal
8250	16130	equal
8251	16132	equal
8252	16133	equal
8253	16135	equal
8253	16139	strict
8253	16423	strict
8253	16434	strict
8253	16435	strict
8253	16438	strict
8254	16136	equal
8254	16438	strict
8255	16137	equal
8255	16140	strict
8255	16163	strict
8255	16174	strict
8255	16175	strict
8255	16178	strict
8256	16138	equal
8256	16178	strict
8257	16141	equal
8257	16143	strict
8257	16455	strict
8257	16459	strict
8257	16460	strict
8257	16463	strict
8258	16142	equal
8258	16463	strict
8259	16144	equal
8259	16146	strict
8259	16195	strict
8259	16199	strict
8259	16200	strict
8259	16203	strict
8260	16145	equal
8260	16203	strict
8261	16147	equal
8262	16152	equal
8263	16153	equal
8264	16155	equal
8265	16156	equal
8266	16157	equal
8267	16159	equal
8267	16178	strict
8268	16160	equal
8268	16166	strict
8268	16172	strict
8268	16176	strict
8268	16177	strict
8268	16178	strict
8269	16161	equal
8270	16162	equal
8271	16163	equal
8271	16174	strict
8271	16175	strict
8271	16178	strict
8272	16164	equal
8272	16178	strict
8273	16165	equal
8273	16178	strict
8274	16166	equal
8274	16176	strict
8274	16177	strict
8274	16178	strict
8275	16171	equal
8276	16179	equal
8276	16184	strict
8276	16537	strict
8276	16541	strict
8276	16543	strict
8276	16544	strict
8277	16180	equal
8277	16544	strict
8278	16181	equal
8279	16183	equal
8280	16185	equal
8280	16203	strict
8281	16186	equal
8281	16187	strict
8281	16198	strict
8281	16201	strict
8281	16202	strict
8281	16203	strict
8282	16188	equal
8282	16571	strict
8283	16189	equal
8283	16191	strict
8283	16566	strict
8283	16569	strict
8283	16570	strict
8283	16571	strict
8284	16190	equal
8285	16192	equal
8286	16193	equal
8287	16195	equal
8287	16199	strict
8287	16200	strict
8287	16203	strict
8288	16196	equal
8288	16203	strict
8289	16197	equal
8289	16203	strict
8290	16198	equal
8290	16201	strict
8290	16202	strict
8290	16203	strict
8291	16204	equal
8292	16205	equal
8293	16206	equal
8294	16207	equal
8294	16210	strict
8294	16545	strict
8294	16549	strict
8294	16551	strict
8294	16553	strict
8295	16208	equal
8295	16553	strict
8296	16209	equal
8297	16211	equal
8297	16213	strict
8297	16581	strict
8297	16585	strict
8297	16586	strict
8297	16589	strict
8298	16212	equal
8298	16589	strict
8299	16214	equal
8300	16215	equal
8301	16216	equal
8302	16217	equal
8303	16218	equal
8304	16220	equal
8305	16221	equal
8306	16223	equal
8307	16224	equal
8307	16270	strict
8307	16278	strict
8307	16281	strict
8307	16282	strict
8307	16283	strict
8308	16225	equal
8308	16283	strict
8309	16226	equal
8310	16227	equal
8311	16228	equal
8311	16244	strict
8311	16250	strict
8311	16255	strict
8311	16256	strict
8311	16257	strict
8312	16229	equal
8312	16257	strict
8313	16230	equal
8314	16231	equal
8315	16232	equal
8316	16233	equal
8317	16234	equal
8317	16257	strict
8318	16235	equal
8318	16250	strict
8318	16251	strict
8318	16255	strict
8318	16256	strict
8318	16257	strict
8319	16236	equal
8320	16237	equal
8321	16242	equal
8322	16246	equal
8323	16247	equal
8323	16253	strict
8323	16254	strict
8323	16257	strict
8324	16248	equal
8324	16257	strict
8325	16249	equal
8325	16257	strict
8326	16250	equal
8326	16255	strict
8326	16256	strict
8326	16257	strict
8327	16258	equal
8327	16263	strict
8327	16512	strict
8327	16515	strict
8327	16516	strict
8327	16517	strict
8328	16259	equal
8328	16517	strict
8329	16260	equal
8330	16262	equal
8331	16264	equal
8332	16265	equal
8332	16283	strict
8333	16266	equal
8333	16273	strict
8333	16278	strict
8333	16281	strict
8333	16282	strict
8333	16283	strict
8334	16267	equal
8335	16268	equal
8336	16271	equal
8337	16275	equal
8337	16279	strict
8337	16280	strict
8337	16283	strict
8338	16276	equal
8338	16283	strict
8339	16277	equal
8339	16283	strict
8340	16278	equal
8340	16281	strict
8340	16282	strict
8340	16283	strict
8341	16284	equal
8341	16287	strict
8341	16557	strict
8341	16560	strict
8341	16561	strict
8341	16562	strict
8342	16285	equal
8342	16562	strict
8343	16286	equal
8344	16288	equal
8345	16289	equal
8346	16290	equal
8347	16291	equal
8348	16292	equal
8349	16293	equal
8350	16294	equal
8351	16295	equal
8352	16296	equal
8353	16297	equal
8353	16299	strict
8353	16482	strict
8353	16490	strict
8353	16492	strict
8353	16494	strict
8354	16298	equal
8354	16494	strict
8355	16300	equal
8355	16302	strict
8355	16518	strict
8355	16522	strict
8355	16524	strict
8355	16526	strict
8356	16301	equal
8356	16526	strict
8357	16303	equal
8357	16359	strict
8357	16376	strict
8357	16379	strict
8357	16380	strict
8357	16381	strict
8358	16304	equal
8358	16381	strict
8359	16305	equal
8360	16306	equal
8361	16307	equal
8362	16308	equal
8362	16411	strict
8362	16458	strict
8362	16461	strict
8362	16462	strict
8362	16463	strict
8363	16309	equal
8363	16463	strict
8364	16310	equal
8365	16311	equal
8366	16312	equal
8367	16313	equal
8368	16314	equal
8369	16315	equal
8370	16317	equal
8371	16318	equal
8372	16319	equal
8373	16321	equal
8373	16331	strict
8373	16337	strict
8373	16347	strict
8373	16348	strict
8373	16349	strict
8374	16322	equal
8374	16349	strict
8375	16323	equal
8376	16324	equal
8377	16325	equal
8378	16326	equal
8378	16349	strict
8379	16327	equal
8379	16337	strict
8379	16343	strict
8379	16347	strict
8379	16348	strict
8379	16349	strict
8380	16328	equal
8381	16329	equal
8382	16333	equal
8383	16334	equal
8383	16345	strict
8383	16346	strict
8383	16349	strict
8384	16335	equal
8384	16349	strict
8385	16336	equal
8385	16349	strict
8386	16337	equal
8386	16347	strict
8386	16348	strict
8386	16349	strict
8387	16342	equal
8388	16350	equal
8388	16356	strict
8388	16501	strict
8388	16505	strict
8388	16507	strict
8388	16508	strict
8389	16351	equal
8389	16508	strict
8390	16352	equal
8391	16353	equal
8392	16355	equal
8393	16357	equal
8394	16360	equal
8395	16361	equal
8396	16363	equal
8396	16381	strict
8397	16364	equal
8397	16365	strict
8397	16376	strict
8397	16379	strict
8397	16380	strict
8397	16381	strict
8398	16366	equal
8398	16580	strict
8399	16367	equal
8399	16369	strict
8399	16575	strict
8399	16578	strict
8399	16579	strict
8399	16580	strict
8400	16368	equal
8401	16370	equal
8402	16371	equal
8403	16373	equal
8403	16377	strict
8403	16378	strict
8403	16381	strict
8404	16374	equal
8404	16381	strict
8405	16375	equal
8405	16381	strict
8406	16376	equal
8406	16379	strict
8406	16380	strict
8406	16381	strict
8407	16382	equal
8408	16383	equal
8409	16384	equal
8410	16385	equal
8411	16386	equal
8411	16389	strict
8411	16486	strict
8411	16495	strict
8411	16497	strict
8411	16499	strict
8412	16387	equal
8412	16499	strict
8413	16388	equal
8414	16390	equal
8414	16392	strict
8414	16527	strict
8414	16531	strict
8414	16532	strict
8414	16535	strict
8415	16391	equal
8415	16535	strict
8416	16393	equal
8417	16394	equal
8417	16409	strict
8417	16426	strict
8417	16436	strict
8417	16437	strict
8417	16438	strict
8418	16395	equal
8418	16438	strict
8419	16396	equal
8420	16397	equal
8421	16398	equal
8422	16399	equal
8423	16400	equal
8424	16401	equal
8425	16403	equal
8426	16404	equal
8427	16405	equal
8428	16407	equal
8429	16412	equal
8430	16413	equal
8431	16415	equal
8432	16416	equal
8433	16417	equal
8434	16419	equal
8434	16438	strict
8435	16420	equal
8435	16426	strict
8435	16432	strict
8435	16436	strict
8435	16437	strict
8435	16438	strict
8436	16421	equal
8437	16422	equal
8438	16423	equal
8438	16434	strict
8438	16435	strict
8438	16438	strict
8439	16424	equal
8439	16438	strict
8440	16425	equal
8440	16438	strict
8441	16426	equal
8441	16436	strict
8441	16437	strict
8441	16438	strict
8442	16431	equal
8443	16439	equal
8443	16444	strict
8443	16546	strict
8443	16550	strict
8443	16552	strict
8443	16553	strict
8444	16440	equal
8444	16553	strict
8445	16441	equal
8446	16443	equal
8447	16445	equal
8447	16463	strict
8448	16446	equal
8448	16447	strict
8448	16458	strict
8448	16461	strict
8448	16462	strict
8448	16463	strict
8449	16448	equal
8449	16589	strict
8450	16449	equal
8450	16451	strict
8450	16584	strict
8450	16587	strict
8450	16588	strict
8450	16589	strict
8451	16450	equal
8452	16452	equal
8453	16453	equal
8454	16455	equal
8454	16459	strict
8454	16460	strict
8454	16463	strict
8455	16456	equal
8455	16463	strict
8456	16457	equal
8456	16463	strict
8457	16458	equal
8457	16461	strict
8457	16462	strict
8457	16463	strict
8458	16464	equal
8459	16465	equal
8460	16466	equal
8461	16467	equal
8461	16470	strict
8461	16536	strict
8461	16540	strict
8461	16542	strict
8461	16544	strict
8462	16468	equal
8462	16544	strict
8463	16469	equal
8464	16471	equal
8464	16473	strict
8464	16563	strict
8464	16567	strict
8464	16568	strict
8464	16571	strict
8465	16472	equal
8465	16571	strict
8466	16474	equal
8467	16475	equal
8468	16476	equal
8469	16477	equal
8470	16479	equal
8471	16480	equal
8472	16482	equal
8472	16490	strict
8472	16492	strict
8472	16494	strict
8473	16483	equal
8473	16491	strict
8473	16493	strict
8473	16494	strict
8474	16484	equal
8474	16494	strict
8475	16485	equal
8475	16494	strict
8476	16486	equal
8476	16495	strict
8476	16497	strict
8476	16499	strict
8477	16487	equal
8477	16496	strict
8477	16498	strict
8477	16499	strict
8478	16488	equal
8478	16499	strict
8479	16489	equal
8479	16499	strict
8480	16500	equal
8480	16504	strict
8480	16506	strict
8480	16508	strict
8481	16501	equal
8481	16505	strict
8481	16507	strict
8481	16508	strict
8482	16502	equal
8482	16508	strict
8483	16503	equal
8483	16508	strict
8484	16509	equal
8484	16513	strict
8484	16514	strict
8484	16517	strict
8485	16510	equal
8485	16517	strict
8486	16511	equal
8486	16517	strict
8487	16512	equal
8487	16515	strict
8487	16516	strict
8487	16517	strict
8488	16518	equal
8488	16522	strict
8488	16524	strict
8488	16526	strict
8489	16519	equal
8489	16523	strict
8489	16525	strict
8489	16526	strict
8490	16520	equal
8490	16526	strict
8491	16521	equal
8491	16526	strict
8492	16527	equal
8492	16531	strict
8492	16532	strict
8492	16535	strict
8493	16528	equal
8493	16535	strict
8494	16529	equal
8494	16535	strict
8495	16530	equal
8495	16533	strict
8495	16534	strict
8495	16535	strict
8496	16536	equal
8496	16540	strict
8496	16542	strict
8496	16544	strict
8497	16537	equal
8497	16541	strict
8497	16543	strict
8497	16544	strict
8498	16538	equal
8498	16544	strict
8499	16539	equal
8499	16544	strict
8500	16545	equal
8500	16549	strict
8500	16551	strict
8500	16553	strict
8501	16546	equal
8501	16550	strict
8501	16552	strict
8501	16553	strict
8502	16547	equal
8502	16553	strict
8503	16548	equal
8503	16553	strict
8504	16554	equal
8504	16558	strict
8504	16559	strict
8504	16562	strict
8505	16555	equal
8505	16562	strict
8506	16556	equal
8506	16562	strict
8507	16557	equal
8507	16560	strict
8507	16561	strict
8507	16562	strict
8508	16563	equal
8508	16567	strict
8508	16568	strict
8508	16571	strict
8509	16564	equal
8509	16571	strict
8510	16565	equal
8510	16571	strict
8511	16566	equal
8511	16569	strict
8511	16570	strict
8511	16571	strict
8512	16572	equal
8512	16576	strict
8512	16577	strict
8512	16580	strict
8513	16573	equal
8513	16580	strict
8514	16574	equal
8514	16580	strict
8515	16575	equal
8515	16578	strict
8515	16579	strict
8515	16580	strict
8516	16581	equal
8516	16585	strict
8516	16586	strict
8516	16589	strict
8517	16582	equal
8517	16589	strict
8518	16583	equal
8518	16589	strict
8519	16584	equal
8519	16587	strict
8519	16588	strict
8519	16589	strict
