mask,s,max_side_squared,boundary_points,square_count,axis_square_count
1,1,1,4,1,1
2,1,1,4,1,1
3,1,1,6,2,2
4,1,1,4,1,1
6,1,1,6,2,2
7,1,1,8,3,3
8,1,1,4,1,1
12,1,1,6,2,2
14,1,1,8,3,3
15,1,1,10,4,4
16,1,1,4,1,1
17,1,1,6,2,2
19,1,2,8,4,3
23,1,2,10,5,4
31,1,2,12,6,5
32,1,1,4,1,1
34,1,1,6,2,2
35,1,2,8,4,3
38,1,2,8,4,3
39,1,2,10,6,4
46,1,2,10,5,4
47,1,2,12,7,5
48,1,1,6,2,2
49,1,2,8,4,3
50,1,2,8,4,3
51,2,4,8,2,1
54,1,2,10,6,4
55,2,4,10,3,2
62,1,2,12,7,5
63,2,4,12,4,3
64,1,1,4,1,1
68,1,1,6,2,2
70,1,2,8,4,3
71,1,2,10,5,4
76,1,2,8,4,3
78,1,2,10,6,4
79,1,2,12,7,5
87,1,4,12,10,8
95,1,4,14,12,9
96,1,1,6,2,2
98,1,2,8,4,3
99,1,2,10,6,4
100,1,2,8,4,3
102,2,4,8,2,1
103,2,4,10,3,2
108,1,2,10,6,4
110,2,4,10,3,2
111,2,4,12,4,3
112,1,1,8,3,3
113,1,2,10,5,4
114,1,2,10,6,4
115,2,4,10,3,2
116,1,2,10,5,4
117,1,4,12,10,8
118,2,4,10,3,2
119,2,4,10,2,2
124,1,2,12,7,5
125,1,4,14,12,9
126,2,4,12,4,3
127,2,4,12,3,3
128,1,1,4,1,1
136,1,1,6,2,2
140,1,2,8,4,3
142,1,2,10,5,4
143,1,2,12,6,5
159,1,4,14,9,7
174,1,4,12,10,8
175,1,4,14,12,9
190,1,4,14,12,9
191,2,4,14,9,7
192,1,1,6,2,2
196,1,2,8,4,3
198,1,2,10,6,4
199,1,2,12,7,5
200,1,2,8,4,3
204,2,4,8,2,1
206,2,4,10,3,2
207,2,4,12,4,3
215,1,4,14,12,9
223,2,4,14,9,7
224,1,1,8,3,3
226,1,2,10,5,4
227,1,2,12,7,5
228,1,2,10,6,4
230,2,4,10,3,2
231,2,4,12,4,3
232,1,2,10,5,4
234,1,4,12,10,8
235,1,4,14,12,9
236,2,4,10,3,2
238,2,4,10,2,2
239,2,4,12,3,3
240,1,1,10,4,4
241,1,2,12,6,5
242,1,2,12,7,5
243,2,4,12,4,3
244,1,2,12,7,5
245,1,4,14,12,9
246,2,4,12,4,3
247,2,4,12,3,3
248,1,2,12,6,5
249,1,4,14,9,7
250,1,4,14,12,9
251,2,4,14,9,7
252,2,4,12,4,3
253,2,4,14,9,7
254,2,4,12,3,3
255,2,4,12,3,3
256,1,1,4,1,1
272,1,1,6,2,2
273,1,1,8,3,3
275,1,2,10,5,4
279,1,2,12,6,5
287,1,2,14,7,6
304,1,2,8,4,3
305,1,2,10,6,4
306,1,2,10,6,4
307,2,4,10,3,2
310,1,2,12,8,5
311,2,4,12,4,3
318,1,2,14,9,6
319,2,4,14,5,4
343,1,5,14,13,9
351,1,5,16,15,10
368,1,2,10,5,4
369,1,2,12,7,5
370,1,5,12,9,5
371,2,5,12,5,3
372,1,5,12,8,5
373,1,5,14,13,9
374,2,5,12,6,3
375,2,5,12,4,3
380,1,5,14,10,6
381,1,5,16,15,10
382,2,5,14,7,4
383,2,5,14,5,4
415,1,5,16,11,8
446,1,5,16,15,10
447,2,5,16,11,8
471,1,5,16,15,10
479,2,5,16,12,8
496,1,2,12,6,5
497,1,2,14,8,6
498,1,5,14,10,6
499,2,5,14,6,4
500,1,5,14,10,6
501,1,5,16,15,10
502,2,5,14,7,4
503,2,5,14,5,4
504,1,2,14,8,6
505,1,4,16,11,8
506,1,5,16,15,10
507,2,5,16,11,8
508,2,5,14,7,4
509,2,5,16,12,8
510,2,5,14,6,4
511,2,5,14,5,4
512,1,1,4,1,1
544,1,1,6,2,2
546,1,1,8,3,3
547,1,2,10,5,4
550,1,2,10,5,4
551,1,2,12,7,5
558,1,2,12,6,5
559,1,2,14,8,6
560,1,2,8,4,3
561,1,2,10,6,4
562,1,2,10,6,4
563,2,4,10,3,2
566,1,5,12,9,5
567,2,5,12,5,3
574,1,5,14,10,6
575,2,5,14,6,4
608,1,2,8,4,3
610,1,2,10,6,4
611,1,5,12,9,5
612,1,2,10,6,4
614,2,4,10,3,2
615,2,5,12,5,3
620,1,2,12,8,5
622,2,4,12,4,3
623,2,5,14,6,4
624,1,2,10,6,4
625,1,5,12,9,5
626,1,5,12,11,5
627,2,5,12,7,3
628,1,5,12,9,5
629,1,5,14,15,9
630,2,5,12,7,3
631,2,5,12,5,3
636,1,5,14,11,6
637,1,5,16,17,10
638,2,5,14,8,4
639,2,5,14,6,4
686,1,5,14,13,9
687,1,5,16,16,10
702,1,5,16,18,10
703,2,5,16,13,8
736,1,2,10,5,4
738,1,2,12,7,5
739,1,5,14,10,6
740,1,5,12,9,5
742,2,5,12,5,3
743,2,5,14,7,4
744,1,5,12,8,5
746,1,5,14,13,9
747,1,5,16,16,10
748,2,5,12,6,3
750,2,5,12,4,3
751,2,5,14,6,4
752,1,2,12,7,5
753,1,5,14,10,6
754,1,5,14,12,6
755,2,5,14,8,4
756,1,5,14,12,6
757,1,5,16,18,10
758,2,5,14,9,4
759,2,5,14,6,4
760,1,5,14,10,6
761,1,5,16,14,8
762,1,5,16,18,10
763,2,5,16,13,8
764,2,5,14,9,4
765,2,5,16,14,8
766,2,5,14,7,4
767,2,5,14,5,4
768,1,1,6,2,2
784,1,2,8,4,3
785,1,2,10,5,4
787,1,4,12,10,8
791,1,5,14,13,9
799,1,5,16,14,10
800,1,2,8,4,3
802,1,2,10,5,4
803,1,4,12,10,8
806,1,5,12,8,5
807,1,5,14,13,9
814,1,5,14,9,6
815,1,5,16,14,10
816,2,4,8,2,1
817,2,4,10,3,2
818,2,4,10,3,2
819,2,4,10,2,2
822,2,5,12,6,3
823,2,5,12,4,3
830,2,5,14,7,4
831,2,5,14,5,4
864,1,2,10,6,4
866,1,5,12,9,5
867,1,5,14,15,9
868,1,2,12,8,5
870,2,5,12,6,3
871,2,5,14,10,6
876,1,2,14,10,6
878,2,5,14,7,4
879,2,5,16,11,7
880,2,4,10,3,2
881,2,5,12,5,3
882,2,5,12,7,3
883,2,5,12,5,3
884,2,5,12,6,3
885,2,5,14,10,6
886,2,5,12,4,0
887,2,5,12,3,1
892,2,5,14,8,4
893,2,5,16,12,7
894,2,5,14,5,1
895,2,5,14,4,2
927,1,5,18,22,14
942,1,5,16,16,10
943,1,5,18,22,14
958,2,5,16,13,7
959,2,5,16,10,7
992,1,2,12,7,5
994,1,5,14,10,6
995,1,5,16,16,10
996,1,5,14,11,6
998,2,5,14,8,4
999,2,5,16,12,7
1000,1,5,14,10,6
1002,1,5,16,16,10
1003,1,5,18,22,14
1004,2,5,14,8,4
1006,2,5,14,6,4
1007,2,5,16,10,7
1008,2,4,12,4,3
1009,2,5,14,6,4
1010,2,5,14,8,4
1011,2,5,14,6,4
1012,2,5,14,9,4
1013,2,5,16,13,7
1014,2,5,14,6,1
1015,2,5,14,4,2
1016,2,5,14,7,4
1017,2,5,16,9,5
1018,2,5,16,13,7
1019,2,5,16,10,7
1020,2,5,14,6,2
1021,2,5,16,9,5
1022,2,5,14,4,1
1023,2,5,14,3,2
1024,1,1,4,1,1
1088,1,1,6,2,2
1092,1,1,8,3,3
1094,1,2,10,5,4
1095,1,2,12,6,5
1100,1,2,10,5,4
1102,1,2,12,7,5
1103,1,2,14,8,6
1111,1,5,14,13,9
1119,1,5,16,16,10
1120,1,2,8,4,3
1122,1,2,10,6,4
1123,1,2,12,8,5
1124,1,2,10,6,4
1126,2,4,10,3,2
1127,2,4,12,4,3
1132,1,5,12,9,5
1134,2,5,12,5,3
1135,2,5,14,6,4
1136,1,2,10,5,4
1137,1,5,12,8,5
1138,1,5,12,9,5
1139,2,5,12,6,3
1140,1,2,12,7,5
1141,1,5,14,13,9
1142,2,5,12,5,3
1143,2,5,12,4,3
1148,1,5,14,10,6
1149,1,5,16,16,10
1150,2,5,14,7,4
1151,2,5,14,6,4
1216,1,2,8,4,3
1220,1,2,10,6,4
1222,1,5,12,9,5
1223,1,5,14,10,6
1224,1,2,10,6,4
1228,2,4,10,3,2
1230,2,5,12,5,3
1231,2,5,14,6,4
1239,1,5,16,18,10
1247,2,5,16,13,8
1248,1,2,10,6,4
1250,1,5,12,9,5
1251,1,5,14,11,6
1252,1,5,12,11,5
1254,2,5,12,7,3
1255,2,5,14,8,4
1256,1,5,12,9,5
1258,1,5,14,15,9
1259,1,5,16,17,10
1260,2,5,12,7,3
1262,2,5,12,5,3
1263,2,5,14,6,4
1264,1,2,12,7,5
1265,1,5,14,10,6
1266,1,5,14,12,6
1267,2,5,14,9,4
1268,1,5,14,12,6
1269,1,5,16,18,10
1270,2,5,14,9,4
1271,2,5,14,7,4
1272,1,5,14,10,6
1273,1,5,16,14,8
1274,1,5,16,18,10
1275,2,5,16,14,8
1276,2,5,14,8,4
1277,2,5,16,13,8
1278,2,5,14,6,4
1279,2,5,14,5,4
1367,1,9,16,20,14
1375,1,9,18,23,15
1392,1,4,12,10,8
1393,1,5,14,13,9
1394,1,5,14,15,9
1395,2,5,14,10,6
1396,1,5,14,13,9
1397,1,9,16,20,14
1398,2,5,14,10,6
1399,2,9,14,8,6
1404,1,5,16,16,10
1405,1,9,18,23,15
1406,2,5,16,12,7
1407,2,9,16,10,7
1495,1,9,18,25,15
1503,2,9,18,19,12
1520,1,4,14,12,9
1521,1,5,16,15,10
1522,1,5,16,18,10
1523,2,5,16,13,7
1524,1,5,16,18,10
1525,1,9,18,25,15
1526,2,5,16,14,7
1527,2,9,16,11,7
1528,1,5,16,15,10
1529,1,9,18,20,13
1530,1,5,18,24,14
1531,2,9,18,19,12
1532,2,5,16,13,7
1533,2,9,18,19,12
1534,2,5,16,10,6
1535,2,9,16,9,7
1536,1,1,6,2,2
1568,1,2,8,4,3
1570,1,2,10,5,4
1571,1,5,12,8,5
1574,1,4,12,10,8
1575,1,5,14,13,9
1582,1,5,14,13,9
1583,1,5,16,16,10
1584,1,2,10,6,4
1585,1,2,12,8,5
1586,1,5,12,9,5
1587,2,5,12,6,3
1590,1,5,14,15,9
1591,2,5,14,10,6
1598,1,5,16,18,10
1599,2,5,16,13,7
1600,1,2,8,4,3
1604,1,2,10,5,4
1606,1,4,12,10,8
1607,1,5,14,13,9
1612,1,5,12,8,5
1614,1,5,14,13,9
1615,1,5,16,16,10
1632,2,4,8,2,1
1634,2,4,10,3,2
1635,2,5,12,6,3
1636,2,4,10,3,2
1638,2,4,10,2,2
1639,2,5,12,4,3
1644,2,5,12,6,3
1646,2,5,12,4,3
1647,2,5,14,6,4
1648,2,4,10,3,2
1649,2,5,12,6,3
1650,2,5,12,7,3
1651,2,5,12,4,0
1652,2,5,12,5,3
1653,2,5,14,10,6
1654,2,5,12,5,3
1655,2,5,12,3,1
1660,2,5,14,8,4
1661,2,5,16,13,7
1662,2,5,14,7,4
1663,2,5,14,5,2
1728,1,2,10,6,4
1732,1,5,12,9,5
1734,1,5,14,15,9
1735,1,5,16,18,10
1736,1,2,12,8,5
1740,2,5,12,6,3
1742,2,5,14,10,6
1743,2,5,16,13,7
1760,2,4,10,3,2
1762,2,5,12,5,3
1763,2,5,14,8,4
1764,2,5,12,7,3
1766,2,5,12,5,3
1767,2,5,14,7,4
1768,2,5,12,6,3
1770,2,5,14,10,6
1771,2,5,16,13,7
1772,2,5,12,4,0
1774,2,5,12,3,1
1775,2,5,14,5,2
1776,2,4,12,4,3
1777,2,5,14,7,4
1778,2,5,14,9,4
1779,2,5,14,6,1
1780,2,5,14,9,4
1781,2,5,16,14,7
1782,2,5,14,8,4
1783,2,5,14,5,2
1784,2,5,14,7,4
1785,2,5,16,11,6
1786,2,5,16,14,7
1787,2,5,16,10,4
1788,2,5,14,6,1
1789,2,5,16,10,4
1790,2,5,14,5,2
1791,2,5,14,3,1
1792,1,1,8,3,3
1808,1,2,10,5,4
1809,1,2,12,6,5
1811,1,5,14,13,9
1815,1,9,16,20,14
1823,1,9,18,23,15
1824,1,2,10,6,4
1826,1,2,12,7,5
1827,1,5,14,13,9
1830,1,5,14,13,9
1831,1,9,16,20,14
1838,1,5,16,16,10
1839,1,9,18,23,15
1840,2,4,10,3,2
1841,2,4,12,4,3
1842,2,5,12,5,3
1843,2,5,12,4,3
1846,2,5,14,10,6
1847,2,9,14,8,6
1854,2,5,16,12,7
1855,2,9,16,10,7
1856,1,2,10,5,4
1860,1,2,12,6,5
1862,1,5,14,13,9
1863,1,9,16,20,14
1868,1,5,14,9,6
1870,1,5,16,16,10
1871,1,9,18,23,15
1872,1,4,12,10,8
1873,1,5,14,13,9
1876,1,5,14,13,9
1877,1,9,16,20,14
1884,1,5,16,16,10
1885,1,9,18,23,15
1888,2,4,10,3,2
1890,2,5,12,5,3
1891,2,5,14,10,6
1892,2,4,12,4,3
1894,2,5,12,4,3
1895,2,9,14,8,6
1900,2,5,14,7,4
1902,2,5,14,6,4
1903,2,9,16,10,7
1904,2,4,10,2,2
1905,2,5,12,4,3
1906,2,5,12,5,3
1907,2,5,12,3,1
1908,2,5,12,4,3
1909,2,9,14,8,6
1910,2,5,12,3,1
1911,3,9,12,3,1
1916,2,5,14,6,4
1917,2,9,16,10,7
1918,2,5,14,4,2
1919,3,9,14,4,2
1984,1,2,12,7,5
1988,1,5,14,10,6
1990,1,5,16,18,10
1991,1,9,18,25,15
1992,1,2,14,9,6
1996,2,5,14,7,4
1998,2,5,16,12,7
1999,2,9,18,19,12
2000,1,4,14,12,9
2001,1,5,16,15,10
2004,1,5,16,18,10
2005,1,9,18,25,15
2008,1,5,16,15,10
2009,1,9,18,20,13
2012,2,5,16,13,7
2013,2,9,18,19,12
2016,2,4,12,4,3
2018,2,5,14,7,4
2019,2,5,16,12,7
2020,2,5,14,8,4
2022,2,5,14,7,4
2023,2,9,16,11,7
2024,2,5,14,7,4
2026,2,5,16,12,7
2027,2,9,18,18,11
2028,2,5,14,5,1
2030,2,5,14,4,2
2031,2,9,16,8,5
2032,2,4,12,3,3
2033,2,5,14,5,4
2034,2,5,14,6,4
2035,2,5,14,4,2
2036,2,5,14,7,4
2037,2,9,16,11,7
2038,2,5,14,5,2
2039,3,9,14,4,2
2040,2,5,14,6,4
2041,2,9,16,9,6
2042,2,5,16,10,6
2043,2,9,16,8,5
2044,2,5,14,4,1
2045,2,9,16,7,4
2046,2,5,14,2,0
2047,3,9,14,2,1
2048,1,1,4,1,1
2176,1,1,6,2,2
2184,1,1,8,3,3
2188,1,2,10,5,4
2190,1,2,12,6,5
2191,1,2,14,7,6
2207,1,5,16,11,8
2222,1,5,14,13,9
2223,1,5,16,15,10
2238,1,5,16,15,10
2239,2,5,16,12,8
2240,1,2,8,4,3
2244,1,2,10,6,4
2246,1,2,12,8,5
2247,1,2,14,9,6
2248,1,2,10,6,4
2252,2,4,10,3,2
2254,2,4,12,4,3
2255,2,4,14,5,4
2263,1,5,16,15,10
2271,2,5,16,11,8
2272,1,2,10,5,4
2274,1,5,12,8,5
2275,1,5,14,10,6
2276,1,5,12,9,5
2278,2,5,12,6,3
2279,2,5,14,7,4
2280,1,2,12,7,5
2282,1,5,14,13,9
2283,1,5,16,15,10
2284,2,5,12,5,3
2286,2,5,12,4,3
2287,2,5,14,5,4
2288,1,2,12,6,5
2289,1,2,14,8,6
2290,1,5,14,10,6
2291,2,5,14,7,4
2292,1,5,14,10,6
2293,1,5,16,15,10
2294,2,5,14,7,4
2295,2,5,14,6,4
2296,1,2,14,8,6
2297,1,4,16,11,8
2298,1,5,16,15,10
2299,2,5,16,12,8
2300,2,5,14,6,4
2301,2,5,16,11,8
2302,2,5,14,5,4
2303,2,5,14,5,4
2463,1,9,18,16,12
2494,1,9,18,20,13
2495,2,9,18,16,11
2519,1,9,18,20,13
2527,2,9,18,16,11
2544,1,4,14,9,7
2545,1,4,16,11,8
2546,1,5,16,14,8
2547,2,5,16,9,5
2548,1,5,16,14,8
2549,1,9,18,20,13
2550,2,5,16,11,6
2551,2,9,16,9,6
2552,1,4,16,11,8
2553,1,9,18,16,12
2554,1,9,18,20,13
2555,2,9,18,16,11
2556,2,5,16,9,5
2557,2,9,18,16,11
2558,2,9,16,9,6
2559,2,9,16,9,7
2734,1,9,16,20,14
2735,1,9,18,23,15
2750,1,9,18,25,15
2751,2,9,18,19,12
2784,1,4,12,10,8
2786,1,5,14,13,9
2787,1,5,16,16,10
2788,1,5,14,15,9
2790,2,5,14,10,6
2791,2,5,16,12,7
2792,1,5,14,13,9
2794,1,9,16,20,14
2795,1,9,18,23,15
2796,2,5,14,10,6
2798,2,9,14,8,6
2799,2,9,16,10,7
2800,1,4,14,12,9
2801,1,5,16,15,10
2802,1,5,16,18,10
2803,2,5,16,13,7
2804,1,5,16,18,10
2805,1,5,18,24,14
2806,2,5,16,14,7
2807,2,5,16,10,6
2808,1,5,16,15,10
2809,1,9,18,20,13
2810,1,9,18,25,15
2811,2,9,18,19,12
2812,2,5,16,13,7
2813,2,9,18,19,12
2814,2,9,16,11,7
2815,2,9,16,9,7
2975,1,9,20,30,20
2990,1,9,18,23,15
2991,1,9,20,30,20
3006,2,9,18,19,12
3007,2,9,18,16,12
3040,1,4,14,12,9
3042,1,5,16,16,10
3043,1,5,18,22,14
3044,1,5,16,17,10
3046,2,5,16,13,7
3047,2,9,18,18,11
3048,1,5,16,15,10
3050,1,9,18,23,15
3051,1,9,20,30,20
3052,2,5,16,12,7
3054,2,9,16,10,7
3055,2,9,18,15,11
3056,2,4,14,9,7
3057,2,5,16,11,8
3058,2,5,16,13,8
3059,2,5,16,10,7
3060,2,5,16,14,8
3061,2,9,18,19,12
3062,2,5,16,10,4
3063,2,9,16,8,5
3064,2,5,16,12,8
3065,2,9,18,16,11
3066,2,9,18,19,12
3067,2,9,18,16,12
3068,2,5,16,9,5
3069,2,9,18,14,10
3070,2,9,16,7,4
3071,2,9,16,7,6
3072,1,1,6,2,2
3136,1,2,8,4,3
3140,1,2,10,5,4
3142,1,5,12,8,5
3143,1,5,14,9,6
3148,1,4,12,10,8
3150,1,5,14,13,9
3151,1,5,16,14,10
3159,1,5,16,16,10
3167,1,5,18,22,14
3168,1,2,10,6,4
3170,1,2,12,8,5
3171,1,2,14,10,6
3172,1,5,12,9,5
3174,2,5,12,6,3
3175,2,5,14,7,4
3180,1,5,14,15,9
3182,2,5,14,10,6
3183,2,5,16,11,7
3184,1,2,12,7,5
3185,1,5,14,10,6
3186,1,5,14,11,6
3187,2,5,14,8,4
3188,1,5,14,10,6
3189,1,5,16,16,10
3190,2,5,14,8,4
3191,2,5,14,6,4
3196,1,5,16,16,10
3197,1,5,18,22,14
3198,2,5,16,12,7
3199,2,5,16,10,7
3200,1,2,8,4,3
3208,1,2,10,5,4
3212,1,4,12,10,8
3214,1,5,14,13,9
3215,1,5,16,14,10
3231,1,5,18,22,14
3264,2,4,8,2,1
3268,2,4,10,3,2
3270,2,5,12,6,3
3271,2,5,14,7,4
3272,2,4,10,3,2
3276,2,4,10,2,2
3278,2,5,12,4,3
3279,2,5,14,5,4
3287,2,5,16,13,7
3295,2,5,16,10,7
3296,2,4,10,3,2
3298,2,5,12,6,3
3299,2,5,14,8,4
3300,2,5,12,7,3
3302,2,5,12,4,0
3303,2,5,14,5,1
3304,2,5,12,5,3
3306,2,5,14,10,6
3307,2,5,16,12,7
3308,2,5,12,5,3
3310,2,5,12,3,1
3311,2,5,14,4,2
3312,2,4,12,4,3
3313,2,5,14,7,4
3314,2,5,14,9,4
3315,2,5,14,6,2
3316,2,5,14,8,4
3317,2,5,16,13,7
3318,2,5,14,6,1
3319,2,5,14,4,1
3320,2,5,14,6,4
3321,2,5,16,9,5
3322,2,5,16,13,7
3323,2,5,16,9,5
3324,2,5,14,6,4
3325,2,5,16,10,7
3326,2,5,14,4,2
3327,2,5,14,3,2
3415,1,9,18,23,15
3423,1,9,20,30,20
3440,1,4,14,12,9
3441,1,5,16,15,10
3442,1,5,16,17,10
3443,2,5,16,12,7
3444,1,5,16,16,10
3445,1,9,18,23,15
3446,2,5,16,13,7
3447,2,9,16,10,7
3452,1,5,18,22,14
3453,1,9,20,30,20
3454,2,9,18,18,11
3455,2,9,18,15,11
3487,1,9,20,30,20
3543,2,9,18,19,12
3551,2,9,18,16,12
3568,2,4,14,9,7
3569,2,5,16,12,8
3570,2,5,16,14,8
3571,2,5,16,9,5
3572,2,5,16,13,8
3573,2,9,18,19,12
3574,2,5,16,10,4
3575,2,9,16,7,4
3576,2,5,16,11,8
3577,2,9,18,16,11
3578,2,9,18,19,12
3579,2,9,18,14,10
3580,2,5,16,10,7
3581,2,9,18,16,12
3582,2,9,16,8,5
3583,2,9,16,7,6
3584,1,1,8,3,3
3616,1,2,10,5,4
3618,1,2,12,6,5
3619,1,5,14,9,6
3622,1,5,14,13,9
3623,1,5,16,16,10
3630,1,9,16,20,14
3631,1,9,18,23,15
3632,1,2,12,7,5
3633,1,2,14,9,6
3634,1,5,14,10,6
3635,2,5,14,7,4
3638,1,5,16,18,10
3639,2,5,16,12,7
3646,1,9,18,25,15
3647,2,9,18,19,12
3648,1,2,10,6,4
3652,1,2,12,7,5
3654,1,5,14,13,9
3655,1,5,16,16,10
3660,1,5,14,13,9
3662,1,9,16,20,14
3663,1,9,18,23,15
3680,2,4,10,3,2
3682,2,4,12,4,3
3683,2,5,14,7,4
3684,2,5,12,5,3
3686,2,5,12,4,3
3687,2,5,14,6,4
3692,2,5,14,10,6
3694,2,9,14,8,6
3695,2,9,16,10,7
3696,2,4,12,4,3
3697,2,5,14,7,4
3698,2,5,14,8,4
3699,2,5,14,5,1
3700,2,5,14,7,4
3701,2,5,16,12,7
3702,2,5,14,7,4
3703,2,5,14,4,2
3708,2,5,16,12,7
3709,2,9,18,18,11
3710,2,9,16,11,7
3711,2,9,16,8,5
3712,1,2,10,5,4
3720,1,2,12,6,5
3724,1,5,14,13,9
3726,1,9,16,20,14
3727,1,9,18,23,15
3744,1,4,12,10,8
3746,1,5,14,13,9
3747,1,5,16,16,10
3752,1,5,14,13,9
3754,1,9,16,20,14
3755,1,9,18,23,15
3760,1,4,14,12,9
3761,1,5,16,15,10
3762,1,5,16,18,10
3763,2,5,16,13,7
3768,1,5,16,15,10
3769,1,9,18,20,13
3770,1,9,18,25,15
3771,2,9,18,19,12
3776,2,4,10,3,2
3780,2,5,12,5,3
3782,2,5,14,10,6
3783,2,5,16,12,7
3784,2,4,12,4,3
3788,2,5,12,4,3
3790,2,9,14,8,6
3791,2,9,16,10,7
3808,2,4,10,2,2
3810,2,5,12,4,3
3811,2,5,14,6,4
3812,2,5,12,5,3
3814,2,5,12,3,1
3815,2,5,14,4,2
3816,2,5,12,4,3
3818,2,9,14,8,6
3819,2,9,16,10,7
3820,2,5,12,3,1
3822,3,9,12,3,1
3823,3,9,14,4,2
3824,2,4,12,3,3
3825,2,5,14,6,4
3826,2,5,14,7,4
3827,2,5,14,4,1
3828,2,5,14,6,4
3829,2,5,16,10,6
3830,2,5,14,5,2
3831,2,5,14,2,0
3832,2,5,14,5,4
3833,2,9,16,9,6
3834,2,9,16,11,7
3835,2,9,16,7,4
3836,2,5,14,4,2
3837,2,9,16,8,5
3838,3,9,14,4,2
3839,3,9,14,2,1
3840,1,1,10,4,4
3856,1,2,12,6,5
3857,1,2,14,7,6
3859,1,5,16,14,10
3863,1,9,18,23,15
3871,1,9,20,30,20
3872,1,2,12,7,5
3874,1,2,14,8,6
3875,1,5,16,14,10
3878,1,5,16,16,10
3879,1,9,18,23,15
3886,1,9,18,23,15
3887,1,9,20,30,20
3888,2,4,12,4,3
3889,2,4,14,5,4
3890,2,5,14,6,4
3891,2,5,14,5,4
3894,2,5,16,13,7
3895,2,9,16,10,7
3902,2,9,18,19,12
3903,2,9,18,16,12
3904,1,2,12,7,5
3908,1,2,14,8,6
3910,1,5,16,16,10
3911,1,9,18,23,15
3916,1,5,16,14,10
3918,1,9,18,23,15
3919,1,9,20,30,20
3920,1,4,14,12,9
3921,1,5,16,15,10
3924,1,5,16,16,10
3925,1,9,18,23,15
3932,1,5,18,22,14
3933,1,9,20,30,20
3936,2,4,12,4,3
3938,2,5,14,6,4
3939,2,5,16,11,7
3940,2,5,14,6,4
3942,2,5,14,6,4
3943,2,9,16,10,7
3948,2,5,16,11,7
3950,2,9,16,10,7
3951,2,9,18,14,10
3952,2,4,12,3,3
3953,2,5,14,5,4
3954,2,5,14,6,4
3955,2,5,14,4,2
3956,2,5,14,6,4
3957,2,9,16,10,7
3958,2,5,14,5,2
3959,3,9,14,4,2
3964,2,5,16,10,7
3965,2,9,18,15,11
3966,2,9,16,8,5
3967,3,9,16,7,5
3968,1,2,12,6,5
3976,1,2,14,7,6
3980,1,5,16,14,10
3982,1,9,18,23,15
3983,1,9,20,30,20
3984,1,4,14,9,7
3985,1,5,16,11,8
3987,1,5,18,22,14
3992,1,5,16,11,8
3993,1,9,18,16,12
3995,1,9,20,30,20
3996,1,5,18,22,14
3997,1,9,20,30,20
4000,1,4,14,12,9
4002,1,5,16,16,10
4003,1,5,18,22,14
4008,1,5,16,15,10
4010,1,9,18,23,15
4011,1,9,20,30,20
4016,2,4,14,9,7
4017,2,5,16,11,8
4018,2,5,16,13,8
4019,2,5,16,10,7
4024,2,5,16,12,8
4025,2,9,18,16,11
4026,2,9,18,19,12
4027,2,9,18,16,12
4032,2,4,12,4,3
4036,2,5,14,6,4
4038,2,5,16,13,7
4039,2,9,18,19,12
4040,2,4,14,5,4
4044,2,5,14,5,4
4046,2,9,16,10,7
4047,2,9,18,16,12
4048,2,4,14,9,7
4049,2,5,16,12,8
4052,2,5,16,13,8
4053,2,9,18,19,12
4056,2,5,16,11,8
4057,2,9,18,16,11
4060,2,5,16,10,7
4061,2,9,18,16,12
4064,2,4,12,3,3
4066,2,5,14,6,4
4067,2,5,16,10,7
4068,2,5,14,6,4
4070,2,5,14,5,2
4071,2,9,16,8,5
4072,2,5,14,5,4
4074,2,9,16,10,7
4075,2,9,18,15,11
4076,2,5,14,4,2
4078,3,9,14,4,2
4079,3,9,16,7,5
4080,2,4,12,3,3
4081,2,5,14,5,4
4082,2,5,14,5,4
4083,2,5,14,3,2
4084,2,5,14,5,4
4085,2,9,16,9,7
4086,2,5,14,3,1
4087,3,9,14,2,1
4088,2,5,14,5,4
4089,2,9,16,9,7
4090,2,9,16,9,7
4091,2,9,16,7,6
4092,2,5,14,3,2
4093,2,9,16,7,6
4094,3,9,14,2,1
4095,3,9,14,2,2
4096,1,1,4,1,1
4352,1,1,6,2,2
4368,1,1,8,3,3
4369,1,1,10,4,4
4371,1,2,12,6,5
4375,1,2,14,7,6
4383,1,2,16,8,7
4400,1,2,10,5,4
4401,1,2,12,7,5
4402,1,2,12,7,5
4403,2,4,12,4,3
4406,1,2,14,9,6
4407,2,4,14,5,4
4414,1,2,16,10,7
4415,2,4,16,6,5
4439,1,5,16,14,10
4447,1,5,18,16,11
4464,1,2,12,6,5
4465,1,2,14,8,6
4466,1,5,14,10,6
4467,2,5,14,6,4
4468,1,5,14,9,6
4469,1,5,16,14,10
4470,2,5,14,7,4
4471,2,5,14,5,4
4476,1,5,16,11,7
4477,1,5,18,16,11
4478,2,5,16,8,5
4479,2,5,16,6,5
4511,1,5,18,12,9
4542,1,5,18,16,11
4543,2,5,18,12,9
4567,1,5,18,16,11
4575,2,5,18,13,9
4592,1,2,14,7,6
4593,1,2,16,9,7
4594,1,5,16,11,7
4595,2,5,16,7,5
4596,1,5,16,11,7
4597,1,5,18,16,11
4598,2,5,16,8,5
4599,2,5,16,6,5
4600,1,2,16,9,7
4601,1,4,18,12,9
4602,1,5,18,16,11
4603,2,5,18,12,9
4604,2,5,16,8,5
4605,2,5,18,13,9
4606,2,5,16,7,5
4607,2,5,16,6,5
4864,1,2,8,4,3
4880,1,2,10,6,4
4881,1,2,12,7,5
4883,1,4,14,12,9
4887,1,5,16,15,10
4895,1,5,18,16,11
4896,1,2,10,6,4
4898,1,2,12,7,5
4899,1,4,14,12,9
4902,1,5,14,10,6
4903,1,5,16,15,10
4910,1,5,16,11,7
4911,1,5,18,16,11
4912,2,4,10,3,2
4913,2,4,12,4,3
4914,2,4,12,4,3
4915,2,4,12,3,3
4918,2,5,14,7,4
4919,2,5,14,5,4
4926,2,5,16,8,5
4927,2,5,16,6,5
4960,1,2,12,8,5
4962,1,5,14,11,6
4963,1,5,16,17,10
4964,1,2,14,10,6
4966,2,5,14,8,4
4967,2,5,16,12,7
4972,1,2,16,12,7
4974,2,5,16,9,5
4975,2,5,18,13,8
4976,2,4,12,4,3
4977,2,5,14,6,4
4978,2,5,14,8,4
4979,2,5,14,6,4
4980,2,5,14,7,4
4981,2,5,16,11,7
4982,2,5,14,5,1
4983,2,5,14,4,2
4988,2,5,16,9,5
4989,2,5,18,13,8
4990,2,5,16,6,2
4991,2,5,16,5,3
5023,1,5,20,24,15
5038,1,5,18,18,11
5039,1,5,20,24,15
5054,2,5,18,14,8
5055,2,5,18,11,8
5088,1,2,14,9,6
5090,1,5,16,12,7
5091,1,5,18,18,11
5092,1,5,16,13,7
5094,2,5,16,10,5
5095,2,5,18,14,8
5096,1,5,16,12,7
5098,1,5,18,18,11
5099,1,5,20,24,15
5100,2,5,16,10,5
5102,2,5,16,8,5
5103,2,5,18,12,8
5104,2,4,14,5,4
5105,2,5,16,7,5
5106,2,5,16,9,5
5107,2,5,16,7,5
5108,2,5,16,10,5
5109,2,5,18,14,8
5110,2,5,16,7,2
5111,2,5,16,5,3
5112,2,5,16,8,5
5113,2,5,18,10,6
5114,2,5,18,14,8
5115,2,5,18,11,8
5116,2,5,16,7,3
5117,2,5,18,10,6
5118,2,5,16,5,2
5119,2,5,16,4,3
5463,1,9,18,23,15
5471,1,9,20,26,16
5488,1,5,14,13,9
5489,1,5,16,16,10
5490,1,5,16,18,10
5491,2,5,16,13,7
5492,1,5,16,16,10
5493,1,9,18,23,15
5494,2,5,16,12,7
5495,2,9,16,10,7
5500,1,5,18,19,11
5501,1,9,20,26,16
5502,2,5,18,14,8
5503,2,9,18,12,8
5591,1,9,20,28,16
5599,2,9,20,22,13
5616,1,5,16,15,10
5617,1,5,18,18,11
5618,1,5,18,21,11
5619,2,5,18,16,8
5620,1,5,18,21,11
5621,1,9,20,28,16
5622,2,5,18,16,8
5623,2,9,18,13,8
5624,1,5,18,18,11
5625,1,9,20,23,14
5626,1,5,20,27,15
5627,2,9,20,22,13
5628,2,5,18,16,8
5629,2,9,20,22,13
5630,2,5,18,12,7
5631,2,9,18,11,8
5888,1,2,10,5,4
5904,1,2,12,7,5
5905,1,2,14,8,6
5907,1,5,16,16,10
5911,1,9,18,23,15
5919,1,9,20,26,16
5920,1,5,12,9,5
5922,1,5,14,10,6
5923,1,5,16,16,10
5926,1,5,16,16,10
5927,1,9,18,23,15
5934,1,5,18,19,11
5935,1,9,20,26,16
5936,2,5,12,5,3
5937,2,5,14,6,4
5938,2,5,14,7,4
5939,2,5,14,6,4
5942,2,5,16,12,7
5943,2,9,16,10,7
5950,2,5,18,14,8
5951,2,9,18,12,8
5952,1,5,12,8,5
5956,1,5,14,9,6
5958,1,5,16,16,10
5959,1,9,18,23,15
5964,1,5,16,12,7
5966,1,5,18,19,11
5967,1,9,20,26,16
5968,1,5,14,13,9
5969,1,5,16,16,10
5972,1,5,16,16,10
5973,1,9,18,23,15
5980,1,5,18,19,11
5981,1,9,20,26,16
5984,2,5,12,6,3
5986,2,5,14,8,4
5987,2,5,16,13,7
5988,2,5,14,7,4
5990,2,5,14,6,4
5991,2,9,16,10,7
5996,2,5,16,10,5
5998,2,5,16,8,5
5999,2,9,18,12,8
6000,2,5,12,4,3
6001,2,5,14,6,4
6002,2,5,14,7,4
6003,2,5,14,5,2
6004,2,5,14,6,4
6005,2,9,16,10,7
6006,2,5,14,4,2
6007,3,9,14,4,2
6012,2,5,16,8,5
6013,2,9,18,12,8
6014,2,5,16,5,3
6015,3,9,16,5,3
6080,1,5,14,10,6
6084,1,5,16,13,7
6086,1,5,18,21,11
6087,1,9,20,28,16
6088,1,5,16,12,7
6092,2,5,16,10,5
6094,2,5,18,15,8
6095,2,9,20,22,13
6096,1,5,16,15,10
6097,1,5,18,18,11
6100,1,5,18,21,11
6101,1,9,20,28,16
6104,1,5,18,18,11
6105,1,9,20,23,14
6108,2,5,18,16,8
6109,2,9,20,22,13
6112,2,5,14,7,4
6114,2,5,16,10,5
6115,2,5,18,15,8
6116,2,5,16,11,5
6118,2,5,16,9,5
6119,2,9,18,13,8
6120,2,5,16,10,5
6122,2,5,18,15,8
6123,2,9,20,21,12
6124,2,5,16,8,2
6126,2,5,16,6,3
6127,2,9,18,10,6
6128,2,5,14,5,4
6129,2,5,16,7,5
6130,2,5,16,8,5
6131,2,5,16,6,3
6132,2,5,16,9,5
6133,2,9,18,13,8
6134,2,5,16,6,3
6135,3,9,16,5,3
6136,2,5,16,8,5
6137,2,9,18,11,7
6138,2,5,18,12,7
6139,2,9,18,10,6
6140,2,5,16,6,2
6141,2,9,18,9,5
6142,2,5,16,3,1
6143,3,9,16,3,2
6559,1,10,20,19,13
6590,1,10,20,23,14
6591,2,10,20,19,12
6615,1,10,20,23,14
6623,2,10,20,19,12
6640,1,5,16,11,8
6641,1,5,18,13,9
6642,1,5,18,16,9
6643,2,5,18,11,6
6644,1,10,18,17,9
6645,1,10,20,23,14
6646,2,10,18,13,7
6647,2,10,18,11,7
6648,1,10,18,14,9
6649,1,10,20,19,13
6650,1,10,20,23,14
6651,2,10,20,19,12
6652,2,10,18,12,6
6653,2,10,20,19,12
6654,2,10,18,11,7
6655,2,10,18,11,8
7071,1,10,22,34,21
7086,1,9,20,26,16
7087,1,10,22,34,21
7102,2,10,20,22,13
7103,2,10,20,19,13
7136,1,5,16,15,10
7138,1,5,18,19,11
7139,1,5,20,25,15
7140,1,5,18,20,11
7142,2,5,18,15,8
7143,2,10,20,21,12
7144,1,5,18,18,11
7146,1,9,20,26,16
7147,1,10,22,34,21
7148,2,5,18,15,8
7150,2,9,18,12,8
7151,2,10,20,18,12
7152,2,5,16,11,8
7153,2,5,18,13,9
7154,2,5,18,15,9
7155,2,5,18,12,8
7156,2,10,18,17,9
7157,2,10,20,22,13
7158,2,10,18,12,5
7159,2,10,18,10,6
7160,2,10,18,15,9
7161,2,10,20,19,12
7162,2,10,20,22,13
7163,2,10,20,19,13
7164,2,10,18,12,6
7165,2,10,20,17,11
7166,2,10,18,9,5
7167,2,10,18,9,7
7511,1,10,20,27,16
7519,1,10,22,34,21
7536,1,5,16,15,10
7537,1,5,18,18,11
7538,1,5,18,20,11
7539,2,5,18,15,8
7540,1,10,18,20,11
7541,1,10,20,27,16
7542,2,10,18,16,8
7543,2,10,18,13,8
7548,1,10,20,26,15
7549,1,10,22,34,21
7550,2,10,20,21,12
7551,2,10,20,18,12
7583,1,10,22,34,21
7639,2,10,20,23,13
7647,2,10,20,20,13
7664,2,5,16,12,8
7665,2,5,18,15,9
7666,2,5,18,17,9
7667,2,5,18,12,6
7668,2,10,18,17,9
7669,2,10,20,23,13
7670,2,10,18,13,5
7671,2,10,18,10,5
7672,2,10,18,15,9
7673,2,10,20,20,12
7674,2,10,20,23,13
7675,2,10,20,18,11
7676,2,10,18,14,8
7677,2,10,20,20,13
7678,2,10,18,11,6
7679,2,10,18,10,7
7936,1,2,12,6,5
7952,1,2,14,8,6
7953,1,2,16,9,7
7955,1,5,18,17,11
7959,1,10,20,27,16
7967,1,10,22,34,21
7968,1,5,14,10,6
7970,1,5,16,11,7
7971,1,5,18,17,11
7974,1,5,18,19,11
7975,1,10,20,27,16
7982,1,9,20,26,16
7983,1,10,22,34,21
7984,2,5,14,6,4
7985,2,5,16,7,5
7986,2,5,16,8,5
7987,2,5,16,7,5
7990,2,10,18,16,8
7991,2,10,18,13,8
7998,2,10,20,22,13
7999,2,10,20,19,13
8000,1,5,14,10,6
8004,1,5,16,11,7
8006,1,5,18,19,11
8007,1,10,20,27,16
8012,1,5,18,17,11
8014,1,9,20,26,16
8015,1,10,22,34,21
8016,1,5,16,15,10
8017,1,5,18,18,11
8020,1,10,18,20,11
8021,1,10,20,27,16
8028,1,10,20,26,15
8029,1,10,22,34,21
8032,2,5,14,7,4
8034,2,5,16,9,5
8035,2,5,18,14,8
8036,2,5,16,9,5
8038,2,5,16,8,5
8039,2,10,18,13,8
8044,2,5,18,14,8
8046,2,9,18,12,8
8047,2,10,20,17,11
8048,2,5,14,5,4
8049,2,5,16,7,5
8050,2,5,16,8,5
8051,2,5,16,6,3
8052,2,10,16,9,5
8053,2,10,18,13,8
8054,2,10,16,7,3
8055,3,10,16,6,3
8060,2,10,18,13,8
8061,2,10,20,18,12
8062,2,10,18,10,6
8063,3,10,18,9,6
8064,1,2,14,8,6
8072,1,2,16,9,7
8076,1,5,18,17,11
8078,1,9,20,26,16
8079,1,10,22,34,21
8080,1,4,16,11,8
8081,1,5,18,13,9
8083,1,5,20,25,15
8088,1,10,18,14,9
8089,1,10,20,19,13
8091,1,10,22,34,21
8092,1,10,20,26,15
8093,1,10,22,34,21
8096,1,5,16,15,10
8098,1,5,18,19,11
8099,1,5,20,25,15
8104,1,5,18,18,11
8106,1,9,20,26,16
8107,1,10,22,34,21
8112,2,5,16,11,8
8113,2,5,18,13,9
8114,2,5,18,15,9
8115,2,5,18,12,8
8120,2,10,18,15,9
8121,2,10,20,19,12
8122,2,10,20,22,13
8123,2,10,20,19,13
8128,2,5,14,7,4
8132,2,5,16,9,5
8134,2,5,18,16,8
8135,2,10,20,23,13
8136,2,5,16,8,5
8140,2,5,16,8,5
8142,2,9,18,13,8
8143,2,10,20,20,13
8144,2,5,16,12,8
8145,2,5,18,15,9
8148,2,10,18,17,9
8149,2,10,20,23,13
8152,2,10,18,15,9
8153,2,10,20,20,12
8156,2,10,18,14,8
8157,2,10,20,20,13
8160,2,5,14,6,4
8162,2,5,16,9,5
8163,2,5,18,13,8
8164,2,5,16,9,5
8166,2,5,16,7,3
8167,2,10,18,11,6
8168,2,5,16,8,5
8170,2,9,18,13,8
8171,2,10,20,19,12
8172,2,5,16,7,3
8174,3,9,16,6,3
8175,3,10,18,10,6
8176,2,5,14,5,4
8177,2,5,16,7,5
8178,2,5,16,7,5
8179,2,5,16,5,3
8180,2,10,16,8,5
8181,2,10,18,12,8
8182,2,10,16,5,2
8183,3,10,16,4,2
8184,2,10,16,8,5
8185,2,10,18,12,8
8186,2,10,18,12,8
8187,2,10,18,10,7
8188,2,10,16,6,3
8189,2,10,18,10,7
8190,3,10,16,4,2
8191,3,10,16,4,3
8192,1,1,4,1,1
8704,1,1,6,2,2
8736,1,1,8,3,3
8738,1,1,10,4,4
8739,1,2,12,6,5
8742,1,2,12,6,5
8743,1,2,14,8,6
8750,1,2,14,7,6
8751,1,2,16,9,7
8752,1,2,10,5,4
8753,1,2,12,7,5
8754,1,2,12,7,5
8755,2,4,12,4,3
8758,1,5,14,10,6
8759,2,5,14,6,4
8766,1,5,16,11,7
8767,2,5,16,7,5
8800,1,2,10,5,4
8802,1,2,12,7,5
8803,1,5,14,10,6
8804,1,2,12,7,5
8806,2,4,12,4,3
8807,2,5,14,6,4
8812,1,2,14,9,6
8814,2,4,14,5,4
8815,2,5,16,7,5
8816,1,2,12,7,5
8817,1,5,14,10,6
8818,1,5,14,12,6
8819,2,5,14,8,4
8820,1,5,14,10,6
8821,1,5,16,16,10
8822,2,5,14,8,4
8823,2,5,14,6,4
8828,1,5,16,12,7
8829,1,5,18,18,11
8830,2,5,16,9,5
8831,2,5,16,7,5
8878,1,5,16,14,10
8879,1,5,18,17,11
8894,1,8,18,20,11
8895,2,8,18,15,9
8928,1,2,12,6,5
8930,1,2,14,8,6
8931,1,5,16,11,7
8932,1,5,14,10,6
8934,2,5,14,6,4
8935,2,5,16,8,5
8936,1,5,14,9,6
8938,1,5,16,14,10
8939,1,5,18,17,11
8940,2,5,14,7,4
8942,2,5,14,5,4
8943,2,5,16,7,5
8944,1,2,14,8,6
8945,1,5,16,11,7
8946,1,8,16,14,7
8947,2,8,16,10,5
8948,1,8,16,14,7
8949,1,8,18,20,11
8950,2,8,16,11,5
8951,2,8,16,8,5
8952,1,5,16,11,7
8953,1,5,18,15,9
8954,1,8,18,20,11
8955,2,8,18,15,9
8956,2,8,16,11,5
8957,2,8,18,16,9
8958,2,8,16,9,5
8959,2,8,16,7,5
8960,1,2,8,4,3
8976,1,2,10,6,4
8977,1,2,12,7,5
8979,1,4,14,12,9
8983,1,5,16,15,10
8991,1,5,18,16,11
8992,1,2,10,6,4
8994,1,2,12,7,5
8995,1,4,14,12,9
8998,1,5,14,10,6
8999,1,5,16,15,10
9006,1,5,16,11,7
9007,1,5,18,16,11
9008,2,4,10,3,2
9009,2,4,12,4,3
9010,2,4,12,4,3
9011,2,4,12,3,3
9014,2,5,14,7,4
9015,2,5,14,5,4
9022,2,5,16,8,5
9023,2,5,16,6,5
9056,1,5,12,9,5
9058,1,5,14,12,6
9059,1,5,16,18,10
9060,1,5,14,11,6
9062,2,5,14,9,4
9063,2,5,16,13,7
9068,1,5,16,13,7
9070,2,5,16,10,5
9071,2,5,18,14,8
9072,2,5,12,5,3
9073,2,5,14,7,4
9074,2,5,14,9,4
9075,2,5,14,6,4
9076,2,5,14,8,4
9077,2,5,16,12,7
9078,2,5,14,6,1
9079,2,5,14,4,2
9084,2,5,16,10,5
9085,2,5,18,14,8
9086,2,5,16,7,2
9087,2,5,16,5,3
9119,1,8,20,26,15
9134,1,8,18,20,11
9135,1,8,20,26,15
9150,2,8,18,16,8
9151,2,8,18,12,8
9184,1,5,14,10,6
9186,1,8,16,14,7
9187,1,8,18,20,11
9188,1,8,16,15,7
9190,2,8,16,12,5
9191,2,8,18,16,8
9192,1,5,16,13,7
9194,1,8,18,20,11
9195,1,8,20,26,15
9196,2,8,16,12,5
9198,2,8,16,10,5
9199,2,8,18,14,8
9200,2,5,14,6,4
9201,2,5,16,8,5
9202,2,8,16,11,5
9203,2,8,16,8,5
9204,2,8,16,12,5
9205,2,8,18,16,8
9206,2,8,16,9,2
9207,2,8,16,6,3
9208,2,5,16,9,5
9209,2,5,18,11,6
9210,2,8,18,16,8
9211,2,8,18,12,8
9212,2,8,16,9,3
9213,2,8,18,12,6
9214,2,8,16,7,2
9215,2,8,16,5,3
9728,1,2,8,4,3
9760,1,2,10,6,4
9762,1,2,12,7,5
9763,1,5,14,10,6
9766,1,4,14,12,9
9767,1,5,16,15,10
9774,1,5,16,15,10
9775,1,5,18,18,11
9776,1,5,12,9,5
9777,1,5,14,11,6
9778,1,5,14,12,6
9779,2,5,14,9,4
9782,1,5,16,18,10
9783,2,5,16,13,7
9790,1,5,18,21,11
9791,2,5,18,16,8
9792,1,2,10,6,4
9796,1,2,12,7,5
9798,1,4,14,12,9
9799,1,5,16,15,10
9804,1,5,14,10,6
9806,1,5,16,15,10
9807,1,5,18,18,11
9824,2,4,10,3,2
9826,2,4,12,4,3
9827,2,5,14,7,4
9828,2,4,12,4,3
9830,2,4,12,3,3
9831,2,5,14,5,4
9836,2,5,14,7,4
9838,2,5,14,5,4
9839,2,5,16,7,5
9840,2,5,12,5,3
9841,2,5,14,8,4
9842,2,5,14,9,4
9843,2,5,14,6,1
9844,2,5,14,7,4
9845,2,5,16,12,7
9846,2,5,14,6,4
9847,2,5,14,4,2
9852,2,5,16,10,5
9853,2,5,18,15,8
9854,2,5,16,8,5
9855,2,5,16,6,3
9920,1,2,12,8,5
9924,1,5,14,11,6
9926,1,5,16,17,10
9927,1,5,18,20,11
9928,1,2,14,10,6
9932,2,5,14,8,4
9934,2,5,16,12,7
9935,2,5,18,15,8
9952,2,4,12,4,3
9954,2,5,14,6,4
9955,2,5,16,9,5
9956,2,5,14,8,4
9958,2,5,14,6,4
9959,2,5,16,8,5
9960,2,5,14,7,4
9962,2,5,16,11,7
9963,2,5,18,14,8
9964,2,5,14,5,1
9966,2,5,14,4,2
9967,2,5,16,6,3
9968,2,5,14,6,4
9969,2,5,16,9,5
9970,2,8,16,12,5
9971,2,8,16,9,2
9972,2,8,16,12,5
9973,2,8,18,17,8
9974,2,8,16,10,5
9975,2,8,16,7,3
9976,2,5,16,9,5
9977,2,5,18,13,7
9978,2,8,18,17,8
9979,2,8,18,13,5
9980,2,8,16,9,2
9981,2,8,18,13,5
9982,2,8,16,7,3
9983,2,8,16,5,2
9984,1,2,10,6,4
10000,1,5,12,9,5
10001,1,5,14,10,6
10003,1,5,16,18,10
10007,1,9,18,25,15
10015,1,9,20,28,16
10016,1,5,12,11,5
10018,1,5,14,12,6
10019,1,5,16,18,10
10022,1,5,16,18,10
10023,1,9,18,25,15
10030,1,5,18,21,11
10031,1,9,20,28,16
10032,2,5,12,7,3
10033,2,5,14,8,4
10034,2,5,14,9,4
10035,2,5,14,7,4
10038,2,5,16,14,7
10039,2,9,16,11,7
10046,2,5,18,16,8
10047,2,9,18,13,8
10048,1,5,12,9,5
10052,1,5,14,10,6
10054,1,5,16,18,10
10055,1,9,18,25,15
10060,1,5,16,13,7
10062,1,5,18,21,11
10063,1,9,20,28,16
10064,1,5,14,15,9
10065,1,5,16,18,10
10068,1,5,16,18,10
10069,1,9,18,25,15
10076,1,5,18,21,11
10077,1,9,20,28,16
10080,2,5,12,7,3
10082,2,5,14,9,4
10083,2,5,16,14,7
10084,2,5,14,8,4
10086,2,5,14,7,4
10087,2,9,16,11,7
10092,2,5,16,11,5
10094,2,5,16,9,5
10095,2,9,18,13,8
10096,2,5,12,5,3
10097,2,5,14,7,4
10098,2,5,14,8,4
10099,2,5,14,5,2
10100,2,5,14,7,4
10101,2,9,16,11,7
10102,2,5,14,5,2
10103,3,9,14,4,2
10108,2,5,16,9,5
10109,2,9,18,13,8
10110,2,5,16,6,3
10111,3,9,16,5,3
10176,1,5,14,11,6
10180,1,8,16,15,7
10182,1,8,18,24,11
10183,1,9,20,31,16
10184,1,5,16,13,7
10188,2,8,16,12,5
10190,2,8,18,18,8
10191,2,9,20,25,13
10192,1,5,16,17,10
10193,1,5,18,20,11
10196,1,8,18,24,11
10197,1,9,20,31,16
10200,1,5,18,20,11
10201,1,9,20,25,14
10204,2,8,18,19,8
10205,2,9,20,25,13
10208,2,5,14,8,4
10210,2,8,16,12,5
10211,2,8,18,17,8
10212,2,8,16,13,5
10214,2,8,16,11,5
10215,2,9,18,15,8
10216,2,5,16,11,5
10218,2,8,18,17,8
10219,2,9,20,23,12
10220,2,8,16,10,2
10222,2,8,16,8,3
10223,2,9,18,12,6
10224,2,5,14,6,4
10225,2,5,16,8,5
10226,2,8,16,10,5
10227,2,8,16,7,3
10228,2,8,16,11,5
10229,2,9,18,15,8
10230,2,8,16,8,3
10231,3,9,16,6,3
10232,2,5,16,9,5
10233,2,9,18,12,7
10234,2,8,18,14,7
10235,2,9,18,11,6
10236,2,8,16,8,2
10237,2,9,18,11,5
10238,2,8,16,5,1
10239,3,9,16,4,2
10926,1,9,18,23,15
10927,1,10,20,27,16
10942,1,10,20,31,16
10943,2,10,20,25,13
10976,1,5,14,13,9
10978,1,5,16,16,10
10979,1,5,18,19,11
10980,1,5,16,18,10
10982,2,5,16,13,7
10983,2,10,18,16,8
10984,1,5,16,16,10
10986,1,9,18,23,15
10987,1,10,20,27,16
10988,2,5,16,12,7
10990,2,9,16,10,7
10991,2,10,18,13,8
10992,1,5,16,16,10
10993,1,5,18,19,11
10994,1,8,18,23,11
10995,2,8,18,18,8
10996,1,10,18,24,11
10997,1,10,20,30,15
10998,2,10,18,19,8
10999,2,10,18,15,7
11000,1,10,18,20,11
11001,1,10,20,25,14
11002,1,10,20,31,16
11003,2,10,20,25,13
11004,2,10,18,18,8
11005,2,10,20,24,13
11006,2,10,18,15,8
11007,2,10,18,13,8
11167,1,10,22,38,21
11182,1,9,20,30,16
11183,1,10,22,38,21
11198,2,10,20,25,13
11199,2,10,20,21,13
11232,1,5,16,18,10
11234,1,8,18,23,11
11235,1,8,20,29,15
11236,1,8,18,24,11
11238,2,8,18,19,8
11239,2,10,20,25,12
11240,1,5,18,21,11
11242,1,9,20,30,16
11243,1,10,22,38,21
11244,2,8,18,18,8
11246,2,9,18,15,8
11247,2,10,20,21,12
11248,2,5,16,13,8
11249,2,5,18,15,9
11250,2,8,18,18,9
11251,2,8,18,14,8
11252,2,10,18,20,9
11253,2,10,20,25,13
11254,2,10,18,15,5
11255,2,10,18,12,6
11256,2,10,18,17,9
11257,2,10,20,21,12
11258,2,10,20,25,13
11259,2,10,20,21,13
11260,2,10,18,15,6
11261,2,10,20,20,11
11262,2,10,18,12,5
11263,2,10,18,11,7
11776,1,2,10,5,4
11808,1,2,12,7,5
11810,1,2,14,8,6
11811,1,5,16,11,7
11814,1,5,16,16,10
11815,1,10,18,20,11
11822,1,9,18,23,15
11823,1,10,20,27,16
11824,1,5,14,10,6
11825,1,5,16,12,7
11826,1,8,16,14,7
11827,2,8,16,11,5
11830,1,10,18,24,11
11831,2,10,18,18,8
11838,1,10,20,31,16
11839,2,10,20,25,13
11840,1,5,12,9,5
11844,1,5,14,10,6
11846,1,5,16,16,10
11847,1,10,18,20,11
11852,1,5,16,16,10
11854,1,9,18,23,15
11855,1,10,20,27,16
11872,2,5,12,5,3
11874,2,5,14,6,4
11875,2,5,16,9,5
11876,2,5,14,7,4
11878,2,5,14,6,4
11879,2,10,16,9,5
11884,2,5,16,12,7
11886,2,9,16,10,7
11887,2,10,18,13,8
11888,2,5,14,7,4
11889,2,5,16,10,5
11890,2,8,16,12,5
11891,2,8,16,9,2
11892,2,10,16,12,5
11893,2,10,18,17,8
11894,2,10,16,11,5
11895,2,10,16,8,3
11900,2,10,18,17,8
11901,2,10,20,23,12
11902,2,10,18,15,8
11903,2,10,18,12,6
11904,1,5,12,8,5
11912,1,5,14,9,6
11916,1,5,16,16,10
11918,1,9,18,23,15
11919,1,10,20,27,16
11936,1,5,14,13,9
11938,1,5,16,16,10
11939,1,5,18,19,11
11944,1,5,16,16,10
11946,1,9,18,23,15
11947,1,10,20,27,16
11952,1,5,16,16,10
11953,1,5,18,19,11
11954,1,8,18,23,11
11955,2,8,18,18,8
11960,1,10,18,20,11
11961,1,10,20,25,14
11962,1,10,20,31,16
11963,2,10,20,25,13
11968,2,5,12,6,3
11972,2,5,14,8,4
11974,2,5,16,13,7
11975,2,10,18,16,8
11976,2,5,14,7,4
11980,2,5,14,6,4
11982,2,9,16,10,7
11983,2,10,18,13,8
12000,2,5,12,4,3
12002,2,5,14,6,4
12003,2,5,16,8,5
12004,2,5,14,7,4
12006,2,5,14,5,2
12007,2,10,16,7,3
12008,2,5,14,6,4
12010,2,9,16,10,7
12011,2,10,18,13,8
12012,2,5,14,4,2
12014,3,9,14,4,2
12015,3,10,16,6,3
12016,2,5,14,6,4
12017,2,5,16,9,5
12018,2,8,16,11,5
12019,2,8,16,8,2
12020,2,10,16,11,5
12021,2,10,18,15,7
12022,2,10,16,9,3
12023,2,10,16,6,1
12024,2,10,16,9,5
12025,2,10,18,13,7
12026,2,10,18,16,8
12027,2,10,18,12,5
12028,2,10,16,8,3
12029,2,10,18,12,6
12030,3,10,16,7,3
12031,3,10,16,5,2
12032,1,2,12,7,5
12048,1,5,14,10,6
12049,1,5,16,11,7
12051,1,8,18,20,11
12055,1,10,20,31,16
12063,1,10,22,38,21
12064,1,5,14,12,6
12066,1,8,16,14,7
12067,1,8,18,20,11
12070,1,8,18,23,11
12071,1,10,20,31,16
12078,1,9,20,30,16
12079,1,10,22,38,21
12080,2,5,14,8,4
12081,2,5,16,9,5
12082,2,8,16,11,5
12083,2,8,16,9,5
12086,2,10,18,19,8
12087,2,10,18,15,8
12094,2,10,20,25,13
12095,2,10,20,21,13
12096,1,5,14,12,6
12100,1,8,16,14,7
12102,1,8,18,23,11
12103,1,10,20,31,16
12108,1,8,18,20,11
12110,1,9,20,30,16
12111,1,10,22,38,21
12112,1,5,16,18,10
12113,1,5,18,21,11
12116,1,10,18,24,11
12117,1,10,20,31,16
12124,1,10,20,30,15
12125,1,10,22,38,21
12128,2,5,14,9,4
12130,2,8,16,12,5
12131,2,8,18,17,8
12132,2,8,16,12,5
12134,2,8,16,11,5
12135,2,10,18,16,8
12140,2,8,18,17,8
12142,2,9,18,15,8
12143,2,10,20,20,11
12144,2,5,14,6,4
12145,2,5,16,8,5
12146,2,8,16,10,5
12147,2,8,16,7,3
12148,2,10,16,11,5
12149,2,10,18,15,8
12150,2,10,16,9,3
12151,3,10,16,7,3
12156,2,10,18,15,8
12157,2,10,20,20,12
12158,2,10,18,12,6
12159,3,10,18,10,6
12160,1,5,14,10,6
12168,1,5,16,11,7
12172,1,8,18,20,11
12174,1,9,20,30,16
12175,1,10,22,38,21
12176,1,5,16,14,8
12177,1,5,18,16,9
12179,1,8,20,29,15
12184,1,10,18,17,9
12185,1,10,20,22,13
12187,1,10,22,38,21
12188,1,10,20,30,15
12189,1,10,22,38,21
12192,1,5,16,18,10
12194,1,8,18,23,11
12195,1,8,20,29,15
12200,1,5,18,21,11
12202,1,9,20,30,16
12203,1,10,22,38,21
12208,2,5,16,13,8
12209,2,5,18,15,9
12210,2,8,18,18,9
12211,2,8,18,14,8
12216,2,10,18,17,9
12217,2,10,20,21,12
12218,2,10,20,25,13
12219,2,10,20,21,13
12224,2,5,14,9,4
12228,2,8,16,12,5
12230,2,8,18,19,8
12231,2,10,20,26,13
12232,2,5,16,10,5
12236,2,8,16,10,5
12238,2,9,18,15,8
12239,2,10,20,22,13
12240,2,5,16,14,8
12241,2,5,18,17,9
12244,2,10,18,20,9
12245,2,10,20,26,13
12248,2,10,18,17,9
12249,2,10,20,22,12
12252,2,10,18,16,8
12253,2,10,20,22,13
12256,2,5,14,7,4
12258,2,8,16,11,5
12259,2,8,18,15,8
12260,2,8,16,11,5
12262,2,8,16,9,3
12263,2,10,18,13,6
12264,2,5,16,9,5
12266,2,9,18,15,8
12267,2,10,20,21,12
12268,2,8,16,8,3
12270,3,9,16,7,3
12271,3,10,18,11,6
12272,2,5,14,5,4
12273,2,5,16,7,5
12274,2,8,16,8,5
12275,2,8,16,6,3
12276,2,10,16,9,5
12277,2,10,18,13,8
12278,2,10,16,6,2
12279,3,10,16,5,2
12280,2,10,16,8,5
12281,2,10,18,12,8
12282,2,10,18,13,8
12283,2,10,18,11,7
12284,2,10,16,7,3
12285,2,10,18,11,7
12286,3,10,16,5,2
12287,3,10,16,5,3
12288,1,1,6,2,2
12544,1,2,8,4,3
12560,1,2,10,5,4
12561,1,2,12,6,5
12563,1,4,14,9,7
12567,1,5,16,11,8
12575,1,5,18,12,9
12592,1,4,12,10,8
12593,1,4,14,12,9
12594,1,4,14,12,9
12595,2,4,14,9,7
12598,1,5,16,15,10
12599,2,5,16,11,8
12606,1,5,18,16,11
12607,2,5,18,12,9
12631,1,5,18,22,14
12639,1,5,20,24,15
12656,1,5,14,13,9
12657,1,5,16,16,10
12658,1,5,16,18,10
12659,2,5,16,13,8
12660,1,5,16,16,10
12661,1,5,18,22,14
12662,2,5,16,13,7
12663,2,5,16,10,7
12668,1,5,18,18,11
12669,1,5,20,24,15
12670,2,5,18,14,8
12671,2,5,18,11,8
12703,1,8,20,20,11
12734,1,8,20,26,15
12735,2,8,20,20,13
12759,1,8,20,26,15
12767,2,8,20,22,13
12784,1,5,16,14,10
12785,1,5,18,17,11
12786,1,8,18,20,11
12787,2,8,18,15,9
12788,1,8,18,20,11
12789,1,8,20,26,15
12790,2,8,18,16,8
12791,2,8,18,12,8
12792,1,5,18,17,11
12793,1,5,20,21,13
12794,1,8,20,26,15
12795,2,8,20,20,13
12796,2,8,18,17,9
12797,2,8,20,22,13
12798,2,8,18,14,8
12799,2,8,18,11,8
12800,1,2,8,4,3
12832,1,2,10,5,4
12834,1,2,12,6,5
12835,1,4,14,9,7
12838,1,2,14,8,6
12839,1,4,16,11,8
12846,1,2,16,9,7
12847,1,4,18,12,9
12848,1,4,12,10,8
12849,1,4,14,12,9
12850,1,4,14,12,9
12851,2,4,14,9,7
12854,1,5,16,15,10
12855,2,5,16,11,8
12862,1,5,18,16,11
12863,2,5,18,12,9
12896,1,5,12,8,5
12898,1,5,14,10,6
12899,1,5,16,14,8
12900,1,5,14,10,6
12902,2,5,14,7,4
12903,2,5,16,9,5
12908,1,5,16,12,7
12910,2,5,16,8,5
12911,2,5,18,10,6
12912,1,5,14,13,9
12913,1,5,16,16,10
12914,1,5,16,18,10
12915,2,5,16,13,8
12916,1,5,16,16,10
12917,1,5,18,22,14
12918,2,5,16,13,7
12919,2,5,16,10,7
12924,1,5,18,18,11
12925,1,5,20,24,15
12926,2,5,18,14,8
12927,2,5,18,11,8
12974,1,5,18,17,11
12975,1,5,20,21,13
12990,1,8,20,26,15
12991,2,8,20,20,13
13024,1,5,14,9,6
13026,1,5,16,11,7
13027,1,5,18,15,9
13028,1,5,16,13,7
13030,2,5,16,9,5
13031,2,5,18,11,6
13032,1,5,16,12,7
13034,1,5,18,17,11
13035,1,5,20,21,13
13036,2,5,16,10,5
13038,2,5,16,8,5
13039,2,5,18,10,6
13040,1,5,16,14,10
13041,1,5,18,17,11
13042,1,8,18,20,11
13043,2,8,18,15,9
13044,1,8,18,20,11
13045,1,8,20,26,15
13046,2,8,18,16,8
13047,2,8,18,12,8
13048,1,5,18,17,11
13049,1,5,20,21,13
13050,1,8,20,26,15
13051,2,8,20,20,13
13052,2,8,18,17,9
13053,2,8,20,22,13
13054,2,8,18,14,8
13055,2,8,18,11,8
13056,2,4,8,2,1
13072,2,4,10,3,2
13073,2,4,12,4,3
13075,2,4,14,9,7
13079,2,5,16,12,8
13087,2,5,18,13,9
13088,2,4,10,3,2
13090,2,4,12,4,3
13091,2,4,14,9,7
13094,2,5,14,7,4
13095,2,5,16,12,8
13102,2,5,16,8,5
13103,2,5,18,13,9
13104,2,4,10,2,2
13105,2,4,12,3,3
13106,2,4,12,3,3
13107,2,4,12,3,3
13110,2,5,14,6,4
13111,2,5,14,5,4
13118,2,5,16,7,5
13119,2,5,16,6,5
13152,2,5,12,6,3
13154,2,5,14,9,4
13155,2,5,16,14,8
13156,2,5,14,8,4
13158,2,5,14,6,2
13159,2,5,16,9,5
13164,2,5,16,10,5
13166,2,5,16,7,3
13167,2,5,18,10,6
13168,2,5,12,4,3
13169,2,5,14,6,4
13170,2,5,14,7,4
13171,2,5,14,5,4
13172,2,5,14,6,4
13173,2,5,16,10,7
13174,2,5,14,4,1
13175,2,5,14,3,2
13180,2,5,16,8,5
13181,2,5,18,12,8
13182,2,5,16,5,2
13183,2,5,16,4,3
13215,2,8,20,22,13
13230,2,8,18,17,9
13231,2,8,20,22,13
13246,2,8,18,14,8
13247,2,8,18,11,8
13280,2,5,14,7,4
13282,2,8,16,11,5
13283,2,8,18,16,9
13284,2,8,16,12,5
13286,2,8,16,9,3
13287,2,8,18,12,6
13288,2,5,16,10,5
13290,2,8,18,17,9
13291,2,8,20,22,13
13292,2,8,16,9,3
13294,2,8,16,7,3
13295,2,8,18,10,6
13296,2,5,14,5,4
13297,2,5,16,7,5
13298,2,8,16,9,5
13299,2,8,16,7,5
13300,2,8,16,10,5
13301,2,8,18,14,8
13302,2,8,16,7,2
13303,2,8,16,5,3
13304,2,5,16,8,5
13305,2,5,18,10,6
13306,2,8,18,14,8
13307,2,8,18,11,8
13308,2,8,16,7,3
13309,2,8,18,10,6
13310,2,8,16,5,2
13311,2,8,16,4,3
13824,1,2,10,6,4
13856,1,5,12,9,5
13858,1,5,14,10,6
13859,1,5,16,14,8
13862,1,5,16,15,10
13863,1,9,18,20,13
13870,1,5,18,18,11
13871,1,9,20,23,14
13872,1,5,14,15,9
13873,1,5,16,17,10
13874,1,5,16,18,10
13875,2,5,16,14,8
13878,1,5,18,24,14
13879,2,9,18,19,12
13886,1,5,20,27,15
13887,2,9,20,22,13
13888,1,2,12,8,5
13892,1,2,14,9,6
13894,1,5,16,15,10
13895,1,9,18,20,13
13900,1,5,16,12,7
13902,1,5,18,18,11
13903,1,9,20,23,14
13920,2,5,12,6,3
13922,2,5,14,7,4
13923,2,5,16,11,6
13924,2,5,14,7,4
13926,2,5,14,6,4
13927,2,9,16,9,6
13932,2,5,16,10,5
13934,2,5,16,8,5
13935,2,9,18,11,7
13936,2,5,14,10,6
13937,2,5,16,13,7
13938,2,5,16,14,7
13939,2,5,16,10,4
13940,2,5,16,12,7
13941,2,9,18,18,11
13942,2,5,16,10,6
13943,2,9,16,8,5
13948,2,5,18,15,8
13949,2,9,20,21,12
13950,2,5,18,12,7
13951,2,9,18,10,6
14016,1,2,14,10,6
14020,1,5,16,13,7
14022,1,5,18,20,11
14023,1,9,20,25,14
14024,1,2,16,12,7
14028,2,5,16,10,5
14030,2,5,18,15,8
14031,2,9,20,20,11
14048,2,5,14,7,4
14050,2,5,16,9,5
14051,2,5,18,13,7
14052,2,5,16,11,5
14054,2,5,16,9,5
14055,2,9,18,12,7
14056,2,5,16,10,5
14058,2,5,18,14,8
14059,2,9,20,19,11
14060,2,5,16,8,2
14062,2,5,16,7,3
14063,2,9,18,10,5
14064,2,5,16,11,7
14065,2,5,18,14,8
14066,2,8,18,17,8
14067,2,8,18,13,5
14068,2,8,18,17,8
14069,2,9,20,23,12
14070,2,8,18,14,7
14071,2,9,18,11,6
14072,2,5,18,14,8
14073,2,9,20,19,11
14074,2,8,20,22,11
14075,2,9,20,18,9
14076,2,8,18,14,5
14077,2,9,20,19,9
14078,2,8,18,11,5
14079,2,9,18,9,5
14080,2,4,10,3,2
14096,2,5,12,5,3
14097,2,5,14,6,4
14099,2,5,16,13,8
14103,2,9,18,19,12
14111,2,9,20,22,13
14112,2,5,12,7,3
14114,2,5,14,8,4
14115,2,5,16,13,8
14118,2,5,16,13,7
14119,2,9,18,19,12
14126,2,5,18,16,8
14127,2,9,20,22,13
14128,2,5,12,5,3
14129,2,5,14,6,4
14130,2,5,14,6,4
14131,2,5,14,5,4
14134,2,5,16,10,6
14135,2,9,16,9,7
14142,2,5,18,12,7
14143,2,9,18,11,8
14144,2,5,12,6,3
14148,2,5,14,7,4
14150,2,5,16,13,7
14151,2,9,18,19,12
14156,2,5,16,10,5
14158,2,5,18,16,8
14159,2,9,20,22,13
14160,2,5,14,10,6
14161,2,5,16,13,7
14164,2,5,16,12,7
14165,2,9,18,19,12
14172,2,5,18,15,8
14173,2,9,20,22,13
14176,2,5,12,4,0
14178,2,5,14,6,1
14179,2,5,16,10,4
14180,2,5,14,5,1
14182,2,5,14,4,1
14183,2,9,16,7,4
14188,2,5,16,8,2
14190,2,5,16,6,2
14191,2,9,18,9,5
14192,2,5,12,3,1
14193,2,5,14,5,2
14194,2,5,14,5,2
14195,2,5,14,3,1
14196,2,5,14,4,2
14197,2,9,16,8,5
14198,2,5,14,2,0
14199,3,9,14,2,1
14204,2,5,16,6,3
14205,2,9,18,10,6
14206,2,5,16,3,1
14207,3,9,16,3,2
14272,2,5,14,8,4
14276,2,8,16,12,5
14278,2,8,18,19,8
14279,2,9,20,25,13
14280,2,5,16,10,5
14284,2,8,16,9,3
14286,2,8,18,14,6
14287,2,9,20,20,11
14288,2,5,16,12,7
14289,2,5,18,15,8
14292,2,8,18,18,8
14293,2,9,20,25,13
14296,2,5,18,15,8
14297,2,9,20,20,11
14300,2,8,18,14,6
14301,2,9,20,20,11
14304,2,5,14,5,1
14306,2,8,16,9,2
14307,2,8,18,13,5
14308,2,8,16,10,2
14310,2,8,16,8,2
14311,2,9,18,11,5
14312,2,5,16,8,2
14314,2,8,18,14,5
14315,2,9,20,19,9
14316,2,8,16,8,0
14318,2,8,16,6,1
14319,2,9,18,9,4
14320,2,5,14,4,2
14321,2,5,16,6,3
14322,2,8,16,7,3
14323,2,8,16,5,2
14324,2,8,16,8,3
14325,2,9,18,12,6
14326,2,8,16,5,1
14327,3,9,16,4,2
14328,2,5,16,7,3
14329,2,9,18,10,5
14330,2,8,18,11,5
14331,2,9,18,9,5
14332,2,8,16,6,1
14333,2,9,18,9,4
14334,2,8,16,3,0
14335,3,9,16,2,1
14751,1,10,22,29,16
14782,1,10,22,37,20
14783,2,10,22,31,18
14807,1,10,22,37,20
14815,2,10,22,31,18
14832,1,5,18,22,14
14833,1,5,20,25,15
14834,1,8,20,29,15
14835,2,8,20,23,12
14836,1,10,20,30,15
14837,1,10,22,37,20
14838,2,10,20,24,11
14839,2,10,20,20,11
14840,1,10,20,26,15
14841,1,10,22,32,19
14842,1,10,22,37,20
14843,2,10,22,31,18
14844,2,10,20,24,12
14845,2,10,22,31,18
14846,2,10,20,20,11
14847,2,10,20,18,12
15022,1,9,20,26,16
15023,1,10,22,32,19
15038,1,10,22,37,20
15039,2,10,22,31,18
15072,1,5,16,16,10
15074,1,5,18,19,11
15075,1,5,20,23,13
15076,1,5,18,21,11
15078,2,5,18,16,8
15079,2,10,20,20,10
15080,1,5,18,19,11
15082,1,9,20,26,16
15083,1,10,22,32,19
15084,2,5,18,15,8
15086,2,9,18,13,8
15087,2,10,20,17,10
15088,1,5,18,22,14
15089,1,5,20,25,15
15090,1,8,20,29,15
15091,2,8,20,23,12
15092,1,10,20,30,15
15093,1,10,22,37,20
15094,2,10,20,24,11
15095,2,10,20,20,11
15096,1,10,20,26,15
15097,1,10,22,32,19
15098,1,10,22,37,20
15099,2,10,22,31,18
15100,2,10,20,24,12
15101,2,10,22,31,18
15102,2,10,20,20,11
15103,2,10,20,18,12
15263,2,10,22,31,17
15278,2,8,20,24,12
15279,2,10,22,31,17
15294,2,10,20,20,11
15295,2,10,20,18,12
15328,2,5,16,13,7
15330,2,8,18,18,8
15331,2,8,20,23,12
15332,2,8,18,19,8
15334,2,8,18,14,5
15335,2,10,20,19,9
15336,2,5,18,16,8
15338,2,8,20,24,12
15339,2,10,22,31,17
15340,2,8,18,14,6
15342,2,8,18,10,5
15343,2,10,20,15,9
15344,2,5,16,10,7
15345,2,5,18,12,8
15346,2,8,18,14,8
15347,2,8,18,12,8
15348,2,10,18,16,8
15349,2,10,20,21,12
15350,2,10,18,11,4
15351,2,10,18,10,6
15352,2,10,18,14,8
15353,2,10,20,17,10
15354,2,10,20,20,11
15355,2,10,20,18,12
15356,2,10,18,12,6
15357,2,10,20,16,10
15358,2,10,18,8,4
15359,2,10,18,8,6
15872,1,2,12,7,5
15904,1,5,14,10,6
15906,1,5,16,11,7
15907,1,5,18,15,9
15910,1,5,18,19,11
15911,1,10,20,25,14
15918,1,9,20,26,16
15919,1,10,22,32,19
15920,1,5,16,16,10
15921,1,5,18,18,11
15922,1,8,18,20,11
15923,2,8,18,16,9
15926,1,10,20,30,15
15927,2,10,20,24,13
15934,1,10,22,37,20
15935,2,10,22,31,18
15936,1,5,14,11,6
15940,1,5,16,12,7
15942,1,5,18,19,11
15943,1,10,20,25,14
15948,1,5,18,18,11
15950,1,9,20,26,16
15951,1,10,22,32,19
15968,2,5,14,8,4
15970,2,5,16,9,5
15971,2,5,18,13,7
15972,2,5,16,10,5
15974,2,5,16,9,5
15975,2,10,18,13,7
15980,2,5,18,15,8
15982,2,9,18,13,8
15983,2,10,20,17,10
15984,2,5,16,12,7
15985,2,5,18,15,8
15986,2,8,18,17,8
15987,2,8,18,13,5
15988,2,10,18,17,8
15989,2,10,20,23,12
15990,2,10,18,15,7
15991,2,10,18,12,6
15996,2,10,20,22,11
15997,2,10,22,29,16
15998,2,10,20,19,10
15999,2,10,20,16,9
16000,1,5,14,10,6
16008,1,5,16,11,7
16012,1,5,18,18,11
16014,1,9,20,26,16
16015,1,10,22,32,19
16032,1,5,16,16,10
16034,1,5,18,19,11
16035,1,5,20,23,13
16040,1,5,18,19,11
16042,1,9,20,26,16
16043,1,10,22,32,19
16048,1,5,18,22,14
16049,1,5,20,25,15
16050,1,8,20,29,15
16051,2,8,20,23,12
16056,1,10,20,26,15
16057,1,10,22,32,19
16058,1,10,22,37,20
16059,2,10,22,31,18
16064,2,5,14,8,4
16068,2,5,16,10,5
16070,2,5,18,15,8
16071,2,10,20,20,11
16072,2,5,16,9,5
16076,2,5,16,8,5
16078,2,9,18,12,8
16079,2,10,20,17,11
16096,2,5,14,6,4
16098,2,5,16,8,5
16099,2,5,18,11,7
16100,2,5,16,9,5
16102,2,5,16,7,3
16103,2,10,18,10,5
16104,2,5,16,8,5
16106,2,9,18,12,8
16107,2,10,20,17,11
16108,2,5,16,6,3
16110,3,9,16,6,3
16111,3,10,18,9,5
16112,2,5,16,10,7
16113,2,5,18,13,8
16114,2,8,18,15,8
16115,2,8,18,12,5
16116,2,10,18,15,8
16117,2,10,20,20,11
16118,2,10,18,12,5
16119,2,10,18,10,4
16120,2,10,18,13,8
16121,2,10,20,18,11
16122,2,10,20,20,11
16123,2,10,20,17,9
16124,2,10,18,12,6
16125,2,10,20,17,10
16126,3,10,18,10,5
16127,3,10,18,9,5
16128,2,4,12,4,3
16144,2,5,14,6,4
16145,2,5,16,7,5
16147,2,8,18,15,9
16151,2,10,20,25,13
16159,2,10,22,31,17
16160,2,5,14,8,4
16162,2,8,16,10,5
16163,2,8,18,15,9
16166,2,8,18,18,8
16167,2,10,20,25,13
16174,2,8,20,24,12
16175,2,10,22,31,17
16176,2,5,14,6,4
16177,2,5,16,7,5
16178,2,8,16,8,5
16179,2,8,16,7,5
16182,2,10,18,15,7
16183,2,10,18,13,8
16190,2,10,20,20,11
16191,2,10,20,18,12
16192,2,5,14,9,4
16196,2,8,16,11,5
16198,2,8,18,18,8
16199,2,10,20,25,13
16204,2,8,18,17,9
16206,2,8,20,24,12
16207,2,10,22,31,17
16208,2,5,16,13,7
16209,2,5,18,16,8
16212,2,10,18,18,8
16213,2,10,20,25,13
16220,2,10,20,24,12
16221,2,10,22,31,17
16224,2,5,14,6,1
16226,2,8,16,9,2
16227,2,8,18,13,5
16228,2,8,16,9,2
16230,2,8,16,8,2
16231,2,10,18,12,5
16236,2,8,18,14,5
16238,2,8,18,11,4
16239,2,10,20,15,7
16240,2,5,14,4,2
16241,2,5,16,6,3
16242,2,8,16,7,3
16243,2,8,16,5,2
16244,2,10,16,8,3
16245,2,10,18,12,6
16246,2,10,16,6,1
16247,3,10,16,5,2
16252,2,10,18,12,6
16253,2,10,20,16,9
16254,2,10,18,8,3
16255,3,10,18,7,4
16256,2,5,14,7,4
16264,2,5,16,8,5
16268,2,8,18,17,9
16270,2,8,20,24,12
16271,2,10,22,31,17
16272,2,5,16,9,5
16273,2,5,18,11,6
16275,2,8,20,23,12
16280,2,10,18,12,6
16281,2,10,20,16,9
16283,2,10,22,31,17
16284,2,10,20,24,12
16285,2,10,22,31,17
16288,2,5,16,13,7
16290,2,8,18,18,8
16291,2,8,20,23,12
16296,2,5,18,16,8
16298,2,8,20,24,12
16299,2,10,22,31,17
16304,2,5,16,10,7
16305,2,5,18,12,8
16306,2,8,18,14,8
16307,2,8,18,12,8
16312,2,10,18,14,8
16313,2,10,20,17,10
16314,2,10,20,20,11
16315,2,10,20,18,12
16320,2,5,14,6,2
16324,2,8,16,9,3
16326,2,8,18,14,5
16327,2,10,20,21,10
16328,2,5,16,7,3
16332,2,8,16,7,3
16334,2,8,18,10,5
16335,2,10,20,17,10
16336,2,5,16,9,5
16337,2,5,18,12,6
16340,2,10,18,15,6
16341,2,10,20,21,10
16344,2,10,18,12,6
16345,2,10,20,16,8
16348,2,10,18,12,6
16349,2,10,20,17,10
16352,2,5,14,4,1
16354,2,8,16,8,2
16355,2,8,18,12,5
16356,2,8,16,8,2
16358,2,8,16,6,0
16359,2,10,18,10,3
16360,2,5,16,6,2
16362,2,8,18,11,4
16363,2,10,20,17,8
16364,2,8,16,6,1
16366,3,8,16,4,0
16367,3,10,18,8,3
16368,2,5,14,3,2
16369,2,5,16,5,3
16370,2,8,16,6,3
16371,2,8,16,5,2
16372,2,10,16,7,3
16373,2,10,18,11,6
16374,2,10,16,4,0
16375,3,10,16,4,1
16376,2,10,16,6,3
16377,2,10,18,9,5
16378,2,10,18,10,5
16379,2,10,18,9,5
16380,2,10,16,6,2
16381,2,10,18,9,5
16382,3,10,16,3,0
16383,3,10,16,3,1
16384,1,1,4,1,1
17408,1,1,6,2,2
17472,1,1,8,3,3
17476,1,1,10,4,4
17478,1,2,12,6,5
17479,1,2,14,7,6
17484,1,2,12,6,5
17486,1,2,14,8,6
17487,1,2,16,9,7
17495,1,5,16,14,10
17503,1,5,18,17,11
17504,1,2,10,5,4
17506,1,2,12,7,5
17507,1,2,14,9,6
17508,1,2,12,7,5
17510,2,4,12,4,3
17511,2,4,14,5,4
17516,1,5,14,10,6
17518,2,5,14,6,4
17519,2,5,16,7,5
17520,1,2,12,6,5
17521,1,5,14,9,6
17522,1,5,14,10,6
17523,2,5,14,7,4
17524,1,2,14,8,6
17525,1,5,16,14,10
17526,2,5,14,6,4
17527,2,5,14,5,4
17532,1,5,16,11,7
17533,1,5,18,17,11
17534,2,5,16,8,5
17535,2,5,16,7,5
17600,1,2,10,5,4
17604,1,2,12,7,5
17606,1,5,14,10,6
17607,1,5,16,11,7
17608,1,2,12,7,5
17612,2,4,12,4,3
17614,2,5,14,6,4
17615,2,5,16,7,5
17623,1,8,18,20,11
17631,2,8,18,15,9
17632,1,2,12,7,5
17634,1,5,14,10,6
17635,1,5,16,12,7
17636,1,5,14,12,6
17638,2,5,14,8,4
17639,2,5,16,9,5
17640,1,5,14,10,6
17642,1,5,16,16,10
17643,1,5,18,18,11
17644,2,5,14,8,4
17646,2,5,14,6,4
17647,2,5,16,7,5
17648,1,2,14,8,6
17649,1,5,16,11,7
17650,1,8,16,14,7
17651,2,8,16,11,5
17652,1,8,16,14,7
17653,1,8,18,20,11
17654,2,8,16,11,5
17655,2,8,16,9,5
17656,1,5,16,11,7
17657,1,5,18,15,9
17658,1,8,18,20,11
17659,2,8,18,16,9
17660,2,8,16,10,5
17661,2,8,18,15,9
17662,2,8,16,8,5
17663,2,8,16,7,5
17751,1,9,18,23,15
17759,1,10,20,27,16
17776,1,5,14,13,9
17777,1,5,16,16,10
17778,1,5,16,18,10
17779,2,5,16,12,7
17780,1,5,16,16,10
17781,1,9,18,23,15
17782,2,5,16,13,7
17783,2,9,16,10,7
17788,1,5,18,19,11
17789,1,10,20,27,16
17790,2,10,18,16,8
17791,2,10,18,13,8
17879,1,10,20,31,16
17887,2,10,20,25,13
17904,1,5,16,16,10
17905,1,10,18,20,11
17906,1,10,18,24,11
17907,2,10,18,18,8
17908,1,8,18,23,11
17909,1,10,20,31,16
17910,2,10,18,19,8
17911,2,10,18,15,8
17912,1,5,18,19,11
17913,1,10,20,25,14
17914,1,10,20,30,15
17915,2,10,20,24,13
17916,2,8,18,18,8
17917,2,10,20,25,13
17918,2,10,18,15,7
17919,2,10,18,13,8
17920,1,2,8,4,3
17952,1,2,10,6,4
17954,1,2,12,7,5
17955,1,5,14,10,6
17958,1,4,14,12,9
17959,1,5,16,15,10
17966,1,5,16,15,10
17967,1,5,18,18,11
17968,1,2,12,8,5
17969,1,2,14,10,6
17970,1,5,14,11,6
17971,2,5,14,8,4
17974,1,5,16,17,10
17975,2,5,16,12,7
17982,1,5,18,20,11
17983,2,5,18,15,8
17984,1,2,10,6,4
17988,1,2,12,7,5
17990,1,4,14,12,9
17991,1,5,16,15,10
17996,1,5,14,10,6
17998,1,5,16,15,10
17999,1,5,18,18,11
18016,2,4,10,3,2
18018,2,4,12,4,3
18019,2,5,14,7,4
18020,2,4,12,4,3
18022,2,4,12,3,3
18023,2,5,14,5,4
18028,2,5,14,7,4
18030,2,5,14,5,4
18031,2,5,16,7,5
18032,2,4,12,4,3
18033,2,5,14,7,4
18034,2,5,14,8,4
18035,2,5,14,5,1
18036,2,5,14,6,4
18037,2,5,16,11,7
18038,2,5,14,6,4
18039,2,5,14,4,2
18044,2,5,16,9,5
18045,2,5,18,14,8
18046,2,5,16,8,5
18047,2,5,16,6,3
18112,1,5,12,9,5
18116,1,5,14,12,6
18118,1,5,16,18,10
18119,1,5,18,21,11
18120,1,5,14,11,6
18124,2,5,14,9,4
18126,2,5,16,13,7
18127,2,5,18,16,8
18144,2,5,12,5,3
18146,2,5,14,7,4
18147,2,5,16,10,5
18148,2,5,14,9,4
18150,2,5,14,6,4
18151,2,5,16,8,5
18152,2,5,14,8,4
18154,2,5,16,12,7
18155,2,5,18,15,8
18156,2,5,14,6,1
18158,2,5,14,4,2
18159,2,5,16,6,3
18160,2,5,14,6,4
18161,2,5,16,9,5
18162,2,8,16,12,5
18163,2,8,16,9,2
18164,2,8,16,12,5
18165,2,8,18,17,8
18166,2,8,16,10,5
18167,2,8,16,7,3
18168,2,5,16,9,5
18169,2,5,18,13,7
18170,2,8,18,17,8
18171,2,8,18,13,5
18172,2,8,16,9,2
18173,2,8,18,13,5
18174,2,8,16,7,3
18175,2,8,16,5,2
18176,1,2,10,5,4
18192,1,5,12,8,5
18193,1,5,14,9,6
18195,1,5,16,16,10
18199,1,9,18,23,15
18207,1,10,20,27,16
18208,1,5,12,9,5
18210,1,5,14,10,6
18211,1,5,16,16,10
18214,1,5,16,16,10
18215,1,9,18,23,15
18222,1,10,18,20,11
18223,1,10,20,27,16
18224,2,5,12,6,3
18225,2,5,14,7,4
18226,2,5,14,8,4
18227,2,5,14,6,4
18230,2,5,16,13,7
18231,2,9,16,10,7
18238,2,10,18,16,8
18239,2,10,18,13,8
18240,1,2,12,7,5
18244,1,2,14,8,6
18246,1,5,16,16,10
18247,1,9,18,23,15
18252,1,5,16,11,7
18254,1,10,18,20,11
18255,1,10,20,27,16
18256,1,5,14,13,9
18257,1,5,16,16,10
18260,1,5,16,16,10
18261,1,9,18,23,15
18268,1,5,18,19,11
18269,1,10,20,27,16
18272,2,5,12,5,3
18274,2,5,14,7,4
18275,2,5,16,12,7
18276,2,5,14,6,4
18278,2,5,14,6,4
18279,2,9,16,10,7
18284,2,5,16,9,5
18286,2,10,16,9,5
18287,2,10,18,13,8
18288,2,5,12,4,3
18289,2,5,14,6,4
18290,2,5,14,7,4
18291,2,5,14,4,2
18292,2,5,14,6,4
18293,2,9,16,10,7
18294,2,5,14,5,2
18295,3,9,14,4,2
18300,2,5,16,8,5
18301,2,10,18,13,8
18302,2,10,16,7,3
18303,3,10,16,6,3
18368,1,5,14,10,6
18372,1,8,16,14,7
18374,1,10,18,24,11
18375,1,10,20,31,16
18376,1,5,16,12,7
18380,2,8,16,11,5
18382,2,10,18,18,8
18383,2,10,20,25,13
18384,1,5,16,16,10
18385,1,10,18,20,11
18388,1,8,18,23,11
18389,1,10,20,31,16
18392,1,5,18,19,11
18393,1,10,20,25,14
18396,2,8,18,18,8
18397,2,10,20,25,13
18400,2,5,14,7,4
18402,2,10,16,12,5
18403,2,10,18,17,8
18404,2,8,16,12,5
18406,2,10,16,11,5
18407,2,10,18,15,8
18408,2,5,16,10,5
18410,2,10,18,17,8
18411,2,10,20,23,12
18412,2,8,16,9,2
18414,2,10,16,8,3
18415,2,10,18,12,6
18416,2,5,14,6,4
18417,2,10,16,9,5
18418,2,10,16,11,5
18419,2,10,16,8,3
18420,2,8,16,11,5
18421,2,10,18,16,8
18422,2,10,16,9,3
18423,3,10,16,7,3
18424,2,5,16,9,5
18425,2,10,18,13,7
18426,2,10,18,15,7
18427,2,10,18,12,6
18428,2,8,16,8,2
18429,2,10,18,12,5
18430,2,10,16,6,1
18431,3,10,16,5,2
19456,1,2,8,4,3
19520,1,2,10,6,4
19524,1,2,12,7,5
19526,1,5,14,10,6
19527,1,5,16,11,7
19532,1,4,14,12,9
19534,1,5,16,15,10
19535,1,5,18,16,11
19543,1,8,18,20,11
19551,1,8,20,26,15
19552,1,5,12,9,5
19554,1,5,14,11,6
19555,1,5,16,13,7
19556,1,5,14,12,6
19558,2,5,14,9,4
19559,2,5,16,10,5
19564,1,5,16,18,10
19566,2,5,16,13,7
19567,2,5,18,14,8
19568,1,5,14,10,6
19569,1,5,16,13,7
19570,1,8,16,15,7
19571,2,8,16,12,5
19572,1,8,16,14,7
19573,1,8,18,20,11
19574,2,8,16,12,5
19575,2,8,16,10,5
19580,1,8,18,20,11
19581,1,8,20,26,15
19582,2,8,18,16,8
19583,2,8,18,14,8
19584,1,2,10,6,4
19592,1,2,12,7,5
19596,1,4,14,12,9
19598,1,5,16,15,10
19599,1,5,18,16,11
19615,1,8,20,26,15
19648,2,4,10,3,2
19652,2,4,12,4,3
19654,2,5,14,7,4
19655,2,5,16,8,5
19656,2,4,12,4,3
19660,2,4,12,3,3
19662,2,5,14,5,4
19663,2,5,16,6,5
19671,2,8,18,16,8
19679,2,8,18,12,8
19680,2,5,12,5,3
19682,2,5,14,8,4
19683,2,5,16,10,5
19684,2,5,14,9,4
19686,2,5,14,6,1
19687,2,5,16,7,2
19688,2,5,14,7,4
19690,2,5,16,12,7
19691,2,5,18,14,8
19692,2,5,14,6,4
19694,2,5,14,4,2
19695,2,5,16,5,3
19696,2,5,14,6,4
19697,2,5,16,9,5
19698,2,8,16,12,5
19699,2,8,16,9,3
19700,2,8,16,11,5
19701,2,8,18,16,8
19702,2,8,16,9,2
19703,2,8,16,7,2
19704,2,5,16,8,5
19705,2,5,18,11,6
19706,2,8,18,16,8
19707,2,8,18,12,6
19708,2,8,16,8,5
19709,2,8,18,12,8
19710,2,8,16,6,3
19711,2,8,16,5,3
19799,1,9,20,30,16
19807,1,10,22,38,21
19824,1,5,16,18,10
19825,1,5,18,21,11
19826,1,8,18,24,11
19827,2,8,18,18,8
19828,1,8,18,23,11
19829,1,9,20,30,16
19830,2,8,18,19,8
19831,2,9,18,15,8
19836,1,8,20,29,15
19837,1,10,22,38,21
19838,2,10,20,25,12
19839,2,10,20,21,12
19871,1,10,22,38,21
19927,2,10,20,25,13
19935,2,10,20,21,13
19952,2,5,16,13,8
19953,2,10,18,17,9
19954,2,10,18,20,9
19955,2,10,18,15,6
19956,2,8,18,18,9
19957,2,10,20,25,13
19958,2,10,18,15,5
19959,2,10,18,12,5
19960,2,5,18,15,9
19961,2,10,20,21,12
19962,2,10,20,25,13
19963,2,10,20,20,11
19964,2,8,18,14,8
19965,2,10,20,21,13
19966,2,10,18,12,6
19967,2,10,18,11,7
19968,1,2,10,6,4
20000,1,5,12,9,5
20002,1,5,14,10,6
20003,1,5,16,13,7
20006,1,5,16,18,10
20007,1,5,18,21,11
20014,1,9,18,25,15
20015,1,9,20,28,16
20016,1,5,14,11,6
20017,1,5,16,13,7
20018,1,8,16,15,7
20019,2,8,16,12,5
20022,1,8,18,24,11
20023,2,8,18,18,8
20030,1,9,20,31,16
20031,2,9,20,25,13
20032,1,5,12,11,5
20036,1,5,14,12,6
20038,1,5,16,18,10
20039,1,5,18,21,11
20044,1,5,16,18,10
20046,1,9,18,25,15
20047,1,9,20,28,16
20064,2,5,12,7,3
20066,2,5,14,8,4
20067,2,5,16,11,5
20068,2,5,14,9,4
20070,2,5,14,7,4
20071,2,5,16,9,5
20076,2,5,16,14,7
20078,2,9,16,11,7
20079,2,9,18,13,8
20080,2,5,14,8,4
20081,2,5,16,11,5
20082,2,8,16,13,5
20083,2,8,16,10,2
20084,2,8,16,12,5
20085,2,8,18,17,8
20086,2,8,16,11,5
20087,2,8,16,8,3
20092,2,8,18,17,8
20093,2,9,20,23,12
20094,2,9,18,15,8
20095,2,9,18,12,6
20096,1,5,12,9,5
20104,1,5,14,10,6
20108,1,5,16,18,10
20110,1,9,18,25,15
20111,1,9,20,28,16
20128,1,5,14,15,9
20130,1,5,16,18,10
20131,1,5,18,21,11
20136,1,5,16,18,10
20138,1,9,18,25,15
20139,1,9,20,28,16
20144,1,5,16,17,10
20145,1,5,18,20,11
20146,1,8,18,24,11
20147,2,8,18,19,8
20152,1,5,18,20,11
20153,1,9,20,25,14
20154,1,9,20,31,16
20155,2,9,20,25,13
20160,2,5,12,7,3
20164,2,5,14,9,4
20166,2,5,16,14,7
20167,2,5,18,16,8
20168,2,5,14,8,4
20172,2,5,14,7,4
20174,2,9,16,11,7
20175,2,9,18,13,8
20192,2,5,12,5,3
20194,2,5,14,7,4
20195,2,5,16,9,5
20196,2,5,14,8,4
20198,2,5,14,5,2
20199,2,5,16,6,3
20200,2,5,14,7,4
20202,2,9,16,11,7
20203,2,9,18,13,8
20204,2,5,14,5,2
20206,3,9,14,4,2
20207,3,9,16,5,3
20208,2,5,14,6,4
20209,2,5,16,9,5
20210,2,8,16,11,5
20211,2,8,16,8,2
20212,2,8,16,10,5
20213,2,8,18,14,7
20214,2,8,16,8,3
20215,2,8,16,5,1
20216,2,5,16,8,5
20217,2,9,18,12,7
20218,2,9,18,15,8
20219,2,9,18,11,5
20220,2,8,16,7,3
20221,2,9,18,11,6
20222,3,9,16,6,3
20223,3,9,16,4,2
20224,1,2,12,7,5
20240,1,5,14,10,6
20241,1,5,16,11,7
20243,1,8,18,20,11
20247,1,9,20,30,16
20255,1,10,22,38,21
20256,1,5,14,12,6
20258,1,8,16,14,7
20259,1,8,18,20,11
20262,1,8,18,23,11
20263,1,9,20,30,16
20270,1,10,20,31,16
20271,1,10,22,38,21
20272,2,5,14,9,4
20273,2,5,16,10,5
20274,2,8,16,12,5
20275,2,8,16,10,5
20278,2,8,18,19,8
20279,2,9,18,15,8
20286,2,10,20,26,13
20287,2,10,20,22,13
20288,1,5,14,12,6
20292,1,8,16,14,7
20294,1,8,18,23,11
20295,1,9,20,30,16
20300,1,8,18,20,11
20302,1,10,20,31,16
20303,1,10,22,38,21
20304,1,5,16,18,10
20305,1,5,18,21,11
20308,1,8,18,23,11
20309,1,9,20,30,16
20316,1,8,20,29,15
20317,1,10,22,38,21
20320,2,5,14,9,4
20322,2,8,16,12,5
20323,2,8,18,17,8
20324,2,8,16,12,5
20326,2,8,16,11,5
20327,2,9,18,15,8
20332,2,8,18,17,8
20334,2,10,18,16,8
20335,2,10,20,20,11
20336,2,5,14,7,4
20337,2,5,16,9,5
20338,2,8,16,11,5
20339,2,8,16,8,3
20340,2,8,16,11,5
20341,2,9,18,15,8
20342,2,8,16,9,3
20343,3,9,16,7,3
20348,2,8,18,15,8
20349,2,10,20,21,12
20350,2,10,18,13,6
20351,3,10,18,11,6
20352,1,5,14,10,6
20360,1,5,16,11,7
20364,1,8,18,20,11
20366,1,10,20,31,16
20367,1,10,22,38,21
20368,1,5,16,14,8
20369,1,10,18,17,9
20371,1,10,20,30,15
20376,1,5,18,16,9
20377,1,10,20,22,13
20379,1,10,22,38,21
20380,1,8,20,29,15
20381,1,10,22,38,21
20384,1,5,16,18,10
20386,1,10,18,24,11
20387,1,10,20,30,15
20392,1,5,18,21,11
20394,1,10,20,31,16
20395,1,10,22,38,21
20400,2,5,16,14,8
20401,2,10,18,17,9
20402,2,10,18,20,9
20403,2,10,18,16,8
20408,2,5,18,17,9
20409,2,10,20,22,12
20410,2,10,20,26,13
20411,2,10,20,22,13
20416,2,5,14,8,4
20420,2,8,16,11,5
20422,2,10,18,19,8
20423,2,10,20,25,13
20424,2,5,16,9,5
20428,2,8,16,9,5
20430,2,10,18,15,8
20431,2,10,20,21,13
20432,2,5,16,13,8
20433,2,10,18,17,9
20436,2,8,18,18,9
20437,2,10,20,25,13
20440,2,5,18,15,9
20441,2,10,20,21,12
20444,2,8,18,14,8
20445,2,10,20,21,13
20448,2,5,14,6,4
20450,2,10,16,11,5
20451,2,10,18,15,8
20452,2,8,16,10,5
20454,2,10,16,9,3
20455,2,10,18,12,6
20456,2,5,16,8,5
20458,2,10,18,15,8
20459,2,10,20,20,12
20460,2,8,16,7,3
20462,3,10,16,7,3
20463,3,10,18,10,6
20464,2,5,14,5,4
20465,2,10,16,8,5
20466,2,10,16,9,5
20467,2,10,16,7,3
20468,2,8,16,8,5
20469,2,10,18,13,8
20470,2,10,16,6,2
20471,3,10,16,5,2
20472,2,5,16,7,5
20473,2,10,18,12,8
20474,2,10,18,13,8
20475,2,10,18,11,7
20476,2,8,16,6,3
20477,2,10,18,11,7
20478,3,10,16,5,2
20479,3,10,16,5,3
21847,1,9,20,30,20
21855,1,10,22,34,21
21872,1,9,16,20,14
21873,1,9,18,23,15
21874,1,9,18,25,15
21875,2,9,18,19,12
21876,1,9,18,23,15
21877,1,9,20,30,20
21878,2,9,18,19,12
21879,2,9,18,16,12
21884,1,9,20,26,16
21885,1,10,22,34,21
21886,2,10,20,22,13
21887,2,10,20,19,13
21975,1,10,22,38,21
21983,2,10,22,31,17
22000,1,9,18,23,15
22001,1,10,20,27,16
22002,1,10,20,31,16
22003,2,10,20,25,13
22004,1,9,20,30,16
22005,1,10,22,38,21
22006,2,10,20,25,13
22007,2,10,20,21,13
22008,1,9,20,26,16
22009,1,10,22,32,19
22010,1,10,22,37,20
22011,2,10,22,31,18
22012,2,8,20,24,12
22013,2,10,22,31,17
22014,2,10,20,20,11
22015,2,10,20,18,12
22272,1,4,12,10,8
22288,1,5,14,13,9
22289,1,5,16,14,10
22291,1,5,18,22,14
22295,1,9,20,30,20
22303,1,10,22,34,21
22304,1,5,14,15,9
22306,1,5,16,16,10
22307,1,5,18,22,14
22310,1,5,18,22,14
22311,1,9,20,30,20
22318,1,10,20,26,15
22319,1,10,22,34,21
22320,2,5,14,10,6
22321,2,5,16,11,7
22322,2,5,16,12,7
22323,2,5,16,10,7
22326,2,9,18,18,11
22327,2,9,18,15,11
22334,2,10,20,21,12
22335,2,10,20,18,12
22336,1,5,14,13,9
22340,1,5,16,14,10
22342,1,5,18,22,14
22343,1,9,20,30,20
22348,1,5,18,17,11
22350,1,10,20,26,15
22351,1,10,22,34,21
22352,1,9,16,20,14
22353,1,9,18,23,15
22356,1,9,18,23,15
22357,1,9,20,30,20
22364,1,9,20,26,16
22365,1,10,22,34,21
22368,2,5,14,10,6
22370,2,5,16,12,7
22371,2,9,18,18,11
22372,2,5,16,11,7
22374,2,5,16,10,7
22375,2,9,18,15,11
22380,2,5,18,14,8
22382,2,10,18,13,8
22383,2,10,20,18,12
22384,2,9,14,8,6
22385,2,9,16,10,7
22386,2,9,16,11,7
22387,2,9,16,8,5
22388,2,9,16,10,7
22389,2,9,18,14,10
22390,2,9,16,8,5
22391,3,9,16,7,5
22396,2,9,18,12,8
22397,2,10,20,17,11
22398,2,10,18,10,6
22399,3,10,18,9,6
22464,1,5,16,16,10
22468,1,8,18,20,11
22470,1,10,20,30,15
22471,1,10,22,38,21
22472,1,5,18,18,11
22476,2,8,18,17,9
22478,2,10,20,24,12
22479,2,10,22,31,17
22480,1,9,18,23,15
22481,1,10,20,27,16
22484,1,9,20,30,16
22485,1,10,22,38,21
22488,1,9,20,26,16
22489,1,10,22,32,19
22492,2,8,20,24,12
22493,2,10,22,31,17
22496,2,5,16,12,7
22498,2,10,18,17,8
22499,2,10,20,23,12
22500,2,8,18,17,8
22502,2,10,18,15,8
22503,2,10,20,20,12
22504,2,5,18,15,8
22506,2,10,20,22,11
22507,2,10,22,29,16
22508,2,8,18,14,5
22510,2,10,18,12,6
22511,2,10,20,16,9
22512,2,9,16,10,7
22513,2,10,18,13,8
22514,2,10,18,15,8
22515,2,10,18,12,6
22516,2,9,18,15,8
22517,2,10,20,20,11
22518,2,10,18,12,6
22519,3,10,18,10,6
22520,2,9,18,13,8
22521,2,10,20,17,10
22522,2,10,20,19,10
22523,2,10,20,16,9
22524,2,8,18,11,4
22525,2,10,20,15,7
22526,2,10,18,8,3
22527,3,10,18,7,4
23895,1,10,22,38,21
23903,1,10,24,46,26
23920,1,9,18,25,15
23921,1,9,20,28,16
23922,1,9,20,31,16
23923,2,9,20,25,13
23924,1,10,20,31,16
23925,1,10,22,38,21
23926,2,10,20,26,13
23927,2,10,20,22,13
23932,1,10,22,37,20
23933,1,10,24,46,26
23934,2,10,22,32,17
23935,2,10,22,28,17
23967,1,10,24,46,26
24023,2,10,22,32,17
24031,2,10,22,27,16
24048,2,9,18,19,12
24049,2,10,20,23,13
24050,2,10,20,26,13
24051,2,10,20,21,10
24052,2,10,20,25,13
24053,2,10,22,32,17
24054,2,10,20,21,9
24055,2,10,20,18,9
24056,2,10,20,22,13
24057,2,10,22,28,16
24058,2,10,22,32,17
24059,2,10,22,27,15
24060,2,10,20,20,11
24061,2,10,22,27,16
24062,2,10,20,17,9
24063,2,10,20,16,10
24320,1,4,14,12,9
24336,1,5,16,15,10
24337,1,5,18,16,11
24339,1,8,20,26,15
24343,1,10,22,38,21
24351,1,10,24,46,26
24352,1,5,16,18,10
24354,1,8,18,20,11
24355,1,8,20,26,15
24358,1,8,20,29,15
24359,1,10,22,38,21
24366,1,10,22,37,20
24367,1,10,24,46,26
24368,2,5,16,13,7
24369,2,5,18,14,8
24370,2,8,18,16,8
24371,2,8,18,14,8
24374,2,10,20,25,12
24375,2,10,20,21,12
24382,2,10,22,32,17
24383,2,10,22,28,17
24384,1,5,16,18,10
24388,1,8,18,20,11
24390,1,8,20,29,15
24391,1,10,22,38,21
24396,1,8,20,26,15
24398,1,10,22,37,20
24399,1,10,24,46,26
24400,1,9,18,25,15
24401,1,9,20,28,16
24404,1,10,20,31,16
24405,1,10,22,38,21
24412,1,10,22,37,20
24413,1,10,24,46,26
24416,2,5,16,14,7
24418,2,8,18,17,8
24419,2,9,20,23,12
24420,2,8,18,17,8
24422,2,8,18,15,8
24423,2,10,20,21,12
24428,2,8,20,22,11
24430,2,10,20,20,11
24431,2,10,22,26,15
24432,2,9,16,11,7
24433,2,9,18,13,8
24434,2,9,18,15,8
24435,2,9,18,12,6
24436,2,10,18,16,8
24437,2,10,20,20,11
24438,2,10,18,13,6
24439,3,10,18,11,6
24444,2,10,20,20,11
24445,2,10,22,26,15
24446,2,10,20,17,9
24447,3,10,20,15,9
24448,1,5,16,15,10
24456,1,5,18,16,11
24460,1,8,20,26,15
24462,1,10,22,37,20
24463,1,10,24,46,26
24464,1,9,18,20,13
24465,1,10,20,23,14
24467,1,10,22,37,20
24472,1,10,20,23,14
24473,1,10,22,29,18
24475,1,10,24,46,26
24476,1,10,22,37,20
24477,1,10,24,46,26
24480,1,5,18,24,14
24482,1,10,20,30,15
24483,1,10,22,37,20
24488,1,5,20,27,15
24490,1,10,22,37,20
24491,1,10,24,46,26
24496,2,9,18,19,12
24497,2,10,20,22,13
24498,2,10,20,25,13
24499,2,10,20,21,12
24504,2,10,20,23,13
24505,2,10,22,28,16
24506,2,10,22,32,17
24507,2,10,22,28,17
24512,2,5,16,13,7
24516,2,8,18,16,8
24518,2,10,20,24,11
24519,2,10,22,32,17
24520,2,5,18,14,8
24524,2,8,18,14,8
24526,2,10,20,20,11
24527,2,10,22,27,16
24528,2,9,18,19,12
24529,2,10,20,23,13
24532,2,10,20,25,13
24533,2,10,22,32,17
24536,2,10,20,22,13
24537,2,10,22,28,16
24540,2,10,20,20,11
24541,2,10,22,27,16
24544,2,5,16,10,6
24546,2,10,18,15,7
24547,2,10,20,20,11
24548,2,8,18,14,7
24550,2,10,18,12,5
24551,2,10,20,17,9
24552,2,5,18,12,7
24554,2,10,20,19,10
24555,2,10,22,26,15
24556,2,8,18,11,5
24558,3,10,18,10,5
24559,3,10,20,14,8
24560,2,9,16,9,7
24561,2,10,18,12,8
24562,2,10,18,13,8
24563,2,10,18,11,6
24564,2,10,18,13,8
24565,2,10,20,18,11
24566,2,10,18,10,5
24567,3,10,18,9,5
24568,2,10,18,12,8
24569,2,10,20,17,11
24570,2,10,20,18,11
24571,2,10,20,16,10
24572,2,10,18,10,5
24573,2,10,20,15,9
24574,3,10,18,8,4
24575,3,10,18,8,5
24576,1,1,6,2,2
25088,1,2,8,4,3
25120,1,2,10,5,4
25122,1,2,12,6,5
25123,1,2,14,8,6
25126,1,4,14,9,7
25127,1,4,16,11,8
25134,1,5,16,11,8
25135,1,5,18,13,9
25136,1,5,12,8,5
25137,1,5,14,10,6
25138,1,5,14,10,6
25139,2,5,14,7,4
25142,1,5,16,14,8
25143,2,5,16,9,5
25150,1,5,18,16,9
25151,2,5,18,11,6
25184,1,4,12,10,8
25186,1,4,14,12,9
25187,1,5,16,15,10
25188,1,4,14,12,9
25190,2,4,14,9,7
25191,2,5,16,11,8
25196,1,5,16,15,10
25198,2,5,16,11,8
25199,2,5,18,13,9
25200,1,5,14,13,9
25201,1,5,16,16,10
25202,1,5,16,18,10
25203,2,5,16,13,7
25204,1,5,16,16,10
25205,1,5,18,22,14
25206,2,5,16,13,8
25207,2,5,16,10,7
25212,1,5,18,19,11
25213,1,5,20,25,15
25214,2,5,18,15,9
25215,2,5,18,12,8
25262,1,5,18,22,14
25263,1,5,20,25,15
25278,1,8,20,29,15
25279,2,8,20,23,12
25312,1,5,14,13,9
25314,1,5,16,16,10
25315,1,5,18,19,11
25316,1,5,16,18,10
25318,2,5,16,13,8
25319,2,5,18,15,9
25320,1,5,16,16,10
25322,1,5,18,22,14
25323,1,5,20,25,15
25324,2,5,16,13,7
25326,2,5,16,10,7
25327,2,5,18,12,8
25328,1,5,16,16,10
25329,1,5,18,19,11
25330,1,8,18,23,11
25331,2,8,18,18,8
25332,1,8,18,23,11
25333,1,8,20,29,15
25334,2,8,18,18,9
25335,2,8,18,14,8
25336,1,5,18,19,11
25337,1,5,20,23,13
25338,1,8,20,29,15
25339,2,8,20,23,12
25340,2,8,18,18,8
25341,2,8,20,23,12
25342,2,8,18,14,8
25343,2,8,18,12,8
25344,1,2,10,6,4
25360,1,2,12,8,5
25361,1,2,14,9,6
25363,1,5,16,15,10
25367,1,9,18,20,13
25375,1,10,20,23,14
25376,1,5,12,9,5
25378,1,5,14,10,6
25379,1,5,16,15,10
25382,1,5,16,14,8
25383,1,9,18,20,13
25390,1,10,18,17,9
25391,1,10,20,23,14
25392,2,5,12,6,3
25393,2,5,14,7,4
25394,2,5,14,7,4
25395,2,5,14,6,4
25398,2,5,16,11,6
25399,2,9,16,9,6
25406,2,10,18,13,7
25407,2,10,18,11,7
25440,1,5,14,15,9
25442,1,5,16,18,10
25443,1,5,18,24,14
25444,1,5,16,17,10
25446,2,5,16,14,8
25447,2,9,18,19,12
25452,1,5,18,20,11
25454,2,10,18,17,9
25455,2,10,20,22,13
25456,2,5,14,10,6
25457,2,5,16,12,7
25458,2,5,16,14,7
25459,2,5,16,10,6
25460,2,5,16,13,7
25461,2,9,18,18,11
25462,2,5,16,10,4
25463,2,9,16,8,5
25468,2,5,18,15,8
25469,2,10,20,21,12
25470,2,10,18,12,5
25471,2,10,18,10,6
25503,1,10,22,37,20
25518,1,10,20,30,15
25519,1,10,22,37,20
25534,2,10,20,24,11
25535,2,10,20,20,11
25568,1,5,16,18,10
25570,1,10,18,24,11
25571,1,10,20,30,15
25572,1,8,18,24,11
25574,2,10,18,20,9
25575,2,10,20,25,13
25576,1,5,18,21,11
25578,1,10,20,30,15
25579,1,10,22,37,20
25580,2,8,18,19,8
25582,2,10,18,16,8
25583,2,10,20,21,12
25584,2,5,16,13,7
25585,2,10,18,16,8
25586,2,10,18,19,8
25587,2,10,18,15,7
25588,2,8,18,19,8
25589,2,10,20,25,12
25590,2,10,18,15,5
25591,2,10,18,12,6
25592,2,5,18,16,8
25593,2,10,20,20,10
25594,2,10,20,24,11
25595,2,10,20,20,11
25596,2,8,18,14,5
25597,2,10,20,19,9
25598,2,10,18,11,4
25599,2,10,18,10,6
25600,1,2,8,4,3
25664,1,2,10,5,4
25668,1,2,12,6,5
25670,1,4,14,9,7
25671,1,5,16,11,8
25676,1,2,14,8,6
25678,1,4,16,11,8
25679,1,5,18,13,9
25687,1,5,18,22,14
25695,1,5,20,25,15
25696,1,4,12,10,8
25698,1,4,14,12,9
25699,1,5,16,15,10
25700,1,4,14,12,9
25702,2,4,14,9,7
25703,2,5,16,11,8
25708,1,5,16,15,10
25710,2,5,16,11,8
25711,2,5,18,13,9
25712,1,5,14,13,9
25713,1,5,16,16,10
25714,1,5,16,18,10
25715,2,5,16,13,7
25716,1,5,16,16,10
25717,1,5,18,22,14
25718,2,5,16,13,8
25719,2,5,16,10,7
25724,1,5,18,19,11
25725,1,5,20,25,15
25726,2,5,18,15,9
25727,2,5,18,12,8
25792,1,5,12,8,5
25796,1,5,14,10,6
25798,1,5,16,14,8
25799,1,5,18,16,9
25800,1,5,14,10,6
25804,2,5,14,7,4
25806,2,5,16,9,5
25807,2,5,18,11,6
25815,1,8,20,29,15
25823,2,8,20,23,12
25824,1,5,14,13,9
25826,1,5,16,16,10
25827,1,5,18,19,11
25828,1,5,16,18,10
25830,2,5,16,13,8
25831,2,5,18,15,9
25832,1,5,16,16,10
25834,1,5,18,22,14
25835,1,5,20,25,15
25836,2,5,16,13,7
25838,2,5,16,10,7
25839,2,5,18,12,8
25840,1,5,16,16,10
25841,1,5,18,19,11
25842,1,8,18,23,11
25843,2,8,18,18,8
25844,1,8,18,23,11
25845,1,8,20,29,15
25846,2,8,18,18,9
25847,2,8,18,14,8
25848,1,5,18,19,11
25849,1,5,20,23,13
25850,1,8,20,29,15
25851,2,8,20,23,12
25852,2,8,18,18,8
25853,2,8,20,23,12
25854,2,8,18,14,8
25855,2,8,18,12,8
26112,2,4,8,2,1
26144,2,4,10,3,2
26146,2,4,12,4,3
26147,2,5,14,7,4
26150,2,4,14,9,7
26151,2,5,16,12,8
26158,2,5,16,12,8
26159,2,5,18,15,9
26160,2,5,12,6,3
26161,2,5,14,8,4
26162,2,5,14,9,4
26163,2,5,14,6,2
26166,2,5,16,14,8
26167,2,5,16,9,5
26174,2,5,18,17,9
26175,2,5,18,12,6
26176,2,4,10,3,2
26180,2,4,12,4,3
26182,2,4,14,9,7
26183,2,5,16,12,8
26188,2,5,14,7,4
26190,2,5,16,12,8
26191,2,5,18,15,9
26208,2,4,10,2,2
26210,2,4,12,3,3
26211,2,5,14,6,4
26212,2,4,12,3,3
26214,2,4,12,3,3
26215,2,5,14,5,4
26220,2,5,14,6,4
26222,2,5,14,5,4
26223,2,5,16,7,5
26224,2,5,12,4,3
26225,2,5,14,6,4
26226,2,5,14,7,4
26227,2,5,14,4,1
26228,2,5,14,6,4
26229,2,5,16,10,7
26230,2,5,14,5,4
26231,2,5,14,3,2
26236,2,5,16,9,5
26237,2,5,18,13,8
26238,2,5,16,7,5
26239,2,5,16,5,3
26304,2,5,12,6,3
26308,2,5,14,9,4
26310,2,5,16,14,8
26311,2,5,18,17,9
26312,2,5,14,8,4
26316,2,5,14,6,2
26318,2,5,16,9,5
26319,2,5,18,12,6
26336,2,5,12,4,3
26338,2,5,14,6,4
26339,2,5,16,9,5
26340,2,5,14,7,4
26342,2,5,14,5,4
26343,2,5,16,7,5
26344,2,5,14,6,4
26346,2,5,16,10,7
26347,2,5,18,13,8
26348,2,5,14,4,1
26350,2,5,14,3,2
26351,2,5,16,5,3
26352,2,5,14,6,4
26353,2,5,16,8,5
26354,2,8,16,11,5
26355,2,8,16,8,2
26356,2,8,16,11,5
26357,2,8,18,15,8
26358,2,8,16,8,5
26359,2,8,16,6,3
26360,2,5,16,8,5
26361,2,5,18,11,7
26362,2,8,18,15,8
26363,2,8,18,12,5
26364,2,8,16,8,2
26365,2,8,18,12,5
26366,2,8,16,6,3
26367,2,8,16,5,2
26368,2,4,10,3,2
26384,2,5,12,6,3
26385,2,5,14,7,4
26387,2,5,16,13,7
26391,2,9,18,19,12
26399,2,10,20,23,13
26400,2,5,12,7,3
26402,2,5,14,8,4
26403,2,5,16,13,7
26406,2,5,16,13,8
26407,2,9,18,19,12
26414,2,10,18,17,9
26415,2,10,20,23,13
26416,2,5,12,4,0
26417,2,5,14,5,1
26418,2,5,14,6,1
26419,2,5,14,4,1
26422,2,5,16,10,4
26423,2,9,16,7,4
26430,2,10,18,13,5
26431,2,10,18,10,5
26432,2,5,12,5,3
26436,2,5,14,6,4
26438,2,5,16,13,8
26439,2,9,18,19,12
26444,2,5,16,9,5
26446,2,10,18,17,9
26447,2,10,20,23,13
26448,2,5,14,10,6
26449,2,5,16,12,7
26452,2,5,16,13,7
26453,2,9,18,19,12
26460,2,5,18,16,8
26461,2,10,20,23,13
26464,2,5,12,5,3
26466,2,5,14,6,4
26467,2,5,16,10,6
26468,2,5,14,6,4
26470,2,5,14,5,4
26471,2,9,16,9,7
26476,2,5,16,9,5
26478,2,10,16,8,5
26479,2,10,18,12,8
26480,2,5,12,3,1
26481,2,5,14,4,2
26482,2,5,14,5,2
26483,2,5,14,2,0
26484,2,5,14,5,2
26485,2,9,16,8,5
26486,2,5,14,3,1
26487,3,9,14,2,1
26492,2,5,16,7,3
26493,2,10,18,11,6
26494,2,10,16,5,2
26495,3,10,16,4,2
26560,2,5,14,8,4
26564,2,8,16,12,5
26566,2,10,18,20,9
26567,2,10,20,26,13
26568,2,5,16,10,5
26572,2,8,16,9,3
26574,2,10,18,15,6
26575,2,10,20,21,10
26576,2,5,16,13,7
26577,2,10,18,16,8
26580,2,8,18,19,8
26581,2,10,20,26,13
26584,2,5,18,15,8
26585,2,10,20,20,11
26588,2,8,18,14,5
26589,2,10,20,21,10
26592,2,5,14,7,4
26594,2,10,16,11,5
26595,2,10,18,15,7
26596,2,8,16,11,5
26598,2,10,16,9,5
26599,2,10,18,13,8
26600,2,5,16,9,5
26602,2,10,18,15,8
26603,2,10,20,20,11
26604,2,8,16,8,2
26606,2,10,16,7,3
26607,2,10,18,11,6
26608,2,5,14,5,2
26609,2,10,16,7,3
26610,2,10,16,9,3
26611,2,10,16,6,1
26612,2,8,16,9,3
26613,2,10,18,13,6
26614,2,10,16,6,2
26615,3,10,16,5,2
26616,2,5,16,7,3
26617,2,10,18,10,5
26618,2,10,18,12,5
26619,2,10,18,10,4
26620,2,8,16,6,0
26621,2,10,18,10,3
26622,2,10,16,4,0
26623,3,10,16,4,1
27648,1,2,10,6,4
27712,1,5,12,9,5
27716,1,5,14,10,6
27718,1,5,16,14,8
27719,1,10,18,17,9
27724,1,5,16,15,10
27726,1,9,18,20,13
27727,1,10,20,23,14
27735,1,10,20,30,15
27743,1,10,22,37,20
27744,1,5,14,15,9
27746,1,5,16,17,10
27747,1,5,18,20,11
27748,1,5,16,18,10
27750,2,5,16,14,8
27751,2,10,18,17,9
27756,1,5,18,24,14
27758,2,9,18,19,12
27759,2,10,20,22,13
27760,1,5,16,18,10
27761,1,5,18,21,11
27762,1,8,18,24,11
27763,2,8,18,19,8
27764,1,10,18,24,11
27765,1,10,20,30,15
27766,2,10,18,20,9
27767,2,10,18,16,8
27772,1,10,20,30,15
27773,1,10,22,37,20
27774,2,10,20,25,13
27775,2,10,20,21,12
27776,1,2,12,8,5
27784,1,2,14,9,6
27788,1,5,16,15,10
27790,1,9,18,20,13
27791,1,10,20,23,14
27807,1,10,22,37,20
27840,2,5,12,6,3
27844,2,5,14,7,4
27846,2,5,16,11,6
27847,2,10,18,13,7
27848,2,5,14,7,4
27852,2,5,14,6,4
27854,2,9,16,9,6
27855,2,10,18,11,7
27863,2,10,20,24,11
27871,2,10,20,20,11
27872,2,5,14,10,6
27874,2,5,16,13,7
27875,2,5,18,15,8
27876,2,5,16,14,7
27878,2,5,16,10,4
27879,2,10,18,12,5
27880,2,5,16,12,7
27882,2,9,18,18,11
27883,2,10,20,21,12
27884,2,5,16,10,6
27886,2,9,16,8,5
27887,2,10,18,10,6
27888,2,5,16,13,7
27889,2,5,18,16,8
27890,2,8,18,19,8
27891,2,8,18,14,5
27892,2,10,18,19,8
27893,2,10,20,24,11
27894,2,10,18,15,5
27895,2,10,18,11,4
27896,2,10,18,16,8
27897,2,10,20,20,10
27898,2,10,20,25,12
27899,2,10,20,19,9
27900,2,10,18,15,7
27901,2,10,20,20,11
27902,2,10,18,12,6
27903,2,10,18,10,6
28160,2,4,10,3,2
28192,2,5,12,5,3
28194,2,5,14,6,4
28195,2,5,16,9,5
28198,2,5,16,13,8
28199,2,10,18,17,9
28206,2,9,18,19,12
28207,2,10,20,23,13
28208,2,5,14,8,4
28209,2,5,16,10,5
28210,2,8,16,12,5
28211,2,8,16,9,3
28214,2,10,18,20,9
28215,2,10,18,15,6
28222,2,10,20,26,13
28223,2,10,20,21,10
28224,2,5,12,7,3
28228,2,5,14,8,4
28230,2,5,16,13,8
28231,2,10,18,17,9
28236,2,5,16,13,7
28238,2,9,18,19,12
28239,2,10,20,23,13
28256,2,5,12,5,3
28258,2,5,14,6,4
28259,2,5,16,9,5
28260,2,5,14,6,4
28262,2,5,14,5,4
28263,2,10,16,8,5
28268,2,5,16,10,6
28270,2,9,16,9,7
28271,2,10,18,12,8
28272,2,5,14,7,4
28273,2,5,16,9,5
28274,2,8,16,11,5
28275,2,8,16,8,2
28276,2,10,16,11,5
28277,2,10,18,15,8
28278,2,10,16,9,5
28279,2,10,16,7,3
28284,2,10,18,15,7
28285,2,10,20,20,11
28286,2,10,18,13,8
28287,2,10,18,11,6
28288,2,5,12,6,3
28296,2,5,14,7,4
28300,2,5,16,13,7
28302,2,9,18,19,12
28303,2,10,20,23,13
28320,2,5,14,10,6
28322,2,5,16,13,7
28323,2,5,18,16,8
28328,2,5,16,12,7
28330,2,9,18,19,12
28331,2,10,20,23,13
28336,2,5,16,13,7
28337,2,5,18,15,8
28338,2,8,18,19,8
28339,2,8,18,14,5
28344,2,10,18,16,8
28345,2,10,20,20,11
28346,2,10,20,26,13
28347,2,10,20,21,10
28352,2,5,12,4,0
28356,2,5,14,6,1
28358,2,5,16,10,4
28359,2,10,18,13,5
28360,2,5,14,5,1
28364,2,5,14,4,1
28366,2,9,16,7,4
28367,2,10,18,10,5
28384,2,5,12,3,1
28386,2,5,14,5,2
28387,2,5,16,7,3
28388,2,5,14,5,2
28390,2,5,14,3,1
28391,2,10,16,5,2
28392,2,5,14,4,2
28394,2,9,16,8,5
28395,2,10,18,11,6
28396,2,5,14,2,0
28398,3,9,14,2,1
28399,3,10,16,4,2
28400,2,5,14,5,2
28401,2,5,16,7,3
28402,2,8,16,9,3
28403,2,8,16,6,0
28404,2,10,16,9,3
28405,2,10,18,12,5
28406,2,10,16,6,2
28407,2,10,16,4,0
28408,2,10,16,7,3
28409,2,10,18,10,5
28410,2,10,18,13,6
28411,2,10,18,10,3
28412,2,10,16,6,1
28413,2,10,18,10,4
28414,3,10,16,5,2
28415,3,10,16,4,1
28416,2,4,12,4,3
28432,2,5,14,7,4
28433,2,5,16,8,5
28435,2,8,18,16,8
28439,2,10,20,25,13
28447,2,10,22,32,17
28448,2,5,14,9,4
28450,2,8,16,11,5
28451,2,8,18,16,8
28454,2,8,18,18,9
28455,2,10,20,25,13
28462,2,10,20,25,13
28463,2,10,22,32,17
28464,2,5,14,6,1
28465,2,5,16,7,2
28466,2,8,16,9,2
28467,2,8,16,7,2
28470,2,10,18,15,5
28471,2,10,18,12,5
28478,2,10,20,21,9
28479,2,10,20,18,9
28480,2,5,14,9,4
28484,2,8,16,11,5
28486,2,8,18,18,9
28487,2,10,20,25,13
28492,2,8,18,16,8
28494,2,10,20,25,13
28495,2,10,22,32,17
28496,2,5,16,14,7
28497,2,5,18,16,8
28500,2,10,18,19,8
28501,2,10,20,25,13
28508,2,10,20,24,11
28509,2,10,22,32,17
28512,2,5,14,8,4
28514,2,8,16,10,5
28515,2,8,18,14,7
28516,2,8,16,10,5
28518,2,8,16,8,5
28519,2,10,18,13,8
28524,2,8,18,14,7
28526,2,10,18,13,8
28527,2,10,20,18,11
28528,2,5,14,5,2
28529,2,5,16,6,3
28530,2,8,16,8,3
28531,2,8,16,5,1
28532,2,10,16,9,3
28533,2,10,18,12,6
28534,2,10,16,6,2
28535,3,10,16,5,2
28540,2,10,18,12,5
28541,2,10,20,17,9
28542,2,10,18,10,5
28543,3,10,18,9,5
28544,2,5,14,7,4
28552,2,5,16,8,5
28556,2,8,18,16,8
28558,2,10,20,25,13
28559,2,10,22,32,17
28560,2,5,16,11,6
28561,2,10,18,13,7
28563,2,10,20,24,11
28568,2,10,18,13,7
28569,2,10,20,18,11
28571,2,10,22,32,17
28572,2,10,20,24,11
28573,2,10,22,32,17
28576,2,5,16,14,7
28578,2,10,18,19,8
28579,2,10,20,24,11
28584,2,5,18,16,8
28586,2,10,20,25,13
28587,2,10,22,32,17
28592,2,5,16,10,4
28593,2,10,18,12,5
28594,2,10,18,15,5
28595,2,10,18,11,4
28600,2,10,18,13,5
28601,2,10,20,17,8
28602,2,10,20,21,9
28603,2,10,20,18,9
28608,2,5,14,6,1
28612,2,8,16,9,2
28614,2,10,18,15,5
28615,2,10,20,21,9
28616,2,5,16,7,2
28620,2,8,16,7,2
28622,2,10,18,12,5
28623,2,10,20,18,9
28624,2,5,16,10,4
28625,2,10,18,13,5
28628,2,10,18,15,5
28629,2,10,20,21,9
28632,2,10,18,12,5
28633,2,10,20,17,8
28636,2,10,18,11,4
28637,2,10,20,18,9
28640,2,5,14,5,2
28642,2,10,16,9,3
28643,2,10,18,12,5
28644,2,8,16,8,3
28646,2,10,16,6,2
28647,2,10,18,10,5
28648,2,5,16,6,3
28650,2,10,18,12,6
28651,2,10,20,17,9
28652,2,8,16,5,1
28654,3,10,16,5,2
28655,3,10,18,9,5
28656,2,5,14,3,1
28657,2,10,16,5,2
28658,2,10,16,6,2
28659,2,10,16,4,0
28660,2,10,16,6,2
28661,2,10,18,10,5
28662,2,10,16,4,1
28663,3,10,16,4,1
28664,2,10,16,5,2
28665,2,10,18,9,5
28666,2,10,18,10,5
28667,2,10,18,9,4
28668,2,10,16,4,0
28669,2,10,18,9,4
28670,3,10,16,4,1
28671,3,10,16,5,2
28672,1,1,8,3,3
28928,1,2,10,5,4
28944,1,2,12,6,5
28945,1,2,14,7,6
28947,1,5,16,11,8
28951,1,9,18,16,12
28959,1,10,20,19,13
28976,1,5,14,13,9
28977,1,5,16,15,10
28978,1,5,16,15,10
28979,2,5,16,12,8
28982,1,9,18,20,13
28983,2,9,18,16,11
28990,1,10,20,23,14
28991,2,10,20,19,12
29015,1,9,20,30,20
29023,1,10,22,34,21
29040,1,9,16,20,14
29041,1,9,18,23,15
29042,1,9,18,25,15
29043,2,9,18,19,12
29044,1,9,18,23,15
29045,1,9,20,30,20
29046,2,9,18,19,12
29047,2,9,18,16,12
29052,1,9,20,26,16
29053,1,10,22,34,21
29054,2,10,20,22,13
29055,2,10,20,19,13
29087,1,10,22,29,16
29118,1,10,22,37,20
29119,2,10,22,31,18
29143,1,10,22,38,21
29151,2,10,22,31,17
29168,1,9,18,23,15
29169,1,10,20,27,16
29170,1,10,20,31,16
29171,2,10,20,25,13
29172,1,9,20,30,16
29173,1,10,22,38,21
29174,2,10,20,25,13
29175,2,10,20,21,13
29176,1,9,20,26,16
29177,1,10,22,32,19
29178,1,10,22,37,20
29179,2,10,22,31,18
29180,2,8,20,24,12
29181,2,10,22,31,17
29182,2,10,20,20,11
29183,2,10,20,18,12
29184,1,2,10,6,4
29216,1,2,12,7,5
29218,1,2,14,8,6
29219,1,4,16,11,8
29222,1,4,16,11,8
29223,1,9,18,16,12
29230,1,10,18,14,9
29231,1,10,20,19,13
29232,1,5,14,13,9
29233,1,5,16,15,10
29234,1,5,16,15,10
29235,2,5,16,12,8
29238,1,9,18,20,13
29239,2,9,18,16,11
29246,1,10,20,23,14
29247,2,10,20,19,12
29280,1,5,14,13,9
29282,1,5,16,15,10
29283,1,9,18,20,13
29284,1,5,16,15,10
29286,2,5,16,12,8
29287,2,9,18,16,11
29292,1,5,18,18,11
29294,2,10,18,15,9
29295,2,10,20,19,12
29296,1,9,16,20,14
29297,1,9,18,23,15
29298,1,9,18,25,15
29299,2,9,18,19,12
29300,1,9,18,23,15
29301,1,9,20,30,20
29302,2,9,18,19,12
29303,2,9,18,16,12
29308,1,9,20,26,16
29309,1,10,22,34,21
29310,2,10,20,22,13
29311,2,10,20,19,13
29358,1,10,20,26,15
29359,1,10,22,32,19
29374,1,10,22,37,20
29375,2,10,22,31,18
29408,1,5,16,16,10
29410,1,10,18,20,11
29411,1,10,20,25,14
29412,1,5,18,21,11
29414,2,10,18,17,9
29415,2,10,20,21,12
29416,1,5,18,19,11
29418,1,10,20,26,15
29419,1,10,22,32,19
29420,2,5,18,16,8
29422,2,10,18,14,8
29423,2,10,20,17,10
29424,1,9,18,23,15
29425,1,10,20,27,16
29426,1,10,20,31,16
29427,2,10,20,25,13
29428,1,9,20,30,16
29429,1,10,22,38,21
29430,2,10,20,25,13
29431,2,10,20,21,13
29432,1,9,20,26,16
29433,1,10,22,32,19
29434,1,10,22,37,20
29435,2,10,22,31,18
29436,2,8,20,24,12
29437,2,10,22,31,17
29438,2,10,20,20,11
29439,2,10,20,18,12
29440,2,4,10,3,2
29456,2,4,12,4,3
29457,2,4,14,5,4
29459,2,5,16,11,8
29463,2,9,18,16,11
29471,2,10,20,19,12
29472,2,5,12,5,3
29474,2,5,14,6,4
29475,2,5,16,11,8
29478,2,5,16,9,5
29479,2,9,18,16,11
29486,2,10,18,12,6
29487,2,10,20,19,12
29488,2,5,12,4,3
29489,2,5,14,5,4
29490,2,5,14,5,4
29491,2,5,14,5,4
29494,2,9,16,9,6
29495,2,9,16,9,7
29502,2,10,18,11,7
29503,2,10,18,11,8
29536,2,5,14,10,6
29538,2,5,16,13,7
29539,2,9,18,19,12
29540,2,5,16,12,7
29542,2,5,16,9,5
29543,2,9,18,14,10
29548,2,5,18,15,8
29550,2,10,18,12,6
29551,2,10,20,17,11
29552,2,9,14,8,6
29553,2,9,16,10,7
29554,2,9,16,11,7
29555,2,9,16,9,7
29556,2,9,16,10,7
29557,2,9,18,15,11
29558,2,9,16,7,4
29559,2,9,16,7,6
29564,2,9,18,12,8
29565,2,10,20,18,12
29566,2,10,18,9,5
29567,2,10,18,9,7
29599,2,10,22,31,18
29614,2,10,20,24,12
29615,2,10,22,31,18
29630,2,10,20,20,11
29631,2,10,20,18,12
29664,2,5,16,12,7
29666,2,10,18,18,8
29667,2,10,20,24,13
29668,2,8,18,18,8
29670,2,10,18,15,6
29671,2,10,20,20,11
29672,2,5,18,15,8
29674,2,10,20,24,12
29675,2,10,22,31,18
29676,2,8,18,14,6
29678,2,10,18,12,6
29679,2,10,20,16,10
29680,2,9,16,10,7
29681,2,10,18,13,8
29682,2,10,18,15,8
29683,2,10,18,13,8
29684,2,9,18,15,8
29685,2,10,20,21,12
29686,2,10,18,12,5
29687,2,10,18,11,7
29688,2,9,18,13,8
29689,2,10,20,17,10
29690,2,10,20,20,11
29691,2,10,20,18,12
29692,2,8,18,10,5
29693,2,10,20,15,9
29694,2,10,18,8,4
29695,2,10,18,8,6
29696,1,2,10,5,4
29760,1,2,12,6,5
29764,1,2,14,7,6
29766,1,5,16,11,8
29767,1,9,18,16,12
29772,1,2,16,9,7
29774,1,10,18,14,9
29775,1,10,20,19,13
29783,1,9,20,30,20
29791,1,10,22,34,21
29792,1,5,14,13,9
29794,1,5,16,15,10
29795,1,9,18,20,13
29796,1,5,16,15,10
29798,2,5,16,12,8
29799,2,9,18,16,11
29804,1,5,18,18,11
29806,2,10,18,15,9
29807,2,10,20,19,12
29808,1,9,16,20,14
29809,1,9,18,23,15
29810,1,9,18,25,15
29811,2,9,18,19,12
29812,1,9,18,23,15
29813,1,9,20,30,20
29814,2,9,18,19,12
29815,2,9,18,16,12
29820,1,9,20,26,16
29821,1,10,22,34,21
29822,2,10,20,22,13
29823,2,10,20,19,13
29888,1,5,14,9,6
29892,1,5,16,11,7
29894,1,10,18,17,9
29895,1,10,20,22,13
29896,1,5,16,11,7
29900,2,5,16,8,5
29902,2,10,18,12,6
29903,2,10,20,16,9
29911,1,10,22,38,21
29919,2,10,22,31,17
29920,1,5,16,16,10
29922,1,10,18,20,11
29923,1,10,20,25,14
29924,1,5,18,21,11
29926,2,10,18,17,9
29927,2,10,20,21,12
29928,1,5,18,19,11
29930,1,10,20,26,15
29931,1,10,22,32,19
29932,2,5,18,16,8
29934,2,10,18,14,8
29935,2,10,20,17,10
29936,1,9,18,23,15
29937,1,10,20,27,16
29938,1,10,20,31,16
29939,2,10,20,25,13
29940,1,9,20,30,16
29941,1,10,22,38,21
29942,2,10,20,25,13
29943,2,10,20,21,13
29944,1,9,20,26,16
29945,1,10,22,32,19
29946,1,10,22,37,20
29947,2,10,22,31,18
29948,2,8,20,24,12
29949,2,10,22,31,17
29950,2,10,20,20,11
29951,2,10,20,18,12
29952,1,4,12,10,8
29968,1,5,14,13,9
29969,1,5,16,14,10
29971,1,5,18,22,14
29975,1,9,20,30,20
29983,1,10,22,34,21
30016,1,5,14,13,9
30020,1,5,16,14,10
30022,1,5,18,22,14
30023,1,9,20,30,20
30028,1,5,18,17,11
30030,1,10,20,26,15
30031,1,10,22,34,21
30032,1,9,16,20,14
30033,1,9,18,23,15
30036,1,9,18,23,15
30037,1,9,20,30,20
30044,1,9,20,26,16
30045,1,10,22,34,21
30144,1,5,16,16,10
30148,1,8,18,20,11
30150,1,10,20,30,15
30151,1,10,22,38,21
30152,1,5,18,18,11
30156,2,8,18,17,9
30158,2,10,20,24,12
30159,2,10,22,31,17
30160,1,9,18,23,15
30161,1,10,20,27,16
30164,1,9,20,30,16
30165,1,10,22,38,21
30168,1,9,20,26,16
30169,1,10,22,32,19
30172,2,8,20,24,12
30173,2,10,22,31,17
30208,2,4,10,3,2
30240,2,5,12,5,3
30242,2,5,14,6,4
30243,2,5,16,9,5
30246,2,5,16,11,8
30247,2,9,18,16,11
30254,2,10,18,15,9
30255,2,10,20,20,12
30256,2,5,14,10,6
30257,2,5,16,12,7
30258,2,5,16,13,7
30259,2,5,16,9,5
30262,2,9,18,19,12
30263,2,9,18,14,10
30270,2,10,20,23,13
30271,2,10,20,18,11
30272,2,4,12,4,3
30276,2,4,14,5,4
30278,2,5,16,11,8
30279,2,9,18,16,11
30284,2,5,16,8,5
30286,2,10,18,15,9
30287,2,10,20,20,12
30304,2,5,12,4,3
30306,2,5,14,5,4
30307,2,9,16,9,6
30308,2,5,14,5,4
30310,2,5,14,5,4
30311,2,9,16,9,7
30316,2,5,16,8,5
30318,2,10,16,8,5
30319,2,10,18,12,8
30320,2,9,14,8,6
30321,2,9,16,10,7
30322,2,9,16,11,7
30323,2,9,16,7,4
30324,2,9,16,10,7
30325,2,9,18,15,11
30326,2,9,16,9,7
30327,2,9,16,7,6
30332,2,9,18,13,8
30333,2,10,20,19,12
30334,2,10,18,12,8
30335,2,10,18,10,7
30400,2,5,14,7,4
30404,2,5,16,10,5
30406,2,10,18,17,9
30407,2,10,20,22,12
30408,2,5,16,9,5
30412,2,5,16,7,3
30414,2,10,18,12,6
30415,2,10,20,16,8
30432,2,5,14,6,4
30434,2,10,16,9,5
30435,2,10,18,13,7
30436,2,5,16,9,5
30438,2,10,16,8,5
30439,2,10,18,12,8
30440,2,5,16,8,5
30442,2,10,18,13,8
30443,2,10,20,18,11
30444,2,5,16,6,2
30446,2,10,16,6,3
30447,2,10,18,9,5
30448,2,9,16,10,7
30449,2,10,18,13,8
30450,2,10,18,16,8
30451,2,10,18,12,5
30452,2,9,18,15,8
30453,2,10,20,21,12
30454,2,10,18,13,8
30455,2,10,18,11,7
30456,2,9,18,12,8
30457,2,10,20,17,11
30458,2,10,20,20,11
30459,2,10,20,17,9
30460,2,8,18,11,4
30461,2,10,20,17,8
30462,2,10,18,10,5
30463,2,10,18,9,5
30464,2,4,10,2,2
30480,2,5,12,4,3
30481,2,5,14,5,4
30483,2,5,16,10,7
30487,2,9,18,16,12
30495,2,10,20,20,13
30496,2,5,12,5,3
30498,2,5,14,6,4
30499,2,5,16,10,7
30502,2,5,16,10,7
30503,2,9,18,16,12
30510,2,10,18,14,8
30511,2,10,20,20,13
30512,2,5,12,3,1
30513,2,5,14,4,2
30514,2,5,14,4,2
30515,2,5,14,3,2
30518,2,9,16,8,5
30519,2,9,16,7,6
30526,2,10,18,11,6
30527,2,10,18,10,7
30528,2,5,12,4,3
30532,2,5,14,5,4
30534,2,5,16,10,7
30535,2,9,18,16,12
30540,2,5,16,8,5
30542,2,10,18,14,8
30543,2,10,20,20,13
30544,2,9,14,8,6
30545,2,9,16,10,7
30548,2,9,16,10,7
30549,2,9,18,16,12
30556,2,9,18,13,8
30557,2,10,20,20,13
30560,2,5,12,3,1
30562,2,5,14,4,2
30563,2,9,16,8,5
30564,2,5,14,4,2
30566,2,5,14,3,2
30567,2,9,16,7,6
30572,2,5,16,7,3
30574,2,10,16,6,3
30575,2,10,18,10,7
30576,3,9,12,3,1
30577,3,9,14,4,2
30578,3,9,14,4,2
30579,3,9,14,2,1
30580,3,9,14,4,2
30581,3,9,16,7,5
30582,3,9,14,2,1
30583,3,9,14,2,2
30588,3,9,16,6,3
30589,3,10,18,10,6
30590,3,10,16,4,2
30591,3,10,16,4,3
30656,2,5,14,6,4
30660,2,8,16,10,5
30662,2,10,18,16,8
30663,2,10,20,22,13
30664,2,5,16,8,5
30668,2,8,16,7,3
30670,2,10,18,12,6
30671,2,10,20,17,10
30672,2,9,16,10,7
30673,2,10,18,13,8
30676,2,9,18,15,8
30677,2,10,20,22,13
30680,2,9,18,12,8
30681,2,10,20,17,11
30684,2,8,18,10,5
30685,2,10,20,17,10
30688,2,5,14,4,2
30690,2,10,16,8,3
30691,2,10,18,12,6
30692,2,8,16,8,3
30694,2,10,16,7,3
30695,2,10,18,11,7
30696,2,5,16,6,3
30698,2,10,18,12,6
30699,2,10,20,17,10
30700,2,8,16,6,1
30702,2,10,16,6,2
30703,2,10,18,9,5
30704,3,9,14,4,2
30705,3,10,16,6,3
30706,3,10,16,7,3
30707,3,10,16,5,2
30708,3,9,16,7,3
30709,3,10,18,11,6
30710,3,10,16,5,2
30711,3,10,16,5,3
30712,3,9,16,6,3
30713,3,10,18,9,5
30714,3,10,18,10,5
30715,3,10,18,9,5
30716,3,8,16,4,0
30717,3,10,18,8,3
30718,3,10,16,3,0
30719,3,10,16,3,1
31744,1,2,12,7,5
31808,1,5,14,10,6
31812,1,5,16,11,7
31814,1,5,18,16,9
31815,1,10,20,22,13
31820,1,5,18,16,11
31822,1,10,20,23,14
31823,1,10,22,29,18
31831,1,10,22,38,21
31839,1,10,24,46,26
31840,1,5,16,18,10
31842,1,5,18,20,11
31843,1,9,20,25,14
31844,1,5,18,21,11
31846,2,5,18,17,9
31847,2,10,20,22,12
31852,1,5,20,27,15
31854,2,10,20,23,13
31855,2,10,22,28,16
31856,1,9,18,25,15
31857,1,9,20,28,16
31858,1,9,20,31,16
31859,2,9,20,25,13
31860,1,10,20,31,16
31861,1,10,22,38,21
31862,2,10,20,26,13
31863,2,10,20,22,13
31868,1,10,22,37,20
31869,1,10,24,46,26
31870,2,10,22,32,17
31871,2,10,22,28,17
31872,1,2,14,9,6
31880,1,2,16,10,7
31884,1,5,18,16,11
31886,1,10,20,23,14
31887,1,10,22,29,18
31903,1,10,24,46,26
31936,2,5,14,7,4
31940,2,5,16,8,5
31942,2,10,18,13,7
31943,2,10,20,18,11
31944,2,5,16,8,5
31948,2,5,16,7,5
31950,2,10,18,11,7
31951,2,10,20,15,10
31959,2,10,22,32,17
31967,2,10,22,27,16
31968,2,5,16,12,7
31970,2,10,18,16,8
31971,2,10,20,20,11
31972,2,5,18,16,8
31974,2,10,18,13,5
31975,2,10,20,17,8
31976,2,5,18,14,8
31978,2,10,20,21,12
31979,2,10,22,27,16
31980,2,5,18,12,7
31982,2,10,18,11,6
31983,2,10,20,14,8
31984,2,9,18,19,12
31985,2,10,20,23,13
31986,2,10,20,26,13
31987,2,10,20,21,10
31988,2,10,20,25,13
31989,2,10,22,32,17
31990,2,10,20,21,9
31991,2,10,20,18,9
31992,2,10,20,22,13
31993,2,10,22,28,16
31994,2,10,22,32,17
31995,2,10,22,27,15
31996,2,10,20,20,11
31997,2,10,22,27,16
31998,2,10,20,17,9
31999,2,10,20,16,10
32000,1,4,14,12,9
32016,1,5,16,15,10
32017,1,5,18,16,11
32019,1,8,20,26,15
32023,1,10,22,38,21
32031,1,10,24,46,26
32064,1,5,16,18,10
32068,1,8,18,20,11
32070,1,8,20,29,15
32071,1,10,22,38,21
32076,1,8,20,26,15
32078,1,10,22,37,20
32079,1,10,24,46,26
32080,1,9,18,25,15
32081,1,9,20,28,16
32084,1,10,20,31,16
32085,1,10,22,38,21
32092,1,10,22,37,20
32093,1,10,24,46,26
32128,1,5,16,15,10
32136,1,5,18,16,11
32140,1,8,20,26,15
32142,1,10,22,37,20
32143,1,10,24,46,26
32144,1,9,18,20,13
32145,1,10,20,23,14
32147,1,10,22,37,20
32152,1,10,20,23,14
32153,1,10,22,29,18
32155,1,10,24,46,26
32156,1,10,22,37,20
32157,1,10,24,46,26
32192,2,5,16,13,7
32196,2,8,18,16,8
32198,2,10,20,24,11
32199,2,10,22,32,17
32200,2,5,18,14,8
32204,2,8,18,14,8
32206,2,10,20,20,11
32207,2,10,22,27,16
32208,2,9,18,19,12
32209,2,10,20,23,13
32212,2,10,20,25,13
32213,2,10,22,32,17
32216,2,10,20,22,13
32217,2,10,22,28,16
32220,2,10,20,20,11
32221,2,10,22,27,16
32256,2,4,12,4,3
32288,2,5,14,7,4
32290,2,5,16,8,5
32291,2,5,18,11,6
32294,2,5,18,15,9
32295,2,10,20,21,12
32302,2,10,20,22,13
32303,2,10,22,28,16
32304,2,5,16,12,7
32305,2,5,18,14,8
32306,2,8,18,16,8
32307,2,8,18,12,6
32310,2,10,20,25,13
32311,2,10,20,20,11
32318,2,10,22,32,17
32319,2,10,22,27,15
32320,2,5,14,8,4
32324,2,5,16,9,5
32326,2,5,18,15,9
32327,2,10,20,21,12
32332,2,5,18,14,8
32334,2,10,20,22,13
32335,2,10,22,28,16
32352,2,5,14,7,4
32354,2,5,16,8,5
32355,2,9,18,12,7
32356,2,5,16,8,5
32358,2,5,16,7,5
32359,2,10,18,12,8
32364,2,5,18,12,7
32366,2,10,18,12,8
32367,2,10,20,17,11
32368,2,9,16,11,7
32369,2,9,18,13,8
32370,2,9,18,15,8
32371,2,9,18,11,5
32372,2,10,18,15,8
32373,2,10,20,20,12
32374,2,10,18,13,8
32375,2,10,18,11,7
32380,2,10,20,19,10
32381,2,10,22,26,15
32382,2,10,20,18,11
32383,2,10,20,16,10
32384,2,5,14,7,4
32392,2,5,16,8,5
32396,2,5,18,14,8
32398,2,10,20,22,13
32399,2,10,22,28,16
32416,2,5,16,12,7
32418,2,10,18,16,8
32419,2,10,20,20,10
32424,2,5,18,14,8
32426,2,10,20,22,13
32427,2,10,22,28,16
32432,2,9,18,18,11
32433,2,10,20,21,12
32434,2,10,20,25,12
32435,2,10,20,19,9
32440,2,10,20,21,12
32441,2,10,22,27,16
32442,2,10,22,32,17
32443,2,10,22,27,15
32448,2,5,14,5,1
32452,2,5,16,7,2
32454,2,10,18,12,5
32455,2,10,20,17,8
32456,2,5,16,6,2
32460,2,5,16,5,2
32462,2,10,18,9,5
32463,2,10,20,13,7
32480,2,5,14,4,2
32482,2,10,16,7,3
32483,2,10,18,10,5
32484,2,5,16,6,3
32486,2,10,16,5,2
32487,2,10,18,9,5
32488,2,5,16,5,3
32490,2,10,18,10,6
32491,2,10,20,15,9
32492,2,5,16,3,1
32494,3,10,16,4,2
32495,3,10,18,7,4
32496,2,9,16,8,5
32497,2,10,18,11,6
32498,2,10,18,13,6
32499,2,10,18,10,3
32500,2,10,18,12,6
32501,2,10,20,17,9
32502,2,10,18,10,5
32503,2,10,18,9,4
32504,2,10,18,10,6
32505,2,10,20,15,9
32506,2,10,20,17,9
32507,2,10,20,15,7
32508,2,10,18,8,3
32509,2,10,20,14,7
32510,3,10,18,8,4
32511,3,10,18,8,4
32512,2,4,12,3,3
32528,2,5,14,5,4
32529,2,5,16,6,5
32531,2,8,18,12,8
32535,2,10,20,21,13
32543,2,10,22,27,16
32544,2,5,14,6,4
32546,2,8,16,8,5
32547,2,8,18,12,8
32550,2,8,18,14,8
32551,2,10,20,21,13
32558,2,10,20,20,11
32559,2,10,22,27,16
32560,2,5,14,4,2
32561,2,5,16,5,3
32562,2,8,16,6,3
32563,2,8,16,5,3
32566,2,10,18,12,6
32567,2,10,18,11,7
32574,2,10,20,17,9
32575,2,10,20,16,10
32576,2,5,14,7,4
32580,2,8,16,9,5
32582,2,8,18,14,8
32583,2,10,20,21,13
32588,2,8,18,14,8
32590,2,10,20,20,11
32591,2,10,22,27,16
32592,2,9,16,11,7
32593,2,9,18,13,8
32596,2,10,18,15,8
32597,2,10,20,21,13
32604,2,10,20,20,11
32605,2,10,22,27,16
32608,2,5,14,5,2
32610,2,8,16,7,3
32611,2,9,18,11,6
32612,2,8,16,7,3
32614,2,8,16,6,3
32615,2,10,18,11,7
32620,2,8,18,11,5
32622,2,10,18,10,5
32623,2,10,20,15,9
32624,3,9,14,4,2
32625,3,9,16,5,3
32626,3,9,16,6,3
32627,3,9,16,4,2
32628,3,10,16,7,3
32629,3,10,18,10,6
32630,3,10,16,5,2
32631,3,10,16,5,3
32636,3,10,18,10,5
32637,3,10,20,14,8
32638,3,10,18,8,4
32639,3,10,18,8,5
32640,2,5,14,6,4
32648,2,5,16,7,5
32652,2,8,18,14,8
32654,2,10,20,20,11
32655,2,10,22,27,16
32656,2,9,16,9,6
32657,2,10,18,11,7
32659,2,10,20,20,11
32664,2,10,18,11,7
32665,2,10,20,15,10
32667,2,10,22,27,16
32668,2,10,20,20,11
32669,2,10,22,27,16
32672,2,5,16,10,6
32674,2,10,18,15,7
32675,2,10,20,20,11
32680,2,5,18,12,7
32682,2,10,20,20,11
32683,2,10,22,27,16
32688,2,9,16,8,5
32689,2,10,18,10,6
32690,2,10,18,12,6
32691,2,10,18,10,6
32696,2,10,18,11,6
32697,2,10,20,14,8
32698,2,10,20,17,9
32699,2,10,20,16,10
32704,2,5,14,4,1
32708,2,8,16,7,2
32710,2,10,18,11,4
32711,2,10,20,18,9
32712,2,5,16,5,2
32716,2,8,16,5,2
32718,2,10,18,8,4
32719,2,10,20,14,8
32720,2,9,16,7,4
32721,2,10,18,10,5
32724,2,10,18,12,5
32725,2,10,20,18,9
32728,2,10,18,9,5
32729,2,10,20,13,7
32732,2,10,18,8,4
32733,2,10,20,14,8
32736,2,5,14,2,0
32738,2,10,16,6,1
32739,2,10,18,10,4
32740,2,8,16,5,1
32742,2,10,16,4,0
32743,2,10,18,9,4
32744,2,5,16,3,1
32746,2,10,18,8,3
32747,2,10,20,14,7
32748,2,8,16,3,0
32750,3,10,16,3,0
32751,3,10,18,7,3
32752,3,9,14,2,1
32753,3,10,16,4,2
32754,3,10,16,5,2
32755,3,10,16,4,1
32756,3,10,16,5,2
32757,3,10,18,9,5
32758,3,10,16,4,1
32759,3,10,16,5,2
32760,3,10,16,4,2
32761,3,10,18,7,4
32762,3,10,18,8,4
32763,3,10,18,8,4
32764,3,10,16,3,0
32765,3,10,18,7,3
32766,3,10,16,3,0
32767,3,10,16,4,1
32768,1,1,4,1,1
34816,1,1,6,2,2
34944,1,1,8,3,3
34952,1,1,10,4,4
34956,1,2,12,6,5
34958,1,2,14,7,6
34959,1,2,16,8,7
34975,1,5,18,12,9
34990,1,5,16,14,10
34991,1,5,18,16,11
35006,1,5,18,16,11
35007,2,5,18,13,9
35008,1,2,10,5,4
35012,1,2,12,7,5
35014,1,2,14,9,6
35015,1,2,16,10,7
35016,1,2,12,7,5
35020,2,4,12,4,3
35022,2,4,14,5,4
35023,2,4,16,6,5
35031,1,5,18,16,11
35039,2,5,18,12,9
35040,1,2,12,6,5
35042,1,5,14,9,6
35043,1,5,16,11,7
35044,1,5,14,10,6
35046,2,5,14,7,4
35047,2,5,16,8,5
35048,1,2,14,8,6
35050,1,5,16,14,10
35051,1,5,18,16,11
35052,2,5,14,6,4
35054,2,5,14,5,4
35055,2,5,16,6,5
35056,1,2,14,7,6
35057,1,2,16,9,7
35058,1,5,16,11,7
35059,2,5,16,8,5
35060,1,5,16,11,7
35061,1,5,18,16,11
35062,2,5,16,8,5
35063,2,5,16,7,5
35064,1,2,16,9,7
35065,1,4,18,12,9
35066,1,5,18,16,11
35067,2,5,18,13,9
35068,2,5,16,7,5
35069,2,5,18,12,9
35070,2,5,16,6,5
35071,2,5,16,6,5
35231,1,10,20,19,13
35262,1,10,20,23,14
35263,2,10,20,19,12
35287,1,10,20,23,14
35295,2,10,20,19,12
35312,1,5,16,11,8
35313,1,10,18,14,9
35314,1,10,18,17,9
35315,2,10,18,12,6
35316,1,5,18,16,9
35317,1,10,20,23,14
35318,2,10,18,13,7
35319,2,10,18,11,7
35320,1,5,18,13,9
35321,1,10,20,19,13
35322,1,10,20,23,14
35323,2,10,20,19,12
35324,2,5,18,11,6
35325,2,10,20,19,12
35326,2,10,18,11,7
35327,2,10,18,11,8
35502,1,9,18,23,15
35503,1,9,20,26,16
35518,1,9,20,28,16
35519,2,9,20,22,13
35552,1,5,14,13,9
35554,1,5,16,16,10
35555,1,5,18,19,11
35556,1,5,16,18,10
35558,2,5,16,12,7
35559,2,5,18,14,8
35560,1,5,16,16,10
35562,1,9,18,23,15
35563,1,9,20,26,16
35564,2,5,16,13,7
35566,2,9,16,10,7
35567,2,9,18,12,8
35568,1,5,16,15,10
35569,1,5,18,18,11
35570,1,5,18,21,11
35571,2,5,18,16,8
35572,1,5,18,21,11
35573,1,5,20,27,15
35574,2,5,18,16,8
35575,2,5,18,12,7
35576,1,5,18,18,11
35577,1,9,20,23,14
35578,1,9,20,28,16
35579,2,9,20,22,13
35580,2,5,18,16,8
35581,2,9,20,22,13
35582,2,9,18,13,8
35583,2,9,18,11,8
35743,1,10,22,34,21
35758,1,10,20,27,16
35759,1,10,22,34,21
35774,2,10,20,23,13
35775,2,10,20,20,13
35808,1,5,16,15,10
35810,1,10,18,20,11
35811,1,10,20,26,15
35812,1,5,18,20,11
35814,2,10,18,16,8
35815,2,10,20,21,12
35816,1,5,18,18,11
35818,1,10,20,27,16
35819,1,10,22,34,21
35820,2,5,18,15,8
35822,2,10,18,13,8
35823,2,10,20,18,12
35824,2,5,16,12,8
35825,2,10,18,15,9
35826,2,10,18,17,9
35827,2,10,18,14,8
35828,2,5,18,17,9
35829,2,10,20,23,13
35830,2,10,18,13,5
35831,2,10,18,11,6
35832,2,5,18,15,9
35833,2,10,20,20,12
35834,2,10,20,23,13
35835,2,10,20,20,13
35836,2,5,18,12,6
35837,2,10,20,18,11
35838,2,10,18,10,5
35839,2,10,18,10,7
35840,1,2,8,4,3
35904,1,2,10,6,4
35908,1,2,12,7,5
35910,1,5,14,10,6
35911,1,5,16,11,7
35916,1,4,14,12,9
35918,1,5,16,15,10
35919,1,5,18,16,11
35927,1,5,18,18,11
35935,1,5,20,24,15
35936,1,2,12,8,5
35938,1,2,14,10,6
35939,1,2,16,12,7
35940,1,5,14,11,6
35942,2,5,14,8,4
35943,2,5,16,9,5
35948,1,5,16,17,10
35950,2,5,16,12,7
35951,2,5,18,13,8
35952,1,2,14,9,6
35953,1,5,16,12,7
35954,1,5,16,13,7
35955,2,5,16,10,5
35956,1,5,16,12,7
35957,1,5,18,18,11
35958,2,5,16,10,5
35959,2,5,16,8,5
35964,1,5,18,18,11
35965,1,5,20,24,15
35966,2,5,18,14,8
35967,2,5,18,12,8
35968,1,2,10,6,4
35976,1,2,12,7,5
35980,1,4,14,12,9
35982,1,5,16,15,10
35983,1,5,18,16,11
35999,1,5,20,24,15
36032,2,4,10,3,2
36036,2,4,12,4,3
36038,2,5,14,7,4
36039,2,5,16,8,5
36040,2,4,12,4,3
36044,2,4,12,3,3
36046,2,5,14,5,4
36047,2,5,16,6,5
36055,2,5,18,14,8
36063,2,5,18,11,8
36064,2,4,12,4,3
36066,2,5,14,7,4
36067,2,5,16,9,5
36068,2,5,14,8,4
36070,2,5,14,5,1
36071,2,5,16,6,2
36072,2,5,14,6,4
36074,2,5,16,11,7
36075,2,5,18,13,8
36076,2,5,14,6,4
36078,2,5,14,4,2
36079,2,5,16,5,3
36080,2,4,14,5,4
36081,2,5,16,8,5
36082,2,5,16,10,5
36083,2,5,16,7,3
36084,2,5,16,9,5
36085,2,5,18,14,8
36086,2,5,16,7,2
36087,2,5,16,5,2
36088,2,5,16,7,5
36089,2,5,18,10,6
36090,2,5,18,14,8
36091,2,5,18,10,6
36092,2,5,16,7,5
36093,2,5,18,11,8
36094,2,5,16,5,3
36095,2,5,16,4,3
36183,1,9,20,26,16
36191,1,10,22,34,21
36208,1,5,16,15,10
36209,1,5,18,18,11
36210,1,5,18,20,11
36211,2,5,18,15,8
36212,1,5,18,19,11
36213,1,9,20,26,16
36214,2,5,18,15,8
36215,2,9,18,12,8
36220,1,5,20,25,15
36221,1,10,22,34,21
36222,2,10,20,21,12
36223,2,10,20,18,12
36255,1,10,22,34,21
36311,2,10,20,22,13
36319,2,10,20,19,13
36336,2,5,16,11,8
36337,2,10,18,15,9
36338,2,10,18,17,9
36339,2,10,18,12,6
36340,2,5,18,15,9
36341,2,10,20,22,13
36342,2,10,18,12,5
36343,2,10,18,9,5
36344,2,5,18,13,9
36345,2,10,20,19,12
36346,2,10,20,22,13
36347,2,10,20,17,11
36348,2,5,18,12,8
36349,2,10,20,19,13
36350,2,10,18,10,6
36351,2,10,18,9,7
36352,1,2,10,5,4
36384,1,5,12,8,5
36386,1,5,14,9,6
36387,1,5,16,12,7
36390,1,5,16,16,10
36391,1,5,18,19,11
36398,1,9,18,23,15
36399,1,9,20,26,16
36400,1,5,14,10,6
36401,1,5,16,12,7
36402,1,5,16,13,7
36403,2,5,16,10,5
36406,1,5,18,21,11
36407,2,5,18,15,8
36414,1,9,20,28,16
36415,2,9,20,22,13
36416,1,5,12,9,5
36420,1,5,14,10,6
36422,1,5,16,16,10
36423,1,5,18,19,11
36428,1,5,16,16,10
36430,1,9,18,23,15
36431,1,9,20,26,16
36448,2,5,12,6,3
36450,2,5,14,7,4
36451,2,5,16,10,5
36452,2,5,14,8,4
36454,2,5,14,6,4
36455,2,5,16,8,5
36460,2,5,16,13,7
36462,2,9,16,10,7
36463,2,9,18,12,8
36464,2,5,14,7,4
36465,2,5,16,10,5
36466,2,5,16,11,5
36467,2,5,16,8,2
36468,2,5,16,10,5
36469,2,5,18,15,8
36470,2,5,16,9,5
36471,2,5,16,6,3
36476,2,5,18,15,8
36477,2,9,20,21,12
36478,2,9,18,13,8
36479,2,9,18,10,6
36480,1,2,12,7,5
36488,1,2,14,8,6
36492,1,5,16,16,10
36494,1,9,18,23,15
36495,1,9,20,26,16
36512,1,5,14,13,9
36514,1,5,16,16,10
36515,1,5,18,19,11
36520,1,5,16,16,10
36522,1,9,18,23,15
36523,1,9,20,26,16
36528,1,5,16,15,10
36529,1,5,18,18,11
36530,1,5,18,21,11
36531,2,5,18,16,8
36536,1,5,18,18,11
36537,1,9,20,23,14
36538,1,9,20,28,16
36539,2,9,20,22,13
36544,2,5,12,5,3
36548,2,5,14,7,4
36550,2,5,16,12,7
36551,2,5,18,14,8
36552,2,5,14,6,4
36556,2,5,14,6,4
36558,2,9,16,10,7
36559,2,9,18,12,8
36576,2,5,12,4,3
36578,2,5,14,6,4
36579,2,5,16,8,5
36580,2,5,14,7,4
36582,2,5,14,4,2
36583,2,5,16,5,3
36584,2,5,14,6,4
36586,2,9,16,10,7
36587,2,9,18,12,8
36588,2,5,14,5,2
36590,3,9,14,4,2
36591,3,9,16,5,3
36592,2,5,14,5,4
36593,2,5,16,8,5
36594,2,5,16,9,5
36595,2,5,16,6,2
36596,2,5,16,8,5
36597,2,5,18,12,7
36598,2,5,16,6,3
36599,2,5,16,3,1
36600,2,5,16,7,5
36601,2,9,18,11,7
36602,2,9,18,13,8
36603,2,9,18,9,5
36604,2,5,16,6,3
36605,2,9,18,10,6
36606,3,9,16,5,3
36607,3,9,16,3,2
36608,1,2,12,6,5
36624,1,2,14,8,6
36625,1,2,16,9,7
36627,1,5,18,17,11
36631,1,9,20,26,16
36639,1,10,22,34,21
36640,1,5,14,10,6
36642,1,5,16,11,7
36643,1,5,18,17,11
36646,1,5,18,19,11
36647,1,9,20,26,16
36654,1,10,20,27,16
36655,1,10,22,34,21
36656,2,5,14,7,4
36657,2,5,16,8,5
36658,2,5,16,9,5
36659,2,5,16,8,5
36662,2,5,18,16,8
36663,2,9,18,13,8
36670,2,10,20,23,13
36671,2,10,20,20,13
36672,1,5,14,10,6
36676,1,5,16,11,7
36678,1,5,18,19,11
36679,1,9,20,26,16
36684,1,5,18,17,11
36686,1,10,20,27,16
36687,1,10,22,34,21
36688,1,5,16,15,10
36689,1,5,18,18,11
36692,1,5,18,19,11
36693,1,9,20,26,16
36700,1,5,20,25,15
36701,1,10,22,34,21
36704,2,5,14,7,4
36706,2,5,16,9,5
36707,2,5,18,14,8
36708,2,5,16,9,5
36710,2,5,16,8,5
36711,2,9,18,12,8
36716,2,5,18,14,8
36718,2,10,18,13,8
36719,2,10,20,17,11
36720,2,5,14,6,4
36721,2,5,16,8,5
36722,2,5,16,9,5
36723,2,5,16,7,3
36724,2,5,16,9,5
36725,2,9,18,13,8
36726,2,5,16,7,3
36727,3,9,16,6,3
36732,2,5,18,13,8
36733,2,10,20,19,12
36734,2,10,18,11,6
36735,3,10,18,10,6
36736,1,2,14,8,6
36744,1,2,16,9,7
36748,1,5,18,17,11
36750,1,10,20,27,16
36751,1,10,22,34,21
36752,1,4,16,11,8
36753,1,10,18,14,9
36755,1,10,20,26,15
36760,1,5,18,13,9
36761,1,10,20,19,13
36763,1,10,22,34,21
36764,1,5,20,25,15
36765,1,10,22,34,21
36768,1,5,16,15,10
36770,1,10,18,20,11
36771,1,10,20,26,15
36776,1,5,18,18,11
36778,1,10,20,27,16
36779,1,10,22,34,21
36784,2,5,16,12,8
36785,2,10,18,15,9
36786,2,10,18,17,9
36787,2,10,18,14,8
36792,2,5,18,15,9
36793,2,10,20,20,12
36794,2,10,20,23,13
36795,2,10,20,20,13
36800,2,5,14,6,4
36804,2,5,16,8,5
36806,2,10,18,16,8
36807,2,10,20,22,13
36808,2,5,16,7,5
36812,2,5,16,7,5
36814,2,10,18,13,8
36815,2,10,20,19,13
36816,2,5,16,11,8
36817,2,10,18,15,9
36820,2,5,18,15,9
36821,2,10,20,22,13
36824,2,5,18,13,9
36825,2,10,20,19,12
36828,2,5,18,12,8
36829,2,10,20,19,13
36832,2,5,14,5,4
36834,2,10,16,9,5
36835,2,10,18,13,8
36836,2,5,16,8,5
36838,2,10,16,7,3
36839,2,10,18,10,6
36840,2,5,16,7,5
36842,2,10,18,13,8
36843,2,10,20,18,12
36844,2,5,16,6,3
36846,3,10,16,6,3
36847,3,10,18,9,6
36848,2,5,14,5,4
36849,2,10,16,8,5
36850,2,10,16,8,5
36851,2,10,16,6,3
36852,2,5,16,7,5
36853,2,10,18,12,8
36854,2,10,16,5,2
36855,3,10,16,4,2
36856,2,5,16,7,5
36857,2,10,18,12,8
36858,2,10,18,12,8
36859,2,10,18,10,7
36860,2,5,16,5,3
36861,2,10,18,10,7
36862,3,10,16,4,2
36863,3,10,16,4,3
39327,1,16,22,26,18
39358,1,10,22,29,18
39359,2,16,22,25,16
39383,1,10,22,29,18
39391,2,16,22,25,16
39408,1,9,18,16,12
39409,1,10,20,19,13
39410,1,10,20,22,13
39411,2,10,20,16,9
39412,1,10,20,22,13
39413,1,10,22,29,18
39414,2,10,20,18,11
39415,2,10,20,15,10
39416,1,10,20,19,13
39417,1,16,22,26,18
39418,1,10,22,29,18
39419,2,16,22,25,16
39420,2,10,20,16,9
39421,2,16,22,25,16
39422,2,10,20,15,10
39423,2,16,20,15,11
39839,1,16,24,42,26
39854,1,10,22,32,19
39855,1,16,24,42,26
39870,2,10,22,28,16
39871,2,16,22,25,16
39904,1,9,18,20,13
39906,1,10,20,25,14
39907,1,10,22,32,19
39908,1,9,20,25,14
39910,2,10,20,20,11
39911,2,10,22,27,16
39912,1,9,20,23,14
39914,1,10,22,32,19
39915,1,16,24,42,26
39916,2,9,20,20,11
39918,2,10,20,17,11
39919,2,16,22,24,16
39920,2,9,18,16,11
39921,2,10,20,19,12
39922,2,10,20,21,12
39923,2,10,20,17,10
39924,2,10,20,22,12
39925,2,10,22,28,16
39926,2,10,20,17,8
39927,2,10,20,14,8
39928,2,10,20,20,12
39929,2,16,22,26,16
39930,2,10,22,28,16
39931,2,16,22,25,16
39932,2,10,20,16,8
39933,2,16,22,23,14
39934,2,10,20,13,7
39935,2,16,20,13,9
40279,1,10,22,32,19
40287,1,16,24,42,26
40304,1,9,18,20,13
40305,1,9,20,23,14
40306,1,9,20,25,14
40307,2,9,20,20,11
40308,1,10,20,25,14
40309,1,10,22,32,19
40310,2,10,20,20,11
40311,2,10,20,17,11
40316,1,10,22,32,19
40317,1,16,24,42,26
40318,2,10,22,27,16
40319,2,16,22,24,16
40351,1,16,24,42,26
40407,2,10,22,28,16
40415,2,16,22,25,16
40432,2,9,18,16,11
40433,2,10,20,20,12
40434,2,10,20,22,12
40435,2,10,20,16,8
40436,2,10,20,21,12
40437,2,10,22,28,16
40438,2,10,20,17,8
40439,2,10,20,13,7
40440,2,10,20,19,12
40441,2,16,22,26,16
40442,2,10,22,28,16
40443,2,16,22,23,14
40444,2,10,20,17,10
40445,2,16,22,25,16
40446,2,10,20,14,8
40447,2,16,20,13,9
40704,1,4,14,9,7
40720,1,4,16,11,8
40721,1,4,18,12,9
40723,1,5,20,21,13
40727,1,10,22,32,19
40735,1,16,24,42,26
40736,1,5,16,14,8
40738,1,5,18,15,9
40739,1,5,20,21,13
40742,1,5,20,23,13
40743,1,10,22,32,19
40750,1,10,22,32,19
40751,1,16,24,42,26
40752,2,5,16,9,5
40753,2,5,18,10,6
40754,2,5,18,11,6
40755,2,5,18,10,6
40758,2,10,20,20,10
40759,2,10,20,17,10
40766,2,10,22,28,16
40767,2,16,22,25,16
40768,1,5,16,14,8
40772,1,5,18,15,9
40774,1,5,20,23,13
40775,1,10,22,32,19
40780,1,5,20,21,13
40782,1,10,22,32,19
40783,1,16,24,42,26
40784,1,9,18,20,13
40785,1,9,20,23,14
40788,1,10,20,25,14
40789,1,10,22,32,19
40796,1,10,22,32,19
40797,1,16,24,42,26
40800,2,5,16,11,6
40802,2,5,18,13,7
40803,2,9,20,19,11
40804,2,5,18,13,7
40806,2,5,18,11,7
40807,2,10,20,17,11
40812,2,9,20,19,11
40814,2,10,20,17,11
40815,2,16,22,24,16
40816,2,9,16,9,6
40817,2,9,18,11,7
40818,2,9,18,12,7
40819,2,9,18,10,5
40820,2,10,18,13,7
40821,2,10,20,17,10
40822,2,10,18,10,5
40823,3,10,18,9,5
40828,2,10,20,18,11
40829,2,16,22,25,16
40830,2,10,20,15,9
40831,3,16,20,14,9
40832,1,4,16,11,8
40840,1,4,18,12,9
40844,1,5,20,21,13
40846,1,10,22,32,19
40847,1,16,24,42,26
40848,1,9,18,16,12
40849,1,10,20,19,13
40851,1,10,22,32,19
40856,1,10,20,19,13
40857,1,16,22,26,18
40859,1,16,24,42,26
40860,1,10,22,32,19
40861,1,16,24,42,26
40864,1,9,18,20,13
40866,1,10,20,25,14
40867,1,10,22,32,19
40872,1,9,20,23,14
40874,1,10,22,32,19
40875,1,16,24,42,26
40880,2,9,18,16,11
40881,2,10,20,19,12
40882,2,10,20,21,12
40883,2,10,20,17,10
40888,2,10,20,20,12
40889,2,16,22,26,16
40890,2,10,22,28,16
40891,2,16,22,25,16
40896,2,5,16,9,5
40900,2,5,18,11,6
40902,2,10,20,20,10
40903,2,10,22,28,16
40904,2,5,18,10,6
40908,2,5,18,10,6
40910,2,10,20,17,10
40911,2,16,22,25,16
40912,2,9,18,16,11
40913,2,10,20,20,12
40916,2,10,20,21,12
40917,2,10,22,28,16
40920,2,10,20,19,12
40921,2,16,22,26,16
40924,2,10,20,17,10
40925,2,16,22,25,16
40928,2,9,16,9,6
40930,2,10,18,13,7
40931,2,10,20,18,11
40932,2,9,18,12,7
40934,2,10,18,10,5
40935,2,10,20,15,9
40936,2,9,18,11,7
40938,2,10,20,17,10
40939,2,16,22,25,16
40940,2,9,18,10,5
40942,3,10,18,9,5
40943,3,16,20,14,9
40944,2,9,16,9,7
40945,2,10,18,12,8
40946,2,10,18,12,8
40947,2,10,18,9,5
40948,2,10,18,12,8
40949,2,10,20,17,11
40950,2,10,18,9,5
40951,3,10,18,7,4
40952,2,10,18,12,8
40953,2,16,20,18,12
40954,2,10,20,17,11
40955,2,16,20,15,10
40956,2,10,18,9,5
40957,2,16,20,15,10
40958,3,10,18,7,4
40959,3,16,18,7,5
43694,1,9,20,30,20
43695,1,10,22,34,21
43710,1,10,22,38,21
43711,2,10,22,31,17
43744,1,9,16,20,14
43746,1,9,18,23,15
43747,1,9,20,26,16
43748,1,9,18,25,15
43750,2,9,18,19,12
43751,2,10,20,22,13
43752,1,9,18,23,15
43754,1,9,20,30,20
43755,1,10,22,34,21
43756,2,9,18,19,12
43758,2,9,18,16,12
43759,2,10,20,19,13
43760,1,9,18,23,15
43761,1,9,20,26,16
43762,1,9,20,30,16
43763,2,8,20,24,12
43764,1,10,20,31,16
43765,1,10,22,37,20
43766,2,10,20,25,13
43767,2,10,20,20,11
43768,1,10,20,27,16
43769,1,10,22,32,19
43770,1,10,22,38,21
43771,2,10,22,31,17
43772,2,10,20,25,13
43773,2,10,22,31,18
43774,2,10,20,21,13
43775,2,10,20,18,12
43935,1,10,24,46,26
43950,1,10,22,38,21
43951,1,10,24,46,26
43966,2,10,22,32,17
43967,2,10,22,27,16
44000,1,9,18,25,15
44002,1,10,20,31,16
44003,1,10,22,37,20
44004,1,9,20,31,16
44006,2,10,20,26,13
44007,2,10,22,32,17
44008,1,9,20,28,16
44010,1,10,22,38,21
44011,1,10,24,46,26
44012,2,9,20,25,13
44014,2,10,20,22,13
44015,2,10,22,28,17
44016,2,9,18,19,12
44017,2,10,20,22,13
44018,2,10,20,25,13
44019,2,10,20,20,11
44020,2,10,20,26,13
44021,2,10,22,32,17
44022,2,10,20,21,9
44023,2,10,20,17,9
44024,2,10,20,23,13
44025,2,10,22,28,16
44026,2,10,22,32,17
44027,2,10,22,27,16
44028,2,10,20,21,10
44029,2,10,22,27,15
44030,2,10,20,18,9
44031,2,10,20,16,10
44544,1,4,12,10,8
44576,1,5,14,13,9
44578,1,5,16,14,10
44579,1,5,18,17,11
44582,1,5,18,22,14
44583,1,10,20,26,15
44590,1,9,20,30,20
44591,1,10,22,34,21
44592,1,5,16,16,10
44593,1,5,18,18,11
44594,1,8,18,20,11
44595,2,8,18,17,9
44598,1,10,20,30,15
44599,2,10,20,24,12
44606,1,10,22,38,21
44607,2,10,22,31,17
44608,1,5,14,15,9
44612,1,5,16,16,10
44614,1,5,18,22,14
44615,1,10,20,26,15
44620,1,5,18,22,14
44622,1,9,20,30,20
44623,1,10,22,34,21
44640,2,5,14,10,6
44642,2,5,16,11,7
44643,2,5,18,14,8
44644,2,5,16,12,7
44646,2,5,16,10,7
44647,2,10,18,13,8
44652,2,9,18,18,11
44654,2,9,18,15,11
44655,2,10,20,18,12
44656,2,5,16,12,7
44657,2,5,18,15,8
44658,2,8,18,17,8
44659,2,8,18,14,5
44660,2,10,18,17,8
44661,2,10,20,22,11
44662,2,10,18,15,8
44663,2,10,18,12,6
44668,2,10,20,23,12
44669,2,10,22,29,16
44670,2,10,20,20,12
44671,2,10,20,16,9
44672,1,5,14,13,9
44680,1,5,16,14,10
44684,1,5,18,22,14
44686,1,9,20,30,20
44687,1,10,22,34,21
44704,1,9,16,20,14
44706,1,9,18,23,15
44707,1,9,20,26,16
44712,1,9,18,23,15
44714,1,9,20,30,20
44715,1,10,22,34,21
44720,1,9,18,23,15
44721,1,9,20,26,16
44722,1,9,20,30,16
44723,2,8,20,24,12
44728,1,10,20,27,16
44729,1,10,22,32,19
44730,1,10,22,38,21
44731,2,10,22,31,17
44736,2,5,14,10,6
44740,2,5,16,12,7
44742,2,9,18,18,11
44743,2,10,20,21,12
44744,2,5,16,11,7
44748,2,5,16,10,7
44750,2,9,18,15,11
44751,2,10,20,18,12
44768,2,9,14,8,6
44770,2,9,16,10,7
44771,2,9,18,12,8
44772,2,9,16,11,7
44774,2,9,16,8,5
44775,2,10,18,10,6
44776,2,9,16,10,7
44778,2,9,18,14,10
44779,2,10,20,17,11
44780,2,9,16,8,5
44782,3,9,16,7,5
44783,3,10,18,9,6
44784,2,9,16,10,7
44785,2,9,18,13,8
44786,2,9,18,15,8
44787,2,8,18,11,4
44788,2,10,18,15,8
44789,2,10,20,19,10
44790,2,10,18,12,6
44791,2,10,18,8,3
44792,2,10,18,13,8
44793,2,10,20,17,10
44794,2,10,20,20,11
44795,2,10,20,15,7
44796,2,10,18,12,6
44797,2,10,20,16,9
44798,3,10,18,10,6
44799,3,10,18,7,4
44800,1,4,14,12,9
44816,1,5,16,15,10
44817,1,5,18,16,11
44819,1,8,20,26,15
44823,1,10,22,37,20
44831,1,10,24,46,26
44832,1,5,16,18,10
44834,1,8,18,20,11
44835,1,8,20,26,15
44838,1,8,20,29,15
44839,1,10,22,37,20
44846,1,10,22,38,21
44847,1,10,24,46,26
44848,2,5,16,13,7
44849,2,5,18,14,8
44850,2,8,18,16,8
44851,2,8,18,14,8
44854,2,10,20,24,11
44855,2,10,20,20,11
44862,2,10,22,32,17
44863,2,10,22,27,16
44864,1,5,16,18,10
44868,1,8,18,20,11
44870,1,8,20,29,15
44871,1,10,22,37,20
44876,1,8,20,26,15
44878,1,10,22,38,21
44879,1,10,24,46,26
44880,1,5,18,24,14
44881,1,5,20,27,15
44884,1,10,20,30,15
44885,1,10,22,37,20
44892,1,10,22,37,20
44893,1,10,24,46,26
44896,2,5,16,14,7
44898,2,8,18,17,8
44899,2,8,20,22,11
44900,2,8,18,17,8
44902,2,8,18,15,8
44903,2,10,20,20,11
44908,2,9,20,23,12
44910,2,10,20,21,12
44911,2,10,22,26,15
44912,2,5,16,10,6
44913,2,5,18,12,7
44914,2,8,18,14,7
44915,2,8,18,11,5
44916,2,10,18,15,7
44917,2,10,20,19,10
44918,2,10,18,12,5
44919,3,10,18,10,5
44924,2,10,20,20,11
44925,2,10,22,26,15
44926,2,10,20,17,9
44927,3,10,20,14,8
44928,1,5,16,15,10
44936,1,5,18,16,11
44940,1,8,20,26,15
44942,1,10,22,38,21
44943,1,10,24,46,26
44944,1,9,18,20,13
44945,1,10,20,23,14
44947,1,10,22,37,20
44952,1,10,20,23,14
44953,1,10,22,29,18
44955,1,10,24,46,26
44956,1,10,22,37,20
44957,1,10,24,46,26
44960,1,9,18,25,15
44962,1,10,20,31,16
44963,1,10,22,37,20
44968,1,9,20,28,16
44970,1,10,22,38,21
44971,1,10,24,46,26
44976,2,9,18,19,12
44977,2,10,20,22,13
44978,2,10,20,25,13
44979,2,10,20,20,11
44984,2,10,20,23,13
44985,2,10,22,28,16
44986,2,10,22,32,17
44987,2,10,22,27,16
44992,2,5,16,13,7
44996,2,8,18,16,8
44998,2,10,20,25,12
44999,2,10,22,32,17
45000,2,5,18,14,8
45004,2,8,18,14,8
45006,2,10,20,21,12
45007,2,10,22,28,17
45008,2,9,18,19,12
45009,2,10,20,23,13
45012,2,10,20,25,13
45013,2,10,22,32,17
45016,2,10,20,22,13
45017,2,10,22,28,16
45020,2,10,20,21,12
45021,2,10,22,28,17
45024,2,9,16,11,7
45026,2,10,18,16,8
45027,2,10,20,20,11
45028,2,9,18,15,8
45030,2,10,18,13,6
45031,2,10,20,17,9
45032,2,9,18,13,8
45034,2,10,20,20,11
45035,2,10,22,26,15
45036,2,9,18,12,6
45038,3,10,18,11,6
45039,3,10,20,15,9
45040,2,9,16,9,7
45041,2,10,18,12,8
45042,2,10,18,13,8
45043,2,10,18,10,5
45044,2,10,18,13,8
45045,2,10,20,18,11
45046,2,10,18,10,5
45047,3,10,18,8,4
45048,2,10,18,12,8
45049,2,10,20,17,11
45050,2,10,20,18,11
45051,2,10,20,15,9
45052,2,10,18,11,6
45053,2,10,20,16,10
45054,3,10,18,9,5
45055,3,10,18,8,5
47519,1,16,24,38,22
47550,1,10,24,46,26
47551,2,16,24,40,24
47575,1,10,24,46,26
47583,2,16,24,40,24
47600,1,9,20,30,20
47601,1,10,22,34,21
47602,1,10,22,38,21
47603,2,10,22,31,17
47604,1,10,22,38,21
47605,1,10,24,46,26
47606,2,10,22,32,17
47607,2,10,22,27,16
47608,1,10,22,34,21
47609,1,16,24,42,26
47610,1,10,24,46,26
47611,2,16,24,40,24
47612,2,10,22,31,17
47613,2,16,24,40,24
47614,2,10,22,27,16
47615,2,16,22,25,17
47790,1,10,22,34,21
47791,1,16,24,42,26
47806,1,10,24,46,26
47807,2,16,24,40,24
47840,1,9,18,23,15
47842,1,10,20,27,16
47843,1,10,22,32,19
47844,1,9,20,28,16
47846,2,10,20,23,13
47847,2,10,22,28,16
47848,1,9,20,26,16
47850,1,10,22,34,21
47851,1,16,24,42,26
47852,2,9,20,22,13
47854,2,10,20,20,13
47855,2,16,22,25,16
47856,1,9,20,30,20
47857,1,10,22,34,21
47858,1,10,22,38,21
47859,2,10,22,31,17
47860,1,10,22,38,21
47861,1,10,24,46,26
47862,2,10,22,32,17
47863,2,10,22,27,16
47864,1,10,22,34,21
47865,1,16,24,42,26
47866,1,10,24,46,26
47867,2,16,24,40,24
47868,2,10,22,31,17
47869,2,16,24,40,24
47870,2,10,22,27,16
47871,2,16,22,25,17
48031,2,16,24,40,24
48046,2,10,22,31,17
48047,2,16,24,40,24
48062,2,10,22,27,16
48063,2,16,22,25,17
48096,2,9,18,19,12
48098,2,10,20,25,13
48099,2,10,22,31,18
48100,2,9,20,25,13
48102,2,10,20,21,10
48103,2,10,22,27,15
48104,2,9,20,22,13
48106,2,10,22,31,17
48107,2,16,24,40,24
48108,2,9,20,20,11
48110,2,10,20,17,10
48111,2,16,22,23,15
48112,2,9,18,16,12
48113,2,10,20,19,13
48114,2,10,20,21,13
48115,2,10,20,18,12
48116,2,10,20,22,13
48117,2,10,22,28,17
48118,2,10,20,18,9
48119,2,10,20,16,10
48120,2,10,20,20,13
48121,2,16,22,25,16
48122,2,10,22,27,16
48123,2,16,22,25,17
48124,2,10,20,17,10
48125,2,16,22,23,15
48126,2,10,20,14,8
48127,2,16,20,14,10
48640,1,4,14,12,9
48672,1,5,16,16,10
48674,1,5,18,17,11
48675,1,5,20,21,13
48678,1,5,20,25,15
48679,1,10,22,32,19
48686,1,10,22,34,21
48687,1,16,24,42,26
48688,1,5,18,22,14
48689,1,5,20,24,15
48690,1,8,20,26,15
48691,2,8,20,22,13
48694,1,10,22,37,20
48695,2,10,22,31,18
48702,1,10,24,46,26
48703,2,16,24,40,24
48704,1,5,16,17,10
48708,1,5,18,18,11
48710,1,5,20,25,15
48711,1,10,22,32,19
48716,1,5,20,24,15
48718,1,10,22,34,21
48719,1,16,24,42,26
48736,2,5,16,13,7
48738,2,5,18,14,8
48739,2,9,20,19,11
48740,2,5,18,15,8
48742,2,5,18,13,8
48743,2,10,20,18,11
48748,2,9,20,21,12
48750,2,10,20,19,12
48751,2,16,22,25,16
48752,2,9,18,18,11
48753,2,9,20,21,12
48754,2,9,20,23,12
48755,2,9,20,19,9
48756,2,10,20,23,12
48757,2,10,22,29,16
48758,2,10,20,20,11
48759,2,10,20,17,10
48764,2,10,22,29,16
48765,2,16,24,38,22
48766,2,10,22,26,15
48767,2,16,22,23,14
48768,1,5,16,15,10
48776,1,5,18,16,11
48780,1,5,20,24,15
48782,1,10,22,34,21
48783,1,16,24,42,26
48800,1,9,18,23,15
48802,1,10,20,27,16
48803,1,10,22,32,19
48808,1,9,20,26,16
48810,1,10,22,34,21
48811,1,16,24,42,26
48816,1,9,20,30,20
48817,1,10,22,34,21
48818,1,10,22,38,21
48819,2,10,22,31,17
48824,1,10,22,34,21
48825,1,16,24,42,26
48826,1,10,24,46,26
48827,2,16,24,40,24
48832,2,5,16,12,7
48836,2,5,18,14,8
48838,2,10,20,21,12
48839,2,10,22,27,16
48840,2,5,18,13,8
48844,2,5,18,12,8
48846,2,10,20,18,12
48847,2,16,22,24,16
48864,2,9,16,10,7
48866,2,10,18,13,8
48867,2,10,20,17,11
48868,2,9,18,13,8
48870,2,10,18,11,6
48871,2,10,20,15,9
48872,2,9,18,12,8
48874,2,10,20,17,11
48875,2,16,22,24,16
48876,2,9,18,10,6
48878,3,10,18,10,6
48879,3,16,20,14,9
48880,2,9,18,15,11
48881,2,10,20,19,12
48882,2,10,20,21,12
48883,2,10,20,17,8
48884,2,10,20,20,12
48885,2,10,22,26,15
48886,2,10,20,17,9
48887,2,10,20,14,7
48888,2,10,20,18,12
48889,2,16,22,25,16
48890,2,10,22,26,15
48891,2,16,22,23,13
48892,2,10,20,16,9
48893,2,16,22,23,14
48894,3,10,20,14,8
48895,3,16,20,13,8
48896,2,4,14,9,7
48912,2,5,16,11,8
48913,2,5,18,12,9
48915,2,8,20,20,13
48919,2,10,22,31,18
48927,2,16,24,40,24
48928,2,5,16,13,8
48930,2,8,18,15,9
48931,2,8,20,20,13
48934,2,8,20,23,12
48935,2,10,22,31,18
48942,2,10,22,31,17
48943,2,16,24,40,24
48944,2,5,16,10,7
48945,2,5,18,11,8
48946,2,8,18,12,8
48947,2,8,18,11,8
48950,2,10,20,20,11
48951,2,10,20,18,12
48958,2,10,22,27,16
48959,2,16,22,25,17
48960,2,5,16,14,8
48964,2,8,18,16,9
48966,2,8,20,23,12
48967,2,10,22,31,18
48972,2,8,20,22,13
48974,2,10,22,31,17
48975,2,16,24,40,24
48976,2,9,18,19,12
48977,2,9,20,22,13
48980,2,10,20,24,13
48981,2,10,22,31,18
48988,2,10,22,31,18
48989,2,16,24,40,24
48992,2,5,16,10,4
48994,2,8,18,13,5
48995,2,9,20,18,9
48996,2,8,18,13,5
48998,2,8,18,12,5
48999,2,10,20,17,9
49004,2,9,20,19,9
49006,2,10,20,17,8
49007,2,16,22,23,13
49008,2,9,16,8,5
49009,2,9,18,10,6
49010,2,9,18,11,6
49011,2,9,18,9,5
49012,2,10,18,12,6
49013,2,10,20,16,9
49014,2,10,18,10,4
49015,3,10,18,9,5
49020,2,10,20,17,10
49021,2,16,22,23,14
49022,2,10,20,14,7
49023,3,16,20,13,8
49024,2,5,16,12,8
49032,2,5,18,13,9
49036,2,8,20,22,13
49038,2,10,22,31,17
49039,2,16,24,40,24
49040,2,9,18,16,11
49041,2,10,20,19,12
49043,2,10,22,31,18
49048,2,10,20,19,12
49049,2,16,22,25,16
49051,2,16,24,40,24
49052,2,10,22,31,18
49053,2,16,24,40,24
49056,2,9,18,19,12
49058,2,10,20,25,13
49059,2,10,22,31,18
49064,2,9,20,22,13
49066,2,10,22,31,17
49067,2,16,24,40,24
49072,2,9,18,16,12
49073,2,10,20,19,13
49074,2,10,20,21,13
49075,2,10,20,18,12
49080,2,10,20,20,13
49081,2,16,22,25,16
49082,2,10,22,27,16
49083,2,16,22,25,17
49088,2,5,16,9,5
49092,2,8,18,12,6
49094,2,10,20,19,9
49095,2,10,22,27,15
49096,2,5,18,10,6
49100,2,8,18,10,6
49102,2,10,20,15,9
49103,2,16,22,23,15
49104,2,9,18,14,10
49105,2,10,20,18,11
49108,2,10,20,20,11
49109,2,10,22,27,15
49112,2,10,20,17,11
49113,2,16,22,23,14
49116,2,10,20,16,10
49117,2,16,22,23,15
49120,2,9,16,7,4
49122,2,10,18,12,5
49123,2,10,20,17,9
49124,2,9,18,11,5
49126,2,10,18,10,3
49127,2,10,20,15,7
49128,2,9,18,9,5
49130,2,10,20,15,7
49131,2,16,22,23,13
49132,2,9,18,9,4
49134,3,10,18,8,3
49135,3,16,20,13,7
49136,2,9,16,7,6
49137,2,10,18,10,7
49138,2,10,18,11,7
49139,2,10,18,9,5
49140,2,10,18,11,7
49141,2,10,20,16,10
49142,2,10,18,9,4
49143,3,10,18,8,4
49144,2,10,18,10,7
49145,2,16,20,15,10
49146,2,10,20,15,9
49147,2,16,20,14,9
49148,2,10,18,9,5
49149,2,16,20,14,9
49150,3,10,18,7,3
49151,3,16,18,7,4
49152,1,1,6,2,2
50176,1,2,8,4,3
50240,1,2,10,5,4
50244,1,2,12,6,5
50246,1,2,14,8,6
50247,1,2,16,9,7
50252,1,4,14,9,7
50254,1,4,16,11,8
50255,1,4,18,12,9
50263,1,5,18,17,11
50271,1,5,20,21,13
50272,1,5,12,8,5
50274,1,5,14,10,6
50275,1,5,16,12,7
50276,1,5,14,10,6
50278,2,5,14,7,4
50279,2,5,16,8,5
50284,1,5,16,14,8
50286,2,5,16,9,5
50287,2,5,18,10,6
50288,1,5,14,9,6
50289,1,5,16,12,7
50290,1,5,16,13,7
50291,2,5,16,10,5
50292,1,5,16,11,7
50293,1,5,18,17,11
50294,2,5,16,9,5
50295,2,5,16,8,5
50300,1,5,18,15,9
50301,1,5,20,21,13
50302,2,5,18,11,6
50303,2,5,18,10,6
50368,1,4,12,10,8
50372,1,4,14,12,9
50374,1,5,16,15,10
50375,1,5,18,16,11
50376,1,4,14,12,9
50380,2,4,14,9,7
50382,2,5,16,11,8
50383,2,5,18,12,9
50391,1,8,20,26,15
50399,2,8,20,20,13
50400,1,5,14,13,9
50402,1,5,16,16,10
50403,1,5,18,18,11
50404,1,5,16,18,10
50406,2,5,16,13,7
50407,2,5,18,14,8
50408,1,5,16,16,10
50410,1,5,18,22,14
50411,1,5,20,24,15
50412,2,5,16,13,8
50414,2,5,16,10,7
50415,2,5,18,11,8
50416,1,5,16,14,10
50417,1,5,18,17,11
50418,1,8,18,20,11
50419,2,8,18,17,9
50420,1,8,18,20,11
50421,1,8,20,26,15
50422,2,8,18,16,8
50423,2,8,18,14,8
50424,1,5,18,17,11
50425,1,5,20,21,13
50426,1,8,20,26,15
50427,2,8,20,22,13
50428,2,8,18,15,9
50429,2,8,20,20,13
50430,2,8,18,12,8
50431,2,8,18,11,8
50519,1,9,20,26,16
50527,1,10,22,32,19
50544,1,5,16,16,10
50545,1,5,18,19,11
50546,1,5,18,21,11
50547,2,5,18,15,8
50548,1,5,18,19,11
50549,1,9,20,26,16
50550,2,5,18,16,8
50551,2,9,18,13,8
50556,1,5,20,23,13
50557,1,10,22,32,19
50558,2,10,20,20,10
50559,2,10,20,17,10
50647,1,10,22,37,20
50655,2,10,22,31,18
50672,1,5,18,22,14
50673,1,10,20,26,15
50674,1,10,20,30,15
50675,2,10,20,24,12
50676,1,8,20,29,15
50677,1,10,22,37,20
50678,2,10,20,24,11
50679,2,10,20,20,11
50680,1,5,20,25,15
50681,1,10,22,32,19
50682,1,10,22,37,20
50683,2,10,22,31,18
50684,2,8,20,23,12
50685,2,10,22,31,18
50686,2,10,20,20,11
50687,2,10,20,18,12
50688,1,2,10,6,4
50720,1,2,12,8,5
50722,1,2,14,9,6
50723,1,5,16,12,7
50726,1,5,16,15,10
50727,1,5,18,18,11
50734,1,9,18,20,13
50735,1,9,20,23,14
50736,1,2,14,10,6
50737,1,2,16,12,7
50738,1,5,16,13,7
50739,2,5,16,10,5
50742,1,5,18,20,11
50743,2,5,18,15,8
50750,1,9,20,25,14
50751,2,9,20,20,11
50752,1,5,12,9,5
50756,1,5,14,10,6
50758,1,5,16,15,10
50759,1,5,18,18,11
50764,1,5,16,14,8
50766,1,9,18,20,13
50767,1,9,20,23,14
50784,2,5,12,6,3
50786,2,5,14,7,4
50787,2,5,16,10,5
50788,2,5,14,7,4
50790,2,5,14,6,4
50791,2,5,16,8,5
50796,2,5,16,11,6
50798,2,9,16,9,6
50799,2,9,18,11,7
50800,2,5,14,7,4
50801,2,5,16,10,5
50802,2,5,16,11,5
50803,2,5,16,8,2
50804,2,5,16,9,5
50805,2,5,18,14,8
50806,2,5,16,9,5
50807,2,5,16,7,3
50812,2,5,18,13,7
50813,2,9,20,19,11
50814,2,9,18,12,7
50815,2,9,18,10,5
50880,1,5,14,15,9
50884,1,5,16,18,10
50886,1,5,18,24,14
50887,1,5,20,27,15
50888,1,5,16,17,10
50892,2,5,16,14,8
50894,2,9,18,19,12
50895,2,9,20,22,13
50912,2,5,14,10,6
50914,2,5,16,12,7
50915,2,5,18,15,8
50916,2,5,16,14,7
50918,2,5,16,10,6
50919,2,5,18,12,7
50920,2,5,16,13,7
50922,2,9,18,18,11
50923,2,9,20,21,12
50924,2,5,16,10,4
50926,2,9,16,8,5
50927,2,9,18,10,6
50928,2,5,16,11,7
50929,2,5,18,14,8
50930,2,8,18,17,8
50931,2,8,18,14,5
50932,2,8,18,17,8
50933,2,8,20,22,11
50934,2,8,18,14,7
50935,2,8,18,11,5
50936,2,5,18,14,8
50937,2,9,20,19,11
50938,2,9,20,23,12
50939,2,9,20,19,9
50940,2,8,18,13,5
50941,2,9,20,18,9
50942,2,9,18,11,6
50943,2,9,18,9,5
50944,1,2,12,7,5
50960,1,5,14,10,6
50961,1,5,16,11,7
50963,1,5,18,18,11
50967,1,9,20,26,16
50975,1,10,22,32,19
50976,1,5,14,11,6
50978,1,5,16,12,7
50979,1,5,18,18,11
50982,1,5,18,19,11
50983,1,9,20,26,16
50990,1,10,20,25,14
50991,1,10,22,32,19
50992,2,5,14,8,4
50993,2,5,16,9,5
50994,2,5,16,10,5
50995,2,5,16,8,5
50998,2,5,18,15,8
50999,2,9,18,12,8
51006,2,10,20,20,11
51007,2,10,20,17,11
51008,1,5,14,10,6
51012,1,5,16,11,7
51014,1,5,18,19,11
51015,1,9,20,26,16
51020,1,5,18,15,9
51022,1,10,20,25,14
51023,1,10,22,32,19
51024,1,5,16,16,10
51025,1,5,18,19,11
51028,1,5,18,19,11
51029,1,9,20,26,16
51036,1,5,20,23,13
51037,1,10,22,32,19
51040,2,5,14,8,4
51042,2,5,16,10,5
51043,2,5,18,15,8
51044,2,5,16,9,5
51046,2,5,16,9,5
51047,2,9,18,13,8
51052,2,5,18,13,7
51054,2,10,18,13,7
51055,2,10,20,17,10
51056,2,5,14,6,4
51057,2,5,16,8,5
51058,2,5,16,9,5
51059,2,5,16,6,3
51060,2,5,16,8,5
51061,2,9,18,12,8
51062,2,5,16,7,3
51063,3,9,16,6,3
51068,2,5,18,11,7
51069,2,10,20,17,11
51070,2,10,18,10,5
51071,3,10,18,9,5
51136,1,5,16,16,10
51140,1,8,18,20,11
51142,1,10,20,30,15
51143,1,10,22,37,20
51144,1,5,18,18,11
51148,2,8,18,16,9
51150,2,10,20,24,13
51151,2,10,22,31,18
51152,1,5,18,22,14
51153,1,10,20,26,15
51156,1,8,20,29,15
51157,1,10,22,37,20
51160,1,5,20,25,15
51161,1,10,22,32,19
51164,2,8,20,23,12
51165,2,10,22,31,18
51168,2,5,16,12,7
51170,2,10,18,17,8
51171,2,10,20,22,11
51172,2,8,18,17,8
51174,2,10,18,15,7
51175,2,10,20,19,10
51176,2,5,18,15,8
51178,2,10,20,23,12
51179,2,10,22,29,16
51180,2,8,18,13,5
51182,2,10,18,12,6
51183,2,10,20,16,9
51184,2,5,16,10,7
51185,2,10,18,13,8
51186,2,10,18,15,8
51187,2,10,18,12,6
51188,2,8,18,15,8
51189,2,10,20,20,11
51190,2,10,18,12,5
51191,3,10,18,10,5
51192,2,5,18,13,8
51193,2,10,20,18,11
51194,2,10,20,20,11
51195,2,10,20,17,10
51196,2,8,18,12,5
51197,2,10,20,17,9
51198,2,10,18,10,4
51199,3,10,18,9,5
51200,1,2,8,4,3
51328,1,2,10,5,4
51336,1,2,12,6,5
51340,1,4,14,9,7
51342,1,5,16,11,8
51343,1,5,18,12,9
51359,1,8,20,20,11
51374,1,5,18,22,14
51375,1,5,20,24,15
51390,1,8,20,26,15
51391,2,8,20,22,13
51392,1,4,12,10,8
51396,1,4,14,12,9
51398,1,5,16,15,10
51399,1,5,18,16,11
51400,1,4,14,12,9
51404,2,4,14,9,7
51406,2,5,16,11,8
51407,2,5,18,12,9
51415,1,8,20,26,15
51423,2,8,20,20,13
51424,1,5,14,13,9
51426,1,5,16,16,10
51427,1,5,18,18,11
51428,1,5,16,18,10
51430,2,5,16,13,7
51431,2,5,18,14,8
51432,1,5,16,16,10
51434,1,5,18,22,14
51435,1,5,20,24,15
51436,2,5,16,13,8
51438,2,5,16,10,7
51439,2,5,18,11,8
51440,1,5,16,14,10
51441,1,5,18,17,11
51442,1,8,18,20,11
51443,2,8,18,17,9
51444,1,8,18,20,11
51445,1,8,20,26,15
51446,2,8,18,16,8
51447,2,8,18,14,8
51448,1,5,18,17,11
51449,1,5,20,21,13
51450,1,8,20,26,15
51451,2,8,20,22,13
51452,2,8,18,15,9
51453,2,8,20,20,13
51454,2,8,18,12,8
51455,2,8,18,11,8
51615,1,10,22,29,16
51646,1,10,22,37,20
51647,2,10,22,31,18
51671,1,10,22,37,20
51679,2,10,22,31,18
51696,1,5,18,22,14
51697,1,10,20,26,15
51698,1,10,20,30,15
51699,2,10,20,24,12
51700,1,8,20,29,15
51701,1,10,22,37,20
51702,2,10,20,24,11
51703,2,10,20,20,11
51704,1,5,20,25,15
51705,1,10,22,32,19
51706,1,10,22,37,20
51707,2,10,22,31,18
51708,2,8,20,23,12
51709,2,10,22,31,18
51710,2,10,20,20,11
51711,2,10,20,18,12
52224,2,4,8,2,1
52288,2,4,10,3,2
52292,2,4,12,4,3
52294,2,5,14,7,4
52295,2,5,16,8,5
52300,2,4,14,9,7
52302,2,5,16,12,8
52303,2,5,18,13,9
52311,2,8,18,17,9
52319,2,8,20,22,13
52320,2,5,12,6,3
52322,2,5,14,8,4
52323,2,5,16,10,5
52324,2,5,14,9,4
52326,2,5,14,6,2
52327,2,5,16,7,3
52332,2,5,16,14,8
52334,2,5,16,9,5
52335,2,5,18,10,6
52336,2,5,14,7,4
52337,2,5,16,10,5
52338,2,8,16,12,5
52339,2,8,16,9,3
52340,2,8,16,11,5
52341,2,8,18,17,9
52342,2,8,16,9,3
52343,2,8,16,7,3
52348,2,8,18,16,9
52349,2,8,20,22,13
52350,2,8,18,12,6
52351,2,8,18,10,6
52352,2,4,10,3,2
52360,2,4,12,4,3
52364,2,4,14,9,7
52366,2,5,16,12,8
52367,2,5,18,13,9
52383,2,8,20,22,13
52416,2,4,10,2,2
52420,2,4,12,3,3
52422,2,5,14,6,4
52423,2,5,16,7,5
52424,2,4,12,3,3
52428,2,4,12,3,3
52430,2,5,14,5,4
52431,2,5,16,6,5
52439,2,8,18,14,8
52447,2,8,18,11,8
52448,2,5,12,4,3
52450,2,5,14,6,4
52451,2,5,16,8,5
52452,2,5,14,7,4
52454,2,5,14,4,1
52455,2,5,16,5,2
52456,2,5,14,6,4
52458,2,5,16,10,7
52459,2,5,18,12,8
52460,2,5,14,5,4
52462,2,5,14,3,2
52463,2,5,16,4,3
52464,2,5,14,5,4
52465,2,5,16,8,5
52466,2,8,16,10,5
52467,2,8,16,7,3
52468,2,8,16,9,5
52469,2,8,18,14,8
52470,2,8,16,7,2
52471,2,8,16,5,2
52472,2,5,16,7,5
52473,2,5,18,10,6
52474,2,8,18,14,8
52475,2,8,18,10,6
52476,2,8,16,7,5
52477,2,8,18,11,8
52478,2,8,16,5,3
52479,2,8,16,4,3
52567,2,8,20,24,12
52575,2,10,22,31,17
52592,2,5,16,13,7
52593,2,5,18,16,8
52594,2,8,18,19,8
52595,2,8,18,14,6
52596,2,8,18,18,8
52597,2,8,20,24,12
52598,2,8,18,14,5
52599,2,8,18,10,5
52604,2,8,20,23,12
52605,2,10,22,31,17
52606,2,10,20,19,9
52607,2,10,20,15,9
52639,2,10,22,31,17
52695,2,10,20,20,11
52703,2,10,20,18,12
52720,2,5,16,10,7
52721,2,10,18,14,8
52722,2,10,18,16,8
52723,2,10,18,12,6
52724,2,8,18,14,8
52725,2,10,20,20,11
52726,2,10,18,11,4
52727,2,10,18,8,4
52728,2,5,18,12,8
52729,2,10,20,17,10
52730,2,10,20,21,12
52731,2,10,20,16,10
52732,2,8,18,12,8
52733,2,10,20,18,12
52734,2,10,18,10,6
52735,2,10,18,8,6
52736,2,4,10,3,2
52768,2,5,12,6,3
52770,2,5,14,7,4
52771,2,5,16,10,5
52774,2,5,16,13,7
52775,2,5,18,16,8
52782,2,9,18,19,12
52783,2,9,20,22,13
52784,2,5,14,8,4
52785,2,5,16,10,5
52786,2,8,16,12,5
52787,2,8,16,9,3
52790,2,8,18,19,8
52791,2,8,18,14,6
52798,2,9,20,25,13
52799,2,9,20,20,11
52800,2,5,12,7,3
52804,2,5,14,8,4
52806,2,5,16,13,7
52807,2,5,18,16,8
52812,2,5,16,13,8
52814,2,9,18,19,12
52815,2,9,20,22,13
52832,2,5,12,4,0
52834,2,5,14,5,1
52835,2,5,16,8,2
52836,2,5,14,6,1
52838,2,5,14,4,1
52839,2,5,16,6,2
52844,2,5,16,10,4
52846,2,9,16,7,4
52847,2,9,18,9,5
52848,2,5,14,5,1
52849,2,5,16,8,2
52850,2,8,16,10,2
52851,2,8,16,8,0
52852,2,8,16,9,2
52853,2,8,18,14,5
52854,2,8,16,8,2
52855,2,8,16,6,1
52860,2,8,18,13,5
52861,2,9,20,19,9
52862,2,9,18,11,5
52863,2,9,18,9,4
52864,2,5,12,5,3
52872,2,5,14,6,4
52876,2,5,16,13,8
52878,2,9,18,19,12
52879,2,9,20,22,13
52896,2,5,14,10,6
52898,2,5,16,12,7
52899,2,5,18,15,8
52904,2,5,16,13,7
52906,2,9,18,19,12
52907,2,9,20,22,13
52912,2,5,16,12,7
52913,2,5,18,15,8
52914,2,8,18,18,8
52915,2,8,18,14,6
52920,2,5,18,15,8
52921,2,9,20,20,11
52922,2,9,20,25,13
52923,2,9,20,20,11
52928,2,5,12,5,3
52932,2,5,14,6,4
52934,2,5,16,10,6
52935,2,5,18,12,7
52936,2,5,14,6,4
52940,2,5,14,5,4
52942,2,9,16,9,7
52943,2,9,18,11,8
52960,2,5,12,3,1
52962,2,5,14,4,2
52963,2,5,16,6,3
52964,2,5,14,5,2
52966,2,5,14,2,0
52967,2,5,16,3,1
52968,2,5,14,5,2
52970,2,9,16,8,5
52971,2,9,18,10,6
52972,2,5,14,3,1
52974,3,9,14,2,1
52975,3,9,16,3,2
52976,2,5,14,4,2
52977,2,5,16,7,3
52978,2,8,16,8,3
52979,2,8,16,6,1
52980,2,8,16,7,3
52981,2,8,18,11,5
52982,2,8,16,5,1
52983,2,8,16,3,0
52984,2,5,16,6,3
52985,2,9,18,10,5
52986,2,9,18,12,6
52987,2,9,18,9,4
52988,2,8,16,5,2
52989,2,9,18,9,5
52990,3,9,16,4,2
52991,3,9,16,2,1
52992,2,4,12,4,3
53008,2,5,14,7,4
53009,2,5,16,8,5
53011,2,8,18,17,9
53015,2,8,20,24,12
53023,2,10,22,31,17
53024,2,5,14,9,4
53026,2,8,16,11,5
53027,2,8,18,17,9
53030,2,8,18,18,8
53031,2,8,20,24,12
53038,2,10,20,25,13
53039,2,10,22,31,17
53040,2,5,14,6,2
53041,2,5,16,7,3
53042,2,8,16,9,3
53043,2,8,16,7,3
53046,2,8,18,14,5
53047,2,8,18,10,5
53054,2,10,20,21,10
53055,2,10,20,17,10
53056,2,5,14,8,4
53060,2,8,16,10,5
53062,2,8,18,18,8
53063,2,8,20,24,12
53068,2,8,18,15,9
53070,2,10,20,25,13
53071,2,10,22,31,17
53072,2,5,16,13,7
53073,2,5,18,16,8
53076,2,8,18,18,8
53077,2,8,20,24,12
53084,2,8,20,23,12
53085,2,10,22,31,17
53088,2,5,14,6,1
53090,2,8,16,9,2
53091,2,8,18,14,5
53092,2,8,16,9,2
53094,2,8,16,8,2
53095,2,8,18,11,4
53100,2,8,18,13,5
53102,2,10,18,12,5
53103,2,10,20,15,7
53104,2,5,14,4,1
53105,2,5,16,6,2
53106,2,8,16,8,2
53107,2,8,16,6,1
53108,2,8,16,8,2
53109,2,8,18,11,4
53110,2,8,16,6,0
53111,3,8,16,4,0
53116,2,8,18,12,5
53117,2,10,20,17,8
53118,2,10,18,10,3
53119,3,10,18,8,3
53120,2,5,14,6,4
53128,2,5,16,7,5
53132,2,8,18,15,9
53134,2,10,20,25,13
53135,2,10,22,31,17
53136,2,5,16,9,5
53137,2,10,18,12,6
53139,2,10,20,24,12
53144,2,5,18,11,6
53145,2,10,20,16,9
53147,2,10,22,31,17
53148,2,8,20,23,12
53149,2,10,22,31,17
53152,2,5,16,13,7
53154,2,10,18,18,8
53155,2,10,20,24,12
53160,2,5,18,16,8
53162,2,10,20,25,13
53163,2,10,22,31,17
53168,2,5,16,9,5
53169,2,10,18,12,6
53170,2,10,18,15,6
53171,2,10,18,12,6
53176,2,5,18,12,6
53177,2,10,20,16,8
53178,2,10,20,21,10
53179,2,10,20,17,10
53184,2,5,14,6,4
53188,2,8,16,8,5
53190,2,10,18,15,7
53191,2,10,20,20,11
53192,2,5,16,7,5
53196,2,8,16,7,5
53198,2,10,18,13,8
53199,2,10,20,18,12
53200,2,5,16,10,7
53201,2,10,18,14,8
53204,2,8,18,14,8
53205,2,10,20,20,11
53208,2,5,18,12,8
53209,2,10,20,17,10
53212,2,8,18,12,8
53213,2,10,20,18,12
53216,2,5,14,4,2
53218,2,10,16,8,3
53219,2,10,18,12,6
53220,2,8,16,7,3
53222,2,10,16,6,1
53223,2,10,18,8,3
53224,2,5,16,6,3
53226,2,10,18,12,6
53227,2,10,20,16,9
53228,2,8,16,5,2
53230,3,10,16,5,2
53231,3,10,18,7,4
53232,2,5,14,3,2
53233,2,10,16,6,3
53234,2,10,16,7,3
53235,2,10,16,6,2
53236,2,8,16,6,3
53237,2,10,18,10,5
53238,2,10,16,4,0
53239,3,10,16,3,0
53240,2,5,16,5,3
53241,2,10,18,9,5
53242,2,10,18,11,6
53243,2,10,18,9,5
53244,2,8,16,5,2
53245,2,10,18,9,5
53246,3,10,16,4,1
53247,3,10,16,3,1
54615,1,10,22,34,21
54623,1,16,24,42,26
54640,1,9,18,23,15
54641,1,9,20,26,16
54642,1,9,20,28,16
54643,2,9,20,22,13
54644,1,10,20,27,16
54645,1,10,22,34,21
54646,2,10,20,23,13
54647,2,10,20,20,13
54652,1,10,22,32,19
54653,1,16,24,42,26
54654,2,10,22,28,16
54655,2,16,22,25,16
54743,1,10,24,46,26
54751,2,16,24,40,24
54768,1,9,20,30,20
54769,1,10,22,34,21
54770,1,10,22,38,21
54771,2,10,22,31,17
54772,1,10,22,38,21
54773,1,10,24,46,26
54774,2,10,22,32,17
54775,2,10,22,27,16
54776,1,10,22,34,21
54777,1,16,24,42,26
54778,1,10,24,46,26
54779,2,16,24,40,24
54780,2,10,22,31,17
54781,2,16,24,40,24
54782,2,10,22,27,16
54783,2,16,22,25,17
55040,1,4,14,12,9
55056,1,5,16,15,10
55057,1,5,18,16,11
55059,1,5,20,24,15
55063,1,10,22,34,21
55071,1,16,24,42,26
55072,1,5,16,17,10
55074,1,5,18,18,11
55075,1,5,20,24,15
55078,1,5,20,25,15
55079,1,10,22,34,21
55086,1,10,22,32,19
55087,1,16,24,42,26
55088,2,5,16,12,7
55089,2,5,18,13,8
55090,2,5,18,14,8
55091,2,5,18,12,8
55094,2,10,20,21,12
55095,2,10,20,18,12
55102,2,10,22,27,16
55103,2,16,22,24,16
55104,1,5,16,16,10
55108,1,5,18,17,11
55110,1,5,20,25,15
55111,1,10,22,34,21
55116,1,5,20,21,13
55118,1,10,22,32,19
55119,1,16,24,42,26
55120,1,9,18,23,15
55121,1,9,20,26,16
55124,1,10,20,27,16
55125,1,10,22,34,21
55132,1,10,22,32,19
55133,1,16,24,42,26
55136,2,5,16,13,7
55138,2,5,18,15,8
55139,2,9,20,21,12
55140,2,5,18,14,8
55142,2,5,18,13,8
55143,2,10,20,19,12
55148,2,9,20,19,11
55150,2,10,20,18,11
55151,2,16,22,25,16
55152,2,9,16,10,7
55153,2,9,18,12,8
55154,2,9,18,13,8
55155,2,9,18,10,6
55156,2,10,18,13,8
55157,2,10,20,17,11
55158,2,10,18,11,6
55159,3,10,18,10,6
55164,2,10,20,17,11
55165,2,16,22,24,16
55166,2,10,20,15,9
55167,3,16,20,14,9
55232,1,5,18,22,14
55236,1,8,20,26,15
55238,1,10,22,37,20
55239,1,10,24,46,26
55240,1,5,20,24,15
55244,2,8,20,22,13
55246,2,10,22,31,18
55247,2,16,24,40,24
55248,1,9,20,30,20
55249,1,10,22,34,21
55252,1,10,22,38,21
55253,1,10,24,46,26
55256,1,10,22,34,21
55257,1,16,24,42,26
55260,2,10,22,31,17
55261,2,16,24,40,24
55264,2,9,18,18,11
55266,2,10,20,23,12
55267,2,10,22,29,16
55268,2,9,20,23,12
55270,2,10,20,20,11
55271,2,10,22,26,15
55272,2,9,20,21,12
55274,2,10,22,29,16
55275,2,16,24,38,22
55276,2,9,20,19,9
55278,2,10,20,17,10
55279,2,16,22,23,14
55280,2,9,18,15,11
55281,2,10,20,18,12
55282,2,10,20,20,12
55283,2,10,20,16,9
55284,2,10,20,21,12
55285,2,10,22,26,15
55286,2,10,20,17,9
55287,3,10,20,14,8
55288,2,10,20,19,12
55289,2,16,22,25,16
55290,2,10,22,26,15
55291,2,16,22,23,14
55292,2,10,20,17,8
55293,2,16,22,23,13
55294,2,10,20,14,7
55295,3,16,20,13,8
55711,1,16,24,38,22
55742,1,10,24,46,26
55743,2,16,24,40,24
55767,1,10,24,46,26
55775,2,16,24,40,24
55792,1,9,20,30,20
55793,1,10,22,34,21
55794,1,10,22,38,21
55795,2,10,22,31,17
55796,1,10,22,38,21
55797,1,10,24,46,26
55798,2,10,22,32,17
55799,2,10,22,27,16
55800,1,10,22,34,21
55801,1,16,24,42,26
55802,1,10,24,46,26
55803,2,16,24,40,24
55804,2,10,22,31,17
55805,2,16,24,40,24
55806,2,10,22,27,16
55807,2,16,22,25,17
56663,2,10,22,31,17
56671,2,16,24,40,24
56688,2,9,18,19,12
56689,2,9,20,22,13
56690,2,9,20,25,13
56691,2,9,20,20,11
56692,2,10,20,25,13
56693,2,10,22,31,17
56694,2,10,20,21,10
56695,2,10,20,17,10
56700,2,10,22,31,18
56701,2,16,24,40,24
56702,2,10,22,27,15
56703,2,16,22,23,15
56735,2,16,24,40,24
56791,2,10,22,27,16
56799,2,16,22,25,17
56816,2,9,18,16,12
56817,2,10,20,20,13
56818,2,10,20,22,13
56819,2,10,20,17,10
56820,2,10,20,21,13
56821,2,10,22,27,16
56822,2,10,20,18,9
56823,2,10,20,14,8
56824,2,10,20,19,13
56825,2,16,22,25,16
56826,2,10,22,28,17
56827,2,16,22,23,15
56828,2,10,20,18,12
56829,2,16,22,25,17
56830,2,10,20,16,10
56831,2,16,20,14,10
57088,2,4,14,9,7
57104,2,5,16,12,8
57105,2,5,18,13,9
57107,2,8,20,22,13
57111,2,10,22,31,17
57119,2,16,24,40,24
57120,2,5,16,14,8
57122,2,8,18,16,9
57123,2,8,20,22,13
57126,2,8,20,23,12
57127,2,10,22,31,17
57134,2,10,22,31,18
57135,2,16,24,40,24
57136,2,5,16,9,5
57137,2,5,18,10,6
57138,2,8,18,12,6
57139,2,8,18,10,6
57142,2,10,20,19,9
57143,2,10,20,15,9
57150,2,10,22,27,15
57151,2,16,22,23,15
57152,2,5,16,13,8
57156,2,8,18,15,9
57158,2,8,20,23,12
57159,2,10,22,31,17
57164,2,8,20,20,13
57166,2,10,22,31,18
57167,2,16,24,40,24
57168,2,9,18,19,12
57169,2,9,20,22,13
57172,2,10,20,25,13
57173,2,10,22,31,17
57180,2,10,22,31,18
57181,2,16,24,40,24
57184,2,5,16,10,4
57186,2,8,18,13,5
57187,2,9,20,19,9
57188,2,8,18,13,5
57190,2,8,18,12,5
57191,2,10,20,17,8
57196,2,9,20,18,9
57198,2,10,20,17,9
57199,2,16,22,23,13
57200,2,9,16,7,4
57201,2,9,18,9,5
57202,2,9,18,11,5
57203,2,9,18,9,4
57204,2,10,18,12,5
57205,2,10,20,15,7
57206,2,10,18,10,3
57207,3,10,18,8,3
57212,2,10,20,17,9
57213,2,16,22,23,13
57214,2,10,20,15,7
57215,3,16,20,13,7
57216,2,5,16,11,8
57224,2,5,18,12,9
57228,2,8,20,20,13
57230,2,10,22,31,18
57231,2,16,24,40,24
57232,2,9,18,16,11
57233,2,10,20,19,12
57235,2,10,22,31,18
57240,2,10,20,19,12
57241,2,16,22,25,16
57243,2,16,24,40,24
57244,2,10,22,31,18
57245,2,16,24,40,24
57248,2,9,18,19,12
57250,2,10,20,24,13
57251,2,10,22,31,18
57256,2,9,20,22,13
57258,2,10,22,31,18
57259,2,16,24,40,24
57264,2,9,18,14,10
57265,2,10,20,17,11
57266,2,10,20,20,11
57267,2,10,20,16,10
57272,2,10,20,18,11
57273,2,16,22,23,14
57274,2,10,22,27,15
57275,2,16,22,23,15
57280,2,5,16,10,7
57284,2,8,18,12,8
57286,2,10,20,20,11
57287,2,10,22,27,16
57288,2,5,18,11,8
57292,2,8,18,11,8
57294,2,10,20,18,12
57295,2,16,22,25,17
57296,2,9,18,16,12
57297,2,10,20,20,13
57300,2,10,20,21,13
57301,2,10,22,27,16
57304,2,10,20,19,13
57305,2,16,22,25,16
57308,2,10,20,18,12
57309,2,16,22,25,17
57312,2,9,16,8,5
57314,2,10,18,12,6
57315,2,10,20,17,10
57316,2,9,18,11,6
57318,2,10,18,10,4
57319,2,10,20,14,7
57320,2,9,18,10,6
57322,2,10,20,16,9
57323,2,16,22,23,14
57324,2,9,18,9,5
57326,3,10,18,9,5
57327,3,16,20,13,8
57328,2,9,16,7,6
57329,2,10,18,10,7
57330,2,10,18,11,7
57331,2,10,18,9,5
57332,2,10,18,11,7
57333,2,10,20,15,9
57334,2,10,18,9,4
57335,3,10,18,7,3
57336,2,10,18,10,7
57337,2,16,20,15,10
57338,2,10,20,16,10
57339,2,16,20,14,9
57340,2,10,18,9,5
57341,2,16,20,14,9
57342,3,10,18,8,4
57343,3,16,18,7,4
57344,1,1,8,3,3
57856,1,2,10,5,4
57888,1,2,12,6,5
57890,1,2,14,7,6
57891,1,2,16,9,7
57894,1,5,16,11,8
57895,1,10,18,14,9
57902,1,9,18,16,12
57903,1,10,20,19,13
57904,1,5,14,9,6
57905,1,5,16,11,7
57906,1,5,16,11,7
57907,2,5,16,8,5
57910,1,10,18,17,9
57911,2,10,18,12,6
57918,1,10,20,22,13
57919,2,10,20,16,9
57952,1,5,14,13,9
57954,1,5,16,15,10
57955,1,5,18,18,11
57956,1,5,16,15,10
57958,2,5,16,12,8
57959,2,10,18,15,9
57964,1,9,18,20,13
57966,2,9,18,16,11
57967,2,10,20,19,12
57968,1,5,16,16,10
57969,1,5,18,19,11
57970,1,5,18,21,11
57971,2,5,18,16,8
57972,1,10,18,20,11
57973,1,10,20,26,15
57974,2,10,18,17,9
57975,2,10,18,14,8
57980,1,10,20,25,14
57981,1,10,22,32,19
57982,2,10,20,21,12
57983,2,10,20,17,10
58030,1,9,20,30,20
58031,1,10,22,34,21
58046,1,10,22,38,21
58047,2,10,22,31,17
58080,1,9,16,20,14
58082,1,9,18,23,15
58083,1,9,20,26,16
58084,1,9,18,25,15
58086,2,9,18,19,12
58087,2,10,20,22,13
58088,1,9,18,23,15
58090,1,9,20,30,20
58091,1,10,22,34,21
58092,2,9,18,19,12
58094,2,9,18,16,12
58095,2,10,20,19,13
58096,1,9,18,23,15
58097,1,9,20,26,16
58098,1,9,20,30,16
58099,2,8,20,24,12
58100,1,10,20,31,16
58101,1,10,22,37,20
58102,2,10,20,25,13
58103,2,10,20,20,11
58104,1,10,20,27,16
58105,1,10,22,32,19
58106,1,10,22,38,21
58107,2,10,22,31,17
58108,2,10,20,25,13
58109,2,10,22,31,18
58110,2,10,20,21,13
58111,2,10,20,18,12
58112,1,2,12,7,5
58128,1,2,14,9,6
58129,1,2,16,10,7
58131,1,5,18,16,11
58135,1,10,20,23,14
58143,1,10,22,29,18
58144,1,5,14,10,6
58146,1,5,16,11,7
58147,1,5,18,16,11
58150,1,5,18,16,9
58151,1,10,20,23,14
58158,1,10,20,22,13
58159,1,10,22,29,18
58160,2,5,14,7,4
58161,2,5,16,8,5
58162,2,5,16,8,5
58163,2,5,16,7,5
58166,2,10,18,13,7
58167,2,10,18,11,7
58174,2,10,20,18,11
58175,2,10,20,15,10
58208,1,5,16,18,10
58210,1,5,18,21,11
58211,1,5,20,27,15
58212,1,5,18,20,11
58214,2,5,18,17,9
58215,2,10,20,23,13
58220,1,9,20,25,14
58222,2,10,20,22,12
58223,2,10,22,28,16
58224,2,5,16,12,7
58225,2,5,18,14,8
58226,2,5,18,16,8
58227,2,5,18,12,7
58228,2,10,18,16,8
58229,2,10,20,21,12
58230,2,10,18,13,5
58231,2,10,18,11,6
58236,2,10,20,20,11
58237,2,10,22,27,16
58238,2,10,20,17,8
58239,2,10,20,14,8
58271,1,10,24,46,26
58286,1,10,22,38,21
58287,1,10,24,46,26
58302,2,10,22,32,17
58303,2,10,22,27,16
58336,1,9,18,25,15
58338,1,10,20,31,16
58339,1,10,22,37,20
58340,1,9,20,31,16
58342,2,10,20,26,13
58343,2,10,22,32,17
58344,1,9,20,28,16
58346,1,10,22,38,21
58347,1,10,24,46,26
58348,2,9,20,25,13
58350,2,10,20,22,13
58351,2,10,22,28,17
58352,2,9,18,19,12
58353,2,10,20,22,13
58354,2,10,20,25,13
58355,2,10,20,20,11
58356,2,10,20,26,13
58357,2,10,22,32,17
58358,2,10,20,21,9
58359,2,10,20,17,9
58360,2,10,20,23,13
58361,2,10,22,28,16
58362,2,10,22,32,17
58363,2,10,22,27,16
58364,2,10,20,21,10
58365,2,10,22,27,15
58366,2,10,20,18,9
58367,2,10,20,16,10
58368,1,2,10,6,4
58432,1,2,12,7,5
58436,1,2,14,8,6
58438,1,4,16,11,8
58439,1,10,18,14,9
58444,1,4,16,11,8
58446,1,9,18,16,12
58447,1,10,20,19,13
58455,1,10,20,26,15
58463,1,10,22,32,19
58464,1,5,14,13,9
58466,1,5,16,15,10
58467,1,5,18,18,11
58468,1,5,16,15,10
58470,2,5,16,12,8
58471,2,10,18,15,9
58476,1,9,18,20,13
58478,2,9,18,16,11
58479,2,10,20,19,12
58480,1,5,16,16,10
58481,1,5,18,19,11
58482,1,5,18,21,11
58483,2,5,18,16,8
58484,1,10,18,20,11
58485,1,10,20,26,15
58486,2,10,18,17,9
58487,2,10,18,14,8
58492,1,10,20,25,14
58493,1,10,22,32,19
58494,2,10,20,21,12
58495,2,10,20,17,10
58560,1,5,14,13,9
58564,1,5,16,15,10
58566,1,9,18,20,13
58567,1,10,20,23,14
58568,1,5,16,15,10
58572,2,5,16,12,8
58574,2,9,18,16,11
58575,2,10,20,19,12
58583,1,10,22,37,20
58591,2,10,22,31,18
58592,1,9,16,20,14
58594,1,9,18,23,15
58595,1,9,20,26,16
58596,1,9,18,25,15
58598,2,9,18,19,12
58599,2,10,20,22,13
58600,1,9,18,23,15
58602,1,9,20,30,20
58603,1,10,22,34,21
58604,2,9,18,19,12
58606,2,9,18,16,12
58607,2,10,20,19,13
58608,1,9,18,23,15
58609,1,9,20,26,16
58610,1,9,20,30,16
58611,2,8,20,24,12
58612,1,10,20,31,16
58613,1,10,22,37,20
58614,2,10,20,25,13
58615,2,10,20,20,11
58616,1,10,20,27,16
58617,1,10,22,32,19
58618,1,10,22,38,21
58619,2,10,22,31,17
58620,2,10,20,25,13
58621,2,10,22,31,18
58622,2,10,20,21,13
58623,2,10,20,18,12
58880,2,4,10,3,2
58912,2,4,12,4,3
58914,2,4,14,5,4
58915,2,5,16,8,5
58918,2,5,16,11,8
58919,2,10,18,15,9
58926,2,9,18,16,11
58927,2,10,20,20,12
58928,2,5,14,7,4
58929,2,5,16,9,5
58930,2,5,16,10,5
58931,2,5,16,7,3
58934,2,10,18,17,9
58935,2,10,18,12,6
58942,2,10,20,22,12
58943,2,10,20,16,8
58944,2,5,12,5,3
58948,2,5,14,6,4
58950,2,5,16,11,8
58951,2,10,18,15,9
58956,2,5,16,9,5
58958,2,9,18,16,11
58959,2,10,20,20,12
58976,2,5,12,4,3
58978,2,5,14,5,4
58979,2,5,16,8,5
58980,2,5,14,5,4
58982,2,5,14,5,4
58983,2,10,16,8,5
58988,2,9,16,9,6
58990,2,9,16,9,7
58991,2,10,18,12,8
58992,2,5,14,6,4
58993,2,5,16,8,5
58994,2,5,16,9,5
58995,2,5,16,6,2
58996,2,10,16,9,5
58997,2,10,18,13,8
58998,2,10,16,8,5
58999,2,10,16,6,3
59004,2,10,18,13,7
59005,2,10,20,18,11
59006,2,10,18,12,8
59007,2,10,18,9,5
59072,2,5,14,10,6
59076,2,5,16,13,7
59078,2,9,18,19,12
59079,2,10,20,23,13
59080,2,5,16,12,7
59084,2,5,16,9,5
59086,2,9,18,14,10
59087,2,10,20,18,11
59104,2,9,14,8,6
59106,2,9,16,10,7
59107,2,9,18,13,8
59108,2,9,16,11,7
59110,2,9,16,9,7
59111,2,10,18,12,8
59112,2,9,16,10,7
59114,2,9,18,15,11
59115,2,10,20,19,12
59116,2,9,16,7,4
59118,2,9,16,7,6
59119,2,10,18,10,7
59120,2,9,16,10,7
59121,2,9,18,12,8
59122,2,9,18,15,8
59123,2,8,18,11,4
59124,2,10,18,16,8
59125,2,10,20,20,11
59126,2,10,18,13,8
59127,2,10,18,10,5
59128,2,10,18,13,8
59129,2,10,20,17,11
59130,2,10,20,21,12
59131,2,10,20,17,8
59132,2,10,18,12,5
59133,2,10,20,17,9
59134,2,10,18,11,7
59135,2,10,18,9,5
59136,2,4,12,4,3
59152,2,5,14,7,4
59153,2,5,16,8,5
59155,2,5,18,14,8
59159,2,10,20,22,13
59167,2,10,22,28,16
59168,2,5,14,8,4
59170,2,5,16,9,5
59171,2,5,18,14,8
59174,2,5,18,15,9
59175,2,10,20,22,13
59182,2,10,20,21,12
59183,2,10,22,28,16
59184,2,5,14,5,1
59185,2,5,16,6,2
59186,2,5,16,7,2
59187,2,5,16,5,2
59190,2,10,18,12,5
59191,2,10,18,9,5
59198,2,10,20,17,8
59199,2,10,20,13,7
59200,2,5,14,7,4
59204,2,5,16,8,5
59206,2,5,18,15,9
59207,2,10,20,22,13
59212,2,5,18,11,6
59214,2,10,20,21,12
59215,2,10,22,28,16
59216,2,5,16,12,7
59217,2,5,18,14,8
59220,2,10,18,16,8
59221,2,10,20,22,13
59228,2,10,20,20,10
59229,2,10,22,28,16
59232,2,5,14,7,4
59234,2,5,16,8,5
59235,2,5,18,12,7
59236,2,5,16,8,5
59238,2,5,16,7,5
59239,2,10,18,12,8
59244,2,9,18,12,7
59246,2,10,18,12,8
59247,2,10,20,17,11
59248,2,5,14,4,2
59249,2,5,16,5,3
59250,2,5,16,6,3
59251,2,5,16,3,1
59252,2,10,16,7,3
59253,2,10,18,10,6
59254,2,10,16,5,2
59255,3,10,16,4,2
59260,2,10,18,10,5
59261,2,10,20,15,9
59262,2,10,18,9,5
59263,3,10,18,7,4
59328,2,5,16,12,7
59332,2,8,18,16,8
59334,2,10,20,25,13
59335,2,10,22,32,17
59336,2,5,18,14,8
59340,2,8,18,12,6
59342,2,10,20,20,11
59343,2,10,22,27,15
59344,2,9,18,18,11
59345,2,10,20,21,12
59348,2,10,20,25,12
59349,2,10,22,32,17
59352,2,10,20,21,12
59353,2,10,22,27,16
59356,2,10,20,19,9
59357,2,10,22,27,15
59360,2,9,16,11,7
59362,2,10,18,15,8
59363,2,10,20,19,10
59364,2,9,18,15,8
59366,2,10,18,13,8
59367,2,10,20,18,11
59368,2,9,18,13,8
59370,2,10,20,20,12
59371,2,10,22,26,15
59372,2,9,18,11,5
59374,2,10,18,11,7
59375,2,10,20,16,10
59376,2,9,16,8,5
59377,2,10,18,10,6
59378,2,10,18,12,6
59379,2,10,18,8,3
59380,2,10,18,13,6
59381,2,10,20,17,9
59382,2,10,18,10,5
59383,3,10,18,8,4
59384,2,10,18,11,6
59385,2,10,20,15,9
59386,2,10,20,17,9
59387,2,10,20,14,7
59388,2,10,18,10,3
59389,2,10,20,15,7
59390,2,10,18,9,4
59391,3,10,18,8,4
59392,1,2,10,5,4
59520,1,2,12,6,5
59528,1,2,14,7,6
59532,1,5,16,11,8
59534,1,9,18,16,12
59535,1,10,20,19,13
59551,1,10,22,29,16
59566,1,9,20,30,20
59567,1,10,22,34,21
59582,1,10,22,38,21
59583,2,10,22,31,17
59584,1,5,14,13,9
59588,1,5,16,15,10
59590,1,9,18,20,13
59591,1,10,20,23,14
59592,1,5,16,15,10
59596,2,5,16,12,8
59598,2,9,18,16,11
59599,2,10,20,19,12
59607,1,10,22,37,20
59615,2,10,22,31,18
59616,1,9,16,20,14
59618,1,9,18,23,15
59619,1,9,20,26,16
59620,1,9,18,25,15
59622,2,9,18,19,12
59623,2,10,20,22,13
59624,1,9,18,23,15
59626,1,9,20,30,20
59627,1,10,22,34,21
59628,2,9,18,19,12
59630,2,9,18,16,12
59631,2,10,20,19,13
59632,1,9,18,23,15
59633,1,9,20,26,16
59634,1,9,20,30,16
59635,2,8,20,24,12
59636,1,10,20,31,16
59637,1,10,22,37,20
59638,2,10,20,25,13
59639,2,10,20,20,11
59640,1,10,20,27,16
59641,1,10,22,32,19
59642,1,10,22,38,21
59643,2,10,22,31,17
59644,2,10,20,25,13
59645,2,10,22,31,18
59646,2,10,20,21,13
59647,2,10,20,18,12
59904,1,4,12,10,8
59936,1,5,14,13,9
59938,1,5,16,14,10
59939,1,5,18,17,11
59942,1,5,18,22,14
59943,1,10,20,26,15
59950,1,9,20,30,20
59951,1,10,22,34,21
59952,1,5,16,16,10
59953,1,5,18,18,11
59954,1,8,18,20,11
59955,2,8,18,17,9
59958,1,10,20,30,15
59959,2,10,20,24,12
59966,1,10,22,38,21
59967,2,10,22,31,17
60032,1,5,14,13,9
60040,1,5,16,14,10
60044,1,5,18,22,14
60046,1,9,20,30,20
60047,1,10,22,34,21
60064,1,9,16,20,14
60066,1,9,18,23,15
60067,1,9,20,26,16
60072,1,9,18,23,15
60074,1,9,20,30,20
60075,1,10,22,34,21
60080,1,9,18,23,15
60081,1,9,20,26,16
60082,1,9,20,30,16
60083,2,8,20,24,12
60088,1,10,20,27,16
60089,1,10,22,32,19
60090,1,10,22,38,21
60091,2,10,22,31,17
60160,1,4,14,12,9
60176,1,5,16,15,10
60177,1,5,18,16,11
60179,1,8,20,26,15
60183,1,10,22,37,20
60191,1,10,24,46,26
60192,1,5,16,18,10
60194,1,8,18,20,11
60195,1,8,20,26,15
60198,1,8,20,29,15
60199,1,10,22,37,20
60206,1,10,22,38,21
60207,1,10,24,46,26
60208,2,5,16,13,7
60209,2,5,18,14,8
60210,2,8,18,16,8
60211,2,8,18,14,8
60214,2,10,20,24,11
60215,2,10,20,20,11
60222,2,10,22,32,17
60223,2,10,22,27,16
60288,1,5,16,15,10
60296,1,5,18,16,11
60300,1,8,20,26,15
60302,1,10,22,38,21
60303,1,10,24,46,26
60304,1,9,18,20,13
60305,1,10,20,23,14
60307,1,10,22,37,20
60312,1,10,20,23,14
60313,1,10,22,29,18
60315,1,10,24,46,26
60316,1,10,22,37,20
60317,1,10,24,46,26
60320,1,9,18,25,15
60322,1,10,20,31,16
60323,1,10,22,37,20
60328,1,9,20,28,16
60330,1,10,22,38,21
60331,1,10,24,46,26
60336,2,9,18,19,12
60337,2,10,20,22,13
60338,2,10,20,25,13
60339,2,10,20,20,11
60344,2,10,20,23,13
60345,2,10,22,28,16
60346,2,10,22,32,17
60347,2,10,22,27,16
60416,2,4,10,3,2
60480,2,5,12,5,3
60484,2,5,14,6,4
60486,2,5,16,9,5
60487,2,10,18,12,6
60492,2,5,16,11,8
60494,2,9,18,16,11
60495,2,10,20,19,12
60503,2,10,20,24,12
60511,2,10,22,31,18
60512,2,5,14,10,6
60514,2,5,16,12,7
60515,2,5,18,15,8
60516,2,5,16,13,7
60518,2,5,16,9,5
60519,2,10,18,12,6
60524,2,9,18,19,12
60526,2,9,18,14,10
60527,2,10,20,17,11
60528,2,5,16,12,7
60529,2,5,18,15,8
60530,2,8,18,18,8
60531,2,8,18,14,6
60532,2,10,18,18,8
60533,2,10,20,24,12
60534,2,10,18,15,6
60535,2,10,18,12,6
60540,2,10,20,24,13
60541,2,10,22,31,18
60542,2,10,20,20,11
60543,2,10,20,16,10
60544,2,4,12,4,3
60552,2,4,14,5,4
60556,2,5,16,11,8
60558,2,9,18,16,11
60559,2,10,20,19,12
60575,2,10,22,31,18
60608,2,5,12,4,3
60612,2,5,14,5,4
60614,2,9,16,9,6
60615,2,10,18,11,7
60616,2,5,14,5,4
60620,2,5,14,5,4
60622,2,9,16,9,7
60623,2,10,18,11,8
60631,2,10,20,20,11
60639,2,10,20,18,12
60640,2,9,14,8,6
60642,2,9,16,10,7
60643,2,9,18,12,8
60644,2,9,16,11,7
60646,2,9,16,7,4
60647,2,10,18,9,5
60648,2,9,16,10,7
60650,2,9,18,15,11
60651,2,10,20,18,12
60652,2,9,16,9,7
60654,2,9,16,7,6
60655,2,10,18,9,7
60656,2,9,16,10,7
60657,2,9,18,13,8
60658,2,9,18,15,8
60659,2,8,18,10,5
60660,2,10,18,15,8
60661,2,10,20,20,11
60662,2,10,18,12,5
60663,2,10,18,8,4
60664,2,10,18,13,8
60665,2,10,20,17,10
60666,2,10,20,21,12
60667,2,10,20,15,9
60668,2,10,18,13,8
60669,2,10,20,18,12
60670,2,10,18,11,7
60671,2,10,18,8,6
60928,2,4,10,2,2
60960,2,5,12,4,3
60962,2,5,14,5,4
60963,2,5,16,8,5
60966,2,5,16,10,7
60967,2,10,18,14,8
60974,2,9,18,16,12
60975,2,10,20,20,13
60976,2,5,14,6,4
60977,2,5,16,8,5
60978,2,8,16,10,5
60979,2,8,16,7,3
60982,2,10,18,16,8
60983,2,10,18,12,6
60990,2,10,20,22,13
60991,2,10,20,17,10
60992,2,5,12,5,3
60996,2,5,14,6,4
60998,2,5,16,10,7
60999,2,10,18,14,8
61004,2,5,16,10,7
61006,2,9,18,16,12
61007,2,10,20,20,13
61024,2,5,12,3,1
61026,2,5,14,4,2
61027,2,5,16,7,3
61028,2,5,14,4,2
61030,2,5,14,3,2
61031,2,10,16,6,3
61036,2,9,16,8,5
61038,2,9,16,7,6
61039,2,10,18,10,7
61040,2,5,14,4,2
61041,2,5,16,6,3
61042,2,8,16,8,3
61043,2,8,16,6,1
61044,2,10,16,8,3
61045,2,10,18,12,6
61046,2,10,16,7,3
61047,2,10,16,6,2
61052,2,10,18,12,6
61053,2,10,20,17,10
61054,2,10,18,11,7
61055,2,10,18,9,5
61056,2,5,12,4,3
61064,2,5,14,5,4
61068,2,5,16,10,7
61070,2,9,18,16,12
61071,2,10,20,20,13
61088,2,9,14,8,6
61090,2,9,16,10,7
61091,2,9,18,13,8
61096,2,9,16,10,7
61098,2,9,18,16,12
61099,2,10,20,20,13
61104,2,9,16,10,7
61105,2,9,18,12,8
61106,2,9,18,15,8
61107,2,8,18,10,5
61112,2,10,18,13,8
61113,2,10,20,17,11
61114,2,10,20,22,13
61115,2,10,20,17,10
61120,2,5,12,3,1
61124,2,5,14,4,2
61126,2,9,16,8,5
61127,2,10,18,11,6
61128,2,5,14,4,2
61132,2,5,14,3,2
61134,2,9,16,7,6
61135,2,10,18,10,7
61152,3,9,12,3,1
61154,3,9,14,4,2
61155,3,9,16,6,3
61156,3,9,14,4,2
61158,3,9,14,2,1
61159,3,10,16,4,2
61160,3,9,14,4,2
61162,3,9,16,7,5
61163,3,10,18,10,6
61164,3,9,14,2,1
61166,3,9,14,2,2
61167,3,10,16,4,3
61168,3,9,14,4,2
61169,3,9,16,6,3
61170,3,9,16,7,3
61171,3,8,16,4,0
61172,3,10,16,7,3
61173,3,10,18,10,5
61174,3,10,16,5,2
61175,3,10,16,3,0
61176,3,10,16,6,3
61177,3,10,18,9,5
61178,3,10,18,11,6
61179,3,10,18,8,3
61180,3,10,16,5,2
61181,3,10,18,9,5
61182,3,10,16,5,3
61183,3,10,16,3,1
61184,2,4,12,3,3
61200,2,5,14,6,4
61201,2,5,16,7,5
61203,2,8,18,14,8
61207,2,10,20,20,11
61215,2,10,22,27,16
61216,2,5,14,7,4
61218,2,8,16,9,5
61219,2,8,18,14,8
61222,2,8,18,14,8
61223,2,10,20,20,11
61230,2,10,20,21,13
61231,2,10,22,27,16
61232,2,5,14,4,1
61233,2,5,16,5,2
61234,2,8,16,7,2
61235,2,8,16,5,2
61238,2,10,18,11,4
61239,2,10,18,8,4
61246,2,10,20,18,9
61247,2,10,20,14,8
61248,2,5,14,6,4
61252,2,8,16,8,5
61254,2,8,18,14,8
61255,2,10,20,20,11
61260,2,8,18,12,8
61262,2,10,20,21,13
61263,2,10,22,27,16
61264,2,5,16,10,6
61265,2,5,18,12,7
61268,2,10,18,15,7
61269,2,10,20,20,11
61276,2,10,20,20,11
61277,2,10,22,27,16
61280,2,5,14,5,2
61282,2,8,16,7,3
61283,2,8,18,11,5
61284,2,8,16,7,3
61286,2,8,16,6,3
61287,2,10,18,10,5
61292,2,9,18,11,6
61294,2,10,18,11,7
61295,2,10,20,15,9
61296,2,5,14,2,0
61297,2,5,16,3,1
61298,2,8,16,5,1
61299,2,8,16,3,0
61300,2,10,16,6,1
61301,2,10,18,8,3
61302,2,10,16,4,0
61303,3,10,16,3,0
61308,2,10,18,10,4
61309,2,10,20,14,7
61310,2,10,18,9,4
61311,3,10,18,7,3
61312,2,5,14,5,4
61320,2,5,16,6,5
61324,2,8,18,12,8
61326,2,10,20,21,13
61327,2,10,22,27,16
61328,2,9,16,9,6
61329,2,10,18,11,7
61331,2,10,20,20,11
61336,2,10,18,11,7
61337,2,10,20,15,10
61339,2,10,22,27,16
61340,2,10,20,20,11
61341,2,10,22,27,16
61344,2,9,16,11,7
61346,2,10,18,15,8
61347,2,10,20,20,11
61352,2,9,18,13,8
61354,2,10,20,21,13
61355,2,10,22,27,16
61360,2,9,16,7,4
61361,2,10,18,9,5
61362,2,10,18,12,5
61363,2,10,18,8,4
61368,2,10,18,10,5
61369,2,10,20,13,7
61370,2,10,20,18,9
61371,2,10,20,14,8
61376,2,5,14,4,2
61380,2,8,16,6,3
61382,2,10,18,12,6
61383,2,10,20,17,9
61384,2,5,16,5,3
61388,2,8,16,5,3
61390,2,10,18,11,7
61391,2,10,20,16,10
61392,2,9,16,8,5
61393,2,10,18,11,6
61396,2,10,18,12,6
61397,2,10,20,17,9
61400,2,10,18,10,6
61401,2,10,20,14,8
61404,2,10,18,10,6
61405,2,10,20,16,10
61408,3,9,14,4,2
61410,3,10,16,7,3
61411,3,10,18,10,5
61412,3,9,16,6,3
61414,3,10,16,5,2
61415,3,10,18,8,4
61416,3,9,16,5,3
61418,3,10,18,10,6
61419,3,10,20,14,8
61420,3,9,16,4,2
61422,3,10,16,5,3
61423,3,10,18,8,5
61424,3,9,14,2,1
61425,3,10,16,4,2
61426,3,10,16,5,2
61427,3,10,16,3,0
61428,3,10,16,5,2
61429,3,10,18,8,4
61430,3,10,16,4,1
61431,3,10,16,3,0
61432,3,10,16,4,2
61433,3,10,18,7,4
61434,3,10,18,9,5
61435,3,10,18,7,3
61436,3,10,16,4,1
61437,3,10,18,8,4
61438,3,10,16,5,2
61439,3,10,16,4,1
61440,1,1,10,4,4
61696,1,2,12,6,5
61712,1,2,14,7,6
61713,1,2,16,8,7
61715,1,5,18,12,9
61719,1,10,20,19,13
61727,1,16,22,26,18
61744,1,5,16,14,10
61745,1,5,18,16,11
61746,1,5,18,16,11
61747,2,5,18,13,9
61750,1,10,20,23,14
61751,2,10,20,19,12
61758,1,10,22,29,18
61759,2,16,22,25,16
61783,1,10,22,34,21
61791,1,16,24,42,26
61808,1,9,18,23,15
61809,1,9,20,26,16
61810,1,9,20,28,16
61811,2,9,20,22,13
61812,1,10,20,27,16
61813,1,10,22,34,21
61814,2,10,20,23,13
61815,2,10,20,20,13
61820,1,10,22,32,19
61821,1,16,24,42,26
61822,2,10,22,28,16
61823,2,16,22,25,16
61855,1,16,24,38,22
61886,1,10,24,46,26
61887,2,16,24,40,24
61911,1,10,24,46,26
61919,2,16,24,40,24
61936,1,9,20,30,20
61937,1,10,22,34,21
61938,1,10,22,38,21
61939,2,10,22,31,17
61940,1,10,22,38,21
61941,1,10,24,46,26
61942,2,10,22,32,17
61943,2,10,22,27,16
61944,1,10,22,34,21
61945,1,16,24,42,26
61946,1,10,24,46,26
61947,2,16,24,40,24
61948,2,10,22,31,17
61949,2,16,24,40,24
61950,2,10,22,27,16
61951,2,16,22,25,17
61952,1,2,12,7,5
61984,1,2,14,8,6
61986,1,2,16,9,7
61987,1,4,18,12,9
61990,1,5,18,13,9
61991,1,10,20,19,13
61998,1,10,20,19,13
61999,1,16,22,26,18
62000,1,5,16,14,10
62001,1,5,18,16,11
62002,1,5,18,16,11
62003,2,5,18,13,9
62006,1,10,20,23,14
62007,2,10,20,19,12
62014,1,10,22,29,18
62015,2,16,22,25,16
62048,1,5,16,16,10
62050,1,5,18,18,11
62051,1,9,20,23,14
62052,1,5,18,18,11
62054,2,5,18,15,9
62055,2,10,20,20,12
62060,1,9,20,23,14
62062,2,10,20,20,12
62063,2,16,22,26,16
62064,1,9,18,23,15
62065,1,9,20,26,16
62066,1,9,20,28,16
62067,2,9,20,22,13
62068,1,10,20,27,16
62069,1,10,22,34,21
62070,2,10,20,23,13
62071,2,10,20,20,13
62076,1,10,22,32,19
62077,1,16,24,42,26
62078,2,10,22,28,16
62079,2,16,22,25,16
62126,1,10,22,34,21
62127,1,16,24,42,26
62142,1,10,24,46,26
62143,2,16,24,40,24
62176,1,9,18,23,15
62178,1,10,20,27,16
62179,1,10,22,32,19
62180,1,9,20,28,16
62182,2,10,20,23,13
62183,2,10,22,28,16
62184,1,9,20,26,16
62186,1,10,22,34,21
62187,1,16,24,42,26
62188,2,9,20,22,13
62190,2,10,20,20,13
62191,2,16,22,25,16
62192,1,9,20,30,20
62193,1,10,22,34,21
62194,1,10,22,38,21
62195,2,10,22,31,17
62196,1,10,22,38,21
62197,1,10,24,46,26
62198,2,10,22,32,17
62199,2,10,22,27,16
62200,1,10,22,34,21
62201,1,16,24,42,26
62202,1,10,24,46,26
62203,2,16,24,40,24
62204,2,10,22,31,17
62205,2,16,24,40,24
62206,2,10,22,27,16
62207,2,16,22,25,17
62208,2,4,12,4,3
62224,2,4,14,5,4
62225,2,4,16,6,5
62227,2,5,18,12,9
62231,2,10,20,19,12
62239,2,16,22,25,16
62240,2,5,14,6,4
62242,2,5,16,7,5
62243,2,5,18,12,9
62246,2,5,18,11,6
62247,2,10,20,19,12
62254,2,10,20,16,9
62255,2,16,22,25,16
62256,2,5,14,5,4
62257,2,5,16,6,5
62258,2,5,16,6,5
62259,2,5,16,6,5
62262,2,10,18,11,7
62263,2,10,18,11,8
62270,2,10,20,15,10
62271,2,16,20,15,11
62304,2,5,16,13,7
62306,2,5,18,16,8
62307,2,9,20,22,13
62308,2,5,18,15,8
62310,2,5,18,12,6
62311,2,10,20,18,11
62316,2,9,20,20,11
62318,2,10,20,16,8
62319,2,16,22,23,14
62320,2,9,16,10,7
62321,2,9,18,12,8
62322,2,9,18,13,8
62323,2,9,18,11,8
62324,2,10,18,13,8
62325,2,10,20,18,12
62326,2,10,18,10,5
62327,2,10,18,10,7
62332,2,10,20,17,11
62333,2,16,22,24,16
62334,2,10,20,13,7
62335,2,16,20,13,9
62367,2,16,24,40,24
62382,2,10,22,31,17
62383,2,16,24,40,24
62398,2,10,22,27,16
62399,2,16,22,25,17
62432,2,9,18,19,12
62434,2,10,20,25,13
62435,2,10,22,31,18
62436,2,9,20,25,13
62438,2,10,20,21,10
62439,2,10,22,27,15
62440,2,9,20,22,13
62442,2,10,22,31,17
62443,2,16,24,40,24
62444,2,9,20,20,11
62446,2,10,20,17,10
62447,2,16,22,23,15
62448,2,9,18,16,12
62449,2,10,20,19,13
62450,2,10,20,21,13
62451,2,10,20,18,12
62452,2,10,20,22,13
62453,2,10,22,28,17
62454,2,10,20,18,9
62455,2,10,20,16,10
62456,2,10,20,20,13
62457,2,16,22,25,16
62458,2,10,22,27,16
62459,2,16,22,25,17
62460,2,10,20,17,10
62461,2,16,22,23,15
62462,2,10,20,14,8
62463,2,16,20,14,10
62464,1,2,12,7,5
62528,1,2,14,8,6
62532,1,2,16,9,7
62534,1,5,18,13,9
62535,1,10,20,19,13
62540,1,4,18,12,9
62542,1,10,20,19,13
62543,1,16,22,26,18
62551,1,10,22,34,21
62559,1,16,24,42,26
62560,1,5,16,16,10
62562,1,5,18,18,11
62563,1,9,20,23,14
62564,1,5,18,18,11
62566,2,5,18,15,9
62567,2,10,20,20,12
62572,1,9,20,23,14
62574,2,10,20,20,12
62575,2,16,22,26,16
62576,1,9,18,23,15
62577,1,9,20,26,16
62578,1,9,20,28,16
62579,2,9,20,22,13
62580,1,10,20,27,16
62581,1,10,22,34,21
62582,2,10,20,23,13
62583,2,10,20,20,13
62588,1,10,22,32,19
62589,1,16,24,42,26
62590,2,10,22,28,16
62591,2,16,22,25,16
62656,1,5,16,14,10
62660,1,5,18,16,11
62662,1,10,20,23,14
62663,1,10,22,29,18
62664,1,5,18,16,11
62668,2,5,18,13,9
62670,2,10,20,19,12
62671,2,16,22,25,16
62679,1,10,24,46,26
62687,2,16,24,40,24
62688,1,9,18,23,15
62690,1,10,20,27,16
62691,1,10,22,32,19
62692,1,9,20,28,16
62694,2,10,20,23,13
62695,2,10,22,28,16
62696,1,9,20,26,16
62698,1,10,22,34,21
62699,1,16,24,42,26
62700,2,9,20,22,13
62702,2,10,20,20,13
62703,2,16,22,25,16
62704,1,9,20,30,20
62705,1,10,22,34,21
62706,1,10,22,38,21
62707,2,10,22,31,17
62708,1,10,22,38,21
62709,1,10,24,46,26
62710,2,10,22,32,17
62711,2,10,22,27,16
62712,1,10,22,34,21
62713,1,16,24,42,26
62714,1,10,24,46,26
62715,2,16,24,40,24
62716,2,10,22,31,17
62717,2,16,24,40,24
62718,2,10,22,27,16
62719,2,16,22,25,17
62720,1,4,14,12,9
62736,1,5,16,15,10
62737,1,5,18,16,11
62739,1,5,20,24,15
62743,1,10,22,34,21
62751,1,16,24,42,26
62784,1,5,16,16,10
62788,1,5,18,17,11
62790,1,5,20,25,15
62791,1,10,22,34,21
62796,1,5,20,21,13
62798,1,10,22,32,19
62799,1,16,24,42,26
62800,1,9,18,23,15
62801,1,9,20,26,16
62804,1,10,20,27,16
62805,1,10,22,34,21
62812,1,10,22,32,19
62813,1,16,24,42,26
62912,1,5,18,22,14
62916,1,8,20,26,15
62918,1,10,22,37,20
62919,1,10,24,46,26
62920,1,5,20,24,15
62924,2,8,20,22,13
62926,2,10,22,31,18
62927,2,16,24,40,24
62928,1,9,20,30,20
62929,1,10,22,34,21
62932,1,10,22,38,21
62933,1,10,24,46,26
62936,1,10,22,34,21
62937,1,16,24,42,26
62940,2,10,22,31,17
62941,2,16,24,40,24
62976,2,4,12,4,3
63008,2,5,14,6,4
63010,2,5,16,7,5
63011,2,5,18,10,6
63014,2,5,18,13,9
63015,2,10,20,19,12
63022,2,10,20,19,12
63023,2,16,22,26,16
63024,2,5,16,11,7
63025,2,5,18,13,8
63026,2,5,18,14,8
63027,2,5,18,10,6
63030,2,10,20,22,13
63031,2,10,20,17,11
63038,2,10,22,28,16
63039,2,16,22,23,14
63040,2,5,14,6,4
63044,2,5,16,7,5
63046,2,5,18,13,9
63047,2,10,20,19,12
63052,2,5,18,10,6
63054,2,10,20,19,12
63055,2,16,22,26,16
63072,2,5,14,6,4
63074,2,5,16,7,5
63075,2,9,18,11,7
63076,2,5,16,7,5
63078,2,5,16,7,5
63079,2,10,18,12,8
63084,2,9,18,11,7
63086,2,10,18,12,8
63087,2,16,20,18,12
63088,2,9,16,10,7
63089,2,9,18,12,8
63090,2,9,18,13,8
63091,2,9,18,9,5
63092,2,10,18,13,8
63093,2,10,20,18,12
63094,2,10,18,12,8
63095,2,10,18,10,7
63100,2,10,20,17,10
63101,2,16,22,25,16
63102,2,10,20,17,11
63103,2,16,20,15,10
63168,2,5,16,11,7
63172,2,5,18,14,8
63174,2,10,20,22,13
63175,2,10,22,28,16
63176,2,5,18,13,8
63180,2,5,18,10,6
63182,2,10,20,17,11
63183,2,16,22,23,14
63200,2,9,16,10,7
63202,2,10,18,13,8
63203,2,10,20,17,10
63204,2,9,18,13,8
63206,2,10,18,12,8
63207,2,10,20,17,11
63208,2,9,18,12,8
63210,2,10,20,18,12
63211,2,16,22,25,16
63212,2,9,18,9,5
63214,2,10,18,10,7
63215,2,16,20,15,10
63216,2,9,18,14,10
63217,2,10,20,17,11
63218,2,10,20,20,11
63219,2,10,20,15,7
63220,2,10,20,20,11
63221,2,10,22,26,15
63222,2,10,20,18,11
63223,2,10,20,15,9
63224,2,10,20,17,11
63225,2,16,22,24,16
63226,2,10,22,26,15
63227,2,16,22,23,13
63228,2,10,20,15,7
63229,2,16,22,23,13
63230,2,10,20,15,9
63231,2,16,20,14,9
63232,2,4,12,3,3
63248,2,5,14,5,4
63249,2,5,16,6,5
63251,2,5,18,11,8
63255,2,10,20,19,13
63263,2,16,22,25,16
63264,2,5,14,6,4
63266,2,5,16,7,5
63267,2,5,18,11,8
63270,2,5,18,12,8
63271,2,10,20,19,13
63278,2,10,20,17,10
63279,2,16,22,25,16
63280,2,5,14,4,2
63281,2,5,16,5,3
63282,2,5,16,5,3
63283,2,5,16,4,3
63286,2,10,18,10,6
63287,2,10,18,9,7
63294,2,10,20,14,8
63295,2,16,20,13,9
63296,2,5,14,6,4
63300,2,5,16,7,5
63302,2,5,18,12,8
63303,2,10,20,19,13
63308,2,5,18,10,6
63310,2,10,20,17,10
63311,2,16,22,25,16
63312,2,9,16,10,7
63313,2,9,18,12,8
63316,2,10,18,13,8
63317,2,10,20,19,13
63324,2,10,20,17,10
63325,2,16,22,25,16
63328,2,5,14,5,2
63330,2,5,16,6,3
63331,2,9,18,10,6
63332,2,5,16,6,3
63334,2,5,16,5,3
63335,2,10,18,10,7
63340,2,9,18,10,5
63342,2,10,18,9,5
63343,2,16,20,15,10
63344,3,9,14,4,2
63345,3,9,16,5,3
63346,3,9,16,5,3
63347,3,9,16,3,2
63348,3,10,16,6,3
63349,3,10,18,9,6
63350,3,10,16,4,2
63351,3,10,16,4,3
63356,3,10,18,9,5
63357,3,16,20,14,9
63358,3,10,18,7,4
63359,3,16,18,7,5
63424,2,5,16,10,7
63428,2,8,18,14,8
63430,2,10,20,21,12
63431,2,10,22,28,17
63432,2,5,18,12,8
63436,2,8,18,10,6
63438,2,10,20,16,10
63439,2,16,22,23,15
63440,2,9,18,15,11
63441,2,10,20,18,12
63444,2,10,20,21,12
63445,2,10,22,28,17
63448,2,10,20,18,12
63449,2,16,22,24,16
63452,2,10,20,15,9
63453,2,16,22,23,15
63456,2,9,16,8,5
63458,2,10,18,12,6
63459,2,10,20,16,9
63460,2,9,18,12,6
63462,2,10,18,11,6
63463,2,10,20,16,10
63464,2,9,18,10,6
63466,2,10,20,16,9
63467,2,16,22,23,14
63468,2,9,18,9,4
63470,2,10,18,9,5
63471,2,16,20,14,9
63472,3,9,16,7,5
63473,3,10,18,9,6
63474,3,10,18,10,6
63475,3,10,18,7,4
63476,3,10,18,11,6
63477,3,10,20,15,9
63478,3,10,18,9,5
63479,3,10,18,8,5
63480,3,10,18,10,6
63481,3,16,20,14,9
63482,3,10,20,14,8
63483,3,16,20,13,8
63484,3,10,18,8,3
63485,3,16,20,13,7
63486,3,10,18,7,3
63487,3,16,18,7,4
63488,1,2,12,6,5
63616,1,2,14,7,6
63624,1,2,16,8,7
63628,1,5,18,12,9
63630,1,10,20,19,13
63631,1,16,22,26,18
63647,1,16,24,38,22
63662,1,10,22,34,21
63663,1,16,24,42,26
63678,1,10,24,46,26
63679,2,16,24,40,24
63680,1,5,16,14,10
63684,1,5,18,16,11
63686,1,10,20,23,14
63687,1,10,22,29,18
63688,1,5,18,16,11
63692,2,5,18,13,9
63694,2,10,20,19,12
63695,2,16,22,25,16
63703,1,10,24,46,26
63711,2,16,24,40,24
63712,1,9,18,23,15
63714,1,10,20,27,16
63715,1,10,22,32,19
63716,1,9,20,28,16
63718,2,10,20,23,13
63719,2,10,22,28,16
63720,1,9,20,26,16
63722,1,10,22,34,21
63723,1,16,24,42,26
63724,2,9,20,22,13
63726,2,10,20,20,13
63727,2,16,22,25,16
63728,1,9,20,30,20
63729,1,10,22,34,21
63730,1,10,22,38,21
63731,2,10,22,31,17
63732,1,10,22,38,21
63733,1,10,24,46,26
63734,2,10,22,32,17
63735,2,10,22,27,16
63736,1,10,22,34,21
63737,1,16,24,42,26
63738,1,10,24,46,26
63739,2,16,24,40,24
63740,2,10,22,31,17
63741,2,16,24,40,24
63742,2,10,22,27,16
63743,2,16,22,25,17
63744,1,4,14,9,7
63760,1,5,16,11,8
63761,1,5,18,12,9
63763,1,8,20,20,11
63767,1,10,22,29,16
63775,1,16,24,38,22
63792,1,5,18,22,14
63793,1,5,20,24,15
63794,1,8,20,26,15
63795,2,8,20,22,13
63798,1,10,22,37,20
63799,2,10,22,31,18
63806,1,10,24,46,26
63807,2,16,24,40,24
63872,1,5,16,11,8
63880,1,5,18,12,9
63884,1,8,20,20,11
63886,1,10,22,29,16
63887,1,16,24,38,22
63888,1,9,18,16,12
63889,1,10,20,19,13
63891,1,10,22,29,16
63896,1,10,20,19,13
63897,1,16,22,26,18
63899,1,16,24,38,22
63900,1,10,22,29,16
63901,1,16,24,38,22
63920,1,9,20,30,20
63921,1,10,22,34,21
63922,1,10,22,38,21
63923,2,10,22,31,17
63928,1,10,22,34,21
63929,1,16,24,42,26
63930,1,10,24,46,26
63931,2,16,24,40,24
63936,1,5,18,22,14
63940,1,8,20,26,15
63942,1,10,22,37,20
63943,1,10,24,46,26
63944,1,5,20,24,15
63948,2,8,20,22,13
63950,2,10,22,31,18
63951,2,16,24,40,24
63952,1,9,20,30,20
63953,1,10,22,34,21
63956,1,10,22,38,21
63957,1,10,24,46,26
63960,1,10,22,34,21
63961,1,16,24,42,26
63964,2,10,22,31,17
63965,2,16,24,40,24
64000,1,4,14,12,9
64032,1,5,16,16,10
64034,1,5,18,17,11
64035,1,5,20,21,13
64038,1,5,20,25,15
64039,1,10,22,32,19
64046,1,10,22,34,21
64047,1,16,24,42,26
64048,1,5,18,22,14
64049,1,5,20,24,15
64050,1,8,20,26,15
64051,2,8,20,22,13
64054,1,10,22,37,20
64055,2,10,22,31,18
64062,1,10,24,46,26
64063,2,16,24,40,24
64128,1,5,16,15,10
64136,1,5,18,16,11
64140,1,5,20,24,15
64142,1,10,22,34,21
64143,1,16,24,42,26
64160,1,9,18,23,15
64162,1,10,20,27,16
64163,1,10,22,32,19
64168,1,9,20,26,16
64170,1,10,22,34,21
64171,1,16,24,42,26
64176,1,9,20,30,20
64177,1,10,22,34,21
64178,1,10,22,38,21
64179,2,10,22,31,17
64184,1,10,22,34,21
64185,1,16,24,42,26
64186,1,10,24,46,26
64187,2,16,24,40,24
64256,2,4,14,9,7
64272,2,5,16,11,8
64273,2,5,18,12,9
64275,2,8,20,20,13
64279,2,10,22,31,18
64287,2,16,24,40,24
64288,2,5,16,13,8
64290,2,8,18,15,9
64291,2,8,20,20,13
64294,2,8,20,23,12
64295,2,10,22,31,18
64302,2,10,22,31,17
64303,2,16,24,40,24
64304,2,5,16,10,7
64305,2,5,18,11,8
64306,2,8,18,12,8
64307,2,8,18,11,8
64310,2,10,20,20,11
64311,2,10,20,18,12
64318,2,10,22,27,16
64319,2,16,22,25,17
64384,2,5,16,12,8
64392,2,5,18,13,9
64396,2,8,20,22,13
64398,2,10,22,31,17
64399,2,16,24,40,24
64400,2,9,18,16,11
64401,2,10,20,19,12
64403,2,10,22,31,18
64408,2,10,20,19,12
64409,2,16,22,25,16
64411,2,16,24,40,24
64412,2,10,22,31,18
64413,2,16,24,40,24
64416,2,9,18,19,12
64418,2,10,20,25,13
64419,2,10,22,31,18
64424,2,9,20,22,13
64426,2,10,22,31,17
64427,2,16,24,40,24
64432,2,9,18,16,12
64433,2,10,20,19,13
64434,2,10,20,21,13
64435,2,10,20,18,12
64440,2,10,20,20,13
64441,2,16,22,25,16
64442,2,10,22,27,16
64443,2,16,22,25,17
64512,2,4,12,4,3
64576,2,5,14,6,4
64580,2,5,16,7,5
64582,2,5,18,11,6
64583,2,10,20,16,9
64588,2,5,18,12,9
64590,2,10,20,19,12
64591,2,16,22,25,16
64599,2,10,22,31,17
64607,2,16,24,40,24
64608,2,5,16,13,7
64610,2,5,18,15,8
64611,2,9,20,20,11
64612,2,5,18,16,8
64614,2,5,18,12,6
64615,2,10,20,16,8
64620,2,9,20,22,13
64622,2,10,20,18,11
64623,2,16,22,23,14
64624,2,9,18,19,12
64625,2,9,20,22,13
64626,2,9,20,25,13
64627,2,9,20,20,11
64628,2,10,20,25,13
64629,2,10,22,31,17
64630,2,10,20,21,10
64631,2,10,20,17,10
64636,2,10,22,31,18
64637,2,16,24,40,24
64638,2,10,22,27,15
64639,2,16,22,23,15
64640,2,4,14,5,4
64648,2,4,16,6,5
64652,2,5,18,12,9
64654,2,10,20,19,12
64655,2,16,22,25,16
64671,2,16,24,40,24
64704,2,5,14,5,4
64708,2,5,16,6,5
64710,2,10,18,11,7
64711,2,10,20,15,10
64712,2,5,16,6,5
64716,2,5,16,6,5
64718,2,10,18,11,8
64719,2,16,20,15,11
64727,2,10,22,27,16
64735,2,16,22,25,17
64736,2,9,16,10,7
64738,2,10,18,13,8
64739,2,10,20,17,11
64740,2,9,18,13,8
64742,2,10,18,10,5
64743,2,10,20,13,7
64744,2,9,18,12,8
64746,2,10,20,18,12
64747,2,16,22,24,16
64748,2,9,18,11,8
64750,2,10,18,10,7
64751,2,16,20,13,9
64752,2,9,18,16,12
64753,2,10,20,20,13
64754,2,10,20,22,13
64755,2,10,20,17,10
64756,2,10,20,21,13
64757,2,10,22,27,16
64758,2,10,20,18,9
64759,2,10,20,14,8
64760,2,10,20,19,13
64761,2,16,22,25,16
64762,2,10,22,28,17
64763,2,16,22,23,15
64764,2,10,20,18,12
64765,2,16,22,25,17
64766,2,10,20,16,10
64767,2,16,20,14,10
64768,2,4,14,9,7
64784,2,5,16,12,8
64785,2,5,18,13,9
64787,2,8,20,22,13
64791,2,10,22,31,17
64799,2,16,24,40,24
64832,2,5,16,13,8
64836,2,8,18,15,9
64838,2,8,20,23,12
64839,2,10,22,31,17
64844,2,8,20,20,13
64846,2,10,22,31,18
64847,2,16,24,40,24
64848,2,9,18,19,12
64849,2,9,20,22,13
64852,2,10,20,25,13
64853,2,10,22,31,17
64860,2,10,22,31,18
64861,2,16,24,40,24
64896,2,5,16,11,8
64904,2,5,18,12,9
64908,2,8,20,20,13
64910,2,10,22,31,18
64911,2,16,24,40,24
64912,2,9,18,16,11
64913,2,10,20,19,12
64915,2,10,22,31,18
64920,2,10,20,19,12
64921,2,16,22,25,16
64923,2,16,24,40,24
64924,2,10,22,31,18
64925,2,16,24,40,24
64960,2,5,16,10,7
64964,2,8,18,12,8
64966,2,10,20,20,11
64967,2,10,22,27,16
64968,2,5,18,11,8
64972,2,8,18,11,8
64974,2,10,20,18,12
64975,2,16,22,25,17
64976,2,9,18,16,12
64977,2,10,20,20,13
64980,2,10,20,21,13
64981,2,10,22,27,16
64984,2,10,20,19,13
64985,2,16,22,25,16
64988,2,10,20,18,12
64989,2,16,22,25,17
65024,2,4,12,3,3
65056,2,5,14,6,4
65058,2,5,16,7,5
65059,2,5,18,10,6
65062,2,5,18,12,8
65063,2,10,20,17,10
65070,2,10,20,19,13
65071,2,16,22,25,16
65072,2,5,16,10,7
65073,2,5,18,12,8
65074,2,8,18,14,8
65075,2,8,18,10,6
65078,2,10,20,21,12
65079,2,10,20,16,10
65086,2,10,22,28,17
65087,2,16,22,23,15
65088,2,5,14,6,4
65092,2,5,16,7,5
65094,2,5,18,12,8
65095,2,10,20,17,10
65100,2,5,18,11,8
65102,2,10,20,19,13
65103,2,16,22,25,16
65120,2,5,14,5,2
65122,2,5,16,6,3
65123,2,9,18,10,5
65124,2,5,16,6,3
65126,2,5,16,5,3
65127,2,10,18,9,5
65132,2,9,18,10,6
65134,2,10,18,10,7
65135,2,16,20,15,10
65136,2,9,16,8,5
65137,2,9,18,10,6
65138,2,9,18,12,6
65139,2,9,18,9,4
65140,2,10,18,12,6
65141,2,10,20,16,9
65142,2,10,18,11,6
65143,2,10,18,9,5
65148,2,10,20,16,9
65149,2,16,22,23,14
65150,2,10,20,16,10
65151,2,16,20,14,9
65152,2,5,14,5,4
65160,2,5,16,6,5
65164,2,5,18,11,8
65166,2,10,20,19,13
65167,2,16,22,25,16
65184,2,9,16,10,7
65186,2,10,18,13,8
65187,2,10,20,17,10
65192,2,9,18,12,8
65194,2,10,20,19,13
65195,2,16,22,25,16
65200,2,9,18,15,11
65201,2,10,20,18,12
65202,2,10,20,21,12
65203,2,10,20,15,9
65208,2,10,20,18,12
65209,2,16,22,24,16
65210,2,10,22,28,17
65211,2,16,22,23,15
65216,2,5,14,4,2
65220,2,5,16,5,3
65222,2,10,18,10,6
65223,2,10,20,14,8
65224,2,5,16,5,3
65228,2,5,16,4,3
65230,2,10,18,9,7
65231,2,16,20,13,9
65248,3,9,14,4,2
65250,3,10,16,6,3
65251,3,10,18,9,5
65252,3,9,16,5,3
65254,3,10,16,4,2
65255,3,10,18,7,4
65256,3,9,16,5,3
65258,3,10,18,9,6
65259,3,16,20,14,9
65260,3,9,16,3,2
65262,3,10,16,4,3
65263,3,16,18,7,5
65264,3,9,16,7,5
65265,3,10,18,10,6
65266,3,10,18,11,6
65267,3,10,18,8,3
65268,3,10,18,10,6
65269,3,10,20,14,8
65270,3,10,18,9,5
65271,3,10,18,7,3
65272,3,10,18,9,6
65273,3,16,20,14,9
65274,3,10,20,15,9
65275,3,16,20,13,7
65276,3,10,18,7,4
65277,3,16,20,13,8
65278,3,10,18,8,5
65279,3,16,18,7,4
65280,2,4,12,3,3
65296,2,5,14,5,4
65297,2,5,16,6,5
65299,2,8,18,11,8
65303,2,10,20,18,12
65311,2,16,22,25,17
65312,2,5,14,5,4
65314,2,8,16,7,5
65315,2,8,18,11,8
65318,2,8,18,12,8
65319,2,10,20,18,12
65326,2,10,20,18,12
65327,2,16,22,25,17
65328,2,5,14,3,2
65329,2,5,16,4,3
65330,2,8,16,5,3
65331,2,8,16,4,3
65334,2,10,18,10,6
65335,2,10,18,8,6
65342,2,10,20,16,10
65343,2,16,20,14,10
65344,2,5,14,5,4
65348,2,8,16,7,5
65350,2,8,18,12,8
65351,2,10,20,18,12
65356,2,8,18,11,8
65358,2,10,20,18,12
65359,2,16,22,25,17
65360,2,9,16,9,7
65361,2,9,18,11,8
65364,2,10,18,13,8
65365,2,10,20,18,12
65372,2,10,20,18,12
65373,2,16,22,25,17
65376,2,5,14,3,1
65378,2,8,16,5,2
65379,2,9,18,9,5
65380,2,8,16,5,2
65382,2,8,16,5,2
65383,2,10,18,9,5
65388,2,9,18,9,5
65390,2,10,18,9,5
65391,2,16,20,14,9
65392,3,9,14,2,1
65393,3,9,16,3,2
65394,3,9,16,4,2
65395,3,9,16,2,1
65396,3,10,16,5,2
65397,3,10,18,7,4
65398,3,10,16,4,1
65399,3,10,16,3,1
65404,3,10,18,9,5
65405,3,16,20,13,8
65406,3,10,18,8,4
65407,3,16,18,7,4
65408,2,5,14,5,4
65416,2,5,16,6,5
65420,2,8,18,11,8
65422,2,10,20,18,12
65423,2,16,22,25,17
65424,2,9,16,9,7
65425,2,10,18,11,8
65427,2,10,20,18,12
65432,2,10,18,11,8
65433,2,16,20,15,11
65435,2,16,22,25,17
65436,2,10,20,18,12
65437,2,16,22,25,17
65440,2,9,16,9,7
65442,2,10,18,13,8
65443,2,10,20,18,12
65448,2,9,18,11,8
65450,2,10,20,18,12
65451,2,16,22,25,17
65456,2,9,16,7,6
65457,2,10,18,9,7
65458,2,10,18,11,7
65459,2,10,18,8,6
65464,2,10,18,10,7
65465,2,16,20,13,9
65466,2,10,20,16,10
65467,2,16,20,14,10
65472,2,5,14,3,2
65476,2,8,16,5,3
65478,2,10,18,10,6
65479,2,10,20,16,10
65480,2,5,16,4,3
65484,2,8,16,4,3
65486,2,10,18,8,6
65487,2,16,20,14,10
65488,2,9,16,7,6
65489,2,10,18,10,7
65492,2,10,18,11,7
65493,2,10,20,16,10
65496,2,10,18,9,7
65497,2,16,20,13,9
65500,2,10,18,8,6
65501,2,16,20,14,10
65504,3,9,14,2,1
65506,3,10,16,5,2
65507,3,10,18,9,5
65508,3,9,16,4,2
65510,3,10,16,4,1
65511,3,10,18,8,4
65512,3,9,16,3,2
65514,3,10,18,7,4
65515,3,16,20,13,8
65516,3,9,16,2,1
65518,3,10,16,3,1
65519,3,16,18,7,4
65520,3,9,14,2,2
65521,3,10,16,4,3
65522,3,10,16,5,3
65523,3,10,16,3,1
65524,3,10,16,5,3
65525,3,10,18,8,5
65526,3,10,16,5,2
65527,3,10,16,4,1
65528,3,10,16,4,3
65529,3,16,18,7,5
65530,3,10,18,8,5
65531,3,16,18,7,4
65532,3,10,16,3,1
65533,3,16,18,7,4
65534,3,10,16,4,1
65535,4,16,16,4,1
