mask,s,max_side_squared,block_x,block_y,x0,y0,x1,y1,x2,y2,x3,y3
1,1,1,0,0,0,0,0,1,1,0,1,1
2,1,1,1,0,1,0,1,1,2,0,2,1
3,1,1,0,0,1,0,1,1,2,0,2,1
4,1,1,2,0,2,0,2,1,3,0,3,1
6,1,1,1,0,2,0,2,1,3,0,3,1
7,1,1,0,0,2,0,2,1,3,0,3,1
8,1,1,3,0,3,0,3,1,4,0,4,1
12,1,1,2,0,3,0,3,1,4,0,4,1
14,1,1,1,0,3,0,3,1,4,0,4,1
15,1,1,0,0,3,0,3,1,4,0,4,1
16,1,1,0,1,0,1,0,2,1,1,1,2
17,1,1,0,0,0,1,0,2,1,1,1,2
19,1,2,0,0,0,1,1,0,1,2,2,1
23,1,2,0,0,0,1,1,0,1,2,2,1
31,1,2,0,0,0,1,1,0,1,2,2,1
32,1,1,1,1,1,1,1,2,2,1,2,2
34,1,1,1,0,1,1,1,2,2,1,2,2
35,1,2,0,0,0,1,1,0,1,2,2,1
38,1,2,1,0,1,1,2,0,2,2,3,1
39,1,2,0,0,1,1,2,0,2,2,3,1
46,1,2,1,0,1,1,2,0,2,2,3,1
47,1,2,0,0,1,1,2,0,2,2,3,1
48,1,1,0,1,1,1,1,2,2,1,2,2
49,1,2,0,0,0,1,1,0,1,2,2,1
50,1,2,0,1,0,1,1,0,1,2,2,1
51,2,4,0,0,0,0,0,2,2,0,2,2
54,1,2,0,1,1,1,2,0,2,2,3,1
55,2,4,0,0,0,0,0,2,2,0,2,2
62,1,2,0,1,1,1,2,0,2,2,3,1
63,2,4,0,0,0,0,0,2,2,0,2,2
64,1,1,2,1,2,1,2,2,3,1,3,2
68,1,1,2,0,2,1,2,2,3,1,3,2
70,1,2,1,0,1,1,2,0,2,2,3,1
71,1,2,0,0,1,1,2,0,2,2,3,1
76,1,2,2,0,2,1,3,0,3,2,4,1
78,1,2,1,0,2,1,3,0,3,2,4,1
79,1,2,0,0,2,1,3,0,3,2,4,1
87,1,4,0,0,1,0,1,2,3,0,3,2
95,1,4,0,0,1,0,1,2,3,0,3,2
96,1,1,1,1,2,1,2,2,3,1,3,2
98,1,2,1,0,1,1,2,0,2,2,3,1
99,1,2,0,0,1,1,2,0,2,2,3,1
100,1,2,1,1,1,1,2,0,2,2,3,1
102,2,4,1,0,1,0,1,2,3,0,3,2
103,2,4,1,0,1,0,1,2,3,0,3,2
108,1,2,1,1,2,1,3,0,3,2,4,1
110,2,4,1,0,1,0,1,2,3,0,3,2
111,2,4,1,0,1,0,1,2,3,0,3,2
112,1,1,0,1,2,1,2,2,3,1,3,2
113,1,2,0,0,0,1,1,0,1,2,2,1
114,1,2,0,1,1,1,2,0,2,2,3,1
115,2,4,0,0,0,0,0,2,2,0,2,2
116,1,2,0,1,1,1,2,0,2,2,3,1
117,1,4,0,0,1,0,1,2,3,0,3,2
118,2,4,1,0,1,0,1,2,3,0,3,2
119,2,4,0,0,1,0,1,2,3,0,3,2
124,1,2,0,1,2,1,3,0,3,2,4,1
125,1,4,0,0,1,0,1,2,3,0,3,2
126,2,4,1,0,1,0,1,2,3,0,3,2
127,2,4,0,0,1,0,1,2,3,0,3,2
128,1,1,3,1,3,1,3,2,4,1,4,2
136,1,1,3,0,3,1,3,2,4,1,4,2
140,1,2,2,0,2,1,3,0,3,2,4,1
142,1,2,1,0,2,1,3,0,3,2,4,1
143,1,2,0,0,2,1,3,0,3,2,4,1
159,1,4,0,0,1,0,1,2,3,0,3,2
174,1,4,1,0,2,0,2,2,4,0,4,2
175,1,4,0,0,2,0,2,2,4,0,4,2
190,1,4,0,1,2,0,2,2,4,0,4,2
191,2,4,0,0,2,0,2,2,4,0,4,2
192,1,1,2,1,3,1,3,2,4,1,4,2
196,1,2,2,0,2,1,3,0,3,2,4,1
198,1,2,1,0,2,1,3,0,3,2,4,1
199,1,2,0,0,2,1,3,0,3,2,4,1
200,1,2,2,1,2,1,3,0,3,2,4,1
204,2,4,2,0,2,0,2,2,4,0,4,2
206,2,4,2,0,2,0,2,2,4,0,4,2
207,2,4,2,0,2,0,2,2,4,0,4,2
215,1,4,0,0,1,0,1,2,3,0,3,2
223,2,4,2,0,2,0,2,2,4,0,4,2
224,1,1,1,1,3,1,3,2,4,1,4,2
226,1,2,1,0,1,1,2,0,2,2,3,1
227,1,2,0,0,1,1,2,0,2,2,3,1
228,1,2,1,1,2,1,3,0,3,2,4,1
230,2,4,1,0,1,0,1,2,3,0,3,2
231,2,4,1,0,1,0,1,2,3,0,3,2
232,1,2,1,1,2,1,3,0,3,2,4,1
234,1,4,1,0,2,0,2,2,4,0,4,2
235,1,4,0,0,2,0,2,2,4,0,4,2
236,2,4,2,0,2,0,2,2,4,0,4,2
238,2,4,1,0,2,0,2,2,4,0,4,2
239,2,4,1,0,2,0,2,2,4,0,4,2
240,1,1,0,1,3,1,3,2,4,1,4,2
241,1,2,0,0,0,1,1,0,1,2,2,1
242,1,2,0,1,1,1,2,0,2,2,3,1
243,2,4,0,0,0,0,0,2,2,0,2,2
244,1,2,0,1,2,1,3,0,3,2,4,1
245,1,4,0,0,1,0,1,2,3,0,3,2
246,2,4,1,0,1,0,1,2,3,0,3,2
247,2,4,0,0,1,0,1,2,3,0,3,2
248,1,2,0,1,2,1,3,0,3,2,4,1
249,1,4,0,0,1,0,1,2,3,0,3,2
250,1,4,0,1,2,0,2,2,4,0,4,2
251,2,4,0,0,2,0,2,2,4,0,4,2
252,2,4,2,0,2,0,2,2,4,0,4,2
253,2,4,2,0,2,0,2,2,4,0,4,2
254,2,4,1,0,2,0,2,2,4,0,4,2
255,2,4,0,0,2,0,2,2,4,0,4,2
256,1,1,0,2,0,2,0,3,1,2,1,3
272,1,1,0,1,0,2,0,3,1,2,1,3
273,1,1,0,0,0,2,0,3,1,2,1,3
275,1,2,0,0,0,1,1,0,1,2,2,1
279,1,2,0,0,0,1,1,0,1,2,2,1
287,1,2,0,0,0,1,1,0,1,2,2,1
304,1,2,0,1,0,2,1,1,1,3,2,2
305,1,2,0,0,0,2,1,1,1,3,2,2
306,1,2,0,1,0,2,1,1,1,3,2,2
307,2,4,0,0,0,0,0,2,2,0,2,2
310,1,2,0,1,1,1,2,0,2,2,3,1
311,2,4,0,0,0,0,0,2,2,0,2,2
318,1,2,0,1,1,1,2,0,2,2,3,1
319,2,4,0,0,0,0,0,2,2,0,2,2
343,1,5,0,0,0,1,1,3,2,0,3,2
351,1,5,0,0,0,1,1,3,2,0,3,2
368,1,2,0,1,0,2,1,1,1,3,2,2
369,1,2,0,0,0,2,1,1,1,3,2,2
370,1,5,0,1,0,1,1,3,2,0,3,2
371,2,5,0,0,0,1,1,3,2,0,3,2
372,1,5,0,1,0,1,1,3,2,0,3,2
373,1,5,0,0,0,1,1,3,2,0,3,2
374,2,5,1,0,0,1,1,3,2,0,3,2
375,2,5,0,0,0,1,1,3,2,0,3,2
380,1,5,0,1,0,1,1,3,2,0,3,2
381,1,5,0,0,0,1,1,3,2,0,3,2
382,2,5,1,0,0,1,1,3,2,0,3,2
383,2,5,0,0,0,1,1,3,2,0,3,2
415,1,5,0,0,0,1,1,3,2,0,3,2
446,1,5,0,1,0,1,1,3,2,0,3,2
447,2,5,0,0,0,1,1,3,2,0,3,2
471,1,5,0,0,0,1,1,3,2,0,3,2
479,2,5,2,0,0,1,1,3,2,0,3,2
496,1,2,0,1,0,2,1,1,1,3,2,2
497,1,2,0,0,0,2,1,1,1,3,2,2
498,1,5,0,1,0,1,1,3,2,0,3,2
499,2,5,0,0,0,1,1,3,2,0,3,2
500,1,5,0,1,0,1,1,3,2,0,3,2
501,1,5,0,0,0,1,1,3,2,0,3,2
502,2,5,1,0,0,1,1,3,2,0,3,2
503,2,5,0,0,0,1,1,3,2,0,3,2
504,1,2,0,1,2,1,3,0,3,2,4,1
505,1,4,0,0,1,0,1,2,3,0,3,2
506,1,5,0,1,0,1,1,3,2,0,3,2
507,2,5,0,0,0,1,1,3,2,0,3,2
508,2,5,2,0,0,1,1,3,2,0,3,2
509,2,5,2,0,0,1,1,3,2,0,3,2
510,2,5,1,0,0,1,1,3,2,0,3,2
511,2,5,0,0,0,1,1,3,2,0,3,2
512,1,1,1,2,1,2,1,3,2,2,2,3
544,1,1,1,1,1,2,1,3,2,2,2,3
546,1,1,1,0,1,2,1,3,2,2,2,3
547,1,2,0,0,0,1,1,0,1,2,2,1
550,1,2,1,0,1,1,2,0,2,2,3,1
551,1,2,0,0,1,1,2,0,2,2,3,1
558,1,2,1,0,1,1,2,0,2,2,3,1
559,1,2,0,0,1,1,2,0,2,2,3,1
560,1,2,0,1,0,2,1,1,1,3,2,2
561,1,2,0,0,0,2,1,1,1,3,2,2
562,1,2,0,1,0,2,1,1,1,3,2,2
563,2,4,0,0,0,0,0,2,2,0,2,2
566,1,5,0,1,0,2,1,0,2,3,3,1
567,2,5,0,0,0,2,1,0,2,3,3,1
574,1,5,0,1,0,2,1,0,2,3,3,1
575,2,5,0,0,0,2,1,0,2,3,3,1
608,1,2,1,1,1,2,2,1,2,3,3,2
610,1,2,1,0,1,2,2,1,2,3,3,2
611,1,5,0,0,0,1,1,3,2,0,3,2
612,1,2,1,1,1,2,2,1,2,3,3,2
614,2,4,1,0,1,0,1,2,3,0,3,2
615,2,5,1,0,0,1,1,3,2,0,3,2
620,1,2,1,1,2,1,3,0,3,2,4,1
622,2,4,1,0,1,0,1,2,3,0,3,2
623,2,5,1,0,0,1,1,3,2,0,3,2
624,1,2,0,1,1,2,2,1,2,3,3,2
625,1,5,0,0,0,2,1,0,2,3,3,1
626,1,5,0,1,0,2,1,0,2,3,3,1
627,2,5,0,0,0,2,1,0,2,3,3,1
628,1,5,0,1,0,1,1,3,2,0,3,2
629,1,5,0,0,0,2,1,0,2,3,3,1
630,2,5,1,0,0,2,1,0,2,3,3,1
631,2,5,0,0,0,2,1,0,2,3,3,1
636,1,5,0,1,0,1,1,3,2,0,3,2
637,1,5,0,0,0,2,1,0,2,3,3,1
638,2,5,1,0,0,2,1,0,2,3,3,1
639,2,5,0,0,0,2,1,0,2,3,3,1
686,1,5,1,0,1,1,2,3,3,0,4,2
687,1,5,0,0,1,1,2,3,3,0,4,2
702,1,5,0,1,1,1,2,3,3,0,4,2
703,2,5,0,0,0,2,1,0,2,3,3,1
736,1,2,1,1,1,2,2,1,2,3,3,2
738,1,2,1,0,1,2,2,1,2,3,3,2
739,1,5,0,0,0,1,1,3,2,0,3,2
740,1,5,1,1,1,1,2,3,3,0,4,2
742,2,5,1,0,1,1,2,3,3,0,4,2
743,2,5,1,0,1,1,2,3,3,0,4,2
744,1,5,1,1,1,1,2,3,3,0,4,2
746,1,5,1,0,1,1,2,3,3,0,4,2
747,1,5,0,0,1,1,2,3,3,0,4,2
748,2,5,2,0,1,1,2,3,3,0,4,2
750,2,5,1,0,1,1,2,3,3,0,4,2
751,2,5,1,0,1,1,2,3,3,0,4,2
752,1,2,0,1,1,2,2,1,2,3,3,2
753,1,5,0,0,0,2,1,0,2,3,3,1
754,1,5,0,1,0,2,1,0,2,3,3,1
755,2,5,0,0,0,2,1,0,2,3,3,1
756,1,5,0,1,1,1,2,3,3,0,4,2
757,1,5,0,0,1,1,2,3,3,0,4,2
758,2,5,1,0,1,1,2,3,3,0,4,2
759,2,5,0,0,0,2,1,0,2,3,3,1
760,1,5,0,1,1,1,2,3,3,0,4,2
761,1,5,0,0,1,1,2,3,3,0,4,2
762,1,5,0,1,1,1,2,3,3,0,4,2
763,2,5,0,0,0,2,1,0,2,3,3,1
764,2,5,2,0,1,1,2,3,3,0,4,2
765,2,5,2,0,1,1,2,3,3,0,4,2
766,2,5,1,0,1,1,2,3,3,0,4,2
767,2,5,0,0,0,1,1,3,2,0,3,2
768,1,1,0,2,1,2,1,3,2,2,2,3
784,1,2,0,1,0,2,1,1,1,3,2,2
785,1,2,0,0,0,2,1,1,1,3,2,2
787,1,4,0,0,0,1,0,3,2,1,2,3
791,1,5,0,0,0,2,1,0,2,3,3,1
799,1,5,0,0,0,2,1,0,2,3,3,1
800,1,2,0,2,0,2,1,1,1,3,2,2
802,1,2,0,2,0,2,1,1,1,3,2,2
803,1,4,0,0,0,1,0,3,2,1,2,3
806,1,5,0,2,0,2,1,0,2,3,3,1
807,1,5,0,0,0,2,1,0,2,3,3,1
814,1,5,0,2,0,2,1,0,2,3,3,1
815,1,5,0,0,0,2,1,0,2,3,3,1
816,2,4,0,1,0,1,0,3,2,1,2,3
817,2,4,0,1,0,1,0,3,2,1,2,3
818,2,4,0,1,0,1,0,3,2,1,2,3
819,2,4,0,0,0,1,0,3,2,1,2,3
822,2,5,0,1,0,2,1,0,2,3,3,1
823,2,5,0,0,0,2,1,0,2,3,3,1
830,2,5,0,1,0,2,1,0,2,3,3,1
831,2,5,0,0,0,2,1,0,2,3,3,1
864,1,2,0,2,1,2,2,1,2,3,3,2
866,1,5,0,2,0,2,1,0,2,3,3,1
867,1,5,0,0,0,2,1,0,2,3,3,1
868,1,2,0,2,1,2,2,1,2,3,3,2
870,2,5,1,0,0,2,1,0,2,3,3,1
871,2,5,1,0,0,2,1,0,2,3,3,1
876,1,2,0,2,2,1,3,0,3,2,4,1
878,2,5,1,0,0,2,1,0,2,3,3,1
879,2,5,1,0,0,2,1,0,2,3,3,1
880,2,4,0,1,0,1,0,3,2,1,2,3
881,2,5,0,1,0,2,1,0,2,3,3,1
882,2,5,0,1,0,2,1,0,2,3,3,1
883,2,5,0,0,0,2,1,0,2,3,3,1
884,2,5,0,1,0,1,1,3,2,0,3,2
885,2,5,0,1,0,2,1,0,2,3,3,1
886,2,5,0,1,0,2,1,0,2,3,3,1
887,2,5,0,0,0,2,1,0,2,3,3,1
892,2,5,0,1,0,1,1,3,2,0,3,2
893,2,5,0,1,0,2,1,0,2,3,3,1
894,2,5,0,1,0,2,1,0,2,3,3,1
895,2,5,0,0,0,2,1,0,2,3,3,1
927,1,5,0,0,1,1,2,3,3,0,4,2
942,1,5,0,2,1,1,2,3,3,0,4,2
943,1,5,0,0,1,1,2,3,3,0,4,2
958,2,5,0,1,1,1,2,3,3,0,4,2
959,2,5,0,0,0,2,1,0,2,3,3,1
992,1,2,0,2,1,2,2,1,2,3,3,2
994,1,5,0,2,0,2,1,0,2,3,3,1
995,1,5,0,0,0,2,1,0,2,3,3,1
996,1,5,0,2,1,1,2,3,3,0,4,2
998,2,5,1,0,1,1,2,3,3,0,4,2
999,2,5,1,0,1,1,2,3,3,0,4,2
1000,1,5,0,2,1,1,2,3,3,0,4,2
1002,1,5,0,2,1,1,2,3,3,0,4,2
1003,1,5,0,0,1,1,2,3,3,0,4,2
1004,2,5,2,0,1,1,2,3,3,0,4,2
1006,2,5,1,0,1,1,2,3,3,0,4,2
1007,2,5,1,0,1,1,2,3,3,0,4,2
1008,2,4,0,1,0,1,0,3,2,1,2,3
1009,2,5,0,1,0,2,1,0,2,3,3,1
1010,2,5,0,1,0,2,1,0,2,3,3,1
1011,2,5,0,0,0,2,1,0,2,3,3,1
1012,2,5,0,1,1,1,2,3,3,0,4,2
1013,2,5,0,1,1,1,2,3,3,0,4,2
1014,2,5,0,1,1,1,2,3,3,0,4,2
1015,2,5,0,0,0,2,1,0,2,3,3,1
1016,2,5,0,1,1,1,2,3,3,0,4,2
1017,2,5,0,1,1,1,2,3,3,0,4,2
1018,2,5,0,1,1,1,2,3,3,0,4,2
1019,2,5,0,0,0,2,1,0,2,3,3,1
1020,2,5,0,1,1,1,2,3,3,0,4,2
1021,2,5,0,1,1,1,2,3,3,0,4,2
1022,2,5,0,1,1,1,2,3,3,0,4,2
1023,2,5,0,0,0,1,1,3,2,0,3,2
1024,1,1,2,2,2,2,2,3,3,2,3,3
1088,1,1,2,1,2,2,2,3,3,2,3,3
1092,1,1,2,0,2,2,2,3,3,2,3,3
1094,1,2,1,0,1,1,2,0,2,2,3,1
1095,1,2,0,0,1,1,2,0,2,2,3,1
1100,1,2,2,0,2,1,3,0,3,2,4,1
1102,1,2,1,0,2,1,3,0,3,2,4,1
1103,1,2,0,0,2,1,3,0,3,2,4,1
1111,1,5,0,0,0,2,1,0,2,3,3,1
1119,1,5,0,0,1,2,2,0,3,3,4,1
1120,1,2,1,1,1,2,2,1,2,3,3,2
1122,1,2,1,0,1,2,2,1,2,3,3,2
1123,1,2,0,0,1,2,2,1,2,3,3,2
1124,1,2,1,1,1,2,2,1,2,3,3,2
1126,2,4,1,0,1,0,1,2,3,0,3,2
1127,2,4,1,0,1,0,1,2,3,0,3,2
1132,1,5,1,1,1,2,2,0,3,3,4,1
1134,2,5,1,0,1,2,2,0,3,3,4,1
1135,2,5,1,0,1,2,2,0,3,3,4,1
1136,1,2,0,1,1,2,2,1,2,3,3,2
1137,1,5,0,0,0,2,1,0,2,3,3,1
1138,1,5,0,1,0,2,1,0,2,3,3,1
1139,2,5,0,0,0,2,1,0,2,3,3,1
1140,1,2,0,1,1,2,2,1,2,3,3,2
1141,1,5,0,0,0,2,1,0,2,3,3,1
1142,2,5,1,0,0,2,1,0,2,3,3,1
1143,2,5,0,0,0,2,1,0,2,3,3,1
1148,1,5,0,1,1,2,2,0,3,3,4,1
1149,1,5,0,0,1,2,2,0,3,3,4,1
1150,2,5,1,0,1,2,2,0,3,3,4,1
1151,2,5,0,0,1,2,2,0,3,3,4,1
1216,1,2,2,1,2,2,3,1,3,3,4,2
1220,1,2,2,0,2,2,3,1,3,3,4,2
1222,1,5,1,0,1,1,2,3,3,0,4,2
1223,1,5,0,0,1,1,2,3,3,0,4,2
1224,1,2,2,1,2,2,3,1,3,3,4,2
1228,2,4,2,0,2,0,2,2,4,0,4,2
1230,2,5,2,0,1,1,2,3,3,0,4,2
1231,2,5,2,0,1,1,2,3,3,0,4,2
1239,1,5,0,0,1,2,2,0,3,3,4,1
1247,2,5,2,0,1,2,2,0,3,3,4,1
1248,1,2,1,1,2,2,3,1,3,3,4,2
1250,1,5,1,0,1,2,2,0,3,3,4,1
1251,1,5,0,0,1,2,2,0,3,3,4,1
1252,1,5,1,1,1,2,2,0,3,3,4,1
1254,2,5,1,0,1,2,2,0,3,3,4,1
1255,2,5,1,0,1,2,2,0,3,3,4,1
1256,1,5,1,1,1,1,2,3,3,0,4,2
1258,1,5,1,0,1,2,2,0,3,3,4,1
1259,1,5,0,0,1,2,2,0,3,3,4,1
1260,2,5,2,0,1,2,2,0,3,3,4,1
1262,2,5,1,0,1,2,2,0,3,3,4,1
1263,2,5,1,0,1,2,2,0,3,3,4,1
1264,1,2,0,1,2,2,3,1,3,3,4,2
1265,1,5,0,0,0,2,1,0,2,3,3,1
1266,1,5,0,1,1,2,2,0,3,3,4,1
1267,2,5,0,0,1,2,2,0,3,3,4,1
1268,1,5,0,1,1,2,2,0,3,3,4,1
1269,1,5,0,0,1,2,2,0,3,3,4,1
1270,2,5,1,0,1,2,2,0,3,3,4,1
1271,2,5,0,0,1,2,2,0,3,3,4,1
1272,1,5,0,1,1,1,2,3,3,0,4,2
1273,1,5,0,0,1,1,2,3,3,0,4,2
1274,1,5,0,1,1,2,2,0,3,3,4,1
1275,2,5,0,0,1,2,2,0,3,3,4,1
1276,2,5,2,0,1,2,2,0,3,3,4,1
1277,2,5,2,0,1,2,2,0,3,3,4,1
1278,2,5,1,0,1,2,2,0,3,3,4,1
1279,2,5,0,0,1,2,2,0,3,3,4,1
1367,1,9,0,0,0,0,0,3,3,0,3,3
1375,1,9,0,0,0,0,0,3,3,0,3,3
1392,1,4,0,1,1,1,1,3,3,1,3,3
1393,1,5,0,0,0,2,1,0,2,3,3,1
1394,1,5,0,1,0,2,1,0,2,3,3,1
1395,2,5,0,0,0,2,1,0,2,3,3,1
1396,1,5,0,1,0,1,1,3,2,0,3,2
1397,1,9,0,0,0,0,0,3,3,0,3,3
1398,2,5,1,0,0,2,1,0,2,3,3,1
1399,2,9,0,0,0,0,0,3,3,0,3,3
1404,1,5,0,1,1,2,2,0,3,3,4,1
1405,1,9,0,0,0,0,0,3,3,0,3,3
1406,2,5,1,0,1,2,2,0,3,3,4,1
1407,2,9,0,0,0,0,0,3,3,0,3,3
1495,1,9,0,0,0,0,0,3,3,0,3,3
1503,2,9,2,0,0,0,0,3,3,0,3,3
1520,1,4,0,1,1,1,1,3,3,1,3,3
1521,1,5,0,0,0,2,1,0,2,3,3,1
1522,1,5,0,1,1,2,2,0,3,3,4,1
1523,2,5,0,0,1,2,2,0,3,3,4,1
1524,1,5,0,1,1,2,2,0,3,3,4,1
1525,1,9,0,0,0,0,0,3,3,0,3,3
1526,2,5,1,0,1,2,2,0,3,3,4,1
1527,2,9,0,0,0,0,0,3,3,0,3,3
1528,1,5,0,1,1,1,2,3,3,0,4,2
1529,1,9,0,0,0,0,0,3,3,0,3,3
1530,1,5,0,1,1,2,2,0,3,3,4,1
1531,2,9,0,0,0,0,0,3,3,0,3,3
1532,2,5,2,0,1,2,2,0,3,3,4,1
1533,2,9,2,0,0,0,0,3,3,0,3,3
1534,2,5,1,0,1,2,2,0,3,3,4,1
1535,2,9,0,0,0,0,0,3,3,0,3,3
1536,1,1,1,2,2,2,2,3,3,2,3,3
1568,1,2,1,1,1,2,2,1,2,3,3,2
1570,1,2,1,0,1,2,2,1,2,3,3,2
1571,1,5,0,0,0,1,1,3,2,0,3,2
1574,1,4,1,0,1,1,1,3,3,1,3,3
1575,1,5,0,0,0,1,1,3,2,0,3,2
1582,1,5,1,0,1,2,2,0,3,3,4,1
1583,1,5,0,0,1,2,2,0,3,3,4,1
1584,1,2,0,1,1,2,2,1,2,3,3,2
1585,1,2,0,0,1,2,2,1,2,3,3,2
1586,1,5,0,1,0,1,1,3,2,0,3,2
1587,2,5,0,0,0,1,1,3,2,0,3,2
1590,1,5,0,1,0,2,1,0,2,3,3,1
1591,2,5,0,0,0,2,1,0,2,3,3,1
1598,1,5,0,1,1,2,2,0,3,3,4,1
1599,2,5,0,0,1,2,2,0,3,3,4,1
1600,1,2,1,2,1,2,2,1,2,3,3,2
1604,1,2,1,2,1,2,2,1,2,3,3,2
1606,1,4,1,0,1,1,1,3,3,1,3,3
1607,1,5,0,0,0,1,1,3,2,0,3,2
1612,1,5,1,2,1,2,2,0,3,3,4,1
1614,1,5,1,0,1,2,2,0,3,3,4,1
1615,1,5,0,0,1,2,2,0,3,3,4,1
1632,2,4,1,1,1,1,1,3,3,1,3,3
1634,2,4,1,1,1,1,1,3,3,1,3,3
1635,2,5,1,1,0,1,1,3,2,0,3,2
1636,2,4,1,1,1,1,1,3,3,1,3,3
1638,2,4,1,0,1,1,1,3,3,1,3,3
1639,2,5,1,0,0,1,1,3,2,0,3,2
1644,2,5,1,1,1,2,2,0,3,3,4,1
1646,2,5,1,0,1,2,2,0,3,3,4,1
1647,2,5,1,0,1,2,2,0,3,3,4,1
1648,2,4,1,1,1,1,1,3,3,1,3,3
1649,2,5,1,1,0,2,1,0,2,3,3,1
1650,2,5,1,1,0,2,1,0,2,3,3,1
1651,2,5,0,0,0,2,1,0,2,3,3,1
1652,2,5,1,1,0,1,1,3,2,0,3,2
1653,2,5,1,1,0,2,1,0,2,3,3,1
1654,2,5,1,0,0,2,1,0,2,3,3,1
1655,2,5,0,0,0,2,1,0,2,3,3,1
1660,2,5,1,1,1,2,2,0,3,3,4,1
1661,2,5,1,1,1,2,2,0,3,3,4,1
1662,2,5,1,0,1,2,2,0,3,3,4,1
1663,2,5,0,0,1,2,2,0,3,3,4,1
1728,1,2,1,2,2,2,3,1,3,3,4,2
1732,1,5,1,2,1,2,2,0,3,3,4,1
1734,1,5,1,0,1,2,2,0,3,3,4,1
1735,1,5,0,0,1,2,2,0,3,3,4,1
1736,1,2,1,2,2,2,3,1,3,3,4,2
1740,2,5,2,0,1,2,2,0,3,3,4,1
1742,2,5,2,0,1,2,2,0,3,3,4,1
1743,2,5,2,0,1,2,2,0,3,3,4,1
1760,2,4,1,1,1,1,1,3,3,1,3,3
1762,2,5,1,1,1,2,2,0,3,3,4,1
1763,2,5,1,1,1,2,2,0,3,3,4,1
1764,2,5,1,1,1,2,2,0,3,3,4,1
1766,2,5,1,0,1,2,2,0,3,3,4,1
1767,2,5,1,0,1,2,2,0,3,3,4,1
1768,2,5,1,1,1,1,2,3,3,0,4,2
1770,2,5,1,1,1,2,2,0,3,3,4,1
1771,2,5,1,1,1,2,2,0,3,3,4,1
1772,2,5,1,1,1,2,2,0,3,3,4,1
1774,2,5,1,0,1,2,2,0,3,3,4,1
1775,2,5,1,0,1,2,2,0,3,3,4,1
1776,2,4,1,1,1,1,1,3,3,1,3,3
1777,2,5,1,1,0,2,1,0,2,3,3,1
1778,2,5,1,1,1,2,2,0,3,3,4,1
1779,2,5,0,0,1,2,2,0,3,3,4,1
1780,2,5,1,1,1,2,2,0,3,3,4,1
1781,2,5,1,1,1,2,2,0,3,3,4,1
1782,2,5,1,0,1,2,2,0,3,3,4,1
1783,2,5,0,0,1,2,2,0,3,3,4,1
1784,2,5,1,1,1,1,2,3,3,0,4,2
1785,2,5,1,1,1,1,2,3,3,0,4,2
1786,2,5,1,1,1,2,2,0,3,3,4,1
1787,2,5,0,0,1,2,2,0,3,3,4,1
1788,2,5,1,1,1,2,2,0,3,3,4,1
1789,2,5,1,1,1,2,2,0,3,3,4,1
1790,2,5,1,0,1,2,2,0,3,3,4,1
1791,2,5,0,0,1,2,2,0,3,3,4,1
1792,1,1,0,2,2,2,2,3,3,2,3,3
1808,1,2,0,1,0,2,1,1,1,3,2,2
1809,1,2,0,0,0,2,1,1,1,3,2,2
1811,1,5,0,0,0,1,1,3,2,0,3,2
1815,1,9,0,0,0,0,0,3,3,0,3,3
1823,1,9,0,0,0,0,0,3,3,0,3,3
1824,1,2,0,2,1,2,2,1,2,3,3,2
1826,1,2,0,2,1,2,2,1,2,3,3,2
1827,1,5,0,0,0,1,1,3,2,0,3,2
1830,1,5,0,2,0,2,1,0,2,3,3,1
1831,1,9,0,0,0,0,0,3,3,0,3,3
1838,1,5,0,2,1,2,2,0,3,3,4,1
1839,1,9,0,0,0,0,0,3,3,0,3,3
1840,2,4,0,1,0,1,0,3,2,1,2,3
1841,2,4,0,1,0,1,0,3,2,1,2,3
1842,2,5,0,1,0,1,1,3,2,0,3,2
1843,2,5,0,0,0,1,1,3,2,0,3,2
1846,2,5,0,1,0,2,1,0,2,3,3,1
1847,2,9,0,0,0,0,0,3,3,0,3,3
1854,2,5,0,1,0,2,1,0,2,3,3,1
1855,2,9,0,0,0,0,0,3,3,0,3,3
1856,1,2,0,2,1,2,2,1,2,3,3,2
1860,1,2,0,2,1,2,2,1,2,3,3,2
1862,1,5,0,2,0,2,1,0,2,3,3,1
1863,1,9,0,0,0,0,0,3,3,0,3,3
1868,1,5,0,2,1,2,2,0,3,3,4,1
1870,1,5,0,2,1,2,2,0,3,3,4,1
1871,1,9,0,0,0,0,0,3,3,0,3,3
1872,1,4,0,1,1,1,1,3,3,1,3,3
1873,1,5,0,0,0,2,1,0,2,3,3,1
1876,1,5,0,1,0,1,1,3,2,0,3,2
1877,1,9,0,0,0,0,0,3,3,0,3,3
1884,1,5,0,1,1,2,2,0,3,3,4,1
1885,1,9,0,0,0,0,0,3,3,0,3,3
1888,2,4,1,1,1,1,1,3,3,1,3,3
1890,2,5,1,1,0,2,1,0,2,3,3,1
1891,2,5,1,1,0,2,1,0,2,3,3,1
1892,2,4,1,1,1,1,1,3,3,1,3,3
1894,2,5,1,0,0,2,1,0,2,3,3,1
1895,2,9,1,0,0,0,0,3,3,0,3,3
1900,2,5,1,1,1,2,2,0,3,3,4,1
1902,2,5,1,0,1,2,2,0,3,3,4,1
1903,2,9,1,0,0,0,0,3,3,0,3,3
1904,2,4,0,1,1,1,1,3,3,1,3,3
1905,2,5,0,1,0,2,1,0,2,3,3,1
1906,2,5,0,1,0,2,1,0,2,3,3,1
1907,2,5,0,0,0,2,1,0,2,3,3,1
1908,2,5,0,1,0,1,1,3,2,0,3,2
1909,2,9,0,1,0,0,0,3,3,0,3,3
1910,2,5,0,1,0,2,1,0,2,3,3,1
1911,3,9,0,0,0,0,0,3,3,0,3,3
1916,2,5,0,1,0,1,1,3,2,0,3,2
1917,2,9,0,1,0,0,0,3,3,0,3,3
1918,2,5,0,1,0,2,1,0,2,3,3,1
1919,3,9,0,0,0,0,0,3,3,0,3,3
1984,1,2,0,2,2,2,3,1,3,3,4,2
1988,1,5,0,2,1,2,2,0,3,3,4,1
1990,1,5,0,2,1,2,2,0,3,3,4,1
1991,1,9,0,0,0,0,0,3,3,0,3,3
1992,1,2,0,2,2,2,3,1,3,3,4,2
1996,2,5,2,0,1,2,2,0,3,3,4,1
1998,2,5,2,0,1,2,2,0,3,3,4,1
1999,2,9,2,0,0,0,0,3,3,0,3,3
2000,1,4,0,1,1,1,1,3,3,1,3,3
2001,1,5,0,0,0,2,1,0,2,3,3,1
2004,1,5,0,1,1,2,2,0,3,3,4,1
2005,1,9,0,0,0,0,0,3,3,0,3,3
2008,1,5,0,1,1,1,2,3,3,0,4,2
2009,1,9,0,0,0,0,0,3,3,0,3,3
2012,2,5,2,0,1,2,2,0,3,3,4,1
2013,2,9,2,0,0,0,0,3,3,0,3,3
2016,2,4,1,1,1,1,1,3,3,1,3,3
2018,2,5,1,1,1,2,2,0,3,3,4,1
2019,2,5,1,1,1,2,2,0,3,3,4,1
2020,2,5,1,1,1,2,2,0,3,3,4,1
2022,2,5,1,0,1,2,2,0,3,3,4,1
2023,2,9,1,0,0,0,0,3,3,0,3,3
2024,2,5,1,1,1,1,2,3,3,0,4,2
2026,2,5,1,1,1,2,2,0,3,3,4,1
2027,2,9,1,1,0,0,0,3,3,0,3,3
2028,2,5,1,1,1,2,2,0,3,3,4,1
2030,2,5,1,0,1,2,2,0,3,3,4,1
2031,2,9,1,0,0,0,0,3,3,0,3,3
2032,2,4,0,1,1,1,1,3,3,1,3,3
2033,2,5,0,1,0,2,1,0,2,3,3,1
2034,2,5,0,1,0,2,1,0,2,3,3,1
2035,2,5,0,0,0,2,1,0,2,3,3,1
2036,2,5,0,1,1,1,2,3,3,0,4,2
2037,2,9,0,1,0,0,0,3,3,0,3,3
2038,2,5,0,1,1,1,2,3,3,0,4,2
2039,3,9,0,0,0,0,0,3,3,0,3,3
2040,2,5,0,1,1,1,2,3,3,0,4,2
2041,2,9,0,1,0,0,0,3,3,0,3,3
2042,2,5,0,1,1,1,2,3,3,0,4,2
2043,2,9,0,0,0,0,0,3,3,0,3,3
2044,2,5,0,1,1,1,2,3,3,0,4,2
2045,2,9,0,1,0,0,0,3,3,0,3,3
2046,2,5,0,1,1,1,2,3,3,0,4,2
2047,3,9,0,0,0,0,0,3,3,0,3,3
2048,1,1,3,2,3,2,3,3,4,2,4,3
2176,1,1,3,1,3,2,3,3,4,2,4,3
2184,1,1,3,0,3,2,3,3,4,2,4,3
2188,1,2,2,0,2,1,3,0,3,2,4,1
2190,1,2,1,0,2,1,3,0,3,2,4,1
2191,1,2,0,0,2,1,3,0,3,2,4,1
2207,1,5,0,0,1,2,2,0,3,3,4,1
2222,1,5,1,0,1,2,2,0,3,3,4,1
2223,1,5,0,0,1,2,2,0,3,3,4,1
2238,1,5,0,1,1,2,2,0,3,3,4,1
2239,2,5,0,0,1,2,2,0,3,3,4,1
2240,1,2,2,1,2,2,3,1,3,3,4,2
2244,1,2,2,0,2,2,3,1,3,3,4,2
2246,1,2,1,0,2,2,3,1,3,3,4,2
2247,1,2,0,0,2,2,3,1,3,3,4,2
2248,1,2,2,1,2,2,3,1,3,3,4,2
2252,2,4,2,0,2,0,2,2,4,0,4,2
2254,2,4,2,0,2,0,2,2,4,0,4,2
2255,2,4,2,0,2,0,2,2,4,0,4,2
2263,1,5,0,0,1,2,2,0,3,3,4,1
2271,2,5,2,0,1,2,2,0,3,3,4,1
2272,1,2,1,1,2,2,3,1,3,3,4,2
2274,1,5,1,0,1,2,2,0,3,3,4,1
2275,1,5,0,0,1,2,2,0,3,3,4,1
2276,1,5,1,1,1,2,2,0,3,3,4,1
2278,2,5,1,0,1,2,2,0,3,3,4,1
2279,2,5,1,0,1,2,2,0,3,3,4,1
2280,1,2,1,1,2,2,3,1,3,3,4,2
2282,1,5,1,0,1,2,2,0,3,3,4,1
2283,1,5,0,0,1,2,2,0,3,3,4,1
2284,2,5,2,0,1,2,2,0,3,3,4,1
2286,2,5,1,0,1,2,2,0,3,3,4,1
2287,2,5,1,0,1,2,2,0,3,3,4,1
2288,1,2,0,1,2,2,3,1,3,3,4,2
2289,1,2,0,0,2,2,3,1,3,3,4,2
2290,1,5,0,1,1,2,2,0,3,3,4,1
2291,2,5,0,0,1,2,2,0,3,3,4,1
2292,1,5,0,1,1,2,2,0,3,3,4,1
2293,1,5,0,0,1,2,2,0,3,3,4,1
2294,2,5,1,0,1,2,2,0,3,3,4,1
2295,2,5,0,0,1,2,2,0,3,3,4,1
2296,1,2,0,1,2,2,3,1,3,3,4,2
2297,1,4,0,0,1,0,1,2,3,0,3,2
2298,1,5,0,1,1,2,2,0,3,3,4,1
2299,2,5,0,0,1,2,2,0,3,3,4,1
2300,2,5,2,0,1,2,2,0,3,3,4,1
2301,2,5,2,0,1,2,2,0,3,3,4,1
2302,2,5,1,0,1,2,2,0,3,3,4,1
2303,2,5,0,0,1,2,2,0,3,3,4,1
2463,1,9,0,0,1,0,1,3,4,0,4,3
2494,1,9,0,1,1,0,1,3,4,0,4,3
2495,2,9,0,0,1,0,1,3,4,0,4,3
2519,1,9,0,0,0,0,0,3,3,0,3,3
2527,2,9,2,0,1,0,1,3,4,0,4,3
2544,1,4,0,1,1,1,1,3,3,1,3,3
2545,1,4,0,0,1,1,1,3,3,1,3,3
2546,1,5,0,1,1,2,2,0,3,3,4,1
2547,2,5,0,0,1,2,2,0,3,3,4,1
2548,1,5,0,1,1,2,2,0,3,3,4,1
2549,1,9,0,0,0,0,0,3,3,0,3,3
2550,2,5,1,0,1,2,2,0,3,3,4,1
2551,2,9,0,0,0,0,0,3,3,0,3,3
2552,1,4,0,1,1,1,1,3,3,1,3,3
2553,1,9,0,0,1,0,1,3,4,0,4,3
2554,1,9,0,1,1,0,1,3,4,0,4,3
2555,2,9,0,0,1,0,1,3,4,0,4,3
2556,2,5,2,0,1,2,2,0,3,3,4,1
2557,2,9,2,0,1,0,1,3,4,0,4,3
2558,2,9,1,0,1,0,1,3,4,0,4,3
2559,2,9,0,0,1,0,1,3,4,0,4,3
2734,1,9,1,0,1,0,1,3,4,0,4,3
2735,1,9,0,0,1,0,1,3,4,0,4,3
2750,1,9,0,1,1,0,1,3,4,0,4,3
2751,2,9,0,0,1,0,1,3,4,0,4,3
2784,1,4,1,1,2,1,2,3,4,1,4,3
2786,1,5,1,0,1,2,2,0,3,3,4,1
2787,1,5,0,0,1,2,2,0,3,3,4,1
2788,1,5,1,1,1,2,2,0,3,3,4,1
2790,2,5,1,0,1,2,2,0,3,3,4,1
2791,2,5,1,0,1,2,2,0,3,3,4,1
2792,1,5,1,1,1,1,2,3,3,0,4,2
2794,1,9,1,0,1,0,1,3,4,0,4,3
2795,1,9,0,0,1,0,1,3,4,0,4,3
2796,2,5,2,0,1,2,2,0,3,3,4,1
2798,2,9,1,0,1,0,1,3,4,0,4,3
2799,2,9,1,0,1,0,1,3,4,0,4,3
2800,1,4,0,1,2,1,2,3,4,1,4,3
2801,1,5,0,0,0,2,1,0,2,3,3,1
2802,1,5,0,1,1,2,2,0,3,3,4,1
2803,2,5,0,0,1,2,2,0,3,3,4,1
2804,1,5,0,1,1,2,2,0,3,3,4,1
2805,1,5,0,0,1,2,2,0,3,3,4,1
2806,2,5,1,0,1,2,2,0,3,3,4,1
2807,2,5,0,0,1,2,2,0,3,3,4,1
2808,1,5,0,1,1,1,2,3,3,0,4,2
2809,1,9,0,0,1,0,1,3,4,0,4,3
2810,1,9,0,1,1,0,1,3,4,0,4,3
2811,2,9,0,0,1,0,1,3,4,0,4,3
2812,2,5,2,0,1,2,2,0,3,3,4,1
2813,2,9,2,0,1,0,1,3,4,0,4,3
2814,2,9,1,0,1,0,1,3,4,0,4,3
2815,2,9,0,0,1,0,1,3,4,0,4,3
2975,1,9,0,0,1,0,1,3,4,0,4,3
2990,1,9,0,2,1,0,1,3,4,0,4,3
2991,1,9,0,0,1,0,1,3,4,0,4,3
3006,2,9,0,1,1,0,1,3,4,0,4,3
3007,2,9,0,0,1,0,1,3,4,0,4,3
3040,1,4,0,2,2,1,2,3,4,1,4,3
3042,1,5,0,2,1,2,2,0,3,3,4,1
3043,1,5,0,0,1,2,2,0,3,3,4,1
3044,1,5,0,2,1,2,2,0,3,3,4,1
3046,2,5,1,0,1,2,2,0,3,3,4,1
3047,2,9,1,0,0,0,0,3,3,0,3,3
3048,1,5,0,2,1,1,2,3,3,0,4,2
3050,1,9,0,2,1,0,1,3,4,0,4,3
3051,1,9,0,0,1,0,1,3,4,0,4,3
3052,2,5,2,0,1,2,2,0,3,3,4,1
3054,2,9,1,0,1,0,1,3,4,0,4,3
3055,2,9,1,0,1,0,1,3,4,0,4,3
3056,2,4,0,1,2,1,2,3,4,1,4,3
3057,2,5,0,1,0,2,1,0,2,3,3,1
3058,2,5,0,1,0,2,1,0,2,3,3,1
3059,2,5,0,0,0,2,1,0,2,3,3,1
3060,2,5,0,1,1,1,2,3,3,0,4,2
3061,2,9,0,1,0,0,0,3,3,0,3,3
3062,2,5,0,1,1,1,2,3,3,0,4,2
3063,2,9,0,0,0,0,0,3,3,0,3,3
3064,2,5,0,1,1,1,2,3,3,0,4,2
3065,2,9,0,1,1,0,1,3,4,0,4,3
3066,2,9,0,1,1,0,1,3,4,0,4,3
3067,2,9,0,0,1,0,1,3,4,0,4,3
3068,2,5,0,1,1,1,2,3,3,0,4,2
3069,2,9,0,1,1,0,1,3,4,0,4,3
3070,2,9,0,1,1,0,1,3,4,0,4,3
3071,2,9,0,0,1,0,1,3,4,0,4,3
3072,1,1,2,2,3,2,3,3,4,2,4,3
3136,1,2,2,1,2,2,3,1,3,3,4,2
3140,1,2,2,0,2,2,3,1,3,3,4,2
3142,1,5,1,0,1,1,2,3,3,0,4,2
3143,1,5,0,0,1,1,2,3,3,0,4,2
3148,1,4,2,0,2,1,2,3,4,1,4,3
3150,1,5,1,0,1,1,2,3,3,0,4,2
3151,1,5,0,0,1,1,2,3,3,0,4,2
3159,1,5,0,0,1,1,2,3,3,0,4,2
3167,1,5,0,0,1,2,2,0,3,3,4,1
3168,1,2,1,1,2,2,3,1,3,3,4,2
3170,1,2,1,0,2,2,3,1,3,3,4,2
3171,1,2,0,0,2,2,3,1,3,3,4,2
3172,1,5,1,1,1,1,2,3,3,0,4,2
3174,2,5,1,0,1,1,2,3,3,0,4,2
3175,2,5,1,0,1,1,2,3,3,0,4,2
3180,1,5,1,1,1,2,2,0,3,3,4,1
3182,2,5,1,0,1,2,2,0,3,3,4,1
3183,2,5,1,0,1,2,2,0,3,3,4,1
3184,1,2,0,1,2,2,3,1,3,3,4,2
3185,1,5,0,0,0,2,1,0,2,3,3,1
3186,1,5,0,1,0,2,1,0,2,3,3,1
3187,2,5,0,0,0,2,1,0,2,3,3,1
3188,1,5,0,1,1,1,2,3,3,0,4,2
3189,1,5,0,0,1,1,2,3,3,0,4,2
3190,2,5,1,0,1,1,2,3,3,0,4,2
3191,2,5,0,0,0,2,1,0,2,3,3,1
3196,1,5,0,1,1,2,2,0,3,3,4,1
3197,1,5,0,0,1,2,2,0,3,3,4,1
3198,2,5,1,0,1,2,2,0,3,3,4,1
3199,2,5,0,0,1,2,2,0,3,3,4,1
3200,1,2,2,2,2,2,3,1,3,3,4,2
3208,1,2,2,2,2,2,3,1,3,3,4,2
3212,1,4,2,0,2,1,2,3,4,1,4,3
3214,1,5,1,0,1,1,2,3,3,0,4,2
3215,1,5,0,0,1,1,2,3,3,0,4,2
3231,1,5,0,0,1,2,2,0,3,3,4,1
3264,2,4,2,1,2,1,2,3,4,1,4,3
3268,2,4,2,1,2,1,2,3,4,1,4,3
3270,2,5,2,1,1,1,2,3,3,0,4,2
3271,2,5,2,1,1,1,2,3,3,0,4,2
3272,2,4,2,1,2,1,2,3,4,1,4,3
3276,2,4,2,0,2,1,2,3,4,1,4,3
3278,2,5,2,0,1,1,2,3,3,0,4,2
3279,2,5,2,0,1,1,2,3,3,0,4,2
3287,2,5,2,1,1,2,2,0,3,3,4,1
3295,2,5,2,0,1,2,2,0,3,3,4,1
3296,2,4,2,1,2,1,2,3,4,1,4,3
3298,2,5,2,1,1,2,2,0,3,3,4,1
3299,2,5,2,1,1,2,2,0,3,3,4,1
3300,2,5,2,1,1,2,2,0,3,3,4,1
3302,2,5,1,0,1,2,2,0,3,3,4,1
3303,2,5,1,0,1,2,2,0,3,3,4,1
3304,2,5,2,1,1,1,2,3,3,0,4,2
3306,2,5,2,1,1,2,2,0,3,3,4,1
3307,2,5,2,1,1,2,2,0,3,3,4,1
3308,2,5,2,0,1,2,2,0,3,3,4,1
3310,2,5,1,0,1,2,2,0,3,3,4,1
3311,2,5,1,0,1,2,2,0,3,3,4,1
3312,2,4,2,1,2,1,2,3,4,1,4,3
3313,2,5,2,1,0,2,1,0,2,3,3,1
3314,2,5,2,1,1,2,2,0,3,3,4,1
3315,2,5,0,0,1,2,2,0,3,3,4,1
3316,2,5,2,1,1,2,2,0,3,3,4,1
3317,2,5,2,1,1,2,2,0,3,3,4,1
3318,2,5,1,0,1,2,2,0,3,3,4,1
3319,2,5,0,0,1,2,2,0,3,3,4,1
3320,2,5,2,1,1,1,2,3,3,0,4,2
3321,2,5,2,1,1,1,2,3,3,0,4,2
3322,2,5,2,1,1,2,2,0,3,3,4,1
3323,2,5,0,0,1,2,2,0,3,3,4,1
3324,2,5,2,0,1,2,2,0,3,3,4,1
3325,2,5,2,0,1,2,2,0,3,3,4,1
3326,2,5,1,0,1,2,2,0,3,3,4,1
3327,2,5,0,0,1,2,2,0,3,3,4,1
3415,1,9,0,0,0,0,0,3,3,0,3,3
3423,1,9,0,0,1,0,1,3,4,0,4,3
3440,1,4,0,1,1,1,1,3,3,1,3,3
3441,1,5,0,0,0,2,1,0,2,3,3,1
3442,1,5,0,1,0,2,1,0,2,3,3,1
3443,2,5,0,0,0,2,1,0,2,3,3,1
3444,1,5,0,1,1,1,2,3,3,0,4,2
3445,1,9,0,0,0,0,0,3,3,0,3,3
3446,2,5,1,0,1,1,2,3,3,0,4,2
3447,2,9,0,0,0,0,0,3,3,0,3,3
3452,1,5,0,1,1,2,2,0,3,3,4,1
3453,1,9,0,0,1,0,1,3,4,0,4,3
3454,2,9,1,0,1,0,1,3,4,0,4,3
3455,2,9,0,0,1,0,1,3,4,0,4,3
3487,1,9,0,0,1,0,1,3,4,0,4,3
3543,2,9,2,1,0,0,0,3,3,0,3,3
3551,2,9,2,0,1,0,1,3,4,0,4,3
3568,2,4,2,1,2,1,2,3,4,1,4,3
3569,2,5,2,1,0,2,1,0,2,3,3,1
3570,2,5,2,1,1,2,2,0,3,3,4,1
3571,2,5,0,0,1,2,2,0,3,3,4,1
3572,2,5,2,1,1,2,2,0,3,3,4,1
3573,2,9,2,1,0,0,0,3,3,0,3,3
3574,2,5,1,0,1,2,2,0,3,3,4,1
3575,2,9,0,0,0,0,0,3,3,0,3,3
3576,2,5,2,1,1,1,2,3,3,0,4,2
3577,2,9,2,1,1,0,1,3,4,0,4,3
3578,2,9,2,1,1,0,1,3,4,0,4,3
3579,2,9,0,0,1,0,1,3,4,0,4,3
3580,2,5,2,0,1,2,2,0,3,3,4,1
3581,2,9,2,0,1,0,1,3,4,0,4,3
3582,2,9,1,0,1,0,1,3,4,0,4,3
3583,2,9,0,0,1,0,1,3,4,0,4,3
3584,1,1,1,2,3,2,3,3,4,2,4,3
3616,1,2,1,1,1,2,2,1,2,3,3,2
3618,1,2,1,0,1,2,2,1,2,3,3,2
3619,1,5,0,0,0,1,1,3,2,0,3,2
3622,1,5,1,0,1,1,2,3,3,0,4,2
3623,1,5,0,0,1,1,2,3,3,0,4,2
3630,1,9,1,0,1,0,1,3,4,0,4,3
3631,1,9,0,0,1,0,1,3,4,0,4,3
3632,1,2,0,1,1,2,2,1,2,3,3,2
3633,1,2,0,0,1,2,2,1,2,3,3,2
3634,1,5,0,1,0,1,1,3,2,0,3,2
3635,2,5,0,0,0,1,1,3,2,0,3,2
3638,1,5,0,1,1,1,2,3,3,0,4,2
3639,2,5,0,0,0,2,1,0,2,3,3,1
3646,1,9,0,1,1,0,1,3,4,0,4,3
3647,2,9,0,0,1,0,1,3,4,0,4,3
3648,1,2,1,2,2,2,3,1,3,3,4,2
3652,1,2,1,2,2,2,3,1,3,3,4,2
3654,1,5,1,0,1,1,2,3,3,0,4,2
3655,1,5,0,0,1,1,2,3,3,0,4,2
3660,1,5,1,2,1,2,2,0,3,3,4,1
3662,1,9,1,0,1,0,1,3,4,0,4,3
3663,1,9,0,0,1,0,1,3,4,0,4,3
3680,2,4,1,1,1,1,1,3,3,1,3,3
3682,2,4,1,1,1,1,1,3,3,1,3,3
3683,2,5,1,1,0,1,1,3,2,0,3,2
3684,2,5,1,1,1,1,2,3,3,0,4,2
3686,2,5,1,0,1,1,2,3,3,0,4,2
3687,2,5,1,0,1,1,2,3,3,0,4,2
3692,2,5,1,1,1,2,2,0,3,3,4,1
3694,2,9,1,0,1,0,1,3,4,0,4,3
3695,2,9,1,0,1,0,1,3,4,0,4,3
3696,2,4,1,1,1,1,1,3,3,1,3,3
3697,2,5,1,1,0,2,1,0,2,3,3,1
3698,2,5,1,1,0,2,1,0,2,3,3,1
3699,2,5,0,0,0,2,1,0,2,3,3,1
3700,2,5,1,1,1,1,2,3,3,0,4,2
3701,2,5,1,1,1,1,2,3,3,0,4,2
3702,2,5,1,0,1,1,2,3,3,0,4,2
3703,2,5,0,0,0,2,1,0,2,3,3,1
3708,2,5,1,1,1,2,2,0,3,3,4,1
3709,2,9,1,1,1,0,1,3,4,0,4,3
3710,2,9,1,0,1,0,1,3,4,0,4,3
3711,2,9,0,0,1,0,1,3,4,0,4,3
3712,1,2,1,2,2,2,3,1,3,3,4,2
3720,1,2,1,2,2,2,3,1,3,3,4,2
3724,1,5,1,2,1,2,2,0,3,3,4,1
3726,1,9,1,0,1,0,1,3,4,0,4,3
3727,1,9,0,0,1,0,1,3,4,0,4,3
3744,1,4,1,1,2,1,2,3,4,1,4,3
3746,1,5,1,0,1,2,2,0,3,3,4,1
3747,1,5,0,0,1,2,2,0,3,3,4,1
3752,1,5,1,1,1,1,2,3,3,0,4,2
3754,1,9,1,0,1,0,1,3,4,0,4,3
3755,1,9,0,0,1,0,1,3,4,0,4,3
3760,1,4,0,1,2,1,2,3,4,1,4,3
3761,1,5,0,0,0,2,1,0,2,3,3,1
3762,1,5,0,1,1,2,2,0,3,3,4,1
3763,2,5,0,0,1,2,2,0,3,3,4,1
3768,1,5,0,1,1,1,2,3,3,0,4,2
3769,1,9,0,0,1,0,1,3,4,0,4,3
3770,1,9,0,1,1,0,1,3,4,0,4,3
3771,2,9,0,0,1,0,1,3,4,0,4,3
3776,2,4,2,1,2,1,2,3,4,1,4,3
3780,2,5,2,1,1,2,2,0,3,3,4,1
3782,2,5,2,1,1,2,2,0,3,3,4,1
3783,2,5,2,1,1,2,2,0,3,3,4,1
3784,2,4,2,1,2,1,2,3,4,1,4,3
3788,2,5,2,0,1,2,2,0,3,3,4,1
3790,2,9,2,0,1,0,1,3,4,0,4,3
3791,2,9,2,0,1,0,1,3,4,0,4,3
3808,2,4,1,1,2,1,2,3,4,1,4,3
3810,2,5,1,1,1,2,2,0,3,3,4,1
3811,2,5,1,1,1,2,2,0,3,3,4,1
3812,2,5,1,1,1,2,2,0,3,3,4,1
3814,2,5,1,0,1,2,2,0,3,3,4,1
3815,2,5,1,0,1,2,2,0,3,3,4,1
3816,2,5,1,1,1,1,2,3,3,0,4,2
3818,2,9,1,1,1,0,1,3,4,0,4,3
3819,2,9,1,1,1,0,1,3,4,0,4,3
3820,2,5,1,1,1,2,2,0,3,3,4,1
3822,3,9,1,0,1,0,1,3,4,0,4,3
3823,3,9,1,0,1,0,1,3,4,0,4,3
3824,2,4,1,1,2,1,2,3,4,1,4,3
3825,2,5,1,1,0,2,1,0,2,3,3,1
3826,2,5,1,1,1,2,2,0,3,3,4,1
3827,2,5,0,0,1,2,2,0,3,3,4,1
3828,2,5,1,1,1,2,2,0,3,3,4,1
3829,2,5,1,1,1,2,2,0,3,3,4,1
3830,2,5,1,0,1,2,2,0,3,3,4,1
3831,2,5,0,0,1,2,2,0,3,3,4,1
3832,2,5,1,1,1,1,2,3,3,0,4,2
3833,2,9,1,1,1,0,1,3,4,0,4,3
3834,2,9,1,1,1,0,1,3,4,0,4,3
3835,2,9,0,0,1,0,1,3,4,0,4,3
3836,2,5,1,1,1,2,2,0,3,3,4,1
3837,2,9,1,1,1,0,1,3,4,0,4,3
3838,3,9,1,0,1,0,1,3,4,0,4,3
3839,3,9,1,0,1,0,1,3,4,0,4,3
3840,1,1,0,2,3,2,3,3,4,2,4,3
3856,1,2,0,1,0,2,1,1,1,3,2,2
3857,1,2,0,0,0,2,1,1,1,3,2,2
3859,1,5,0,0,0,1,1,3,2,0,3,2
3863,1,9,0,0,0,0,0,3,3,0,3,3
3871,1,9,0,0,1,0,1,3,4,0,4,3
3872,1,2,0,2,1,2,2,1,2,3,3,2
3874,1,2,0,2,1,2,2,1,2,3,3,2
3875,1,5,0,0,0,1,1,3,2,0,3,2
3878,1,5,0,2,1,1,2,3,3,0,4,2
3879,1,9,0,0,0,0,0,3,3,0,3,3
3886,1,9,0,2,1,0,1,3,4,0,4,3
3887,1,9,0,0,1,0,1,3,4,0,4,3
3888,2,4,0,1,0,1,0,3,2,1,2,3
3889,2,4,0,1,0,1,0,3,2,1,2,3
3890,2,5,0,1,0,1,1,3,2,0,3,2
3891,2,5,0,0,0,1,1,3,2,0,3,2
3894,2,5,0,1,1,1,2,3,3,0,4,2
3895,2,9,0,0,0,0,0,3,3,0,3,3
3902,2,9,0,1,1,0,1,3,4,0,4,3
3903,2,9,0,0,1,0,1,3,4,0,4,3
3904,1,2,0,2,2,2,3,1,3,3,4,2
3908,1,2,0,2,2,2,3,1,3,3,4,2
3910,1,5,0,2,1,1,2,3,3,0,4,2
3911,1,9,0,0,0,0,0,3,3,0,3,3
3916,1,5,0,2,1,2,2,0,3,3,4,1
3918,1,9,0,2,1,0,1,3,4,0,4,3
3919,1,9,0,0,1,0,1,3,4,0,4,3
3920,1,4,0,1,1,1,1,3,3,1,3,3
3921,1,5,0,0,0,2,1,0,2,3,3,1
3924,1,5,0,1,1,1,2,3,3,0,4,2
3925,1,9,0,0,0,0,0,3,3,0,3,3
3932,1,5,0,1,1,2,2,0,3,3,4,1
3933,1,9,0,0,1,0,1,3,4,0,4,3
3936,2,4,1,1,1,1,1,3,3,1,3,3
3938,2,5,1,1,0,2,1,0,2,3,3,1
3939,2,5,1,1,0,2,1,0,2,3,3,1
3940,2,5,1,1,1,1,2,3,3,0,4,2
3942,2,5,1,0,1,1,2,3,3,0,4,2
3943,2,9,1,0,0,0,0,3,3,0,3,3
3948,2,5,1,1,1,2,2,0,3,3,4,1
3950,2,9,1,0,1,0,1,3,4,0,4,3
3951,2,9,1,0,1,0,1,3,4,0,4,3
3952,2,4,0,1,1,1,1,3,3,1,3,3
3953,2,5,0,1,0,2,1,0,2,3,3,1
3954,2,5,0,1,0,2,1,0,2,3,3,1
3955,2,5,0,0,0,2,1,0,2,3,3,1
3956,2,5,0,1,1,1,2,3,3,0,4,2
3957,2,9,0,1,0,0,0,3,3,0,3,3
3958,2,5,0,1,1,1,2,3,3,0,4,2
3959,3,9,0,0,0,0,0,3,3,0,3,3
3964,2,5,0,1,1,1,2,3,3,0,4,2
3965,2,9,0,1,1,0,1,3,4,0,4,3
3966,2,9,0,1,1,0,1,3,4,0,4,3
3967,3,9,0,0,1,0,1,3,4,0,4,3
3968,1,2,0,2,2,2,3,1,3,3,4,2
3976,1,2,0,2,2,2,3,1,3,3,4,2
3980,1,5,0,2,1,2,2,0,3,3,4,1
3982,1,9,0,2,1,0,1,3,4,0,4,3
3983,1,9,0,0,1,0,1,3,4,0,4,3
3984,1,4,0,1,1,1,1,3,3,1,3,3
3985,1,5,0,0,0,2,1,0,2,3,3,1
3987,1,5,0,0,1,2,2,0,3,3,4,1
3992,1,5,0,1,1,1,2,3,3,0,4,2
3993,1,9,0,0,1,0,1,3,4,0,4,3
3995,1,9,0,0,1,0,1,3,4,0,4,3
3996,1,5,0,1,1,2,2,0,3,3,4,1
3997,1,9,0,0,1,0,1,3,4,0,4,3
4000,1,4,0,2,2,1,2,3,4,1,4,3
4002,1,5,0,2,1,2,2,0,3,3,4,1
4003,1,5,0,0,1,2,2,0,3,3,4,1
4008,1,5,0,2,1,1,2,3,3,0,4,2
4010,1,9,0,2,1,0,1,3,4,0,4,3
4011,1,9,0,0,1,0,1,3,4,0,4,3
4016,2,4,0,1,2,1,2,3,4,1,4,3
4017,2,5,0,1,0,2,1,0,2,3,3,1
4018,2,5,0,1,0,2,1,0,2,3,3,1
4019,2,5,0,0,0,2,1,0,2,3,3,1
4024,2,5,0,1,1,1,2,3,3,0,4,2
4025,2,9,0,1,1,0,1,3,4,0,4,3
4026,2,9,0,1,1,0,1,3,4,0,4,3
4027,2,9,0,0,1,0,1,3,4,0,4,3
4032,2,4,2,1,2,1,2,3,4,1,4,3
4036,2,5,2,1,1,2,2,0,3,3,4,1
4038,2,5,2,1,1,2,2,0,3,3,4,1
4039,2,9,2,1,0,0,0,3,3,0,3,3
4040,2,4,2,1,2,1,2,3,4,1,4,3
4044,2,5,2,0,1,2,2,0,3,3,4,1
4046,2,9,2,0,1,0,1,3,4,0,4,3
4047,2,9,2,0,1,0,1,3,4,0,4,3
4048,2,4,2,1,2,1,2,3,4,1,4,3
4049,2,5,2,1,0,2,1,0,2,3,3,1
4052,2,5,2,1,1,2,2,0,3,3,4,1
4053,2,9,2,1,0,0,0,3,3,0,3,3
4056,2,5,2,1,1,1,2,3,3,0,4,2
4057,2,9,2,1,1,0,1,3,4,0,4,3
4060,2,5,2,0,1,2,2,0,3,3,4,1
4061,2,9,2,0,1,0,1,3,4,0,4,3
4064,2,4,1,1,2,1,2,3,4,1,4,3
4066,2,5,1,1,1,2,2,0,3,3,4,1
4067,2,5,1,1,1,2,2,0,3,3,4,1
4068,2,5,1,1,1,2,2,0,3,3,4,1
4070,2,5,1,0,1,2,2,0,3,3,4,1
4071,2,9,1,0,0,0,0,3,3,0,3,3
4072,2,5,1,1,1,1,2,3,3,0,4,2
4074,2,9,1,1,1,0,1,3,4,0,4,3
4075,2,9,1,1,1,0,1,3,4,0,4,3
4076,2,5,1,1,1,2,2,0,3,3,4,1
4078,3,9,1,0,1,0,1,3,4,0,4,3
4079,3,9,1,0,1,0,1,3,4,0,4,3
4080,2,4,0,1,2,1,2,3,4,1,4,3
4081,2,5,0,1,0,2,1,0,2,3,3,1
4082,2,5,0,1,0,2,1,0,2,3,3,1
4083,2,5,0,0,0,2,1,0,2,3,3,1
4084,2,5,0,1,1,1,2,3,3,0,4,2
4085,2,9,0,1,0,0,0,3,3,0,3,3
4086,2,5,0,1,1,1,2,3,3,0,4,2
4087,3,9,0,0,0,0,0,3,3,0,3,3
4088,2,5,0,1,1,1,2,3,3,0,4,2
4089,2,9,0,1,1,0,1,3,4,0,4,3
4090,2,9,0,1,1,0,1,3,4,0,4,3
4091,2,9,0,0,1,0,1,3,4,0,4,3
4092,2,5,0,1,1,1,2,3,3,0,4,2
4093,2,9,0,1,1,0,1,3,4,0,4,3
4094,3,9,1,0,1,0,1,3,4,0,4,3
4095,3,9,0,0,1,0,1,3,4,0,4,3
4096,1,1,0,3,0,3,0,4,1,3,1,4
4352,1,1,0,2,0,3,0,4,1,3,1,4
4368,1,1,0,1,0,3,0,4,1,3,1,4
4369,1,1,0,0,0,3,0,4,1,3,1,4
4371,1,2,0,0,0,1,1,0,1,2,2,1
4375,1,2,0,0,0,1,1,0,1,2,2,1
4383,1,2,0,0,0,1,1,0,1,2,2,1
4400,1,2,0,1,0,2,1,1,1,3,2,2
4401,1,2,0,0,0,2,1,1,1,3,2,2
4402,1,2,0,1,0,2,1,1,1,3,2,2
4403,2,4,0,0,0,0,0,2,2,0,2,2
4406,1,2,0,1,1,1,2,0,2,2,3,1
4407,2,4,0,0,0,0,0,2,2,0,2,2
4414,1,2,0,1,1,1,2,0,2,2,3,1
4415,2,4,0,0,0,0,0,2,2,0,2,2
4439,1,5,0,0,0,1,1,3,2,0,3,2
4447,1,5,0,0,0,1,1,3,2,0,3,2
4464,1,2,0,1,0,2,1,1,1,3,2,2
4465,1,2,0,0,0,2,1,1,1,3,2,2
4466,1,5,0,1,0,1,1,3,2,0,3,2
4467,2,5,0,0,0,1,1,3,2,0,3,2
4468,1,5,0,1,0,1,1,3,2,0,3,2
4469,1,5,0,0,0,1,1,3,2,0,3,2
4470,2,5,1,0,0,1,1,3,2,0,3,2
4471,2,5,0,0,0,1,1,3,2,0,3,2
4476,1,5,0,1,0,1,1,3,2,0,3,2
4477,1,5,0,0,0,1,1,3,2,0,3,2
4478,2,5,1,0,0,1,1,3,2,0,3,2
4479,2,5,0,0,0,1,1,3,2,0,3,2
4511,1,5,0,0,0,1,1,3,2,0,3,2
4542,1,5,0,1,0,1,1,3,2,0,3,2
4543,2,5,0,0,0,1,1,3,2,0,3,2
4567,1,5,0,0,0,1,1,3,2,0,3,2
4575,2,5,2,0,0,1,1,3,2,0,3,2
4592,1,2,0,1,0,2,1,1,1,3,2,2
4593,1,2,0,0,0,2,1,1,1,3,2,2
4594,1,5,0,1,0,1,1,3,2,0,3,2
4595,2,5,0,0,0,1,1,3,2,0,3,2
4596,1,5,0,1,0,1,1,3,2,0,3,2
4597,1,5,0,0,0,1,1,3,2,0,3,2
4598,2,5,1,0,0,1,1,3,2,0,3,2
4599,2,5,0,0,0,1,1,3,2,0,3,2
4600,1,2,0,1,2,1,3,0,3,2,4,1
4601,1,4,0,0,1,0,1,2,3,0,3,2
4602,1,5,0,1,0,1,1,3,2,0,3,2
4603,2,5,0,0,0,1,1,3,2,0,3,2
4604,2,5,2,0,0,1,1,3,2,0,3,2
4605,2,5,2,0,0,1,1,3,2,0,3,2
4606,2,5,1,0,0,1,1,3,2,0,3,2
4607,2,5,0,0,0,1,1,3,2,0,3,2
4864,1,2,0,2,0,3,1,2,1,4,2,3
4880,1,2,0,1,0,3,1,2,1,4,2,3
4881,1,2,0,0,0,3,1,2,1,4,2,3
4883,1,4,0,0,0,1,0,3,2,1,2,3
4887,1,5,0,0,0,2,1,0,2,3,3,1
4895,1,5,0,0,0,2,1,0,2,3,3,1
4896,1,2,0,2,0,3,1,2,1,4,2,3
4898,1,2,0,2,0,3,1,2,1,4,2,3
4899,1,4,0,0,0,1,0,3,2,1,2,3
4902,1,5,0,2,0,2,1,0,2,3,3,1
4903,1,5,0,0,0,2,1,0,2,3,3,1
4910,1,5,0,2,0,2,1,0,2,3,3,1
4911,1,5,0,0,0,2,1,0,2,3,3,1
4912,2,4,0,1,0,1,0,3,2,1,2,3
4913,2,4,0,1,0,1,0,3,2,1,2,3
4914,2,4,0,1,0,1,0,3,2,1,2,3
4915,2,4,0,0,0,1,0,3,2,1,2,3
4918,2,5,0,1,0,2,1,0,2,3,3,1
4919,2,5,0,0,0,2,1,0,2,3,3,1
4926,2,5,0,1,0,2,1,0,2,3,3,1
4927,2,5,0,0,0,2,1,0,2,3,3,1
4960,1,2,0,2,1,2,2,1,2,3,3,2
4962,1,5,0,2,0,2,1,0,2,3,3,1
4963,1,5,0,0,0,2,1,0,2,3,3,1
4964,1,2,0,2,1,2,2,1,2,3,3,2
4966,2,5,1,0,0,2,1,0,2,3,3,1
4967,2,5,1,0,0,2,1,0,2,3,3,1
4972,1,2,0,2,2,1,3,0,3,2,4,1
4974,2,5,1,0,0,2,1,0,2,3,3,1
4975,2,5,1,0,0,2,1,0,2,3,3,1
4976,2,4,0,1,0,1,0,3,2,1,2,3
4977,2,5,0,1,0,2,1,0,2,3,3,1
4978,2,5,0,1,0,2,1,0,2,3,3,1
4979,2,5,0,0,0,2,1,0,2,3,3,1
4980,2,5,0,1,0,1,1,3,2,0,3,2
4981,2,5,0,1,0,2,1,0,2,3,3,1
4982,2,5,0,1,0,2,1,0,2,3,3,1
4983,2,5,0,0,0,2,1,0,2,3,3,1
4988,2,5,0,1,0,1,1,3,2,0,3,2
4989,2,5,0,1,0,2,1,0,2,3,3,1
4990,2,5,0,1,0,2,1,0,2,3,3,1
4991,2,5,0,0,0,2,1,0,2,3,3,1
5023,1,5,0,0,1,1,2,3,3,0,4,2
5038,1,5,0,2,1,1,2,3,3,0,4,2
5039,1,5,0,0,1,1,2,3,3,0,4,2
5054,2,5,0,1,1,1,2,3,3,0,4,2
5055,2,5,0,0,0,2,1,0,2,3,3,1
5088,1,2,0,2,1,2,2,1,2,3,3,2
5090,1,5,0,2,0,2,1,0,2,3,3,1
5091,1,5,0,0,0,2,1,0,2,3,3,1
5092,1,5,0,2,1,1,2,3,3,0,4,2
5094,2,5,1,0,1,1,2,3,3,0,4,2
5095,2,5,1,0,1,1,2,3,3,0,4,2
5096,1,5,0,2,1,1,2,3,3,0,4,2
5098,1,5,0,2,1,1,2,3,3,0,4,2
5099,1,5,0,0,1,1,2,3,3,0,4,2
5100,2,5,2,0,1,1,2,3,3,0,4,2
5102,2,5,1,0,1,1,2,3,3,0,4,2
5103,2,5,1,0,1,1,2,3,3,0,4,2
5104,2,4,0,1,0,1,0,3,2,1,2,3
5105,2,5,0,1,0,2,1,0,2,3,3,1
5106,2,5,0,1,0,2,1,0,2,3,3,1
5107,2,5,0,0,0,2,1,0,2,3,3,1
5108,2,5,0,1,1,1,2,3,3,0,4,2
5109,2,5,0,1,1,1,2,3,3,0,4,2
5110,2,5,0,1,1,1,2,3,3,0,4,2
5111,2,5,0,0,0,2,1,0,2,3,3,1
5112,2,5,0,1,1,1,2,3,3,0,4,2
5113,2,5,0,1,1,1,2,3,3,0,4,2
5114,2,5,0,1,1,1,2,3,3,0,4,2
5115,2,5,0,0,0,2,1,0,2,3,3,1
5116,2,5,0,1,1,1,2,3,3,0,4,2
5117,2,5,0,1,1,1,2,3,3,0,4,2
5118,2,5,0,1,1,1,2,3,3,0,4,2
5119,2,5,0,0,0,1,1,3,2,0,3,2
5463,1,9,0,0,0,0,0,3,3,0,3,3
5471,1,9,0,0,0,0,0,3,3,0,3,3
5488,1,5,0,1,0,2,1,4,2,1,3,3
5489,1,5,0,0,0,2,1,4,2,1,3,3
5490,1,5,0,1,0,2,1,4,2,1,3,3
5491,2,5,0,0,0,2,1,4,2,1,3,3
5492,1,5,0,1,0,2,1,4,2,1,3,3
5493,1,9,0,0,0,0,0,3,3,0,3,3
5494,2,5,1,0,0,2,1,0,2,3,3,1
5495,2,9,0,0,0,0,0,3,3,0,3,3
5500,1,5,0,1,1,2,2,0,3,3,4,1
5501,1,9,0,0,0,0,0,3,3,0,3,3
5502,2,5,1,0,1,2,2,0,3,3,4,1
5503,2,9,0,0,0,0,0,3,3,0,3,3
5591,1,9,0,0,0,0,0,3,3,0,3,3
5599,2,9,2,0,0,0,0,3,3,0,3,3
5616,1,5,0,1,0,2,1,4,2,1,3,3
5617,1,5,0,0,0,2,1,4,2,1,3,3
5618,1,5,0,1,1,2,2,0,3,3,4,1
5619,2,5,0,0,1,2,2,0,3,3,4,1
5620,1,5,0,1,1,2,2,0,3,3,4,1
5621,1,9,0,0,0,0,0,3,3,0,3,3
5622,2,5,1,0,1,2,2,0,3,3,4,1
5623,2,9,0,0,0,0,0,3,3,0,3,3
5624,1,5,0,1,1,1,2,3,3,0,4,2
5625,1,9,0,0,0,0,0,3,3,0,3,3
5626,1,5,0,1,1,2,2,0,3,3,4,1
5627,2,9,0,0,0,0,0,3,3,0,3,3
5628,2,5,2,0,1,2,2,0,3,3,4,1
5629,2,9,2,0,0,0,0,3,3,0,3,3
5630,2,5,1,0,1,2,2,0,3,3,4,1
5631,2,9,0,0,0,0,0,3,3,0,3,3
5888,1,2,0,2,0,3,1,2,1,4,2,3
5904,1,2,0,1,0,3,1,2,1,4,2,3
5905,1,2,0,0,0,3,1,2,1,4,2,3
5907,1,5,0,0,0,2,1,4,2,1,3,3
5911,1,9,0,0,0,0,0,3,3,0,3,3
5919,1,9,0,0,0,0,0,3,3,0,3,3
5920,1,5,0,2,0,2,1,4,2,1,3,3
5922,1,5,0,2,0,2,1,4,2,1,3,3
5923,1,5,0,0,0,2,1,4,2,1,3,3
5926,1,5,0,2,0,2,1,4,2,1,3,3
5927,1,9,0,0,0,0,0,3,3,0,3,3
5934,1,5,0,2,1,2,2,0,3,3,4,1
5935,1,9,0,0,0,0,0,3,3,0,3,3
5936,2,5,0,1,0,2,1,4,2,1,3,3
5937,2,5,0,1,0,2,1,4,2,1,3,3
5938,2,5,0,1,0,2,1,4,2,1,3,3
5939,2,5,0,0,0,2,1,4,2,1,3,3
5942,2,5,0,1,0,2,1,4,2,1,3,3
5943,2,9,0,0,0,0,0,3,3,0,3,3
5950,2,5,0,1,0,2,1,4,2,1,3,3
5951,2,9,0,0,0,0,0,3,3,0,3,3
5952,1,5,0,2,0,2,1,4,2,1,3,3
5956,1,5,0,2,0,2,1,4,2,1,3,3
5958,1,5,0,2,0,2,1,4,2,1,3,3
5959,1,9,0,0,0,0,0,3,3,0,3,3
5964,1,5,0,2,1,2,2,0,3,3,4,1
5966,1,5,0,2,1,2,2,0,3,3,4,1
5967,1,9,0,0,0,0,0,3,3,0,3,3
5968,1,5,0,1,0,2,1,4,2,1,3,3
5969,1,5,0,0,0,2,1,4,2,1,3,3
5972,1,5,0,1,0,2,1,4,2,1,3,3
5973,1,9,0,0,0,0,0,3,3,0,3,3
5980,1,5,0,1,1,2,2,0,3,3,4,1
5981,1,9,0,0,0,0,0,3,3,0,3,3
5984,2,5,1,1,0,2,1,4,2,1,3,3
5986,2,5,1,1,0,2,1,4,2,1,3,3
5987,2,5,1,1,0,2,1,4,2,1,3,3
5988,2,5,1,1,0,2,1,4,2,1,3,3
5990,2,5,1,0,0,2,1,0,2,3,3,1
5991,2,9,1,0,0,0,0,3,3,0,3,3
5996,2,5,1,1,1,2,2,0,3,3,4,1
5998,2,5,1,0,1,2,2,0,3,3,4,1
5999,2,9,1,0,0,0,0,3,3,0,3,3
6000,2,5,0,1,0,2,1,4,2,1,3,3
6001,2,5,0,1,0,2,1,4,2,1,3,3
6002,2,5,0,1,0,2,1,4,2,1,3,3
6003,2,5,0,0,0,2,1,4,2,1,3,3
6004,2,5,0,1,0,2,1,4,2,1,3,3
6005,2,9,0,1,0,0,0,3,3,0,3,3
6006,2,5,0,1,0,2,1,0,2,3,3,1
6007,3,9,0,0,0,0,0,3,3,0,3,3
6012,2,5,0,1,0,2,1,4,2,1,3,3
6013,2,9,0,1,0,0,0,3,3,0,3,3
6014,2,5,0,1,0,2,1,0,2,3,3,1
6015,3,9,0,0,0,0,0,3,3,0,3,3
6080,1,5,0,2,0,2,1,4,2,1,3,3
6084,1,5,0,2,1,2,2,0,3,3,4,1
6086,1,5,0,2,1,2,2,0,3,3,4,1
6087,1,9,0,0,0,0,0,3,3,0,3,3
6088,1,5,0,2,0,2,1,4,2,1,3,3
6092,2,5,2,0,1,2,2,0,3,3,4,1
6094,2,5,2,0,1,2,2,0,3,3,4,1
6095,2,9,2,0,0,0,0,3,3,0,3,3
6096,1,5,0,1,0,2,1,4,2,1,3,3
6097,1,5,0,0,0,2,1,4,2,1,3,3
6100,1,5,0,1,1,2,2,0,3,3,4,1
6101,1,9,0,0,0,0,0,3,3,0,3,3
6104,1,5,0,1,1,1,2,3,3,0,4,2
6105,1,9,0,0,0,0,0,3,3,0,3,3
6108,2,5,2,0,1,2,2,0,3,3,4,1
6109,2,9,2,0,0,0,0,3,3,0,3,3
6112,2,5,1,1,0,2,1,4,2,1,3,3
6114,2,5,1,1,1,2,2,0,3,3,4,1
6115,2,5,1,1,1,2,2,0,3,3,4,1
6116,2,5,1,1,1,2,2,0,3,3,4,1
6118,2,5,1,0,1,2,2,0,3,3,4,1
6119,2,9,1,0,0,0,0,3,3,0,3,3
6120,2,5,1,1,1,1,2,3,3,0,4,2
6122,2,5,1,1,1,2,2,0,3,3,4,1
6123,2,9,1,1,0,0,0,3,3,0,3,3
6124,2,5,1,1,1,2,2,0,3,3,4,1
6126,2,5,1,0,1,2,2,0,3,3,4,1
6127,2,9,1,0,0,0,0,3,3,0,3,3
6128,2,5,0,1,0,2,1,4,2,1,3,3
6129,2,5,0,1,0,2,1,4,2,1,3,3
6130,2,5,0,1,0,2,1,4,2,1,3,3
6131,2,5,0,0,0,2,1,4,2,1,3,3
6132,2,5,0,1,1,1,2,3,3,0,4,2
6133,2,9,0,1,0,0,0,3,3,0,3,3
6134,2,5,0,1,1,1,2,3,3,0,4,2
6135,3,9,0,0,0,0,0,3,3,0,3,3
6136,2,5,0,1,1,1,2,3,3,0,4,2
6137,2,9,0,1,0,0,0,3,3,0,3,3
6138,2,5,0,1,1,1,2,3,3,0,4,2
6139,2,9,0,0,0,0,0,3,3,0,3,3
6140,2,5,0,1,1,1,2,3,3,0,4,2
6141,2,9,0,1,0,0,0,3,3,0,3,3
6142,2,5,0,1,1,1,2,3,3,0,4,2
6143,3,9,0,0,0,0,0,3,3,0,3,3
6559,1,10,0,0,0,1,1,4,3,0,4,3
6590,1,10,0,1,0,1,1,4,3,0,4,3
6591,2,10,0,0,0,1,1,4,3,0,4,3
6615,1,10,0,0,0,1,1,4,3,0,4,3
6623,2,10,2,0,0,1,1,4,3,0,4,3
6640,1,5,0,1,0,2,1,4,2,1,3,3
6641,1,5,0,0,0,2,1,4,2,1,3,3
6642,1,5,0,1,1,2,2,0,3,3,4,1
6643,2,5,0,0,1,2,2,0,3,3,4,1
6644,1,10,0,1,0,1,1,4,3,0,4,3
6645,1,10,0,0,0,1,1,4,3,0,4,3
6646,2,10,1,0,0,1,1,4,3,0,4,3
6647,2,10,0,0,0,1,1,4,3,0,4,3
6648,1,10,0,1,0,1,1,4,3,0,4,3
6649,1,10,0,0,0,1,1,4,3,0,4,3
6650,1,10,0,1,0,1,1,4,3,0,4,3
6651,2,10,0,0,0,1,1,4,3,0,4,3
6652,2,10,2,0,0,1,1,4,3,0,4,3
6653,2,10,2,0,0,1,1,4,3,0,4,3
6654,2,10,1,0,0,1,1,4,3,0,4,3
6655,2,10,0,0,0,1,1,4,3,0,4,3
7071,1,10,0,0,0,1,1,4,3,0,4,3
7086,1,9,0,2,1,0,1,3,4,0,4,3
7087,1,10,0,0,0,1,1,4,3,0,4,3
7102,2,10,0,1,0,1,1,4,3,0,4,3
7103,2,10,0,0,0,1,1,4,3,0,4,3
7136,1,5,0,2,0,2,1,4,2,1,3,3
7138,1,5,0,2,1,2,2,0,3,3,4,1
7139,1,5,0,0,1,2,2,0,3,3,4,1
7140,1,5,0,2,1,2,2,0,3,3,4,1
7142,2,5,1,0,1,2,2,0,3,3,4,1
7143,2,10,1,0,0,1,1,4,3,0,4,3
7144,1,5,0,2,1,1,2,3,3,0,4,2
7146,1,9,0,2,1,0,1,3,4,0,4,3
7147,1,10,0,0,0,1,1,4,3,0,4,3
7148,2,5,2,0,1,2,2,0,3,3,4,1
7150,2,9,1,0,1,0,1,3,4,0,4,3
7151,2,10,1,0,0,1,1,4,3,0,4,3
7152,2,5,0,1,0,2,1,4,2,1,3,3
7153,2,5,0,1,0,2,1,4,2,1,3,3
7154,2,5,0,1,0,2,1,4,2,1,3,3
7155,2,5,0,0,0,2,1,4,2,1,3,3
7156,2,10,0,1,0,1,1,4,3,0,4,3
7157,2,10,0,1,0,1,1,4,3,0,4,3
7158,2,10,0,1,0,1,1,4,3,0,4,3
7159,2,10,0,0,0,1,1,4,3,0,4,3
7160,2,10,0,1,0,1,1,4,3,0,4,3
7161,2,10,0,1,0,1,1,4,3,0,4,3
7162,2,10,0,1,0,1,1,4,3,0,4,3
7163,2,10,0,0,0,1,1,4,3,0,4,3
7164,2,10,0,1,0,1,1,4,3,0,4,3
7165,2,10,0,1,0,1,1,4,3,0,4,3
7166,2,10,0,1,0,1,1,4,3,0,4,3
7167,2,10,0,0,0,1,1,4,3,0,4,3
7511,1,10,0,0,0,1,1,4,3,0,4,3
7519,1,10,0,0,0,1,1,4,3,0,4,3
7536,1,5,0,1,0,2,1,4,2,1,3,3
7537,1,5,0,0,0,2,1,4,2,1,3,3
7538,1,5,0,1,0,2,1,4,2,1,3,3
7539,2,5,0,0,0,2,1,4,2,1,3,3
7540,1,10,0,1,0,1,1,4,3,0,4,3
7541,1,10,0,0,0,1,1,4,3,0,4,3
7542,2,10,1,0,0,1,1,4,3,0,4,3
7543,2,10,0,0,0,1,1,4,3,0,4,3
7548,1,10,0,1,0,1,1,4,3,0,4,3
7549,1,10,0,0,0,1,1,4,3,0,4,3
7550,2,10,1,0,0,1,1,4,3,0,4,3
7551,2,10,0,0,0,1,1,4,3,0,4,3
7583,1,10,0,0,0,1,1,4,3,0,4,3
7639,2,10,2,1,0,1,1,4,3,0,4,3
7647,2,10,2,0,0,1,1,4,3,0,4,3
7664,2,5,2,1,0,2,1,4,2,1,3,3
7665,2,5,2,1,0,2,1,4,2,1,3,3
7666,2,5,2,1,1,2,2,0,3,3,4,1
7667,2,5,0,0,1,2,2,0,3,3,4,1
7668,2,10,2,1,0,1,1,4,3,0,4,3
7669,2,10,2,1,0,1,1,4,3,0,4,3
7670,2,10,1,0,0,1,1,4,3,0,4,3
7671,2,10,0,0,0,1,1,4,3,0,4,3
7672,2,10,2,1,0,1,1,4,3,0,4,3
7673,2,10,2,1,0,1,1,4,3,0,4,3
7674,2,10,2,1,0,1,1,4,3,0,4,3
7675,2,10,0,0,0,1,1,4,3,0,4,3
7676,2,10,2,0,0,1,1,4,3,0,4,3
7677,2,10,2,0,0,1,1,4,3,0,4,3
7678,2,10,1,0,0,1,1,4,3,0,4,3
7679,2,10,0,0,0,1,1,4,3,0,4,3
7936,1,2,0,2,0,3,1,2,1,4,2,3
7952,1,2,0,1,0,3,1,2,1,4,2,3
7953,1,2,0,0,0,3,1,2,1,4,2,3
7955,1,5,0,0,0,2,1,4,2,1,3,3
7959,1,10,0,0,0,1,1,4,3,0,4,3
7967,1,10,0,0,0,1,1,4,3,0,4,3
7968,1,5,0,2,0,2,1,4,2,1,3,3
7970,1,5,0,2,0,2,1,4,2,1,3,3
7971,1,5,0,0,0,2,1,4,2,1,3,3
7974,1,5,0,2,1,1,2,3,3,0,4,2
7975,1,10,0,0,0,1,1,4,3,0,4,3
7982,1,9,0,2,1,0,1,3,4,0,4,3
7983,1,10,0,0,0,1,1,4,3,0,4,3
7984,2,5,0,1,0,2,1,4,2,1,3,3
7985,2,5,0,1,0,2,1,4,2,1,3,3
7986,2,5,0,1,0,2,1,4,2,1,3,3
7987,2,5,0,0,0,2,1,4,2,1,3,3
7990,2,10,0,1,0,1,1,4,3,0,4,3
7991,2,10,0,0,0,1,1,4,3,0,4,3
7998,2,10,0,1,0,1,1,4,3,0,4,3
7999,2,10,0,0,0,1,1,4,3,0,4,3
8000,1,5,0,2,0,2,1,4,2,1,3,3
8004,1,5,0,2,0,2,1,4,2,1,3,3
8006,1,5,0,2,1,1,2,3,3,0,4,2
8007,1,10,0,0,0,1,1,4,3,0,4,3
8012,1,5,0,2,1,2,2,0,3,3,4,1
8014,1,9,0,2,1,0,1,3,4,0,4,3
8015,1,10,0,0,0,1,1,4,3,0,4,3
8016,1,5,0,1,0,2,1,4,2,1,3,3
8017,1,5,0,0,0,2,1,4,2,1,3,3
8020,1,10,0,1,0,1,1,4,3,0,4,3
8021,1,10,0,0,0,1,1,4,3,0,4,3
8028,1,10,0,1,0,1,1,4,3,0,4,3
8029,1,10,0,0,0,1,1,4,3,0,4,3
8032,2,5,1,1,0,2,1,4,2,1,3,3
8034,2,5,1,1,0,2,1,4,2,1,3,3
8035,2,5,1,1,0,2,1,4,2,1,3,3
8036,2,5,1,1,1,1,2,3,3,0,4,2
8038,2,5,1,0,1,1,2,3,3,0,4,2
8039,2,10,1,0,0,1,1,4,3,0,4,3
8044,2,5,1,1,1,2,2,0,3,3,4,1
8046,2,9,1,0,1,0,1,3,4,0,4,3
8047,2,10,1,0,0,1,1,4,3,0,4,3
8048,2,5,0,1,0,2,1,4,2,1,3,3
8049,2,5,0,1,0,2,1,4,2,1,3,3
8050,2,5,0,1,0,2,1,4,2,1,3,3
8051,2,5,0,0,0,2,1,4,2,1,3,3
8052,2,10,0,1,0,1,1,4,3,0,4,3
8053,2,10,0,1,0,1,1,4,3,0,4,3
8054,2,10,0,1,0,1,1,4,3,0,4,3
8055,3,10,0,0,0,1,1,4,3,0,4,3
8060,2,10,0,1,0,1,1,4,3,0,4,3
8061,2,10,0,1,0,1,1,4,3,0,4,3
8062,2,10,0,1,0,1,1,4,3,0,4,3
8063,3,10,0,0,0,1,1,4,3,0,4,3
8064,1,2,0,2,2,2,3,1,3,3,4,2
8072,1,2,0,2,2,2,3,1,3,3,4,2
8076,1,5,0,2,1,2,2,0,3,3,4,1
8078,1,9,0,2,1,0,1,3,4,0,4,3
8079,1,10,0,0,0,1,1,4,3,0,4,3
8080,1,4,0,1,1,1,1,3,3,1,3,3
8081,1,5,0,0,0,2,1,0,2,3,3,1
8083,1,5,0,0,1,2,2,0,3,3,4,1
8088,1,10,0,1,0,1,1,4,3,0,4,3
8089,1,10,0,0,0,1,1,4,3,0,4,3
8091,1,10,0,0,0,1,1,4,3,0,4,3
8092,1,10,0,1,0,1,1,4,3,0,4,3
8093,1,10,0,0,0,1,1,4,3,0,4,3
8096,1,5,0,2,0,2,1,4,2,1,3,3
8098,1,5,0,2,1,2,2,0,3,3,4,1
8099,1,5,0,0,1,2,2,0,3,3,4,1
8104,1,5,0,2,1,1,2,3,3,0,4,2
8106,1,9,0,2,1,0,1,3,4,0,4,3
8107,1,10,0,0,0,1,1,4,3,0,4,3
8112,2,5,0,1,0,2,1,4,2,1,3,3
8113,2,5,0,1,0,2,1,4,2,1,3,3
8114,2,5,0,1,0,2,1,4,2,1,3,3
8115,2,5,0,0,0,2,1,4,2,1,3,3
8120,2,10,0,1,0,1,1,4,3,0,4,3
8121,2,10,0,1,0,1,1,4,3,0,4,3
8122,2,10,0,1,0,1,1,4,3,0,4,3
8123,2,10,0,0,0,1,1,4,3,0,4,3
8128,2,5,2,1,0,2,1,4,2,1,3,3
8132,2,5,2,1,1,2,2,0,3,3,4,1
8134,2,5,2,1,1,2,2,0,3,3,4,1
8135,2,10,2,1,0,1,1,4,3,0,4,3
8136,2,5,2,1,0,2,1,4,2,1,3,3
8140,2,5,2,0,1,2,2,0,3,3,4,1
8142,2,9,2,0,1,0,1,3,4,0,4,3
8143,2,10,2,0,0,1,1,4,3,0,4,3
8144,2,5,2,1,0,2,1,4,2,1,3,3
8145,2,5,2,1,0,2,1,4,2,1,3,3
8148,2,10,2,1,0,1,1,4,3,0,4,3
8149,2,10,2,1,0,1,1,4,3,0,4,3
8152,2,10,2,1,0,1,1,4,3,0,4,3
8153,2,10,2,1,0,1,1,4,3,0,4,3
8156,2,10,2,0,0,1,1,4,3,0,4,3
8157,2,10,2,0,0,1,1,4,3,0,4,3
8160,2,5,1,1,0,2,1,4,2,1,3,3
8162,2,5,1,1,1,2,2,0,3,3,4,1
8163,2,5,1,1,1,2,2,0,3,3,4,1
8164,2,5,1,1,1,2,2,0,3,3,4,1
8166,2,5,1,0,1,2,2,0,3,3,4,1
8167,2,10,1,0,0,1,1,4,3,0,4,3
8168,2,5,1,1,1,1,2,3,3,0,4,2
8170,2,9,1,1,1,0,1,3,4,0,4,3
8171,2,10,1,1,0,1,1,4,3,0,4,3
8172,2,5,1,1,1,2,2,0,3,3,4,1
8174,3,9,1,0,1,0,1,3,4,0,4,3
8175,3,10,1,0,0,1,1,4,3,0,4,3
8176,2,5,0,1,0,2,1,4,2,1,3,3
8177,2,5,0,1,0,2,1,4,2,1,3,3
8178,2,5,0,1,0,2,1,4,2,1,3,3
8179,2,5,0,0,0,2,1,4,2,1,3,3
8180,2,10,0,1,0,1,1,4,3,0,4,3
8181,2,10,0,1,0,1,1,4,3,0,4,3
8182,2,10,0,1,0,1,1,4,3,0,4,3
8183,3,10,0,0,0,1,1,4,3,0,4,3
8184,2,10,0,1,0,1,1,4,3,0,4,3
8185,2,10,0,1,0,1,1,4,3,0,4,3
8186,2,10,0,1,0,1,1,4,3,0,4,3
8187,2,10,0,0,0,1,1,4,3,0,4,3
8188,2,10,0,1,0,1,1,4,3,0,4,3
8189,2,10,0,1,0,1,1,4,3,0,4,3
8190,3,10,1,0,0,1,1,4,3,0,4,3
8191,3,10,0,0,0,1,1,4,3,0,4,3
8192,1,1,1,3,1,3,1,4,2,3,2,4
8704,1,1,1,2,1,3,1,4,2,3,2,4
8736,1,1,1,1,1,3,1,4,2,3,2,4
8738,1,1,1,0,1,3,1,4,2,3,2,4
8739,1,2,0,0,0,1,1,0,1,2,2,1
8742,1,2,1,0,1,1,2,0,2,2,3,1
8743,1,2,0,0,1,1,2,0,2,2,3,1
8750,1,2,1,0,1,1,2,0,2,2,3,1
8751,1,2,0,0,1,1,2,0,2,2,3,1
8752,1,2,0,1,0,2,1,1,1,3,2,2
8753,1,2,0,0,0,2,1,1,1,3,2,2
8754,1,2,0,1,0,2,1,1,1,3,2,2
8755,2,4,0,0,0,0,0,2,2,0,2,2
8758,1,5,0,1,0,2,1,0,2,3,3,1
8759,2,5,0,0,0,2,1,0,2,3,3,1
8766,1,5,0,1,0,2,1,0,2,3,3,1
8767,2,5,0,0,0,2,1,0,2,3,3,1
8800,1,2,1,1,1,2,2,1,2,3,3,2
8802,1,2,1,0,1,2,2,1,2,3,3,2
8803,1,5,0,0,0,1,1,3,2,0,3,2
8804,1,2,1,1,1,2,2,1,2,3,3,2
8806,2,4,1,0,1,0,1,2,3,0,3,2
8807,2,5,1,0,0,1,1,3,2,0,3,2
8812,1,2,1,1,2,1,3,0,3,2,4,1
8814,2,4,1,0,1,0,1,2,3,0,3,2
8815,2,5,1,0,0,1,1,3,2,0,3,2
8816,1,2,0,1,1,2,2,1,2,3,3,2
8817,1,5,0,0,0,2,1,0,2,3,3,1
8818,1,5,0,1,0,2,1,0,2,3,3,1
8819,2,5,0,0,0,2,1,0,2,3,3,1
8820,1,5,0,1,0,1,1,3,2,0,3,2
8821,1,5,0,0,0,2,1,0,2,3,3,1
8822,2,5,1,0,0,2,1,0,2,3,3,1
8823,2,5,0,0,0,2,1,0,2,3,3,1
8828,1,5,0,1,0,1,1,3,2,0,3,2
8829,1,5,0,0,0,2,1,0,2,3,3,1
8830,2,5,1,0,0,2,1,0,2,3,3,1
8831,2,5,0,0,0,2,1,0,2,3,3,1
8878,1,5,1,0,1,1,2,3,3,0,4,2
8879,1,5,0,0,1,1,2,3,3,0,4,2
8894,1,8,0,1,0,2,2,0,2,4,4,2
8895,2,8,0,0,0,2,2,0,2,4,4,2
8928,1,2,1,1,1,2,2,1,2,3,3,2
8930,1,2,1,0,1,2,2,1,2,3,3,2
8931,1,5,0,0,0,1,1,3,2,0,3,2
8932,1,5,1,1,1,1,2,3,3,0,4,2
8934,2,5,1,0,1,1,2,3,3,0,4,2
8935,2,5,1,0,1,1,2,3,3,0,4,2
8936,1,5,1,1,1,1,2,3,3,0,4,2
8938,1,5,1,0,1,1,2,3,3,0,4,2
8939,1,5,0,0,1,1,2,3,3,0,4,2
8940,2,5,2,0,1,1,2,3,3,0,4,2
8942,2,5,1,0,1,1,2,3,3,0,4,2
8943,2,5,1,0,1,1,2,3,3,0,4,2
8944,1,2,0,1,1,2,2,1,2,3,3,2
8945,1,5,0,0,0,2,1,0,2,3,3,1
8946,1,8,0,1,0,2,2,0,2,4,4,2
8947,2,8,0,0,0,2,2,0,2,4,4,2
8948,1,8,0,1,0,2,2,0,2,4,4,2
8949,1,8,0,0,0,2,2,0,2,4,4,2
8950,2,8,1,0,0,2,2,0,2,4,4,2
8951,2,8,0,0,0,2,2,0,2,4,4,2
8952,1,5,0,1,1,1,2,3,3,0,4,2
8953,1,5,0,0,1,1,2,3,3,0,4,2
8954,1,8,0,1,0,2,2,0,2,4,4,2
8955,2,8,0,0,0,2,2,0,2,4,4,2
8956,2,8,2,0,0,2,2,0,2,4,4,2
8957,2,8,2,0,0,2,2,0,2,4,4,2
8958,2,8,1,0,0,2,2,0,2,4,4,2
8959,2,8,0,0,0,2,2,0,2,4,4,2
8960,1,2,0,2,0,3,1,2,1,4,2,3
8976,1,2,0,1,0,3,1,2,1,4,2,3
8977,1,2,0,0,0,3,1,2,1,4,2,3
8979,1,4,0,0,0,1,0,3,2,1,2,3
8983,1,5,0,0,0,2,1,0,2,3,3,1
8991,1,5,0,0,0,2,1,0,2,3,3,1
8992,1,2,0,2,0,3,1,2,1,4,2,3
8994,1,2,0,2,0,3,1,2,1,4,2,3
8995,1,4,0,0,0,1,0,3,2,1,2,3
8998,1,5,0,2,0,2,1,0,2,3,3,1
8999,1,5,0,0,0,2,1,0,2,3,3,1
9006,1,5,0,2,0,2,1,0,2,3,3,1
9007,1,5,0,0,0,2,1,0,2,3,3,1
9008,2,4,0,1,0,1,0,3,2,1,2,3
9009,2,4,0,1,0,1,0,3,2,1,2,3
9010,2,4,0,1,0,1,0,3,2,1,2,3
9011,2,4,0,0,0,1,0,3,2,1,2,3
9014,2,5,0,1,0,2,1,0,2,3,3,1
9015,2,5,0,0,0,2,1,0,2,3,3,1
9022,2,5,0,1,0,2,1,0,2,3,3,1
9023,2,5,0,0,0,2,1,0,2,3,3,1
9056,1,5,0,2,0,3,1,1,2,4,3,2
9058,1,5,0,2,0,3,1,1,2,4,3,2
9059,1,5,0,0,0,3,1,1,2,4,3,2
9060,1,5,0,2,0,3,1,1,2,4,3,2
9062,2,5,1,0,0,3,1,1,2,4,3,2
9063,2,5,1,0,0,3,1,1,2,4,3,2
9068,1,5,0,2,0,3,1,1,2,4,3,2
9070,2,5,1,0,0,3,1,1,2,4,3,2
9071,2,5,1,0,0,3,1,1,2,4,3,2
9072,2,5,0,1,0,3,1,1,2,4,3,2
9073,2,5,0,1,0,3,1,1,2,4,3,2
9074,2,5,0,1,0,3,1,1,2,4,3,2
9075,2,5,0,0,0,2,1,0,2,3,3,1
9076,2,5,0,1,0,3,1,1,2,4,3,2
9077,2,5,0,1,0,3,1,1,2,4,3,2
9078,2,5,0,1,0,3,1,1,2,4,3,2
9079,2,5,0,0,0,2,1,0,2,3,3,1
9084,2,5,0,1,0,3,1,1,2,4,3,2
9085,2,5,0,1,0,3,1,1,2,4,3,2
9086,2,5,0,1,0,3,1,1,2,4,3,2
9087,2,5,0,0,0,2,1,0,2,3,3,1
9119,1,8,0,0,0,2,2,0,2,4,4,2
9134,1,8,0,2,0,2,2,0,2,4,4,2
9135,1,8,0,0,0,2,2,0,2,4,4,2
9150,2,8,0,1,0,2,2,0,2,4,4,2
9151,2,8,0,0,0,2,2,0,2,4,4,2
9184,1,5,0,2,0,3,1,1,2,4,3,2
9186,1,8,0,2,0,2,2,0,2,4,4,2
9187,1,8,0,0,0,2,2,0,2,4,4,2
9188,1,8,0,2,0,2,2,0,2,4,4,2
9190,2,8,1,0,0,2,2,0,2,4,4,2
9191,2,8,1,0,0,2,2,0,2,4,4,2
9192,1,5,0,2,1,1,2,3,3,0,4,2
9194,1,8,0,2,0,2,2,0,2,4,4,2
9195,1,8,0,0,0,2,2,0,2,4,4,2
9196,2,8,2,0,0,2,2,0,2,4,4,2
9198,2,8,1,0,0,2,2,0,2,4,4,2
9199,2,8,1,0,0,2,2,0,2,4,4,2
9200,2,5,0,1,0,3,1,1,2,4,3,2
9201,2,5,0,1,0,3,1,1,2,4,3,2
9202,2,8,0,1,0,2,2,0,2,4,4,2
9203,2,8,0,0,0,2,2,0,2,4,4,2
9204,2,8,0,1,0,2,2,0,2,4,4,2
9205,2,8,0,1,0,2,2,0,2,4,4,2
9206,2,8,0,1,0,2,2,0,2,4,4,2
9207,2,8,0,0,0,2,2,0,2,4,4,2
9208,2,5,0,1,1,1,2,3,3,0,4,2
9209,2,5,0,1,1,1,2,3,3,0,4,2
9210,2,8,0,1,0,2,2,0,2,4,4,2
9211,2,8,0,0,0,2,2,0,2,4,4,2
9212,2,8,0,1,0,2,2,0,2,4,4,2
9213,2,8,0,1,0,2,2,0,2,4,4,2
9214,2,8,0,1,0,2,2,0,2,4,4,2
9215,2,8,0,0,0,2,2,0,2,4,4,2
9728,1,2,1,2,1,3,2,2,2,4,3,3
9760,1,2,1,1,1,3,2,2,2,4,3,3
9762,1,2,1,0,1,3,2,2,2,4,3,3
9763,1,5,0,0,0,1,1,3,2,0,3,2
9766,1,4,1,0,1,1,1,3,3,1,3,3
9767,1,5,0,0,0,1,1,3,2,0,3,2
9774,1,5,1,0,1,2,2,0,3,3,4,1
9775,1,5,0,0,1,2,2,0,3,3,4,1
9776,1,5,0,1,0,2,1,4,2,1,3,3
9777,1,5,0,0,0,2,1,4,2,1,3,3
9778,1,5,0,1,0,2,1,4,2,1,3,3
9779,2,5,0,0,0,2,1,4,2,1,3,3
9782,1,5,0,1,0,2,1,4,2,1,3,3
9783,2,5,0,0,0,2,1,4,2,1,3,3
9790,1,5,0,1,1,2,2,0,3,3,4,1
9791,2,5,0,0,1,2,2,0,3,3,4,1
9792,1,2,1,2,1,3,2,2,2,4,3,3
9796,1,2,1,2,1,3,2,2,2,4,3,3
9798,1,4,1,0,1,1,1,3,3,1,3,3
9799,1,5,0,0,0,1,1,3,2,0,3,2
9804,1,5,1,2,1,2,2,0,3,3,4,1
9806,1,5,1,0,1,2,2,0,3,3,4,1
9807,1,5,0,0,1,2,2,0,3,3,4,1
9824,2,4,1,1,1,1,1,3,3,1,3,3
9826,2,4,1,1,1,1,1,3,3,1,3,3
9827,2,5,1,1,0,1,1,3,2,0,3,2
9828,2,4,1,1,1,1,1,3,3,1,3,3
9830,2,4,1,0,1,1,1,3,3,1,3,3
9831,2,5,1,0,0,1,1,3,2,0,3,2
9836,2,5,1,1,1,2,2,0,3,3,4,1
9838,2,5,1,0,1,2,2,0,3,3,4,1
9839,2,5,1,0,1,2,2,0,3,3,4,1
9840,2,5,1,1,0,2,1,4,2,1,3,3
9841,2,5,1,1,0,2,1,4,2,1,3,3
9842,2,5,1,1,0,2,1,4,2,1,3,3
9843,2,5,0,0,0,2,1,4,2,1,3,3
9844,2,5,1,1,0,2,1,4,2,1,3,3
9845,2,5,1,1,0,2,1,4,2,1,3,3
9846,2,5,1,0,0,2,1,0,2,3,3,1
9847,2,5,0,0,0,2,1,0,2,3,3,1
9852,2,5,1,1,1,2,2,0,3,3,4,1
9853,2,5,1,1,1,2,2,0,3,3,4,1
9854,2,5,1,0,1,2,2,0,3,3,4,1
9855,2,5,0,0,1,2,2,0,3,3,4,1
9920,1,2,1,2,2,2,3,1,3,3,4,2
9924,1,5,1,2,1,2,2,0,3,3,4,1
9926,1,5,1,0,1,2,2,0,3,3,4,1
9927,1,5,0,0,1,2,2,0,3,3,4,1
9928,1,2,1,2,2,2,3,1,3,3,4,2
9932,2,5,2,0,1,2,2,0,3,3,4,1
9934,2,5,2,0,1,2,2,0,3,3,4,1
9935,2,5,2,0,1,2,2,0,3,3,4,1
9952,2,4,1,1,1,1,1,3,3,1,3,3
9954,2,5,1,1,1,2,2,0,3,3,4,1
9955,2,5,1,1,1,2,2,0,3,3,4,1
9956,2,5,1,1,1,2,2,0,3,3,4,1
9958,2,5,1,0,1,2,2,0,3,3,4,1
9959,2,5,1,0,1,2,2,0,3,3,4,1
9960,2,5,1,1,1,1,2,3,3,0,4,2
9962,2,5,1,1,1,2,2,0,3,3,4,1
9963,2,5,1,1,1,2,2,0,3,3,4,1
9964,2,5,1,1,1,2,2,0,3,3,4,1
9966,2,5,1,0,1,2,2,0,3,3,4,1
9967,2,5,1,0,1,2,2,0,3,3,4,1
9968,2,5,1,1,0,2,1,4,2,1,3,3
9969,2,5,1,1,0,2,1,4,2,1,3,3
9970,2,8,1,1,0,2,2,0,2,4,4,2
9971,2,8,0,0,0,2,2,0,2,4,4,2
9972,2,8,1,1,0,2,2,0,2,4,4,2
9973,2,8,1,1,0,2,2,0,2,4,4,2
9974,2,8,1,0,0,2,2,0,2,4,4,2
9975,2,8,0,0,0,2,2,0,2,4,4,2
9976,2,5,1,1,1,1,2,3,3,0,4,2
9977,2,5,1,1,1,1,2,3,3,0,4,2
9978,2,8,1,1,0,2,2,0,2,4,4,2
9979,2,8,0,0,0,2,2,0,2,4,4,2
9980,2,8,1,1,0,2,2,0,2,4,4,2
9981,2,8,1,1,0,2,2,0,2,4,4,2
9982,2,8,1,0,0,2,2,0,2,4,4,2
9983,2,8,0,0,0,2,2,0,2,4,4,2
9984,1,2,0,2,1,3,2,2,2,4,3,3
10000,1,5,0,1,0,3,1,1,2,4,3,2
10001,1,5,0,0,0,3,1,1,2,4,3,2
10003,1,5,0,0,0,3,1,1,2,4,3,2
10007,1,9,0,0,0,0,0,3,3,0,3,3
10015,1,9,0,0,0,0,0,3,3,0,3,3
10016,1,5,0,2,0,3,1,1,2,4,3,2
10018,1,5,0,2,0,3,1,1,2,4,3,2
10019,1,5,0,0,0,3,1,1,2,4,3,2
10022,1,5,0,2,0,3,1,1,2,4,3,2
10023,1,9,0,0,0,0,0,3,3,0,3,3
10030,1,5,0,2,1,2,2,0,3,3,4,1
10031,1,9,0,0,0,0,0,3,3,0,3,3
10032,2,5,0,1,0,3,1,1,2,4,3,2
10033,2,5,0,1,0,3,1,1,2,4,3,2
10034,2,5,0,1,0,3,1,1,2,4,3,2
10035,2,5,0,0,0,2,1,4,2,1,3,3
10038,2,5,0,1,0,3,1,1,2,4,3,2
10039,2,9,0,0,0,0,0,3,3,0,3,3
10046,2,5,0,1,0,3,1,1,2,4,3,2
10047,2,9,0,0,0,0,0,3,3,0,3,3
10048,1,5,0,2,0,2,1,4,2,1,3,3
10052,1,5,0,2,0,2,1,4,2,1,3,3
10054,1,5,0,2,0,3,1,1,2,4,3,2
10055,1,9,0,0,0,0,0,3,3,0,3,3
10060,1,5,0,2,1,2,2,0,3,3,4,1
10062,1,5,0,2,1,2,2,0,3,3,4,1
10063,1,9,0,0,0,0,0,3,3,0,3,3
10064,1,5,0,1,0,3,1,1,2,4,3,2
10065,1,5,0,0,0,3,1,1,2,4,3,2
10068,1,5,0,1,0,3,1,1,2,4,3,2
10069,1,9,0,0,0,0,0,3,3,0,3,3
10076,1,5,0,1,1,2,2,0,3,3,4,1
10077,1,9,0,0,0,0,0,3,3,0,3,3
10080,2,5,1,1,0,3,1,1,2,4,3,2
10082,2,5,1,1,0,3,1,1,2,4,3,2
10083,2,5,1,1,0,3,1,1,2,4,3,2
10084,2,5,1,1,0,3,1,1,2,4,3,2
10086,2,5,1,0,0,3,1,1,2,4,3,2
10087,2,9,1,0,0,0,0,3,3,0,3,3
10092,2,5,1,1,1,2,2,0,3,3,4,1
10094,2,5,1,0,1,2,2,0,3,3,4,1
10095,2,9,1,0,0,0,0,3,3,0,3,3
10096,2,5,0,1,0,3,1,1,2,4,3,2
10097,2,5,0,1,0,3,1,1,2,4,3,2
10098,2,5,0,1,0,3,1,1,2,4,3,2
10099,2,5,0,0,0,2,1,4,2,1,3,3
10100,2,5,0,1,0,3,1,1,2,4,3,2
10101,2,9,0,1,0,0,0,3,3,0,3,3
10102,2,5,0,1,0,3,1,1,2,4,3,2
10103,3,9,0,0,0,0,0,3,3,0,3,3
10108,2,5,0,1,0,3,1,1,2,4,3,2
10109,2,9,0,1,0,0,0,3,3,0,3,3
10110,2,5,0,1,0,3,1,1,2,4,3,2
10111,3,9,0,0,0,0,0,3,3,0,3,3
10176,1,5,0,2,0,2,1,4,2,1,3,3
10180,1,8,0,2,0,2,2,0,2,4,4,2
10182,1,8,0,2,0,2,2,0,2,4,4,2
10183,1,9,0,0,0,0,0,3,3,0,3,3
10184,1,5,0,2,0,2,1,4,2,1,3,3
10188,2,8,2,0,0,2,2,0,2,4,4,2
10190,2,8,2,0,0,2,2,0,2,4,4,2
10191,2,9,2,0,0,0,0,3,3,0,3,3
10192,1,5,0,1,0,3,1,1,2,4,3,2
10193,1,5,0,0,0,3,1,1,2,4,3,2
10196,1,8,0,1,0,2,2,0,2,4,4,2
10197,1,9,0,0,0,0,0,3,3,0,3,3
10200,1,5,0,1,1,1,2,3,3,0,4,2
10201,1,9,0,0,0,0,0,3,3,0,3,3
10204,2,8,2,0,0,2,2,0,2,4,4,2
10205,2,9,2,0,0,0,0,3,3,0,3,3
10208,2,5,1,1,0,3,1,1,2,4,3,2
10210,2,8,1,1,0,2,2,0,2,4,4,2
10211,2,8,1,1,0,2,2,0,2,4,4,2
10212,2,8,1,1,0,2,2,0,2,4,4,2
10214,2,8,1,0,0,2,2,0,2,4,4,2
10215,2,9,1,0,0,0,0,3,3,0,3,3
10216,2,5,1,1,1,1,2,3,3,0,4,2
10218,2,8,1,1,0,2,2,0,2,4,4,2
10219,2,9,1,1,0,0,0,3,3,0,3,3
10220,2,8,1,1,0,2,2,0,2,4,4,2
10222,2,8,1,0,0,2,2,0,2,4,4,2
10223,2,9,1,0,0,0,0,3,3,0,3,3
10224,2,5,0,1,0,3,1,1,2,4,3,2
10225,2,5,0,1,0,3,1,1,2,4,3,2
10226,2,8,0,1,0,2,2,0,2,4,4,2
10227,2,8,0,0,0,2,2,0,2,4,4,2
10228,2,8,0,1,0,2,2,0,2,4,4,2
10229,2,9,0,1,0,0,0,3,3,0,3,3
10230,2,8,0,1,0,2,2,0,2,4,4,2
10231,3,9,0,0,0,0,0,3,3,0,3,3
10232,2,5,0,1,1,1,2,3,3,0,4,2
10233,2,9,0,1,0,0,0,3,3,0,3,3
10234,2,8,0,1,0,2,2,0,2,4,4,2
10235,2,9,0,0,0,0,0,3,3,0,3,3
10236,2,8,0,1,0,2,2,0,2,4,4,2
10237,2,9,0,1,0,0,0,3,3,0,3,3
10238,2,8,0,1,0,2,2,0,2,4,4,2
10239,3,9,0,0,0,0,0,3,3,0,3,3
10926,1,9,1,0,1,0,1,3,4,0,4,3
10927,1,10,0,0,0,1,1,4,3,0,4,3
10942,1,10,0,1,0,1,1,4,3,0,4,3
10943,2,10,0,0,0,1,1,4,3,0,4,3
10976,1,5,1,1,1,2,2,4,3,1,4,3
10978,1,5,1,0,1,2,2,4,3,1,4,3
10979,1,5,0,0,1,2,2,4,3,1,4,3
10980,1,5,1,1,1,2,2,4,3,1,4,3
10982,2,5,1,0,1,2,2,4,3,1,4,3
10983,2,10,1,0,0,1,1,4,3,0,4,3
10984,1,5,1,1,1,2,2,4,3,1,4,3
10986,1,9,1,0,1,0,1,3,4,0,4,3
10987,1,10,0,0,0,1,1,4,3,0,4,3
10988,2,5,2,0,1,2,2,0,3,3,4,1
10990,2,9,1,0,1,0,1,3,4,0,4,3
10991,2,10,1,0,0,1,1,4,3,0,4,3
10992,1,5,0,1,1,2,2,4,3,1,4,3
10993,1,5,0,0,1,2,2,4,3,1,4,3
10994,1,8,0,1,0,2,2,0,2,4,4,2
10995,2,8,0,0,0,2,2,0,2,4,4,2
10996,1,10,0,1,0,1,1,4,3,0,4,3
10997,1,10,0,0,0,1,1,4,3,0,4,3
10998,2,10,1,0,0,1,1,4,3,0,4,3
10999,2,10,0,0,0,1,1,4,3,0,4,3
11000,1,10,0,1,0,1,1,4,3,0,4,3
11001,1,10,0,0,0,1,1,4,3,0,4,3
11002,1,10,0,1,0,1,1,4,3,0,4,3
11003,2,10,0,0,0,1,1,4,3,0,4,3
11004,2,10,2,0,0,1,1,4,3,0,4,3
11005,2,10,2,0,0,1,1,4,3,0,4,3
11006,2,10,1,0,0,1,1,4,3,0,4,3
11007,2,10,0,0,0,1,1,4,3,0,4,3
11167,1,10,0,0,0,1,1,4,3,0,4,3
11182,1,9,0,2,1,0,1,3,4,0,4,3
11183,1,10,0,0,0,1,1,4,3,0,4,3
11198,2,10,0,1,0,1,1,4,3,0,4,3
11199,2,10,0,0,0,1,1,4,3,0,4,3
11232,1,5,0,2,1,2,2,4,3,1,4,3
11234,1,8,0,2,0,2,2,0,2,4,4,2
11235,1,8,0,0,0,2,2,0,2,4,4,2
11236,1,8,0,2,0,2,2,0,2,4,4,2
11238,2,8,1,0,0,2,2,0,2,4,4,2
11239,2,10,1,0,0,1,1,4,3,0,4,3
11240,1,5,0,2,1,2,2,4,3,1,4,3
11242,1,9,0,2,1,0,1,3,4,0,4,3
11243,1,10,0,0,0,1,1,4,3,0,4,3
11244,2,8,2,0,0,2,2,0,2,4,4,2
11246,2,9,1,0,1,0,1,3,4,0,4,3
11247,2,10,1,0,0,1,1,4,3,0,4,3
11248,2,5,0,1,0,3,1,1,2,4,3,2
11249,2,5,0,1,0,3,1,1,2,4,3,2
11250,2,8,0,1,0,2,2,0,2,4,4,2
11251,2,8,0,0,0,2,2,0,2,4,4,2
11252,2,10,0,1,0,1,1,4,3,0,4,3
11253,2,10,0,1,0,1,1,4,3,0,4,3
11254,2,10,0,1,0,1,1,4,3,0,4,3
11255,2,10,0,0,0,1,1,4,3,0,4,3
11256,2,10,0,1,0,1,1,4,3,0,4,3
11257,2,10,0,1,0,1,1,4,3,0,4,3
11258,2,10,0,1,0,1,1,4,3,0,4,3
11259,2,10,0,0,0,1,1,4,3,0,4,3
11260,2,10,0,1,0,1,1,4,3,0,4,3
11261,2,10,0,1,0,1,1,4,3,0,4,3
11262,2,10,0,1,0,1,1,4,3,0,4,3
11263,2,10,0,0,0,1,1,4,3,0,4,3
11776,1,2,1,2,1,3,2,2,2,4,3,3
11808,1,2,1,1,1,3,2,2,2,4,3,3
11810,1,2,1,0,1,3,2,2,2,4,3,3
11811,1,5,0,0,0,1,1,3,2,0,3,2
11814,1,5,1,0,1,2,2,4,3,1,4,3
11815,1,10,0,0,0,1,1,4,3,0,4,3
11822,1,9,1,0,1,0,1,3,4,0,4,3
11823,1,10,0,0,0,1,1,4,3,0,4,3
11824,1,5,0,1,0,2,1,4,2,1,3,3
11825,1,5,0,0,0,2,1,4,2,1,3,3
11826,1,8,0,1,0,2,2,0,2,4,4,2
11827,2,8,0,0,0,2,2,0,2,4,4,2
11830,1,10,0,1,0,1,1,4,3,0,4,3
11831,2,10,0,0,0,1,1,4,3,0,4,3
11838,1,10,0,1,0,1,1,4,3,0,4,3
11839,2,10,0,0,0,1,1,4,3,0,4,3
11840,1,5,1,2,1,2,2,4,3,1,4,3
11844,1,5,1,2,1,2,2,4,3,1,4,3
11846,1,5,1,0,1,2,2,4,3,1,4,3
11847,1,10,0,0,0,1,1,4,3,0,4,3
11852,1,5,1,2,1,2,2,4,3,1,4,3
11854,1,9,1,0,1,0,1,3,4,0,4,3
11855,1,10,0,0,0,1,1,4,3,0,4,3
11872,2,5,1,1,1,2,2,4,3,1,4,3
11874,2,5,1,1,1,2,2,4,3,1,4,3
11875,2,5,1,1,1,2,2,4,3,1,4,3
11876,2,5,1,1,1,2,2,4,3,1,4,3
11878,2,5,1,0,1,2,2,4,3,1,4,3
11879,2,10,1,0,0,1,1,4,3,0,4,3
11884,2,5,1,1,1,2,2,4,3,1,4,3
11886,2,9,1,0,1,0,1,3,4,0,4,3
11887,2,10,1,0,0,1,1,4,3,0,4,3
11888,2,5,1,1,1,2,2,4,3,1,4,3
11889,2,5,1,1,1,2,2,4,3,1,4,3
11890,2,8,1,1,0,2,2,0,2,4,4,2
11891,2,8,0,0,0,2,2,0,2,4,4,2
11892,2,10,1,1,0,1,1,4,3,0,4,3
11893,2,10,1,1,0,1,1,4,3,0,4,3
11894,2,10,1,0,0,1,1,4,3,0,4,3
11895,2,10,0,0,0,1,1,4,3,0,4,3
11900,2,10,1,1,0,1,1,4,3,0,4,3
11901,2,10,1,1,0,1,1,4,3,0,4,3
11902,2,10,1,0,0,1,1,4,3,0,4,3
11903,2,10,0,0,0,1,1,4,3,0,4,3
11904,1,5,1,2,1,2,2,4,3,1,4,3
11912,1,5,1,2,1,2,2,4,3,1,4,3
11916,1,5,1,2,1,2,2,4,3,1,4,3
11918,1,9,1,0,1,0,1,3,4,0,4,3
11919,1,10,0,0,0,1,1,4,3,0,4,3
11936,1,5,1,1,1,2,2,4,3,1,4,3
11938,1,5,1,0,1,2,2,4,3,1,4,3
11939,1,5,0,0,1,2,2,4,3,1,4,3
11944,1,5,1,1,1,2,2,4,3,1,4,3
11946,1,9,1,0,1,0,1,3,4,0,4,3
11947,1,10,0,0,0,1,1,4,3,0,4,3
11952,1,5,0,1,1,2,2,4,3,1,4,3
11953,1,5,0,0,1,2,2,4,3,1,4,3
11954,1,8,0,1,0,2,2,0,2,4,4,2
11955,2,8,0,0,0,2,2,0,2,4,4,2
11960,1,10,0,1,0,1,1,4,3,0,4,3
11961,1,10,0,0,0,1,1,4,3,0,4,3
11962,1,10,0,1,0,1,1,4,3,0,4,3
11963,2,10,0,0,0,1,1,4,3,0,4,3
11968,2,5,2,1,1,2,2,4,3,1,4,3
11972,2,5,2,1,1,2,2,4,3,1,4,3
11974,2,5,2,1,1,2,2,4,3,1,4,3
11975,2,10,2,1,0,1,1,4,3,0,4,3
11976,2,5,2,1,1,2,2,4,3,1,4,3
11980,2,5,2,0,1,2,2,0,3,3,4,1
11982,2,9,2,0,1,0,1,3,4,0,4,3
11983,2,10,2,0,0,1,1,4,3,0,4,3
12000,2,5,1,1,1,2,2,4,3,1,4,3
12002,2,5,1,1,1,2,2,4,3,1,4,3
12003,2,5,1,1,1,2,2,4,3,1,4,3
12004,2,5,1,1,1,2,2,4,3,1,4,3
12006,2,5,1,0,1,2,2,4,3,1,4,3
12007,2,10,1,0,0,1,1,4,3,0,4,3
12008,2,5,1,1,1,2,2,4,3,1,4,3
12010,2,9,1,1,1,0,1,3,4,0,4,3
12011,2,10,1,1,0,1,1,4,3,0,4,3
12012,2,5,1,1,1,2,2,0,3,3,4,1
12014,3,9,1,0,1,0,1,3,4,0,4,3
12015,3,10,1,0,0,1,1,4,3,0,4,3
12016,2,5,1,1,1,2,2,4,3,1,4,3
12017,2,5,1,1,1,2,2,4,3,1,4,3
12018,2,8,1,1,0,2,2,0,2,4,4,2
12019,2,8,0,0,0,2,2,0,2,4,4,2
12020,2,10,1,1,0,1,1,4,3,0,4,3
12021,2,10,1,1,0,1,1,4,3,0,4,3
12022,2,10,1,0,0,1,1,4,3,0,4,3
12023,2,10,0,0,0,1,1,4,3,0,4,3
12024,2,10,1,1,0,1,1,4,3,0,4,3
12025,2,10,1,1,0,1,1,4,3,0,4,3
12026,2,10,1,1,0,1,1,4,3,0,4,3
12027,2,10,0,0,0,1,1,4,3,0,4,3
12028,2,10,1,1,0,1,1,4,3,0,4,3
12029,2,10,1,1,0,1,1,4,3,0,4,3
12030,3,10,1,0,0,1,1,4,3,0,4,3
12031,3,10,1,0,0,1,1,4,3,0,4,3
12032,1,2,0,2,1,3,2,2,2,4,3,3
12048,1,5,0,1,0,3,1,1,2,4,3,2
12049,1,5,0,0,0,3,1,1,2,4,3,2
12051,1,8,0,0,0,2,2,0,2,4,4,2
12055,1,10,0,0,0,1,1,4,3,0,4,3
12063,1,10,0,0,0,1,1,4,3,0,4,3
12064,1,5,0,2,0,3,1,1,2,4,3,2
12066,1,8,0,2,0,2,2,0,2,4,4,2
12067,1,8,0,0,0,2,2,0,2,4,4,2
12070,1,8,0,2,0,2,2,0,2,4,4,2
12071,1,10,0,0,0,1,1,4,3,0,4,3
12078,1,9,0,2,1,0,1,3,4,0,4,3
12079,1,10,0,0,0,1,1,4,3,0,4,3
12080,2,5,0,1,0,3,1,1,2,4,3,2
12081,2,5,0,1,0,3,1,1,2,4,3,2
12082,2,8,0,1,0,2,2,0,2,4,4,2
12083,2,8,0,0,0,2,2,0,2,4,4,2
12086,2,10,0,1,0,1,1,4,3,0,4,3
12087,2,10,0,0,0,1,1,4,3,0,4,3
12094,2,10,0,1,0,1,1,4,3,0,4,3
12095,2,10,0,0,0,1,1,4,3,0,4,3
12096,1,5,0,2,1,2,2,4,3,1,4,3
12100,1,8,0,2,0,2,2,0,2,4,4,2
12102,1,8,0,2,0,2,2,0,2,4,4,2
12103,1,10,0,0,0,1,1,4,3,0,4,3
12108,1,8,0,2,0,2,2,0,2,4,4,2
12110,1,9,0,2,1,0,1,3,4,0,4,3
12111,1,10,0,0,0,1,1,4,3,0,4,3
12112,1,5,0,1,1,2,2,4,3,1,4,3
12113,1,5,0,0,1,2,2,4,3,1,4,3
12116,1,10,0,1,0,1,1,4,3,0,4,3
12117,1,10,0,0,0,1,1,4,3,0,4,3
12124,1,10,0,1,0,1,1,4,3,0,4,3
12125,1,10,0,0,0,1,1,4,3,0,4,3
12128,2,5,1,1,1,2,2,4,3,1,4,3
12130,2,8,1,1,0,2,2,0,2,4,4,2
12131,2,8,1,1,0,2,2,0,2,4,4,2
12132,2,8,1,1,0,2,2,0,2,4,4,2
12134,2,8,1,0,0,2,2,0,2,4,4,2
12135,2,10,1,0,0,1,1,4,3,0,4,3
12140,2,8,1,1,0,2,2,0,2,4,4,2
12142,2,9,1,0,1,0,1,3,4,0,4,3
12143,2,10,1,0,0,1,1,4,3,0,4,3
12144,2,5,0,1,0,3,1,1,2,4,3,2
12145,2,5,0,1,0,3,1,1,2,4,3,2
12146,2,8,0,1,0,2,2,0,2,4,4,2
12147,2,8,0,0,0,2,2,0,2,4,4,2
12148,2,10,0,1,0,1,1,4,3,0,4,3
12149,2,10,0,1,0,1,1,4,3,0,4,3
12150,2,10,0,1,0,1,1,4,3,0,4,3
12151,3,10,0,0,0,1,1,4,3,0,4,3
12156,2,10,0,1,0,1,1,4,3,0,4,3
12157,2,10,0,1,0,1,1,4,3,0,4,3
12158,2,10,0,1,0,1,1,4,3,0,4,3
12159,3,10,0,0,0,1,1,4,3,0,4,3
12160,1,5,0,2,1,2,2,4,3,1,4,3
12168,1,5,0,2,1,2,2,4,3,1,4,3
12172,1,8,0,2,0,2,2,0,2,4,4,2
12174,1,9,0,2,1,0,1,3,4,0,4,3
12175,1,10,0,0,0,1,1,4,3,0,4,3
12176,1,5,0,1,1,2,2,4,3,1,4,3
12177,1,5,0,0,1,2,2,4,3,1,4,3
12179,1,8,0,0,0,2,2,0,2,4,4,2
12184,1,10,0,1,0,1,1,4,3,0,4,3
12185,1,10,0,0,0,1,1,4,3,0,4,3
12187,1,10,0,0,0,1,1,4,3,0,4,3
12188,1,10,0,1,0,1,1,4,3,0,4,3
12189,1,10,0,0,0,1,1,4,3,0,4,3
12192,1,5,0,2,1,2,2,4,3,1,4,3
12194,1,8,0,2,0,2,2,0,2,4,4,2
12195,1,8,0,0,0,2,2,0,2,4,4,2
12200,1,5,0,2,1,2,2,4,3,1,4,3
12202,1,9,0,2,1,0,1,3,4,0,4,3
12203,1,10,0,0,0,1,1,4,3,0,4,3
12208,2,5,0,1,0,3,1,1,2,4,3,2
12209,2,5,0,1,0,3,1,1,2,4,3,2
12210,2,8,0,1,0,2,2,0,2,4,4,2
12211,2,8,0,0,0,2,2,0,2,4,4,2
12216,2,10,0,1,0,1,1,4,3,0,4,3
12217,2,10,0,1,0,1,1,4,3,0,4,3
12218,2,10,0,1,0,1,1,4,3,0,4,3
12219,2,10,0,0,0,1,1,4,3,0,4,3
12224,2,5,2,1,1,2,2,4,3,1,4,3
12228,2,8,2,1,0,2,2,0,2,4,4,2
12230,2,8,2,1,0,2,2,0,2,4,4,2
12231,2,10,2,1,0,1,1,4,3,0,4,3
12232,2,5,2,1,1,2,2,4,3,1,4,3
12236,2,8,2,0,0,2,2,0,2,4,4,2
12238,2,9,2,0,1,0,1,3,4,0,4,3
12239,2,10,2,0,0,1,1,4,3,0,4,3
12240,2,5,2,1,1,2,2,4,3,1,4,3
12241,2,5,2,1,1,2,2,4,3,1,4,3
12244,2,10,2,1,0,1,1,4,3,0,4,3
12245,2,10,2,1,0,1,1,4,3,0,4,3
12248,2,10,2,1,0,1,1,4,3,0,4,3
12249,2,10,2,1,0,1,1,4,3,0,4,3
12252,2,10,2,0,0,1,1,4,3,0,4,3
12253,2,10,2,0,0,1,1,4,3,0,4,3
12256,2,5,1,1,1,2,2,4,3,1,4,3
12258,2,8,1,1,0,2,2,0,2,4,4,2
12259,2,8,1,1,0,2,2,0,2,4,4,2
12260,2,8,1,1,0,2,2,0,2,4,4,2
12262,2,8,1,0,0,2,2,0,2,4,4,2
12263,2,10,1,0,0,1,1,4,3,0,4,3
12264,2,5,1,1,1,2,2,4,3,1,4,3
12266,2,9,1,1,1,0,1,3,4,0,4,3
12267,2,10,1,1,0,1,1,4,3,0,4,3
12268,2,8,1,1,0,2,2,0,2,4,4,2
12270,3,9,1,0,1,0,1,3,4,0,4,3
12271,3,10,1,0,0,1,1,4,3,0,4,3
12272,2,5,0,1,0,2,1,4,2,1,3,3
12273,2,5,0,1,0,2,1,4,2,1,3,3
12274,2,8,0,1,0,2,2,0,2,4,4,2
12275,2,8,0,0,0,2,2,0,2,4,4,2
12276,2,10,0,1,0,1,1,4,3,0,4,3
12277,2,10,0,1,0,1,1,4,3,0,4,3
12278,2,10,0,1,0,1,1,4,3,0,4,3
12279,3,10,0,0,0,1,1,4,3,0,4,3
12280,2,10,0,1,0,1,1,4,3,0,4,3
12281,2,10,0,1,0,1,1,4,3,0,4,3
12282,2,10,0,1,0,1,1,4,3,0,4,3
12283,2,10,0,0,0,1,1,4,3,0,4,3
12284,2,10,0,1,0,1,1,4,3,0,4,3
12285,2,10,0,1,0,1,1,4,3,0,4,3
12286,3,10,1,0,0,1,1,4,3,0,4,3
12287,3,10,0,0,0,1,1,4,3,0,4,3
12288,1,1,0,3,1,3,1,4,2,3,2,4
12544,1,2,0,2,0,3,1,2,1,4,2,3
12560,1,2,0,1,0,3,1,2,1,4,2,3
12561,1,2,0,0,0,3,1,2,1,4,2,3
12563,1,4,0,0,0,1,0,3,2,1,2,3
12567,1,5,0,0,0,2,1,0,2,3,3,1
12575,1,5,0,0,0,2,1,0,2,3,3,1
12592,1,4,0,1,0,2,0,4,2,2,2,4
12593,1,4,0,0,0,2,0,4,2,2,2,4
12594,1,4,0,1,0,2,0,4,2,2,2,4
12595,2,4,0,0,0,2,0,4,2,2,2,4
12598,1,5,0,1,0,2,1,0,2,3,3,1
12599,2,5,0,0,0,2,1,0,2,3,3,1
12606,1,5,0,1,0,2,1,0,2,3,3,1
12607,2,5,0,0,0,2,1,0,2,3,3,1
12631,1,5,0,0,0,3,1,1,2,4,3,2
12639,1,5,0,0,0,3,1,1,2,4,3,2
12656,1,5,0,1,0,3,1,1,2,4,3,2
12657,1,5,0,0,0,3,1,1,2,4,3,2
12658,1,5,0,1,0,3,1,1,2,4,3,2
12659,2,5,0,0,0,2,1,0,2,3,3,1
12660,1,5,0,1,0,3,1,1,2,4,3,2
12661,1,5,0,0,0,3,1,1,2,4,3,2
12662,2,5,1,0,0,3,1,1,2,4,3,2
12663,2,5,0,0,0,2,1,0,2,3,3,1
12668,1,5,0,1,0,3,1,1,2,4,3,2
12669,1,5,0,0,0,3,1,1,2,4,3,2
12670,2,5,1,0,0,3,1,1,2,4,3,2
12671,2,5,0,0,0,2,1,0,2,3,3,1
12703,1,8,0,0,0,2,2,0,2,4,4,2
12734,1,8,0,1,0,2,2,0,2,4,4,2
12735,2,8,0,0,0,2,2,0,2,4,4,2
12759,1,8,0,0,0,2,2,0,2,4,4,2
12767,2,8,2,0,0,2,2,0,2,4,4,2
12784,1,5,0,1,0,3,1,1,2,4,3,2
12785,1,5,0,0,0,3,1,1,2,4,3,2
12786,1,8,0,1,0,2,2,0,2,4,4,2
12787,2,8,0,0,0,2,2,0,2,4,4,2
12788,1,8,0,1,0,2,2,0,2,4,4,2
12789,1,8,0,0,0,2,2,0,2,4,4,2
12790,2,8,1,0,0,2,2,0,2,4,4,2
12791,2,8,0,0,0,2,2,0,2,4,4,2
12792,1,5,0,1,1,1,2,3,3,0,4,2
12793,1,5,0,0,1,1,2,3,3,0,4,2
12794,1,8,0,1,0,2,2,0,2,4,4,2
12795,2,8,0,0,0,2,2,0,2,4,4,2
12796,2,8,2,0,0,2,2,0,2,4,4,2
12797,2,8,2,0,0,2,2,0,2,4,4,2
12798,2,8,1,0,0,2,2,0,2,4,4,2
12799,2,8,0,0,0,2,2,0,2,4,4,2
12800,1,2,0,3,0,3,1,2,1,4,2,3
12832,1,2,0,3,0,3,1,2,1,4,2,3
12834,1,2,0,3,0,3,1,2,1,4,2,3
12835,1,4,0,0,0,1,0,3,2,1,2,3
12838,1,2,0,3,1,1,2,0,2,2,3,1
12839,1,4,0,0,0,1,0,3,2,1,2,3
12846,1,2,0,3,1,1,2,0,2,2,3,1
12847,1,4,0,0,0,1,0,3,2,1,2,3
12848,1,4,0,1,0,2,0,4,2,2,2,4
12849,1,4,0,0,0,2,0,4,2,2,2,4
12850,1,4,0,1,0,2,0,4,2,2,2,4
12851,2,4,0,0,0,2,0,4,2,2,2,4
12854,1,5,0,1,0,2,1,0,2,3,3,1
12855,2,5,0,0,0,2,1,0,2,3,3,1
12862,1,5,0,1,0,2,1,0,2,3,3,1
12863,2,5,0,0,0,2,1,0,2,3,3,1
12896,1,5,0,3,0,3,1,1,2,4,3,2
12898,1,5,0,3,0,3,1,1,2,4,3,2
12899,1,5,0,0,0,3,1,1,2,4,3,2
12900,1,5,0,3,0,3,1,1,2,4,3,2
12902,2,5,1,0,0,3,1,1,2,4,3,2
12903,2,5,1,0,0,3,1,1,2,4,3,2
12908,1,5,0,3,0,3,1,1,2,4,3,2
12910,2,5,1,0,0,3,1,1,2,4,3,2
12911,2,5,1,0,0,3,1,1,2,4,3,2
12912,1,5,0,1,0,3,1,1,2,4,3,2
12913,1,5,0,0,0,3,1,1,2,4,3,2
12914,1,5,0,1,0,3,1,1,2,4,3,2
12915,2,5,0,0,0,2,1,0,2,3,3,1
12916,1,5,0,1,0,3,1,1,2,4,3,2
12917,1,5,0,0,0,3,1,1,2,4,3,2
12918,2,5,1,0,0,3,1,1,2,4,3,2
12919,2,5,0,0,0,2,1,0,2,3,3,1
12924,1,5,0,1,0,3,1,1,2,4,3,2
12925,1,5,0,0,0,3,1,1,2,4,3,2
12926,2,5,1,0,0,3,1,1,2,4,3,2
12927,2,5,0,0,0,2,1,0,2,3,3,1
12974,1,5,0,3,1,1,2,3,3,0,4,2
12975,1,5,0,0,1,1,2,3,3,0,4,2
12990,1,8,0,1,0,2,2,0,2,4,4,2
12991,2,8,0,0,0,2,2,0,2,4,4,2
13024,1,5,0,3,0,3,1,1,2,4,3,2
13026,1,5,0,3,0,3,1,1,2,4,3,2
13027,1,5,0,0,0,3,1,1,2,4,3,2
13028,1,5,0,3,1,1,2,3,3,0,4,2
13030,2,5,1,0,1,1,2,3,3,0,4,2
13031,2,5,1,0,1,1,2,3,3,0,4,2
13032,1,5,0,3,1,1,2,3,3,0,4,2
13034,1,5,0,3,1,1,2,3,3,0,4,2
13035,1,5,0,0,1,1,2,3,3,0,4,2
13036,2,5,2,0,1,1,2,3,3,0,4,2
13038,2,5,1,0,1,1,2,3,3,0,4,2
13039,2,5,1,0,1,1,2,3,3,0,4,2
13040,1,5,0,1,0,3,1,1,2,4,3,2
13041,1,5,0,0,0,3,1,1,2,4,3,2
13042,1,8,0,1,0,2,2,0,2,4,4,2
13043,2,8,0,0,0,2,2,0,2,4,4,2
13044,1,8,0,1,0,2,2,0,2,4,4,2
13045,1,8,0,0,0,2,2,0,2,4,4,2
13046,2,8,1,0,0,2,2,0,2,4,4,2
13047,2,8,0,0,0,2,2,0,2,4,4,2
13048,1,5,0,1,1,1,2,3,3,0,4,2
13049,1,5,0,0,1,1,2,3,3,0,4,2
13050,1,8,0,1,0,2,2,0,2,4,4,2
13051,2,8,0,0,0,2,2,0,2,4,4,2
13052,2,8,2,0,0,2,2,0,2,4,4,2
13053,2,8,2,0,0,2,2,0,2,4,4,2
13054,2,8,1,0,0,2,2,0,2,4,4,2
13055,2,8,0,0,0,2,2,0,2,4,4,2
13056,2,4,0,2,0,2,0,4,2,2,2,4
13072,2,4,0,2,0,2,0,4,2,2,2,4
13073,2,4,0,2,0,2,0,4,2,2,2,4
13075,2,4,0,2,0,2,0,4,2,2,2,4
13079,2,5,0,2,0,2,1,0,2,3,3,1
13087,2,5,0,2,0,2,1,0,2,3,3,1
13088,2,4,0,2,0,2,0,4,2,2,2,4
13090,2,4,0,2,0,2,0,4,2,2,2,4
13091,2,4,0,2,0,2,0,4,2,2,2,4
13094,2,5,0,2,0,2,1,0,2,3,3,1
13095,2,5,0,2,0,2,1,0,2,3,3,1
13102,2,5,0,2,0,2,1,0,2,3,3,1
13103,2,5,0,2,0,2,1,0,2,3,3,1
13104,2,4,0,1,0,2,0,4,2,2,2,4
13105,2,4,0,1,0,2,0,4,2,2,2,4
13106,2,4,0,1,0,2,0,4,2,2,2,4
13107,2,4,0,0,0,2,0,4,2,2,2,4
13110,2,5,0,1,0,2,1,0,2,3,3,1
13111,2,5,0,0,0,2,1,0,2,3,3,1
13118,2,5,0,1,0,2,1,0,2,3,3,1
13119,2,5,0,0,0,2,1,0,2,3,3,1
13152,2,5,0,2,0,3,1,1,2,4,3,2
13154,2,5,0,2,0,3,1,1,2,4,3,2
13155,2,5,0,2,0,3,1,1,2,4,3,2
13156,2,5,0,2,0,3,1,1,2,4,3,2
13158,2,5,0,2,0,3,1,1,2,4,3,2
13159,2,5,0,2,0,3,1,1,2,4,3,2
13164,2,5,0,2,0,3,1,1,2,4,3,2
13166,2,5,0,2,0,3,1,1,2,4,3,2
13167,2,5,0,2,0,3,1,1,2,4,3,2
13168,2,5,0,1,0,3,1,1,2,4,3,2
13169,2,5,0,1,0,3,1,1,2,4,3,2
13170,2,5,0,1,0,3,1,1,2,4,3,2
13171,2,5,0,0,0,2,1,0,2,3,3,1
13172,2,5,0,1,0,3,1,1,2,4,3,2
13173,2,5,0,1,0,3,1,1,2,4,3,2
13174,2,5,0,1,0,3,1,1,2,4,3,2
13175,2,5,0,0,0,2,1,0,2,3,3,1
13180,2,5,0,1,0,3,1,1,2,4,3,2
13181,2,5,0,1,0,3,1,1,2,4,3,2
13182,2,5,0,1,0,3,1,1,2,4,3,2
13183,2,5,0,0,0,2,1,0,2,3,3,1
13215,2,8,0,2,0,2,2,0,2,4,4,2
13230,2,8,0,2,0,2,2,0,2,4,4,2
13231,2,8,0,2,0,2,2,0,2,4,4,2
13246,2,8,0,1,0,2,2,0,2,4,4,2
13247,2,8,0,0,0,2,2,0,2,4,4,2
13280,2,5,0,2,0,3,1,1,2,4,3,2
13282,2,8,0,2,0,2,2,0,2,4,4,2
13283,2,8,0,2,0,2,2,0,2,4,4,2
13284,2,8,0,2,0,2,2,0,2,4,4,2
13286,2,8,0,2,0,2,2,0,2,4,4,2
13287,2,8,0,2,0,2,2,0,2,4,4,2
13288,2,5,0,2,1,1,2,3,3,0,4,2
13290,2,8,0,2,0,2,2,0,2,4,4,2
13291,2,8,0,2,0,2,2,0,2,4,4,2
13292,2,8,0,2,0,2,2,0,2,4,4,2
13294,2,8,0,2,0,2,2,0,2,4,4,2
13295,2,8,0,2,0,2,2,0,2,4,4,2
13296,2,5,0,1,0,3,1,1,2,4,3,2
13297,2,5,0,1,0,3,1,1,2,4,3,2
13298,2,8,0,1,0,2,2,0,2,4,4,2
13299,2,8,0,0,0,2,2,0,2,4,4,2
13300,2,8,0,1,0,2,2,0,2,4,4,2
13301,2,8,0,1,0,2,2,0,2,4,4,2
13302,2,8,0,1,0,2,2,0,2,4,4,2
13303,2,8,0,0,0,2,2,0,2,4,4,2
13304,2,5,0,1,1,1,2,3,3,0,4,2
13305,2,5,0,1,1,1,2,3,3,0,4,2
13306,2,8,0,1,0,2,2,0,2,4,4,2
13307,2,8,0,0,0,2,2,0,2,4,4,2
13308,2,8,0,1,0,2,2,0,2,4,4,2
13309,2,8,0,1,0,2,2,0,2,4,4,2
13310,2,8,0,1,0,2,2,0,2,4,4,2
13311,2,8,0,0,0,2,2,0,2,4,4,2
13824,1,2,0,3,1,3,2,2,2,4,3,3
13856,1,5,0,3,0,3,1,1,2,4,3,2
13858,1,5,0,3,0,3,1,1,2,4,3,2
13859,1,5,0,0,0,3,1,1,2,4,3,2
13862,1,5,0,3,0,3,1,1,2,4,3,2
13863,1,9,0,0,0,0,0,3,3,0,3,3
13870,1,5,0,3,1,2,2,0,3,3,4,1
13871,1,9,0,0,0,0,0,3,3,0,3,3
13872,1,5,0,1,0,3,1,1,2,4,3,2
13873,1,5,0,0,0,3,1,1,2,4,3,2
13874,1,5,0,1,0,3,1,1,2,4,3,2
13875,2,5,0,0,0,2,1,4,2,1,3,3
13878,1,5,0,1,0,3,1,1,2,4,3,2
13879,2,9,0,0,0,0,0,3,3,0,3,3
13886,1,5,0,1,1,2,2,0,3,3,4,1
13887,2,9,0,0,0,0,0,3,3,0,3,3
13888,1,2,0,3,1,3,2,2,2,4,3,3
13892,1,2,0,3,1,3,2,2,2,4,3,3
13894,1,5,0,3,0,3,1,1,2,4,3,2
13895,1,9,0,0,0,0,0,3,3,0,3,3
13900,1,5,0,3,1,2,2,0,3,3,4,1
13902,1,5,0,3,1,2,2,0,3,3,4,1
13903,1,9,0,0,0,0,0,3,3,0,3,3
13920,2,5,1,1,0,3,1,1,2,4,3,2
13922,2,5,1,1,0,3,1,1,2,4,3,2
13923,2,5,1,1,0,3,1,1,2,4,3,2
13924,2,5,1,1,0,3,1,1,2,4,3,2
13926,2,5,1,0,0,3,1,1,2,4,3,2
13927,2,9,1,0,0,0,0,3,3,0,3,3
13932,2,5,1,1,1,2,2,0,3,3,4,1
13934,2,5,1,0,1,2,2,0,3,3,4,1
13935,2,9,1,0,0,0,0,3,3,0,3,3
13936,2,5,1,1,0,3,1,1,2,4,3,2
13937,2,5,1,1,0,3,1,1,2,4,3,2
13938,2,5,1,1,0,3,1,1,2,4,3,2
13939,2,5,0,0,0,2,1,4,2,1,3,3
13940,2,5,1,1,0,3,1,1,2,4,3,2
13941,2,9,1,1,0,0,0,3,3,0,3,3
13942,2,5,1,0,0,3,1,1,2,4,3,2
13943,2,9,0,0,0,0,0,3,3,0,3,3
13948,2,5,1,1,1,2,2,0,3,3,4,1
13949,2,9,1,1,0,0,0,3,3,0,3,3
13950,2,5,1,0,1,2,2,0,3,3,4,1
13951,2,9,0,0,0,0,0,3,3,0,3,3
14016,1,2,0,3,2,2,3,1,3,3,4,2
14020,1,5,0,3,1,2,2,0,3,3,4,1
14022,1,5,0,3,1,2,2,0,3,3,4,1
14023,1,9,0,0,0,0,0,3,3,0,3,3
14024,1,2,0,3,2,2,3,1,3,3,4,2
14028,2,5,2,0,1,2,2,0,3,3,4,1
14030,2,5,2,0,1,2,2,0,3,3,4,1
14031,2,9,2,0,0,0,0,3,3,0,3,3
14048,2,5,1,1,0,3,1,1,2,4,3,2
14050,2,5,1,1,1,2,2,0,3,3,4,1
14051,2,5,1,1,1,2,2,0,3,3,4,1
14052,2,5,1,1,1,2,2,0,3,3,4,1
14054,2,5,1,0,1,2,2,0,3,3,4,1
14055,2,9,1,0,0,0,0,3,3,0,3,3
14056,2,5,1,1,1,1,2,3,3,0,4,2
14058,2,5,1,1,1,2,2,0,3,3,4,1
14059,2,9,1,1,0,0,0,3,3,0,3,3
14060,2,5,1,1,1,2,2,0,3,3,4,1
14062,2,5,1,0,1,2,2,0,3,3,4,1
14063,2,9,1,0,0,0,0,3,3,0,3,3
14064,2,5,1,1,0,3,1,1,2,4,3,2
14065,2,5,1,1,0,3,1,1,2,4,3,2
14066,2,8,1,1,0,2,2,0,2,4,4,2
14067,2,8,0,0,0,2,2,0,2,4,4,2
14068,2,8,1,1,0,2,2,0,2,4,4,2
14069,2,9,1,1,0,0,0,3,3,0,3,3
14070,2,8,1,0,0,2,2,0,2,4,4,2
14071,2,9,0,0,0,0,0,3,3,0,3,3
14072,2,5,1,1,1,1,2,3,3,0,4,2
14073,2,9,1,1,0,0,0,3,3,0,3,3
14074,2,8,1,1,0,2,2,0,2,4,4,2
14075,2,9,0,0,0,0,0,3,3,0,3,3
14076,2,8,1,1,0,2,2,0,2,4,4,2
14077,2,9,1,1,0,0,0,3,3,0,3,3
14078,2,8,1,0,0,2,2,0,2,4,4,2
14079,2,9,0,0,0,0,0,3,3,0,3,3
14080,2,4,0,2,0,2,0,4,2,2,2,4
14096,2,5,0,2,0,3,1,1,2,4,3,2
14097,2,5,0,2,0,3,1,1,2,4,3,2
14099,2,5,0,2,0,3,1,1,2,4,3,2
14103,2,9,0,2,0,0,0,3,3,0,3,3
14111,2,9,0,2,0,0,0,3,3,0,3,3
14112,2,5,0,2,0,3,1,1,2,4,3,2
14114,2,5,0,2,0,3,1,1,2,4,3,2
14115,2,5,0,2,0,3,1,1,2,4,3,2
14118,2,5,0,2,0,3,1,1,2,4,3,2
14119,2,9,0,2,0,0,0,3,3,0,3,3
14126,2,5,0,2,1,2,2,0,3,3,4,1
14127,2,9,0,2,0,0,0,3,3,0,3,3
14128,2,5,0,1,0,3,1,1,2,4,3,2
14129,2,5,0,1,0,3,1,1,2,4,3,2
14130,2,5,0,1,0,3,1,1,2,4,3,2
14131,2,5,0,0,0,2,1,4,2,1,3,3
14134,2,5,0,1,0,3,1,1,2,4,3,2
14135,2,9,0,0,0,0,0,3,3,0,3,3
14142,2,5,0,1,0,3,1,1,2,4,3,2
14143,2,9,0,0,0,0,0,3,3,0,3,3
14144,2,5,0,2,0,2,1,4,2,1,3,3
14148,2,5,0,2,0,2,1,4,2,1,3,3
14150,2,5,0,2,0,3,1,1,2,4,3,2
14151,2,9,0,2,0,0,0,3,3,0,3,3
14156,2,5,0,2,1,2,2,0,3,3,4,1
14158,2,5,0,2,1,2,2,0,3,3,4,1
14159,2,9,0,2,0,0,0,3,3,0,3,3
14160,2,5,0,2,0,3,1,1,2,4,3,2
14161,2,5,0,2,0,3,1,1,2,4,3,2
14164,2,5,0,2,0,3,1,1,2,4,3,2
14165,2,9,0,2,0,0,0,3,3,0,3,3
14172,2,5,0,2,1,2,2,0,3,3,4,1
14173,2,9,0,2,0,0,0,3,3,0,3,3
14176,2,5,0,2,0,3,1,1,2,4,3,2
14178,2,5,0,2,0,3,1,1,2,4,3,2
14179,2,5,0,2,0,3,1,1,2,4,3,2
14180,2,5,0,2,0,3,1,1,2,4,3,2
14182,2,5,0,2,0,3,1,1,2,4,3,2
14183,2,9,0,2,0,0,0,3,3,0,3,3
14188,2,5,0,2,1,2,2,0,3,3,4,1
14190,2,5,0,2,1,2,2,0,3,3,4,1
14191,2,9,0,2,0,0,0,3,3,0,3,3
14192,2,5,0,1,0,3,1,1,2,4,3,2
14193,2,5,0,1,0,3,1,1,2,4,3,2
14194,2,5,0,1,0,3,1,1,2,4,3,2
14195,2,5,0,0,0,2,1,4,2,1,3,3
14196,2,5,0,1,0,3,1,1,2,4,3,2
14197,2,9,0,1,0,0,0,3,3,0,3,3
14198,2,5,0,1,0,3,1,1,2,4,3,2
14199,3,9,0,0,0,0,0,3,3,0,3,3
14204,2,5,0,1,0,3,1,1,2,4,3,2
14205,2,9,0,1,0,0,0,3,3,0,3,3
14206,2,5,0,1,0,3,1,1,2,4,3,2
14207,3,9,0,0,0,0,0,3,3,0,3,3
14272,2,5,0,2,0,2,1,4,2,1,3,3
14276,2,8,0,2,0,2,2,0,2,4,4,2
14278,2,8,0,2,0,2,2,0,2,4,4,2
14279,2,9,0,2,0,0,0,3,3,0,3,3
14280,2,5,0,2,0,2,1,4,2,1,3,3
14284,2,8,0,2,0,2,2,0,2,4,4,2
14286,2,8,0,2,0,2,2,0,2,4,4,2
14287,2,9,0,2,0,0,0,3,3,0,3,3
14288,2,5,0,2,0,3,1,1,2,4,3,2
14289,2,5,0,2,0,3,1,1,2,4,3,2
14292,2,8,0,2,0,2,2,0,2,4,4,2
14293,2,9,0,2,0,0,0,3,3,0,3,3
14296,2,5,0,2,1,1,2,3,3,0,4,2
14297,2,9,0,2,0,0,0,3,3,0,3,3
14300,2,8,0,2,0,2,2,0,2,4,4,2
14301,2,9,0,2,0,0,0,3,3,0,3,3
14304,2,5,0,2,0,3,1,1,2,4,3,2
14306,2,8,0,2,0,2,2,0,2,4,4,2
14307,2,8,0,2,0,2,2,0,2,4,4,2
14308,2,8,0,2,0,2,2,0,2,4,4,2
14310,2,8,0,2,0,2,2,0,2,4,4,2
14311,2,9,0,2,0,0,0,3,3,0,3,3
14312,2,5,0,2,1,1,2,3,3,0,4,2
14314,2,8,0,2,0,2,2,0,2,4,4,2
14315,2,9,0,2,0,0,0,3,3,0,3,3
14316,2,8,0,2,0,2,2,0,2,4,4,2
14318,2,8,0,2,0,2,2,0,2,4,4,2
14319,2,9,0,2,0,0,0,3,3,0,3,3
14320,2,5,0,1,0,3,1,1,2,4,3,2
14321,2,5,0,1,0,3,1,1,2,4,3,2
14322,2,8,0,1,0,2,2,0,2,4,4,2
14323,2,8,0,0,0,2,2,0,2,4,4,2
14324,2,8,0,1,0,2,2,0,2,4,4,2
14325,2,9,0,1,0,0,0,3,3,0,3,3
14326,2,8,0,1,0,2,2,0,2,4,4,2
14327,3,9,0,0,0,0,0,3,3,0,3,3
14328,2,5,0,1,1,1,2,3,3,0,4,2
14329,2,9,0,1,0,0,0,3,3,0,3,3
14330,2,8,0,1,0,2,2,0,2,4,4,2
14331,2,9,0,0,0,0,0,3,3,0,3,3
14332,2,8,0,1,0,2,2,0,2,4,4,2
14333,2,9,0,1,0,0,0,3,3,0,3,3
14334,2,8,0,1,0,2,2,0,2,4,4,2
14335,3,9,0,0,0,0,0,3,3,0,3,3
14751,1,10,0,0,0,1,1,4,3,0,4,3
14782,1,10,0,1,0,1,1,4,3,0,4,3
14783,2,10,0,0,0,1,1,4,3,0,4,3
14807,1,10,0,0,0,1,1,4,3,0,4,3
14815,2,10,2,0,0,1,1,4,3,0,4,3
14832,1,5,0,1,1,2,2,4,3,1,4,3
14833,1,5,0,0,1,2,2,4,3,1,4,3
14834,1,8,0,1,0,2,2,0,2,4,4,2
14835,2,8,0,0,0,2,2,0,2,4,4,2
14836,1,10,0,1,0,1,1,4,3,0,4,3
14837,1,10,0,0,0,1,1,4,3,0,4,3
14838,2,10,1,0,0,1,1,4,3,0,4,3
14839,2,10,0,0,0,1,1,4,3,0,4,3
14840,1,10,0,1,0,1,1,4,3,0,4,3
14841,1,10,0,0,0,1,1,4,3,0,4,3
14842,1,10,0,1,0,1,1,4,3,0,4,3
14843,2,10,0,0,0,1,1,4,3,0,4,3
14844,2,10,2,0,0,1,1,4,3,0,4,3
14845,2,10,2,0,0,1,1,4,3,0,4,3
14846,2,10,1,0,0,1,1,4,3,0,4,3
14847,2,10,0,0,0,1,1,4,3,0,4,3
15022,1,9,0,3,1,0,1,3,4,0,4,3
15023,1,10,0,0,0,1,1,4,3,0,4,3
15038,1,10,0,1,0,1,1,4,3,0,4,3
15039,2,10,0,0,0,1,1,4,3,0,4,3
15072,1,5,0,3,1,2,2,4,3,1,4,3
15074,1,5,0,3,1,2,2,4,3,1,4,3
15075,1,5,0,0,1,2,2,4,3,1,4,3
15076,1,5,0,3,1,2,2,4,3,1,4,3
15078,2,5,1,0,1,2,2,4,3,1,4,3
15079,2,10,1,0,0,1,1,4,3,0,4,3
15080,1,5,0,3,1,2,2,4,3,1,4,3
15082,1,9,0,3,1,0,1,3,4,0,4,3
15083,1,10,0,0,0,1,1,4,3,0,4,3
15084,2,5,2,0,1,2,2,0,3,3,4,1
15086,2,9,1,0,1,0,1,3,4,0,4,3
15087,2,10,1,0,0,1,1,4,3,0,4,3
15088,1,5,0,1,1,2,2,4,3,1,4,3
15089,1,5,0,0,1,2,2,4,3,1,4,3
15090,1,8,0,1,0,2,2,0,2,4,4,2
15091,2,8,0,0,0,2,2,0,2,4,4,2
15092,1,10,0,1,0,1,1,4,3,0,4,3
15093,1,10,0,0,0,1,1,4,3,0,4,3
15094,2,10,1,0,0,1,1,4,3,0,4,3
15095,2,10,0,0,0,1,1,4,3,0,4,3
15096,1,10,0,1,0,1,1,4,3,0,4,3
15097,1,10,0,0,0,1,1,4,3,0,4,3
15098,1,10,0,1,0,1,1,4,3,0,4,3
15099,2,10,0,0,0,1,1,4,3,0,4,3
15100,2,10,2,0,0,1,1,4,3,0,4,3
15101,2,10,2,0,0,1,1,4,3,0,4,3
15102,2,10,1,0,0,1,1,4,3,0,4,3
15103,2,10,0,0,0,1,1,4,3,0,4,3
15263,2,10,0,2,0,1,1,4,3,0,4,3
15278,2,8,0,2,0,2,2,0,2,4,4,2
15279,2,10,0,2,0,1,1,4,3,0,4,3
15294,2,10,0,1,0,1,1,4,3,0,4,3
15295,2,10,0,0,0,1,1,4,3,0,4,3
15328,2,5,0,2,1,2,2,4,3,1,4,3
15330,2,8,0,2,0,2,2,0,2,4,4,2
15331,2,8,0,2,0,2,2,0,2,4,4,2
15332,2,8,0,2,0,2,2,0,2,4,4,2
15334,2,8,0,2,0,2,2,0,2,4,4,2
15335,2,10,0,2,0,1,1,4,3,0,4,3
15336,2,5,0,2,1,2,2,4,3,1,4,3
15338,2,8,0,2,0,2,2,0,2,4,4,2
15339,2,10,0,2,0,1,1,4,3,0,4,3
15340,2,8,0,2,0,2,2,0,2,4,4,2
15342,2,8,0,2,0,2,2,0,2,4,4,2
15343,2,10,0,2,0,1,1,4,3,0,4,3
15344,2,5,0,1,0,3,1,1,2,4,3,2
15345,2,5,0,1,0,3,1,1,2,4,3,2
15346,2,8,0,1,0,2,2,0,2,4,4,2
15347,2,8,0,0,0,2,2,0,2,4,4,2
15348,2,10,0,1,0,1,1,4,3,0,4,3
15349,2,10,0,1,0,1,1,4,3,0,4,3
15350,2,10,0,1,0,1,1,4,3,0,4,3
15351,2,10,0,0,0,1,1,4,3,0,4,3
15352,2,10,0,1,0,1,1,4,3,0,4,3
15353,2,10,0,1,0,1,1,4,3,0,4,3
15354,2,10,0,1,0,1,1,4,3,0,4,3
15355,2,10,0,0,0,1,1,4,3,0,4,3
15356,2,10,0,1,0,1,1,4,3,0,4,3
15357,2,10,0,1,0,1,1,4,3,0,4,3
15358,2,10,0,1,0,1,1,4,3,0,4,3
15359,2,10,0,0,0,1,1,4,3,0,4,3
15872,1,2,0,3,1,3,2,2,2,4,3,3
15904,1,5,0,3,0,3,1,1,2,4,3,2
15906,1,5,0,3,0,3,1,1,2,4,3,2
15907,1,5,0,0,0,3,1,1,2,4,3,2
15910,1,5,0,3,1,2,2,4,3,1,4,3
15911,1,10,0,0,0,1,1,4,3,0,4,3
15918,1,9,0,3,1,0,1,3,4,0,4,3
15919,1,10,0,0,0,1,1,4,3,0,4,3
15920,1,5,0,1,0,3,1,1,2,4,3,2
15921,1,5,0,0,0,3,1,1,2,4,3,2
15922,1,8,0,1,0,2,2,0,2,4,4,2
15923,2,8,0,0,0,2,2,0,2,4,4,2
15926,1,10,0,1,0,1,1,4,3,0,4,3
15927,2,10,0,0,0,1,1,4,3,0,4,3
15934,1,10,0,1,0,1,1,4,3,0,4,3
15935,2,10,0,0,0,1,1,4,3,0,4,3
15936,1,5,0,3,1,2,2,4,3,1,4,3
15940,1,5,0,3,1,2,2,4,3,1,4,3
15942,1,5,0,3,1,2,2,4,3,1,4,3
15943,1,10,0,0,0,1,1,4,3,0,4,3
15948,1,5,0,3,1,2,2,4,3,1,4,3
15950,1,9,0,3,1,0,1,3,4,0,4,3
15951,1,10,0,0,0,1,1,4,3,0,4,3
15968,2,5,1,1,1,2,2,4,3,1,4,3
15970,2,5,1,1,1,2,2,4,3,1,4,3
15971,2,5,1,1,1,2,2,4,3,1,4,3
15972,2,5,1,1,1,2,2,4,3,1,4,3
15974,2,5,1,0,1,2,2,4,3,1,4,3
15975,2,10,1,0,0,1,1,4,3,0,4,3
15980,2,5,1,1,1,2,2,4,3,1,4,3
15982,2,9,1,0,1,0,1,3,4,0,4,3
15983,2,10,1,0,0,1,1,4,3,0,4,3
15984,2,5,1,1,1,2,2,4,3,1,4,3
15985,2,5,1,1,1,2,2,4,3,1,4,3
15986,2,8,1,1,0,2,2,0,2,4,4,2
15987,2,8,0,0,0,2,2,0,2,4,4,2
15988,2,10,1,1,0,1,1,4,3,0,4,3
15989,2,10,1,1,0,1,1,4,3,0,4,3
15990,2,10,1,0,0,1,1,4,3,0,4,3
15991,2,10,0,0,0,1,1,4,3,0,4,3
15996,2,10,1,1,0,1,1,4,3,0,4,3
15997,2,10,1,1,0,1,1,4,3,0,4,3
15998,2,10,1,0,0,1,1,4,3,0,4,3
15999,2,10,0,0,0,1,1,4,3,0,4,3
16000,1,5,0,3,1,2,2,4,3,1,4,3
16008,1,5,0,3,1,2,2,4,3,1,4,3
16012,1,5,0,3,1,2,2,4,3,1,4,3
16014,1,9,0,3,1,0,1,3,4,0,4,3
16015,1,10,0,0,0,1,1,4,3,0,4,3
16032,1,5,0,3,1,2,2,4,3,1,4,3
16034,1,5,0,3,1,2,2,4,3,1,4,3
16035,1,5,0,0,1,2,2,4,3,1,4,3
16040,1,5,0,3,1,2,2,4,3,1,4,3
16042,1,9,0,3,1,0,1,3,4,0,4,3
16043,1,10,0,0,0,1,1,4,3,0,4,3
16048,1,5,0,1,1,2,2,4,3,1,4,3
16049,1,5,0,0,1,2,2,4,3,1,4,3
16050,1,8,0,1,0,2,2,0,2,4,4,2
16051,2,8,0,0,0,2,2,0,2,4,4,2
16056,1,10,0,1,0,1,1,4,3,0,4,3
16057,1,10,0,0,0,1,1,4,3,0,4,3
16058,1,10,0,1,0,1,1,4,3,0,4,3
16059,2,10,0,0,0,1,1,4,3,0,4,3
16064,2,5,2,1,1,2,2,4,3,1,4,3
16068,2,5,2,1,1,2,2,4,3,1,4,3
16070,2,5,2,1,1,2,2,4,3,1,4,3
16071,2,10,2,1,0,1,1,4,3,0,4,3
16072,2,5,2,1,1,2,2,4,3,1,4,3
16076,2,5,2,0,1,2,2,0,3,3,4,1
16078,2,9,2,0,1,0,1,3,4,0,4,3
16079,2,10,2,0,0,1,1,4,3,0,4,3
16096,2,5,1,1,1,2,2,4,3,1,4,3
16098,2,5,1,1,1,2,2,4,3,1,4,3
16099,2,5,1,1,1,2,2,4,3,1,4,3
16100,2,5,1,1,1,2,2,4,3,1,4,3
16102,2,5,1,0,1,2,2,4,3,1,4,3
16103,2,10,1,0,0,1,1,4,3,0,4,3
16104,2,5,1,1,1,2,2,4,3,1,4,3
16106,2,9,1,1,1,0,1,3,4,0,4,3
16107,2,10,1,1,0,1,1,4,3,0,4,3
16108,2,5,1,1,1,2,2,0,3,3,4,1
16110,3,9,1,0,1,0,1,3,4,0,4,3
16111,3,10,1,0,0,1,1,4,3,0,4,3
16112,2,5,1,1,1,2,2,4,3,1,4,3
16113,2,5,1,1,1,2,2,4,3,1,4,3
16114,2,8,1,1,0,2,2,0,2,4,4,2
16115,2,8,0,0,0,2,2,0,2,4,4,2
16116,2,10,1,1,0,1,1,4,3,0,4,3
16117,2,10,1,1,0,1,1,4,3,0,4,3
16118,2,10,1,0,0,1,1,4,3,0,4,3
16119,2,10,0,0,0,1,1,4,3,0,4,3
16120,2,10,1,1,0,1,1,4,3,0,4,3
16121,2,10,1,1,0,1,1,4,3,0,4,3
16122,2,10,1,1,0,1,1,4,3,0,4,3
16123,2,10,0,0,0,1,1,4,3,0,4,3
16124,2,10,1,1,0,1,1,4,3,0,4,3
16125,2,10,1,1,0,1,1,4,3,0,4,3
16126,3,10,1,0,0,1,1,4,3,0,4,3
16127,3,10,1,0,0,1,1,4,3,0,4,3
16128,2,4,0,2,0,2,0,4,2,2,2,4
16144,2,5,0,2,0,3,1,1,2,4,3,2
16145,2,5,0,2,0,3,1,1,2,4,3,2
16147,2,8,0,2,0,2,2,0,2,4,4,2
16151,2,10,0,2,0,1,1,4,3,0,4,3
16159,2,10,0,2,0,1,1,4,3,0,4,3
16160,2,5,0,2,0,3,1,1,2,4,3,2
16162,2,8,0,2,0,2,2,0,2,4,4,2
16163,2,8,0,2,0,2,2,0,2,4,4,2
16166,2,8,0,2,0,2,2,0,2,4,4,2
16167,2,10,0,2,0,1,1,4,3,0,4,3
16174,2,8,0,2,0,2,2,0,2,4,4,2
16175,2,10,0,2,0,1,1,4,3,0,4,3
16176,2,5,0,1,0,3,1,1,2,4,3,2
16177,2,5,0,1,0,3,1,1,2,4,3,2
16178,2,8,0,1,0,2,2,0,2,4,4,2
16179,2,8,0,0,0,2,2,0,2,4,4,2
16182,2,10,0,1,0,1,1,4,3,0,4,3
16183,2,10,0,0,0,1,1,4,3,0,4,3
16190,2,10,0,1,0,1,1,4,3,0,4,3
16191,2,10,0,0,0,1,1,4,3,0,4,3
16192,2,5,0,2,1,2,2,4,3,1,4,3
16196,2,8,0,2,0,2,2,0,2,4,4,2
16198,2,8,0,2,0,2,2,0,2,4,4,2
16199,2,10,0,2,0,1,1,4,3,0,4,3
16204,2,8,0,2,0,2,2,0,2,4,4,2
16206,2,8,0,2,0,2,2,0,2,4,4,2
16207,2,10,0,2,0,1,1,4,3,0,4,3
16208,2,5,0,2,1,2,2,4,3,1,4,3
16209,2,5,0,2,1,2,2,4,3,1,4,3
16212,2,10,0,2,0,1,1,4,3,0,4,3
16213,2,10,0,2,0,1,1,4,3,0,4,3
16220,2,10,0,2,0,1,1,4,3,0,4,3
16221,2,10,0,2,0,1,1,4,3,0,4,3
16224,2,5,0,2,1,2,2,4,3,1,4,3
16226,2,8,0,2,0,2,2,0,2,4,4,2
16227,2,8,0,2,0,2,2,0,2,4,4,2
16228,2,8,0,2,0,2,2,0,2,4,4,2
16230,2,8,0,2,0,2,2,0,2,4,4,2
16231,2,10,0,2,0,1,1,4,3,0,4,3
16236,2,8,0,2,0,2,2,0,2,4,4,2
16238,2,8,0,2,0,2,2,0,2,4,4,2
16239,2,10,0,2,0,1,1,4,3,0,4,3
16240,2,5,0,1,0,3,1,1,2,4,3,2
16241,2,5,0,1,0,3,1,1,2,4,3,2
16242,2,8,0,1,0,2,2,0,2,4,4,2
16243,2,8,0,0,0,2,2,0,2,4,4,2
16244,2,10,0,1,0,1,1,4,3,0,4,3
16245,2,10,0,1,0,1,1,4,3,0,4,3
16246,2,10,0,1,0,1,1,4,3,0,4,3
16247,3,10,0,0,0,1,1,4,3,0,4,3
16252,2,10,0,1,0,1,1,4,3,0,4,3
16253,2,10,0,1,0,1,1,4,3,0,4,3
16254,2,10,0,1,0,1,1,4,3,0,4,3
16255,3,10,0,0,0,1,1,4,3,0,4,3
16256,2,5,0,2,1,2,2,4,3,1,4,3
16264,2,5,0,2,1,2,2,4,3,1,4,3
16268,2,8,0,2,0,2,2,0,2,4,4,2
16270,2,8,0,2,0,2,2,0,2,4,4,2
16271,2,10,0,2,0,1,1,4,3,0,4,3
16272,2,5,0,2,1,2,2,4,3,1,4,3
16273,2,5,0,2,1,2,2,4,3,1,4,3
16275,2,8,0,2,0,2,2,0,2,4,4,2
16280,2,10,0,2,0,1,1,4,3,0,4,3
16281,2,10,0,2,0,1,1,4,3,0,4,3
16283,2,10,0,2,0,1,1,4,3,0,4,3
16284,2,10,0,2,0,1,1,4,3,0,4,3
16285,2,10,0,2,0,1,1,4,3,0,4,3
16288,2,5,0,2,1,2,2,4,3,1,4,3
16290,2,8,0,2,0,2,2,0,2,4,4,2
16291,2,8,0,2,0,2,2,0,2,4,4,2
16296,2,5,0,2,1,2,2,4,3,1,4,3
16298,2,8,0,2,0,2,2,0,2,4,4,2
16299,2,10,0,2,0,1,1,4,3,0,4,3
16304,2,5,0,1,0,3,1,1,2,4,3,2
16305,2,5,0,1,0,3,1,1,2,4,3,2
16306,2,8,0,1,0,2,2,0,2,4,4,2
16307,2,8,0,0,0,2,2,0,2,4,4,2
16312,2,10,0,1,0,1,1,4,3,0,4,3
16313,2,10,0,1,0,1,1,4,3,0,4,3
16314,2,10,0,1,0,1,1,4,3,0,4,3
16315,2,10,0,0,0,1,1,4,3,0,4,3
16320,2,5,0,2,1,2,2,4,3,1,4,3
16324,2,8,0,2,0,2,2,0,2,4,4,2
16326,2,8,0,2,0,2,2,0,2,4,4,2
16327,2,10,0,2,0,1,1,4,3,0,4,3
16328,2,5,0,2,1,2,2,4,3,1,4,3
16332,2,8,0,2,0,2,2,0,2,4,4,2
16334,2,8,0,2,0,2,2,0,2,4,4,2
16335,2,10,0,2,0,1,1,4,3,0,4,3
16336,2,5,0,2,1,2,2,4,3,1,4,3
16337,2,5,0,2,1,2,2,4,3,1,4,3
16340,2,10,0,2,0,1,1,4,3,0,4,3
16341,2,10,0,2,0,1,1,4,3,0,4,3
16344,2,10,0,2,0,1,1,4,3,0,4,3
16345,2,10,0,2,0,1,1,4,3,0,4,3
16348,2,10,0,2,0,1,1,4,3,0,4,3
16349,2,10,0,2,0,1,1,4,3,0,4,3
16352,2,5,0,2,1,2,2,4,3,1,4,3
16354,2,8,0,2,0,2,2,0,2,4,4,2
16355,2,8,0,2,0,2,2,0,2,4,4,2
16356,2,8,0,2,0,2,2,0,2,4,4,2
16358,2,8,0,2,0,2,2,0,2,4,4,2
16359,2,10,0,2,0,1,1,4,3,0,4,3
16360,2,5,0,2,1,2,2,4,3,1,4,3
16362,2,8,0,2,0,2,2,0,2,4,4,2
16363,2,10,0,2,0,1,1,4,3,0,4,3
16364,2,8,0,2,0,2,2,0,2,4,4,2
16366,3,8,1,0,0,2,2,0,2,4,4,2
16367,3,10,1,0,0,1,1,4,3,0,4,3
16368,2,5,0,1,0,2,1,4,2,1,3,3
16369,2,5,0,1,0,2,1,4,2,1,3,3
16370,2,8,0,1,0,2,2,0,2,4,4,2
16371,2,8,0,0,0,2,2,0,2,4,4,2
16372,2,10,0,1,0,1,1,4,3,0,4,3
16373,2,10,0,1,0,1,1,4,3,0,4,3
16374,2,10,0,1,0,1,1,4,3,0,4,3
16375,3,10,0,0,0,1,1,4,3,0,4,3
16376,2,10,0,1,0,1,1,4,3,0,4,3
16377,2,10,0,1,0,1,1,4,3,0,4,3
16378,2,10,0,1,0,1,1,4,3,0,4,3
16379,2,10,0,0,0,1,1,4,3,0,4,3
16380,2,10,0,1,0,1,1,4,3,0,4,3
16381,2,10,0,1,0,1,1,4,3,0,4,3
16382,3,10,1,0,0,1,1,4,3,0,4,3
16383,3,10,0,0,0,1,1,4,3,0,4,3
16384,1,1,2,3,2,3,2,4,3,3,3,4
17408,1,1,2,2,2,3,2,4,3,3,3,4
17472,1,1,2,1,2,3,2,4,3,3,3,4
17476,1,1,2,0,2,3,2,4,3,3,3,4
17478,1,2,1,0,1,1,2,0,2,2,3,1
17479,1,2,0,0,1,1,2,0,2,2,3,1
17484,1,2,2,0,2,1,3,0,3,2,4,1
17486,1,2,1,0,2,1,3,0,3,2,4,1
17487,1,2,0,0,2,1,3,0,3,2,4,1
17495,1,5,0,0,0,2,1,0,2,3,3,1
17503,1,5,0,0,1,2,2,0,3,3,4,1
17504,1,2,1,1,1,2,2,1,2,3,3,2
17506,1,2,1,0,1,2,2,1,2,3,3,2
17507,1,2,0,0,1,2,2,1,2,3,3,2
17508,1,2,1,1,1,2,2,1,2,3,3,2
17510,2,4,1,0,1,0,1,2,3,0,3,2
17511,2,4,1,0,1,0,1,2,3,0,3,2
17516,1,5,1,1,1,2,2,0,3,3,4,1
17518,2,5,1,0,1,2,2,0,3,3,4,1
17519,2,5,1,0,1,2,2,0,3,3,4,1
17520,1,2,0,1,1,2,2,1,2,3,3,2
17521,1,5,0,0,0,2,1,0,2,3,3,1
17522,1,5,0,1,0,2,1,0,2,3,3,1
17523,2,5,0,0,0,2,1,0,2,3,3,1
17524,1,2,0,1,1,2,2,1,2,3,3,2
17525,1,5,0,0,0,2,1,0,2,3,3,1
17526,2,5,1,0,0,2,1,0,2,3,3,1
17527,2,5,0,0,0,2,1,0,2,3,3,1
17532,1,5,0,1,1,2,2,0,3,3,4,1
17533,1,5,0,0,1,2,2,0,3,3,4,1
17534,2,5,1,0,1,2,2,0,3,3,4,1
17535,2,5,0,0,1,2,2,0,3,3,4,1
17600,1,2,2,1,2,2,3,1,3,3,4,2
17604,1,2,2,0,2,2,3,1,3,3,4,2
17606,1,5,1,0,1,1,2,3,3,0,4,2
17607,1,5,0,0,1,1,2,3,3,0,4,2
17608,1,2,2,1,2,2,3,1,3,3,4,2
17612,2,4,2,0,2,0,2,2,4,0,4,2
17614,2,5,2,0,1,1,2,3,3,0,4,2
17615,2,5,2,0,1,1,2,3,3,0,4,2
17623,1,8,0,0,0,2,2,0,2,4,4,2
17631,2,8,2,0,0,2,2,0,2,4,4,2
17632,1,2,1,1,2,2,3,1,3,3,4,2
17634,1,5,1,0,1,2,2,0,3,3,4,1
17635,1,5,0,0,1,2,2,0,3,3,4,1
17636,1,5,1,1,1,2,2,0,3,3,4,1
17638,2,5,1,0,1,2,2,0,3,3,4,1
17639,2,5,1,0,1,2,2,0,3,3,4,1
17640,1,5,1,1,1,1,2,3,3,0,4,2
17642,1,5,1,0,1,2,2,0,3,3,4,1
17643,1,5,0,0,1,2,2,0,3,3,4,1
17644,2,5,2,0,1,2,2,0,3,3,4,1
17646,2,5,1,0,1,2,2,0,3,3,4,1
17647,2,5,1,0,1,2,2,0,3,3,4,1
17648,1,2,0,1,2,2,3,1,3,3,4,2
17649,1,5,0,0,0,2,1,0,2,3,3,1
17650,1,8,0,1,0,2,2,0,2,4,4,2
17651,2,8,0,0,0,2,2,0,2,4,4,2
17652,1,8,0,1,0,2,2,0,2,4,4,2
17653,1,8,0,0,0,2,2,0,2,4,4,2
17654,2,8,1,0,0,2,2,0,2,4,4,2
17655,2,8,0,0,0,2,2,0,2,4,4,2
17656,1,5,0,1,1,1,2,3,3,0,4,2
17657,1,5,0,0,1,1,2,3,3,0,4,2
17658,1,8,0,1,0,2,2,0,2,4,4,2
17659,2,8,0,0,0,2,2,0,2,4,4,2
17660,2,8,2,0,0,2,2,0,2,4,4,2
17661,2,8,2,0,0,2,2,0,2,4,4,2
17662,2,8,1,0,0,2,2,0,2,4,4,2
17663,2,8,0,0,0,2,2,0,2,4,4,2
17751,1,9,0,0,0,0,0,3,3,0,3,3
17759,1,10,0,0,0,3,1,0,3,4,4,1
17776,1,5,0,1,0,3,1,1,2,4,3,2
17777,1,5,0,0,0,3,1,1,2,4,3,2
17778,1,5,0,1,0,3,1,1,2,4,3,2
17779,2,5,0,0,0,2,1,0,2,3,3,1
17780,1,5,0,1,0,3,1,1,2,4,3,2
17781,1,9,0,0,0,0,0,3,3,0,3,3
17782,2,5,1,0,0,3,1,1,2,4,3,2
17783,2,9,0,0,0,0,0,3,3,0,3,3
17788,1,5,0,1,1,2,2,0,3,3,4,1
17789,1,10,0,0,0,3,1,0,3,4,4,1
17790,2,10,1,0,0,3,1,0,3,4,4,1
17791,2,10,0,0,0,3,1,0,3,4,4,1
17879,1,10,0,0,0,3,1,0,3,4,4,1
17887,2,10,2,0,0,3,1,0,3,4,4,1
17904,1,5,0,1,1,3,2,1,3,4,4,2
17905,1,10,0,0,0,3,1,0,3,4,4,1
17906,1,10,0,1,0,3,1,0,3,4,4,1
17907,2,10,0,0,0,3,1,0,3,4,4,1
17908,1,8,0,1,0,2,2,0,2,4,4,2
17909,1,10,0,0,0,3,1,0,3,4,4,1
17910,2,10,1,0,0,3,1,0,3,4,4,1
17911,2,10,0,0,0,3,1,0,3,4,4,1
17912,1,5,0,1,1,3,2,1,3,4,4,2
17913,1,10,0,0,0,3,1,0,3,4,4,1
17914,1,10,0,1,0,3,1,0,3,4,4,1
17915,2,10,0,0,0,3,1,0,3,4,4,1
17916,2,8,2,0,0,2,2,0,2,4,4,2
17917,2,10,2,0,0,3,1,0,3,4,4,1
17918,2,10,1,0,0,3,1,0,3,4,4,1
17919,2,10,0,0,0,3,1,0,3,4,4,1
17920,1,2,1,2,1,3,2,2,2,4,3,3
17952,1,2,1,1,1,3,2,2,2,4,3,3
17954,1,2,1,0,1,3,2,2,2,4,3,3
17955,1,5,0,0,0,1,1,3,2,0,3,2
17958,1,4,1,0,1,1,1,3,3,1,3,3
17959,1,5,0,0,0,1,1,3,2,0,3,2
17966,1,5,1,0,1,2,2,0,3,3,4,1
17967,1,5,0,0,1,2,2,0,3,3,4,1
17968,1,2,0,1,1,3,2,2,2,4,3,3
17969,1,2,0,0,1,3,2,2,2,4,3,3
17970,1,5,0,1,0,1,1,3,2,0,3,2
17971,2,5,0,0,0,1,1,3,2,0,3,2
17974,1,5,0,1,0,2,1,0,2,3,3,1
17975,2,5,0,0,0,2,1,0,2,3,3,1
17982,1,5,0,1,1,2,2,0,3,3,4,1
17983,2,5,0,0,1,2,2,0,3,3,4,1
17984,1,2,1,2,1,3,2,2,2,4,3,3
17988,1,2,1,2,1,3,2,2,2,4,3,3
17990,1,4,1,0,1,1,1,3,3,1,3,3
17991,1,5,0,0,0,1,1,3,2,0,3,2
17996,1,5,1,2,1,2,2,0,3,3,4,1
17998,1,5,1,0,1,2,2,0,3,3,4,1
17999,1,5,0,0,1,2,2,0,3,3,4,1
18016,2,4,1,1,1,1,1,3,3,1,3,3
18018,2,4,1,1,1,1,1,3,3,1,3,3
18019,2,5,1,1,0,1,1,3,2,0,3,2
18020,2,4,1,1,1,1,1,3,3,1,3,3
18022,2,4,1,0,1,1,1,3,3,1,3,3
18023,2,5,1,0,0,1,1,3,2,0,3,2
18028,2,5,1,1,1,2,2,0,3,3,4,1
18030,2,5,1,0,1,2,2,0,3,3,4,1
18031,2,5,1,0,1,2,2,0,3,3,4,1
18032,2,4,1,1,1,1,1,3,3,1,3,3
18033,2,5,1,1,0,2,1,0,2,3,3,1
18034,2,5,1,1,0,2,1,0,2,3,3,1
18035,2,5,0,0,0,2,1,0,2,3,3,1
18036,2,5,1,1,0,1,1,3,2,0,3,2
18037,2,5,1,1,0,2,1,0,2,3,3,1
18038,2,5,1,0,0,2,1,0,2,3,3,1
18039,2,5,0,0,0,2,1,0,2,3,3,1
18044,2,5,1,1,1,2,2,0,3,3,4,1
18045,2,5,1,1,1,2,2,0,3,3,4,1
18046,2,5,1,0,1,2,2,0,3,3,4,1
18047,2,5,0,0,1,2,2,0,3,3,4,1
18112,1,5,1,2,1,3,2,1,3,4,4,2
18116,1,5,1,2,1,3,2,1,3,4,4,2
18118,1,5,1,0,1,3,2,1,3,4,4,2
18119,1,5,0,0,1,3,2,1,3,4,4,2
18120,1,5,1,2,1,3,2,1,3,4,4,2
18124,2,5,2,0,1,3,2,1,3,4,4,2
18126,2,5,2,0,1,3,2,1,3,4,4,2
18127,2,5,2,0,1,3,2,1,3,4,4,2
18144,2,5,1,1,1,3,2,1,3,4,4,2
18146,2,5,1,1,1,3,2,1,3,4,4,2
18147,2,5,1,1,1,3,2,1,3,4,4,2
18148,2,5,1,1,1,3,2,1,3,4,4,2
18150,2,5,1,0,1,2,2,0,3,3,4,1
18151,2,5,1,0,1,2,2,0,3,3,4,1
18152,2,5,1,1,1,3,2,1,3,4,4,2
18154,2,5,1,1,1,3,2,1,3,4,4,2
18155,2,5,1,1,1,3,2,1,3,4,4,2
18156,2,5,1,1,1,3,2,1,3,4,4,2
18158,2,5,1,0,1,2,2,0,3,3,4,1
18159,2,5,1,0,1,2,2,0,3,3,4,1
18160,2,5,1,1,1,3,2,1,3,4,4,2
18161,2,5,1,1,1,3,2,1,3,4,4,2
18162,2,8,1,1,0,2,2,0,2,4,4,2
18163,2,8,0,0,0,2,2,0,2,4,4,2
18164,2,8,1,1,0,2,2,0,2,4,4,2
18165,2,8,1,1,0,2,2,0,2,4,4,2
18166,2,8,1,0,0,2,2,0,2,4,4,2
18167,2,8,0,0,0,2,2,0,2,4,4,2
18168,2,5,1,1,1,3,2,1,3,4,4,2
18169,2,5,1,1,1,3,2,1,3,4,4,2
18170,2,8,1,1,0,2,2,0,2,4,4,2
18171,2,8,0,0,0,2,2,0,2,4,4,2
18172,2,8,1,1,0,2,2,0,2,4,4,2
18173,2,8,1,1,0,2,2,0,2,4,4,2
18174,2,8,1,0,0,2,2,0,2,4,4,2
18175,2,8,0,0,0,2,2,0,2,4,4,2
18176,1,2,0,2,1,3,2,2,2,4,3,3
18192,1,5,0,1,0,3,1,1,2,4,3,2
18193,1,5,0,0,0,3,1,1,2,4,3,2
18195,1,5,0,0,0,3,1,1,2,4,3,2
18199,1,9,0,0,0,0,0,3,3,0,3,3
18207,1,10,0,0,0,3,1,0,3,4,4,1
18208,1,5,0,2,0,3,1,1,2,4,3,2
18210,1,5,0,2,0,3,1,1,2,4,3,2
18211,1,5,0,0,0,3,1,1,2,4,3,2
18214,1,5,0,2,0,3,1,1,2,4,3,2
18215,1,9,0,0,0,0,0,3,3,0,3,3
18222,1,10,0,2,0,3,1,0,3,4,4,1
18223,1,10,0,0,0,3,1,0,3,4,4,1
18224,2,5,0,1,0,3,1,1,2,4,3,2
18225,2,5,0,1,0,3,1,1,2,4,3,2
18226,2,5,0,1,0,3,1,1,2,4,3,2
18227,2,5,0,0,0,1,1,3,2,0,3,2
18230,2,5,0,1,0,3,1,1,2,4,3,2
18231,2,9,0,0,0,0,0,3,3,0,3,3
18238,2,10,0,1,0,3,1,0,3,4,4,1
18239,2,10,0,0,0,3,1,0,3,4,4,1
18240,1,2,0,2,1,3,2,2,2,4,3,3
18244,1,2,0,2,1,3,2,2,2,4,3,3
18246,1,5,0,2,0,3,1,1,2,4,3,2
18247,1,9,0,0,0,0,0,3,3,0,3,3
18252,1,5,0,2,1,2,2,0,3,3,4,1
18254,1,10,0,2,0,3,1,0,3,4,4,1
18255,1,10,0,0,0,3,1,0,3,4,4,1
18256,1,5,0,1,0,3,1,1,2,4,3,2
18257,1,5,0,0,0,3,1,1,2,4,3,2
18260,1,5,0,1,0,3,1,1,2,4,3,2
18261,1,9,0,0,0,0,0,3,3,0,3,3
18268,1,5,0,1,1,2,2,0,3,3,4,1
18269,1,10,0,0,0,3,1,0,3,4,4,1
18272,2,5,1,1,0,3,1,1,2,4,3,2
18274,2,5,1,1,0,3,1,1,2,4,3,2
18275,2,5,1,1,0,3,1,1,2,4,3,2
18276,2,5,1,1,0,3,1,1,2,4,3,2
18278,2,5,1,0,0,3,1,1,2,4,3,2
18279,2,9,1,0,0,0,0,3,3,0,3,3
18284,2,5,1,1,1,2,2,0,3,3,4,1
18286,2,10,1,0,0,3,1,0,3,4,4,1
18287,2,10,1,0,0,3,1,0,3,4,4,1
18288,2,5,0,1,0,3,1,1,2,4,3,2
18289,2,5,0,1,0,3,1,1,2,4,3,2
18290,2,5,0,1,0,3,1,1,2,4,3,2
18291,2,5,0,0,0,2,1,0,2,3,3,1
18292,2,5,0,1,0,3,1,1,2,4,3,2
18293,2,9,0,1,0,0,0,3,3,0,3,3
18294,2,5,0,1,0,3,1,1,2,4,3,2
18295,3,9,0,0,0,0,0,3,3,0,3,3
18300,2,5,0,1,0,3,1,1,2,4,3,2
18301,2,10,0,1,0,3,1,0,3,4,4,1
18302,2,10,0,1,0,3,1,0,3,4,4,1
18303,3,10,0,0,0,3,1,0,3,4,4,1
18368,1,5,0,2,1,3,2,1,3,4,4,2
18372,1,8,0,2,0,2,2,0,2,4,4,2
18374,1,10,0,2,0,3,1,0,3,4,4,1
18375,1,10,0,0,0,3,1,0,3,4,4,1
18376,1,5,0,2,1,3,2,1,3,4,4,2
18380,2,8,2,0,0,2,2,0,2,4,4,2
18382,2,10,2,0,0,3,1,0,3,4,4,1
18383,2,10,2,0,0,3,1,0,3,4,4,1
18384,1,5,0,1,1,3,2,1,3,4,4,2
18385,1,10,0,0,0,3,1,0,3,4,4,1
18388,1,8,0,1,0,2,2,0,2,4,4,2
18389,1,10,0,0,0,3,1,0,3,4,4,1
18392,1,5,0,1,1,3,2,1,3,4,4,2
18393,1,10,0,0,0,3,1,0,3,4,4,1
18396,2,8,2,0,0,2,2,0,2,4,4,2
18397,2,10,2,0,0,3,1,0,3,4,4,1
18400,2,5,1,1,1,3,2,1,3,4,4,2
18402,2,10,1,1,0,3,1,0,3,4,4,1
18403,2,10,1,1,0,3,1,0,3,4,4,1
18404,2,8,1,1,0,2,2,0,2,4,4,2
18406,2,10,1,0,0,3,1,0,3,4,4,1
18407,2,10,1,0,0,3,1,0,3,4,4,1
18408,2,5,1,1,1,3,2,1,3,4,4,2
18410,2,10,1,1,0,3,1,0,3,4,4,1
18411,2,10,1,1,0,3,1,0,3,4,4,1
18412,2,8,1,1,0,2,2,0,2,4,4,2
18414,2,10,1,0,0,3,1,0,3,4,4,1
18415,2,10,1,0,0,3,1,0,3,4,4,1
18416,2,5,0,1,1,3,2,1,3,4,4,2
18417,2,10,0,1,0,3,1,0,3,4,4,1
18418,2,10,0,1,0,3,1,0,3,4,4,1
18419,2,10,0,0,0,3,1,0,3,4,4,1
18420,2,8,0,1,0,2,2,0,2,4,4,2
18421,2,10,0,1,0,3,1,0,3,4,4,1
18422,2,10,0,1,0,3,1,0,3,4,4,1
18423,3,10,0,0,0,3,1,0,3,4,4,1
18424,2,5,0,1,1,3,2,1,3,4,4,2
18425,2,10,0,1,0,3,1,0,3,4,4,1
18426,2,10,0,1,0,3,1,0,3,4,4,1
18427,2,10,0,0,0,3,1,0,3,4,4,1
18428,2,8,0,1,0,2,2,0,2,4,4,2
18429,2,10,0,1,0,3,1,0,3,4,4,1
18430,2,10,0,1,0,3,1,0,3,4,4,1
18431,3,10,0,0,0,3,1,0,3,4,4,1
19456,1,2,2,2,2,3,3,2,3,4,4,3
19520,1,2,2,1,2,3,3,2,3,4,4,3
19524,1,2,2,0,2,3,3,2,3,4,4,3
19526,1,5,1,0,1,1,2,3,3,0,4,2
19527,1,5,0,0,1,1,2,3,3,0,4,2
19532,1,4,2,0,2,1,2,3,4,1,4,3
19534,1,5,1,0,1,1,2,3,3,0,4,2
19535,1,5,0,0,1,1,2,3,3,0,4,2
19543,1,8,0,0,0,2,2,0,2,4,4,2
19551,1,8,0,0,0,2,2,0,2,4,4,2
19552,1,5,1,1,1,2,2,4,3,1,4,3
19554,1,5,1,0,1,2,2,4,3,1,4,3
19555,1,5,0,0,1,2,2,4,3,1,4,3
19556,1,5,1,1,1,2,2,4,3,1,4,3
19558,2,5,1,0,1,2,2,4,3,1,4,3
19559,2,5,1,0,1,2,2,4,3,1,4,3
19564,1,5,1,1,1,2,2,4,3,1,4,3
19566,2,5,1,0,1,2,2,4,3,1,4,3
19567,2,5,1,0,1,2,2,4,3,1,4,3
19568,1,5,0,1,1,2,2,4,3,1,4,3
19569,1,5,0,0,1,2,2,4,3,1,4,3
19570,1,8,0,1,0,2,2,0,2,4,4,2
19571,2,8,0,0,0,2,2,0,2,4,4,2
19572,1,8,0,1,0,2,2,0,2,4,4,2
19573,1,8,0,0,0,2,2,0,2,4,4,2
19574,2,8,1,0,0,2,2,0,2,4,4,2
19575,2,8,0,0,0,2,2,0,2,4,4,2
19580,1,8,0,1,0,2,2,0,2,4,4,2
19581,1,8,0,0,0,2,2,0,2,4,4,2
19582,2,8,1,0,0,2,2,0,2,4,4,2
19583,2,8,0,0,0,2,2,0,2,4,4,2
19584,1,2,2,2,2,3,3,2,3,4,4,3
19592,1,2,2,2,2,3,3,2,3,4,4,3
19596,1,4,2,0,2,1,2,3,4,1,4,3
19598,1,5,1,0,1,1,2,3,3,0,4,2
19599,1,5,0,0,1,1,2,3,3,0,4,2
19615,1,8,0,0,0,2,2,0,2,4,4,2
19648,2,4,2,1,2,1,2,3,4,1,4,3
19652,2,4,2,1,2,1,2,3,4,1,4,3
19654,2,5,2,1,1,1,2,3,3,0,4,2
19655,2,5,2,1,1,1,2,3,3,0,4,2
19656,2,4,2,1,2,1,2,3,4,1,4,3
19660,2,4,2,0,2,1,2,3,4,1,4,3
19662,2,5,2,0,1,1,2,3,3,0,4,2
19663,2,5,2,0,1,1,2,3,3,0,4,2
19671,2,8,2,1,0,2,2,0,2,4,4,2
19679,2,8,2,0,0,2,2,0,2,4,4,2
19680,2,5,2,1,1,2,2,4,3,1,4,3
19682,2,5,2,1,1,2,2,4,3,1,4,3
19683,2,5,2,1,1,2,2,4,3,1,4,3
19684,2,5,2,1,1,2,2,4,3,1,4,3
19686,2,5,1,0,1,2,2,4,3,1,4,3
19687,2,5,1,0,1,2,2,4,3,1,4,3
19688,2,5,2,1,1,2,2,4,3,1,4,3
19690,2,5,2,1,1,2,2,4,3,1,4,3
19691,2,5,2,1,1,2,2,4,3,1,4,3
19692,2,5,2,0,1,2,2,0,3,3,4,1
19694,2,5,1,0,1,2,2,0,3,3,4,1
19695,2,5,1,0,1,2,2,0,3,3,4,1
19696,2,5,2,1,1,2,2,4,3,1,4,3
19697,2,5,2,1,1,2,2,4,3,1,4,3
19698,2,8,2,1,0,2,2,0,2,4,4,2
19699,2,8,0,0,0,2,2,0,2,4,4,2
19700,2,8,2,1,0,2,2,0,2,4,4,2
19701,2,8,2,1,0,2,2,0,2,4,4,2
19702,2,8,1,0,0,2,2,0,2,4,4,2
19703,2,8,0,0,0,2,2,0,2,4,4,2
19704,2,5,2,1,1,2,2,4,3,1,4,3
19705,2,5,2,1,1,2,2,4,3,1,4,3
19706,2,8,2,1,0,2,2,0,2,4,4,2
19707,2,8,0,0,0,2,2,0,2,4,4,2
19708,2,8,2,0,0,2,2,0,2,4,4,2
19709,2,8,2,0,0,2,2,0,2,4,4,2
19710,2,8,1,0,0,2,2,0,2,4,4,2
19711,2,8,0,0,0,2,2,0,2,4,4,2
19799,1,9,0,0,0,0,0,3,3,0,3,3
19807,1,10,0,0,0,3,1,0,3,4,4,1
19824,1,5,0,1,1,3,2,1,3,4,4,2
19825,1,5,0,0,1,3,2,1,3,4,4,2
19826,1,8,0,1,0,2,2,0,2,4,4,2
19827,2,8,0,0,0,2,2,0,2,4,4,2
19828,1,8,0,1,0,2,2,0,2,4,4,2
19829,1,9,0,0,0,0,0,3,3,0,3,3
19830,2,8,1,0,0,2,2,0,2,4,4,2
19831,2,9,0,0,0,0,0,3,3,0,3,3
19836,1,8,0,1,0,2,2,0,2,4,4,2
19837,1,10,0,0,0,3,1,0,3,4,4,1
19838,2,10,1,0,0,3,1,0,3,4,4,1
19839,2,10,0,0,0,3,1,0,3,4,4,1
19871,1,10,0,0,0,3,1,0,3,4,4,1
19927,2,10,2,1,0,3,1,0,3,4,4,1
19935,2,10,2,0,0,3,1,0,3,4,4,1
19952,2,5,2,1,1,3,2,1,3,4,4,2
19953,2,10,2,1,0,3,1,0,3,4,4,1
19954,2,10,2,1,0,3,1,0,3,4,4,1
19955,2,10,0,0,0,3,1,0,3,4,4,1
19956,2,8,2,1,0,2,2,0,2,4,4,2
19957,2,10,2,1,0,3,1,0,3,4,4,1
19958,2,10,1,0,0,3,1,0,3,4,4,1
19959,2,10,0,0,0,3,1,0,3,4,4,1
19960,2,5,2,1,1,3,2,1,3,4,4,2
19961,2,10,2,1,0,3,1,0,3,4,4,1
19962,2,10,2,1,0,3,1,0,3,4,4,1
19963,2,10,0,0,0,3,1,0,3,4,4,1
19964,2,8,2,0,0,2,2,0,2,4,4,2
19965,2,10,2,0,0,3,1,0,3,4,4,1
19966,2,10,1,0,0,3,1,0,3,4,4,1
19967,2,10,0,0,0,3,1,0,3,4,4,1
19968,1,2,1,2,2,3,3,2,3,4,4,3
20000,1,5,1,1,1,3,2,1,3,4,4,2
20002,1,5,1,0,1,3,2,1,3,4,4,2
20003,1,5,0,0,1,3,2,1,3,4,4,2
20006,1,5,1,0,1,3,2,1,3,4,4,2
20007,1,5,0,0,1,3,2,1,3,4,4,2
20014,1,9,1,0,1,0,1,3,4,0,4,3
20015,1,9,0,0,1,0,1,3,4,0,4,3
20016,1,5,0,1,1,3,2,1,3,4,4,2
20017,1,5,0,0,1,3,2,1,3,4,4,2
20018,1,8,0,1,0,2,2,0,2,4,4,2
20019,2,8,0,0,0,2,2,0,2,4,4,2
20022,1,8,0,1,0,2,2,0,2,4,4,2
20023,2,8,0,0,0,2,2,0,2,4,4,2
20030,1,9,0,1,1,0,1,3,4,0,4,3
20031,2,9,0,0,1,0,1,3,4,0,4,3
20032,1,5,1,2,1,3,2,1,3,4,4,2
20036,1,5,1,2,1,3,2,1,3,4,4,2
20038,1,5,1,0,1,3,2,1,3,4,4,2
20039,1,5,0,0,1,3,2,1,3,4,4,2
20044,1,5,1,2,1,3,2,1,3,4,4,2
20046,1,9,1,0,1,0,1,3,4,0,4,3
20047,1,9,0,0,1,0,1,3,4,0,4,3
20064,2,5,1,1,1,3,2,1,3,4,4,2
20066,2,5,1,1,1,3,2,1,3,4,4,2
20067,2,5,1,1,1,3,2,1,3,4,4,2
20068,2,5,1,1,1,3,2,1,3,4,4,2
20070,2,5,1,0,1,2,2,4,3,1,4,3
20071,2,5,1,0,1,2,2,4,3,1,4,3
20076,2,5,1,1,1,3,2,1,3,4,4,2
20078,2,9,1,0,1,0,1,3,4,0,4,3
20079,2,9,1,0,1,0,1,3,4,0,4,3
20080,2,5,1,1,1,3,2,1,3,4,4,2
20081,2,5,1,1,1,3,2,1,3,4,4,2
20082,2,8,1,1,0,2,2,0,2,4,4,2
20083,2,8,0,0,0,2,2,0,2,4,4,2
20084,2,8,1,1,0,2,2,0,2,4,4,2
20085,2,8,1,1,0,2,2,0,2,4,4,2
20086,2,8,1,0,0,2,2,0,2,4,4,2
20087,2,8,0,0,0,2,2,0,2,4,4,2
20092,2,8,1,1,0,2,2,0,2,4,4,2
20093,2,9,1,1,1,0,1,3,4,0,4,3
20094,2,9,1,0,1,0,1,3,4,0,4,3
20095,2,9,0,0,1,0,1,3,4,0,4,3
20096,1,5,1,2,1,2,2,4,3,1,4,3
20104,1,5,1,2,1,2,2,4,3,1,4,3
20108,1,5,1,2,1,3,2,1,3,4,4,2
20110,1,9,1,0,1,0,1,3,4,0,4,3
20111,1,9,0,0,1,0,1,3,4,0,4,3
20128,1,5,1,1,1,3,2,1,3,4,4,2
20130,1,5,1,0,1,3,2,1,3,4,4,2
20131,1,5,0,0,1,3,2,1,3,4,4,2
20136,1,5,1,1,1,3,2,1,3,4,4,2
20138,1,9,1,0,1,0,1,3,4,0,4,3
20139,1,9,0,0,1,0,1,3,4,0,4,3
20144,1,5,0,1,1,3,2,1,3,4,4,2
20145,1,5,0,0,1,3,2,1,3,4,4,2
20146,1,8,0,1,0,2,2,0,2,4,4,2
20147,2,8,0,0,0,2,2,0,2,4,4,2
20152,1,5,0,1,1,3,2,1,3,4,4,2
20153,1,9,0,0,1,0,1,3,4,0,4,3
20154,1,9,0,1,1,0,1,3,4,0,4,3
20155,2,9,0,0,1,0,1,3,4,0,4,3
20160,2,5,2,1,1,3,2,1,3,4,4,2
20164,2,5,2,1,1,3,2,1,3,4,4,2
20166,2,5,2,1,1,3,2,1,3,4,4,2
20167,2,5,2,1,1,3,2,1,3,4,4,2
20168,2,5,2,1,1,3,2,1,3,4,4,2
20172,2,5,2,0,1,3,2,1,3,4,4,2
20174,2,9,2,0,1,0,1,3,4,0,4,3
20175,2,9,2,0,1,0,1,3,4,0,4,3
20192,2,5,1,1,1,3,2,1,3,4,4,2
20194,2,5,1,1,1,3,2,1,3,4,4,2
20195,2,5,1,1,1,3,2,1,3,4,4,2
20196,2,5,1,1,1,3,2,1,3,4,4,2
20198,2,5,1,0,1,2,2,4,3,1,4,3
20199,2,5,1,0,1,2,2,4,3,1,4,3
20200,2,5,1,1,1,3,2,1,3,4,4,2
20202,2,9,1,1,1,0,1,3,4,0,4,3
20203,2,9,1,1,1,0,1,3,4,0,4,3
20204,2,5,1,1,1,3,2,1,3,4,4,2
20206,3,9,1,0,1,0,1,3,4,0,4,3
20207,3,9,1,0,1,0,1,3,4,0,4,3
20208,2,5,1,1,1,3,2,1,3,4,4,2
20209,2,5,1,1,1,3,2,1,3,4,4,2
20210,2,8,1,1,0,2,2,0,2,4,4,2
20211,2,8,0,0,0,2,2,0,2,4,4,2
20212,2,8,1,1,0,2,2,0,2,4,4,2
20213,2,8,1,1,0,2,2,0,2,4,4,2
20214,2,8,1,0,0,2,2,0,2,4,4,2
20215,2,8,0,0,0,2,2,0,2,4,4,2
20216,2,5,1,1,1,3,2,1,3,4,4,2
20217,2,9,1,1,1,0,1,3,4,0,4,3
20218,2,9,1,1,1,0,1,3,4,0,4,3
20219,2,9,0,0,1,0,1,3,4,0,4,3
20220,2,8,1,1,0,2,2,0,2,4,4,2
20221,2,9,1,1,1,0,1,3,4,0,4,3
20222,3,9,1,0,1,0,1,3,4,0,4,3
20223,3,9,1,0,1,0,1,3,4,0,4,3
20224,1,2,0,2,2,3,3,2,3,4,4,3
20240,1,5,0,1,0,3,1,1,2,4,3,2
20241,1,5,0,0,0,3,1,1,2,4,3,2
20243,1,8,0,0,0,2,2,0,2,4,4,2
20247,1,9,0,0,0,0,0,3,3,0,3,3
20255,1,10,0,0,0,3,1,0,3,4,4,1
20256,1,5,0,2,1,3,2,1,3,4,4,2
20258,1,8,0,2,0,2,2,0,2,4,4,2
20259,1,8,0,0,0,2,2,0,2,4,4,2
20262,1,8,0,2,0,2,2,0,2,4,4,2
20263,1,9,0,0,0,0,0,3,3,0,3,3
20270,1,10,0,2,0,3,1,0,3,4,4,1
20271,1,10,0,0,0,3,1,0,3,4,4,1
20272,2,5,0,1,1,3,2,1,3,4,4,2
20273,2,5,0,1,1,3,2,1,3,4,4,2
20274,2,8,0,1,0,2,2,0,2,4,4,2
20275,2,8,0,0,0,2,2,0,2,4,4,2
20278,2,8,0,1,0,2,2,0,2,4,4,2
20279,2,9,0,0,0,0,0,3,3,0,3,3
20286,2,10,0,1,0,3,1,0,3,4,4,1
20287,2,10,0,0,0,3,1,0,3,4,4,1
20288,1,5,0,2,1,3,2,1,3,4,4,2
20292,1,8,0,2,0,2,2,0,2,4,4,2
20294,1,8,0,2,0,2,2,0,2,4,4,2
20295,1,9,0,0,0,0,0,3,3,0,3,3
20300,1,8,0,2,0,2,2,0,2,4,4,2
20302,1,10,0,2,0,3,1,0,3,4,4,1
20303,1,10,0,0,0,3,1,0,3,4,4,1
20304,1,5,0,1,1,3,2,1,3,4,4,2
20305,1,5,0,0,1,3,2,1,3,4,4,2
20308,1,8,0,1,0,2,2,0,2,4,4,2
20309,1,9,0,0,0,0,0,3,3,0,3,3
20316,1,8,0,1,0,2,2,0,2,4,4,2
20317,1,10,0,0,0,3,1,0,3,4,4,1
20320,2,5,1,1,1,3,2,1,3,4,4,2
20322,2,8,1,1,0,2,2,0,2,4,4,2
20323,2,8,1,1,0,2,2,0,2,4,4,2
20324,2,8,1,1,0,2,2,0,2,4,4,2
20326,2,8,1,0,0,2,2,0,2,4,4,2
20327,2,9,1,0,0,0,0,3,3,0,3,3
20332,2,8,1,1,0,2,2,0,2,4,4,2
20334,2,10,1,0,0,3,1,0,3,4,4,1
20335,2,10,1,0,0,3,1,0,3,4,4,1
20336,2,5,0,1,1,3,2,1,3,4,4,2
20337,2,5,0,1,1,3,2,1,3,4,4,2
20338,2,8,0,1,0,2,2,0,2,4,4,2
20339,2,8,0,0,0,2,2,0,2,4,4,2
20340,2,8,0,1,0,2,2,0,2,4,4,2
20341,2,9,0,1,0,0,0,3,3,0,3,3
20342,2,8,0,1,0,2,2,0,2,4,4,2
20343,3,9,0,0,0,0,0,3,3,0,3,3
20348,2,8,0,1,0,2,2,0,2,4,4,2
20349,2,10,0,1,0,3,1,0,3,4,4,1
20350,2,10,0,1,0,3,1,0,3,4,4,1
20351,3,10,0,0,0,3,1,0,3,4,4,1
20352,1,5,0,2,1,2,2,4,3,1,4,3
20360,1,5,0,2,1,2,2,4,3,1,4,3
20364,1,8,0,2,0,2,2,0,2,4,4,2
20366,1,10,0,2,0,3,1,0,3,4,4,1
20367,1,10,0,0,0,3,1,0,3,4,4,1
20368,1,5,0,1,1,2,2,4,3,1,4,3
20369,1,10,0,0,0,3,1,0,3,4,4,1
20371,1,10,0,0,0,3,1,0,3,4,4,1
20376,1,5,0,1,1,2,2,4,3,1,4,3
20377,1,10,0,0,0,3,1,0,3,4,4,1
20379,1,10,0,0,0,3,1,0,3,4,4,1
20380,1,8,0,1,0,2,2,0,2,4,4,2
20381,1,10,0,0,0,3,1,0,3,4,4,1
20384,1,5,0,2,1,3,2,1,3,4,4,2
20386,1,10,0,2,0,3,1,0,3,4,4,1
20387,1,10,0,0,0,3,1,0,3,4,4,1
20392,1,5,0,2,1,3,2,1,3,4,4,2
20394,1,10,0,2,0,3,1,0,3,4,4,1
20395,1,10,0,0,0,3,1,0,3,4,4,1
20400,2,5,0,1,1,3,2,1,3,4,4,2
20401,2,10,0,1,0,3,1,0,3,4,4,1
20402,2,10,0,1,0,3,1,0,3,4,4,1
20403,2,10,0,0,0,3,1,0,3,4,4,1
20408,2,5,0,1,1,3,2,1,3,4,4,2
20409,2,10,0,1,0,3,1,0,3,4,4,1
20410,2,10,0,1,0,3,1,0,3,4,4,1
20411,2,10,0,0,0,3,1,0,3,4,4,1
20416,2,5,2,1,1,3,2,1,3,4,4,2
20420,2,8,2,1,0,2,2,0,2,4,4,2
20422,2,10,2,1,0,3,1,0,3,4,4,1
20423,2,10,2,1,0,3,1,0,3,4,4,1
20424,2,5,2,1,1,3,2,1,3,4,4,2
20428,2,8,2,0,0,2,2,0,2,4,4,2
20430,2,10,2,0,0,3,1,0,3,4,4,1
20431,2,10,2,0,0,3,1,0,3,4,4,1
20432,2,5,2,1,1,3,2,1,3,4,4,2
20433,2,10,2,1,0,3,1,0,3,4,4,1
20436,2,8,2,1,0,2,2,0,2,4,4,2
20437,2,10,2,1,0,3,1,0,3,4,4,1
20440,2,5,2,1,1,3,2,1,3,4,4,2
20441,2,10,2,1,0,3,1,0,3,4,4,1
20444,2,8,2,0,0,2,2,0,2,4,4,2
20445,2,10,2,0,0,3,1,0,3,4,4,1
20448,2,5,1,1,1,3,2,1,3,4,4,2
20450,2,10,1,1,0,3,1,0,3,4,4,1
20451,2,10,1,1,0,3,1,0,3,4,4,1
20452,2,8,1,1,0,2,2,0,2,4,4,2
20454,2,10,1,0,0,3,1,0,3,4,4,1
20455,2,10,1,0,0,3,1,0,3,4,4,1
20456,2,5,1,1,1,3,2,1,3,4,4,2
20458,2,10,1,1,0,3,1,0,3,4,4,1
20459,2,10,1,1,0,3,1,0,3,4,4,1
20460,2,8,1,1,0,2,2,0,2,4,4,2
20462,3,10,1,0,0,3,1,0,3,4,4,1
20463,3,10,1,0,0,3,1,0,3,4,4,1
20464,2,5,0,1,1,3,2,1,3,4,4,2
20465,2,10,0,1,0,3,1,0,3,4,4,1
20466,2,10,0,1,0,3,1,0,3,4,4,1
20467,2,10,0,0,0,3,1,0,3,4,4,1
20468,2,8,0,1,0,2,2,0,2,4,4,2
20469,2,10,0,1,0,3,1,0,3,4,4,1
20470,2,10,0,1,0,3,1,0,3,4,4,1
20471,3,10,0,0,0,3,1,0,3,4,4,1
20472,2,5,0,1,1,3,2,1,3,4,4,2
20473,2,10,0,1,0,3,1,0,3,4,4,1
20474,2,10,0,1,0,3,1,0,3,4,4,1
20475,2,10,0,0,0,3,1,0,3,4,4,1
20476,2,8,0,1,0,2,2,0,2,4,4,2
20477,2,10,0,1,0,3,1,0,3,4,4,1
20478,3,10,1,0,0,3,1,0,3,4,4,1
20479,3,10,0,0,0,3,1,0,3,4,4,1
21847,1,9,0,0,0,1,0,4,3,1,3,4
21855,1,10,0,0,0,3,1,0,3,4,4,1
21872,1,9,0,1,0,1,0,4,3,1,3,4
21873,1,9,0,0,0,1,0,4,3,1,3,4
21874,1,9,0,1,0,1,0,4,3,1,3,4
21875,2,9,0,0,0,1,0,4,3,1,3,4
21876,1,9,0,1,0,1,0,4,3,1,3,4
21877,1,9,0,0,0,1,0,4,3,1,3,4
21878,2,9,1,0,0,1,0,4,3,1,3,4
21879,2,9,0,0,0,1,0,4,3,1,3,4
21884,1,9,0,1,0,1,0,4,3,1,3,4
21885,1,10,0,0,0,3,1,0,3,4,4,1
21886,2,10,1,0,0,3,1,0,3,4,4,1
21887,2,10,0,0,0,3,1,0,3,4,4,1
21975,1,10,0,0,0,3,1,0,3,4,4,1
21983,2,10,2,0,0,3,1,0,3,4,4,1
22000,1,9,0,1,0,1,0,4,3,1,3,4
22001,1,10,0,0,0,3,1,0,3,4,4,1
22002,1,10,0,1,0,3,1,0,3,4,4,1
22003,2,10,0,0,0,3,1,0,3,4,4,1
22004,1,9,0,1,0,1,0,4,3,1,3,4
22005,1,10,0,0,0,3,1,0,3,4,4,1
22006,2,10,1,0,0,3,1,0,3,4,4,1
22007,2,10,0,0,0,3,1,0,3,4,4,1
22008,1,9,0,1,0,1,0,4,3,1,3,4
22009,1,10,0,0,0,3,1,0,3,4,4,1
22010,1,10,0,1,0,3,1,0,3,4,4,1
22011,2,10,0,0,0,3,1,0,3,4,4,1
22012,2,8,2,0,0,2,2,0,2,4,4,2
22013,2,10,2,0,0,3,1,0,3,4,4,1
22014,2,10,1,0,0,3,1,0,3,4,4,1
22015,2,10,0,0,0,3,1,0,3,4,4,1
22272,1,4,0,2,1,2,1,4,3,2,3,4
22288,1,5,0,1,0,3,1,1,2,4,3,2
22289,1,5,0,0,0,3,1,1,2,4,3,2
22291,1,5,0,0,0,3,1,1,2,4,3,2
22295,1,9,0,0,0,1,0,4,3,1,3,4
22303,1,10,0,0,0,3,1,0,3,4,4,1
22304,1,5,0,2,0,3,1,1,2,4,3,2
22306,1,5,0,2,0,3,1,1,2,4,3,2
22307,1,5,0,0,0,3,1,1,2,4,3,2
22310,1,5,0,2,0,3,1,1,2,4,3,2
22311,1,9,0,0,0,1,0,4,3,1,3,4
22318,1,10,0,2,0,3,1,0,3,4,4,1
22319,1,10,0,0,0,3,1,0,3,4,4,1
22320,2,5,0,1,0,3,1,1,2,4,3,2
22321,2,5,0,1,0,3,1,1,2,4,3,2
22322,2,5,0,1,0,3,1,1,2,4,3,2
22323,2,5,0,0,0,2,1,4,2,1,3,3
22326,2,9,0,1,0,1,0,4,3,1,3,4
22327,2,9,0,0,0,1,0,4,3,1,3,4
22334,2,10,0,1,0,3,1,0,3,4,4,1
22335,2,10,0,0,0,3,1,0,3,4,4,1
22336,1,5,0,2,0,2,1,4,2,1,3,3
22340,1,5,0,2,0,2,1,4,2,1,3,3
22342,1,5,0,2,0,3,1,1,2,4,3,2
22343,1,9,0,0,0,1,0,4,3,1,3,4
22348,1,5,0,2,1,2,2,0,3,3,4,1
22350,1,10,0,2,0,3,1,0,3,4,4,1
22351,1,10,0,0,0,3,1,0,3,4,4,1
22352,1,9,0,1,0,1,0,4,3,1,3,4
22353,1,9,0,0,0,1,0,4,3,1,3,4
22356,1,9,0,1,0,1,0,4,3,1,3,4
22357,1,9,0,0,0,1,0,4,3,1,3,4
22364,1,9,0,1,0,1,0,4,3,1,3,4
22365,1,10,0,0,0,3,1,0,3,4,4,1
22368,2,5,1,1,0,3,1,1,2,4,3,2
22370,2,5,1,1,0,3,1,1,2,4,3,2
22371,2,9,1,1,0,1,0,4,3,1,3,4
22372,2,5,1,1,0,3,1,1,2,4,3,2
22374,2,5,1,0,0,3,1,1,2,4,3,2
22375,2,9,1,0,0,1,0,4,3,1,3,4
22380,2,5,1,1,1,2,2,0,3,3,4,1
22382,2,10,1,0,0,3,1,0,3,4,4,1
22383,2,10,1,0,0,3,1,0,3,4,4,1
22384,2,9,0,1,0,1,0,4,3,1,3,4
22385,2,9,0,1,0,1,0,4,3,1,3,4
22386,2,9,0,1,0,1,0,4,3,1,3,4
22387,2,9,0,0,0,1,0,4,3,1,3,4
22388,2,9,0,1,0,1,0,4,3,1,3,4
22389,2,9,0,1,0,1,0,4,3,1,3,4
22390,2,9,0,1,0,1,0,4,3,1,3,4
22391,3,9,0,0,0,1,0,4,3,1,3,4
22396,2,9,0,1,0,1,0,4,3,1,3,4
22397,2,10,0,1,0,3,1,0,3,4,4,1
22398,2,10,0,1,0,3,1,0,3,4,4,1
22399,3,10,0,0,0,3,1,0,3,4,4,1
22464,1,5,0,2,1,3,2,1,3,4,4,2
22468,1,8,0,2,0,2,2,0,2,4,4,2
22470,1,10,0,2,0,3,1,0,3,4,4,1
22471,1,10,0,0,0,3,1,0,3,4,4,1
22472,1,5,0,2,1,3,2,1,3,4,4,2
22476,2,8,2,0,0,2,2,0,2,4,4,2
22478,2,10,2,0,0,3,1,0,3,4,4,1
22479,2,10,2,0,0,3,1,0,3,4,4,1
22480,1,9,0,1,0,1,0,4,3,1,3,4
22481,1,10,0,0,0,3,1,0,3,4,4,1
22484,1,9,0,1,0,1,0,4,3,1,3,4
22485,1,10,0,0,0,3,1,0,3,4,4,1
22488,1,9,0,1,0,1,0,4,3,1,3,4
22489,1,10,0,0,0,3,1,0,3,4,4,1
22492,2,8,2,0,0,2,2,0,2,4,4,2
22493,2,10,2,0,0,3,1,0,3,4,4,1
22496,2,5,1,1,1,3,2,1,3,4,4,2
22498,2,10,1,1,0,3,1,0,3,4,4,1
22499,2,10,1,1,0,3,1,0,3,4,4,1
22500,2,8,1,1,0,2,2,0,2,4,4,2
22502,2,10,1,0,0,3,1,0,3,4,4,1
22503,2,10,1,0,0,3,1,0,3,4,4,1
22504,2,5,1,1,1,3,2,1,3,4,4,2
22506,2,10,1,1,0,3,1,0,3,4,4,1
22507,2,10,1,1,0,3,1,0,3,4,4,1
22508,2,8,1,1,0,2,2,0,2,4,4,2
22510,2,10,1,0,0,3,1,0,3,4,4,1
22511,2,10,1,0,0,3,1,0,3,4,4,1
22512,2,9,0,1,0,1,0,4,3,1,3,4
22513,2,10,0,1,0,3,1,0,3,4,4,1
22514,2,10,0,1,0,3,1,0,3,4,4,1
22515,2,10,0,0,0,3,1,0,3,4,4,1
22516,2,9,0,1,0,1,0,4,3,1,3,4
22517,2,10,0,1,0,3,1,0,3,4,4,1
22518,2,10,0,1,0,3,1,0,3,4,4,1
22519,3,10,0,0,0,3,1,0,3,4,4,1
22520,2,9,0,1,0,1,0,4,3,1,3,4
22521,2,10,0,1,0,3,1,0,3,4,4,1
22522,2,10,0,1,0,3,1,0,3,4,4,1
22523,2,10,0,0,0,3,1,0,3,4,4,1
22524,2,8,0,1,0,2,2,0,2,4,4,2
22525,2,10,0,1,0,3,1,0,3,4,4,1
22526,2,10,0,1,0,3,1,0,3,4,4,1
22527,3,10,0,0,0,3,1,0,3,4,4,1
23895,1,10,0,0,0,1,1,4,3,0,4,3
23903,1,10,0,0,0,3,1,0,3,4,4,1
23920,1,9,0,1,0,1,0,4,3,1,3,4
23921,1,9,0,0,0,1,0,4,3,1,3,4
23922,1,9,0,1,0,1,0,4,3,1,3,4
23923,2,9,0,0,0,1,0,4,3,1,3,4
23924,1,10,0,1,0,1,1,4,3,0,4,3
23925,1,10,0,0,0,1,1,4,3,0,4,3
23926,2,10,1,0,0,1,1,4,3,0,4,3
23927,2,10,0,0,0,1,1,4,3,0,4,3
23932,1,10,0,1,0,1,1,4,3,0,4,3
23933,1,10,0,0,0,3,1,0,3,4,4,1
23934,2,10,1,0,0,3,1,0,3,4,4,1
23935,2,10,0,0,0,3,1,0,3,4,4,1
23967,1,10,0,0,0,3,1,0,3,4,4,1
24023,2,10,2,1,0,3,1,0,3,4,4,1
24031,2,10,2,0,0,3,1,0,3,4,4,1
24048,2,9,2,1,0,1,0,4,3,1,3,4
24049,2,10,2,1,0,3,1,0,3,4,4,1
24050,2,10,2,1,0,3,1,0,3,4,4,1
24051,2,10,0,0,0,3,1,0,3,4,4,1
24052,2,10,2,1,0,1,1,4,3,0,4,3
24053,2,10,2,1,0,3,1,0,3,4,4,1
24054,2,10,1,0,0,3,1,0,3,4,4,1
24055,2,10,0,0,0,3,1,0,3,4,4,1
24056,2,10,2,1,0,1,1,4,3,0,4,3
24057,2,10,2,1,0,3,1,0,3,4,4,1
24058,2,10,2,1,0,3,1,0,3,4,4,1
24059,2,10,0,0,0,3,1,0,3,4,4,1
24060,2,10,2,0,0,1,1,4,3,0,4,3
24061,2,10,2,0,0,3,1,0,3,4,4,1
24062,2,10,1,0,0,3,1,0,3,4,4,1
24063,2,10,0,0,0,3,1,0,3,4,4,1
24320,1,4,0,2,1,2,1,4,3,2,3,4
24336,1,5,0,1,0,3,1,1,2,4,3,2
24337,1,5,0,0,0,3,1,1,2,4,3,2
24339,1,8,0,0,0,2,2,0,2,4,4,2
24343,1,10,0,0,0,1,1,4,3,0,4,3
24351,1,10,0,0,0,3,1,0,3,4,4,1
24352,1,5,0,2,1,3,2,1,3,4,4,2
24354,1,8,0,2,0,2,2,0,2,4,4,2
24355,1,8,0,0,0,2,2,0,2,4,4,2
24358,1,8,0,2,0,2,2,0,2,4,4,2
24359,1,10,0,0,0,1,1,4,3,0,4,3
24366,1,10,0,2,0,3,1,0,3,4,4,1
24367,1,10,0,0,0,3,1,0,3,4,4,1
24368,2,5,0,1,1,3,2,1,3,4,4,2
24369,2,5,0,1,1,3,2,1,3,4,4,2
24370,2,8,0,1,0,2,2,0,2,4,4,2
24371,2,8,0,0,0,2,2,0,2,4,4,2
24374,2,10,0,1,0,1,1,4,3,0,4,3
24375,2,10,0,0,0,1,1,4,3,0,4,3
24382,2,10,0,1,0,3,1,0,3,4,4,1
24383,2,10,0,0,0,3,1,0,3,4,4,1
24384,1,5,0,2,1,3,2,1,3,4,4,2
24388,1,8,0,2,0,2,2,0,2,4,4,2
24390,1,8,0,2,0,2,2,0,2,4,4,2
24391,1,10,0,0,0,1,1,4,3,0,4,3
24396,1,8,0,2,0,2,2,0,2,4,4,2
24398,1,10,0,2,0,3,1,0,3,4,4,1
24399,1,10,0,0,0,3,1,0,3,4,4,1
24400,1,9,0,1,0,1,0,4,3,1,3,4
24401,1,9,0,0,0,1,0,4,3,1,3,4
24404,1,10,0,1,0,1,1,4,3,0,4,3
24405,1,10,0,0,0,1,1,4,3,0,4,3
24412,1,10,0,1,0,1,1,4,3,0,4,3
24413,1,10,0,0,0,3,1,0,3,4,4,1
24416,2,5,1,1,1,3,2,1,3,4,4,2
24418,2,8,1,1,0,2,2,0,2,4,4,2
24419,2,9,1,1,0,1,0,4,3,1,3,4
24420,2,8,1,1,0,2,2,0,2,4,4,2
24422,2,8,1,0,0,2,2,0,2,4,4,2
24423,2,10,1,0,0,1,1,4,3,0,4,3
24428,2,8,1,1,0,2,2,0,2,4,4,2
24430,2,10,1,0,0,3,1,0,3,4,4,1
24431,2,10,1,0,0,3,1,0,3,4,4,1
24432,2,9,0,1,0,1,0,4,3,1,3,4
24433,2,9,0,1,0,1,0,4,3,1,3,4
24434,2,9,0,1,0,1,0,4,3,1,3,4
24435,2,9,0,0,0,1,0,4,3,1,3,4
24436,2,10,0,1,0,1,1,4,3,0,4,3
24437,2,10,0,1,0,1,1,4,3,0,4,3
24438,2,10,0,1,0,1,1,4,3,0,4,3
24439,3,10,0,0,0,1,1,4,3,0,4,3
24444,2,10,0,1,0,1,1,4,3,0,4,3
24445,2,10,0,1,0,3,1,0,3,4,4,1
24446,2,10,0,1,0,3,1,0,3,4,4,1
24447,3,10,0,0,0,3,1,0,3,4,4,1
24448,1,5,0,2,1,2,2,4,3,1,4,3
24456,1,5,0,2,1,2,2,4,3,1,4,3
24460,1,8,0,2,0,2,2,0,2,4,4,2
24462,1,10,0,2,0,3,1,0,3,4,4,1
24463,1,10,0,0,0,3,1,0,3,4,4,1
24464,1,9,0,1,0,1,0,4,3,1,3,4
24465,1,10,0,0,0,3,1,0,3,4,4,1
24467,1,10,0,0,0,3,1,0,3,4,4,1
24472,1,10,0,1,0,1,1,4,3,0,4,3
24473,1,10,0,0,0,3,1,0,3,4,4,1
24475,1,10,0,0,0,3,1,0,3,4,4,1
24476,1,10,0,1,0,1,1,4,3,0,4,3
24477,1,10,0,0,0,3,1,0,3,4,4,1
24480,1,5,0,2,1,3,2,1,3,4,4,2
24482,1,10,0,2,0,3,1,0,3,4,4,1
24483,1,10,0,0,0,3,1,0,3,4,4,1
24488,1,5,0,2,1,3,2,1,3,4,4,2
24490,1,10,0,2,0,3,1,0,3,4,4,1
24491,1,10,0,0,0,3,1,0,3,4,4,1
24496,2,9,0,1,0,1,0,4,3,1,3,4
24497,2,10,0,1,0,3,1,0,3,4,4,1
24498,2,10,0,1,0,3,1,0,3,4,4,1
24499,2,10,0,0,0,3,1,0,3,4,4,1
24504,2,10,0,1,0,1,1,4,3,0,4,3
24505,2,10,0,1,0,3,1,0,3,4,4,1
24506,2,10,0,1,0,3,1,0,3,4,4,1
24507,2,10,0,0,0,3,1,0,3,4,4,1
24512,2,5,2,1,1,3,2,1,3,4,4,2
24516,2,8,2,1,0,2,2,0,2,4,4,2
24518,2,10,2,1,0,3,1,0,3,4,4,1
24519,2,10,2,1,0,3,1,0,3,4,4,1
24520,2,5,2,1,1,3,2,1,3,4,4,2
24524,2,8,2,0,0,2,2,0,2,4,4,2
24526,2,10,2,0,0,3,1,0,3,4,4,1
24527,2,10,2,0,0,3,1,0,3,4,4,1
24528,2,9,2,1,0,1,0,4,3,1,3,4
24529,2,10,2,1,0,3,1,0,3,4,4,1
24532,2,10,2,1,0,1,1,4,3,0,4,3
24533,2,10,2,1,0,3,1,0,3,4,4,1
24536,2,10,2,1,0,1,1,4,3,0,4,3
24537,2,10,2,1,0,3,1,0,3,4,4,1
24540,2,10,2,0,0,1,1,4,3,0,4,3
24541,2,10,2,0,0,3,1,0,3,4,4,1
24544,2,5,1,1,1,3,2,1,3,4,4,2
24546,2,10,1,1,0,3,1,0,3,4,4,1
24547,2,10,1,1,0,3,1,0,3,4,4,1
24548,2,8,1,1,0,2,2,0,2,4,4,2
24550,2,10,1,0,0,3,1,0,3,4,4,1
24551,2,10,1,0,0,3,1,0,3,4,4,1
24552,2,5,1,1,1,3,2,1,3,4,4,2
24554,2,10,1,1,0,3,1,0,3,4,4,1
24555,2,10,1,1,0,3,1,0,3,4,4,1
24556,2,8,1,1,0,2,2,0,2,4,4,2
24558,3,10,1,0,0,3,1,0,3,4,4,1
24559,3,10,1,0,0,3,1,0,3,4,4,1
24560,2,9,0,1,0,1,0,4,3,1,3,4
24561,2,10,0,1,0,3,1,0,3,4,4,1
24562,2,10,0,1,0,3,1,0,3,4,4,1
24563,2,10,0,0,0,3,1,0,3,4,4,1
24564,2,10,0,1,0,1,1,4,3,0,4,3
24565,2,10,0,1,0,3,1,0,3,4,4,1
24566,2,10,0,1,0,3,1,0,3,4,4,1
24567,3,10,0,0,0,3,1,0,3,4,4,1
24568,2,10,0,1,0,1,1,4,3,0,4,3
24569,2,10,0,1,0,3,1,0,3,4,4,1
24570,2,10,0,1,0,3,1,0,3,4,4,1
24571,2,10,0,0,0,3,1,0,3,4,4,1
24572,2,10,0,1,0,1,1,4,3,0,4,3
24573,2,10,0,1,0,3,1,0,3,4,4,1
24574,3,10,1,0,0,3,1,0,3,4,4,1
24575,3,10,0,0,0,3,1,0,3,4,4,1
24576,1,1,1,3,2,3,2,4,3,3,3,4
25088,1,2,1,2,1,3,2,2,2,4,3,3
25120,1,2,1,1,1,3,2,2,2,4,3,3
25122,1,2,1,0,1,3,2,2,2,4,3,3
25123,1,2,0,0,1,3,2,2,2,4,3,3
25126,1,4,1,0,1,1,1,3,3,1,3,3
25127,1,4,0,0,1,1,1,3,3,1,3,3
25134,1,5,1,0,1,2,2,0,3,3,4,1
25135,1,5,0,0,1,2,2,0,3,3,4,1
25136,1,5,0,1,0,2,1,4,2,1,3,3
25137,1,5,0,0,0,2,1,4,2,1,3,3
25138,1,5,0,1,0,2,1,4,2,1,3,3
25139,2,5,0,0,0,2,1,4,2,1,3,3
25142,1,5,0,1,0,2,1,4,2,1,3,3
25143,2,5,0,0,0,2,1,4,2,1,3,3
25150,1,5,0,1,1,2,2,0,3,3,4,1
25151,2,5,0,0,1,2,2,0,3,3,4,1
25184,1,4,1,1,1,2,1,4,3,2,3,4
25186,1,4,1,0,1,2,1,4,3,2,3,4
25187,1,5,0,0,0,1,1,3,2,0,3,2
25188,1,4,1,1,1,2,1,4,3,2,3,4
25190,2,4,1,0,1,2,1,4,3,2,3,4
25191,2,5,1,0,0,1,1,3,2,0,3,2
25196,1,5,1,1,1,2,2,0,3,3,4,1
25198,2,5,1,0,1,2,2,0,3,3,4,1
25199,2,5,1,0,1,2,2,0,3,3,4,1
25200,1,5,0,1,0,2,1,4,2,1,3,3
25201,1,5,0,0,0,2,1,4,2,1,3,3
25202,1,5,0,1,0,2,1,4,2,1,3,3
25203,2,5,0,0,0,2,1,4,2,1,3,3
25204,1,5,0,1,0,2,1,4,2,1,3,3
25205,1,5,0,0,0,2,1,4,2,1,3,3
25206,2,5,1,0,0,2,1,0,2,3,3,1
25207,2,5,0,0,0,2,1,0,2,3,3,1
25212,1,5,0,1,1,2,2,0,3,3,4,1
25213,1,5,0,0,1,2,2,0,3,3,4,1
25214,2,5,1,0,1,2,2,0,3,3,4,1
25215,2,5,0,0,1,2,2,0,3,3,4,1
25262,1,5,1,0,1,3,2,1,3,4,4,2
25263,1,5,0,0,1,3,2,1,3,4,4,2
25278,1,8,0,1,0,2,2,0,2,4,4,2
25279,2,8,0,0,0,2,2,0,2,4,4,2
25312,1,5,1,1,1,3,2,1,3,4,4,2
25314,1,5,1,0,1,3,2,1,3,4,4,2
25315,1,5,0,0,1,3,2,1,3,4,4,2
25316,1,5,1,1,1,3,2,1,3,4,4,2
25318,2,5,1,0,1,2,2,0,3,3,4,1
25319,2,5,1,0,1,2,2,0,3,3,4,1
25320,1,5,1,1,1,3,2,1,3,4,4,2
25322,1,5,1,0,1,3,2,1,3,4,4,2
25323,1,5,0,0,1,3,2,1,3,4,4,2
25324,2,5,2,0,1,3,2,1,3,4,4,2
25326,2,5,1,0,1,2,2,0,3,3,4,1
25327,2,5,1,0,1,2,2,0,3,3,4,1
25328,1,5,0,1,1,3,2,1,3,4,4,2
25329,1,5,0,0,1,3,2,1,3,4,4,2
25330,1,8,0,1,0,2,2,0,2,4,4,2
25331,2,8,0,0,0,2,2,0,2,4,4,2
25332,1,8,0,1,0,2,2,0,2,4,4,2
25333,1,8,0,0,0,2,2,0,2,4,4,2
25334,2,8,1,0,0,2,2,0,2,4,4,2
25335,2,8,0,0,0,2,2,0,2,4,4,2
25336,1,5,0,1,1,3,2,1,3,4,4,2
25337,1,5,0,0,1,3,2,1,3,4,4,2
25338,1,8,0,1,0,2,2,0,2,4,4,2
25339,2,8,0,0,0,2,2,0,2,4,4,2
25340,2,8,2,0,0,2,2,0,2,4,4,2
25341,2,8,2,0,0,2,2,0,2,4,4,2
25342,2,8,1,0,0,2,2,0,2,4,4,2
25343,2,8,0,0,0,2,2,0,2,4,4,2
25344,1,2,0,2,1,3,2,2,2,4,3,3
25360,1,2,0,1,1,3,2,2,2,4,3,3
25361,1,2,0,0,1,3,2,2,2,4,3,3
25363,1,5,0,0,0,2,1,4,2,1,3,3
25367,1,9,0,0,0,0,0,3,3,0,3,3
25375,1,10,0,0,0,3,1,0,3,4,4,1
25376,1,5,0,2,0,2,1,4,2,1,3,3
25378,1,5,0,2,0,2,1,4,2,1,3,3
25379,1,5,0,0,0,2,1,4,2,1,3,3
25382,1,5,0,2,0,2,1,4,2,1,3,3
25383,1,9,0,0,0,0,0,3,3,0,3,3
25390,1,10,0,2,0,3,1,0,3,4,4,1
25391,1,10,0,0,0,3,1,0,3,4,4,1
25392,2,5,0,1,0,2,1,4,2,1,3,3
25393,2,5,0,1,0,2,1,4,2,1,3,3
25394,2,5,0,1,0,2,1,4,2,1,3,3
25395,2,5,0,0,0,2,1,4,2,1,3,3
25398,2,5,0,1,0,2,1,4,2,1,3,3
25399,2,9,0,0,0,0,0,3,3,0,3,3
25406,2,10,0,1,0,3,1,0,3,4,4,1
25407,2,10,0,0,0,3,1,0,3,4,4,1
25440,1,5,0,2,0,3,1,1,2,4,3,2
25442,1,5,0,2,0,3,1,1,2,4,3,2
25443,1,5,0,0,0,3,1,1,2,4,3,2
25444,1,5,0,2,0,3,1,1,2,4,3,2
25446,2,5,1,0,0,3,1,1,2,4,3,2
25447,2,9,1,0,0,0,0,3,3,0,3,3
25452,1,5,0,2,1,2,2,0,3,3,4,1
25454,2,10,1,0,0,3,1,0,3,4,4,1
25455,2,10,1,0,0,3,1,0,3,4,4,1
25456,2,5,0,1,0,3,1,1,2,4,3,2
25457,2,5,0,1,0,3,1,1,2,4,3,2
25458,2,5,0,1,0,3,1,1,2,4,3,2
25459,2,5,0,0,0,2,1,4,2,1,3,3
25460,2,5,0,1,0,3,1,1,2,4,3,2
25461,2,9,0,1,0,0,0,3,3,0,3,3
25462,2,5,0,1,0,3,1,1,2,4,3,2
25463,2,9,0,0,0,0,0,3,3,0,3,3
25468,2,5,0,1,0,3,1,1,2,4,3,2
25469,2,10,0,1,0,3,1,0,3,4,4,1
25470,2,10,0,1,0,3,1,0,3,4,4,1
25471,2,10,0,0,0,3,1,0,3,4,4,1
25503,1,10,0,0,0,3,1,0,3,4,4,1
25518,1,10,0,2,0,3,1,0,3,4,4,1
25519,1,10,0,0,0,3,1,0,3,4,4,1
25534,2,10,0,1,0,3,1,0,3,4,4,1
25535,2,10,0,0,0,3,1,0,3,4,4,1
25568,1,5,0,2,1,3,2,1,3,4,4,2
25570,1,10,0,2,0,3,1,0,3,4,4,1
25571,1,10,0,0,0,3,1,0,3,4,4,1
25572,1,8,0,2,0,2,2,0,2,4,4,2
25574,2,10,1,0,0,3,1,0,3,4,4,1
25575,2,10,1,0,0,3,1,0,3,4,4,1
25576,1,5,0,2,1,3,2,1,3,4,4,2
25578,1,10,0,2,0,3,1,0,3,4,4,1
25579,1,10,0,0,0,3,1,0,3,4,4,1
25580,2,8,2,0,0,2,2,0,2,4,4,2
25582,2,10,1,0,0,3,1,0,3,4,4,1
25583,2,10,1,0,0,3,1,0,3,4,4,1
25584,2,5,0,1,1,3,2,1,3,4,4,2
25585,2,10,0,1,0,3,1,0,3,4,4,1
25586,2,10,0,1,0,3,1,0,3,4,4,1
25587,2,10,0,0,0,3,1,0,3,4,4,1
25588,2,8,0,1,0,2,2,0,2,4,4,2
25589,2,10,0,1,0,3,1,0,3,4,4,1
25590,2,10,0,1,0,3,1,0,3,4,4,1
25591,2,10,0,0,0,3,1,0,3,4,4,1
25592,2,5,0,1,1,3,2,1,3,4,4,2
25593,2,10,0,1,0,3,1,0,3,4,4,1
25594,2,10,0,1,0,3,1,0,3,4,4,1
25595,2,10,0,0,0,3,1,0,3,4,4,1
25596,2,8,0,1,0,2,2,0,2,4,4,2
25597,2,10,0,1,0,3,1,0,3,4,4,1
25598,2,10,0,1,0,3,1,0,3,4,4,1
25599,2,10,0,0,0,3,1,0,3,4,4,1
25600,1,2,1,3,1,3,2,2,2,4,3,3
25664,1,2,1,3,1,3,2,2,2,4,3,3
25668,1,2,1,3,1,3,2,2,2,4,3,3
25670,1,4,1,0,1,1,1,3,3,1,3,3
25671,1,5,0,0,0,1,1,3,2,0,3,2
25676,1,2,1,3,2,1,3,0,3,2,4,1
25678,1,4,1,0,1,1,1,3,3,1,3,3
25679,1,5,0,0,0,1,1,3,2,0,3,2
25687,1,5,0,0,0,2,1,4,2,1,3,3
25695,1,5,0,0,1,2,2,0,3,3,4,1
25696,1,4,1,1,1,2,1,4,3,2,3,4
25698,1,4,1,0,1,2,1,4,3,2,3,4
25699,1,5,0,0,0,1,1,3,2,0,3,2
25700,1,4,1,1,1,2,1,4,3,2,3,4
25702,2,4,1,0,1,2,1,4,3,2,3,4
25703,2,5,1,0,0,1,1,3,2,0,3,2
25708,1,5,1,1,1,2,2,0,3,3,4,1
25710,2,5,1,0,1,2,2,0,3,3,4,1
25711,2,5,1,0,1,2,2,0,3,3,4,1
25712,1,5,0,1,0,2,1,4,2,1,3,3
25713,1,5,0,0,0,2,1,4,2,1,3,3
25714,1,5,0,1,0,2,1,4,2,1,3,3
25715,2,5,0,0,0,2,1,4,2,1,3,3
25716,1,5,0,1,0,2,1,4,2,1,3,3
25717,1,5,0,0,0,2,1,4,2,1,3,3
25718,2,5,1,0,0,2,1,0,2,3,3,1
25719,2,5,0,0,0,2,1,0,2,3,3,1
25724,1,5,0,1,1,2,2,0,3,3,4,1
25725,1,5,0,0,1,2,2,0,3,3,4,1
25726,2,5,1,0,1,2,2,0,3,3,4,1
25727,2,5,0,0,1,2,2,0,3,3,4,1
25792,1,5,1,3,1,3,2,1,3,4,4,2
25796,1,5,1,3,1,3,2,1,3,4,4,2
25798,1,5,1,0,1,3,2,1,3,4,4,2
25799,1,5,0,0,1,3,2,1,3,4,4,2
25800,1,5,1,3,1,3,2,1,3,4,4,2
25804,2,5,2,0,1,3,2,1,3,4,4,2
25806,2,5,2,0,1,3,2,1,3,4,4,2
25807,2,5,2,0,1,3,2,1,3,4,4,2
25815,1,8,0,0,0,2,2,0,2,4,4,2
25823,2,8,2,0,0,2,2,0,2,4,4,2
25824,1,5,1,1,1,3,2,1,3,4,4,2
25826,1,5,1,0,1,3,2,1,3,4,4,2
25827,1,5,0,0,1,3,2,1,3,4,4,2
25828,1,5,1,1,1,3,2,1,3,4,4,2
25830,2,5,1,0,1,2,2,0,3,3,4,1
25831,2,5,1,0,1,2,2,0,3,3,4,1
25832,1,5,1,1,1,3,2,1,3,4,4,2
25834,1,5,1,0,1,3,2,1,3,4,4,2
25835,1,5,0,0,1,3,2,1,3,4,4,2
25836,2,5,2,0,1,3,2,1,3,4,4,2
25838,2,5,1,0,1,2,2,0,3,3,4,1
25839,2,5,1,0,1,2,2,0,3,3,4,1
25840,1,5,0,1,1,3,2,1,3,4,4,2
25841,1,5,0,0,1,3,2,1,3,4,4,2
25842,1,8,0,1,0,2,2,0,2,4,4,2
25843,2,8,0,0,0,2,2,0,2,4,4,2
25844,1,8,0,1,0,2,2,0,2,4,4,2
25845,1,8,0,0,0,2,2,0,2,4,4,2
25846,2,8,1,0,0,2,2,0,2,4,4,2
25847,2,8,0,0,0,2,2,0,2,4,4,2
25848,1,5,0,1,1,3,2,1,3,4,4,2
25849,1,5,0,0,1,3,2,1,3,4,4,2
25850,1,8,0,1,0,2,2,0,2,4,4,2
25851,2,8,0,0,0,2,2,0,2,4,4,2
25852,2,8,2,0,0,2,2,0,2,4,4,2
25853,2,8,2,0,0,2,2,0,2,4,4,2
25854,2,8,1,0,0,2,2,0,2,4,4,2
25855,2,8,0,0,0,2,2,0,2,4,4,2
26112,2,4,1,2,1,2,1,4,3,2,3,4
26144,2,4,1,2,1,2,1,4,3,2,3,4
26146,2,4,1,2,1,2,1,4,3,2,3,4
26147,2,5,1,2,0,1,1,3,2,0,3,2
26150,2,4,1,2,1,2,1,4,3,2,3,4
26151,2,5,1,2,0,1,1,3,2,0,3,2
26158,2,5,1,2,1,2,2,0,3,3,4,1
26159,2,5,1,2,1,2,2,0,3,3,4,1
26160,2,5,1,2,0,2,1,4,2,1,3,3
26161,2,5,1,2,0,2,1,4,2,1,3,3
26162,2,5,1,2,0,2,1,4,2,1,3,3
26163,2,5,0,0,0,2,1,4,2,1,3,3
26166,2,5,1,2,0,2,1,4,2,1,3,3
26167,2,5,0,0,0,2,1,4,2,1,3,3
26174,2,5,1,2,1,2,2,0,3,3,4,1
26175,2,5,0,0,1,2,2,0,3,3,4,1
26176,2,4,1,2,1,2,1,4,3,2,3,4
26180,2,4,1,2,1,2,1,4,3,2,3,4
26182,2,4,1,2,1,2,1,4,3,2,3,4
26183,2,5,1,2,0,1,1,3,2,0,3,2
26188,2,5,1,2,1,2,2,0,3,3,4,1
26190,2,5,1,2,1,2,2,0,3,3,4,1
26191,2,5,1,2,1,2,2,0,3,3,4,1
26208,2,4,1,1,1,2,1,4,3,2,3,4
26210,2,4,1,1,1,2,1,4,3,2,3,4
26211,2,5,1,1,0,1,1,3,2,0,3,2
26212,2,4,1,1,1,2,1,4,3,2,3,4
26214,2,4,1,0,1,2,1,4,3,2,3,4
26215,2,5,1,0,0,1,1,3,2,0,3,2
26220,2,5,1,1,1,2,2,0,3,3,4,1
26222,2,5,1,0,1,2,2,0,3,3,4,1
26223,2,5,1,0,1,2,2,0,3,3,4,1
26224,2,5,1,1,0,2,1,4,2,1,3,3
26225,2,5,1,1,0,2,1,4,2,1,3,3
26226,2,5,1,1,0,2,1,4,2,1,3,3
26227,2,5,0,0,0,2,1,4,2,1,3,3
26228,2,5,1,1,0,2,1,4,2,1,3,3
26229,2,5,1,1,0,2,1,4,2,1,3,3
26230,2,5,1,0,0,1,1,3,2,0,3,2
26231,2,5,0,0,0,1,1,3,2,0,3,2
26236,2,5,1,1,1,2,2,0,3,3,4,1
26237,2,5,1,1,1,2,2,0,3,3,4,1
26238,2,5,1,0,1,2,2,0,3,3,4,1
26239,2,5,0,0,1,2,2,0,3,3,4,1
26304,2,5,1,2,1,3,2,1,3,4,4,2
26308,2,5,1,2,1,3,2,1,3,4,4,2
26310,2,5,1,2,1,3,2,1,3,4,4,2
26311,2,5,1,2,1,3,2,1,3,4,4,2
26312,2,5,1,2,1,3,2,1,3,4,4,2
26316,2,5,1,2,1,3,2,1,3,4,4,2
26318,2,5,1,2,1,3,2,1,3,4,4,2
26319,2,5,1,2,1,3,2,1,3,4,4,2
26336,2,5,1,1,1,3,2,1,3,4,4,2
26338,2,5,1,1,1,3,2,1,3,4,4,2
26339,2,5,1,1,1,3,2,1,3,4,4,2
26340,2,5,1,1,1,3,2,1,3,4,4,2
26342,2,5,1,0,1,2,2,0,3,3,4,1
26343,2,5,1,0,1,2,2,0,3,3,4,1
26344,2,5,1,1,1,3,2,1,3,4,4,2
26346,2,5,1,1,1,3,2,1,3,4,4,2
26347,2,5,1,1,1,3,2,1,3,4,4,2
26348,2,5,1,1,1,3,2,1,3,4,4,2
26350,2,5,1,0,1,2,2,0,3,3,4,1
26351,2,5,1,0,1,2,2,0,3,3,4,1
26352,2,5,1,1,1,3,2,1,3,4,4,2
26353,2,5,1,1,1,3,2,1,3,4,4,2
26354,2,8,1,1,0,2,2,0,2,4,4,2
26355,2,8,0,0,0,2,2,0,2,4,4,2
26356,2,8,1,1,0,2,2,0,2,4,4,2
26357,2,8,1,1,0,2,2,0,2,4,4,2
26358,2,8,1,0,0,2,2,0,2,4,4,2
26359,2,8,0,0,0,2,2,0,2,4,4,2
26360,2,5,1,1,1,3,2,1,3,4,4,2
26361,2,5,1,1,1,3,2,1,3,4,4,2
26362,2,8,1,1,0,2,2,0,2,4,4,2
26363,2,8,0,0,0,2,2,0,2,4,4,2
26364,2,8,1,1,0,2,2,0,2,4,4,2
26365,2,8,1,1,0,2,2,0,2,4,4,2
26366,2,8,1,0,0,2,2,0,2,4,4,2
26367,2,8,0,0,0,2,2,0,2,4,4,2
26368,2,4,1,2,1,2,1,4,3,2,3,4
26384,2,5,1,2,0,3,1,1,2,4,3,2
26385,2,5,1,2,0,3,1,1,2,4,3,2
26387,2,5,1,2,0,3,1,1,2,4,3,2
26391,2,9,1,2,0,0,0,3,3,0,3,3
26399,2,10,1,2,0,3,1,0,3,4,4,1
26400,2,5,1,2,0,3,1,1,2,4,3,2
26402,2,5,1,2,0,3,1,1,2,4,3,2
26403,2,5,1,2,0,3,1,1,2,4,3,2
26406,2,5,1,2,0,3,1,1,2,4,3,2
26407,2,9,1,2,0,0,0,3,3,0,3,3
26414,2,10,1,2,0,3,1,0,3,4,4,1
26415,2,10,1,2,0,3,1,0,3,4,4,1
26416,2,5,0,1,0,3,1,1,2,4,3,2
26417,2,5,0,1,0,3,1,1,2,4,3,2
26418,2,5,0,1,0,3,1,1,2,4,3,2
26419,2,5,0,0,0,2,1,4,2,1,3,3
26422,2,5,0,1,0,3,1,1,2,4,3,2
26423,2,9,0,0,0,0,0,3,3,0,3,3
26430,2,10,0,1,0,3,1,0,3,4,4,1
26431,2,10,0,0,0,3,1,0,3,4,4,1
26432,2,5,1,2,0,2,1,4,2,1,3,3
26436,2,5,1,2,0,2,1,4,2,1,3,3
26438,2,5,1,2,0,3,1,1,2,4,3,2
26439,2,9,1,2,0,0,0,3,3,0,3,3
26444,2,5,1,2,1,2,2,0,3,3,4,1
26446,2,10,1,2,0,3,1,0,3,4,4,1
26447,2,10,1,2,0,3,1,0,3,4,4,1
26448,2,5,1,2,0,3,1,1,2,4,3,2
26449,2,5,1,2,0,3,1,1,2,4,3,2
26452,2,5,1,2,0,3,1,1,2,4,3,2
26453,2,9,1,2,0,0,0,3,3,0,3,3
26460,2,5,1,2,1,2,2,0,3,3,4,1
26461,2,10,1,2,0,3,1,0,3,4,4,1
26464,2,5,1,1,0,3,1,1,2,4,3,2
26466,2,5,1,1,0,3,1,1,2,4,3,2
26467,2,5,1,1,0,3,1,1,2,4,3,2
26468,2,5,1,1,0,3,1,1,2,4,3,2
26470,2,5,1,0,0,3,1,1,2,4,3,2
26471,2,9,1,0,0,0,0,3,3,0,3,3
26476,2,5,1,1,1,2,2,0,3,3,4,1
26478,2,10,1,0,0,3,1,0,3,4,4,1
26479,2,10,1,0,0,3,1,0,3,4,4,1
26480,2,5,0,1,0,3,1,1,2,4,3,2
26481,2,5,0,1,0,3,1,1,2,4,3,2
26482,2,5,0,1,0,3,1,1,2,4,3,2
26483,2,5,0,0,0,2,1,4,2,1,3,3
26484,2,5,0,1,0,3,1,1,2,4,3,2
26485,2,9,0,1,0,0,0,3,3,0,3,3
26486,2,5,0,1,0,3,1,1,2,4,3,2
26487,3,9,0,0,0,0,0,3,3,0,3,3
26492,2,5,0,1,0,3,1,1,2,4,3,2
26493,2,10,0,1,0,3,1,0,3,4,4,1
26494,2,10,0,1,0,3,1,0,3,4,4,1
26495,3,10,0,0,0,3,1,0,3,4,4,1
26560,2,5,1,2,1,3,2,1,3,4,4,2
26564,2,8,1,2,0,2,2,0,2,4,4,2
26566,2,10,1,2,0,3,1,0,3,4,4,1
26567,2,10,1,2,0,3,1,0,3,4,4,1
26568,2,5,1,2,1,3,2,1,3,4,4,2
26572,2,8,1,2,0,2,2,0,2,4,4,2
26574,2,10,1,2,0,3,1,0,3,4,4,1
26575,2,10,1,2,0,3,1,0,3,4,4,1
26576,2,5,1,2,1,3,2,1,3,4,4,2
26577,2,10,1,2,0,3,1,0,3,4,4,1
26580,2,8,1,2,0,2,2,0,2,4,4,2
26581,2,10,1,2,0,3,1,0,3,4,4,1
26584,2,5,1,2,1,3,2,1,3,4,4,2
26585,2,10,1,2,0,3,1,0,3,4,4,1
26588,2,8,1,2,0,2,2,0,2,4,4,2
26589,2,10,1,2,0,3,1,0,3,4,4,1
26592,2,5,1,1,1,3,2,1,3,4,4,2
26594,2,10,1,1,0,3,1,0,3,4,4,1
26595,2,10,1,1,0,3,1,0,3,4,4,1
26596,2,8,1,1,0,2,2,0,2,4,4,2
26598,2,10,1,0,0,3,1,0,3,4,4,1
26599,2,10,1,0,0,3,1,0,3,4,4,1
26600,2,5,1,1,1,3,2,1,3,4,4,2
26602,2,10,1,1,0,3,1,0,3,4,4,1
26603,2,10,1,1,0,3,1,0,3,4,4,1
26604,2,8,1,1,0,2,2,0,2,4,4,2
26606,2,10,1,0,0,3,1,0,3,4,4,1
26607,2,10,1,0,0,3,1,0,3,4,4,1
26608,2,5,0,1,1,3,2,1,3,4,4,2
26609,2,10,0,1,0,3,1,0,3,4,4,1
26610,2,10,0,1,0,3,1,0,3,4,4,1
26611,2,10,0,0,0,3,1,0,3,4,4,1
26612,2,8,0,1,0,2,2,0,2,4,4,2
26613,2,10,0,1,0,3,1,0,3,4,4,1
26614,2,10,0,1,0,3,1,0,3,4,4,1
26615,3,10,0,0,0,3,1,0,3,4,4,1
26616,2,5,0,1,1,3,2,1,3,4,4,2
26617,2,10,0,1,0,3,1,0,3,4,4,1
26618,2,10,0,1,0,3,1,0,3,4,4,1
26619,2,10,0,0,0,3,1,0,3,4,4,1
26620,2,8,0,1,0,2,2,0,2,4,4,2
26621,2,10,0,1,0,3,1,0,3,4,4,1
26622,2,10,0,1,0,3,1,0,3,4,4,1
26623,3,10,0,0,0,3,1,0,3,4,4,1
27648,1,2,1,3,2,3,3,2,3,4,4,3
27712,1,5,1,3,1,3,2,1,3,4,4,2
27716,1,5,1,3,1,3,2,1,3,4,4,2
27718,1,5,1,0,1,3,2,1,3,4,4,2
27719,1,10,0,0,0,1,1,4,3,0,4,3
27724,1,5,1,3,1,3,2,1,3,4,4,2
27726,1,9,1,0,1,0,1,3,4,0,4,3
27727,1,10,0,0,0,1,1,4,3,0,4,3
27735,1,10,0,0,0,1,1,4,3,0,4,3
27743,1,10,0,0,0,1,1,4,3,0,4,3
27744,1,5,1,1,1,3,2,1,3,4,4,2
27746,1,5,1,0,1,3,2,1,3,4,4,2
27747,1,5,0,0,1,3,2,1,3,4,4,2
27748,1,5,1,1,1,3,2,1,3,4,4,2
27750,2,5,1,0,1,2,2,4,3,1,4,3
27751,2,10,1,0,0,1,1,4,3,0,4,3
27756,1,5,1,1,1,3,2,1,3,4,4,2
27758,2,9,1,0,1,0,1,3,4,0,4,3
27759,2,10,1,0,0,1,1,4,3,0,4,3
27760,1,5,0,1,1,3,2,1,3,4,4,2
27761,1,5,0,0,1,3,2,1,3,4,4,2
27762,1,8,0,1,0,2,2,0,2,4,4,2
27763,2,8,0,0,0,2,2,0,2,4,4,2
27764,1,10,0,1,0,1,1,4,3,0,4,3
27765,1,10,0,0,0,1,1,4,3,0,4,3
27766,2,10,1,0,0,1,1,4,3,0,4,3
27767,2,10,0,0,0,1,1,4,3,0,4,3
27772,1,10,0,1,0,1,1,4,3,0,4,3
27773,1,10,0,0,0,1,1,4,3,0,4,3
27774,2,10,1,0,0,1,1,4,3,0,4,3
27775,2,10,0,0,0,1,1,4,3,0,4,3
27776,1,2,1,3,2,3,3,2,3,4,4,3
27784,1,2,1,3,2,3,3,2,3,4,4,3
27788,1,5,1,3,1,3,2,1,3,4,4,2
27790,1,9,1,0,1,0,1,3,4,0,4,3
27791,1,10,0,0,0,1,1,4,3,0,4,3
27807,1,10,0,0,0,1,1,4,3,0,4,3
27840,2,5,2,1,1,3,2,1,3,4,4,2
27844,2,5,2,1,1,3,2,1,3,4,4,2
27846,2,5,2,1,1,3,2,1,3,4,4,2
27847,2,10,2,1,0,1,1,4,3,0,4,3
27848,2,5,2,1,1,3,2,1,3,4,4,2
27852,2,5,2,0,1,3,2,1,3,4,4,2
27854,2,9,2,0,1,0,1,3,4,0,4,3
27855,2,10,2,0,0,1,1,4,3,0,4,3
27863,2,10,2,1,0,1,1,4,3,0,4,3
27871,2,10,2,0,0,1,1,4,3,0,4,3
27872,2,5,2,1,1,3,2,1,3,4,4,2
27874,2,5,2,1,1,3,2,1,3,4,4,2
27875,2,5,2,1,1,3,2,1,3,4,4,2
27876,2,5,2,1,1,3,2,1,3,4,4,2
27878,2,5,1,0,1,2,2,4,3,1,4,3
27879,2,10,1,0,0,1,1,4,3,0,4,3
27880,2,5,2,1,1,3,2,1,3,4,4,2
27882,2,9,2,1,1,0,1,3,4,0,4,3
27883,2,10,2,1,0,1,1,4,3,0,4,3
27884,2,5,2,0,1,3,2,1,3,4,4,2
27886,2,9,1,0,1,0,1,3,4,0,4,3
27887,2,10,1,0,0,1,1,4,3,0,4,3
27888,2,5,2,1,1,3,2,1,3,4,4,2
27889,2,5,2,1,1,3,2,1,3,4,4,2
27890,2,8,2,1,0,2,2,0,2,4,4,2
27891,2,8,0,0,0,2,2,0,2,4,4,2
27892,2,10,2,1,0,1,1,4,3,0,4,3
27893,2,10,2,1,0,1,1,4,3,0,4,3
27894,2,10,1,0,0,1,1,4,3,0,4,3
27895,2,10,0,0,0,1,1,4,3,0,4,3
27896,2,10,2,1,0,1,1,4,3,0,4,3
27897,2,10,2,1,0,1,1,4,3,0,4,3
27898,2,10,2,1,0,1,1,4,3,0,4,3
27899,2,10,0,0,0,1,1,4,3,0,4,3
27900,2,10,2,0,0,1,1,4,3,0,4,3
27901,2,10,2,0,0,1,1,4,3,0,4,3
27902,2,10,1,0,0,1,1,4,3,0,4,3
27903,2,10,0,0,0,1,1,4,3,0,4,3
28160,2,4,1,2,1,2,1,4,3,2,3,4
28192,2,5,1,2,1,3,2,1,3,4,4,2
28194,2,5,1,2,1,3,2,1,3,4,4,2
28195,2,5,1,2,1,3,2,1,3,4,4,2
28198,2,5,1,2,1,3,2,1,3,4,4,2
28199,2,10,1,2,0,1,1,4,3,0,4,3
28206,2,9,1,2,1,0,1,3,4,0,4,3
28207,2,10,1,2,0,1,1,4,3,0,4,3
28208,2,5,1,2,1,3,2,1,3,4,4,2
28209,2,5,1,2,1,3,2,1,3,4,4,2
28210,2,8,1,2,0,2,2,0,2,4,4,2
28211,2,8,0,0,0,2,2,0,2,4,4,2
28214,2,10,1,2,0,1,1,4,3,0,4,3
28215,2,10,0,0,0,1,1,4,3,0,4,3
28222,2,10,1,2,0,1,1,4,3,0,4,3
28223,2,10,0,0,0,1,1,4,3,0,4,3
28224,2,5,1,2,1,3,2,1,3,4,4,2
28228,2,5,1,2,1,3,2,1,3,4,4,2
28230,2,5,1,2,1,3,2,1,3,4,4,2
28231,2,10,1,2,0,1,1,4,3,0,4,3
28236,2,5,1,2,1,3,2,1,3,4,4,2
28238,2,9,1,2,1,0,1,3,4,0,4,3
28239,2,10,1,2,0,1,1,4,3,0,4,3
28256,2,5,1,1,1,3,2,1,3,4,4,2
28258,2,5,1,1,1,3,2,1,3,4,4,2
28259,2,5,1,1,1,3,2,1,3,4,4,2
28260,2,5,1,1,1,3,2,1,3,4,4,2
28262,2,5,1,0,1,2,2,4,3,1,4,3
28263,2,10,1,0,0,1,1,4,3,0,4,3
28268,2,5,1,1,1,3,2,1,3,4,4,2
28270,2,9,1,0,1,0,1,3,4,0,4,3
28271,2,10,1,0,0,1,1,4,3,0,4,3
28272,2,5,1,1,1,3,2,1,3,4,4,2
28273,2,5,1,1,1,3,2,1,3,4,4,2
28274,2,8,1,1,0,2,2,0,2,4,4,2
28275,2,8,0,0,0,2,2,0,2,4,4,2
28276,2,10,1,1,0,1,1,4,3,0,4,3
28277,2,10,1,1,0,1,1,4,3,0,4,3
28278,2,10,1,0,0,1,1,4,3,0,4,3
28279,2,10,0,0,0,1,1,4,3,0,4,3
28284,2,10,1,1,0,1,1,4,3,0,4,3
28285,2,10,1,1,0,1,1,4,3,0,4,3
28286,2,10,1,0,0,1,1,4,3,0,4,3
28287,2,10,0,0,0,1,1,4,3,0,4,3
28288,2,5,1,2,1,2,2,4,3,1,4,3
28296,2,5,1,2,1,2,2,4,3,1,4,3
28300,2,5,1,2,1,3,2,1,3,4,4,2
28302,2,9,1,2,1,0,1,3,4,0,4,3
28303,2,10,1,2,0,1,1,4,3,0,4,3
28320,2,5,1,2,1,3,2,1,3,4,4,2
28322,2,5,1,2,1,3,2,1,3,4,4,2
28323,2,5,1,2,1,3,2,1,3,4,4,2
28328,2,5,1,2,1,3,2,1,3,4,4,2
28330,2,9,1,2,1,0,1,3,4,0,4,3
28331,2,10,1,2,0,1,1,4,3,0,4,3
28336,2,5,1,2,1,3,2,1,3,4,4,2
28337,2,5,1,2,1,3,2,1,3,4,4,2
28338,2,8,1,2,0,2,2,0,2,4,4,2
28339,2,8,0,0,0,2,2,0,2,4,4,2
28344,2,10,1,2,0,1,1,4,3,0,4,3
28345,2,10,1,2,0,1,1,4,3,0,4,3
28346,2,10,1,2,0,1,1,4,3,0,4,3
28347,2,10,0,0,0,1,1,4,3,0,4,3
28352,2,5,1,2,1,3,2,1,3,4,4,2
28356,2,5,1,2,1,3,2,1,3,4,4,2
28358,2,5,1,2,1,3,2,1,3,4,4,2
28359,2,10,1,2,0,1,1,4,3,0,4,3
28360,2,5,1,2,1,3,2,1,3,4,4,2
28364,2,5,1,2,1,3,2,1,3,4,4,2
28366,2,9,1,2,1,0,1,3,4,0,4,3
28367,2,10,1,2,0,1,1,4,3,0,4,3
28384,2,5,1,1,1,3,2,1,3,4,4,2
28386,2,5,1,1,1,3,2,1,3,4,4,2
28387,2,5,1,1,1,3,2,1,3,4,4,2
28388,2,5,1,1,1,3,2,1,3,4,4,2
28390,2,5,1,0,1,2,2,4,3,1,4,3
28391,2,10,1,0,0,1,1,4,3,0,4,3
28392,2,5,1,1,1,3,2,1,3,4,4,2
28394,2,9,1,1,1,0,1,3,4,0,4,3
28395,2,10,1,1,0,1,1,4,3,0,4,3
28396,2,5,1,1,1,3,2,1,3,4,4,2
28398,3,9,1,0,1,0,1,3,4,0,4,3
28399,3,10,1,0,0,1,1,4,3,0,4,3
28400,2,5,1,1,1,3,2,1,3,4,4,2
28401,2,5,1,1,1,3,2,1,3,4,4,2
28402,2,8,1,1,0,2,2,0,2,4,4,2
28403,2,8,0,0,0,2,2,0,2,4,4,2
28404,2,10,1,1,0,1,1,4,3,0,4,3
28405,2,10,1,1,0,1,1,4,3,0,4,3
28406,2,10,1,0,0,1,1,4,3,0,4,3
28407,2,10,0,0,0,1,1,4,3,0,4,3
28408,2,10,1,1,0,1,1,4,3,0,4,3
28409,2,10,1,1,0,1,1,4,3,0,4,3
28410,2,10,1,1,0,1,1,4,3,0,4,3
28411,2,10,0,0,0,1,1,4,3,0,4,3
28412,2,10,1,1,0,1,1,4,3,0,4,3
28413,2,10,1,1,0,1,1,4,3,0,4,3
28414,3,10,1,0,0,1,1,4,3,0,4,3
28415,3,10,1,0,0,1,1,4,3,0,4,3
28416,2,4,1,2,1,2,1,4,3,2,3,4
28432,2,5,1,2,0,3,1,1,2,4,3,2
28433,2,5,1,2,0,3,1,1,2,4,3,2
28435,2,8,1,2,0,2,2,0,2,4,4,2
28439,2,10,1,2,0,1,1,4,3,0,4,3
28447,2,10,1,2,0,3,1,0,3,4,4,1
28448,2,5,1,2,1,3,2,1,3,4,4,2
28450,2,8,1,2,0,2,2,0,2,4,4,2
28451,2,8,1,2,0,2,2,0,2,4,4,2
28454,2,8,1,2,0,2,2,0,2,4,4,2
28455,2,10,1,2,0,1,1,4,3,0,4,3
28462,2,10,1,2,0,3,1,0,3,4,4,1
28463,2,10,1,2,0,3,1,0,3,4,4,1
28464,2,5,0,1,1,3,2,1,3,4,4,2
28465,2,5,0,1,1,3,2,1,3,4,4,2
28466,2,8,0,1,0,2,2,0,2,4,4,2
28467,2,8,0,0,0,2,2,0,2,4,4,2
28470,2,10,0,1,0,1,1,4,3,0,4,3
28471,2,10,0,0,0,1,1,4,3,0,4,3
28478,2,10,0,1,0,3,1,0,3,4,4,1
28479,2,10,0,0,0,3,1,0,3,4,4,1
28480,2,5,1,2,1,3,2,1,3,4,4,2
28484,2,8,1,2,0,2,2,0,2,4,4,2
28486,2,8,1,2,0,2,2,0,2,4,4,2
28487,2,10,1,2,0,1,1,4,3,0,4,3
28492,2,8,1,2,0,2,2,0,2,4,4,2
28494,2,10,1,2,0,3,1,0,3,4,4,1
28495,2,10,1,2,0,3,1,0,3,4,4,1
28496,2,5,1,2,1,3,2,1,3,4,4,2
28497,2,5,1,2,1,3,2,1,3,4,4,2
28500,2,10,1,2,0,1,1,4,3,0,4,3
28501,2,10,1,2,0,1,1,4,3,0,4,3
28508,2,10,1,2,0,1,1,4,3,0,4,3
28509,2,10,1,2,0,3,1,0,3,4,4,1
28512,2,5,1,1,1,3,2,1,3,4,4,2
28514,2,8,1,1,0,2,2,0,2,4,4,2
28515,2,8,1,1,0,2,2,0,2,4,4,2
28516,2,8,1,1,0,2,2,0,2,4,4,2
28518,2,8,1,0,0,2,2,0,2,4,4,2
28519,2,10,1,0,0,1,1,4,3,0,4,3
28524,2,8,1,1,0,2,2,0,2,4,4,2
28526,2,10,1,0,0,3,1,0,3,4,4,1
28527,2,10,1,0,0,3,1,0,3,4,4,1
28528,2,5,0,1,1,3,2,1,3,4,4,2
28529,2,5,0,1,1,3,2,1,3,4,4,2
28530,2,8,0,1,0,2,2,0,2,4,4,2
28531,2,8,0,0,0,2,2,0,2,4,4,2
28532,2,10,0,1,0,1,1,4,3,0,4,3
28533,2,10,0,1,0,1,1,4,3,0,4,3
28534,2,10,0,1,0,1,1,4,3,0,4,3
28535,3,10,0,0,0,1,1,4,3,0,4,3
28540,2,10,0,1,0,1,1,4,3,0,4,3
28541,2,10,0,1,0,3,1,0,3,4,4,1
28542,2,10,0,1,0,3,1,0,3,4,4,1
28543,3,10,0,0,0,3,1,0,3,4,4,1
28544,2,5,1,2,1,2,2,4,3,1,4,3
28552,2,5,1,2,1,2,2,4,3,1,4,3
28556,2,8,1,2,0,2,2,0,2,4,4,2
28558,2,10,1,2,0,3,1,0,3,4,4,1
28559,2,10,1,2,0,3,1,0,3,4,4,1
28560,2,5,1,2,1,2,2,4,3,1,4,3
28561,2,10,1,2,0,3,1,0,3,4,4,1
28563,2,10,1,2,0,3,1,0,3,4,4,1
28568,2,10,1,2,0,1,1,4,3,0,4,3
28569,2,10,1,2,0,3,1,0,3,4,4,1
28571,2,10,1,2,0,3,1,0,3,4,4,1
28572,2,10,1,2,0,1,1,4,3,0,4,3
28573,2,10,1,2,0,3,1,0,3,4,4,1
28576,2,5,1,2,1,3,2,1,3,4,4,2
28578,2,10,1,2,0,3,1,0,3,4,4,1
28579,2,10,1,2,0,3,1,0,3,4,4,1
28584,2,5,1,2,1,3,2,1,3,4,4,2
28586,2,10,1,2,0,3,1,0,3,4,4,1
28587,2,10,1,2,0,3,1,0,3,4,4,1
28592,2,5,0,1,1,3,2,1,3,4,4,2
28593,2,10,0,1,0,3,1,0,3,4,4,1
28594,2,10,0,1,0,3,1,0,3,4,4,1
28595,2,10,0,0,0,3,1,0,3,4,4,1
28600,2,10,0,1,0,1,1,4,3,0,4,3
28601,2,10,0,1,0,3,1,0,3,4,4,1
28602,2,10,0,1,0,3,1,0,3,4,4,1
28603,2,10,0,0,0,3,1,0,3,4,4,1
28608,2,5,1,2,1,3,2,1,3,4,4,2
28612,2,8,1,2,0,2,2,0,2,4,4,2
28614,2,10,1,2,0,3,1,0,3,4,4,1
28615,2,10,1,2,0,3,1,0,3,4,4,1
28616,2,5,1,2,1,3,2,1,3,4,4,2
28620,2,8,1,2,0,2,2,0,2,4,4,2
28622,2,10,1,2,0,3,1,0,3,4,4,1
28623,2,10,1,2,0,3,1,0,3,4,4,1
28624,2,5,1,2,1,3,2,1,3,4,4,2
28625,2,10,1,2,0,3,1,0,3,4,4,1
28628,2,10,1,2,0,1,1,4,3,0,4,3
28629,2,10,1,2,0,3,1,0,3,4,4,1
28632,2,10,1,2,0,1,1,4,3,0,4,3
28633,2,10,1,2,0,3,1,0,3,4,4,1
28636,2,10,1,2,0,1,1,4,3,0,4,3
28637,2,10,1,2,0,3,1,0,3,4,4,1
28640,2,5,1,1,1,3,2,1,3,4,4,2
28642,2,10,1,1,0,3,1,0,3,4,4,1
28643,2,10,1,1,0,3,1,0,3,4,4,1
28644,2,8,1,1,0,2,2,0,2,4,4,2
28646,2,10,1,0,0,3,1,0,3,4,4,1
28647,2,10,1,0,0,3,1,0,3,4,4,1
28648,2,5,1,1,1,3,2,1,3,4,4,2
28650,2,10,1,1,0,3,1,0,3,4,4,1
28651,2,10,1,1,0,3,1,0,3,4,4,1
28652,2,8,1,1,0,2,2,0,2,4,4,2
28654,3,10,1,0,0,3,1,0,3,4,4,1
28655,3,10,1,0,0,3,1,0,3,4,4,1
28656,2,5,0,1,1,3,2,1,3,4,4,2
28657,2,10,0,1,0,3,1,0,3,4,4,1
28658,2,10,0,1,0,3,1,0,3,4,4,1
28659,2,10,0,0,0,3,1,0,3,4,4,1
28660,2,10,0,1,0,1,1,4,3,0,4,3
28661,2,10,0,1,0,3,1,0,3,4,4,1
28662,2,10,0,1,0,3,1,0,3,4,4,1
28663,3,10,0,0,0,3,1,0,3,4,4,1
28664,2,10,0,1,0,1,1,4,3,0,4,3
28665,2,10,0,1,0,3,1,0,3,4,4,1
28666,2,10,0,1,0,3,1,0,3,4,4,1
28667,2,10,0,0,0,3,1,0,3,4,4,1
28668,2,10,0,1,0,1,1,4,3,0,4,3
28669,2,10,0,1,0,3,1,0,3,4,4,1
28670,3,10,1,0,0,3,1,0,3,4,4,1
28671,3,10,0,0,0,3,1,0,3,4,4,1
28672,1,1,0,3,2,3,2,4,3,3,3,4
28928,1,2,0,2,0,3,1,2,1,4,2,3
28944,1,2,0,1,0,3,1,2,1,4,2,3
28945,1,2,0,0,0,3,1,2,1,4,2,3
28947,1,5,0,0,0,2,1,4,2,1,3,3
28951,1,9,0,0,0,1,0,4,3,1,3,4
28959,1,10,0,0,0,3,1,0,3,4,4,1
28976,1,5,0,1,0,2,1,4,2,1,3,3
28977,1,5,0,0,0,2,1,4,2,1,3,3
28978,1,5,0,1,0,2,1,4,2,1,3,3
28979,2,5,0,0,0,2,1,4,2,1,3,3
28982,1,9,0,1,0,1,0,4,3,1,3,4
28983,2,9,0,0,0,1,0,4,3,1,3,4
28990,1,10,0,1,0,3,1,0,3,4,4,1
28991,2,10,0,0,0,3,1,0,3,4,4,1
29015,1,9,0,0,0,1,0,4,3,1,3,4
29023,1,10,0,0,0,3,1,0,3,4,4,1
29040,1,9,0,1,0,1,0,4,3,1,3,4
29041,1,9,0,0,0,1,0,4,3,1,3,4
29042,1,9,0,1,0,1,0,4,3,1,3,4
29043,2,9,0,0,0,1,0,4,3,1,3,4
29044,1,9,0,1,0,1,0,4,3,1,3,4
29045,1,9,0,0,0,1,0,4,3,1,3,4
29046,2,9,1,0,0,1,0,4,3,1,3,4
29047,2,9,0,0,0,1,0,4,3,1,3,4
29052,1,9,0,1,0,1,0,4,3,1,3,4
29053,1,10,0,0,0,3,1,0,3,4,4,1
29054,2,10,1,0,0,3,1,0,3,4,4,1
29055,2,10,0,0,0,3,1,0,3,4,4,1
29087,1,10,0,0,0,3,1,0,3,4,4,1
29118,1,10,0,1,0,3,1,0,3,4,4,1
29119,2,10,0,0,0,3,1,0,3,4,4,1
29143,1,10,0,0,0,3,1,0,3,4,4,1
29151,2,10,2,0,0,3,1,0,3,4,4,1
29168,1,9,0,1,0,1,0,4,3,1,3,4
29169,1,10,0,0,0,3,1,0,3,4,4,1
29170,1,10,0,1,0,3,1,0,3,4,4,1
29171,2,10,0,0,0,3,1,0,3,4,4,1
29172,1,9,0,1,0,1,0,4,3,1,3,4
29173,1,10,0,0,0,3,1,0,3,4,4,1
29174,2,10,1,0,0,3,1,0,3,4,4,1
29175,2,10,0,0,0,3,1,0,3,4,4,1
29176,1,9,0,1,0,1,0,4,3,1,3,4
29177,1,10,0,0,0,3,1,0,3,4,4,1
29178,1,10,0,1,0,3,1,0,3,4,4,1
29179,2,10,0,0,0,3,1,0,3,4,4,1
29180,2,8,2,0,0,2,2,0,2,4,4,2
29181,2,10,2,0,0,3,1,0,3,4,4,1
29182,2,10,1,0,0,3,1,0,3,4,4,1
29183,2,10,0,0,0,3,1,0,3,4,4,1
29184,1,2,0,3,1,3,2,2,2,4,3,3
29216,1,2,0,3,1,3,2,2,2,4,3,3
29218,1,2,0,3,1,3,2,2,2,4,3,3
29219,1,4,0,0,0,1,0,3,2,1,2,3
29222,1,4,0,3,1,1,1,3,3,1,3,3
29223,1,9,0,0,0,1,0,4,3,1,3,4
29230,1,10,0,3,0,3,1,0,3,4,4,1
29231,1,10,0,0,0,3,1,0,3,4,4,1
29232,1,5,0,1,0,2,1,4,2,1,3,3
29233,1,5,0,0,0,2,1,4,2,1,3,3
29234,1,5,0,1,0,2,1,4,2,1,3,3
29235,2,5,0,0,0,2,1,4,2,1,3,3
29238,1,9,0,1,0,1,0,4,3,1,3,4
29239,2,9,0,0,0,1,0,4,3,1,3,4
29246,1,10,0,1,0,3,1,0,3,4,4,1
29247,2,10,0,0,0,3,1,0,3,4,4,1
29280,1,5,0,3,0,3,1,1,2,4,3,2
29282,1,5,0,3,0,3,1,1,2,4,3,2
29283,1,9,0,0,0,1,0,4,3,1,3,4
29284,1,5,0,3,0,3,1,1,2,4,3,2
29286,2,5,1,0,0,3,1,1,2,4,3,2
29287,2,9,1,0,0,1,0,4,3,1,3,4
29292,1,5,0,3,1,2,2,0,3,3,4,1
29294,2,10,1,0,0,3,1,0,3,4,4,1
29295,2,10,1,0,0,3,1,0,3,4,4,1
29296,1,9,0,1,0,1,0,4,3,1,3,4
29297,1,9,0,0,0,1,0,4,3,1,3,4
29298,1,9,0,1,0,1,0,4,3,1,3,4
29299,2,9,0,0,0,1,0,4,3,1,3,4
29300,1,9,0,1,0,1,0,4,3,1,3,4
29301,1,9,0,0,0,1,0,4,3,1,3,4
29302,2,9,1,0,0,1,0,4,3,1,3,4
29303,2,9,0,0,0,1,0,4,3,1,3,4
29308,1,9,0,1,0,1,0,4,3,1,3,4
29309,1,10,0,0,0,3,1,0,3,4,4,1
29310,2,10,1,0,0,3,1,0,3,4,4,1
29311,2,10,0,0,0,3,1,0,3,4,4,1
29358,1,10,0,3,0,3,1,0,3,4,4,1
29359,1,10,0,0,0,3,1,0,3,4,4,1
29374,1,10,0,1,0,3,1,0,3,4,4,1
29375,2,10,0,0,0,3,1,0,3,4,4,1
29408,1,5,0,3,1,3,2,1,3,4,4,2
29410,1,10,0,3,0,3,1,0,3,4,4,1
29411,1,10,0,0,0,3,1,0,3,4,4,1
29412,1,5,0,3,1,3,2,1,3,4,4,2
29414,2,10,1,0,0,3,1,0,3,4,4,1
29415,2,10,1,0,0,3,1,0,3,4,4,1
29416,1,5,0,3,1,3,2,1,3,4,4,2
29418,1,10,0,3,0,3,1,0,3,4,4,1
29419,1,10,0,0,0,3,1,0,3,4,4,1
29420,2,5,2,0,1,3,2,1,3,4,4,2
29422,2,10,1,0,0,3,1,0,3,4,4,1
29423,2,10,1,0,0,3,1,0,3,4,4,1
29424,1,9,0,1,0,1,0,4,3,1,3,4
29425,1,10,0,0,0,3,1,0,3,4,4,1
29426,1,10,0,1,0,3,1,0,3,4,4,1
29427,2,10,0,0,0,3,1,0,3,4,4,1
29428,1,9,0,1,0,1,0,4,3,1,3,4
29429,1,10,0,0,0,3,1,0,3,4,4,1
29430,2,10,1,0,0,3,1,0,3,4,4,1
29431,2,10,0,0,0,3,1,0,3,4,4,1
29432,1,9,0,1,0,1,0,4,3,1,3,4
29433,1,10,0,0,0,3,1,0,3,4,4,1
29434,1,10,0,1,0,3,1,0,3,4,4,1
29435,2,10,0,0,0,3,1,0,3,4,4,1
29436,2,8,2,0,0,2,2,0,2,4,4,2
29437,2,10,2,0,0,3,1,0,3,4,4,1
29438,2,10,1,0,0,3,1,0,3,4,4,1
29439,2,10,0,0,0,3,1,0,3,4,4,1
29440,2,4,0,2,0,2,0,4,2,2,2,4
29456,2,4,0,2,0,2,0,4,2,2,2,4
29457,2,4,0,2,0,2,0,4,2,2,2,4
29459,2,5,0,2,0,2,1,4,2,1,3,3
29463,2,9,0,2,0,1,0,4,3,1,3,4
29471,2,10,0,2,0,3,1,0,3,4,4,1
29472,2,5,0,2,0,2,1,4,2,1,3,3
29474,2,5,0,2,0,2,1,4,2,1,3,3
29475,2,5,0,2,0,2,1,4,2,1,3,3
29478,2,5,0,2,0,2,1,4,2,1,3,3
29479,2,9,0,2,0,1,0,4,3,1,3,4
29486,2,10,0,2,0,3,1,0,3,4,4,1
29487,2,10,0,2,0,3,1,0,3,4,4,1
29488,2,5,0,1,0,2,1,4,2,1,3,3
29489,2,5,0,1,0,2,1,4,2,1,3,3
29490,2,5,0,1,0,2,1,4,2,1,3,3
29491,2,5,0,0,0,2,1,4,2,1,3,3
29494,2,9,0,1,0,1,0,4,3,1,3,4
29495,2,9,0,0,0,1,0,4,3,1,3,4
29502,2,10,0,1,0,3,1,0,3,4,4,1
29503,2,10,0,0,0,3,1,0,3,4,4,1
29536,2,5,0,2,0,3,1,1,2,4,3,2
29538,2,5,0,2,0,3,1,1,2,4,3,2
29539,2,9,0,2,0,1,0,4,3,1,3,4
29540,2,5,0,2,0,3,1,1,2,4,3,2
29542,2,5,0,2,0,3,1,1,2,4,3,2
29543,2,9,0,2,0,1,0,4,3,1,3,4
29548,2,5,0,2,1,2,2,0,3,3,4,1
29550,2,10,0,2,0,3,1,0,3,4,4,1
29551,2,10,0,2,0,3,1,0,3,4,4,1
29552,2,9,0,1,0,1,0,4,3,1,3,4
29553,2,9,0,1,0,1,0,4,3,1,3,4
29554,2,9,0,1,0,1,0,4,3,1,3,4
29555,2,9,0,0,0,1,0,4,3,1,3,4
29556,2,9,0,1,0,1,0,4,3,1,3,4
29557,2,9,0,1,0,1,0,4,3,1,3,4
29558,2,9,0,1,0,1,0,4,3,1,3,4
29559,2,9,0,0,0,1,0,4,3,1,3,4
29564,2,9,0,1,0,1,0,4,3,1,3,4
29565,2,10,0,1,0,3,1,0,3,4,4,1
29566,2,10,0,1,0,3,1,0,3,4,4,1
29567,2,10,0,0,0,3,1,0,3,4,4,1
29599,2,10,0,2,0,3,1,0,3,4,4,1
29614,2,10,0,2,0,3,1,0,3,4,4,1
29615,2,10,0,2,0,3,1,0,3,4,4,1
29630,2,10,0,1,0,3,1,0,3,4,4,1
29631,2,10,0,0,0,3,1,0,3,4,4,1
29664,2,5,0,2,0,3,1,1,2,4,3,2
29666,2,10,0,2,0,3,1,0,3,4,4,1
29667,2,10,0,2,0,3,1,0,3,4,4,1
29668,2,8,0,2,0,2,2,0,2,4,4,2
29670,2,10,0,2,0,3,1,0,3,4,4,1
29671,2,10,0,2,0,3,1,0,3,4,4,1
29672,2,5,0,2,1,1,2,3,3,0,4,2
29674,2,10,0,2,0,3,1,0,3,4,4,1
29675,2,10,0,2,0,3,1,0,3,4,4,1
29676,2,8,0,2,0,2,2,0,2,4,4,2
29678,2,10,0,2,0,3,1,0,3,4,4,1
29679,2,10,0,2,0,3,1,0,3,4,4,1
29680,2,9,0,1,0,1,0,4,3,1,3,4
29681,2,10,0,1,0,3,1,0,3,4,4,1
29682,2,10,0,1,0,3,1,0,3,4,4,1
29683,2,10,0,0,0,3,1,0,3,4,4,1
29684,2,9,0,1,0,1,0,4,3,1,3,4
29685,2,10,0,1,0,3,1,0,3,4,4,1
29686,2,10,0,1,0,3,1,0,3,4,4,1
29687,2,10,0,0,0,3,1,0,3,4,4,1
29688,2,9,0,1,0,1,0,4,3,1,3,4
29689,2,10,0,1,0,3,1,0,3,4,4,1
29690,2,10,0,1,0,3,1,0,3,4,4,1
29691,2,10,0,0,0,3,1,0,3,4,4,1
29692,2,8,0,1,0,2,2,0,2,4,4,2
29693,2,10,0,1,0,3,1,0,3,4,4,1
29694,2,10,0,1,0,3,1,0,3,4,4,1
29695,2,10,0,0,0,3,1,0,3,4,4,1
29696,1,2,0,3,1,3,2,2,2,4,3,3
29760,1,2,0,3,1,3,2,2,2,4,3,3
29764,1,2,0,3,1,3,2,2,2,4,3,3
29766,1,5,0,3,0,3,1,1,2,4,3,2
29767,1,9,0,0,0,1,0,4,3,1,3,4
29772,1,2,0,3,2,1,3,0,3,2,4,1
29774,1,10,0,3,0,3,1,0,3,4,4,1
29775,1,10,0,0,0,3,1,0,3,4,4,1
29783,1,9,0,0,0,1,0,4,3,1,3,4
29791,1,10,0,0,0,3,1,0,3,4,4,1
29792,1,5,0,3,0,3,1,1,2,4,3,2
29794,1,5,0,3,0,3,1,1,2,4,3,2
29795,1,9,0,0,0,1,0,4,3,1,3,4
29796,1,5,0,3,0,3,1,1,2,4,3,2
29798,2,5,1,0,0,3,1,1,2,4,3,2
29799,2,9,1,0,0,1,0,4,3,1,3,4
29804,1,5,0,3,1,2,2,0,3,3,4,1
29806,2,10,1,0,0,3,1,0,3,4,4,1
29807,2,10,1,0,0,3,1,0,3,4,4,1
29808,1,9,0,1,0,1,0,4,3,1,3,4
29809,1,9,0,0,0,1,0,4,3,1,3,4
29810,1,9,0,1,0,1,0,4,3,1,3,4
29811,2,9,0,0,0,1,0,4,3,1,3,4
29812,1,9,0,1,0,1,0,4,3,1,3,4
29813,1,9,0,0,0,1,0,4,3,1,3,4
29814,2,9,1,0,0,1,0,4,3,1,3,4
29815,2,9,0,0,0,1,0,4,3,1,3,4
29820,1,9,0,1,0,1,0,4,3,1,3,4
29821,1,10,0,0,0,3,1,0,3,4,4,1
29822,2,10,1,0,0,3,1,0,3,4,4,1
29823,2,10,0,0,0,3,1,0,3,4,4,1
29888,1,5,0,3,1,3,2,1,3,4,4,2
29892,1,5,0,3,1,3,2,1,3,4,4,2
29894,1,10,0,3,0,3,1,0,3,4,4,1
29895,1,10,0,0,0,3,1,0,3,4,4,1
29896,1,5,0,3,1,3,2,1,3,4,4,2
29900,2,5,2,0,1,3,2,1,3,4,4,2
29902,2,10,2,0,0,3,1,0,3,4,4,1
29903,2,10,2,0,0,3,1,0,3,4,4,1
29911,1,10,0,0,0,3,1,0,3,4,4,1
29919,2,10,2,0,0,3,1,0,3,4,4,1
29920,1,5,0,3,1,3,2,1,3,4,4,2
29922,1,10,0,3,0,3,1,0,3,4,4,1
29923,1,10,0,0,0,3,1,0,3,4,4,1
29924,1,5,0,3,1,3,2,1,3,4,4,2
29926,2,10,1,0,0,3,1,0,3,4,4,1
29927,2,10,1,0,0,3,1,0,3,4,4,1
29928,1,5,0,3,1,3,2,1,3,4,4,2
29930,1,10,0,3,0,3,1,0,3,4,4,1
29931,1,10,0,0,0,3,1,0,3,4,4,1
29932,2,5,2,0,1,3,2,1,3,4,4,2
29934,2,10,1,0,0,3,1,0,3,4,4,1
29935,2,10,1,0,0,3,1,0,3,4,4,1
29936,1,9,0,1,0,1,0,4,3,1,3,4
29937,1,10,0,0,0,3,1,0,3,4,4,1
29938,1,10,0,1,0,3,1,0,3,4,4,1
29939,2,10,0,0,0,3,1,0,3,4,4,1
29940,1,9,0,1,0,1,0,4,3,1,3,4
29941,1,10,0,0,0,3,1,0,3,4,4,1
29942,2,10,1,0,0,3,1,0,3,4,4,1
29943,2,10,0,0,0,3,1,0,3,4,4,1
29944,1,9,0,1,0,1,0,4,3,1,3,4
29945,1,10,0,0,0,3,1,0,3,4,4,1
29946,1,10,0,1,0,3,1,0,3,4,4,1
29947,2,10,0,0,0,3,1,0,3,4,4,1
29948,2,8,2,0,0,2,2,0,2,4,4,2
29949,2,10,2,0,0,3,1,0,3,4,4,1
29950,2,10,1,0,0,3,1,0,3,4,4,1
29951,2,10,0,0,0,3,1,0,3,4,4,1
29952,1,4,0,2,1,2,1,4,3,2,3,4
29968,1,5,0,1,0,3,1,1,2,4,3,2
29969,1,5,0,0,0,3,1,1,2,4,3,2
29971,1,5,0,0,0,3,1,1,2,4,3,2
29975,1,9,0,0,0,1,0,4,3,1,3,4
29983,1,10,0,0,0,3,1,0,3,4,4,1
30016,1,5,0,2,0,2,1,4,2,1,3,3
30020,1,5,0,2,0,2,1,4,2,1,3,3
30022,1,5,0,2,0,3,1,1,2,4,3,2
30023,1,9,0,0,0,1,0,4,3,1,3,4
30028,1,5,0,2,1,2,2,0,3,3,4,1
30030,1,10,0,2,0,3,1,0,3,4,4,1
30031,1,10,0,0,0,3,1,0,3,4,4,1
30032,1,9,0,1,0,1,0,4,3,1,3,4
30033,1,9,0,0,0,1,0,4,3,1,3,4
30036,1,9,0,1,0,1,0,4,3,1,3,4
30037,1,9,0,0,0,1,0,4,3,1,3,4
30044,1,9,0,1,0,1,0,4,3,1,3,4
30045,1,10,0,0,0,3,1,0,3,4,4,1
30144,1,5,0,2,1,3,2,1,3,4,4,2
30148,1,8,0,2,0,2,2,0,2,4,4,2
30150,1,10,0,2,0,3,1,0,3,4,4,1
30151,1,10,0,0,0,3,1,0,3,4,4,1
30152,1,5,0,2,1,3,2,1,3,4,4,2
30156,2,8,2,0,0,2,2,0,2,4,4,2
30158,2,10,2,0,0,3,1,0,3,4,4,1
30159,2,10,2,0,0,3,1,0,3,4,4,1
30160,1,9,0,1,0,1,0,4,3,1,3,4
30161,1,10,0,0,0,3,1,0,3,4,4,1
30164,1,9,0,1,0,1,0,4,3,1,3,4
30165,1,10,0,0,0,3,1,0,3,4,4,1
30168,1,9,0,1,0,1,0,4,3,1,3,4
30169,1,10,0,0,0,3,1,0,3,4,4,1
30172,2,8,2,0,0,2,2,0,2,4,4,2
30173,2,10,2,0,0,3,1,0,3,4,4,1
30208,2,4,1,2,1,2,1,4,3,2,3,4
30240,2,5,1,2,0,3,1,1,2,4,3,2
30242,2,5,1,2,0,3,1,1,2,4,3,2
30243,2,5,1,2,0,3,1,1,2,4,3,2
30246,2,5,1,2,0,3,1,1,2,4,3,2
30247,2,9,1,2,0,1,0,4,3,1,3,4
30254,2,10,1,2,0,3,1,0,3,4,4,1
30255,2,10,1,2,0,3,1,0,3,4,4,1
30256,2,5,1,2,0,3,1,1,2,4,3,2
30257,2,5,1,2,0,3,1,1,2,4,3,2
30258,2,5,1,2,0,3,1,1,2,4,3,2
30259,2,5,0,0,0,2,1,4,2,1,3,3
30262,2,9,1,2,0,1,0,4,3,1,3,4
30263,2,9,0,0,0,1,0,4,3,1,3,4
30270,2,10,1,2,0,3,1,0,3,4,4,1
30271,2,10,0,0,0,3,1,0,3,4,4,1
30272,2,4,1,2,1,2,1,4,3,2,3,4
30276,2,4,1,2,1,2,1,4,3,2,3,4
30278,2,5,1,2,0,3,1,1,2,4,3,2
30279,2,9,1,2,0,1,0,4,3,1,3,4
30284,2,5,1,2,1,2,2,0,3,3,4,1
30286,2,10,1,2,0,3,1,0,3,4,4,1
30287,2,10,1,2,0,3,1,0,3,4,4,1
30304,2,5,1,1,0,3,1,1,2,4,3,2
30306,2,5,1,1,0,3,1,1,2,4,3,2
30307,2,9,1,1,0,1,0,4,3,1,3,4
30308,2,5,1,1,0,3,1,1,2,4,3,2
30310,2,5,1,0,0,3,1,1,2,4,3,2
30311,2,9,1,0,0,1,0,4,3,1,3,4
30316,2,5,1,1,1,2,2,0,3,3,4,1
30318,2,10,1,0,0,3,1,0,3,4,4,1
30319,2,10,1,0,0,3,1,0,3,4,4,1
30320,2,9,1,1,0,1,0,4,3,1,3,4
30321,2,9,1,1,0,1,0,4,3,1,3,4
30322,2,9,1,1,0,1,0,4,3,1,3,4
30323,2,9,0,0,0,1,0,4,3,1,3,4
30324,2,9,1,1,0,1,0,4,3,1,3,4
30325,2,9,1,1,0,1,0,4,3,1,3,4
30326,2,9,1,0,0,1,0,4,3,1,3,4
30327,2,9,0,0,0,1,0,4,3,1,3,4
30332,2,9,1,1,0,1,0,4,3,1,3,4
30333,2,10,1,1,0,3,1,0,3,4,4,1
30334,2,10,1,0,0,3,1,0,3,4,4,1
30335,2,10,0,0,0,3,1,0,3,4,4,1
30400,2,5,1,2,1,3,2,1,3,4,4,2
30404,2,5,1,2,1,3,2,1,3,4,4,2
30406,2,10,1,2,0,3,1,0,3,4,4,1
30407,2,10,1,2,0,3,1,0,3,4,4,1
30408,2,5,1,2,1,3,2,1,3,4,4,2
30412,2,5,1,2,1,3,2,1,3,4,4,2
30414,2,10,1,2,0,3,1,0,3,4,4,1
30415,2,10,1,2,0,3,1,0,3,4,4,1
30432,2,5,1,1,1,3,2,1,3,4,4,2
30434,2,10,1,1,0,3,1,0,3,4,4,1
30435,2,10,1,1,0,3,1,0,3,4,4,1
30436,2,5,1,1,1,3,2,1,3,4,4,2
30438,2,10,1,0,0,3,1,0,3,4,4,1
30439,2,10,1,0,0,3,1,0,3,4,4,1
30440,2,5,1,1,1,3,2,1,3,4,4,2
30442,2,10,1,1,0,3,1,0,3,4,4,1
30443,2,10,1,1,0,3,1,0,3,4,4,1
30444,2,5,1,1,1,3,2,1,3,4,4,2
30446,2,10,1,0,0,3,1,0,3,4,4,1
30447,2,10,1,0,0,3,1,0,3,4,4,1
30448,2,9,1,1,0,1,0,4,3,1,3,4
30449,2,10,1,1,0,3,1,0,3,4,4,1
30450,2,10,1,1,0,3,1,0,3,4,4,1
30451,2,10,0,0,0,3,1,0,3,4,4,1
30452,2,9,1,1,0,1,0,4,3,1,3,4
30453,2,10,1,1,0,3,1,0,3,4,4,1
30454,2,10,1,0,0,3,1,0,3,4,4,1
30455,2,10,0,0,0,3,1,0,3,4,4,1
30456,2,9,1,1,0,1,0,4,3,1,3,4
30457,2,10,1,1,0,3,1,0,3,4,4,1
30458,2,10,1,1,0,3,1,0,3,4,4,1
30459,2,10,0,0,0,3,1,0,3,4,4,1
30460,2,8,1,1,0,2,2,0,2,4,4,2
30461,2,10,1,1,0,3,1,0,3,4,4,1
30462,2,10,1,0,0,3,1,0,3,4,4,1
30463,2,10,0,0,0,3,1,0,3,4,4,1
30464,2,4,0,2,1,2,1,4,3,2,3,4
30480,2,5,0,2,0,3,1,1,2,4,3,2
30481,2,5,0,2,0,3,1,1,2,4,3,2
30483,2,5,0,2,0,3,1,1,2,4,3,2
30487,2,9,0,2,0,1,0,4,3,1,3,4
30495,2,10,0,2,0,3,1,0,3,4,4,1
30496,2,5,0,2,0,3,1,1,2,4,3,2
30498,2,5,0,2,0,3,1,1,2,4,3,2
30499,2,5,0,2,0,3,1,1,2,4,3,2
30502,2,5,0,2,0,3,1,1,2,4,3,2
30503,2,9,0,2,0,1,0,4,3,1,3,4
30510,2,10,0,2,0,3,1,0,3,4,4,1
30511,2,10,0,2,0,3,1,0,3,4,4,1
30512,2,5,0,1,0,3,1,1,2,4,3,2
30513,2,5,0,1,0,3,1,1,2,4,3,2
30514,2,5,0,1,0,3,1,1,2,4,3,2
30515,2,5,0,0,0,2,1,4,2,1,3,3
30518,2,9,0,1,0,1,0,4,3,1,3,4
30519,2,9,0,0,0,1,0,4,3,1,3,4
30526,2,10,0,1,0,3,1,0,3,4,4,1
30527,2,10,0,0,0,3,1,0,3,4,4,1
30528,2,5,0,2,0,2,1,4,2,1,3,3
30532,2,5,0,2,0,2,1,4,2,1,3,3
30534,2,5,0,2,0,3,1,1,2,4,3,2
30535,2,9,0,2,0,1,0,4,3,1,3,4
30540,2,5,0,2,1,2,2,0,3,3,4,1
30542,2,10,0,2,0,3,1,0,3,4,4,1
30543,2,10,0,2,0,3,1,0,3,4,4,1
30544,2,9,0,2,0,1,0,4,3,1,3,4
30545,2,9,0,2,0,1,0,4,3,1,3,4
30548,2,9,0,2,0,1,0,4,3,1,3,4
30549,2,9,0,2,0,1,0,4,3,1,3,4
30556,2,9,0,2,0,1,0,4,3,1,3,4
30557,2,10,0,2,0,3,1,0,3,4,4,1
30560,2,5,0,2,0,3,1,1,2,4,3,2
30562,2,5,0,2,0,3,1,1,2,4,3,2
30563,2,9,0,2,0,1,0,4,3,1,3,4
30564,2,5,0,2,0,3,1,1,2,4,3,2
30566,2,5,0,2,0,3,1,1,2,4,3,2
30567,2,9,0,2,0,1,0,4,3,1,3,4
30572,2,5,0,2,1,2,2,0,3,3,4,1
30574,2,10,0,2,0,3,1,0,3,4,4,1
30575,2,10,0,2,0,3,1,0,3,4,4,1
30576,3,9,0,1,0,1,0,4,3,1,3,4
30577,3,9,0,1,0,1,0,4,3,1,3,4
30578,3,9,0,1,0,1,0,4,3,1,3,4
30579,3,9,0,1,0,1,0,4,3,1,3,4
30580,3,9,0,1,0,1,0,4,3,1,3,4
30581,3,9,0,1,0,1,0,4,3,1,3,4
30582,3,9,0,1,0,1,0,4,3,1,3,4
30583,3,9,0,0,0,1,0,4,3,1,3,4
30588,3,9,0,1,0,1,0,4,3,1,3,4
30589,3,10,0,1,0,3,1,0,3,4,4,1
30590,3,10,0,1,0,3,1,0,3,4,4,1
30591,3,10,0,0,0,3,1,0,3,4,4,1
30656,2,5,0,2,0,2,1,4,2,1,3,3
30660,2,8,0,2,0,2,2,0,2,4,4,2
30662,2,10,0,2,0,3,1,0,3,4,4,1
30663,2,10,0,2,0,3,1,0,3,4,4,1
30664,2,5,0,2,0,2,1,4,2,1,3,3
30668,2,8,0,2,0,2,2,0,2,4,4,2
30670,2,10,0,2,0,3,1,0,3,4,4,1
30671,2,10,0,2,0,3,1,0,3,4,4,1
30672,2,9,0,2,0,1,0,4,3,1,3,4
30673,2,10,0,2,0,3,1,0,3,4,4,1
30676,2,9,0,2,0,1,0,4,3,1,3,4
30677,2,10,0,2,0,3,1,0,3,4,4,1
30680,2,9,0,2,0,1,0,4,3,1,3,4
30681,2,10,0,2,0,3,1,0,3,4,4,1
30684,2,8,0,2,0,2,2,0,2,4,4,2
30685,2,10,0,2,0,3,1,0,3,4,4,1
30688,2,5,0,2,0,3,1,1,2,4,3,2
30690,2,10,0,2,0,3,1,0,3,4,4,1
30691,2,10,0,2,0,3,1,0,3,4,4,1
30692,2,8,0,2,0,2,2,0,2,4,4,2
30694,2,10,0,2,0,3,1,0,3,4,4,1
30695,2,10,0,2,0,3,1,0,3,4,4,1
30696,2,5,0,2,0,3,1,1,2,4,3,2
30698,2,10,0,2,0,3,1,0,3,4,4,1
30699,2,10,0,2,0,3,1,0,3,4,4,1
30700,2,8,0,2,0,2,2,0,2,4,4,2
30702,2,10,0,2,0,3,1,0,3,4,4,1
30703,2,10,0,2,0,3,1,0,3,4,4,1
30704,3,9,0,1,0,1,0,4,3,1,3,4
30705,3,10,0,1,0,3,1,0,3,4,4,1
30706,3,10,0,1,0,3,1,0,3,4,4,1
30707,3,10,0,1,0,3,1,0,3,4,4,1
30708,3,9,0,1,0,1,0,4,3,1,3,4
30709,3,10,0,1,0,3,1,0,3,4,4,1
30710,3,10,0,1,0,3,1,0,3,4,4,1
30711,3,10,0,0,0,3,1,0,3,4,4,1
30712,3,9,0,1,0,1,0,4,3,1,3,4
30713,3,10,0,1,0,3,1,0,3,4,4,1
30714,3,10,0,1,0,3,1,0,3,4,4,1
30715,3,10,0,1,0,3,1,0,3,4,4,1
30716,3,8,0,1,0,2,2,0,2,4,4,2
30717,3,10,0,1,0,3,1,0,3,4,4,1
30718,3,10,0,1,0,3,1,0,3,4,4,1
30719,3,10,0,0,0,3,1,0,3,4,4,1
31744,1,2,0,3,2,3,3,2,3,4,4,3
31808,1,5,0,3,1,3,2,1,3,4,4,2
31812,1,5,0,3,1,3,2,1,3,4,4,2
31814,1,5,0,3,1,3,2,1,3,4,4,2
31815,1,10,0,0,0,1,1,4,3,0,4,3
31820,1,5,0,3,1,3,2,1,3,4,4,2
31822,1,10,0,3,0,3,1,0,3,4,4,1
31823,1,10,0,0,0,3,1,0,3,4,4,1
31831,1,10,0,0,0,1,1,4,3,0,4,3
31839,1,10,0,0,0,3,1,0,3,4,4,1
31840,1,5,0,3,1,3,2,1,3,4,4,2
31842,1,5,0,3,1,3,2,1,3,4,4,2
31843,1,9,0,0,0,1,0,4,3,1,3,4
31844,1,5,0,3,1,3,2,1,3,4,4,2
31846,2,5,1,0,1,2,2,4,3,1,4,3
31847,2,10,1,0,0,1,1,4,3,0,4,3
31852,1,5,0,3,1,3,2,1,3,4,4,2
31854,2,10,1,0,0,3,1,0,3,4,4,1
31855,2,10,1,0,0,3,1,0,3,4,4,1
31856,1,9,0,1,0,1,0,4,3,1,3,4
31857,1,9,0,0,0,1,0,4,3,1,3,4
31858,1,9,0,1,0,1,0,4,3,1,3,4
31859,2,9,0,0,0,1,0,4,3,1,3,4
31860,1,10,0,1,0,1,1,4,3,0,4,3
31861,1,10,0,0,0,1,1,4,3,0,4,3
31862,2,10,1,0,0,1,1,4,3,0,4,3
31863,2,10,0,0,0,1,1,4,3,0,4,3
31868,1,10,0,1,0,1,1,4,3,0,4,3
31869,1,10,0,0,0,3,1,0,3,4,4,1
31870,2,10,1,0,0,3,1,0,3,4,4,1
31871,2,10,0,0,0,3,1,0,3,4,4,1
31872,1,2,0,3,2,3,3,2,3,4,4,3
31880,1,2,0,3,2,3,3,2,3,4,4,3
31884,1,5,0,3,1,3,2,1,3,4,4,2
31886,1,10,0,3,0,3,1,0,3,4,4,1
31887,1,10,0,0,0,3,1,0,3,4,4,1
31903,1,10,0,0,0,3,1,0,3,4,4,1
31936,2,5,2,1,1,3,2,1,3,4,4,2
31940,2,5,2,1,1,3,2,1,3,4,4,2
31942,2,10,2,1,0,3,1,0,3,4,4,1
31943,2,10,2,1,0,3,1,0,3,4,4,1
31944,2,5,2,1,1,3,2,1,3,4,4,2
31948,2,5,2,0,1,3,2,1,3,4,4,2
31950,2,10,2,0,0,3,1,0,3,4,4,1
31951,2,10,2,0,0,3,1,0,3,4,4,1
31959,2,10,2,1,0,3,1,0,3,4,4,1
31967,2,10,2,0,0,3,1,0,3,4,4,1
31968,2,5,2,1,1,3,2,1,3,4,4,2
31970,2,10,2,1,0,3,1,0,3,4,4,1
31971,2,10,2,1,0,3,1,0,3,4,4,1
31972,2,5,2,1,1,3,2,1,3,4,4,2
31974,2,10,1,0,0,3,1,0,3,4,4,1
31975,2,10,1,0,0,3,1,0,3,4,4,1
31976,2,5,2,1,1,3,2,1,3,4,4,2
31978,2,10,2,1,0,3,1,0,3,4,4,1
31979,2,10,2,1,0,3,1,0,3,4,4,1
31980,2,5,2,0,1,3,2,1,3,4,4,2
31982,2,10,1,0,0,3,1,0,3,4,4,1
31983,2,10,1,0,0,3,1,0,3,4,4,1
31984,2,9,2,1,0,1,0,4,3,1,3,4
31985,2,10,2,1,0,3,1,0,3,4,4,1
31986,2,10,2,1,0,3,1,0,3,4,4,1
31987,2,10,0,0,0,3,1,0,3,4,4,1
31988,2,10,2,1,0,1,1,4,3,0,4,3
31989,2,10,2,1,0,3,1,0,3,4,4,1
31990,2,10,1,0,0,3,1,0,3,4,4,1
31991,2,10,0,0,0,3,1,0,3,4,4,1
31992,2,10,2,1,0,1,1,4,3,0,4,3
31993,2,10,2,1,0,3,1,0,3,4,4,1
31994,2,10,2,1,0,3,1,0,3,4,4,1
31995,2,10,0,0,0,3,1,0,3,4,4,1
31996,2,10,2,0,0,1,1,4,3,0,4,3
31997,2,10,2,0,0,3,1,0,3,4,4,1
31998,2,10,1,0,0,3,1,0,3,4,4,1
31999,2,10,0,0,0,3,1,0,3,4,4,1
32000,1,4,0,2,1,2,1,4,3,2,3,4
32016,1,5,0,1,0,3,1,1,2,4,3,2
32017,1,5,0,0,0,3,1,1,2,4,3,2
32019,1,8,0,0,0,2,2,0,2,4,4,2
32023,1,10,0,0,0,1,1,4,3,0,4,3
32031,1,10,0,0,0,3,1,0,3,4,4,1
32064,1,5,0,2,1,3,2,1,3,4,4,2
32068,1,8,0,2,0,2,2,0,2,4,4,2
32070,1,8,0,2,0,2,2,0,2,4,4,2
32071,1,10,0,0,0,1,1,4,3,0,4,3
32076,1,8,0,2,0,2,2,0,2,4,4,2
32078,1,10,0,2,0,3,1,0,3,4,4,1
32079,1,10,0,0,0,3,1,0,3,4,4,1
32080,1,9,0,1,0,1,0,4,3,1,3,4
32081,1,9,0,0,0,1,0,4,3,1,3,4
32084,1,10,0,1,0,1,1,4,3,0,4,3
32085,1,10,0,0,0,1,1,4,3,0,4,3
32092,1,10,0,1,0,1,1,4,3,0,4,3
32093,1,10,0,0,0,3,1,0,3,4,4,1
32128,1,5,0,2,1,2,2,4,3,1,4,3
32136,1,5,0,2,1,2,2,4,3,1,4,3
32140,1,8,0,2,0,2,2,0,2,4,4,2
32142,1,10,0,2,0,3,1,0,3,4,4,1
32143,1,10,0,0,0,3,1,0,3,4,4,1
32144,1,9,0,1,0,1,0,4,3,1,3,4
32145,1,10,0,0,0,3,1,0,3,4,4,1
32147,1,10,0,0,0,3,1,0,3,4,4,1
32152,1,10,0,1,0,1,1,4,3,0,4,3
32153,1,10,0,0,0,3,1,0,3,4,4,1
32155,1,10,0,0,0,3,1,0,3,4,4,1
32156,1,10,0,1,0,1,1,4,3,0,4,3
32157,1,10,0,0,0,3,1,0,3,4,4,1
32192,2,5,2,1,1,3,2,1,3,4,4,2
32196,2,8,2,1,0,2,2,0,2,4,4,2
32198,2,10,2,1,0,3,1,0,3,4,4,1
32199,2,10,2,1,0,3,1,0,3,4,4,1
32200,2,5,2,1,1,3,2,1,3,4,4,2
32204,2,8,2,0,0,2,2,0,2,4,4,2
32206,2,10,2,0,0,3,1,0,3,4,4,1
32207,2,10,2,0,0,3,1,0,3,4,4,1
32208,2,9,2,1,0,1,0,4,3,1,3,4
32209,2,10,2,1,0,3,1,0,3,4,4,1
32212,2,10,2,1,0,1,1,4,3,0,4,3
32213,2,10,2,1,0,3,1,0,3,4,4,1
32216,2,10,2,1,0,1,1,4,3,0,4,3
32217,2,10,2,1,0,3,1,0,3,4,4,1
32220,2,10,2,0,0,1,1,4,3,0,4,3
32221,2,10,2,0,0,3,1,0,3,4,4,1
32256,2,4,1,2,1,2,1,4,3,2,3,4
32288,2,5,1,2,1,3,2,1,3,4,4,2
32290,2,5,1,2,1,3,2,1,3,4,4,2
32291,2,5,1,2,1,3,2,1,3,4,4,2
32294,2,5,1,2,1,3,2,1,3,4,4,2
32295,2,10,1,2,0,1,1,4,3,0,4,3
32302,2,10,1,2,0,3,1,0,3,4,4,1
32303,2,10,1,2,0,3,1,0,3,4,4,1
32304,2,5,1,2,1,3,2,1,3,4,4,2
32305,2,5,1,2,1,3,2,1,3,4,4,2
32306,2,8,1,2,0,2,2,0,2,4,4,2
32307,2,8,0,0,0,2,2,0,2,4,4,2
32310,2,10,1,2,0,1,1,4,3,0,4,3
32311,2,10,0,0,0,1,1,4,3,0,4,3
32318,2,10,1,2,0,3,1,0,3,4,4,1
32319,2,10,0,0,0,3,1,0,3,4,4,1
32320,2,5,1,2,1,3,2,1,3,4,4,2
32324,2,5,1,2,1,3,2,1,3,4,4,2
32326,2,5,1,2,1,3,2,1,3,4,4,2
32327,2,10,1,2,0,1,1,4,3,0,4,3
32332,2,5,1,2,1,3,2,1,3,4,4,2
32334,2,10,1,2,0,3,1,0,3,4,4,1
32335,2,10,1,2,0,3,1,0,3,4,4,1
32352,2,5,1,1,1,3,2,1,3,4,4,2
32354,2,5,1,1,1,3,2,1,3,4,4,2
32355,2,9,1,1,0,1,0,4,3,1,3,4
32356,2,5,1,1,1,3,2,1,3,4,4,2
32358,2,5,1,0,1,2,2,4,3,1,4,3
32359,2,10,1,0,0,1,1,4,3,0,4,3
32364,2,5,1,1,1,3,2,1,3,4,4,2
32366,2,10,1,0,0,3,1,0,3,4,4,1
32367,2,10,1,0,0,3,1,0,3,4,4,1
32368,2,9,1,1,0,1,0,4,3,1,3,4
32369,2,9,1,1,0,1,0,4,3,1,3,4
32370,2,9,1,1,0,1,0,4,3,1,3,4
32371,2,9,0,0,0,1,0,4,3,1,3,4
32372,2,10,1,1,0,1,1,4,3,0,4,3
32373,2,10,1,1,0,1,1,4,3,0,4,3
32374,2,10,1,0,0,1,1,4,3,0,4,3
32375,2,10,0,0,0,1,1,4,3,0,4,3
32380,2,10,1,1,0,1,1,4,3,0,4,3
32381,2,10,1,1,0,3,1,0,3,4,4,1
32382,2,10,1,0,0,3,1,0,3,4,4,1
32383,2,10,0,0,0,3,1,0,3,4,4,1
32384,2,5,1,2,1,2,2,4,3,1,4,3
32392,2,5,1,2,1,2,2,4,3,1,4,3
32396,2,5,1,2,1,3,2,1,3,4,4,2
32398,2,10,1,2,0,3,1,0,3,4,4,1
32399,2,10,1,2,0,3,1,0,3,4,4,1
32416,2,5,1,2,1,3,2,1,3,4,4,2
32418,2,10,1,2,0,3,1,0,3,4,4,1
32419,2,10,1,2,0,3,1,0,3,4,4,1
32424,2,5,1,2,1,3,2,1,3,4,4,2
32426,2,10,1,2,0,3,1,0,3,4,4,1
32427,2,10,1,2,0,3,1,0,3,4,4,1
32432,2,9,1,2,0,1,0,4,3,1,3,4
32433,2,10,1,2,0,3,1,0,3,4,4,1
32434,2,10,1,2,0,3,1,0,3,4,4,1
32435,2,10,0,0,0,3,1,0,3,4,4,1
32440,2,10,1,2,0,1,1,4,3,0,4,3
32441,2,10,1,2,0,3,1,0,3,4,4,1
32442,2,10,1,2,0,3,1,0,3,4,4,1
32443,2,10,0,0,0,3,1,0,3,4,4,1
32448,2,5,1,2,1,3,2,1,3,4,4,2
32452,2,5,1,2,1,3,2,1,3,4,4,2
32454,2,10,1,2,0,3,1,0,3,4,4,1
32455,2,10,1,2,0,3,1,0,3,4,4,1
32456,2,5,1,2,1,3,2,1,3,4,4,2
32460,2,5,1,2,1,3,2,1,3,4,4,2
32462,2,10,1,2,0,3,1,0,3,4,4,1
32463,2,10,1,2,0,3,1,0,3,4,4,1
32480,2,5,1,1,1,3,2,1,3,4,4,2
32482,2,10,1,1,0,3,1,0,3,4,4,1
32483,2,10,1,1,0,3,1,0,3,4,4,1
32484,2,5,1,1,1,3,2,1,3,4,4,2
32486,2,10,1,0,0,3,1,0,3,4,4,1
32487,2,10,1,0,0,3,1,0,3,4,4,1
32488,2,5,1,1,1,3,2,1,3,4,4,2
32490,2,10,1,1,0,3,1,0,3,4,4,1
32491,2,10,1,1,0,3,1,0,3,4,4,1
32492,2,5,1,1,1,3,2,1,3,4,4,2
32494,3,10,1,0,0,3,1,0,3,4,4,1
32495,3,10,1,0,0,3,1,0,3,4,4,1
32496,2,9,1,1,0,1,0,4,3,1,3,4
32497,2,10,1,1,0,3,1,0,3,4,4,1
32498,2,10,1,1,0,3,1,0,3,4,4,1
32499,2,10,0,0,0,3,1,0,3,4,4,1
32500,2,10,1,1,0,1,1,4,3,0,4,3
32501,2,10,1,1,0,3,1,0,3,4,4,1
32502,2,10,1,0,0,3,1,0,3,4,4,1
32503,2,10,0,0,0,3,1,0,3,4,4,1
32504,2,10,1,1,0,1,1,4,3,0,4,3
32505,2,10,1,1,0,3,1,0,3,4,4,1
32506,2,10,1,1,0,3,1,0,3,4,4,1
32507,2,10,0,0,0,3,1,0,3,4,4,1
32508,2,10,1,1,0,1,1,4,3,0,4,3
32509,2,10,1,1,0,3,1,0,3,4,4,1
32510,3,10,1,0,0,3,1,0,3,4,4,1
32511,3,10,1,0,0,3,1,0,3,4,4,1
32512,2,4,0,2,1,2,1,4,3,2,3,4
32528,2,5,0,2,0,3,1,1,2,4,3,2
32529,2,5,0,2,0,3,1,1,2,4,3,2
32531,2,8,0,2,0,2,2,0,2,4,4,2
32535,2,10,0,2,0,1,1,4,3,0,4,3
32543,2,10,0,2,0,3,1,0,3,4,4,1
32544,2,5,0,2,0,3,1,1,2,4,3,2
32546,2,8,0,2,0,2,2,0,2,4,4,2
32547,2,8,0,2,0,2,2,0,2,4,4,2
32550,2,8,0,2,0,2,2,0,2,4,4,2
32551,2,10,0,2,0,1,1,4,3,0,4,3
32558,2,10,0,2,0,3,1,0,3,4,4,1
32559,2,10,0,2,0,3,1,0,3,4,4,1
32560,2,5,0,1,0,3,1,1,2,4,3,2
32561,2,5,0,1,0,3,1,1,2,4,3,2
32562,2,8,0,1,0,2,2,0,2,4,4,2
32563,2,8,0,0,0,2,2,0,2,4,4,2
32566,2,10,0,1,0,1,1,4,3,0,4,3
32567,2,10,0,0,0,1,1,4,3,0,4,3
32574,2,10,0,1,0,3,1,0,3,4,4,1
32575,2,10,0,0,0,3,1,0,3,4,4,1
32576,2,5,0,2,1,2,2,4,3,1,4,3
32580,2,8,0,2,0,2,2,0,2,4,4,2
32582,2,8,0,2,0,2,2,0,2,4,4,2
32583,2,10,0,2,0,1,1,4,3,0,4,3
32588,2,8,0,2,0,2,2,0,2,4,4,2
32590,2,10,0,2,0,3,1,0,3,4,4,1
32591,2,10,0,2,0,3,1,0,3,4,4,1
32592,2,9,0,2,0,1,0,4,3,1,3,4
32593,2,9,0,2,0,1,0,4,3,1,3,4
32596,2,10,0,2,0,1,1,4,3,0,4,3
32597,2,10,0,2,0,1,1,4,3,0,4,3
32604,2,10,0,2,0,1,1,4,3,0,4,3
32605,2,10,0,2,0,3,1,0,3,4,4,1
32608,2,5,0,2,1,2,2,4,3,1,4,3
32610,2,8,0,2,0,2,2,0,2,4,4,2
32611,2,9,0,2,0,1,0,4,3,1,3,4
32612,2,8,0,2,0,2,2,0,2,4,4,2
32614,2,8,0,2,0,2,2,0,2,4,4,2
32615,2,10,0,2,0,1,1,4,3,0,4,3
32620,2,8,0,2,0,2,2,0,2,4,4,2
32622,2,10,0,2,0,3,1,0,3,4,4,1
32623,2,10,0,2,0,3,1,0,3,4,4,1
32624,3,9,0,1,0,1,0,4,3,1,3,4
32625,3,9,0,1,0,1,0,4,3,1,3,4
32626,3,9,0,1,0,1,0,4,3,1,3,4
32627,3,9,0,1,0,1,0,4,3,1,3,4
32628,3,10,0,1,0,1,1,4,3,0,4,3
32629,3,10,0,1,0,1,1,4,3,0,4,3
32630,3,10,0,1,0,1,1,4,3,0,4,3
32631,3,10,0,0,0,1,1,4,3,0,4,3
32636,3,10,0,1,0,1,1,4,3,0,4,3
32637,3,10,0,1,0,3,1,0,3,4,4,1
32638,3,10,0,1,0,3,1,0,3,4,4,1
32639,3,10,0,0,0,3,1,0,3,4,4,1
32640,2,5,0,2,1,2,2,4,3,1,4,3
32648,2,5,0,2,1,2,2,4,3,1,4,3
32652,2,8,0,2,0,2,2,0,2,4,4,2
32654,2,10,0,2,0,3,1,0,3,4,4,1
32655,2,10,0,2,0,3,1,0,3,4,4,1
32656,2,9,0,2,0,1,0,4,3,1,3,4
32657,2,10,0,2,0,3,1,0,3,4,4,1
32659,2,10,0,2,0,3,1,0,3,4,4,1
32664,2,10,0,2,0,1,1,4,3,0,4,3
32665,2,10,0,2,0,3,1,0,3,4,4,1
32667,2,10,0,2,0,3,1,0,3,4,4,1
32668,2,10,0,2,0,1,1,4,3,0,4,3
32669,2,10,0,2,0,3,1,0,3,4,4,1
32672,2,5,0,2,1,2,2,4,3,1,4,3
32674,2,10,0,2,0,3,1,0,3,4,4,1
32675,2,10,0,2,0,3,1,0,3,4,4,1
32680,2,5,0,2,1,2,2,4,3,1,4,3
32682,2,10,0,2,0,3,1,0,3,4,4,1
32683,2,10,0,2,0,3,1,0,3,4,4,1
32688,2,9,0,1,0,1,0,4,3,1,3,4
32689,2,10,0,1,0,3,1,0,3,4,4,1
32690,2,10,0,1,0,3,1,0,3,4,4,1
32691,2,10,0,0,0,3,1,0,3,4,4,1
32696,2,10,0,1,0,1,1,4,3,0,4,3
32697,2,10,0,1,0,3,1,0,3,4,4,1
32698,2,10,0,1,0,3,1,0,3,4,4,1
32699,2,10,0,0,0,3,1,0,3,4,4,1
32704,2,5,0,2,1,2,2,4,3,1,4,3
32708,2,8,0,2,0,2,2,0,2,4,4,2
32710,2,10,0,2,0,3,1,0,3,4,4,1
32711,2,10,0,2,0,3,1,0,3,4,4,1
32712,2,5,0,2,1,2,2,4,3,1,4,3
32716,2,8,0,2,0,2,2,0,2,4,4,2
32718,2,10,0,2,0,3,1,0,3,4,4,1
32719,2,10,0,2,0,3,1,0,3,4,4,1
32720,2,9,0,2,0,1,0,4,3,1,3,4
32721,2,10,0,2,0,3,1,0,3,4,4,1
32724,2,10,0,2,0,1,1,4,3,0,4,3
32725,2,10,0,2,0,3,1,0,3,4,4,1
32728,2,10,0,2,0,1,1,4,3,0,4,3
32729,2,10,0,2,0,3,1,0,3,4,4,1
32732,2,10,0,2,0,1,1,4,3,0,4,3
32733,2,10,0,2,0,3,1,0,3,4,4,1
32736,2,5,0,2,1,2,2,4,3,1,4,3
32738,2,10,0,2,0,3,1,0,3,4,4,1
32739,2,10,0,2,0,3,1,0,3,4,4,1
32740,2,8,0,2,0,2,2,0,2,4,4,2
32742,2,10,0,2,0,3,1,0,3,4,4,1
32743,2,10,0,2,0,3,1,0,3,4,4,1
32744,2,5,0,2,1,2,2,4,3,1,4,3
32746,2,10,0,2,0,3,1,0,3,4,4,1
32747,2,10,0,2,0,3,1,0,3,4,4,1
32748,2,8,0,2,0,2,2,0,2,4,4,2
32750,3,10,1,0,0,3,1,0,3,4,4,1
32751,3,10,1,0,0,3,1,0,3,4,4,1
32752,3,9,0,1,0,1,0,4,3,1,3,4
32753,3,10,0,1,0,3,1,0,3,4,4,1
32754,3,10,0,1,0,3,1,0,3,4,4,1
32755,3,10,0,1,0,3,1,0,3,4,4,1
32756,3,10,0,1,0,1,1,4,3,0,4,3
32757,3,10,0,1,0,3,1,0,3,4,4,1
32758,3,10,0,1,0,3,1,0,3,4,4,1
32759,3,10,0,0,0,3,1,0,3,4,4,1
32760,3,10,0,1,0,1,1,4,3,0,4,3
32761,3,10,0,1,0,3,1,0,3,4,4,1
32762,3,10,0,1,0,3,1,0,3,4,4,1
32763,3,10,0,1,0,3,1,0,3,4,4,1
32764,3,10,0,1,0,1,1,4,3,0,4,3
32765,3,10,0,1,0,3,1,0,3,4,4,1
32766,3,10,0,1,0,3,1,0,3,4,4,1
32767,3,10,0,0,0,3,1,0,3,4,4,1
32768,1,1,3,3,3,3,3,4,4,3,4,4
34816,1,1,3,2,3,3,3,4,4,3,4,4
34944,1,1,3,1,3,3,3,4,4,3,4,4
34952,1,1,3,0,3,3,3,4,4,3,4,4
34956,1,2,2,0,2,1,3,0,3,2,4,1
34958,1,2,1,0,2,1,3,0,3,2,4,1
34959,1,2,0,0,2,1,3,0,3,2,4,1
34975,1,5,0,0,1,2,2,0,3,3,4,1
34990,1,5,1,0,1,2,2,0,3,3,4,1
34991,1,5,0,0,1,2,2,0,3,3,4,1
35006,1,5,0,1,1,2,2,0,3,3,4,1
35007,2,5,0,0,1,2,2,0,3,3,4,1
35008,1,2,2,1,2,2,3,1,3,3,4,2
35012,1,2,2,0,2,2,3,1,3,3,4,2
35014,1,2,1,0,2,2,3,1,3,3,4,2
35015,1,2,0,0,2,2,3,1,3,3,4,2
35016,1,2,2,1,2,2,3,1,3,3,4,2
35020,2,4,2,0,2,0,2,2,4,0,4,2
35022,2,4,2,0,2,0,2,2,4,0,4,2
35023,2,4,2,0,2,0,2,2,4,0,4,2
35031,1,5,0,0,1,2,2,0,3,3,4,1
35039,2,5,2,0,1,2,2,0,3,3,4,1
35040,1,2,1,1,2,2,3,1,3,3,4,2
35042,1,5,1,0,1,2,2,0,3,3,4,1
35043,1,5,0,0,1,2,2,0,3,3,4,1
35044,1,5,1,1,1,2,2,0,3,3,4,1
35046,2,5,1,0,1,2,2,0,3,3,4,1
35047,2,5,1,0,1,2,2,0,3,3,4,1
35048,1,2,1,1,2,2,3,1,3,3,4,2
35050,1,5,1,0,1,2,2,0,3,3,4,1
35051,1,5,0,0,1,2,2,0,3,3,4,1
35052,2,5,2,0,1,2,2,0,3,3,4,1
35054,2,5,1,0,1,2,2,0,3,3,4,1
35055,2,5,1,0,1,2,2,0,3,3,4,1
35056,1,2,0,1,2,2,3,1,3,3,4,2
35057,1,2,0,0,2,2,3,1,3,3,4,2
35058,1,5,0,1,1,2,2,0,3,3,4,1
35059,2,5,0,0,1,2,2,0,3,3,4,1
35060,1,5,0,1,1,2,2,0,3,3,4,1
35061,1,5,0,0,1,2,2,0,3,3,4,1
35062,2,5,1,0,1,2,2,0,3,3,4,1
35063,2,5,0,0,1,2,2,0,3,3,4,1
35064,1,2,0,1,2,2,3,1,3,3,4,2
35065,1,4,0,0,1,0,1,2,3,0,3,2
35066,1,5,0,1,1,2,2,0,3,3,4,1
35067,2,5,0,0,1,2,2,0,3,3,4,1
35068,2,5,2,0,1,2,2,0,3,3,4,1
35069,2,5,2,0,1,2,2,0,3,3,4,1
35070,2,5,1,0,1,2,2,0,3,3,4,1
35071,2,5,0,0,1,2,2,0,3,3,4,1
35231,1,10,0,0,0,3,1,0,3,4,4,1
35262,1,10,0,1,0,3,1,0,3,4,4,1
35263,2,10,0,0,0,3,1,0,3,4,4,1
35287,1,10,0,0,0,3,1,0,3,4,4,1
35295,2,10,2,0,0,3,1,0,3,4,4,1
35312,1,5,0,1,1,3,2,1,3,4,4,2
35313,1,10,0,0,0,3,1,0,3,4,4,1
35314,1,10,0,1,0,3,1,0,3,4,4,1
35315,2,10,0,0,0,3,1,0,3,4,4,1
35316,1,5,0,1,1,3,2,1,3,4,4,2
35317,1,10,0,0,0,3,1,0,3,4,4,1
35318,2,10,1,0,0,3,1,0,3,4,4,1
35319,2,10,0,0,0,3,1,0,3,4,4,1
35320,1,5,0,1,1,3,2,1,3,4,4,2
35321,1,10,0,0,0,3,1,0,3,4,4,1
35322,1,10,0,1,0,3,1,0,3,4,4,1
35323,2,10,0,0,0,3,1,0,3,4,4,1
35324,2,5,2,0,1,3,2,1,3,4,4,2
35325,2,10,2,0,0,3,1,0,3,4,4,1
35326,2,10,1,0,0,3,1,0,3,4,4,1
35327,2,10,0,0,0,3,1,0,3,4,4,1
35502,1,9,1,0,1,0,1,3,4,0,4,3
35503,1,9,0,0,1,0,1,3,4,0,4,3
35518,1,9,0,1,1,0,1,3,4,0,4,3
35519,2,9,0,0,1,0,1,3,4,0,4,3
35552,1,5,1,1,1,3,2,1,3,4,4,2
35554,1,5,1,0,1,3,2,1,3,4,4,2
35555,1,5,0,0,1,3,2,1,3,4,4,2
35556,1,5,1,1,1,3,2,1,3,4,4,2
35558,2,5,1,0,1,2,2,0,3,3,4,1
35559,2,5,1,0,1,2,2,0,3,3,4,1
35560,1,5,1,1,1,3,2,1,3,4,4,2
35562,1,9,1,0,1,0,1,3,4,0,4,3
35563,1,9,0,0,1,0,1,3,4,0,4,3
35564,2,5,2,0,1,3,2,1,3,4,4,2
35566,2,9,1,0,1,0,1,3,4,0,4,3
35567,2,9,1,0,1,0,1,3,4,0,4,3
35568,1,5,0,1,1,3,2,1,3,4,4,2
35569,1,5,0,0,1,3,2,1,3,4,4,2
35570,1,5,0,1,1,3,2,1,3,4,4,2
35571,2,5,0,0,1,3,2,1,3,4,4,2
35572,1,5,0,1,1,3,2,1,3,4,4,2
35573,1,5,0,0,1,3,2,1,3,4,4,2
35574,2,5,1,0,1,2,2,0,3,3,4,1
35575,2,5,0,0,1,2,2,0,3,3,4,1
35576,1,5,0,1,1,3,2,1,3,4,4,2
35577,1,9,0,0,1,0,1,3,4,0,4,3
35578,1,9,0,1,1,0,1,3,4,0,4,3
35579,2,9,0,0,1,0,1,3,4,0,4,3
35580,2,5,2,0,1,3,2,1,3,4,4,2
35581,2,9,2,0,1,0,1,3,4,0,4,3
35582,2,9,1,0,1,0,1,3,4,0,4,3
35583,2,9,0,0,1,0,1,3,4,0,4,3
35743,1,10,0,0,0,3,1,0,3,4,4,1
35758,1,10,0,2,0,3,1,0,3,4,4,1
35759,1,10,0,0,0,3,1,0,3,4,4,1
35774,2,10,0,1,0,3,1,0,3,4,4,1
35775,2,10,0,0,0,3,1,0,3,4,4,1
35808,1,5,0,2,1,3,2,1,3,4,4,2
35810,1,10,0,2,0,3,1,0,3,4,4,1
35811,1,10,0,0,0,3,1,0,3,4,4,1
35812,1,5,0,2,1,3,2,1,3,4,4,2
35814,2,10,1,0,0,3,1,0,3,4,4,1
35815,2,10,1,0,0,3,1,0,3,4,4,1
35816,1,5,0,2,1,3,2,1,3,4,4,2
35818,1,10,0,2,0,3,1,0,3,4,4,1
35819,1,10,0,0,0,3,1,0,3,4,4,1
35820,2,5,2,0,1,3,2,1,3,4,4,2
35822,2,10,1,0,0,3,1,0,3,4,4,1
35823,2,10,1,0,0,3,1,0,3,4,4,1
35824,2,5,0,1,1,3,2,1,3,4,4,2
35825,2,10,0,1,0,3,1,0,3,4,4,1
35826,2,10,0,1,0,3,1,0,3,4,4,1
35827,2,10,0,0,0,3,1,0,3,4,4,1
35828,2,5,0,1,1,3,2,1,3,4,4,2
35829,2,10,0,1,0,3,1,0,3,4,4,1
35830,2,10,0,1,0,3,1,0,3,4,4,1
35831,2,10,0,0,0,3,1,0,3,4,4,1
35832,2,5,0,1,1,3,2,1,3,4,4,2
35833,2,10,0,1,0,3,1,0,3,4,4,1
35834,2,10,0,1,0,3,1,0,3,4,4,1
35835,2,10,0,0,0,3,1,0,3,4,4,1
35836,2,5,0,1,1,3,2,1,3,4,4,2
35837,2,10,0,1,0,3,1,0,3,4,4,1
35838,2,10,0,1,0,3,1,0,3,4,4,1
35839,2,10,0,0,0,3,1,0,3,4,4,1
35840,1,2,2,2,2,3,3,2,3,4,4,3
35904,1,2,2,1,2,3,3,2,3,4,4,3
35908,1,2,2,0,2,3,3,2,3,4,4,3
35910,1,5,1,0,1,1,2,3,3,0,4,2
35911,1,5,0,0,1,1,2,3,3,0,4,2
35916,1,4,2,0,2,1,2,3,4,1,4,3
35918,1,5,1,0,1,1,2,3,3,0,4,2
35919,1,5,0,0,1,1,2,3,3,0,4,2
35927,1,5,0,0,1,1,2,3,3,0,4,2
35935,1,5,0,0,1,2,2,0,3,3,4,1
35936,1,2,1,1,2,3,3,2,3,4,4,3
35938,1,2,1,0,2,3,3,2,3,4,4,3
35939,1,2,0,0,2,3,3,2,3,4,4,3
35940,1,5,1,1,1,1,2,3,3,0,4,2
35942,2,5,1,0,1,1,2,3,3,0,4,2
35943,2,5,1,0,1,1,2,3,3,0,4,2
35948,1,5,1,1,1,2,2,0,3,3,4,1
35950,2,5,1,0,1,2,2,0,3,3,4,1
35951,2,5,1,0,1,2,2,0,3,3,4,1
35952,1,2,0,1,2,3,3,2,3,4,4,3
35953,1,5,0,0,0,2,1,0,2,3,3,1
35954,1,5,0,1,0,2,1,0,2,3,3,1
35955,2,5,0,0,0,2,1,0,2,3,3,1
35956,1,5,0,1,1,1,2,3,3,0,4,2
35957,1,5,0,0,1,1,2,3,3,0,4,2
35958,2,5,1,0,1,1,2,3,3,0,4,2
35959,2,5,0,0,0,2,1,0,2,3,3,1
35964,1,5,0,1,1,2,2,0,3,3,4,1
35965,1,5,0,0,1,2,2,0,3,3,4,1
35966,2,5,1,0,1,2,2,0,3,3,4,1
35967,2,5,0,0,1,2,2,0,3,3,4,1
35968,1,2,2,2,2,3,3,2,3,4,4,3
35976,1,2,2,2,2,3,3,2,3,4,4,3
35980,1,4,2,0,2,1,2,3,4,1,4,3
35982,1,5,1,0,1,1,2,3,3,0,4,2
35983,1,5,0,0,1,1,2,3,3,0,4,2
35999,1,5,0,0,1,2,2,0,3,3,4,1
36032,2,4,2,1,2,1,2,3,4,1,4,3
36036,2,4,2,1,2,1,2,3,4,1,4,3
36038,2,5,2,1,1,1,2,3,3,0,4,2
36039,2,5,2,1,1,1,2,3,3,0,4,2
36040,2,4,2,1,2,1,2,3,4,1,4,3
36044,2,4,2,0,2,1,2,3,4,1,4,3
36046,2,5,2,0,1,1,2,3,3,0,4,2
36047,2,5,2,0,1,1,2,3,3,0,4,2
36055,2,5,2,1,1,2,2,0,3,3,4,1
36063,2,5,2,0,1,2,2,0,3,3,4,1
36064,2,4,2,1,2,1,2,3,4,1,4,3
36066,2,5,2,1,1,2,2,0,3,3,4,1
36067,2,5,2,1,1,2,2,0,3,3,4,1
36068,2,5,2,1,1,2,2,0,3,3,4,1
36070,2,5,1,0,1,2,2,0,3,3,4,1
36071,2,5,1,0,1,2,2,0,3,3,4,1
36072,2,5,2,1,1,1,2,3,3,0,4,2
36074,2,5,2,1,1,2,2,0,3,3,4,1
36075,2,5,2,1,1,2,2,0,3,3,4,1
36076,2,5,2,0,1,2,2,0,3,3,4,1
36078,2,5,1,0,1,2,2,0,3,3,4,1
36079,2,5,1,0,1,2,2,0,3,3,4,1
36080,2,4,2,1,2,1,2,3,4,1,4,3
36081,2,5,2,1,0,2,1,0,2,3,3,1
36082,2,5,2,1,1,2,2,0,3,3,4,1
36083,2,5,0,0,1,2,2,0,3,3,4,1
36084,2,5,2,1,1,2,2,0,3,3,4,1
36085,2,5,2,1,1,2,2,0,3,3,4,1
36086,2,5,1,0,1,2,2,0,3,3,4,1
36087,2,5,0,0,1,2,2,0,3,3,4,1
36088,2,5,2,1,1,1,2,3,3,0,4,2
36089,2,5,2,1,1,1,2,3,3,0,4,2
36090,2,5,2,1,1,2,2,0,3,3,4,1
36091,2,5,0,0,1,2,2,0,3,3,4,1
36092,2,5,2,0,1,2,2,0,3,3,4,1
36093,2,5,2,0,1,2,2,0,3,3,4,1
36094,2,5,1,0,1,2,2,0,3,3,4,1
36095,2,5,0,0,1,2,2,0,3,3,4,1
36183,1,9,0,0,0,0,0,3,3,0,3,3
36191,1,10,0,0,0,3,1,0,3,4,4,1
36208,1,5,0,1,1,3,2,1,3,4,4,2
36209,1,5,0,0,1,3,2,1,3,4,4,2
36210,1,5,0,1,1,3,2,1,3,4,4,2
36211,2,5,0,0,1,3,2,1,3,4,4,2
36212,1,5,0,1,1,3,2,1,3,4,4,2
36213,1,9,0,0,0,0,0,3,3,0,3,3
36214,2,5,1,0,1,1,2,3,3,0,4,2
36215,2,9,0,0,0,0,0,3,3,0,3,3
36220,1,5,0,1,1,3,2,1,3,4,4,2
36221,1,10,0,0,0,3,1,0,3,4,4,1
36222,2,10,1,0,0,3,1,0,3,4,4,1
36223,2,10,0,0,0,3,1,0,3,4,4,1
36255,1,10,0,0,0,3,1,0,3,4,4,1
36311,2,10,2,1,0,3,1,0,3,4,4,1
36319,2,10,2,0,0,3,1,0,3,4,4,1
36336,2,5,2,1,1,3,2,1,3,4,4,2
36337,2,10,2,1,0,3,1,0,3,4,4,1
36338,2,10,2,1,0,3,1,0,3,4,4,1
36339,2,10,0,0,0,3,1,0,3,4,4,1
36340,2,5,2,1,1,3,2,1,3,4,4,2
36341,2,10,2,1,0,3,1,0,3,4,4,1
36342,2,10,1,0,0,3,1,0,3,4,4,1
36343,2,10,0,0,0,3,1,0,3,4,4,1
36344,2,5,2,1,1,3,2,1,3,4,4,2
36345,2,10,2,1,0,3,1,0,3,4,4,1
36346,2,10,2,1,0,3,1,0,3,4,4,1
36347,2,10,0,0,0,3,1,0,3,4,4,1
36348,2,5,2,0,1,3,2,1,3,4,4,2
36349,2,10,2,0,0,3,1,0,3,4,4,1
36350,2,10,1,0,0,3,1,0,3,4,4,1
36351,2,10,0,0,0,3,1,0,3,4,4,1
36352,1,2,1,2,2,3,3,2,3,4,4,3
36384,1,5,1,1,1,3,2,1,3,4,4,2
36386,1,5,1,0,1,3,2,1,3,4,4,2
36387,1,5,0,0,1,3,2,1,3,4,4,2
36390,1,5,1,0,1,3,2,1,3,4,4,2
36391,1,5,0,0,1,3,2,1,3,4,4,2
36398,1,9,1,0,1,0,1,3,4,0,4,3
36399,1,9,0,0,1,0,1,3,4,0,4,3
36400,1,5,0,1,1,3,2,1,3,4,4,2
36401,1,5,0,0,1,3,2,1,3,4,4,2
36402,1,5,0,1,1,3,2,1,3,4,4,2
36403,2,5,0,0,1,3,2,1,3,4,4,2
36406,1,5,0,1,1,3,2,1,3,4,4,2
36407,2,5,0,0,1,3,2,1,3,4,4,2
36414,1,9,0,1,1,0,1,3,4,0,4,3
36415,2,9,0,0,1,0,1,3,4,0,4,3
36416,1,5,1,2,1,3,2,1,3,4,4,2
36420,1,5,1,2,1,3,2,1,3,4,4,2
36422,1,5,1,0,1,3,2,1,3,4,4,2
36423,1,5,0,0,1,3,2,1,3,4,4,2
36428,1,5,1,2,1,3,2,1,3,4,4,2
36430,1,9,1,0,1,0,1,3,4,0,4,3
36431,1,9,0,0,1,0,1,3,4,0,4,3
36448,2,5,1,1,1,3,2,1,3,4,4,2
36450,2,5,1,1,1,3,2,1,3,4,4,2
36451,2,5,1,1,1,3,2,1,3,4,4,2
36452,2,5,1,1,1,3,2,1,3,4,4,2
36454,2,5,1,0,1,1,2,3,3,0,4,2
36455,2,5,1,0,1,1,2,3,3,0,4,2
36460,2,5,1,1,1,3,2,1,3,4,4,2
36462,2,9,1,0,1,0,1,3,4,0,4,3
36463,2,9,1,0,1,0,1,3,4,0,4,3
36464,2,5,1,1,1,3,2,1,3,4,4,2
36465,2,5,1,1,1,3,2,1,3,4,4,2
36466,2,5,1,1,1,3,2,1,3,4,4,2
36467,2,5,0,0,1,3,2,1,3,4,4,2
36468,2,5,1,1,1,3,2,1,3,4,4,2
36469,2,5,1,1,1,3,2,1,3,4,4,2
36470,2,5,1,0,1,1,2,3,3,0,4,2
36471,2,5,0,0,0,2,1,0,2,3,3,1
36476,2,5,1,1,1,3,2,1,3,4,4,2
36477,2,9,1,1,1,0,1,3,4,0,4,3
36478,2,9,1,0,1,0,1,3,4,0,4,3
36479,2,9,0,0,1,0,1,3,4,0,4,3
36480,1,2,1,2,2,3,3,2,3,4,4,3
36488,1,2,1,2,2,3,3,2,3,4,4,3
36492,1,5,1,2,1,3,2,1,3,4,4,2
36494,1,9,1,0,1,0,1,3,4,0,4,3
36495,1,9,0,0,1,0,1,3,4,0,4,3
36512,1,5,1,1,1,3,2,1,3,4,4,2
36514,1,5,1,0,1,3,2,1,3,4,4,2
36515,1,5,0,0,1,3,2,1,3,4,4,2
36520,1,5,1,1,1,3,2,1,3,4,4,2
36522,1,9,1,0,1,0,1,3,4,0,4,3
36523,1,9,0,0,1,0,1,3,4,0,4,3
36528,1,5,0,1,1,3,2,1,3,4,4,2
36529,1,5,0,0,1,3,2,1,3,4,4,2
36530,1,5,0,1,1,3,2,1,3,4,4,2
36531,2,5,0,0,1,3,2,1,3,4,4,2
36536,1,5,0,1,1,3,2,1,3,4,4,2
36537,1,9,0,0,1,0,1,3,4,0,4,3
36538,1,9,0,1,1,0,1,3,4,0,4,3
36539,2,9,0,0,1,0,1,3,4,0,4,3
36544,2,5,2,1,1,3,2,1,3,4,4,2
36548,2,5,2,1,1,3,2,1,3,4,4,2
36550,2,5,2,1,1,3,2,1,3,4,4,2
36551,2,5,2,1,1,3,2,1,3,4,4,2
36552,2,5,2,1,1,3,2,1,3,4,4,2
36556,2,5,2,0,1,3,2,1,3,4,4,2
36558,2,9,2,0,1,0,1,3,4,0,4,3
36559,2,9,2,0,1,0,1,3,4,0,4,3
36576,2,5,1,1,1,3,2,1,3,4,4,2
36578,2,5,1,1,1,3,2,1,3,4,4,2
36579,2,5,1,1,1,3,2,1,3,4,4,2
36580,2,5,1,1,1,3,2,1,3,4,4,2
36582,2,5,1,0,1,2,2,0,3,3,4,1
36583,2,5,1,0,1,2,2,0,3,3,4,1
36584,2,5,1,1,1,3,2,1,3,4,4,2
36586,2,9,1,1,1,0,1,3,4,0,4,3
36587,2,9,1,1,1,0,1,3,4,0,4,3
36588,2,5,1,1,1,3,2,1,3,4,4,2
36590,3,9,1,0,1,0,1,3,4,0,4,3
36591,3,9,1,0,1,0,1,3,4,0,4,3
36592,2,5,1,1,1,3,2,1,3,4,4,2
36593,2,5,1,1,1,3,2,1,3,4,4,2
36594,2,5,1,1,1,3,2,1,3,4,4,2
36595,2,5,0,0,1,3,2,1,3,4,4,2
36596,2,5,1,1,1,3,2,1,3,4,4,2
36597,2,5,1,1,1,3,2,1,3,4,4,2
36598,2,5,1,0,1,2,2,0,3,3,4,1
36599,2,5,0,0,1,2,2,0,3,3,4,1
36600,2,5,1,1,1,3,2,1,3,4,4,2
36601,2,9,1,1,1,0,1,3,4,0,4,3
36602,2,9,1,1,1,0,1,3,4,0,4,3
36603,2,9,0,0,1,0,1,3,4,0,4,3
36604,2,5,1,1,1,3,2,1,3,4,4,2
36605,2,9,1,1,1,0,1,3,4,0,4,3
36606,3,9,1,0,1,0,1,3,4,0,4,3
36607,3,9,1,0,1,0,1,3,4,0,4,3
36608,1,2,0,2,2,3,3,2,3,4,4,3
36624,1,2,0,1,2,3,3,2,3,4,4,3
36625,1,2,0,0,2,3,3,2,3,4,4,3
36627,1,5,0,0,1,3,2,1,3,4,4,2
36631,1,9,0,0,0,0,0,3,3,0,3,3
36639,1,10,0,0,0,3,1,0,3,4,4,1
36640,1,5,0,2,1,3,2,1,3,4,4,2
36642,1,5,0,2,1,3,2,1,3,4,4,2
36643,1,5,0,0,1,3,2,1,3,4,4,2
36646,1,5,0,2,1,3,2,1,3,4,4,2
36647,1,9,0,0,0,0,0,3,3,0,3,3
36654,1,10,0,2,0,3,1,0,3,4,4,1
36655,1,10,0,0,0,3,1,0,3,4,4,1
36656,2,5,0,1,1,3,2,1,3,4,4,2
36657,2,5,0,1,1,3,2,1,3,4,4,2
36658,2,5,0,1,1,3,2,1,3,4,4,2
36659,2,5,0,0,1,3,2,1,3,4,4,2
36662,2,5,0,1,1,3,2,1,3,4,4,2
36663,2,9,0,0,0,0,0,3,3,0,3,3
36670,2,10,0,1,0,3,1,0,3,4,4,1
36671,2,10,0,0,0,3,1,0,3,4,4,1
36672,1,5,0,2,1,3,2,1,3,4,4,2
36676,1,5,0,2,1,3,2,1,3,4,4,2
36678,1,5,0,2,1,3,2,1,3,4,4,2
36679,1,9,0,0,0,0,0,3,3,0,3,3
36684,1,5,0,2,1,3,2,1,3,4,4,2
36686,1,10,0,2,0,3,1,0,3,4,4,1
36687,1,10,0,0,0,3,1,0,3,4,4,1
36688,1,5,0,1,1,3,2,1,3,4,4,2
36689,1,5,0,0,1,3,2,1,3,4,4,2
36692,1,5,0,1,1,3,2,1,3,4,4,2
36693,1,9,0,0,0,0,0,3,3,0,3,3
36700,1,5,0,1,1,3,2,1,3,4,4,2
36701,1,10,0,0,0,3,1,0,3,4,4,1
36704,2,5,1,1,1,3,2,1,3,4,4,2
36706,2,5,1,1,1,3,2,1,3,4,4,2
36707,2,5,1,1,1,3,2,1,3,4,4,2
36708,2,5,1,1,1,3,2,1,3,4,4,2
36710,2,5,1,0,1,1,2,3,3,0,4,2
36711,2,9,1,0,0,0,0,3,3,0,3,3
36716,2,5,1,1,1,3,2,1,3,4,4,2
36718,2,10,1,0,0,3,1,0,3,4,4,1
36719,2,10,1,0,0,3,1,0,3,4,4,1
36720,2,5,0,1,1,3,2,1,3,4,4,2
36721,2,5,0,1,1,3,2,1,3,4,4,2
36722,2,5,0,1,1,3,2,1,3,4,4,2
36723,2,5,0,0,1,3,2,1,3,4,4,2
36724,2,5,0,1,1,3,2,1,3,4,4,2
36725,2,9,0,1,0,0,0,3,3,0,3,3
36726,2,5,0,1,1,1,2,3,3,0,4,2
36727,3,9,0,0,0,0,0,3,3,0,3,3
36732,2,5,0,1,1,3,2,1,3,4,4,2
36733,2,10,0,1,0,3,1,0,3,4,4,1
36734,2,10,0,1,0,3,1,0,3,4,4,1
36735,3,10,0,0,0,3,1,0,3,4,4,1
36736,1,2,0,2,2,3,3,2,3,4,4,3
36744,1,2,0,2,2,3,3,2,3,4,4,3
36748,1,5,0,2,1,3,2,1,3,4,4,2
36750,1,10,0,2,0,3,1,0,3,4,4,1
36751,1,10,0,0,0,3,1,0,3,4,4,1
36752,1,4,0,1,1,1,1,3,3,1,3,3
36753,1,10,0,0,0,3,1,0,3,4,4,1
36755,1,10,0,0,0,3,1,0,3,4,4,1
36760,1,5,0,1,1,1,2,3,3,0,4,2
36761,1,10,0,0,0,3,1,0,3,4,4,1
36763,1,10,0,0,0,3,1,0,3,4,4,1
36764,1,5,0,1,1,3,2,1,3,4,4,2
36765,1,10,0,0,0,3,1,0,3,4,4,1
36768,1,5,0,2,1,3,2,1,3,4,4,2
36770,1,10,0,2,0,3,1,0,3,4,4,1
36771,1,10,0,0,0,3,1,0,3,4,4,1
36776,1,5,0,2,1,3,2,1,3,4,4,2
36778,1,10,0,2,0,3,1,0,3,4,4,1
36779,1,10,0,0,0,3,1,0,3,4,4,1
36784,2,5,0,1,1,3,2,1,3,4,4,2
36785,2,10,0,1,0,3,1,0,3,4,4,1
36786,2,10,0,1,0,3,1,0,3,4,4,1
36787,2,10,0,0,0,3,1,0,3,4,4,1
36792,2,5,0,1,1,3,2,1,3,4,4,2
36793,2,10,0,1,0,3,1,0,3,4,4,1
36794,2,10,0,1,0,3,1,0,3,4,4,1
36795,2,10,0,0,0,3,1,0,3,4,4,1
36800,2,5,2,1,1,3,2,1,3,4,4,2
36804,2,5,2,1,1,3,2,1,3,4,4,2
36806,2,10,2,1,0,3,1,0,3,4,4,1
36807,2,10,2,1,0,3,1,0,3,4,4,1
36808,2,5,2,1,1,3,2,1,3,4,4,2
36812,2,5,2,0,1,3,2,1,3,4,4,2
36814,2,10,2,0,0,3,1,0,3,4,4,1
36815,2,10,2,0,0,3,1,0,3,4,4,1
36816,2,5,2,1,1,3,2,1,3,4,4,2
36817,2,10,2,1,0,3,1,0,3,4,4,1
36820,2,5,2,1,1,3,2,1,3,4,4,2
36821,2,10,2,1,0,3,1,0,3,4,4,1
36824,2,5,2,1,1,3,2,1,3,4,4,2
36825,2,10,2,1,0,3,1,0,3,4,4,1
36828,2,5,2,0,1,3,2,1,3,4,4,2
36829,2,10,2,0,0,3,1,0,3,4,4,1
36832,2,5,1,1,1,3,2,1,3,4,4,2
36834,2,10,1,1,0,3,1,0,3,4,4,1
36835,2,10,1,1,0,3,1,0,3,4,4,1
36836,2,5,1,1,1,3,2,1,3,4,4,2
36838,2,10,1,0,0,3,1,0,3,4,4,1
36839,2,10,1,0,0,3,1,0,3,4,4,1
36840,2,5,1,1,1,3,2,1,3,4,4,2
36842,2,10,1,1,0,3,1,0,3,4,4,1
36843,2,10,1,1,0,3,1,0,3,4,4,1
36844,2,5,1,1,1,3,2,1,3,4,4,2
36846,3,10,1,0,0,3,1,0,3,4,4,1
36847,3,10,1,0,0,3,1,0,3,4,4,1
36848,2,5,0,1,1,3,2,1,3,4,4,2
36849,2,10,0,1,0,3,1,0,3,4,4,1
36850,2,10,0,1,0,3,1,0,3,4,4,1
36851,2,10,0,0,0,3,1,0,3,4,4,1
36852,2,5,0,1,1,3,2,1,3,4,4,2
36853,2,10,0,1,0,3,1,0,3,4,4,1
36854,2,10,0,1,0,3,1,0,3,4,4,1
36855,3,10,0,0,0,3,1,0,3,4,4,1
36856,2,5,0,1,1,3,2,1,3,4,4,2
36857,2,10,0,1,0,3,1,0,3,4,4,1
36858,2,10,0,1,0,3,1,0,3,4,4,1
36859,2,10,0,0,0,3,1,0,3,4,4,1
36860,2,5,0,1,1,3,2,1,3,4,4,2
36861,2,10,0,1,0,3,1,0,3,4,4,1
36862,3,10,1,0,0,3,1,0,3,4,4,1
36863,3,10,0,0,0,3,1,0,3,4,4,1
39327,1,16,0,0,0,0,0,4,4,0,4,4
39358,1,10,0,1,0,3,1,0,3,4,4,1
39359,2,16,0,0,0,0,0,4,4,0,4,4
39383,1,10,0,0,0,3,1,0,3,4,4,1
39391,2,16,2,0,0,0,0,4,4,0,4,4
39408,1,9,0,1,1,1,1,4,4,1,4,4
39409,1,10,0,0,0,3,1,0,3,4,4,1
39410,1,10,0,1,0,3,1,0,3,4,4,1
39411,2,10,0,0,0,3,1,0,3,4,4,1
39412,1,10,0,1,0,1,1,4,3,0,4,3
39413,1,10,0,0,0,3,1,0,3,4,4,1
39414,2,10,1,0,0,3,1,0,3,4,4,1
39415,2,10,0,0,0,3,1,0,3,4,4,1
39416,1,10,0,1,0,1,1,4,3,0,4,3
39417,1,16,0,0,0,0,0,4,4,0,4,4
39418,1,10,0,1,0,3,1,0,3,4,4,1
39419,2,16,0,0,0,0,0,4,4,0,4,4
39420,2,10,2,0,0,1,1,4,3,0,4,3
39421,2,16,2,0,0,0,0,4,4,0,4,4
39422,2,10,1,0,0,3,1,0,3,4,4,1
39423,2,16,0,0,0,0,0,4,4,0,4,4
39839,1,16,0,0,0,0,0,4,4,0,4,4
39854,1,10,0,2,0,3,1,0,3,4,4,1
39855,1,16,0,0,0,0,0,4,4,0,4,4
39870,2,10,0,1,0,3,1,0,3,4,4,1
39871,2,16,0,0,0,0,0,4,4,0,4,4
39904,1,9,0,2,1,1,1,4,4,1,4,4
39906,1,10,0,2,0,3,1,0,3,4,4,1
39907,1,10,0,0,0,3,1,0,3,4,4,1
39908,1,9,0,2,1,1,1,4,4,1,4,4
39910,2,10,1,0,0,3,1,0,3,4,4,1
39911,2,10,1,0,0,3,1,0,3,4,4,1
39912,1,9,0,2,1,1,1,4,4,1,4,4
39914,1,10,0,2,0,3,1,0,3,4,4,1
39915,1,16,0,0,0,0,0,4,4,0,4,4
39916,2,9,2,0,1,1,1,4,4,1,4,4
39918,2,10,1,0,0,3,1,0,3,4,4,1
39919,2,16,1,0,0,0,0,4,4,0,4,4
39920,2,9,0,1,1,1,1,4,4,1,4,4
39921,2,10,0,1,0,3,1,0,3,4,4,1
39922,2,10,0,1,0,3,1,0,3,4,4,1
39923,2,10,0,0,0,3,1,0,3,4,4,1
39924,2,10,0,1,0,1,1,4,3,0,4,3
39925,2,10,0,1,0,3,1,0,3,4,4,1
39926,2,10,0,1,0,3,1,0,3,4,4,1
39927,2,10,0,0,0,3,1,0,3,4,4,1
39928,2,10,0,1,0,1,1,4,3,0,4,3
39929,2,16,0,1,0,0,0,4,4,0,4,4
39930,2,10,0,1,0,3,1,0,3,4,4,1
39931,2,16,0,0,0,0,0,4,4,0,4,4
39932,2,10,0,1,0,1,1,4,3,0,4,3
39933,2,16,0,1,0,0,0,4,4,0,4,4
39934,2,10,0,1,0,3,1,0,3,4,4,1
39935,2,16,0,0,0,0,0,4,4,0,4,4
40279,1,10,0,0,0,1,1,4,3,0,4,3
40287,1,16,0,0,0,0,0,4,4,0,4,4
40304,1,9,0,1,0,1,0,4,3,1,3,4
40305,1,9,0,0,0,1,0,4,3,1,3,4
40306,1,9,0,1,0,1,0,4,3,1,3,4
40307,2,9,0,0,0,1,0,4,3,1,3,4
40308,1,10,0,1,0,1,1,4,3,0,4,3
40309,1,10,0,0,0,1,1,4,3,0,4,3
40310,2,10,1,0,0,1,1,4,3,0,4,3
40311,2,10,0,0,0,1,1,4,3,0,4,3
40316,1,10,0,1,0,1,1,4,3,0,4,3
40317,1,16,0,0,0,0,0,4,4,0,4,4
40318,2,10,1,0,0,3,1,0,3,4,4,1
40319,2,16,0,0,0,0,0,4,4,0,4,4
40351,1,16,0,0,0,0,0,4,4,0,4,4
40407,2,10,2,1,0,3,1,0,3,4,4,1
40415,2,16,2,0,0,0,0,4,4,0,4,4
40432,2,9,2,1,1,1,1,4,4,1,4,4
40433,2,10,2,1,0,3,1,0,3,4,4,1
40434,2,10,2,1,0,3,1,0,3,4,4,1
40435,2,10,0,0,0,3,1,0,3,4,4,1
40436,2,10,2,1,0,1,1,4,3,0,4,3
40437,2,10,2,1,0,3,1,0,3,4,4,1
40438,2,10,1,0,0,3,1,0,3,4,4,1
40439,2,10,0,0,0,3,1,0,3,4,4,1
40440,2,10,2,1,0,1,1,4,3,0,4,3
40441,2,16,2,1,0,0,0,4,4,0,4,4
40442,2,10,2,1,0,3,1,0,3,4,4,1
40443,2,16,0,0,0,0,0,4,4,0,4,4
40444,2,10,2,0,0,1,1,4,3,0,4,3
40445,2,16,2,0,0,0,0,4,4,0,4,4
40446,2,10,1,0,0,3,1,0,3,4,4,1
40447,2,16,0,0,0,0,0,4,4,0,4,4
40704,1,4,0,2,1,2,1,4,3,2,3,4
40720,1,4,0,1,1,2,1,4,3,2,3,4
40721,1,4,0,0,1,2,1,4,3,2,3,4
40723,1,5,0,0,1,3,2,1,3,4,4,2
40727,1,10,0,0,0,1,1,4,3,0,4,3
40735,1,16,0,0,0,0,0,4,4,0,4,4
40736,1,5,0,2,1,3,2,1,3,4,4,2
40738,1,5,0,2,1,3,2,1,3,4,4,2
40739,1,5,0,0,1,3,2,1,3,4,4,2
40742,1,5,0,2,1,3,2,1,3,4,4,2
40743,1,10,0,0,0,1,1,4,3,0,4,3
40750,1,10,0,2,0,3,1,0,3,4,4,1
40751,1,16,0,0,0,0,0,4,4,0,4,4
40752,2,5,0,1,1,3,2,1,3,4,4,2
40753,2,5,0,1,1,3,2,1,3,4,4,2
40754,2,5,0,1,1,3,2,1,3,4,4,2
40755,2,5,0,0,1,3,2,1,3,4,4,2
40758,2,10,0,1,0,1,1,4,3,0,4,3
40759,2,10,0,0,0,1,1,4,3,0,4,3
40766,2,10,0,1,0,3,1,0,3,4,4,1
40767,2,16,0,0,0,0,0,4,4,0,4,4
40768,1,5,0,2,1,3,2,1,3,4,4,2
40772,1,5,0,2,1,3,2,1,3,4,4,2
40774,1,5,0,2,1,3,2,1,3,4,4,2
40775,1,10,0,0,0,1,1,4,3,0,4,3
40780,1,5,0,2,1,3,2,1,3,4,4,2
40782,1,10,0,2,0,3,1,0,3,4,4,1
40783,1,16,0,0,0,0,0,4,4,0,4,4
40784,1,9,0,1,0,1,0,4,3,1,3,4
40785,1,9,0,0,0,1,0,4,3,1,3,4
40788,1,10,0,1,0,1,1,4,3,0,4,3
40789,1,10,0,0,0,1,1,4,3,0,4,3
40796,1,10,0,1,0,1,1,4,3,0,4,3
40797,1,16,0,0,0,0,0,4,4,0,4,4
40800,2,5,1,1,1,3,2,1,3,4,4,2
40802,2,5,1,1,1,3,2,1,3,4,4,2
40803,2,9,1,1,0,1,0,4,3,1,3,4
40804,2,5,1,1,1,3,2,1,3,4,4,2
40806,2,5,1,0,1,1,2,3,3,0,4,2
40807,2,10,1,0,0,1,1,4,3,0,4,3
40812,2,9,1,1,1,1,1,4,4,1,4,4
40814,2,10,1,0,0,3,1,0,3,4,4,1
40815,2,16,1,0,0,0,0,4,4,0,4,4
40816,2,9,0,1,0,1,0,4,3,1,3,4
40817,2,9,0,1,0,1,0,4,3,1,3,4
40818,2,9,0,1,0,1,0,4,3,1,3,4
40819,2,9,0,0,0,1,0,4,3,1,3,4
40820,2,10,0,1,0,1,1,4,3,0,4,3
40821,2,10,0,1,0,1,1,4,3,0,4,3
40822,2,10,0,1,0,1,1,4,3,0,4,3
40823,3,10,0,0,0,1,1,4,3,0,4,3
40828,2,10,0,1,0,1,1,4,3,0,4,3
40829,2,16,0,1,0,0,0,4,4,0,4,4
40830,2,10,0,1,0,3,1,0,3,4,4,1
40831,3,16,0,0,0,0,0,4,4,0,4,4
40832,1,4,0,2,1,2,1,4,3,2,3,4
40840,1,4,0,2,1,2,1,4,3,2,3,4
40844,1,5,0,2,1,3,2,1,3,4,4,2
40846,1,10,0,2,0,3,1,0,3,4,4,1
40847,1,16,0,0,0,0,0,4,4,0,4,4
40848,1,9,0,1,1,1,1,4,4,1,4,4
40849,1,10,0,0,0,3,1,0,3,4,4,1
40851,1,10,0,0,0,3,1,0,3,4,4,1
40856,1,10,0,1,0,1,1,4,3,0,4,3
40857,1,16,0,0,0,0,0,4,4,0,4,4
40859,1,16,0,0,0,0,0,4,4,0,4,4
40860,1,10,0,1,0,1,1,4,3,0,4,3
40861,1,16,0,0,0,0,0,4,4,0,4,4
40864,1,9,0,2,1,1,1,4,4,1,4,4
40866,1,10,0,2,0,3,1,0,3,4,4,1
40867,1,10,0,0,0,3,1,0,3,4,4,1
40872,1,9,0,2,1,1,1,4,4,1,4,4
40874,1,10,0,2,0,3,1,0,3,4,4,1
40875,1,16,0,0,0,0,0,4,4,0,4,4
40880,2,9,0,1,1,1,1,4,4,1,4,4
40881,2,10,0,1,0,3,1,0,3,4,4,1
40882,2,10,0,1,0,3,1,0,3,4,4,1
40883,2,10,0,0,0,3,1,0,3,4,4,1
40888,2,10,0,1,0,1,1,4,3,0,4,3
40889,2,16,0,1,0,0,0,4,4,0,4,4
40890,2,10,0,1,0,3,1,0,3,4,4,1
40891,2,16,0,0,0,0,0,4,4,0,4,4
40896,2,5,2,1,1,3,2,1,3,4,4,2
40900,2,5,2,1,1,3,2,1,3,4,4,2
40902,2,10,2,1,0,3,1,0,3,4,4,1
40903,2,10,2,1,0,3,1,0,3,4,4,1
40904,2,5,2,1,1,3,2,1,3,4,4,2
40908,2,5,2,0,1,3,2,1,3,4,4,2
40910,2,10,2,0,0,3,1,0,3,4,4,1
40911,2,16,2,0,0,0,0,4,4,0,4,4
40912,2,9,2,1,1,1,1,4,4,1,4,4
40913,2,10,2,1,0,3,1,0,3,4,4,1
40916,2,10,2,1,0,1,1,4,3,0,4,3
40917,2,10,2,1,0,3,1,0,3,4,4,1
40920,2,10,2,1,0,1,1,4,3,0,4,3
40921,2,16,2,1,0,0,0,4,4,0,4,4
40924,2,10,2,0,0,1,1,4,3,0,4,3
40925,2,16,2,0,0,0,0,4,4,0,4,4
40928,2,9,1,1,1,1,1,4,4,1,4,4
40930,2,10,1,1,0,3,1,0,3,4,4,1
40931,2,10,1,1,0,3,1,0,3,4,4,1
40932,2,9,1,1,1,1,1,4,4,1,4,4
40934,2,10,1,0,0,3,1,0,3,4,4,1
40935,2,10,1,0,0,3,1,0,3,4,4,1
40936,2,9,1,1,1,1,1,4,4,1,4,4
40938,2,10,1,1,0,3,1,0,3,4,4,1
40939,2,16,1,1,0,0,0,4,4,0,4,4
40940,2,9,1,1,1,1,1,4,4,1,4,4
40942,3,10,1,0,0,3,1,0,3,4,4,1
40943,3,16,1,0,0,0,0,4,4,0,4,4
40944,2,9,0,1,1,1,1,4,4,1,4,4
40945,2,10,0,1,0,3,1,0,3,4,4,1
40946,2,10,0,1,0,3,1,0,3,4,4,1
40947,2,10,0,0,0,3,1,0,3,4,4,1
40948,2,10,0,1,0,1,1,4,3,0,4,3
40949,2,10,0,1,0,3,1,0,3,4,4,1
40950,2,10,0,1,0,3,1,0,3,4,4,1
40951,3,10,0,0,0,3,1,0,3,4,4,1
40952,2,10,0,1,0,1,1,4,3,0,4,3
40953,2,16,0,1,0,0,0,4,4,0,4,4
40954,2,10,0,1,0,3,1,0,3,4,4,1
40955,2,16,0,0,0,0,0,4,4,0,4,4
40956,2,10,0,1,0,1,1,4,3,0,4,3
40957,2,16,0,1,0,0,0,4,4,0,4,4
40958,3,10,1,0,0,3,1,0,3,4,4,1
40959,3,16,0,0,0,0,0,4,4,0,4,4
43694,1,9,1,0,1,1,1,4,4,1,4,4
43695,1,10,0,0,0,1,1,4,3,0,4,3
43710,1,10,0,1,0,1,1,4,3,0,4,3
43711,2,10,0,0,0,1,1,4,3,0,4,3
43744,1,9,1,1,1,1,1,4,4,1,4,4
43746,1,9,1,0,1,1,1,4,4,1,4,4
43747,1,9,0,0,1,1,1,4,4,1,4,4
43748,1,9,1,1,1,1,1,4,4,1,4,4
43750,2,9,1,0,1,1,1,4,4,1,4,4
43751,2,10,1,0,0,1,1,4,3,0,4,3
43752,1,9,1,1,1,1,1,4,4,1,4,4
43754,1,9,1,0,1,1,1,4,4,1,4,4
43755,1,10,0,0,0,1,1,4,3,0,4,3
43756,2,9,2,0,1,1,1,4,4,1,4,4
43758,2,9,1,0,1,1,1,4,4,1,4,4
43759,2,10,1,0,0,1,1,4,3,0,4,3
43760,1,9,0,1,1,1,1,4,4,1,4,4
43761,1,9,0,0,1,1,1,4,4,1,4,4
43762,1,9,0,1,1,1,1,4,4,1,4,4
43763,2,8,0,0,0,2,2,0,2,4,4,2
43764,1,10,0,1,0,1,1,4,3,0,4,3
43765,1,10,0,0,0,1,1,4,3,0,4,3
43766,2,10,1,0,0,1,1,4,3,0,4,3
43767,2,10,0,0,0,1,1,4,3,0,4,3
43768,1,10,0,1,0,1,1,4,3,0,4,3
43769,1,10,0,0,0,1,1,4,3,0,4,3
43770,1,10,0,1,0,1,1,4,3,0,4,3
43771,2,10,0,0,0,1,1,4,3,0,4,3
43772,2,10,2,0,0,1,1,4,3,0,4,3
43773,2,10,2,0,0,1,1,4,3,0,4,3
43774,2,10,1,0,0,1,1,4,3,0,4,3
43775,2,10,0,0,0,1,1,4,3,0,4,3
43935,1,10,0,0,0,3,1,0,3,4,4,1
43950,1,10,0,2,0,3,1,0,3,4,4,1
43951,1,10,0,0,0,3,1,0,3,4,4,1
43966,2,10,0,1,0,3,1,0,3,4,4,1
43967,2,10,0,0,0,3,1,0,3,4,4,1
44000,1,9,0,2,1,1,1,4,4,1,4,4
44002,1,10,0,2,0,3,1,0,3,4,4,1
44003,1,10,0,0,0,3,1,0,3,4,4,1
44004,1,9,0,2,1,1,1,4,4,1,4,4
44006,2,10,1,0,0,3,1,0,3,4,4,1
44007,2,10,1,0,0,3,1,0,3,4,4,1
44008,1,9,0,2,1,1,1,4,4,1,4,4
44010,1,10,0,2,0,3,1,0,3,4,4,1
44011,1,10,0,0,0,3,1,0,3,4,4,1
44012,2,9,2,0,1,1,1,4,4,1,4,4
44014,2,10,1,0,0,3,1,0,3,4,4,1
44015,2,10,1,0,0,3,1,0,3,4,4,1
44016,2,9,0,1,1,1,1,4,4,1,4,4
44017,2,10,0,1,0,3,1,0,3,4,4,1
44018,2,10,0,1,0,3,1,0,3,4,4,1
44019,2,10,0,0,0,3,1,0,3,4,4,1
44020,2,10,0,1,0,1,1,4,3,0,4,3
44021,2,10,0,1,0,3,1,0,3,4,4,1
44022,2,10,0,1,0,3,1,0,3,4,4,1
44023,2,10,0,0,0,3,1,0,3,4,4,1
44024,2,10,0,1,0,1,1,4,3,0,4,3
44025,2,10,0,1,0,3,1,0,3,4,4,1
44026,2,10,0,1,0,3,1,0,3,4,4,1
44027,2,10,0,0,0,3,1,0,3,4,4,1
44028,2,10,0,1,0,1,1,4,3,0,4,3
44029,2,10,0,1,0,3,1,0,3,4,4,1
44030,2,10,0,1,0,3,1,0,3,4,4,1
44031,2,10,0,0,0,3,1,0,3,4,4,1
44544,1,4,1,2,2,2,2,4,4,2,4,4
44576,1,5,1,1,1,3,2,1,3,4,4,2
44578,1,5,1,0,1,3,2,1,3,4,4,2
44579,1,5,0,0,1,3,2,1,3,4,4,2
44582,1,5,1,0,1,3,2,1,3,4,4,2
44583,1,10,0,0,0,1,1,4,3,0,4,3
44590,1,9,1,0,1,1,1,4,4,1,4,4
44591,1,10,0,0,0,1,1,4,3,0,4,3
44592,1,5,0,1,1,3,2,1,3,4,4,2
44593,1,5,0,0,1,3,2,1,3,4,4,2
44594,1,8,0,1,0,2,2,0,2,4,4,2
44595,2,8,0,0,0,2,2,0,2,4,4,2
44598,1,10,0,1,0,1,1,4,3,0,4,3
44599,2,10,0,0,0,1,1,4,3,0,4,3
44606,1,10,0,1,0,1,1,4,3,0,4,3
44607,2,10,0,0,0,1,1,4,3,0,4,3
44608,1,5,1,2,1,3,2,1,3,4,4,2
44612,1,5,1,2,1,3,2,1,3,4,4,2
44614,1,5,1,0,1,3,2,1,3,4,4,2
44615,1,10,0,0,0,1,1,4,3,0,4,3
44620,1,5,1,2,1,3,2,1,3,4,4,2
44622,1,9,1,0,1,1,1,4,4,1,4,4
44623,1,10,0,0,0,1,1,4,3,0,4,3
44640,2,5,1,1,1,3,2,1,3,4,4,2
44642,2,5,1,1,1,3,2,1,3,4,4,2
44643,2,5,1,1,1,3,2,1,3,4,4,2
44644,2,5,1,1,1,3,2,1,3,4,4,2
44646,2,5,1,0,1,2,2,4,3,1,4,3
44647,2,10,1,0,0,1,1,4,3,0,4,3
44652,2,9,1,1,1,1,1,4,4,1,4,4
44654,2,9,1,0,1,1,1,4,4,1,4,4
44655,2,10,1,0,0,1,1,4,3,0,4,3
44656,2,5,1,1,1,3,2,1,3,4,4,2
44657,2,5,1,1,1,3,2,1,3,4,4,2
44658,2,8,1,1,0,2,2,0,2,4,4,2
44659,2,8,0,0,0,2,2,0,2,4,4,2
44660,2,10,1,1,0,1,1,4,3,0,4,3
44661,2,10,1,1,0,1,1,4,3,0,4,3
44662,2,10,1,0,0,1,1,4,3,0,4,3
44663,2,10,0,0,0,1,1,4,3,0,4,3
44668,2,10,1,1,0,1,1,4,3,0,4,3
44669,2,10,1,1,0,1,1,4,3,0,4,3
44670,2,10,1,0,0,1,1,4,3,0,4,3
44671,2,10,0,0,0,1,1,4,3,0,4,3
44672,1,5,1,2,1,2,2,4,3,1,4,3
44680,1,5,1,2,1,2,2,4,3,1,4,3
44684,1,5,1,2,1,3,2,1,3,4,4,2
44686,1,9,1,0,1,1,1,4,4,1,4,4
44687,1,10,0,0,0,1,1,4,3,0,4,3
44704,1,9,1,1,1,1,1,4,4,1,4,4
44706,1,9,1,0,1,1,1,4,4,1,4,4
44707,1,9,0,0,1,1,1,4,4,1,4,4
44712,1,9,1,1,1,1,1,4,4,1,4,4
44714,1,9,1,0,1,1,1,4,4,1,4,4
44715,1,10,0,0,0,1,1,4,3,0,4,3
44720,1,9,0,1,1,1,1,4,4,1,4,4
44721,1,9,0,0,1,1,1,4,4,1,4,4
44722,1,9,0,1,1,1,1,4,4,1,4,4
44723,2,8,0,0,0,2,2,0,2,4,4,2
44728,1,10,0,1,0,1,1,4,3,0,4,3
44729,1,10,0,0,0,1,1,4,3,0,4,3
44730,1,10,0,1,0,1,1,4,3,0,4,3
44731,2,10,0,0,0,1,1,4,3,0,4,3
44736,2,5,2,1,1,3,2,1,3,4,4,2
44740,2,5,2,1,1,3,2,1,3,4,4,2
44742,2,9,2,1,1,1,1,4,4,1,4,4
44743,2,10,2,1,0,1,1,4,3,0,4,3
44744,2,5,2,1,1,3,2,1,3,4,4,2
44748,2,5,2,0,1,3,2,1,3,4,4,2
44750,2,9,2,0,1,1,1,4,4,1,4,4
44751,2,10,2,0,0,1,1,4,3,0,4,3
44768,2,9,1,1,1,1,1,4,4,1,4,4
44770,2,9,1,1,1,1,1,4,4,1,4,4
44771,2,9,1,1,1,1,1,4,4,1,4,4
44772,2,9,1,1,1,1,1,4,4,1,4,4
44774,2,9,1,0,1,1,1,4,4,1,4,4
44775,2,10,1,0,0,1,1,4,3,0,4,3
44776,2,9,1,1,1,1,1,4,4,1,4,4
44778,2,9,1,1,1,1,1,4,4,1,4,4
44779,2,10,1,1,0,1,1,4,3,0,4,3
44780,2,9,1,1,1,1,1,4,4,1,4,4
44782,3,9,1,0,1,1,1,4,4,1,4,4
44783,3,10,1,0,0,1,1,4,3,0,4,3
44784,2,9,1,1,1,1,1,4,4,1,4,4
44785,2,9,1,1,1,1,1,4,4,1,4,4
44786,2,9,1,1,1,1,1,4,4,1,4,4
44787,2,8,0,0,0,2,2,0,2,4,4,2
44788,2,10,1,1,0,1,1,4,3,0,4,3
44789,2,10,1,1,0,1,1,4,3,0,4,3
44790,2,10,1,0,0,1,1,4,3,0,4,3
44791,2,10,0,0,0,1,1,4,3,0,4,3
44792,2,10,1,1,0,1,1,4,3,0,4,3
44793,2,10,1,1,0,1,1,4,3,0,4,3
44794,2,10,1,1,0,1,1,4,3,0,4,3
44795,2,10,0,0,0,1,1,4,3,0,4,3
44796,2,10,1,1,0,1,1,4,3,0,4,3
44797,2,10,1,1,0,1,1,4,3,0,4,3
44798,3,10,1,0,0,1,1,4,3,0,4,3
44799,3,10,1,0,0,1,1,4,3,0,4,3
44800,1,4,0,2,2,2,2,4,4,2,4,4
44816,1,5,0,1,0,3,1,1,2,4,3,2
44817,1,5,0,0,0,3,1,1,2,4,3,2
44819,1,8,0,0,0,2,2,0,2,4,4,2
44823,1,10,0,0,0,1,1,4,3,0,4,3
44831,1,10,0,0,0,3,1,0,3,4,4,1
44832,1,5,0,2,1,3,2,1,3,4,4,2
44834,1,8,0,2,0,2,2,0,2,4,4,2
44835,1,8,0,0,0,2,2,0,2,4,4,2
44838,1,8,0,2,0,2,2,0,2,4,4,2
44839,1,10,0,0,0,1,1,4,3,0,4,3
44846,1,10,0,2,0,3,1,0,3,4,4,1
44847,1,10,0,0,0,3,1,0,3,4,4,1
44848,2,5,0,1,1,3,2,1,3,4,4,2
44849,2,5,0,1,1,3,2,1,3,4,4,2
44850,2,8,0,1,0,2,2,0,2,4,4,2
44851,2,8,0,0,0,2,2,0,2,4,4,2
44854,2,10,0,1,0,1,1,4,3,0,4,3
44855,2,10,0,0,0,1,1,4,3,0,4,3
44862,2,10,0,1,0,3,1,0,3,4,4,1
44863,2,10,0,0,0,3,1,0,3,4,4,1
44864,1,5,0,2,1,3,2,1,3,4,4,2
44868,1,8,0,2,0,2,2,0,2,4,4,2
44870,1,8,0,2,0,2,2,0,2,4,4,2
44871,1,10,0,0,0,1,1,4,3,0,4,3
44876,1,8,0,2,0,2,2,0,2,4,4,2
44878,1,10,0,2,0,3,1,0,3,4,4,1
44879,1,10,0,0,0,3,1,0,3,4,4,1
44880,1,5,0,1,1,3,2,1,3,4,4,2
44881,1,5,0,0,1,3,2,1,3,4,4,2
44884,1,10,0,1,0,1,1,4,3,0,4,3
44885,1,10,0,0,0,1,1,4,3,0,4,3
44892,1,10,0,1,0,1,1,4,3,0,4,3
44893,1,10,0,0,0,3,1,0,3,4,4,1
44896,2,5,1,1,1,3,2,1,3,4,4,2
44898,2,8,1,1,0,2,2,0,2,4,4,2
44899,2,8,1,1,0,2,2,0,2,4,4,2
44900,2,8,1,1,0,2,2,0,2,4,4,2
44902,2,8,1,0,0,2,2,0,2,4,4,2
44903,2,10,1,0,0,1,1,4,3,0,4,3
44908,2,9,1,1,1,1,1,4,4,1,4,4
44910,2,10,1,0,0,3,1,0,3,4,4,1
44911,2,10,1,0,0,3,1,0,3,4,4,1
44912,2,5,0,1,1,3,2,1,3,4,4,2
44913,2,5,0,1,1,3,2,1,3,4,4,2
44914,2,8,0,1,0,2,2,0,2,4,4,2
44915,2,8,0,0,0,2,2,0,2,4,4,2
44916,2,10,0,1,0,1,1,4,3,0,4,3
44917,2,10,0,1,0,1,1,4,3,0,4,3
44918,2,10,0,1,0,1,1,4,3,0,4,3
44919,3,10,0,0,0,1,1,4,3,0,4,3
44924,2,10,0,1,0,1,1,4,3,0,4,3
44925,2,10,0,1,0,3,1,0,3,4,4,1
44926,2,10,0,1,0,3,1,0,3,4,4,1
44927,3,10,0,0,0,3,1,0,3,4,4,1
44928,1,5,0,2,1,2,2,4,3,1,4,3
44936,1,5,0,2,1,2,2,4,3,1,4,3
44940,1,8,0,2,0,2,2,0,2,4,4,2
44942,1,10,0,2,0,3,1,0,3,4,4,1
44943,1,10,0,0,0,3,1,0,3,4,4,1
44944,1,9,0,1,1,1,1,4,4,1,4,4
44945,1,10,0,0,0,3,1,0,3,4,4,1
44947,1,10,0,0,0,3,1,0,3,4,4,1
44952,1,10,0,1,0,1,1,4,3,0,4,3
44953,1,10,0,0,0,3,1,0,3,4,4,1
44955,1,10,0,0,0,3,1,0,3,4,4,1
44956,1,10,0,1,0,1,1,4,3,0,4,3
44957,1,10,0,0,0,3,1,0,3,4,4,1
44960,1,9,0,2,1,1,1,4,4,1,4,4
44962,1,10,0,2,0,3,1,0,3,4,4,1
44963,1,10,0,0,0,3,1,0,3,4,4,1
44968,1,9,0,2,1,1,1,4,4,1,4,4
44970,1,10,0,2,0,3,1,0,3,4,4,1
44971,1,10,0,0,0,3,1,0,3,4,4,1
44976,2,9,0,1,1,1,1,4,4,1,4,4
44977,2,10,0,1,0,3,1,0,3,4,4,1
44978,2,10,0,1,0,3,1,0,3,4,4,1
44979,2,10,0,0,0,3,1,0,3,4,4,1
44984,2,10,0,1,0,1,1,4,3,0,4,3
44985,2,10,0,1,0,3,1,0,3,4,4,1
44986,2,10,0,1,0,3,1,0,3,4,4,1
44987,2,10,0,0,0,3,1,0,3,4,4,1
44992,2,5,2,1,1,3,2,1,3,4,4,2
44996,2,8,2,1,0,2,2,0,2,4,4,2
44998,2,10,2,1,0,3,1,0,3,4,4,1
44999,2,10,2,1,0,3,1,0,3,4,4,1
45000,2,5,2,1,1,3,2,1,3,4,4,2
45004,2,8,2,0,0,2,2,0,2,4,4,2
45006,2,10,2,0,0,3,1,0,3,4,4,1
45007,2,10,2,0,0,3,1,0,3,4,4,1
45008,2,9,2,1,1,1,1,4,4,1,4,4
45009,2,10,2,1,0,3,1,0,3,4,4,1
45012,2,10,2,1,0,1,1,4,3,0,4,3
45013,2,10,2,1,0,3,1,0,3,4,4,1
45016,2,10,2,1,0,1,1,4,3,0,4,3
45017,2,10,2,1,0,3,1,0,3,4,4,1
45020,2,10,2,0,0,1,1,4,3,0,4,3
45021,2,10,2,0,0,3,1,0,3,4,4,1
45024,2,9,1,1,1,1,1,4,4,1,4,4
45026,2,10,1,1,0,3,1,0,3,4,4,1
45027,2,10,1,1,0,3,1,0,3,4,4,1
45028,2,9,1,1,1,1,1,4,4,1,4,4
45030,2,10,1,0,0,3,1,0,3,4,4,1
45031,2,10,1,0,0,3,1,0,3,4,4,1
45032,2,9,1,1,1,1,1,4,4,1,4,4
45034,2,10,1,1,0,3,1,0,3,4,4,1
45035,2,10,1,1,0,3,1,0,3,4,4,1
45036,2,9,1,1,1,1,1,4,4,1,4,4
45038,3,10,1,0,0,3,1,0,3,4,4,1
45039,3,10,1,0,0,3,1,0,3,4,4,1
45040,2,9,0,1,1,1,1,4,4,1,4,4
45041,2,10,0,1,0,3,1,0,3,4,4,1
45042,2,10,0,1,0,3,1,0,3,4,4,1
45043,2,10,0,0,0,3,1,0,3,4,4,1
45044,2,10,0,1,0,1,1,4,3,0,4,3
45045,2,10,0,1,0,3,1,0,3,4,4,1
45046,2,10,0,1,0,3,1,0,3,4,4,1
45047,3,10,0,0,0,3,1,0,3,4,4,1
45048,2,10,0,1,0,1,1,4,3,0,4,3
45049,2,10,0,1,0,3,1,0,3,4,4,1
45050,2,10,0,1,0,3,1,0,3,4,4,1
45051,2,10,0,0,0,3,1,0,3,4,4,1
45052,2,10,0,1,0,1,1,4,3,0,4,3
45053,2,10,0,1,0,3,1,0,3,4,4,1
45054,3,10,1,0,0,3,1,0,3,4,4,1
45055,3,10,0,0,0,3,1,0,3,4,4,1
47519,1,16,0,0,0,0,0,4,4,0,4,4
47550,1,10,0,1,0,3,1,0,3,4,4,1
47551,2,16,0,0,0,0,0,4,4,0,4,4
47575,1,10,0,0,0,3,1,0,3,4,4,1
47583,2,16,2,0,0,0,0,4,4,0,4,4
47600,1,9,0,1,1,1,1,4,4,1,4,4
47601,1,10,0,0,0,3,1,0,3,4,4,1
47602,1,10,0,1,0,3,1,0,3,4,4,1
47603,2,10,0,0,0,3,1,0,3,4,4,1
47604,1,10,0,1,0,1,1,4,3,0,4,3
47605,1,10,0,0,0,3,1,0,3,4,4,1
47606,2,10,1,0,0,3,1,0,3,4,4,1
47607,2,10,0,0,0,3,1,0,3,4,4,1
47608,1,10,0,1,0,1,1,4,3,0,4,3
47609,1,16,0,0,0,0,0,4,4,0,4,4
47610,1,10,0,1,0,3,1,0,3,4,4,1
47611,2,16,0,0,0,0,0,4,4,0,4,4
47612,2,10,2,0,0,1,1,4,3,0,4,3
47613,2,16,2,0,0,0,0,4,4,0,4,4
47614,2,10,1,0,0,3,1,0,3,4,4,1
47615,2,16,0,0,0,0,0,4,4,0,4,4
47790,1,10,0,3,0,3,1,0,3,4,4,1
47791,1,16,0,0,0,0,0,4,4,0,4,4
47806,1,10,0,1,0,3,1,0,3,4,4,1
47807,2,16,0,0,0,0,0,4,4,0,4,4
47840,1,9,0,3,1,1,1,4,4,1,4,4
47842,1,10,0,3,0,3,1,0,3,4,4,1
47843,1,10,0,0,0,3,1,0,3,4,4,1
47844,1,9,0,3,1,1,1,4,4,1,4,4
47846,2,10,1,0,0,3,1,0,3,4,4,1
47847,2,10,1,0,0,3,1,0,3,4,4,1
47848,1,9,0,3,1,1,1,4,4,1,4,4
47850,1,10,0,3,0,3,1,0,3,4,4,1
47851,1,16,0,0,0,0,0,4,4,0,4,4
47852,2,9,2,0,1,1,1,4,4,1,4,4
47854,2,10,1,0,0,3,1,0,3,4,4,1
47855,2,16,1,0,0,0,0,4,4,0,4,4
47856,1,9,0,1,1,1,1,4,4,1,4,4
47857,1,10,0,0,0,3,1,0,3,4,4,1
47858,1,10,0,1,0,3,1,0,3,4,4,1
47859,2,10,0,0,0,3,1,0,3,4,4,1
47860,1,10,0,1,0,1,1,4,3,0,4,3
47861,1,10,0,0,0,3,1,0,3,4,4,1
47862,2,10,1,0,0,3,1,0,3,4,4,1
47863,2,10,0,0,0,3,1,0,3,4,4,1
47864,1,10,0,1,0,1,1,4,3,0,4,3
47865,1,16,0,0,0,0,0,4,4,0,4,4
47866,1,10,0,1,0,3,1,0,3,4,4,1
47867,2,16,0,0,0,0,0,4,4,0,4,4
47868,2,10,2,0,0,1,1,4,3,0,4,3
47869,2,16,2,0,0,0,0,4,4,0,4,4
47870,2,10,1,0,0,3,1,0,3,4,4,1
47871,2,16,0,0,0,0,0,4,4,0,4,4
48031,2,16,0,2,0,0,0,4,4,0,4,4
48046,2,10,0,2,0,3,1,0,3,4,4,1
48047,2,16,0,2,0,0,0,4,4,0,4,4
48062,2,10,0,1,0,3,1,0,3,4,4,1
48063,2,16,0,0,0,0,0,4,4,0,4,4
48096,2,9,0,2,1,1,1,4,4,1,4,4
48098,2,10,0,2,0,3,1,0,3,4,4,1
48099,2,10,0,2,0,3,1,0,3,4,4,1
48100,2,9,0,2,1,1,1,4,4,1,4,4
48102,2,10,0,2,0,3,1,0,3,4,4,1
48103,2,10,0,2,0,3,1,0,3,4,4,1
48104,2,9,0,2,1,1,1,4,4,1,4,4
48106,2,10,0,2,0,3,1,0,3,4,4,1
48107,2,16,0,2,0,0,0,4,4,0,4,4
48108,2,9,0,2,1,1,1,4,4,1,4,4
48110,2,10,0,2,0,3,1,0,3,4,4,1
48111,2,16,0,2,0,0,0,4,4,0,4,4
48112,2,9,0,1,1,1,1,4,4,1,4,4
48113,2,10,0,1,0,3,1,0,3,4,4,1
48114,2,10,0,1,0,3,1,0,3,4,4,1
48115,2,10,0,0,0,3,1,0,3,4,4,1
48116,2,10,0,1,0,1,1,4,3,0,4,3
48117,2,10,0,1,0,3,1,0,3,4,4,1
48118,2,10,0,1,0,3,1,0,3,4,4,1
48119,2,10,0,0,0,3,1,0,3,4,4,1
48120,2,10,0,1,0,1,1,4,3,0,4,3
48121,2,16,0,1,0,0,0,4,4,0,4,4
48122,2,10,0,1,0,3,1,0,3,4,4,1
48123,2,16,0,0,0,0,0,4,4,0,4,4
48124,2,10,0,1,0,1,1,4,3,0,4,3
48125,2,16,0,1,0,0,0,4,4,0,4,4
48126,2,10,0,1,0,3,1,0,3,4,4,1
48127,2,16,0,0,0,0,0,4,4,0,4,4
48640,1,4,0,3,2,2,2,4,4,2,4,4
48672,1,5,0,3,1,3,2,1,3,4,4,2
48674,1,5,0,3,1,3,2,1,3,4,4,2
48675,1,5,0,0,1,3,2,1,3,4,4,2
48678,1,5,0,3,1,3,2,1,3,4,4,2
48679,1,10,0,0,0,1,1,4,3,0,4,3
48686,1,10,0,3,0,3,1,0,3,4,4,1
48687,1,16,0,0,0,0,0,4,4,0,4,4
48688,1,5,0,1,1,3,2,1,3,4,4,2
48689,1,5,0,0,1,3,2,1,3,4,4,2
48690,1,8,0,1,0,2,2,0,2,4,4,2
48691,2,8,0,0,0,2,2,0,2,4,4,2
48694,1,10,0,1,0,1,1,4,3,0,4,3
48695,2,10,0,0,0,1,1,4,3,0,4,3
48702,1,10,0,1,0,3,1,0,3,4,4,1
48703,2,16,0,0,0,0,0,4,4,0,4,4
48704,1,5,0,3,1,3,2,1,3,4,4,2
48708,1,5,0,3,1,3,2,1,3,4,4,2
48710,1,5,0,3,1,3,2,1,3,4,4,2
48711,1,10,0,0,0,1,1,4,3,0,4,3
48716,1,5,0,3,1,3,2,1,3,4,4,2
48718,1,10,0,3,0,3,1,0,3,4,4,1
48719,1,16,0,0,0,0,0,4,4,0,4,4
48736,2,5,1,1,1,3,2,1,3,4,4,2
48738,2,5,1,1,1,3,2,1,3,4,4,2
48739,2,9,1,1,0,1,0,4,3,1,3,4
48740,2,5,1,1,1,3,2,1,3,4,4,2
48742,2,5,1,0,1,2,2,4,3,1,4,3
48743,2,10,1,0,0,1,1,4,3,0,4,3
48748,2,9,1,1,1,1,1,4,4,1,4,4
48750,2,10,1,0,0,3,1,0,3,4,4,1
48751,2,16,1,0,0,0,0,4,4,0,4,4
48752,2,9,1,1,0,1,0,4,3,1,3,4
48753,2,9,1,1,0,1,0,4,3,1,3,4
48754,2,9,1,1,0,1,0,4,3,1,3,4
48755,2,9,0,0,0,1,0,4,3,1,3,4
48756,2,10,1,1,0,1,1,4,3,0,4,3
48757,2,10,1,1,0,1,1,4,3,0,4,3
48758,2,10,1,0,0,1,1,4,3,0,4,3
48759,2,10,0,0,0,1,1,4,3,0,4,3
48764,2,10,1,1,0,1,1,4,3,0,4,3
48765,2,16,1,1,0,0,0,4,4,0,4,4
48766,2,10,1,0,0,3,1,0,3,4,4,1
48767,2,16,0,0,0,0,0,4,4,0,4,4
48768,1,5,0,3,1,2,2,4,3,1,4,3
48776,1,5,0,3,1,2,2,4,3,1,4,3
48780,1,5,0,3,1,3,2,1,3,4,4,2
48782,1,10,0,3,0,3,1,0,3,4,4,1
48783,1,16,0,0,0,0,0,4,4,0,4,4
48800,1,9,0,3,1,1,1,4,4,1,4,4
48802,1,10,0,3,0,3,1,0,3,4,4,1
48803,1,10,0,0,0,3,1,0,3,4,4,1
48808,1,9,0,3,1,1,1,4,4,1,4,4
48810,1,10,0,3,0,3,1,0,3,4,4,1
48811,1,16,0,0,0,0,0,4,4,0,4,4
48816,1,9,0,1,1,1,1,4,4,1,4,4
48817,1,10,0,0,0,3,1,0,3,4,4,1
48818,1,10,0,1,0,3,1,0,3,4,4,1
48819,2,10,0,0,0,3,1,0,3,4,4,1
48824,1,10,0,1,0,1,1,4,3,0,4,3
48825,1,16,0,0,0,0,0,4,4,0,4,4
48826,1,10,0,1,0,3,1,0,3,4,4,1
48827,2,16,0,0,0,0,0,4,4,0,4,4
48832,2,5,2,1,1,3,2,1,3,4,4,2
48836,2,5,2,1,1,3,2,1,3,4,4,2
48838,2,10,2,1,0,3,1,0,3,4,4,1
48839,2,10,2,1,0,3,1,0,3,4,4,1
48840,2,5,2,1,1,3,2,1,3,4,4,2
48844,2,5,2,0,1,3,2,1,3,4,4,2
48846,2,10,2,0,0,3,1,0,3,4,4,1
48847,2,16,2,0,0,0,0,4,4,0,4,4
48864,2,9,1,1,1,1,1,4,4,1,4,4
48866,2,10,1,1,0,3,1,0,3,4,4,1
48867,2,10,1,1,0,3,1,0,3,4,4,1
48868,2,9,1,1,1,1,1,4,4,1,4,4
48870,2,10,1,0,0,3,1,0,3,4,4,1
48871,2,10,1,0,0,3,1,0,3,4,4,1
48872,2,9,1,1,1,1,1,4,4,1,4,4
48874,2,10,1,1,0,3,1,0,3,4,4,1
48875,2,16,1,1,0,0,0,4,4,0,4,4
48876,2,9,1,1,1,1,1,4,4,1,4,4
48878,3,10,1,0,0,3,1,0,3,4,4,1
48879,3,16,1,0,0,0,0,4,4,0,4,4
48880,2,9,1,1,1,1,1,4,4,1,4,4
48881,2,10,1,1,0,3,1,0,3,4,4,1
48882,2,10,1,1,0,3,1,0,3,4,4,1
48883,2,10,0,0,0,3,1,0,3,4,4,1
48884,2,10,1,1,0,1,1,4,3,0,4,3
48885,2,10,1,1,0,3,1,0,3,4,4,1
48886,2,10,1,0,0,3,1,0,3,4,4,1
48887,2,10,0,0,0,3,1,0,3,4,4,1
48888,2,10,1,1,0,1,1,4,3,0,4,3
48889,2,16,1,1,0,0,0,4,4,0,4,4
48890,2,10,1,1,0,3,1,0,3,4,4,1
48891,2,16,0,0,0,0,0,4,4,0,4,4
48892,2,10,1,1,0,1,1,4,3,0,4,3
48893,2,16,1,1,0,0,0,4,4,0,4,4
48894,3,10,1,0,0,3,1,0,3,4,4,1
48895,3,16,1,0,0,0,0,4,4,0,4,4
48896,2,4,0,2,2,2,2,4,4,2,4,4
48912,2,5,0,2,0,3,1,1,2,4,3,2
48913,2,5,0,2,0,3,1,1,2,4,3,2
48915,2,8,0,2,0,2,2,0,2,4,4,2
48919,2,10,0,2,0,1,1,4,3,0,4,3
48927,2,16,0,2,0,0,0,4,4,0,4,4
48928,2,5,0,2,0,3,1,1,2,4,3,2
48930,2,8,0,2,0,2,2,0,2,4,4,2
48931,2,8,0,2,0,2,2,0,2,4,4,2
48934,2,8,0,2,0,2,2,0,2,4,4,2
48935,2,10,0,2,0,1,1,4,3,0,4,3
48942,2,10,0,2,0,3,1,0,3,4,4,1
48943,2,16,0,2,0,0,0,4,4,0,4,4
48944,2,5,0,1,0,3,1,1,2,4,3,2
48945,2,5,0,1,0,3,1,1,2,4,3,2
48946,2,8,0,1,0,2,2,0,2,4,4,2
48947,2,8,0,0,0,2,2,0,2,4,4,2
48950,2,10,0,1,0,1,1,4,3,0,4,3
48951,2,10,0,0,0,1,1,4,3,0,4,3
48958,2,10,0,1,0,3,1,0,3,4,4,1
48959,2,16,0,0,0,0,0,4,4,0,4,4
48960,2,5,0,2,1,2,2,4,3,1,4,3
48964,2,8,0,2,0,2,2,0,2,4,4,2
48966,2,8,0,2,0,2,2,0,2,4,4,2
48967,2,10,0,2,0,1,1,4,3,0,4,3
48972,2,8,0,2,0,2,2,0,2,4,4,2
48974,2,10,0,2,0,3,1,0,3,4,4,1
48975,2,16,0,2,0,0,0,4,4,0,4,4
48976,2,9,0,2,0,1,0,4,3,1,3,4
48977,2,9,0,2,0,1,0,4,3,1,3,4
48980,2,10,0,2,0,1,1,4,3,0,4,3
48981,2,10,0,2,0,1,1,4,3,0,4,3
48988,2,10,0,2,0,1,1,4,3,0,4,3
48989,2,16,0,2,0,0,0,4,4,0,4,4
48992,2,5,0,2,1,2,2,4,3,1,4,3
48994,2,8,0,2,0,2,2,0,2,4,4,2
48995,2,9,0,2,0,1,0,4,3,1,3,4
48996,2,8,0,2,0,2,2,0,2,4,4,2
48998,2,8,0,2,0,2,2,0,2,4,4,2
48999,2,10,0,2,0,1,1,4,3,0,4,3
49004,2,9,0,2,1,1,1,4,4,1,4,4
49006,2,10,0,2,0,3,1,0,3,4,4,1
49007,2,16,0,2,0,0,0,4,4,0,4,4
49008,2,9,0,1,0,1,0,4,3,1,3,4
49009,2,9,0,1,0,1,0,4,3,1,3,4
49010,2,9,0,1,0,1,0,4,3,1,3,4
49011,2,9,0,0,0,1,0,4,3,1,3,4
49012,2,10,0,1,0,1,1,4,3,0,4,3
49013,2,10,0,1,0,1,1,4,3,0,4,3
49014,2,10,0,1,0,1,1,4,3,0,4,3
49015,3,10,0,0,0,1,1,4,3,0,4,3
49020,2,10,0,1,0,1,1,4,3,0,4,3
49021,2,16,0,1,0,0,0,4,4,0,4,4
49022,2,10,0,1,0,3,1,0,3,4,4,1
49023,3,16,0,0,0,0,0,4,4,0,4,4
49024,2,5,0,2,1,2,2,4,3,1,4,3
49032,2,5,0,2,1,2,2,4,3,1,4,3
49036,2,8,0,2,0,2,2,0,2,4,4,2
49038,2,10,0,2,0,3,1,0,3,4,4,1
49039,2,16,0,2,0,0,0,4,4,0,4,4
49040,2,9,0,2,1,1,1,4,4,1,4,4
49041,2,10,0,2,0,3,1,0,3,4,4,1
49043,2,10,0,2,0,3,1,0,3,4,4,1
49048,2,10,0,2,0,1,1,4,3,0,4,3
49049,2,16,0,2,0,0,0,4,4,0,4,4
49051,2,16,0,2,0,0,0,4,4,0,4,4
49052,2,10,0,2,0,1,1,4,3,0,4,3
49053,2,16,0,2,0,0,0,4,4,0,4,4
49056,2,9,0,2,1,1,1,4,4,1,4,4
49058,2,10,0,2,0,3,1,0,3,4,4,1
49059,2,10,0,2,0,3,1,0,3,4,4,1
49064,2,9,0,2,1,1,1,4,4,1,4,4
49066,2,10,0,2,0,3,1,0,3,4,4,1
49067,2,16,0,2,0,0,0,4,4,0,4,4
49072,2,9,0,1,1,1,1,4,4,1,4,4
49073,2,10,0,1,0,3,1,0,3,4,4,1
49074,2,10,0,1,0,3,1,0,3,4,4,1
49075,2,10,0,0,0,3,1,0,3,4,4,1
49080,2,10,0,1,0,1,1,4,3,0,4,3
49081,2,16,0,1,0,0,0,4,4,0,4,4
49082,2,10,0,1,0,3,1,0,3,4,4,1
49083,2,16,0,0,0,0,0,4,4,0,4,4
49088,2,5,0,2,1,2,2,4,3,1,4,3
49092,2,8,0,2,0,2,2,0,2,4,4,2
49094,2,10,0,2,0,3,1,0,3,4,4,1
49095,2,10,0,2,0,3,1,0,3,4,4,1
49096,2,5,0,2,1,2,2,4,3,1,4,3
49100,2,8,0,2,0,2,2,0,2,4,4,2
49102,2,10,0,2,0,3,1,0,3,4,4,1
49103,2,16,0,2,0,0,0,4,4,0,4,4
49104,2,9,0,2,1,1,1,4,4,1,4,4
49105,2,10,0,2,0,3,1,0,3,4,4,1
49108,2,10,0,2,0,1,1,4,3,0,4,3
49109,2,10,0,2,0,3,1,0,3,4,4,1
49112,2,10,0,2,0,1,1,4,3,0,4,3
49113,2,16,0,2,0,0,0,4,4,0,4,4
49116,2,10,0,2,0,1,1,4,3,0,4,3
49117,2,16,0,2,0,0,0,4,4,0,4,4
49120,2,9,0,2,1,1,1,4,4,1,4,4
49122,2,10,0,2,0,3,1,0,3,4,4,1
49123,2,10,0,2,0,3,1,0,3,4,4,1
49124,2,9,0,2,1,1,1,4,4,1,4,4
49126,2,10,0,2,0,3,1,0,3,4,4,1
49127,2,10,0,2,0,3,1,0,3,4,4,1
49128,2,9,0,2,1,1,1,4,4,1,4,4
49130,2,10,0,2,0,3,1,0,3,4,4,1
49131,2,16,0,2,0,0,0,4,4,0,4,4
49132,2,9,0,2,1,1,1,4,4,1,4,4
49134,3,10,1,0,0,3,1,0,3,4,4,1
49135,3,16,1,0,0,0,0,4,4,0,4,4
49136,2,9,0,1,1,1,1,4,4,1,4,4
49137,2,10,0,1,0,3,1,0,3,4,4,1
49138,2,10,0,1,0,3,1,0,3,4,4,1
49139,2,10,0,0,0,3,1,0,3,4,4,1
49140,2,10,0,1,0,1,1,4,3,0,4,3
49141,2,10,0,1,0,3,1,0,3,4,4,1
49142,2,10,0,1,0,3,1,0,3,4,4,1
49143,3,10,0,0,0,3,1,0,3,4,4,1
49144,2,10,0,1,0,1,1,4,3,0,4,3
49145,2,16,0,1,0,0,0,4,4,0,4,4
49146,2,10,0,1,0,3,1,0,3,4,4,1
49147,2,16,0,0,0,0,0,4,4,0,4,4
49148,2,10,0,1,0,1,1,4,3,0,4,3
49149,2,16,0,1,0,0,0,4,4,0,4,4
49150,3,10,1,0,0,3,1,0,3,4,4,1
49151,3,16,0,0,0,0,0,4,4,0,4,4
49152,1,1,2,3,3,3,3,4,4,3,4,4
50176,1,2,2,2,2,3,3,2,3,4,4,3
50240,1,2,2,1,2,3,3,2,3,4,4,3
50244,1,2,2,0,2,3,3,2,3,4,4,3
50246,1,2,1,0,2,3,3,2,3,4,4,3
50247,1,2,0,0,2,3,3,2,3,4,4,3
50252,1,4,2,0,2,1,2,3,4,1,4,3
50254,1,4,1,0,2,1,2,3,4,1,4,3
50255,1,4,0,0,2,1,2,3,4,1,4,3
50263,1,5,0,0,1,2,2,4,3,1,4,3
50271,1,5,0,0,1,2,2,4,3,1,4,3
50272,1,5,1,1,1,2,2,4,3,1,4,3
50274,1,5,1,0,1,2,2,4,3,1,4,3
50275,1,5,0,0,1,2,2,4,3,1,4,3
50276,1,5,1,1,1,2,2,4,3,1,4,3
50278,2,5,1,0,1,2,2,4,3,1,4,3
50279,2,5,1,0,1,2,2,4,3,1,4,3
50284,1,5,1,1,1,2,2,4,3,1,4,3
50286,2,5,1,0,1,2,2,4,3,1,4,3
50287,2,5,1,0,1,2,2,4,3,1,4,3
50288,1,5,0,1,1,2,2,4,3,1,4,3
50289,1,5,0,0,1,2,2,4,3,1,4,3
50290,1,5,0,1,1,2,2,4,3,1,4,3
50291,2,5,0,0,1,2,2,4,3,1,4,3
50292,1,5,0,1,1,2,2,4,3,1,4,3
50293,1,5,0,0,1,2,2,4,3,1,4,3
50294,2,5,1,0,1,2,2,4,3,1,4,3
50295,2,5,0,0,1,2,2,4,3,1,4,3
50300,1,5,0,1,1,2,2,4,3,1,4,3
50301,1,5,0,0,1,2,2,4,3,1,4,3
50302,2,5,1,0,1,2,2,4,3,1,4,3
50303,2,5,0,0,1,2,2,4,3,1,4,3
50368,1,4,2,1,2,2,2,4,4,2,4,4
50372,1,4,2,0,2,2,2,4,4,2,4,4
50374,1,5,1,0,1,1,2,3,3,0,4,2
50375,1,5,0,0,1,1,2,3,3,0,4,2
50376,1,4,2,1,2,2,2,4,4,2,4,4
50380,2,4,2,0,2,2,2,4,4,2,4,4
50382,2,5,2,0,1,1,2,3,3,0,4,2
50383,2,5,2,0,1,1,2,3,3,0,4,2
50391,1,8,0,0,0,2,2,0,2,4,4,2
50399,2,8,2,0,0,2,2,0,2,4,4,2
50400,1,5,1,1,1,2,2,4,3,1,4,3
50402,1,5,1,0,1,2,2,4,3,1,4,3
50403,1,5,0,0,1,2,2,4,3,1,4,3
50404,1,5,1,1,1,2,2,4,3,1,4,3
50406,2,5,1,0,1,2,2,4,3,1,4,3
50407,2,5,1,0,1,2,2,4,3,1,4,3
50408,1,5,1,1,1,2,2,4,3,1,4,3
50410,1,5,1,0,1,2,2,4,3,1,4,3
50411,1,5,0,0,1,2,2,4,3,1,4,3
50412,2,5,2,0,1,2,2,0,3,3,4,1
50414,2,5,1,0,1,2,2,0,3,3,4,1
50415,2,5,1,0,1,2,2,0,3,3,4,1
50416,1,5,0,1,1,2,2,4,3,1,4,3
50417,1,5,0,0,1,2,2,4,3,1,4,3
50418,1,8,0,1,0,2,2,0,2,4,4,2
50419,2,8,0,0,0,2,2,0,2,4,4,2
50420,1,8,0,1,0,2,2,0,2,4,4,2
50421,1,8,0,0,0,2,2,0,2,4,4,2
50422,2,8,1,0,0,2,2,0,2,4,4,2
50423,2,8,0,0,0,2,2,0,2,4,4,2
50424,1,5,0,1,1,2,2,4,3,1,4,3
50425,1,5,0,0,1,2,2,4,3,1,4,3
50426,1,8,0,1,0,2,2,0,2,4,4,2
50427,2,8,0,0,0,2,2,0,2,4,4,2
50428,2,8,2,0,0,2,2,0,2,4,4,2
50429,2,8,2,0,0,2,2,0,2,4,4,2
50430,2,8,1,0,0,2,2,0,2,4,4,2
50431,2,8,0,0,0,2,2,0,2,4,4,2
50519,1,9,0,0,0,0,0,3,3,0,3,3
50527,1,10,0,0,0,3,1,0,3,4,4,1
50544,1,5,0,1,1,2,2,4,3,1,4,3
50545,1,5,0,0,1,2,2,4,3,1,4,3
50546,1,5,0,1,1,2,2,4,3,1,4,3
50547,2,5,0,0,1,2,2,4,3,1,4,3
50548,1,5,0,1,1,2,2,4,3,1,4,3
50549,1,9,0,0,0,0,0,3,3,0,3,3
50550,2,5,1,0,1,2,2,4,3,1,4,3
50551,2,9,0,0,0,0,0,3,3,0,3,3
50556,1,5,0,1,1,2,2,4,3,1,4,3
50557,1,10,0,0,0,3,1,0,3,4,4,1
50558,2,10,1,0,0,3,1,0,3,4,4,1
50559,2,10,0,0,0,3,1,0,3,4,4,1
50647,1,10,0,0,0,3,1,0,3,4,4,1
50655,2,10,2,0,0,3,1,0,3,4,4,1
50672,1,5,0,1,1,3,2,1,3,4,4,2
50673,1,10,0,0,0,3,1,0,3,4,4,1
50674,1,10,0,1,0,3,1,0,3,4,4,1
50675,2,10,0,0,0,3,1,0,3,4,4,1
50676,1,8,0,1,0,2,2,0,2,4,4,2
50677,1,10,0,0,0,3,1,0,3,4,4,1
50678,2,10,1,0,0,3,1,0,3,4,4,1
50679,2,10,0,0,0,3,1,0,3,4,4,1
50680,1,5,0,1,1,3,2,1,3,4,4,2
50681,1,10,0,0,0,3,1,0,3,4,4,1
50682,1,10,0,1,0,3,1,0,3,4,4,1
50683,2,10,0,0,0,3,1,0,3,4,4,1
50684,2,8,2,0,0,2,2,0,2,4,4,2
50685,2,10,2,0,0,3,1,0,3,4,4,1
50686,2,10,1,0,0,3,1,0,3,4,4,1
50687,2,10,0,0,0,3,1,0,3,4,4,1
50688,1,2,1,2,2,3,3,2,3,4,4,3
50720,1,2,1,1,2,3,3,2,3,4,4,3
50722,1,2,1,0,2,3,3,2,3,4,4,3
50723,1,5,0,0,0,1,1,3,2,0,3,2
50726,1,5,1,0,1,2,2,4,3,1,4,3
50727,1,5,0,0,1,2,2,4,3,1,4,3
50734,1,9,1,0,1,0,1,3,4,0,4,3
50735,1,9,0,0,1,0,1,3,4,0,4,3
50736,1,2,0,1,2,3,3,2,3,4,4,3
50737,1,2,0,0,2,3,3,2,3,4,4,3
50738,1,5,0,1,0,1,1,3,2,0,3,2
50739,2,5,0,0,0,1,1,3,2,0,3,2
50742,1,5,0,1,1,2,2,4,3,1,4,3
50743,2,5,0,0,1,2,2,4,3,1,4,3
50750,1,9,0,1,1,0,1,3,4,0,4,3
50751,2,9,0,0,1,0,1,3,4,0,4,3
50752,1,5,1,2,1,2,2,4,3,1,4,3
50756,1,5,1,2,1,2,2,4,3,1,4,3
50758,1,5,1,0,1,2,2,4,3,1,4,3
50759,1,5,0,0,1,2,2,4,3,1,4,3
50764,1,5,1,2,1,2,2,4,3,1,4,3
50766,1,9,1,0,1,0,1,3,4,0,4,3
50767,1,9,0,0,1,0,1,3,4,0,4,3
50784,2,5,1,1,1,2,2,4,3,1,4,3
50786,2,5,1,1,1,2,2,4,3,1,4,3
50787,2,5,1,1,1,2,2,4,3,1,4,3
50788,2,5,1,1,1,2,2,4,3,1,4,3
50790,2,5,1,0,1,2,2,4,3,1,4,3
50791,2,5,1,0,1,2,2,4,3,1,4,3
50796,2,5,1,1,1,2,2,4,3,1,4,3
50798,2,9,1,0,1,0,1,3,4,0,4,3
50799,2,9,1,0,1,0,1,3,4,0,4,3
50800,2,5,1,1,1,2,2,4,3,1,4,3
50801,2,5,1,1,1,2,2,4,3,1,4,3
50802,2,5,1,1,1,2,2,4,3,1,4,3
50803,2,5,0,0,1,2,2,4,3,1,4,3
50804,2,5,1,1,1,2,2,4,3,1,4,3
50805,2,5,1,1,1,2,2,4,3,1,4,3
50806,2,5,1,0,1,2,2,4,3,1,4,3
50807,2,5,0,0,1,2,2,4,3,1,4,3
50812,2,5,1,1,1,2,2,4,3,1,4,3
50813,2,9,1,1,1,0,1,3,4,0,4,3
50814,2,9,1,0,1,0,1,3,4,0,4,3
50815,2,9,0,0,1,0,1,3,4,0,4,3
50880,1,5,1,2,1,3,2,1,3,4,4,2
50884,1,5,1,2,1,3,2,1,3,4,4,2
50886,1,5,1,0,1,3,2,1,3,4,4,2
50887,1,5,0,0,1,3,2,1,3,4,4,2
50888,1,5,1,2,1,3,2,1,3,4,4,2
50892,2,5,2,0,1,3,2,1,3,4,4,2
50894,2,9,2,0,1,0,1,3,4,0,4,3
50895,2,9,2,0,1,0,1,3,4,0,4,3
50912,2,5,1,1,1,3,2,1,3,4,4,2
50914,2,5,1,1,1,3,2,1,3,4,4,2
50915,2,5,1,1,1,3,2,1,3,4,4,2
50916,2,5,1,1,1,3,2,1,3,4,4,2
50918,2,5,1,0,1,2,2,4,3,1,4,3
50919,2,5,1,0,1,2,2,4,3,1,4,3
50920,2,5,1,1,1,3,2,1,3,4,4,2
50922,2,9,1,1,1,0,1,3,4,0,4,3
50923,2,9,1,1,1,0,1,3,4,0,4,3
50924,2,5,1,1,1,3,2,1,3,4,4,2
50926,2,9,1,0,1,0,1,3,4,0,4,3
50927,2,9,1,0,1,0,1,3,4,0,4,3
50928,2,5,1,1,1,3,2,1,3,4,4,2
50929,2,5,1,1,1,3,2,1,3,4,4,2
50930,2,8,1,1,0,2,2,0,2,4,4,2
50931,2,8,0,0,0,2,2,0,2,4,4,2
50932,2,8,1,1,0,2,2,0,2,4,4,2
50933,2,8,1,1,0,2,2,0,2,4,4,2
50934,2,8,1,0,0,2,2,0,2,4,4,2
50935,2,8,0,0,0,2,2,0,2,4,4,2
50936,2,5,1,1,1,3,2,1,3,4,4,2
50937,2,9,1,1,1,0,1,3,4,0,4,3
50938,2,9,1,1,1,0,1,3,4,0,4,3
50939,2,9,0,0,1,0,1,3,4,0,4,3
50940,2,8,1,1,0,2,2,0,2,4,4,2
50941,2,9,1,1,1,0,1,3,4,0,4,3
50942,2,9,1,0,1,0,1,3,4,0,4,3
50943,2,9,0,0,1,0,1,3,4,0,4,3
50944,1,2,0,2,2,3,3,2,3,4,4,3
50960,1,5,0,1,0,3,1,1,2,4,3,2
50961,1,5,0,0,0,3,1,1,2,4,3,2
50963,1,5,0,0,0,3,1,1,2,4,3,2
50967,1,9,0,0,0,0,0,3,3,0,3,3
50975,1,10,0,0,0,3,1,0,3,4,4,1
50976,1,5,0,2,0,3,1,1,2,4,3,2
50978,1,5,0,2,0,3,1,1,2,4,3,2
50979,1,5,0,0,0,3,1,1,2,4,3,2
50982,1,5,0,2,1,2,2,4,3,1,4,3
50983,1,9,0,0,0,0,0,3,3,0,3,3
50990,1,10,0,2,0,3,1,0,3,4,4,1
50991,1,10,0,0,0,3,1,0,3,4,4,1
50992,2,5,0,1,0,3,1,1,2,4,3,2
50993,2,5,0,1,0,3,1,1,2,4,3,2
50994,2,5,0,1,0,3,1,1,2,4,3,2
50995,2,5,0,0,0,1,1,3,2,0,3,2
50998,2,5,0,1,0,3,1,1,2,4,3,2
50999,2,9,0,0,0,0,0,3,3,0,3,3
51006,2,10,0,1,0,3,1,0,3,4,4,1
51007,2,10,0,0,0,3,1,0,3,4,4,1
51008,1,5,0,2,1,2,2,4,3,1,4,3
51012,1,5,0,2,1,2,2,4,3,1,4,3
51014,1,5,0,2,1,2,2,4,3,1,4,3
51015,1,9,0,0,0,0,0,3,3,0,3,3
51020,1,5,0,2,1,2,2,4,3,1,4,3
51022,1,10,0,2,0,3,1,0,3,4,4,1
51023,1,10,0,0,0,3,1,0,3,4,4,1
51024,1,5,0,1,1,2,2,4,3,1,4,3
51025,1,5,0,0,1,2,2,4,3,1,4,3
51028,1,5,0,1,1,2,2,4,3,1,4,3
51029,1,9,0,0,0,0,0,3,3,0,3,3
51036,1,5,0,1,1,2,2,4,3,1,4,3
51037,1,10,0,0,0,3,1,0,3,4,4,1
51040,2,5,1,1,1,2,2,4,3,1,4,3
51042,2,5,1,1,1,2,2,4,3,1,4,3
51043,2,5,1,1,1,2,2,4,3,1,4,3
51044,2,5,1,1,1,2,2,4,3,1,4,3
51046,2,5,1,0,1,2,2,4,3,1,4,3
51047,2,9,1,0,0,0,0,3,3,0,3,3
51052,2,5,1,1,1,2,2,4,3,1,4,3
51054,2,10,1,0,0,3,1,0,3,4,4,1
51055,2,10,1,0,0,3,1,0,3,4,4,1
51056,2,5,0,1,0,3,1,1,2,4,3,2
51057,2,5,0,1,0,3,1,1,2,4,3,2
51058,2,5,0,1,0,3,1,1,2,4,3,2
51059,2,5,0,0,0,2,1,0,2,3,3,1
51060,2,5,0,1,0,3,1,1,2,4,3,2
51061,2,9,0,1,0,0,0,3,3,0,3,3
51062,2,5,0,1,0,3,1,1,2,4,3,2
51063,3,9,0,0,0,0,0,3,3,0,3,3
51068,2,5,0,1,0,3,1,1,2,4,3,2
51069,2,10,0,1,0,3,1,0,3,4,4,1
51070,2,10,0,1,0,3,1,0,3,4,4,1
51071,3,10,0,0,0,3,1,0,3,4,4,1
51136,1,5,0,2,1,3,2,1,3,4,4,2
51140,1,8,0,2,0,2,2,0,2,4,4,2
51142,1,10,0,2,0,3,1,0,3,4,4,1
51143,1,10,0,0,0,3,1,0,3,4,4,1
51144,1,5,0,2,1,3,2,1,3,4,4,2
51148,2,8,2,0,0,2,2,0,2,4,4,2
51150,2,10,2,0,0,3,1,0,3,4,4,1
51151,2,10,2,0,0,3,1,0,3,4,4,1
51152,1,5,0,1,1,3,2,1,3,4,4,2
51153,1,10,0,0,0,3,1,0,3,4,4,1
51156,1,8,0,1,0,2,2,0,2,4,4,2
51157,1,10,0,0,0,3,1,0,3,4,4,1
51160,1,5,0,1,1,3,2,1,3,4,4,2
51161,1,10,0,0,0,3,1,0,3,4,4,1
51164,2,8,2,0,0,2,2,0,2,4,4,2
51165,2,10,2,0,0,3,1,0,3,4,4,1
51168,2,5,1,1,1,3,2,1,3,4,4,2
51170,2,10,1,1,0,3,1,0,3,4,4,1
51171,2,10,1,1,0,3,1,0,3,4,4,1
51172,2,8,1,1,0,2,2,0,2,4,4,2
51174,2,10,1,0,0,3,1,0,3,4,4,1
51175,2,10,1,0,0,3,1,0,3,4,4,1
51176,2,5,1,1,1,3,2,1,3,4,4,2
51178,2,10,1,1,0,3,1,0,3,4,4,1
51179,2,10,1,1,0,3,1,0,3,4,4,1
51180,2,8,1,1,0,2,2,0,2,4,4,2
51182,2,10,1,0,0,3,1,0,3,4,4,1
51183,2,10,1,0,0,3,1,0,3,4,4,1
51184,2,5,0,1,1,3,2,1,3,4,4,2
51185,2,10,0,1,0,3,1,0,3,4,4,1
51186,2,10,0,1,0,3,1,0,3,4,4,1
51187,2,10,0,0,0,3,1,0,3,4,4,1
51188,2,8,0,1,0,2,2,0,2,4,4,2
51189,2,10,0,1,0,3,1,0,3,4,4,1
51190,2,10,0,1,0,3,1,0,3,4,4,1
51191,3,10,0,0,0,3,1,0,3,4,4,1
51192,2,5,0,1,1,3,2,1,3,4,4,2
51193,2,10,0,1,0,3,1,0,3,4,4,1
51194,2,10,0,1,0,3,1,0,3,4,4,1
51195,2,10,0,0,0,3,1,0,3,4,4,1
51196,2,8,0,1,0,2,2,0,2,4,4,2
51197,2,10,0,1,0,3,1,0,3,4,4,1
51198,2,10,0,1,0,3,1,0,3,4,4,1
51199,3,10,0,0,0,3,1,0,3,4,4,1
51200,1,2,2,3,2,3,3,2,3,4,4,3
51328,1,2,2,3,2,3,3,2,3,4,4,3
51336,1,2,2,3,2,3,3,2,3,4,4,3
51340,1,4,2,0,2,1,2,3,4,1,4,3
51342,1,5,1,0,1,1,2,3,3,0,4,2
51343,1,5,0,0,1,1,2,3,3,0,4,2
51359,1,8,0,0,0,2,2,0,2,4,4,2
51374,1,5,1,0,1,2,2,4,3,1,4,3
51375,1,5,0,0,1,2,2,4,3,1,4,3
51390,1,8,0,1,0,2,2,0,2,4,4,2
51391,2,8,0,0,0,2,2,0,2,4,4,2
51392,1,4,2,1,2,2,2,4,4,2,4,4
51396,1,4,2,0,2,2,2,4,4,2,4,4
51398,1,5,1,0,1,1,2,3,3,0,4,2
51399,1,5,0,0,1,1,2,3,3,0,4,2
51400,1,4,2,1,2,2,2,4,4,2,4,4
51404,2,4,2,0,2,2,2,4,4,2,4,4
51406,2,5,2,0,1,1,2,3,3,0,4,2
51407,2,5,2,0,1,1,2,3,3,0,4,2
51415,1,8,0,0,0,2,2,0,2,4,4,2
51423,2,8,2,0,0,2,2,0,2,4,4,2
51424,1,5,1,1,1,2,2,4,3,1,4,3
51426,1,5,1,0,1,2,2,4,3,1,4,3
51427,1,5,0,0,1,2,2,4,3,1,4,3
51428,1,5,1,1,1,2,2,4,3,1,4,3
51430,2,5,1,0,1,2,2,4,3,1,4,3
51431,2,5,1,0,1,2,2,4,3,1,4,3
51432,1,5,1,1,1,2,2,4,3,1,4,3
51434,1,5,1,0,1,2,2,4,3,1,4,3
51435,1,5,0,0,1,2,2,4,3,1,4,3
51436,2,5,2,0,1,2,2,0,3,3,4,1
51438,2,5,1,0,1,2,2,0,3,3,4,1
51439,2,5,1,0,1,2,2,0,3,3,4,1
51440,1,5,0,1,1,2,2,4,3,1,4,3
51441,1,5,0,0,1,2,2,4,3,1,4,3
51442,1,8,0,1,0,2,2,0,2,4,4,2
51443,2,8,0,0,0,2,2,0,2,4,4,2
51444,1,8,0,1,0,2,2,0,2,4,4,2
51445,1,8,0,0,0,2,2,0,2,4,4,2
51446,2,8,1,0,0,2,2,0,2,4,4,2
51447,2,8,0,0,0,2,2,0,2,4,4,2
51448,1,5,0,1,1,2,2,4,3,1,4,3
51449,1,5,0,0,1,2,2,4,3,1,4,3
51450,1,8,0,1,0,2,2,0,2,4,4,2
51451,2,8,0,0,0,2,2,0,2,4,4,2
51452,2,8,2,0,0,2,2,0,2,4,4,2
51453,2,8,2,0,0,2,2,0,2,4,4,2
51454,2,8,1,0,0,2,2,0,2,4,4,2
51455,2,8,0,0,0,2,2,0,2,4,4,2
51615,1,10,0,0,0,3,1,0,3,4,4,1
51646,1,10,0,1,0,3,1,0,3,4,4,1
51647,2,10,0,0,0,3,1,0,3,4,4,1
51671,1,10,0,0,0,3,1,0,3,4,4,1
51679,2,10,2,0,0,3,1,0,3,4,4,1
51696,1,5,0,1,1,3,2,1,3,4,4,2
51697,1,10,0,0,0,3,1,0,3,4,4,1
51698,1,10,0,1,0,3,1,0,3,4,4,1
51699,2,10,0,0,0,3,1,0,3,4,4,1
51700,1,8,0,1,0,2,2,0,2,4,4,2
51701,1,10,0,0,0,3,1,0,3,4,4,1
51702,2,10,1,0,0,3,1,0,3,4,4,1
51703,2,10,0,0,0,3,1,0,3,4,4,1
51704,1,5,0,1,1,3,2,1,3,4,4,2
51705,1,10,0,0,0,3,1,0,3,4,4,1
51706,1,10,0,1,0,3,1,0,3,4,4,1
51707,2,10,0,0,0,3,1,0,3,4,4,1
51708,2,8,2,0,0,2,2,0,2,4,4,2
51709,2,10,2,0,0,3,1,0,3,4,4,1
51710,2,10,1,0,0,3,1,0,3,4,4,1
51711,2,10,0,0,0,3,1,0,3,4,4,1
52224,2,4,2,2,2,2,2,4,4,2,4,4
52288,2,4,2,2,2,2,2,4,4,2,4,4
52292,2,4,2,2,2,2,2,4,4,2,4,4
52294,2,5,2,2,1,1,2,3,3,0,4,2
52295,2,5,2,2,1,1,2,3,3,0,4,2
52300,2,4,2,2,2,2,2,4,4,2,4,4
52302,2,5,2,2,1,1,2,3,3,0,4,2
52303,2,5,2,2,1,1,2,3,3,0,4,2
52311,2,8,2,2,0,2,2,0,2,4,4,2
52319,2,8,2,2,0,2,2,0,2,4,4,2
52320,2,5,2,2,1,2,2,4,3,1,4,3
52322,2,5,2,2,1,2,2,4,3,1,4,3
52323,2,5,2,2,1,2,2,4,3,1,4,3
52324,2,5,2,2,1,2,2,4,3,1,4,3
52326,2,5,1,0,1,2,2,4,3,1,4,3
52327,2,5,1,0,1,2,2,4,3,1,4,3
52332,2,5,2,2,1,2,2,4,3,1,4,3
52334,2,5,1,0,1,2,2,4,3,1,4,3
52335,2,5,1,0,1,2,2,4,3,1,4,3
52336,2,5,2,2,1,2,2,4,3,1,4,3
52337,2,5,2,2,1,2,2,4,3,1,4,3
52338,2,8,2,2,0,2,2,0,2,4,4,2
52339,2,8,0,0,0,2,2,0,2,4,4,2
52340,2,8,2,2,0,2,2,0,2,4,4,2
52341,2,8,2,2,0,2,2,0,2,4,4,2
52342,2,8,1,0,0,2,2,0,2,4,4,2
52343,2,8,0,0,0,2,2,0,2,4,4,2
52348,2,8,2,2,0,2,2,0,2,4,4,2
52349,2,8,2,2,0,2,2,0,2,4,4,2
52350,2,8,1,0,0,2,2,0,2,4,4,2
52351,2,8,0,0,0,2,2,0,2,4,4,2
52352,2,4,2,2,2,2,2,4,4,2,4,4
52360,2,4,2,2,2,2,2,4,4,2,4,4
52364,2,4,2,2,2,2,2,4,4,2,4,4
52366,2,5,2,2,1,1,2,3,3,0,4,2
52367,2,5,2,2,1,1,2,3,3,0,4,2
52383,2,8,2,2,0,2,2,0,2,4,4,2
52416,2,4,2,1,2,2,2,4,4,2,4,4
52420,2,4,2,1,2,2,2,4,4,2,4,4
52422,2,5,2,1,1,1,2,3,3,0,4,2
52423,2,5,2,1,1,1,2,3,3,0,4,2
52424,2,4,2,1,2,2,2,4,4,2,4,4
52428,2,4,2,0,2,2,2,4,4,2,4,4
52430,2,5,2,0,1,1,2,3,3,0,4,2
52431,2,5,2,0,1,1,2,3,3,0,4,2
52439,2,8,2,1,0,2,2,0,2,4,4,2
52447,2,8,2,0,0,2,2,0,2,4,4,2
52448,2,5,2,1,1,2,2,4,3,1,4,3
52450,2,5,2,1,1,2,2,4,3,1,4,3
52451,2,5,2,1,1,2,2,4,3,1,4,3
52452,2,5,2,1,1,2,2,4,3,1,4,3
52454,2,5,1,0,1,2,2,4,3,1,4,3
52455,2,5,1,0,1,2,2,4,3,1,4,3
52456,2,5,2,1,1,2,2,4,3,1,4,3
52458,2,5,2,1,1,2,2,4,3,1,4,3
52459,2,5,2,1,1,2,2,4,3,1,4,3
52460,2,5,2,0,1,1,2,3,3,0,4,2
52462,2,5,1,0,1,1,2,3,3,0,4,2
52463,2,5,1,0,1,1,2,3,3,0,4,2
52464,2,5,2,1,1,2,2,4,3,1,4,3
52465,2,5,2,1,1,2,2,4,3,1,4,3
52466,2,8,2,1,0,2,2,0,2,4,4,2
52467,2,8,0,0,0,2,2,0,2,4,4,2
52468,2,8,2,1,0,2,2,0,2,4,4,2
52469,2,8,2,1,0,2,2,0,2,4,4,2
52470,2,8,1,0,0,2,2,0,2,4,4,2
52471,2,8,0,0,0,2,2,0,2,4,4,2
52472,2,5,2,1,1,2,2,4,3,1,4,3
52473,2,5,2,1,1,2,2,4,3,1,4,3
52474,2,8,2,1,0,2,2,0,2,4,4,2
52475,2,8,0,0,0,2,2,0,2,4,4,2
52476,2,8,2,0,0,2,2,0,2,4,4,2
52477,2,8,2,0,0,2,2,0,2,4,4,2
52478,2,8,1,0,0,2,2,0,2,4,4,2
52479,2,8,0,0,0,2,2,0,2,4,4,2
52567,2,8,2,2,0,2,2,0,2,4,4,2
52575,2,10,2,2,0,3,1,0,3,4,4,1
52592,2,5,2,2,1,3,2,1,3,4,4,2
52593,2,5,2,2,1,3,2,1,3,4,4,2
52594,2,8,2,2,0,2,2,0,2,4,4,2
52595,2,8,0,0,0,2,2,0,2,4,4,2
52596,2,8,2,2,0,2,2,0,2,4,4,2
52597,2,8,2,2,0,2,2,0,2,4,4,2
52598,2,8,1,0,0,2,2,0,2,4,4,2
52599,2,8,0,0,0,2,2,0,2,4,4,2
52604,2,8,2,2,0,2,2,0,2,4,4,2
52605,2,10,2,2,0,3,1,0,3,4,4,1
52606,2,10,1,0,0,3,1,0,3,4,4,1
52607,2,10,0,0,0,3,1,0,3,4,4,1
52639,2,10,2,2,0,3,1,0,3,4,4,1
52695,2,10,2,1,0,3,1,0,3,4,4,1
52703,2,10,2,0,0,3,1,0,3,4,4,1
52720,2,5,2,1,1,3,2,1,3,4,4,2
52721,2,10,2,1,0,3,1,0,3,4,4,1
52722,2,10,2,1,0,3,1,0,3,4,4,1
52723,2,10,0,0,0,3,1,0,3,4,4,1
52724,2,8,2,1,0,2,2,0,2,4,4,2
52725,2,10,2,1,0,3,1,0,3,4,4,1
52726,2,10,1,0,0,3,1,0,3,4,4,1
52727,2,10,0,0,0,3,1,0,3,4,4,1
52728,2,5,2,1,1,3,2,1,3,4,4,2
52729,2,10,2,1,0,3,1,0,3,4,4,1
52730,2,10,2,1,0,3,1,0,3,4,4,1
52731,2,10,0,0,0,3,1,0,3,4,4,1
52732,2,8,2,0,0,2,2,0,2,4,4,2
52733,2,10,2,0,0,3,1,0,3,4,4,1
52734,2,10,1,0,0,3,1,0,3,4,4,1
52735,2,10,0,0,0,3,1,0,3,4,4,1
52736,2,4,2,2,2,2,2,4,4,2,4,4
52768,2,5,2,2,1,3,2,1,3,4,4,2
52770,2,5,2,2,1,3,2,1,3,4,4,2
52771,2,5,2,2,1,3,2,1,3,4,4,2
52774,2,5,2,2,1,3,2,1,3,4,4,2
52775,2,5,2,2,1,3,2,1,3,4,4,2
52782,2,9,2,2,1,0,1,3,4,0,4,3
52783,2,9,2,2,1,0,1,3,4,0,4,3
52784,2,5,2,2,1,3,2,1,3,4,4,2
52785,2,5,2,2,1,3,2,1,3,4,4,2
52786,2,8,2,2,0,2,2,0,2,4,4,2
52787,2,8,0,0,0,2,2,0,2,4,4,2
52790,2,8,2,2,0,2,2,0,2,4,4,2
52791,2,8,0,0,0,2,2,0,2,4,4,2
52798,2,9,2,2,1,0,1,3,4,0,4,3
52799,2,9,0,0,1,0,1,3,4,0,4,3
52800,2,5,2,2,1,3,2,1,3,4,4,2
52804,2,5,2,2,1,3,2,1,3,4,4,2
52806,2,5,2,2,1,3,2,1,3,4,4,2
52807,2,5,2,2,1,3,2,1,3,4,4,2
52812,2,5,2,2,1,3,2,1,3,4,4,2
52814,2,9,2,2,1,0,1,3,4,0,4,3
52815,2,9,2,2,1,0,1,3,4,0,4,3
52832,2,5,1,1,1,3,2,1,3,4,4,2
52834,2,5,1,1,1,3,2,1,3,4,4,2
52835,2,5,1,1,1,3,2,1,3,4,4,2
52836,2,5,1,1,1,3,2,1,3,4,4,2
52838,2,5,1,0,1,2,2,4,3,1,4,3
52839,2,5,1,0,1,2,2,4,3,1,4,3
52844,2,5,1,1,1,3,2,1,3,4,4,2
52846,2,9,1,0,1,0,1,3,4,0,4,3
52847,2,9,1,0,1,0,1,3,4,0,4,3
52848,2,5,1,1,1,3,2,1,3,4,4,2
52849,2,5,1,1,1,3,2,1,3,4,4,2
52850,2,8,1,1,0,2,2,0,2,4,4,2
52851,2,8,0,0,0,2,2,0,2,4,4,2
52852,2,8,1,1,0,2,2,0,2,4,4,2
52853,2,8,1,1,0,2,2,0,2,4,4,2
52854,2,8,1,0,0,2,2,0,2,4,4,2
52855,2,8,0,0,0,2,2,0,2,4,4,2
52860,2,8,1,1,0,2,2,0,2,4,4,2
52861,2,9,1,1,1,0,1,3,4,0,4,3
52862,2,9,1,0,1,0,1,3,4,0,4,3
52863,2,9,0,0,1,0,1,3,4,0,4,3
52864,2,5,2,2,1,2,2,4,3,1,4,3
52872,2,5,2,2,1,2,2,4,3,1,4,3
52876,2,5,2,2,1,3,2,1,3,4,4,2
52878,2,9,2,2,1,0,1,3,4,0,4,3
52879,2,9,2,2,1,0,1,3,4,0,4,3
52896,2,5,2,2,1,3,2,1,3,4,4,2
52898,2,5,2,2,1,3,2,1,3,4,4,2
52899,2,5,2,2,1,3,2,1,3,4,4,2
52904,2,5,2,2,1,3,2,1,3,4,4,2
52906,2,9,2,2,1,0,1,3,4,0,4,3
52907,2,9,2,2,1,0,1,3,4,0,4,3
52912,2,5,2,2,1,3,2,1,3,4,4,2
52913,2,5,2,2,1,3,2,1,3,4,4,2
52914,2,8,2,2,0,2,2,0,2,4,4,2
52915,2,8,0,0,0,2,2,0,2,4,4,2
52920,2,5,2,2,1,3,2,1,3,4,4,2
52921,2,9,2,2,1,0,1,3,4,0,4,3
52922,2,9,2,2,1,0,1,3,4,0,4,3
52923,2,9,0,0,1,0,1,3,4,0,4,3
52928,2,5,2,1,1,3,2,1,3,4,4,2
52932,2,5,2,1,1,3,2,1,3,4,4,2
52934,2,5,2,1,1,3,2,1,3,4,4,2
52935,2,5,2,1,1,3,2,1,3,4,4,2
52936,2,5,2,1,1,3,2,1,3,4,4,2
52940,2,5,2,0,1,3,2,1,3,4,4,2
52942,2,9,2,0,1,0,1,3,4,0,4,3
52943,2,9,2,0,1,0,1,3,4,0,4,3
52960,2,5,1,1,1,3,2,1,3,4,4,2
52962,2,5,1,1,1,3,2,1,3,4,4,2
52963,2,5,1,1,1,3,2,1,3,4,4,2
52964,2,5,1,1,1,3,2,1,3,4,4,2
52966,2,5,1,0,1,2,2,4,3,1,4,3
52967,2,5,1,0,1,2,2,4,3,1,4,3
52968,2,5,1,1,1,3,2,1,3,4,4,2
52970,2,9,1,1,1,0,1,3,4,0,4,3
52971,2,9,1,1,1,0,1,3,4,0,4,3
52972,2,5,1,1,1,3,2,1,3,4,4,2
52974,3,9,1,0,1,0,1,3,4,0,4,3
52975,3,9,1,0,1,0,1,3,4,0,4,3
52976,2,5,1,1,1,3,2,1,3,4,4,2
52977,2,5,1,1,1,3,2,1,3,4,4,2
52978,2,8,1,1,0,2,2,0,2,4,4,2
52979,2,8,0,0,0,2,2,0,2,4,4,2
52980,2,8,1,1,0,2,2,0,2,4,4,2
52981,2,8,1,1,0,2,2,0,2,4,4,2
52982,2,8,1,0,0,2,2,0,2,4,4,2
52983,2,8,0,0,0,2,2,0,2,4,4,2
52984,2,5,1,1,1,3,2,1,3,4,4,2
52985,2,9,1,1,1,0,1,3,4,0,4,3
52986,2,9,1,1,1,0,1,3,4,0,4,3
52987,2,9,0,0,1,0,1,3,4,0,4,3
52988,2,8,1,1,0,2,2,0,2,4,4,2
52989,2,9,1,1,1,0,1,3,4,0,4,3
52990,3,9,1,0,1,0,1,3,4,0,4,3
52991,3,9,1,0,1,0,1,3,4,0,4,3
52992,2,4,2,2,2,2,2,4,4,2,4,4
53008,2,5,2,2,0,3,1,1,2,4,3,2
53009,2,5,2,2,0,3,1,1,2,4,3,2
53011,2,8,2,2,0,2,2,0,2,4,4,2
53015,2,8,2,2,0,2,2,0,2,4,4,2
53023,2,10,2,2,0,3,1,0,3,4,4,1
53024,2,5,2,2,1,3,2,1,3,4,4,2
53026,2,8,2,2,0,2,2,0,2,4,4,2
53027,2,8,2,2,0,2,2,0,2,4,4,2
53030,2,8,2,2,0,2,2,0,2,4,4,2
53031,2,8,2,2,0,2,2,0,2,4,4,2
53038,2,10,2,2,0,3,1,0,3,4,4,1
53039,2,10,2,2,0,3,1,0,3,4,4,1
53040,2,5,0,1,1,3,2,1,3,4,4,2
53041,2,5,0,1,1,3,2,1,3,4,4,2
53042,2,8,0,1,0,2,2,0,2,4,4,2
53043,2,8,0,0,0,2,2,0,2,4,4,2
53046,2,8,0,1,0,2,2,0,2,4,4,2
53047,2,8,0,0,0,2,2,0,2,4,4,2
53054,2,10,0,1,0,3,1,0,3,4,4,1
53055,2,10,0,0,0,3,1,0,3,4,4,1
53056,2,5,2,2,1,3,2,1,3,4,4,2
53060,2,8,2,2,0,2,2,0,2,4,4,2
53062,2,8,2,2,0,2,2,0,2,4,4,2
53063,2,8,2,2,0,2,2,0,2,4,4,2
53068,2,8,2,2,0,2,2,0,2,4,4,2
53070,2,10,2,2,0,3,1,0,3,4,4,1
53071,2,10,2,2,0,3,1,0,3,4,4,1
53072,2,5,2,2,1,3,2,1,3,4,4,2
53073,2,5,2,2,1,3,2,1,3,4,4,2
53076,2,8,2,2,0,2,2,0,2,4,4,2
53077,2,8,2,2,0,2,2,0,2,4,4,2
53084,2,8,2,2,0,2,2,0,2,4,4,2
53085,2,10,2,2,0,3,1,0,3,4,4,1
53088,2,5,1,1,1,3,2,1,3,4,4,2
53090,2,8,1,1,0,2,2,0,2,4,4,2
53091,2,8,1,1,0,2,2,0,2,4,4,2
53092,2,8,1,1,0,2,2,0,2,4,4,2
53094,2,8,1,0,0,2,2,0,2,4,4,2
53095,2,8,1,0,0,2,2,0,2,4,4,2
53100,2,8,1,1,0,2,2,0,2,4,4,2
53102,2,10,1,0,0,3,1,0,3,4,4,1
53103,2,10,1,0,0,3,1,0,3,4,4,1
53104,2,5,0,1,1,3,2,1,3,4,4,2
53105,2,5,0,1,1,3,2,1,3,4,4,2
53106,2,8,0,1,0,2,2,0,2,4,4,2
53107,2,8,0,0,0,2,2,0,2,4,4,2
53108,2,8,0,1,0,2,2,0,2,4,4,2
53109,2,8,0,1,0,2,2,0,2,4,4,2
53110,2,8,0,1,0,2,2,0,2,4,4,2
53111,3,8,0,0,0,2,2,0,2,4,4,2
53116,2,8,0,1,0,2,2,0,2,4,4,2
53117,2,10,0,1,0,3,1,0,3,4,4,1
53118,2,10,0,1,0,3,1,0,3,4,4,1
53119,3,10,0,0,0,3,1,0,3,4,4,1
53120,2,5,2,2,1,2,2,4,3,1,4,3
53128,2,5,2,2,1,2,2,4,3,1,4,3
53132,2,8,2,2,0,2,2,0,2,4,4,2
53134,2,10,2,2,0,3,1,0,3,4,4,1
53135,2,10,2,2,0,3,1,0,3,4,4,1
53136,2,5,2,2,1,2,2,4,3,1,4,3
53137,2,10,2,2,0,3,1,0,3,4,4,1
53139,2,10,2,2,0,3,1,0,3,4,4,1
53144,2,5,2,2,1,2,2,4,3,1,4,3
53145,2,10,2,2,0,3,1,0,3,4,4,1
53147,2,10,2,2,0,3,1,0,3,4,4,1
53148,2,8,2,2,0,2,2,0,2,4,4,2
53149,2,10,2,2,0,3,1,0,3,4,4,1
53152,2,5,2,2,1,3,2,1,3,4,4,2
53154,2,10,2,2,0,3,1,0,3,4,4,1
53155,2,10,2,2,0,3,1,0,3,4,4,1
53160,2,5,2,2,1,3,2,1,3,4,4,2
53162,2,10,2,2,0,3,1,0,3,4,4,1
53163,2,10,2,2,0,3,1,0,3,4,4,1
53168,2,5,0,1,1,3,2,1,3,4,4,2
53169,2,10,0,1,0,3,1,0,3,4,4,1
53170,2,10,0,1,0,3,1,0,3,4,4,1
53171,2,10,0,0,0,3,1,0,3,4,4,1
53176,2,5,0,1,1,3,2,1,3,4,4,2
53177,2,10,0,1,0,3,1,0,3,4,4,1
53178,2,10,0,1,0,3,1,0,3,4,4,1
53179,2,10,0,0,0,3,1,0,3,4,4,1
53184,2,5,2,1,1,3,2,1,3,4,4,2
53188,2,8,2,1,0,2,2,0,2,4,4,2
53190,2,10,2,1,0,3,1,0,3,4,4,1
53191,2,10,2,1,0,3,1,0,3,4,4,1
53192,2,5,2,1,1,3,2,1,3,4,4,2
53196,2,8,2,0,0,2,2,0,2,4,4,2
53198,2,10,2,0,0,3,1,0,3,4,4,1
53199,2,10,2,0,0,3,1,0,3,4,4,1
53200,2,5,2,1,1,3,2,1,3,4,4,2
53201,2,10,2,1,0,3,1,0,3,4,4,1
53204,2,8,2,1,0,2,2,0,2,4,4,2
53205,2,10,2,1,0,3,1,0,3,4,4,1
53208,2,5,2,1,1,3,2,1,3,4,4,2
53209,2,10,2,1,0,3,1,0,3,4,4,1
53212,2,8,2,0,0,2,2,0,2,4,4,2
53213,2,10,2,0,0,3,1,0,3,4,4,1
53216,2,5,1,1,1,3,2,1,3,4,4,2
53218,2,10,1,1,0,3,1,0,3,4,4,1
53219,2,10,1,1,0,3,1,0,3,4,4,1
53220,2,8,1,1,0,2,2,0,2,4,4,2
53222,2,10,1,0,0,3,1,0,3,4,4,1
53223,2,10,1,0,0,3,1,0,3,4,4,1
53224,2,5,1,1,1,3,2,1,3,4,4,2
53226,2,10,1,1,0,3,1,0,3,4,4,1
53227,2,10,1,1,0,3,1,0,3,4,4,1
53228,2,8,1,1,0,2,2,0,2,4,4,2
53230,3,10,1,0,0,3,1,0,3,4,4,1
53231,3,10,1,0,0,3,1,0,3,4,4,1
53232,2,5,0,1,1,3,2,1,3,4,4,2
53233,2,10,0,1,0,3,1,0,3,4,4,1
53234,2,10,0,1,0,3,1,0,3,4,4,1
53235,2,10,0,0,0,3,1,0,3,4,4,1
53236,2,8,0,1,0,2,2,0,2,4,4,2
53237,2,10,0,1,0,3,1,0,3,4,4,1
53238,2,10,0,1,0,3,1,0,3,4,4,1
53239,3,10,0,0,0,3,1,0,3,4,4,1
53240,2,5,0,1,1,3,2,1,3,4,4,2
53241,2,10,0,1,0,3,1,0,3,4,4,1
53242,2,10,0,1,0,3,1,0,3,4,4,1
53243,2,10,0,0,0,3,1,0,3,4,4,1
53244,2,8,0,1,0,2,2,0,2,4,4,2
53245,2,10,0,1,0,3,1,0,3,4,4,1
53246,3,10,1,0,0,3,1,0,3,4,4,1
53247,3,10,0,0,0,3,1,0,3,4,4,1
54615,1,10,0,0,0,1,1,4,3,0,4,3
54623,1,16,0,0,0,0,0,4,4,0,4,4
54640,1,9,0,1,0,1,0,4,3,1,3,4
54641,1,9,0,0,0,1,0,4,3,1,3,4
54642,1,9,0,1,0,1,0,4,3,1,3,4
54643,2,9,0,0,0,1,0,4,3,1,3,4
54644,1,10,0,1,0,1,1,4,3,0,4,3
54645,1,10,0,0,0,1,1,4,3,0,4,3
54646,2,10,1,0,0,1,1,4,3,0,4,3
54647,2,10,0,0,0,1,1,4,3,0,4,3
54652,1,10,0,1,0,1,1,4,3,0,4,3
54653,1,16,0,0,0,0,0,4,4,0,4,4
54654,2,10,1,0,0,3,1,0,3,4,4,1
54655,2,16,0,0,0,0,0,4,4,0,4,4
54743,1,10,0,0,0,3,1,0,3,4,4,1
54751,2,16,2,0,0,0,0,4,4,0,4,4
54768,1,9,0,1,1,1,1,4,4,1,4,4
54769,1,10,0,0,0,3,1,0,3,4,4,1
54770,1,10,0,1,0,3,1,0,3,4,4,1
54771,2,10,0,0,0,3,1,0,3,4,4,1
54772,1,10,0,1,0,1,1,4,3,0,4,3
54773,1,10,0,0,0,3,1,0,3,4,4,1
54774,2,10,1,0,0,3,1,0,3,4,4,1
54775,2,10,0,0,0,3,1,0,3,4,4,1
54776,1,10,0,1,0,1,1,4,3,0,4,3
54777,1,16,0,0,0,0,0,4,4,0,4,4
54778,1,10,0,1,0,3,1,0,3,4,4,1
54779,2,16,0,0,0,0,0,4,4,0,4,4
54780,2,10,2,0,0,1,1,4,3,0,4,3
54781,2,16,2,0,0,0,0,4,4,0,4,4
54782,2,10,1,0,0,3,1,0,3,4,4,1
54783,2,16,0,0,0,0,0,4,4,0,4,4
55040,1,4,0,2,1,2,1,4,3,2,3,4
55056,1,5,0,1,0,3,1,1,2,4,3,2
55057,1,5,0,0,0,3,1,1,2,4,3,2
55059,1,5,0,0,0,3,1,1,2,4,3,2
55063,1,10,0,0,0,1,1,4,3,0,4,3
55071,1,16,0,0,0,0,0,4,4,0,4,4
55072,1,5,0,2,0,3,1,1,2,4,3,2
55074,1,5,0,2,0,3,1,1,2,4,3,2
55075,1,5,0,0,0,3,1,1,2,4,3,2
55078,1,5,0,2,1,2,2,4,3,1,4,3
55079,1,10,0,0,0,1,1,4,3,0,4,3
55086,1,10,0,2,0,3,1,0,3,4,4,1
55087,1,16,0,0,0,0,0,4,4,0,4,4
55088,2,5,0,1,0,3,1,1,2,4,3,2
55089,2,5,0,1,0,3,1,1,2,4,3,2
55090,2,5,0,1,0,3,1,1,2,4,3,2
55091,2,5,0,0,0,2,1,4,2,1,3,3
55094,2,10,0,1,0,1,1,4,3,0,4,3
55095,2,10,0,0,0,1,1,4,3,0,4,3
55102,2,10,0,1,0,3,1,0,3,4,4,1
55103,2,16,0,0,0,0,0,4,4,0,4,4
55104,1,5,0,2,1,2,2,4,3,1,4,3
55108,1,5,0,2,1,2,2,4,3,1,4,3
55110,1,5,0,2,1,2,2,4,3,1,4,3
55111,1,10,0,0,0,1,1,4,3,0,4,3
55116,1,5,0,2,1,2,2,4,3,1,4,3
55118,1,10,0,2,0,3,1,0,3,4,4,1
55119,1,16,0,0,0,0,0,4,4,0,4,4
55120,1,9,0,1,0,1,0,4,3,1,3,4
55121,1,9,0,0,0,1,0,4,3,1,3,4
55124,1,10,0,1,0,1,1,4,3,0,4,3
55125,1,10,0,0,0,1,1,4,3,0,4,3
55132,1,10,0,1,0,1,1,4,3,0,4,3
55133,1,16,0,0,0,0,0,4,4,0,4,4
55136,2,5,1,1,1,2,2,4,3,1,4,3
55138,2,5,1,1,1,2,2,4,3,1,4,3
55139,2,9,1,1,0,1,0,4,3,1,3,4
55140,2,5,1,1,1,2,2,4,3,1,4,3
55142,2,5,1,0,1,2,2,4,3,1,4,3
55143,2,10,1,0,0,1,1,4,3,0,4,3
55148,2,9,1,1,1,1,1,4,4,1,4,4
55150,2,10,1,0,0,3,1,0,3,4,4,1
55151,2,16,1,0,0,0,0,4,4,0,4,4
55152,2,9,0,1,0,1,0,4,3,1,3,4
55153,2,9,0,1,0,1,0,4,3,1,3,4
55154,2,9,0,1,0,1,0,4,3,1,3,4
55155,2,9,0,0,0,1,0,4,3,1,3,4
55156,2,10,0,1,0,1,1,4,3,0,4,3
55157,2,10,0,1,0,1,1,4,3,0,4,3
55158,2,10,0,1,0,1,1,4,3,0,4,3
55159,3,10,0,0,0,1,1,4,3,0,4,3
55164,2,10,0,1,0,1,1,4,3,0,4,3
55165,2,16,0,1,0,0,0,4,4,0,4,4
55166,2,10,0,1,0,3,1,0,3,4,4,1
55167,3,16,0,0,0,0,0,4,4,0,4,4
55232,1,5,0,2,1,3,2,1,3,4,4,2
55236,1,8,0,2,0,2,2,0,2,4,4,2
55238,1,10,0,2,0,3,1,0,3,4,4,1
55239,1,10,0,0,0,3,1,0,3,4,4,1
55240,1,5,0,2,1,3,2,1,3,4,4,2
55244,2,8,2,0,0,2,2,0,2,4,4,2
55246,2,10,2,0,0,3,1,0,3,4,4,1
55247,2,16,2,0,0,0,0,4,4,0,4,4
55248,1,9,0,1,1,1,1,4,4,1,4,4
55249,1,10,0,0,0,3,1,0,3,4,4,1
55252,1,10,0,1,0,1,1,4,3,0,4,3
55253,1,10,0,0,0,3,1,0,3,4,4,1
55256,1,10,0,1,0,1,1,4,3,0,4,3
55257,1,16,0,0,0,0,0,4,4,0,4,4
55260,2,10,2,0,0,1,1,4,3,0,4,3
55261,2,16,2,0,0,0,0,4,4,0,4,4
55264,2,9,1,1,1,1,1,4,4,1,4,4
55266,2,10,1,1,0,3,1,0,3,4,4,1
55267,2,10,1,1,0,3,1,0,3,4,4,1
55268,2,9,1,1,1,1,1,4,4,1,4,4
55270,2,10,1,0,0,3,1,0,3,4,4,1
55271,2,10,1,0,0,3,1,0,3,4,4,1
55272,2,9,1,1,1,1,1,4,4,1,4,4
55274,2,10,1,1,0,3,1,0,3,4,4,1
55275,2,16,1,1,0,0,0,4,4,0,4,4
55276,2,9,1,1,1,1,1,4,4,1,4,4
55278,2,10,1,0,0,3,1,0,3,4,4,1
55279,2,16,1,0,0,0,0,4,4,0,4,4
55280,2,9,0,1,1,1,1,4,4,1,4,4
55281,2,10,0,1,0,3,1,0,3,4,4,1
55282,2,10,0,1,0,3,1,0,3,4,4,1
55283,2,10,0,0,0,3,1,0,3,4,4,1
55284,2,10,0,1,0,1,1,4,3,0,4,3
55285,2,10,0,1,0,3,1,0,3,4,4,1
55286,2,10,0,1,0,3,1,0,3,4,4,1
55287,3,10,0,0,0,3,1,0,3,4,4,1
55288,2,10,0,1,0,1,1,4,3,0,4,3
55289,2,16,0,1,0,0,0,4,4,0,4,4
55290,2,10,0,1,0,3,1,0,3,4,4,1
55291,2,16,0,0,0,0,0,4,4,0,4,4
55292,2,10,0,1,0,1,1,4,3,0,4,3
55293,2,16,0,1,0,0,0,4,4,0,4,4
55294,2,10,0,1,0,3,1,0,3,4,4,1
55295,3,16,0,0,0,0,0,4,4,0,4,4
55711,1,16,0,0,0,0,0,4,4,0,4,4
55742,1,10,0,1,0,3,1,0,3,4,4,1
55743,2,16,0,0,0,0,0,4,4,0,4,4
55767,1,10,0,0,0,3,1,0,3,4,4,1
55775,2,16,2,0,0,0,0,4,4,0,4,4
55792,1,9,0,1,1,1,1,4,4,1,4,4
55793,1,10,0,0,0,3,1,0,3,4,4,1
55794,1,10,0,1,0,3,1,0,3,4,4,1
55795,2,10,0,0,0,3,1,0,3,4,4,1
55796,1,10,0,1,0,1,1,4,3,0,4,3
55797,1,10,0,0,0,3,1,0,3,4,4,1
55798,2,10,1,0,0,3,1,0,3,4,4,1
55799,2,10,0,0,0,3,1,0,3,4,4,1
55800,1,10,0,1,0,1,1,4,3,0,4,3
55801,1,16,0,0,0,0,0,4,4,0,4,4
55802,1,10,0,1,0,3,1,0,3,4,4,1
55803,2,16,0,0,0,0,0,4,4,0,4,4
55804,2,10,2,0,0,1,1,4,3,0,4,3
55805,2,16,2,0,0,0,0,4,4,0,4,4
55806,2,10,1,0,0,3,1,0,3,4,4,1
55807,2,16,0,0,0,0,0,4,4,0,4,4
56663,2,10,2,2,0,1,1,4,3,0,4,3
56671,2,16,2,2,0,0,0,4,4,0,4,4
56688,2,9,2,2,0,1,0,4,3,1,3,4
56689,2,9,2,2,0,1,0,4,3,1,3,4
56690,2,9,2,2,0,1,0,4,3,1,3,4
56691,2,9,0,0,0,1,0,4,3,1,3,4
56692,2,10,2,2,0,1,1,4,3,0,4,3
56693,2,10,2,2,0,1,1,4,3,0,4,3
56694,2,10,1,0,0,1,1,4,3,0,4,3
56695,2,10,0,0,0,1,1,4,3,0,4,3
56700,2,10,2,2,0,1,1,4,3,0,4,3
56701,2,16,2,2,0,0,0,4,4,0,4,4
56702,2,10,1,0,0,3,1,0,3,4,4,1
56703,2,16,0,0,0,0,0,4,4,0,4,4
56735,2,16,2,2,0,0,0,4,4,0,4,4
56791,2,10,2,1,0,3,1,0,3,4,4,1
56799,2,16,2,0,0,0,0,4,4,0,4,4
56816,2,9,2,1,1,1,1,4,4,1,4,4
56817,2,10,2,1,0,3,1,0,3,4,4,1
56818,2,10,2,1,0,3,1,0,3,4,4,1
56819,2,10,0,0,0,3,1,0,3,4,4,1
56820,2,10,2,1,0,1,1,4,3,0,4,3
56821,2,10,2,1,0,3,1,0,3,4,4,1
56822,2,10,1,0,0,3,1,0,3,4,4,1
56823,2,10,0,0,0,3,1,0,3,4,4,1
56824,2,10,2,1,0,1,1,4,3,0,4,3
56825,2,16,2,1,0,0,0,4,4,0,4,4
56826,2,10,2,1,0,3,1,0,3,4,4,1
56827,2,16,0,0,0,0,0,4,4,0,4,4
56828,2,10,2,0,0,1,1,4,3,0,4,3
56829,2,16,2,0,0,0,0,4,4,0,4,4
56830,2,10,1,0,0,3,1,0,3,4,4,1
56831,2,16,0,0,0,0,0,4,4,0,4,4
57088,2,4,2,2,2,2,2,4,4,2,4,4
57104,2,5,2,2,0,3,1,1,2,4,3,2
57105,2,5,2,2,0,3,1,1,2,4,3,2
57107,2,8,2,2,0,2,2,0,2,4,4,2
57111,2,10,2,2,0,1,1,4,3,0,4,3
57119,2,16,2,2,0,0,0,4,4,0,4,4
57120,2,5,2,2,1,3,2,1,3,4,4,2
57122,2,8,2,2,0,2,2,0,2,4,4,2
57123,2,8,2,2,0,2,2,0,2,4,4,2
57126,2,8,2,2,0,2,2,0,2,4,4,2
57127,2,10,2,2,0,1,1,4,3,0,4,3
57134,2,10,2,2,0,3,1,0,3,4,4,1
57135,2,16,2,2,0,0,0,4,4,0,4,4
57136,2,5,0,1,1,3,2,1,3,4,4,2
57137,2,5,0,1,1,3,2,1,3,4,4,2
57138,2,8,0,1,0,2,2,0,2,4,4,2
57139,2,8,0,0,0,2,2,0,2,4,4,2
57142,2,10,0,1,0,1,1,4,3,0,4,3
57143,2,10,0,0,0,1,1,4,3,0,4,3
57150,2,10,0,1,0,3,1,0,3,4,4,1
57151,2,16,0,0,0,0,0,4,4,0,4,4
57152,2,5,2,2,1,3,2,1,3,4,4,2
57156,2,8,2,2,0,2,2,0,2,4,4,2
57158,2,8,2,2,0,2,2,0,2,4,4,2
57159,2,10,2,2,0,1,1,4,3,0,4,3
57164,2,8,2,2,0,2,2,0,2,4,4,2
57166,2,10,2,2,0,3,1,0,3,4,4,1
57167,2,16,2,2,0,0,0,4,4,0,4,4
57168,2,9,2,2,0,1,0,4,3,1,3,4
57169,2,9,2,2,0,1,0,4,3,1,3,4
57172,2,10,2,2,0,1,1,4,3,0,4,3
57173,2,10,2,2,0,1,1,4,3,0,4,3
57180,2,10,2,2,0,1,1,4,3,0,4,3
57181,2,16,2,2,0,0,0,4,4,0,4,4
57184,2,5,1,1,1,3,2,1,3,4,4,2
57186,2,8,1,1,0,2,2,0,2,4,4,2
57187,2,9,1,1,0,1,0,4,3,1,3,4
57188,2,8,1,1,0,2,2,0,2,4,4,2
57190,2,8,1,0,0,2,2,0,2,4,4,2
57191,2,10,1,0,0,1,1,4,3,0,4,3
57196,2,9,1,1,1,1,1,4,4,1,4,4
57198,2,10,1,0,0,3,1,0,3,4,4,1
57199,2,16,1,0,0,0,0,4,4,0,4,4
57200,2,9,0,1,0,1,0,4,3,1,3,4
57201,2,9,0,1,0,1,0,4,3,1,3,4
57202,2,9,0,1,0,1,0,4,3,1,3,4
57203,2,9,0,0,0,1,0,4,3,1,3,4
57204,2,10,0,1,0,1,1,4,3,0,4,3
57205,2,10,0,1,0,1,1,4,3,0,4,3
57206,2,10,0,1,0,1,1,4,3,0,4,3
57207,3,10,0,0,0,1,1,4,3,0,4,3
57212,2,10,0,1,0,1,1,4,3,0,4,3
57213,2,16,0,1,0,0,0,4,4,0,4,4
57214,2,10,0,1,0,3,1,0,3,4,4,1
57215,3,16,0,0,0,0,0,4,4,0,4,4
57216,2,5,2,2,1,2,2,4,3,1,4,3
57224,2,5,2,2,1,2,2,4,3,1,4,3
57228,2,8,2,2,0,2,2,0,2,4,4,2
57230,2,10,2,2,0,3,1,0,3,4,4,1
57231,2,16,2,2,0,0,0,4,4,0,4,4
57232,2,9,2,2,1,1,1,4,4,1,4,4
57233,2,10,2,2,0,3,1,0,3,4,4,1
57235,2,10,2,2,0,3,1,0,3,4,4,1
57240,2,10,2,2,0,1,1,4,3,0,4,3
57241,2,16,2,2,0,0,0,4,4,0,4,4
57243,2,16,2,2,0,0,0,4,4,0,4,4
57244,2,10,2,2,0,1,1,4,3,0,4,3
57245,2,16,2,2,0,0,0,4,4,0,4,4
57248,2,9,2,2,1,1,1,4,4,1,4,4
57250,2,10,2,2,0,3,1,0,3,4,4,1
57251,2,10,2,2,0,3,1,0,3,4,4,1
57256,2,9,2,2,1,1,1,4,4,1,4,4
57258,2,10,2,2,0,3,1,0,3,4,4,1
57259,2,16,2,2,0,0,0,4,4,0,4,4
57264,2,9,0,1,1,1,1,4,4,1,4,4
57265,2,10,0,1,0,3,1,0,3,4,4,1
57266,2,10,0,1,0,3,1,0,3,4,4,1
57267,2,10,0,0,0,3,1,0,3,4,4,1
57272,2,10,0,1,0,1,1,4,3,0,4,3
57273,2,16,0,1,0,0,0,4,4,0,4,4
57274,2,10,0,1,0,3,1,0,3,4,4,1
57275,2,16,0,0,0,0,0,4,4,0,4,4
57280,2,5,2,1,1,3,2,1,3,4,4,2
57284,2,8,2,1,0,2,2,0,2,4,4,2
57286,2,10,2,1,0,3,1,0,3,4,4,1
57287,2,10,2,1,0,3,1,0,3,4,4,1
57288,2,5,2,1,1,3,2,1,3,4,4,2
57292,2,8,2,0,0,2,2,0,2,4,4,2
57294,2,10,2,0,0,3,1,0,3,4,4,1
57295,2,16,2,0,0,0,0,4,4,0,4,4
57296,2,9,2,1,1,1,1,4,4,1,4,4
57297,2,10,2,1,0,3,1,0,3,4,4,1
57300,2,10,2,1,0,1,1,4,3,0,4,3
57301,2,10,2,1,0,3,1,0,3,4,4,1
57304,2,10,2,1,0,1,1,4,3,0,4,3
57305,2,16,2,1,0,0,0,4,4,0,4,4
57308,2,10,2,0,0,1,1,4,3,0,4,3
57309,2,16,2,0,0,0,0,4,4,0,4,4
57312,2,9,1,1,1,1,1,4,4,1,4,4
57314,2,10,1,1,0,3,1,0,3,4,4,1
57315,2,10,1,1,0,3,1,0,3,4,4,1
57316,2,9,1,1,1,1,1,4,4,1,4,4
57318,2,10,1,0,0,3,1,0,3,4,4,1
57319,2,10,1,0,0,3,1,0,3,4,4,1
57320,2,9,1,1,1,1,1,4,4,1,4,4
57322,2,10,1,1,0,3,1,0,3,4,4,1
57323,2,16,1,1,0,0,0,4,4,0,4,4
57324,2,9,1,1,1,1,1,4,4,1,4,4
57326,3,10,1,0,0,3,1,0,3,4,4,1
57327,3,16,1,0,0,0,0,4,4,0,4,4
57328,2,9,0,1,1,1,1,4,4,1,4,4
57329,2,10,0,1,0,3,1,0,3,4,4,1
57330,2,10,0,1,0,3,1,0,3,4,4,1
57331,2,10,0,0,0,3,1,0,3,4,4,1
57332,2,10,0,1,0,1,1,4,3,0,4,3
57333,2,10,0,1,0,3,1,0,3,4,4,1
57334,2,10,0,1,0,3,1,0,3,4,4,1
57335,3,10,0,0,0,3,1,0,3,4,4,1
57336,2,10,0,1,0,1,1,4,3,0,4,3
57337,2,16,0,1,0,0,0,4,4,0,4,4
57338,2,10,0,1,0,3,1,0,3,4,4,1
57339,2,16,0,0,0,0,0,4,4,0,4,4
57340,2,10,0,1,0,1,1,4,3,0,4,3
57341,2,16,0,1,0,0,0,4,4,0,4,4
57342,3,10,1,0,0,3,1,0,3,4,4,1
57343,3,16,0,0,0,0,0,4,4,0,4,4
57344,1,1,1,3,3,3,3,4,4,3,4,4
57856,1,2,1,2,1,3,2,2,2,4,3,3
57888,1,2,1,1,1,3,2,2,2,4,3,3
57890,1,2,1,0,1,3,2,2,2,4,3,3
57891,1,2,0,0,1,3,2,2,2,4,3,3
57894,1,5,1,0,1,2,2,4,3,1,4,3
57895,1,10,0,0,0,1,1,4,3,0,4,3
57902,1,9,1,0,1,1,1,4,4,1,4,4
57903,1,10,0,0,0,1,1,4,3,0,4,3
57904,1,5,0,1,0,2,1,4,2,1,3,3
57905,1,5,0,0,0,2,1,4,2,1,3,3
57906,1,5,0,1,0,2,1,4,2,1,3,3
57907,2,5,0,0,0,2,1,4,2,1,3,3
57910,1,10,0,1,0,1,1,4,3,0,4,3
57911,2,10,0,0,0,1,1,4,3,0,4,3
57918,1,10,0,1,0,1,1,4,3,0,4,3
57919,2,10,0,0,0,1,1,4,3,0,4,3
57952,1,5,1,1,1,2,2,4,3,1,4,3
57954,1,5,1,0,1,2,2,4,3,1,4,3
57955,1,5,0,0,1,2,2,4,3,1,4,3
57956,1,5,1,1,1,2,2,4,3,1,4,3
57958,2,5,1,0,1,2,2,4,3,1,4,3
57959,2,10,1,0,0,1,1,4,3,0,4,3
57964,1,9,1,1,1,1,1,4,4,1,4,4
57966,2,9,1,0,1,1,1,4,4,1,4,4
57967,2,10,1,0,0,1,1,4,3,0,4,3
57968,1,5,0,1,1,2,2,4,3,1,4,3
57969,1,5,0,0,1,2,2,4,3,1,4,3
57970,1,5,0,1,1,2,2,4,3,1,4,3
57971,2,5,0,0,1,2,2,4,3,1,4,3
57972,1,10,0,1,0,1,1,4,3,0,4,3
57973,1,10,0,0,0,1,1,4,3,0,4,3
57974,2,10,1,0,0,1,1,4,3,0,4,3
57975,2,10,0,0,0,1,1,4,3,0,4,3
57980,1,10,0,1,0,1,1,4,3,0,4,3
57981,1,10,0,0,0,1,1,4,3,0,4,3
57982,2,10,1,0,0,1,1,4,3,0,4,3
57983,2,10,0,0,0,1,1,4,3,0,4,3
58030,1,9,1,0,1,1,1,4,4,1,4,4
58031,1,10,0,0,0,1,1,4,3,0,4,3
58046,1,10,0,1,0,1,1,4,3,0,4,3
58047,2,10,0,0,0,1,1,4,3,0,4,3
58080,1,9,1,1,1,1,1,4,4,1,4,4
58082,1,9,1,0,1,1,1,4,4,1,4,4
58083,1,9,0,0,1,1,1,4,4,1,4,4
58084,1,9,1,1,1,1,1,4,4,1,4,4
58086,2,9,1,0,1,1,1,4,4,1,4,4
58087,2,10,1,0,0,1,1,4,3,0,4,3
58088,1,9,1,1,1,1,1,4,4,1,4,4
58090,1,9,1,0,1,1,1,4,4,1,4,4
58091,1,10,0,0,0,1,1,4,3,0,4,3
58092,2,9,2,0,1,1,1,4,4,1,4,4
58094,2,9,1,0,1,1,1,4,4,1,4,4
58095,2,10,1,0,0,1,1,4,3,0,4,3
58096,1,9,0,1,1,1,1,4,4,1,4,4
58097,1,9,0,0,1,1,1,4,4,1,4,4
58098,1,9,0,1,1,1,1,4,4,1,4,4
58099,2,8,0,0,0,2,2,0,2,4,4,2
58100,1,10,0,1,0,1,1,4,3,0,4,3
58101,1,10,0,0,0,1,1,4,3,0,4,3
58102,2,10,1,0,0,1,1,4,3,0,4,3
58103,2,10,0,0,0,1,1,4,3,0,4,3
58104,1,10,0,1,0,1,1,4,3,0,4,3
58105,1,10,0,0,0,1,1,4,3,0,4,3
58106,1,10,0,1,0,1,1,4,3,0,4,3
58107,2,10,0,0,0,1,1,4,3,0,4,3
58108,2,10,2,0,0,1,1,4,3,0,4,3
58109,2,10,2,0,0,1,1,4,3,0,4,3
58110,2,10,1,0,0,1,1,4,3,0,4,3
58111,2,10,0,0,0,1,1,4,3,0,4,3
58112,1,2,0,2,1,3,2,2,2,4,3,3
58128,1,2,0,1,1,3,2,2,2,4,3,3
58129,1,2,0,0,1,3,2,2,2,4,3,3
58131,1,5,0,0,0,2,1,4,2,1,3,3
58135,1,10,0,0,0,1,1,4,3,0,4,3
58143,1,10,0,0,0,3,1,0,3,4,4,1
58144,1,5,0,2,0,2,1,4,2,1,3,3
58146,1,5,0,2,0,2,1,4,2,1,3,3
58147,1,5,0,0,0,2,1,4,2,1,3,3
58150,1,5,0,2,1,2,2,4,3,1,4,3
58151,1,10,0,0,0,1,1,4,3,0,4,3
58158,1,10,0,2,0,3,1,0,3,4,4,1
58159,1,10,0,0,0,3,1,0,3,4,4,1
58160,2,5,0,1,0,2,1,4,2,1,3,3
58161,2,5,0,1,0,2,1,4,2,1,3,3
58162,2,5,0,1,0,2,1,4,2,1,3,3
58163,2,5,0,0,0,2,1,4,2,1,3,3
58166,2,10,0,1,0,1,1,4,3,0,4,3
58167,2,10,0,0,0,1,1,4,3,0,4,3
58174,2,10,0,1,0,3,1,0,3,4,4,1
58175,2,10,0,0,0,3,1,0,3,4,4,1
58208,1,5,0,2,1,2,2,4,3,1,4,3
58210,1,5,0,2,1,2,2,4,3,1,4,3
58211,1,5,0,0,1,2,2,4,3,1,4,3
58212,1,5,0,2,1,2,2,4,3,1,4,3
58214,2,5,1,0,1,2,2,4,3,1,4,3
58215,2,10,1,0,0,1,1,4,3,0,4,3
58220,1,9,0,2,1,1,1,4,4,1,4,4
58222,2,10,1,0,0,3,1,0,3,4,4,1
58223,2,10,1,0,0,3,1,0,3,4,4,1
58224,2,5,0,1,0,3,1,1,2,4,3,2
58225,2,5,0,1,0,3,1,1,2,4,3,2
58226,2,5,0,1,0,3,1,1,2,4,3,2
58227,2,5,0,0,0,2,1,4,2,1,3,3
58228,2,10,0,1,0,1,1,4,3,0,4,3
58229,2,10,0,1,0,1,1,4,3,0,4,3
58230,2,10,0,1,0,1,1,4,3,0,4,3
58231,2,10,0,0,0,1,1,4,3,0,4,3
58236,2,10,0,1,0,1,1,4,3,0,4,3
58237,2,10,0,1,0,3,1,0,3,4,4,1
58238,2,10,0,1,0,3,1,0,3,4,4,1
58239,2,10,0,0,0,3,1,0,3,4,4,1
58271,1,10,0,0,0,3,1,0,3,4,4,1
58286,1,10,0,2,0,3,1,0,3,4,4,1
58287,1,10,0,0,0,3,1,0,3,4,4,1
58302,2,10,0,1,0,3,1,0,3,4,4,1
58303,2,10,0,0,0,3,1,0,3,4,4,1
58336,1,9,0,2,1,1,1,4,4,1,4,4
58338,1,10,0,2,0,3,1,0,3,4,4,1
58339,1,10,0,0,0,3,1,0,3,4,4,1
58340,1,9,0,2,1,1,1,4,4,1,4,4
58342,2,10,1,0,0,3,1,0,3,4,4,1
58343,2,10,1,0,0,3,1,0,3,4,4,1
58344,1,9,0,2,1,1,1,4,4,1,4,4
58346,1,10,0,2,0,3,1,0,3,4,4,1
58347,1,10,0,0,0,3,1,0,3,4,4,1
58348,2,9,2,0,1,1,1,4,4,1,4,4
58350,2,10,1,0,0,3,1,0,3,4,4,1
58351,2,10,1,0,0,3,1,0,3,4,4,1
58352,2,9,0,1,1,1,1,4,4,1,4,4
58353,2,10,0,1,0,3,1,0,3,4,4,1
58354,2,10,0,1,0,3,1,0,3,4,4,1
58355,2,10,0,0,0,3,1,0,3,4,4,1
58356,2,10,0,1,0,1,1,4,3,0,4,3
58357,2,10,0,1,0,3,1,0,3,4,4,1
58358,2,10,0,1,0,3,1,0,3,4,4,1
58359,2,10,0,0,0,3,1,0,3,4,4,1
58360,2,10,0,1,0,1,1,4,3,0,4,3
58361,2,10,0,1,0,3,1,0,3,4,4,1
58362,2,10,0,1,0,3,1,0,3,4,4,1
58363,2,10,0,0,0,3,1,0,3,4,4,1
58364,2,10,0,1,0,1,1,4,3,0,4,3
58365,2,10,0,1,0,3,1,0,3,4,4,1
58366,2,10,0,1,0,3,1,0,3,4,4,1
58367,2,10,0,0,0,3,1,0,3,4,4,1
58368,1,2,1,3,2,3,3,2,3,4,4,3
58432,1,2,1,3,2,3,3,2,3,4,4,3
58436,1,2,1,3,2,3,3,2,3,4,4,3
58438,1,4,1,0,1,1,1,3,3,1,3,3
58439,1,10,0,0,0,1,1,4,3,0,4,3
58444,1,4,1,3,2,1,2,3,4,1,4,3
58446,1,9,1,0,1,1,1,4,4,1,4,4
58447,1,10,0,0,0,1,1,4,3,0,4,3
58455,1,10,0,0,0,1,1,4,3,0,4,3
58463,1,10,0,0,0,1,1,4,3,0,4,3
58464,1,5,1,1,1,2,2,4,3,1,4,3
58466,1,5,1,0,1,2,2,4,3,1,4,3
58467,1,5,0,0,1,2,2,4,3,1,4,3
58468,1,5,1,1,1,2,2,4,3,1,4,3
58470,2,5,1,0,1,2,2,4,3,1,4,3
58471,2,10,1,0,0,1,1,4,3,0,4,3
58476,1,9,1,1,1,1,1,4,4,1,4,4
58478,2,9,1,0,1,1,1,4,4,1,4,4
58479,2,10,1,0,0,1,1,4,3,0,4,3
58480,1,5,0,1,1,2,2,4,3,1,4,3
58481,1,5,0,0,1,2,2,4,3,1,4,3
58482,1,5,0,1,1,2,2,4,3,1,4,3
58483,2,5,0,0,1,2,2,4,3,1,4,3
58484,1,10,0,1,0,1,1,4,3,0,4,3
58485,1,10,0,0,0,1,1,4,3,0,4,3
58486,2,10,1,0,0,1,1,4,3,0,4,3
58487,2,10,0,0,0,1,1,4,3,0,4,3
58492,1,10,0,1,0,1,1,4,3,0,4,3
58493,1,10,0,0,0,1,1,4,3,0,4,3
58494,2,10,1,0,0,1,1,4,3,0,4,3
58495,2,10,0,0,0,1,1,4,3,0,4,3
58560,1,5,1,3,1,3,2,1,3,4,4,2
58564,1,5,1,3,1,3,2,1,3,4,4,2
58566,1,9,1,0,1,1,1,4,4,1,4,4
58567,1,10,0,0,0,1,1,4,3,0,4,3
58568,1,5,1,3,1,3,2,1,3,4,4,2
58572,2,5,2,0,1,3,2,1,3,4,4,2
58574,2,9,2,0,1,1,1,4,4,1,4,4
58575,2,10,2,0,0,1,1,4,3,0,4,3
58583,1,10,0,0,0,1,1,4,3,0,4,3
58591,2,10,2,0,0,1,1,4,3,0,4,3
58592,1,9,1,1,1,1,1,4,4,1,4,4
58594,1,9,1,0,1,1,1,4,4,1,4,4
58595,1,9,0,0,1,1,1,4,4,1,4,4
58596,1,9,1,1,1,1,1,4,4,1,4,4
58598,2,9,1,0,1,1,1,4,4,1,4,4
58599,2,10,1,0,0,1,1,4,3,0,4,3
58600,1,9,1,1,1,1,1,4,4,1,4,4
58602,1,9,1,0,1,1,1,4,4,1,4,4
58603,1,10,0,0,0,1,1,4,3,0,4,3
58604,2,9,2,0,1,1,1,4,4,1,4,4
58606,2,9,1,0,1,1,1,4,4,1,4,4
58607,2,10,1,0,0,1,1,4,3,0,4,3
58608,1,9,0,1,1,1,1,4,4,1,4,4
58609,1,9,0,0,1,1,1,4,4,1,4,4
58610,1,9,0,1,1,1,1,4,4,1,4,4
58611,2,8,0,0,0,2,2,0,2,4,4,2
58612,1,10,0,1,0,1,1,4,3,0,4,3
58613,1,10,0,0,0,1,1,4,3,0,4,3
58614,2,10,1,0,0,1,1,4,3,0,4,3
58615,2,10,0,0,0,1,1,4,3,0,4,3
58616,1,10,0,1,0,1,1,4,3,0,4,3
58617,1,10,0,0,0,1,1,4,3,0,4,3
58618,1,10,0,1,0,1,1,4,3,0,4,3
58619,2,10,0,0,0,1,1,4,3,0,4,3
58620,2,10,2,0,0,1,1,4,3,0,4,3
58621,2,10,2,0,0,1,1,4,3,0,4,3
58622,2,10,1,0,0,1,1,4,3,0,4,3
58623,2,10,0,0,0,1,1,4,3,0,4,3
58880,2,4,1,2,1,2,1,4,3,2,3,4
58912,2,4,1,2,1,2,1,4,3,2,3,4
58914,2,4,1,2,1,2,1,4,3,2,3,4
58915,2,5,1,2,0,1,1,3,2,0,3,2
58918,2,5,1,2,1,2,2,4,3,1,4,3
58919,2,10,1,2,0,1,1,4,3,0,4,3
58926,2,9,1,2,1,1,1,4,4,1,4,4
58927,2,10,1,2,0,1,1,4,3,0,4,3
58928,2,5,1,2,0,2,1,4,2,1,3,3
58929,2,5,1,2,0,2,1,4,2,1,3,3
58930,2,5,1,2,0,2,1,4,2,1,3,3
58931,2,5,0,0,0,2,1,4,2,1,3,3
58934,2,10,1,2,0,1,1,4,3,0,4,3
58935,2,10,0,0,0,1,1,4,3,0,4,3
58942,2,10,1,2,0,1,1,4,3,0,4,3
58943,2,10,0,0,0,1,1,4,3,0,4,3
58944,2,5,1,2,1,2,2,4,3,1,4,3
58948,2,5,1,2,1,2,2,4,3,1,4,3
58950,2,5,1,2,1,2,2,4,3,1,4,3
58951,2,10,1,2,0,1,1,4,3,0,4,3
58956,2,5,1,2,1,2,2,4,3,1,4,3
58958,2,9,1,2,1,1,1,4,4,1,4,4
58959,2,10,1,2,0,1,1,4,3,0,4,3
58976,2,5,1,1,1,2,2,4,3,1,4,3
58978,2,5,1,1,1,2,2,4,3,1,4,3
58979,2,5,1,1,1,2,2,4,3,1,4,3
58980,2,5,1,1,1,2,2,4,3,1,4,3
58982,2,5,1,0,1,2,2,4,3,1,4,3
58983,2,10,1,0,0,1,1,4,3,0,4,3
58988,2,9,1,1,1,1,1,4,4,1,4,4
58990,2,9,1,0,1,1,1,4,4,1,4,4
58991,2,10,1,0,0,1,1,4,3,0,4,3
58992,2,5,1,1,1,2,2,4,3,1,4,3
58993,2,5,1,1,1,2,2,4,3,1,4,3
58994,2,5,1,1,1,2,2,4,3,1,4,3
58995,2,5,0,0,1,2,2,4,3,1,4,3
58996,2,10,1,1,0,1,1,4,3,0,4,3
58997,2,10,1,1,0,1,1,4,3,0,4,3
58998,2,10,1,0,0,1,1,4,3,0,4,3
58999,2,10,0,0,0,1,1,4,3,0,4,3
59004,2,10,1,1,0,1,1,4,3,0,4,3
59005,2,10,1,1,0,1,1,4,3,0,4,3
59006,2,10,1,0,0,1,1,4,3,0,4,3
59007,2,10,0,0,0,1,1,4,3,0,4,3
59072,2,5,1,2,1,3,2,1,3,4,4,2
59076,2,5,1,2,1,3,2,1,3,4,4,2
59078,2,9,1,2,1,1,1,4,4,1,4,4
59079,2,10,1,2,0,1,1,4,3,0,4,3
59080,2,5,1,2,1,3,2,1,3,4,4,2
59084,2,5,1,2,1,3,2,1,3,4,4,2
59086,2,9,1,2,1,1,1,4,4,1,4,4
59087,2,10,1,2,0,1,1,4,3,0,4,3
59104,2,9,1,1,1,1,1,4,4,1,4,4
59106,2,9,1,1,1,1,1,4,4,1,4,4
59107,2,9,1,1,1,1,1,4,4,1,4,4
59108,2,9,1,1,1,1,1,4,4,1,4,4
59110,2,9,1,0,1,1,1,4,4,1,4,4
59111,2,10,1,0,0,1,1,4,3,0,4,3
59112,2,9,1,1,1,1,1,4,4,1,4,4
59114,2,9,1,1,1,1,1,4,4,1,4,4
59115,2,10,1,1,0,1,1,4,3,0,4,3
59116,2,9,1,1,1,1,1,4,4,1,4,4
59118,2,9,1,0,1,1,1,4,4,1,4,4
59119,2,10,1,0,0,1,1,4,3,0,4,3
59120,2,9,1,1,1,1,1,4,4,1,4,4
59121,2,9,1,1,1,1,1,4,4,1,4,4
59122,2,9,1,1,1,1,1,4,4,1,4,4
59123,2,8,0,0,0,2,2,0,2,4,4,2
59124,2,10,1,1,0,1,1,4,3,0,4,3
59125,2,10,1,1,0,1,1,4,3,0,4,3
59126,2,10,1,0,0,1,1,4,3,0,4,3
59127,2,10,0,0,0,1,1,4,3,0,4,3
59128,2,10,1,1,0,1,1,4,3,0,4,3
59129,2,10,1,1,0,1,1,4,3,0,4,3
59130,2,10,1,1,0,1,1,4,3,0,4,3
59131,2,10,0,0,0,1,1,4,3,0,4,3
59132,2,10,1,1,0,1,1,4,3,0,4,3
59133,2,10,1,1,0,1,1,4,3,0,4,3
59134,2,10,1,0,0,1,1,4,3,0,4,3
59135,2,10,0,0,0,1,1,4,3,0,4,3
59136,2,4,1,2,1,2,1,4,3,2,3,4
59152,2,5,1,2,0,3,1,1,2,4,3,2
59153,2,5,1,2,0,3,1,1,2,4,3,2
59155,2,5,1,2,0,3,1,1,2,4,3,2
59159,2,10,1,2,0,1,1,4,3,0,4,3
59167,2,10,1,2,0,3,1,0,3,4,4,1
59168,2,5,1,2,0,3,1,1,2,4,3,2
59170,2,5,1,2,0,3,1,1,2,4,3,2
59171,2,5,1,2,0,3,1,1,2,4,3,2
59174,2,5,1,2,1,2,2,4,3,1,4,3
59175,2,10,1,2,0,1,1,4,3,0,4,3
59182,2,10,1,2,0,3,1,0,3,4,4,1
59183,2,10,1,2,0,3,1,0,3,4,4,1
59184,2,5,0,1,0,3,1,1,2,4,3,2
59185,2,5,0,1,0,3,1,1,2,4,3,2
59186,2,5,0,1,0,3,1,1,2,4,3,2
59187,2,5,0,0,0,2,1,4,2,1,3,3
59190,2,10,0,1,0,1,1,4,3,0,4,3
59191,2,10,0,0,0,1,1,4,3,0,4,3
59198,2,10,0,1,0,3,1,0,3,4,4,1
59199,2,10,0,0,0,3,1,0,3,4,4,1
59200,2,5,1,2,1,2,2,4,3,1,4,3
59204,2,5,1,2,1,2,2,4,3,1,4,3
59206,2,5,1,2,1,2,2,4,3,1,4,3
59207,2,10,1,2,0,1,1,4,3,0,4,3
59212,2,5,1,2,1,2,2,4,3,1,4,3
59214,2,10,1,2,0,3,1,0,3,4,4,1
59215,2,10,1,2,0,3,1,0,3,4,4,1
59216,2,5,1,2,1,2,2,4,3,1,4,3
59217,2,5,1,2,1,2,2,4,3,1,4,3
59220,2,10,1,2,0,1,1,4,3,0,4,3
59221,2,10,1,2,0,1,1,4,3,0,4,3
59228,2,10,1,2,0,1,1,4,3,0,4,3
59229,2,10,1,2,0,3,1,0,3,4,4,1
59232,2,5,1,1,1,2,2,4,3,1,4,3
59234,2,5,1,1,1,2,2,4,3,1,4,3
59235,2,5,1,1,1,2,2,4,3,1,4,3
59236,2,5,1,1,1,2,2,4,3,1,4,3
59238,2,5,1,0,1,2,2,4,3,1,4,3
59239,2,10,1,0,0,1,1,4,3,0,4,3
59244,2,9,1,1,1,1,1,4,4,1,4,4
59246,2,10,1,0,0,3,1,0,3,4,4,1
59247,2,10,1,0,0,3,1,0,3,4,4,1
59248,2,5,0,1,0,3,1,1,2,4,3,2
59249,2,5,0,1,0,3,1,1,2,4,3,2
59250,2,5,0,1,0,3,1,1,2,4,3,2
59251,2,5,0,0,0,2,1,4,2,1,3,3
59252,2,10,0,1,0,1,1,4,3,0,4,3
59253,2,10,0,1,0,1,1,4,3,0,4,3
59254,2,10,0,1,0,1,1,4,3,0,4,3
59255,3,10,0,0,0,1,1,4,3,0,4,3
59260,2,10,0,1,0,1,1,4,3,0,4,3
59261,2,10,0,1,0,3,1,0,3,4,4,1
59262,2,10,0,1,0,3,1,0,3,4,4,1
59263,3,10,0,0,0,3,1,0,3,4,4,1
59328,2,5,1,2,1,3,2,1,3,4,4,2
59332,2,8,1,2,0,2,2,0,2,4,4,2
59334,2,10,1,2,0,3,1,0,3,4,4,1
59335,2,10,1,2,0,3,1,0,3,4,4,1
59336,2,5,1,2,1,3,2,1,3,4,4,2
59340,2,8,1,2,0,2,2,0,2,4,4,2
59342,2,10,1,2,0,3,1,0,3,4,4,1
59343,2,10,1,2,0,3,1,0,3,4,4,1
59344,2,9,1,2,1,1,1,4,4,1,4,4
59345,2,10,1,2,0,3,1,0,3,4,4,1
59348,2,10,1,2,0,1,1,4,3,0,4,3
59349,2,10,1,2,0,3,1,0,3,4,4,1
59352,2,10,1,2,0,1,1,4,3,0,4,3
59353,2,10,1,2,0,3,1,0,3,4,4,1
59356,2,10,1,2,0,1,1,4,3,0,4,3
59357,2,10,1,2,0,3,1,0,3,4,4,1
59360,2,9,1,1,1,1,1,4,4,1,4,4
59362,2,10,1,1,0,3,1,0,3,4,4,1
59363,2,10,1,1,0,3,1,0,3,4,4,1
59364,2,9,1,1,1,1,1,4,4,1,4,4
59366,2,10,1,0,0,3,1,0,3,4,4,1
59367,2,10,1,0,0,3,1,0,3,4,4,1
59368,2,9,1,1,1,1,1,4,4,1,4,4
59370,2,10,1,1,0,3,1,0,3,4,4,1
59371,2,10,1,1,0,3,1,0,3,4,4,1
59372,2,9,1,1,1,1,1,4,4,1,4,4
59374,2,10,1,0,0,3,1,0,3,4,4,1
59375,2,10,1,0,0,3,1,0,3,4,4,1
59376,2,9,0,1,1,1,1,4,4,1,4,4
59377,2,10,0,1,0,3,1,0,3,4,4,1
59378,2,10,0,1,0,3,1,0,3,4,4,1
59379,2,10,0,0,0,3,1,0,3,4,4,1
59380,2,10,0,1,0,1,1,4,3,0,4,3
59381,2,10,0,1,0,3,1,0,3,4,4,1
59382,2,10,0,1,0,3,1,0,3,4,4,1
59383,3,10,0,0,0,3,1,0,3,4,4,1
59384,2,10,0,1,0,1,1,4,3,0,4,3
59385,2,10,0,1,0,3,1,0,3,4,4,1
59386,2,10,0,1,0,3,1,0,3,4,4,1
59387,2,10,0,0,0,3,1,0,3,4,4,1
59388,2,10,0,1,0,1,1,4,3,0,4,3
59389,2,10,0,1,0,3,1,0,3,4,4,1
59390,2,10,0,1,0,3,1,0,3,4,4,1
59391,3,10,0,0,0,3,1,0,3,4,4,1
59392,1,2,1,3,2,3,3,2,3,4,4,3
59520,1,2,1,3,2,3,3,2,3,4,4,3
59528,1,2,1,3,2,3,3,2,3,4,4,3
59532,1,5,1,3,1,3,2,1,3,4,4,2
59534,1,9,1,0,1,1,1,4,4,1,4,4
59535,1,10,0,0,0,1,1,4,3,0,4,3
59551,1,10,0,0,0,1,1,4,3,0,4,3
59566,1,9,1,0,1,1,1,4,4,1,4,4
59567,1,10,0,0,0,1,1,4,3,0,4,3
59582,1,10,0,1,0,1,1,4,3,0,4,3
59583,2,10,0,0,0,1,1,4,3,0,4,3
59584,1,5,1,3,1,3,2,1,3,4,4,2
59588,1,5,1,3,1,3,2,1,3,4,4,2
59590,1,9,1,0,1,1,1,4,4,1,4,4
59591,1,10,0,0,0,1,1,4,3,0,4,3
59592,1,5,1,3,1,3,2,1,3,4,4,2
59596,2,5,2,0,1,3,2,1,3,4,4,2
59598,2,9,2,0,1,1,1,4,4,1,4,4
59599,2,10,2,0,0,1,1,4,3,0,4,3
59607,1,10,0,0,0,1,1,4,3,0,4,3
59615,2,10,2,0,0,1,1,4,3,0,4,3
59616,1,9,1,1,1,1,1,4,4,1,4,4
59618,1,9,1,0,1,1,1,4,4,1,4,4
59619,1,9,0,0,1,1,1,4,4,1,4,4
59620,1,9,1,1,1,1,1,4,4,1,4,4
59622,2,9,1,0,1,1,1,4,4,1,4,4
59623,2,10,1,0,0,1,1,4,3,0,4,3
59624,1,9,1,1,1,1,1,4,4,1,4,4
59626,1,9,1,0,1,1,1,4,4,1,4,4
59627,1,10,0,0,0,1,1,4,3,0,4,3
59628,2,9,2,0,1,1,1,4,4,1,4,4
59630,2,9,1,0,1,1,1,4,4,1,4,4
59631,2,10,1,0,0,1,1,4,3,0,4,3
59632,1,9,0,1,1,1,1,4,4,1,4,4
59633,1,9,0,0,1,1,1,4,4,1,4,4
59634,1,9,0,1,1,1,1,4,4,1,4,4
59635,2,8,0,0,0,2,2,0,2,4,4,2
59636,1,10,0,1,0,1,1,4,3,0,4,3
59637,1,10,0,0,0,1,1,4,3,0,4,3
59638,2,10,1,0,0,1,1,4,3,0,4,3
59639,2,10,0,0,0,1,1,4,3,0,4,3
59640,1,10,0,1,0,1,1,4,3,0,4,3
59641,1,10,0,0,0,1,1,4,3,0,4,3
59642,1,10,0,1,0,1,1,4,3,0,4,3
59643,2,10,0,0,0,1,1,4,3,0,4,3
59644,2,10,2,0,0,1,1,4,3,0,4,3
59645,2,10,2,0,0,1,1,4,3,0,4,3
59646,2,10,1,0,0,1,1,4,3,0,4,3
59647,2,10,0,0,0,1,1,4,3,0,4,3
59904,1,4,1,2,2,2,2,4,4,2,4,4
59936,1,5,1,1,1,3,2,1,3,4,4,2
59938,1,5,1,0,1,3,2,1,3,4,4,2
59939,1,5,0,0,1,3,2,1,3,4,4,2
59942,1,5,1,0,1,3,2,1,3,4,4,2
59943,1,10,0,0,0,1,1,4,3,0,4,3
59950,1,9,1,0,1,1,1,4,4,1,4,4
59951,1,10,0,0,0,1,1,4,3,0,4,3
59952,1,5,0,1,1,3,2,1,3,4,4,2
59953,1,5,0,0,1,3,2,1,3,4,4,2
59954,1,8,0,1,0,2,2,0,2,4,4,2
59955,2,8,0,0,0,2,2,0,2,4,4,2
59958,1,10,0,1,0,1,1,4,3,0,4,3
59959,2,10,0,0,0,1,1,4,3,0,4,3
59966,1,10,0,1,0,1,1,4,3,0,4,3
59967,2,10,0,0,0,1,1,4,3,0,4,3
60032,1,5,1,2,1,2,2,4,3,1,4,3
60040,1,5,1,2,1,2,2,4,3,1,4,3
60044,1,5,1,2,1,3,2,1,3,4,4,2
60046,1,9,1,0,1,1,1,4,4,1,4,4
60047,1,10,0,0,0,1,1,4,3,0,4,3
60064,1,9,1,1,1,1,1,4,4,1,4,4
60066,1,9,1,0,1,1,1,4,4,1,4,4
60067,1,9,0,0,1,1,1,4,4,1,4,4
60072,1,9,1,1,1,1,1,4,4,1,4,4
60074,1,9,1,0,1,1,1,4,4,1,4,4
60075,1,10,0,0,0,1,1,4,3,0,4,3
60080,1,9,0,1,1,1,1,4,4,1,4,4
60081,1,9,0,0,1,1,1,4,4,1,4,4
60082,1,9,0,1,1,1,1,4,4,1,4,4
60083,2,8,0,0,0,2,2,0,2,4,4,2
60088,1,10,0,1,0,1,1,4,3,0,4,3
60089,1,10,0,0,0,1,1,4,3,0,4,3
60090,1,10,0,1,0,1,1,4,3,0,4,3
60091,2,10,0,0,0,1,1,4,3,0,4,3
60160,1,4,0,2,2,2,2,4,4,2,4,4
60176,1,5,0,1,0,3,1,1,2,4,3,2
60177,1,5,0,0,0,3,1,1,2,4,3,2
60179,1,8,0,0,0,2,2,0,2,4,4,2
60183,1,10,0,0,0,1,1,4,3,0,4,3
60191,1,10,0,0,0,3,1,0,3,4,4,1
60192,1,5,0,2,1,3,2,1,3,4,4,2
60194,1,8,0,2,0,2,2,0,2,4,4,2
60195,1,8,0,0,0,2,2,0,2,4,4,2
60198,1,8,0,2,0,2,2,0,2,4,4,2
60199,1,10,0,0,0,1,1,4,3,0,4,3
60206,1,10,0,2,0,3,1,0,3,4,4,1
60207,1,10,0,0,0,3,1,0,3,4,4,1
60208,2,5,0,1,1,3,2,1,3,4,4,2
60209,2,5,0,1,1,3,2,1,3,4,4,2
60210,2,8,0,1,0,2,2,0,2,4,4,2
60211,2,8,0,0,0,2,2,0,2,4,4,2
60214,2,10,0,1,0,1,1,4,3,0,4,3
60215,2,10,0,0,0,1,1,4,3,0,4,3
60222,2,10,0,1,0,3,1,0,3,4,4,1
60223,2,10,0,0,0,3,1,0,3,4,4,1
60288,1,5,0,2,1,2,2,4,3,1,4,3
60296,1,5,0,2,1,2,2,4,3,1,4,3
60300,1,8,0,2,0,2,2,0,2,4,4,2
60302,1,10,0,2,0,3,1,0,3,4,4,1
60303,1,10,0,0,0,3,1,0,3,4,4,1
60304,1,9,0,1,1,1,1,4,4,1,4,4
60305,1,10,0,0,0,3,1,0,3,4,4,1
60307,1,10,0,0,0,3,1,0,3,4,4,1
60312,1,10,0,1,0,1,1,4,3,0,4,3
60313,1,10,0,0,0,3,1,0,3,4,4,1
60315,1,10,0,0,0,3,1,0,3,4,4,1
60316,1,10,0,1,0,1,1,4,3,0,4,3
60317,1,10,0,0,0,3,1,0,3,4,4,1
60320,1,9,0,2,1,1,1,4,4,1,4,4
60322,1,10,0,2,0,3,1,0,3,4,4,1
60323,1,10,0,0,0,3,1,0,3,4,4,1
60328,1,9,0,2,1,1,1,4,4,1,4,4
60330,1,10,0,2,0,3,1,0,3,4,4,1
60331,1,10,0,0,0,3,1,0,3,4,4,1
60336,2,9,0,1,1,1,1,4,4,1,4,4
60337,2,10,0,1,0,3,1,0,3,4,4,1
60338,2,10,0,1,0,3,1,0,3,4,4,1
60339,2,10,0,0,0,3,1,0,3,4,4,1
60344,2,10,0,1,0,1,1,4,3,0,4,3
60345,2,10,0,1,0,3,1,0,3,4,4,1
60346,2,10,0,1,0,3,1,0,3,4,4,1
60347,2,10,0,0,0,3,1,0,3,4,4,1
60416,2,4,2,2,2,2,2,4,4,2,4,4
60480,2,5,2,2,1,3,2,1,3,4,4,2
60484,2,5,2,2,1,3,2,1,3,4,4,2
60486,2,5,2,2,1,3,2,1,3,4,4,2
60487,2,10,2,2,0,1,1,4,3,0,4,3
60492,2,5,2,2,1,3,2,1,3,4,4,2
60494,2,9,2,2,1,1,1,4,4,1,4,4
60495,2,10,2,2,0,1,1,4,3,0,4,3
60503,2,10,2,2,0,1,1,4,3,0,4,3
60511,2,10,2,2,0,1,1,4,3,0,4,3
60512,2,5,2,2,1,3,2,1,3,4,4,2
60514,2,5,2,2,1,3,2,1,3,4,4,2
60515,2,5,2,2,1,3,2,1,3,4,4,2
60516,2,5,2,2,1,3,2,1,3,4,4,2
60518,2,5,1,0,1,2,2,4,3,1,4,3
60519,2,10,1,0,0,1,1,4,3,0,4,3
60524,2,9,2,2,1,1,1,4,4,1,4,4
60526,2,9,1,0,1,1,1,4,4,1,4,4
60527,2,10,1,0,0,1,1,4,3,0,4,3
60528,2,5,2,2,1,3,2,1,3,4,4,2
60529,2,5,2,2,1,3,2,1,3,4,4,2
60530,2,8,2,2,0,2,2,0,2,4,4,2
60531,2,8,0,0,0,2,2,0,2,4,4,2
60532,2,10,2,2,0,1,1,4,3,0,4,3
60533,2,10,2,2,0,1,1,4,3,0,4,3
60534,2,10,1,0,0,1,1,4,3,0,4,3
60535,2,10,0,0,0,1,1,4,3,0,4,3
60540,2,10,2,2,0,1,1,4,3,0,4,3
60541,2,10,2,2,0,1,1,4,3,0,4,3
60542,2,10,1,0,0,1,1,4,3,0,4,3
60543,2,10,0,0,0,1,1,4,3,0,4,3
60544,2,4,2,2,2,2,2,4,4,2,4,4
60552,2,4,2,2,2,2,2,4,4,2,4,4
60556,2,5,2,2,1,3,2,1,3,4,4,2
60558,2,9,2,2,1,1,1,4,4,1,4,4
60559,2,10,2,2,0,1,1,4,3,0,4,3
60575,2,10,2,2,0,1,1,4,3,0,4,3
60608,2,5,2,1,1,3,2,1,3,4,4,2
60612,2,5,2,1,1,3,2,1,3,4,4,2
60614,2,9,2,1,1,1,1,4,4,1,4,4
60615,2,10,2,1,0,1,1,4,3,0,4,3
60616,2,5,2,1,1,3,2,1,3,4,4,2
60620,2,5,2,0,1,3,2,1,3,4,4,2
60622,2,9,2,0,1,1,1,4,4,1,4,4
60623,2,10,2,0,0,1,1,4,3,0,4,3
60631,2,10,2,1,0,1,1,4,3,0,4,3
60639,2,10,2,0,0,1,1,4,3,0,4,3
60640,2,9,2,1,1,1,1,4,4,1,4,4
60642,2,9,2,1,1,1,1,4,4,1,4,4
60643,2,9,2,1,1,1,1,4,4,1,4,4
60644,2,9,2,1,1,1,1,4,4,1,4,4
60646,2,9,1,0,1,1,1,4,4,1,4,4
60647,2,10,1,0,0,1,1,4,3,0,4,3
60648,2,9,2,1,1,1,1,4,4,1,4,4
60650,2,9,2,1,1,1,1,4,4,1,4,4
60651,2,10,2,1,0,1,1,4,3,0,4,3
60652,2,9,2,0,1,1,1,4,4,1,4,4
60654,2,9,1,0,1,1,1,4,4,1,4,4
60655,2,10,1,0,0,1,1,4,3,0,4,3
60656,2,9,2,1,1,1,1,4,4,1,4,4
60657,2,9,2,1,1,1,1,4,4,1,4,4
60658,2,9,2,1,1,1,1,4,4,1,4,4
60659,2,8,0,0,0,2,2,0,2,4,4,2
60660,2,10,2,1,0,1,1,4,3,0,4,3
60661,2,10,2,1,0,1,1,4,3,0,4,3
60662,2,10,1,0,0,1,1,4,3,0,4,3
60663,2,10,0,0,0,1,1,4,3,0,4,3
60664,2,10,2,1,0,1,1,4,3,0,4,3
60665,2,10,2,1,0,1,1,4,3,0,4,3
60666,2,10,2,1,0,1,1,4,3,0,4,3
60667,2,10,0,0,0,1,1,4,3,0,4,3
60668,2,10,2,0,0,1,1,4,3,0,4,3
60669,2,10,2,0,0,1,1,4,3,0,4,3
60670,2,10,1,0,0,1,1,4,3,0,4,3
60671,2,10,0,0,0,1,1,4,3,0,4,3
60928,2,4,1,2,2,2,2,4,4,2,4,4
60960,2,5,1,2,1,3,2,1,3,4,4,2
60962,2,5,1,2,1,3,2,1,3,4,4,2
60963,2,5,1,2,1,3,2,1,3,4,4,2
60966,2,5,1,2,1,3,2,1,3,4,4,2
60967,2,10,1,2,0,1,1,4,3,0,4,3
60974,2,9,1,2,1,1,1,4,4,1,4,4
60975,2,10,1,2,0,1,1,4,3,0,4,3
60976,2,5,1,2,1,3,2,1,3,4,4,2
60977,2,5,1,2,1,3,2,1,3,4,4,2
60978,2,8,1,2,0,2,2,0,2,4,4,2
60979,2,8,0,0,0,2,2,0,2,4,4,2
60982,2,10,1,2,0,1,1,4,3,0,4,3
60983,2,10,0,0,0,1,1,4,3,0,4,3
60990,2,10,1,2,0,1,1,4,3,0,4,3
60991,2,10,0,0,0,1,1,4,3,0,4,3
60992,2,5,1,2,1,3,2,1,3,4,4,2
60996,2,5,1,2,1,3,2,1,3,4,4,2
60998,2,5,1,2,1,3,2,1,3,4,4,2
60999,2,10,1,2,0,1,1,4,3,0,4,3
61004,2,5,1,2,1,3,2,1,3,4,4,2
61006,2,9,1,2,1,1,1,4,4,1,4,4
61007,2,10,1,2,0,1,1,4,3,0,4,3
61024,2,5,1,1,1,3,2,1,3,4,4,2
61026,2,5,1,1,1,3,2,1,3,4,4,2
61027,2,5,1,1,1,3,2,1,3,4,4,2
61028,2,5,1,1,1,3,2,1,3,4,4,2
61030,2,5,1,0,1,2,2,4,3,1,4,3
61031,2,10,1,0,0,1,1,4,3,0,4,3
61036,2,9,1,1,1,1,1,4,4,1,4,4
61038,2,9,1,0,1,1,1,4,4,1,4,4
61039,2,10,1,0,0,1,1,4,3,0,4,3
61040,2,5,1,1,1,3,2,1,3,4,4,2
61041,2,5,1,1,1,3,2,1,3,4,4,2
61042,2,8,1,1,0,2,2,0,2,4,4,2
61043,2,8,0,0,0,2,2,0,2,4,4,2
61044,2,10,1,1,0,1,1,4,3,0,4,3
61045,2,10,1,1,0,1,1,4,3,0,4,3
61046,2,10,1,0,0,1,1,4,3,0,4,3
61047,2,10,0,0,0,1,1,4,3,0,4,3
61052,2,10,1,1,0,1,1,4,3,0,4,3
61053,2,10,1,1,0,1,1,4,3,0,4,3
61054,2,10,1,0,0,1,1,4,3,0,4,3
61055,2,10,0,0,0,1,1,4,3,0,4,3
61056,2,5,1,2,1,2,2,4,3,1,4,3
61064,2,5,1,2,1,2,2,4,3,1,4,3
61068,2,5,1,2,1,3,2,1,3,4,4,2
61070,2,9,1,2,1,1,1,4,4,1,4,4
61071,2,10,1,2,0,1,1,4,3,0,4,3
61088,2,9,1,2,1,1,1,4,4,1,4,4
61090,2,9,1,2,1,1,1,4,4,1,4,4
61091,2,9,1,2,1,1,1,4,4,1,4,4
61096,2,9,1,2,1,1,1,4,4,1,4,4
61098,2,9,1,2,1,1,1,4,4,1,4,4
61099,2,10,1,2,0,1,1,4,3,0,4,3
61104,2,9,1,2,1,1,1,4,4,1,4,4
61105,2,9,1,2,1,1,1,4,4,1,4,4
61106,2,9,1,2,1,1,1,4,4,1,4,4
61107,2,8,0,0,0,2,2,0,2,4,4,2
61112,2,10,1,2,0,1,1,4,3,0,4,3
61113,2,10,1,2,0,1,1,4,3,0,4,3
61114,2,10,1,2,0,1,1,4,3,0,4,3
61115,2,10,0,0,0,1,1,4,3,0,4,3
61120,2,5,1,2,1,3,2,1,3,4,4,2
61124,2,5,1,2,1,3,2,1,3,4,4,2
61126,2,9,1,2,1,1,1,4,4,1,4,4
61127,2,10,1,2,0,1,1,4,3,0,4,3
61128,2,5,1,2,1,3,2,1,3,4,4,2
61132,2,5,1,2,1,3,2,1,3,4,4,2
61134,2,9,1,2,1,1,1,4,4,1,4,4
61135,2,10,1,2,0,1,1,4,3,0,4,3
61152,3,9,1,1,1,1,1,4,4,1,4,4
61154,3,9,1,1,1,1,1,4,4,1,4,4
61155,3,9,1,1,1,1,1,4,4,1,4,4
61156,3,9,1,1,1,1,1,4,4,1,4,4
61158,3,9,1,1,1,1,1,4,4,1,4,4
61159,3,10,1,1,0,1,1,4,3,0,4,3
61160,3,9,1,1,1,1,1,4,4,1,4,4
61162,3,9,1,1,1,1,1,4,4,1,4,4
61163,3,10,1,1,0,1,1,4,3,0,4,3
61164,3,9,1,1,1,1,1,4,4,1,4,4
61166,3,9,1,0,1,1,1,4,4,1,4,4
61167,3,10,1,0,0,1,1,4,3,0,4,3
61168,3,9,1,1,1,1,1,4,4,1,4,4
61169,3,9,1,1,1,1,1,4,4,1,4,4
61170,3,9,1,1,1,1,1,4,4,1,4,4
61171,3,8,1,1,0,2,2,0,2,4,4,2
61172,3,10,1,1,0,1,1,4,3,0,4,3
61173,3,10,1,1,0,1,1,4,3,0,4,3
61174,3,10,1,1,0,1,1,4,3,0,4,3
61175,3,10,1,1,0,1,1,4,3,0,4,3
61176,3,10,1,1,0,1,1,4,3,0,4,3
61177,3,10,1,1,0,1,1,4,3,0,4,3
61178,3,10,1,1,0,1,1,4,3,0,4,3
61179,3,10,1,1,0,1,1,4,3,0,4,3
61180,3,10,1,1,0,1,1,4,3,0,4,3
61181,3,10,1,1,0,1,1,4,3,0,4,3
61182,3,10,1,0,0,1,1,4,3,0,4,3
61183,3,10,1,0,0,1,1,4,3,0,4,3
61184,2,4,1,2,2,2,2,4,4,2,4,4
61200,2,5,1,2,0,3,1,1,2,4,3,2
61201,2,5,1,2,0,3,1,1,2,4,3,2
61203,2,8,1,2,0,2,2,0,2,4,4,2
61207,2,10,1,2,0,1,1,4,3,0,4,3
61215,2,10,1,2,0,3,1,0,3,4,4,1
61216,2,5,1,2,1,3,2,1,3,4,4,2
61218,2,8,1,2,0,2,2,0,2,4,4,2
61219,2,8,1,2,0,2,2,0,2,4,4,2
61222,2,8,1,2,0,2,2,0,2,4,4,2
61223,2,10,1,2,0,1,1,4,3,0,4,3
61230,2,10,1,2,0,3,1,0,3,4,4,1
61231,2,10,1,2,0,3,1,0,3,4,4,1
61232,2,5,0,1,1,3,2,1,3,4,4,2
61233,2,5,0,1,1,3,2,1,3,4,4,2
61234,2,8,0,1,0,2,2,0,2,4,4,2
61235,2,8,0,0,0,2,2,0,2,4,4,2
61238,2,10,0,1,0,1,1,4,3,0,4,3
61239,2,10,0,0,0,1,1,4,3,0,4,3
61246,2,10,0,1,0,3,1,0,3,4,4,1
61247,2,10,0,0,0,3,1,0,3,4,4,1
61248,2,5,1,2,1,3,2,1,3,4,4,2
61252,2,8,1,2,0,2,2,0,2,4,4,2
61254,2,8,1,2,0,2,2,0,2,4,4,2
61255,2,10,1,2,0,1,1,4,3,0,4,3
61260,2,8,1,2,0,2,2,0,2,4,4,2
61262,2,10,1,2,0,3,1,0,3,4,4,1
61263,2,10,1,2,0,3,1,0,3,4,4,1
61264,2,5,1,2,1,3,2,1,3,4,4,2
61265,2,5,1,2,1,3,2,1,3,4,4,2
61268,2,10,1,2,0,1,1,4,3,0,4,3
61269,2,10,1,2,0,1,1,4,3,0,4,3
61276,2,10,1,2,0,1,1,4,3,0,4,3
61277,2,10,1,2,0,3,1,0,3,4,4,1
61280,2,5,1,1,1,3,2,1,3,4,4,2
61282,2,8,1,1,0,2,2,0,2,4,4,2
61283,2,8,1,1,0,2,2,0,2,4,4,2
61284,2,8,1,1,0,2,2,0,2,4,4,2
61286,2,8,1,0,0,2,2,0,2,4,4,2
61287,2,10,1,0,0,1,1,4,3,0,4,3
61292,2,9,1,1,1,1,1,4,4,1,4,4
61294,2,10,1,0,0,3,1,0,3,4,4,1
61295,2,10,1,0,0,3,1,0,3,4,4,1
61296,2,5,0,1,1,3,2,1,3,4,4,2
61297,2,5,0,1,1,3,2,1,3,4,4,2
61298,2,8,0,1,0,2,2,0,2,4,4,2
61299,2,8,0,0,0,2,2,0,2,4,4,2
61300,2,10,0,1,0,1,1,4,3,0,4,3
61301,2,10,0,1,0,1,1,4,3,0,4,3
61302,2,10,0,1,0,1,1,4,3,0,4,3
61303,3,10,0,0,0,1,1,4,3,0,4,3
61308,2,10,0,1,0,1,1,4,3,0,4,3
61309,2,10,0,1,0,3,1,0,3,4,4,1
61310,2,10,0,1,0,3,1,0,3,4,4,1
61311,3,10,0,0,0,3,1,0,3,4,4,1
61312,2,5,1,2,1,2,2,4,3,1,4,3
61320,2,5,1,2,1,2,2,4,3,1,4,3
61324,2,8,1,2,0,2,2,0,2,4,4,2
61326,2,10,1,2,0,3,1,0,3,4,4,1
61327,2,10,1,2,0,3,1,0,3,4,4,1
61328,2,9,1,2,1,1,1,4,4,1,4,4
61329,2,10,1,2,0,3,1,0,3,4,4,1
61331,2,10,1,2,0,3,1,0,3,4,4,1
61336,2,10,1,2,0,1,1,4,3,0,4,3
61337,2,10,1,2,0,3,1,0,3,4,4,1
61339,2,10,1,2,0,3,1,0,3,4,4,1
61340,2,10,1,2,0,1,1,4,3,0,4,3
61341,2,10,1,2,0,3,1,0,3,4,4,1
61344,2,9,1,2,1,1,1,4,4,1,4,4
61346,2,10,1,2,0,3,1,0,3,4,4,1
61347,2,10,1,2,0,3,1,0,3,4,4,1
61352,2,9,1,2,1,1,1,4,4,1,4,4
61354,2,10,1,2,0,3,1,0,3,4,4,1
61355,2,10,1,2,0,3,1,0,3,4,4,1
61360,2,9,0,1,1,1,1,4,4,1,4,4
61361,2,10,0,1,0,3,1,0,3,4,4,1
61362,2,10,0,1,0,3,1,0,3,4,4,1
61363,2,10,0,0,0,3,1,0,3,4,4,1
61368,2,10,0,1,0,1,1,4,3,0,4,3
61369,2,10,0,1,0,3,1,0,3,4,4,1
61370,2,10,0,1,0,3,1,0,3,4,4,1
61371,2,10,0,0,0,3,1,0,3,4,4,1
61376,2,5,1,2,1,3,2,1,3,4,4,2
61380,2,8,1,2,0,2,2,0,2,4,4,2
61382,2,10,1,2,0,3,1,0,3,4,4,1
61383,2,10,1,2,0,3,1,0,3,4,4,1
61384,2,5,1,2,1,3,2,1,3,4,4,2
61388,2,8,1,2,0,2,2,0,2,4,4,2
61390,2,10,1,2,0,3,1,0,3,4,4,1
61391,2,10,1,2,0,3,1,0,3,4,4,1
61392,2,9,1,2,1,1,1,4,4,1,4,4
61393,2,10,1,2,0,3,1,0,3,4,4,1
61396,2,10,1,2,0,1,1,4,3,0,4,3
61397,2,10,1,2,0,3,1,0,3,4,4,1
61400,2,10,1,2,0,1,1,4,3,0,4,3
61401,2,10,1,2,0,3,1,0,3,4,4,1
61404,2,10,1,2,0,1,1,4,3,0,4,3
61405,2,10,1,2,0,3,1,0,3,4,4,1
61408,3,9,1,1,1,1,1,4,4,1,4,4
61410,3,10,1,1,0,3,1,0,3,4,4,1
61411,3,10,1,1,0,3,1,0,3,4,4,1
61412,3,9,1,1,1,1,1,4,4,1,4,4
61414,3,10,1,1,0,3,1,0,3,4,4,1
61415,3,10,1,1,0,3,1,0,3,4,4,1
61416,3,9,1,1,1,1,1,4,4,1,4,4
61418,3,10,1,1,0,3,1,0,3,4,4,1
61419,3,10,1,1,0,3,1,0,3,4,4,1
61420,3,9,1,1,1,1,1,4,4,1,4,4
61422,3,10,1,0,0,3,1,0,3,4,4,1
61423,3,10,1,0,0,3,1,0,3,4,4,1
61424,3,9,1,1,1,1,1,4,4,1,4,4
61425,3,10,1,1,0,3,1,0,3,4,4,1
61426,3,10,1,1,0,3,1,0,3,4,4,1
61427,3,10,1,1,0,3,1,0,3,4,4,1
61428,3,10,1,1,0,1,1,4,3,0,4,3
61429,3,10,1,1,0,3,1,0,3,4,4,1
61430,3,10,1,1,0,3,1,0,3,4,4,1
61431,3,10,0,0,0,3,1,0,3,4,4,1
61432,3,10,1,1,0,1,1,4,3,0,4,3
61433,3,10,1,1,0,3,1,0,3,4,4,1
61434,3,10,1,1,0,3,1,0,3,4,4,1
61435,3,10,1,1,0,3,1,0,3,4,4,1
61436,3,10,1,1,0,1,1,4,3,0,4,3
61437,3,10,1,1,0,3,1,0,3,4,4,1
61438,3,10,1,0,0,3,1,0,3,4,4,1
61439,3,10,0,0,0,3,1,0,3,4,4,1
61440,1,1,0,3,3,3,3,4,4,3,4,4
61696,1,2,0,2,0,3,1,2,1,4,2,3
61712,1,2,0,1,0,3,1,2,1,4,2,3
61713,1,2,0,0,0,3,1,2,1,4,2,3
61715,1,5,0,0,0,2,1,4,2,1,3,3
61719,1,10,0,0,0,1,1,4,3,0,4,3
61727,1,16,0,0,0,0,0,4,4,0,4,4
61744,1,5,0,1,0,2,1,4,2,1,3,3
61745,1,5,0,0,0,2,1,4,2,1,3,3
61746,1,5,0,1,0,2,1,4,2,1,3,3
61747,2,5,0,0,0,2,1,4,2,1,3,3
61750,1,10,0,1,0,1,1,4,3,0,4,3
61751,2,10,0,0,0,1,1,4,3,0,4,3
61758,1,10,0,1,0,3,1,0,3,4,4,1
61759,2,16,0,0,0,0,0,4,4,0,4,4
61783,1,10,0,0,0,1,1,4,3,0,4,3
61791,1,16,0,0,0,0,0,4,4,0,4,4
61808,1,9,0,1,0,1,0,4,3,1,3,4
61809,1,9,0,0,0,1,0,4,3,1,3,4
61810,1,9,0,1,0,1,0,4,3,1,3,4
61811,2,9,0,0,0,1,0,4,3,1,3,4
61812,1,10,0,1,0,1,1,4,3,0,4,3
61813,1,10,0,0,0,1,1,4,3,0,4,3
61814,2,10,1,0,0,1,1,4,3,0,4,3
61815,2,10,0,0,0,1,1,4,3,0,4,3
61820,1,10,0,1,0,1,1,4,3,0,4,3
61821,1,16,0,0,0,0,0,4,4,0,4,4
61822,2,10,1,0,0,3,1,0,3,4,4,1
61823,2,16,0,0,0,0,0,4,4,0,4,4
61855,1,16,0,0,0,0,0,4,4,0,4,4
61886,1,10,0,1,0,3,1,0,3,4,4,1
61887,2,16,0,0,0,0,0,4,4,0,4,4
61911,1,10,0,0,0,3,1,0,3,4,4,1
61919,2,16,2,0,0,0,0,4,4,0,4,4
61936,1,9,0,1,1,1,1,4,4,1,4,4
61937,1,10,0,0,0,3,1,0,3,4,4,1
61938,1,10,0,1,0,3,1,0,3,4,4,1
61939,2,10,0,0,0,3,1,0,3,4,4,1
61940,1,10,0,1,0,1,1,4,3,0,4,3
61941,1,10,0,0,0,3,1,0,3,4,4,1
61942,2,10,1,0,0,3,1,0,3,4,4,1
61943,2,10,0,0,0,3,1,0,3,4,4,1
61944,1,10,0,1,0,1,1,4,3,0,4,3
61945,1,16,0,0,0,0,0,4,4,0,4,4
61946,1,10,0,1,0,3,1,0,3,4,4,1
61947,2,16,0,0,0,0,0,4,4,0,4,4
61948,2,10,2,0,0,1,1,4,3,0,4,3
61949,2,16,2,0,0,0,0,4,4,0,4,4
61950,2,10,1,0,0,3,1,0,3,4,4,1
61951,2,16,0,0,0,0,0,4,4,0,4,4
61952,1,2,0,3,1,3,2,2,2,4,3,3
61984,1,2,0,3,1,3,2,2,2,4,3,3
61986,1,2,0,3,1,3,2,2,2,4,3,3
61987,1,4,0,0,0,1,0,3,2,1,2,3
61990,1,5,0,3,1,2,2,4,3,1,4,3
61991,1,10,0,0,0,1,1,4,3,0,4,3
61998,1,10,0,3,0,3,1,0,3,4,4,1
61999,1,16,0,0,0,0,0,4,4,0,4,4
62000,1,5,0,1,0,2,1,4,2,1,3,3
62001,1,5,0,0,0,2,1,4,2,1,3,3
62002,1,5,0,1,0,2,1,4,2,1,3,3
62003,2,5,0,0,0,2,1,4,2,1,3,3
62006,1,10,0,1,0,1,1,4,3,0,4,3
62007,2,10,0,0,0,1,1,4,3,0,4,3
62014,1,10,0,1,0,3,1,0,3,4,4,1
62015,2,16,0,0,0,0,0,4,4,0,4,4
62048,1,5,0,3,1,2,2,4,3,1,4,3
62050,1,5,0,3,1,2,2,4,3,1,4,3
62051,1,9,0,0,0,1,0,4,3,1,3,4
62052,1,5,0,3,1,2,2,4,3,1,4,3
62054,2,5,1,0,1,2,2,4,3,1,4,3
62055,2,10,1,0,0,1,1,4,3,0,4,3
62060,1,9,0,3,1,1,1,4,4,1,4,4
62062,2,10,1,0,0,3,1,0,3,4,4,1
62063,2,16,1,0,0,0,0,4,4,0,4,4
62064,1,9,0,1,0,1,0,4,3,1,3,4
62065,1,9,0,0,0,1,0,4,3,1,3,4
62066,1,9,0,1,0,1,0,4,3,1,3,4
62067,2,9,0,0,0,1,0,4,3,1,3,4
62068,1,10,0,1,0,1,1,4,3,0,4,3
62069,1,10,0,0,0,1,1,4,3,0,4,3
62070,2,10,1,0,0,1,1,4,3,0,4,3
62071,2,10,0,0,0,1,1,4,3,0,4,3
62076,1,10,0,1,0,1,1,4,3,0,4,3
62077,1,16,0,0,0,0,0,4,4,0,4,4
62078,2,10,1,0,0,3,1,0,3,4,4,1
62079,2,16,0,0,0,0,0,4,4,0,4,4
62126,1,10,0,3,0,3,1,0,3,4,4,1
62127,1,16,0,0,0,0,0,4,4,0,4,4
62142,1,10,0,1,0,3,1,0,3,4,4,1
62143,2,16,0,0,0,0,0,4,4,0,4,4
62176,1,9,0,3,1,1,1,4,4,1,4,4
62178,1,10,0,3,0,3,1,0,3,4,4,1
62179,1,10,0,0,0,3,1,0,3,4,4,1
62180,1,9,0,3,1,1,1,4,4,1,4,4
62182,2,10,1,0,0,3,1,0,3,4,4,1
62183,2,10,1,0,0,3,1,0,3,4,4,1
62184,1,9,0,3,1,1,1,4,4,1,4,4
62186,1,10,0,3,0,3,1,0,3,4,4,1
62187,1,16,0,0,0,0,0,4,4,0,4,4
62188,2,9,2,0,1,1,1,4,4,1,4,4
62190,2,10,1,0,0,3,1,0,3,4,4,1
62191,2,16,1,0,0,0,0,4,4,0,4,4
62192,1,9,0,1,1,1,1,4,4,1,4,4
62193,1,10,0,0,0,3,1,0,3,4,4,1
62194,1,10,0,1,0,3,1,0,3,4,4,1
62195,2,10,0,0,0,3,1,0,3,4,4,1
62196,1,10,0,1,0,1,1,4,3,0,4,3
62197,1,10,0,0,0,3,1,0,3,4,4,1
62198,2,10,1,0,0,3,1,0,3,4,4,1
62199,2,10,0,0,0,3,1,0,3,4,4,1
62200,1,10,0,1,0,1,1,4,3,0,4,3
62201,1,16,0,0,0,0,0,4,4,0,4,4
62202,1,10,0,1,0,3,1,0,3,4,4,1
62203,2,16,0,0,0,0,0,4,4,0,4,4
62204,2,10,2,0,0,1,1,4,3,0,4,3
62205,2,16,2,0,0,0,0,4,4,0,4,4
62206,2,10,1,0,0,3,1,0,3,4,4,1
62207,2,16,0,0,0,0,0,4,4,0,4,4
62208,2,4,0,2,0,2,0,4,2,2,2,4
62224,2,4,0,2,0,2,0,4,2,2,2,4
62225,2,4,0,2,0,2,0,4,2,2,2,4
62227,2,5,0,2,0,2,1,4,2,1,3,3
62231,2,10,0,2,0,1,1,4,3,0,4,3
62239,2,16,0,2,0,0,0,4,4,0,4,4
62240,2,5,0,2,0,2,1,4,2,1,3,3
62242,2,5,0,2,0,2,1,4,2,1,3,3
62243,2,5,0,2,0,2,1,4,2,1,3,3
62246,2,5,0,2,1,2,2,4,3,1,4,3
62247,2,10,0,2,0,1,1,4,3,0,4,3
62254,2,10,0,2,0,3,1,0,3,4,4,1
62255,2,16,0,2,0,0,0,4,4,0,4,4
62256,2,5,0,1,0,2,1,4,2,1,3,3
62257,2,5,0,1,0,2,1,4,2,1,3,3
62258,2,5,0,1,0,2,1,4,2,1,3,3
62259,2,5,0,0,0,2,1,4,2,1,3,3
62262,2,10,0,1,0,1,1,4,3,0,4,3
62263,2,10,0,0,0,1,1,4,3,0,4,3
62270,2,10,0,1,0,3,1,0,3,4,4,1
62271,2,16,0,0,0,0,0,4,4,0,4,4
62304,2,5,0,2,1,2,2,4,3,1,4,3
62306,2,5,0,2,1,2,2,4,3,1,4,3
62307,2,9,0,2,0,1,0,4,3,1,3,4
62308,2,5,0,2,1,2,2,4,3,1,4,3
62310,2,5,0,2,1,2,2,4,3,1,4,3
62311,2,10,0,2,0,1,1,4,3,0,4,3
62316,2,9,0,2,1,1,1,4,4,1,4,4
62318,2,10,0,2,0,3,1,0,3,4,4,1
62319,2,16,0,2,0,0,0,4,4,0,4,4
62320,2,9,0,1,0,1,0,4,3,1,3,4
62321,2,9,0,1,0,1,0,4,3,1,3,4
62322,2,9,0,1,0,1,0,4,3,1,3,4
62323,2,9,0,0,0,1,0,4,3,1,3,4
62324,2,10,0,1,0,1,1,4,3,0,4,3
62325,2,10,0,1,0,1,1,4,3,0,4,3
62326,2,10,0,1,0,1,1,4,3,0,4,3
62327,2,10,0,0,0,1,1,4,3,0,4,3
62332,2,10,0,1,0,1,1,4,3,0,4,3
62333,2,16,0,1,0,0,0,4,4,0,4,4
62334,2,10,0,1,0,3,1,0,3,4,4,1
62335,2,16,0,0,0,0,0,4,4,0,4,4
62367,2,16,0,2,0,0,0,4,4,0,4,4
62382,2,10,0,2,0,3,1,0,3,4,4,1
62383,2,16,0,2,0,0,0,4,4,0,4,4
62398,2,10,0,1,0,3,1,0,3,4,4,1
62399,2,16,0,0,0,0,0,4,4,0,4,4
62432,2,9,0,2,1,1,1,4,4,1,4,4
62434,2,10,0,2,0,3,1,0,3,4,4,1
62435,2,10,0,2,0,3,1,0,3,4,4,1
62436,2,9,0,2,1,1,1,4,4,1,4,4
62438,2,10,0,2,0,3,1,0,3,4,4,1
62439,2,10,0,2,0,3,1,0,3,4,4,1
62440,2,9,0,2,1,1,1,4,4,1,4,4
62442,2,10,0,2,0,3,1,0,3,4,4,1
62443,2,16,0,2,0,0,0,4,4,0,4,4
62444,2,9,0,2,1,1,1,4,4,1,4,4
62446,2,10,0,2,0,3,1,0,3,4,4,1
62447,2,16,0,2,0,0,0,4,4,0,4,4
62448,2,9,0,1,1,1,1,4,4,1,4,4
62449,2,10,0,1,0,3,1,0,3,4,4,1
62450,2,10,0,1,0,3,1,0,3,4,4,1
62451,2,10,0,0,0,3,1,0,3,4,4,1
62452,2,10,0,1,0,1,1,4,3,0,4,3
62453,2,10,0,1,0,3,1,0,3,4,4,1
62454,2,10,0,1,0,3,1,0,3,4,4,1
62455,2,10,0,0,0,3,1,0,3,4,4,1
62456,2,10,0,1,0,1,1,4,3,0,4,3
62457,2,16,0,1,0,0,0,4,4,0,4,4
62458,2,10,0,1,0,3,1,0,3,4,4,1
62459,2,16,0,0,0,0,0,4,4,0,4,4
62460,2,10,0,1,0,1,1,4,3,0,4,3
62461,2,16,0,1,0,0,0,4,4,0,4,4
62462,2,10,0,1,0,3,1,0,3,4,4,1
62463,2,16,0,0,0,0,0,4,4,0,4,4
62464,1,2,0,3,2,3,3,2,3,4,4,3
62528,1,2,0,3,2,3,3,2,3,4,4,3
62532,1,2,0,3,2,3,3,2,3,4,4,3
62534,1,5,0,3,0,3,1,1,2,4,3,2
62535,1,10,0,0,0,1,1,4,3,0,4,3
62540,1,4,0,3,2,1,2,3,4,1,4,3
62542,1,10,0,3,0,3,1,0,3,4,4,1
62543,1,16,0,0,0,0,0,4,4,0,4,4
62551,1,10,0,0,0,1,1,4,3,0,4,3
62559,1,16,0,0,0,0,0,4,4,0,4,4
62560,1,5,0,3,1,2,2,4,3,1,4,3
62562,1,5,0,3,1,2,2,4,3,1,4,3
62563,1,9,0,0,0,1,0,4,3,1,3,4
62564,1,5,0,3,1,2,2,4,3,1,4,3
62566,2,5,1,0,1,2,2,4,3,1,4,3
62567,2,10,1,0,0,1,1,4,3,0,4,3
62572,1,9,0,3,1,1,1,4,4,1,4,4
62574,2,10,1,0,0,3,1,0,3,4,4,1
62575,2,16,1,0,0,0,0,4,4,0,4,4
62576,1,9,0,1,0,1,0,4,3,1,3,4
62577,1,9,0,0,0,1,0,4,3,1,3,4
62578,1,9,0,1,0,1,0,4,3,1,3,4
62579,2,9,0,0,0,1,0,4,3,1,3,4
62580,1,10,0,1,0,1,1,4,3,0,4,3
62581,1,10,0,0,0,1,1,4,3,0,4,3
62582,2,10,1,0,0,1,1,4,3,0,4,3
62583,2,10,0,0,0,1,1,4,3,0,4,3
62588,1,10,0,1,0,1,1,4,3,0,4,3
62589,1,16,0,0,0,0,0,4,4,0,4,4
62590,2,10,1,0,0,3,1,0,3,4,4,1
62591,2,16,0,0,0,0,0,4,4,0,4,4
62656,1,5,0,3,1,3,2,1,3,4,4,2
62660,1,5,0,3,1,3,2,1,3,4,4,2
62662,1,10,0,3,0,3,1,0,3,4,4,1
62663,1,10,0,0,0,3,1,0,3,4,4,1
62664,1,5,0,3,1,3,2,1,3,4,4,2
62668,2,5,2,0,1,3,2,1,3,4,4,2
62670,2,10,2,0,0,3,1,0,3,4,4,1
62671,2,16,2,0,0,0,0,4,4,0,4,4
62679,1,10,0,0,0,3,1,0,3,4,4,1
62687,2,16,2,0,0,0,0,4,4,0,4,4
62688,1,9,0,3,1,1,1,4,4,1,4,4
62690,1,10,0,3,0,3,1,0,3,4,4,1
62691,1,10,0,0,0,3,1,0,3,4,4,1
62692,1,9,0,3,1,1,1,4,4,1,4,4
62694,2,10,1,0,0,3,1,0,3,4,4,1
62695,2,10,1,0,0,3,1,0,3,4,4,1
62696,1,9,0,3,1,1,1,4,4,1,4,4
62698,1,10,0,3,0,3,1,0,3,4,4,1
62699,1,16,0,0,0,0,0,4,4,0,4,4
62700,2,9,2,0,1,1,1,4,4,1,4,4
62702,2,10,1,0,0,3,1,0,3,4,4,1
62703,2,16,1,0,0,0,0,4,4,0,4,4
62704,1,9,0,1,1,1,1,4,4,1,4,4
62705,1,10,0,0,0,3,1,0,3,4,4,1
62706,1,10,0,1,0,3,1,0,3,4,4,1
62707,2,10,0,0,0,3,1,0,3,4,4,1
62708,1,10,0,1,0,1,1,4,3,0,4,3
62709,1,10,0,0,0,3,1,0,3,4,4,1
62710,2,10,1,0,0,3,1,0,3,4,4,1
62711,2,10,0,0,0,3,1,0,3,4,4,1
62712,1,10,0,1,0,1,1,4,3,0,4,3
62713,1,16,0,0,0,0,0,4,4,0,4,4
62714,1,10,0,1,0,3,1,0,3,4,4,1
62715,2,16,0,0,0,0,0,4,4,0,4,4
62716,2,10,2,0,0,1,1,4,3,0,4,3
62717,2,16,2,0,0,0,0,4,4,0,4,4
62718,2,10,1,0,0,3,1,0,3,4,4,1
62719,2,16,0,0,0,0,0,4,4,0,4,4
62720,1,4,0,2,1,2,1,4,3,2,3,4
62736,1,5,0,1,0,3,1,1,2,4,3,2
62737,1,5,0,0,0,3,1,1,2,4,3,2
62739,1,5,0,0,0,3,1,1,2,4,3,2
62743,1,10,0,0,0,1,1,4,3,0,4,3
62751,1,16,0,0,0,0,0,4,4,0,4,4
62784,1,5,0,2,1,2,2,4,3,1,4,3
62788,1,5,0,2,1,2,2,4,3,1,4,3
62790,1,5,0,2,1,2,2,4,3,1,4,3
62791,1,10,0,0,0,1,1,4,3,0,4,3
62796,1,5,0,2,1,2,2,4,3,1,4,3
62798,1,10,0,2,0,3,1,0,3,4,4,1
62799,1,16,0,0,0,0,0,4,4,0,4,4
62800,1,9,0,1,0,1,0,4,3,1,3,4
62801,1,9,0,0,0,1,0,4,3,1,3,4
62804,1,10,0,1,0,1,1,4,3,0,4,3
62805,1,10,0,0,0,1,1,4,3,0,4,3
62812,1,10,0,1,0,1,1,4,3,0,4,3
62813,1,16,0,0,0,0,0,4,4,0,4,4
62912,1,5,0,2,1,3,2,1,3,4,4,2
62916,1,8,0,2,0,2,2,0,2,4,4,2
62918,1,10,0,2,0,3,1,0,3,4,4,1
62919,1,10,0,0,0,3,1,0,3,4,4,1
62920,1,5,0,2,1,3,2,1,3,4,4,2
62924,2,8,2,0,0,2,2,0,2,4,4,2
62926,2,10,2,0,0,3,1,0,3,4,4,1
62927,2,16,2,0,0,0,0,4,4,0,4,4
62928,1,9,0,1,1,1,1,4,4,1,4,4
62929,1,10,0,0,0,3,1,0,3,4,4,1
62932,1,10,0,1,0,1,1,4,3,0,4,3
62933,1,10,0,0,0,3,1,0,3,4,4,1
62936,1,10,0,1,0,1,1,4,3,0,4,3
62937,1,16,0,0,0,0,0,4,4,0,4,4
62940,2,10,2,0,0,1,1,4,3,0,4,3
62941,2,16,2,0,0,0,0,4,4,0,4,4
62976,2,4,1,2,1,2,1,4,3,2,3,4
63008,2,5,1,2,0,3,1,1,2,4,3,2
63010,2,5,1,2,0,3,1,1,2,4,3,2
63011,2,5,1,2,0,3,1,1,2,4,3,2
63014,2,5,1,2,1,2,2,4,3,1,4,3
63015,2,10,1,2,0,1,1,4,3,0,4,3
63022,2,10,1,2,0,3,1,0,3,4,4,1
63023,2,16,1,2,0,0,0,4,4,0,4,4
63024,2,5,1,2,0,3,1,1,2,4,3,2
63025,2,5,1,2,0,3,1,1,2,4,3,2
63026,2,5,1,2,0,3,1,1,2,4,3,2
63027,2,5,0,0,0,2,1,4,2,1,3,3
63030,2,10,1,2,0,1,1,4,3,0,4,3
63031,2,10,0,0,0,1,1,4,3,0,4,3
63038,2,10,1,2,0,3,1,0,3,4,4,1
63039,2,16,0,0,0,0,0,4,4,0,4,4
63040,2,5,1,2,1,2,2,4,3,1,4,3
63044,2,5,1,2,1,2,2,4,3,1,4,3
63046,2,5,1,2,1,2,2,4,3,1,4,3
63047,2,10,1,2,0,1,1,4,3,0,4,3
63052,2,5,1,2,1,2,2,4,3,1,4,3
63054,2,10,1,2,0,3,1,0,3,4,4,1
63055,2,16,1,2,0,0,0,4,4,0,4,4
63072,2,5,1,1,1,2,2,4,3,1,4,3
63074,2,5,1,1,1,2,2,4,3,1,4,3
63075,2,9,1,1,0,1,0,4,3,1,3,4
63076,2,5,1,1,1,2,2,4,3,1,4,3
63078,2,5,1,0,1,2,2,4,3,1,4,3
63079,2,10,1,0,0,1,1,4,3,0,4,3
63084,2,9,1,1,1,1,1,4,4,1,4,4
63086,2,10,1,0,0,3,1,0,3,4,4,1
63087,2,16,1,0,0,0,0,4,4,0,4,4
63088,2,9,1,1,0,1,0,4,3,1,3,4
63089,2,9,1,1,0,1,0,4,3,1,3,4
63090,2,9,1,1,0,1,0,4,3,1,3,4
63091,2,9,0,0,0,1,0,4,3,1,3,4
63092,2,10,1,1,0,1,1,4,3,0,4,3
63093,2,10,1,1,0,1,1,4,3,0,4,3
63094,2,10,1,0,0,1,1,4,3,0,4,3
63095,2,10,0,0,0,1,1,4,3,0,4,3
63100,2,10,1,1,0,1,1,4,3,0,4,3
63101,2,16,1,1,0,0,0,4,4,0,4,4
63102,2,10,1,0,0,3,1,0,3,4,4,1
63103,2,16,0,0,0,0,0,4,4,0,4,4
63168,2,5,1,2,1,3,2,1,3,4,4,2
63172,2,5,1,2,1,3,2,1,3,4,4,2
63174,2,10,1,2,0,3,1,0,3,4,4,1
63175,2,10,1,2,0,3,1,0,3,4,4,1
63176,2,5,1,2,1,3,2,1,3,4,4,2
63180,2,5,1,2,1,3,2,1,3,4,4,2
63182,2,10,1,2,0,3,1,0,3,4,4,1
63183,2,16,1,2,0,0,0,4,4,0,4,4
63200,2,9,1,1,1,1,1,4,4,1,4,4
63202,2,10,1,1,0,3,1,0,3,4,4,1
63203,2,10,1,1,0,3,1,0,3,4,4,1
63204,2,9,1,1,1,1,1,4,4,1,4,4
63206,2,10,1,0,0,3,1,0,3,4,4,1
63207,2,10,1,0,0,3,1,0,3,4,4,1
63208,2,9,1,1,1,1,1,4,4,1,4,4
63210,2,10,1,1,0,3,1,0,3,4,4,1
63211,2,16,1,1,0,0,0,4,4,0,4,4
63212,2,9,1,1,1,1,1,4,4,1,4,4
63214,2,10,1,0,0,3,1,0,3,4,4,1
63215,2,16,1,0,0,0,0,4,4,0,4,4
63216,2,9,1,1,1,1,1,4,4,1,4,4
63217,2,10,1,1,0,3,1,0,3,4,4,1
63218,2,10,1,1,0,3,1,0,3,4,4,1
63219,2,10,0,0,0,3,1,0,3,4,4,1
63220,2,10,1,1,0,1,1,4,3,0,4,3
63221,2,10,1,1,0,3,1,0,3,4,4,1
63222,2,10,1,0,0,3,1,0,3,4,4,1
63223,2,10,0,0,0,3,1,0,3,4,4,1
63224,2,10,1,1,0,1,1,4,3,0,4,3
63225,2,16,1,1,0,0,0,4,4,0,4,4
63226,2,10,1,1,0,3,1,0,3,4,4,1
63227,2,16,0,0,0,0,0,4,4,0,4,4
63228,2,10,1,1,0,1,1,4,3,0,4,3
63229,2,16,1,1,0,0,0,4,4,0,4,4
63230,2,10,1,0,0,3,1,0,3,4,4,1
63231,2,16,0,0,0,0,0,4,4,0,4,4
63232,2,4,0,2,1,2,1,4,3,2,3,4
63248,2,5,0,2,0,3,1,1,2,4,3,2
63249,2,5,0,2,0,3,1,1,2,4,3,2
63251,2,5,0,2,0,3,1,1,2,4,3,2
63255,2,10,0,2,0,1,1,4,3,0,4,3
63263,2,16,0,2,0,0,0,4,4,0,4,4
63264,2,5,0,2,0,3,1,1,2,4,3,2
63266,2,5,0,2,0,3,1,1,2,4,3,2
63267,2,5,0,2,0,3,1,1,2,4,3,2
63270,2,5,0,2,1,2,2,4,3,1,4,3
63271,2,10,0,2,0,1,1,4,3,0,4,3
63278,2,10,0,2,0,3,1,0,3,4,4,1
63279,2,16,0,2,0,0,0,4,4,0,4,4
63280,2,5,0,1,0,3,1,1,2,4,3,2
63281,2,5,0,1,0,3,1,1,2,4,3,2
63282,2,5,0,1,0,3,1,1,2,4,3,2
63283,2,5,0,0,0,2,1,4,2,1,3,3
63286,2,10,0,1,0,1,1,4,3,0,4,3
63287,2,10,0,0,0,1,1,4,3,0,4,3
63294,2,10,0,1,0,3,1,0,3,4,4,1
63295,2,16,0,0,0,0,0,4,4,0,4,4
63296,2,5,0,2,1,2,2,4,3,1,4,3
63300,2,5,0,2,1,2,2,4,3,1,4,3
63302,2,5,0,2,1,2,2,4,3,1,4,3
63303,2,10,0,2,0,1,1,4,3,0,4,3
63308,2,5,0,2,1,2,2,4,3,1,4,3
63310,2,10,0,2,0,3,1,0,3,4,4,1
63311,2,16,0,2,0,0,0,4,4,0,4,4
63312,2,9,0,2,0,1,0,4,3,1,3,4
63313,2,9,0,2,0,1,0,4,3,1,3,4
63316,2,10,0,2,0,1,1,4,3,0,4,3
63317,2,10,0,2,0,1,1,4,3,0,4,3
63324,2,10,0,2,0,1,1,4,3,0,4,3
63325,2,16,0,2,0,0,0,4,4,0,4,4
63328,2,5,0,2,1,2,2,4,3,1,4,3
63330,2,5,0,2,1,2,2,4,3,1,4,3
63331,2,9,0,2,0,1,0,4,3,1,3,4
63332,2,5,0,2,1,2,2,4,3,1,4,3
63334,2,5,0,2,1,2,2,4,3,1,4,3
63335,2,10,0,2,0,1,1,4,3,0,4,3
63340,2,9,0,2,1,1,1,4,4,1,4,4
63342,2,10,0,2,0,3,1,0,3,4,4,1
63343,2,16,0,2,0,0,0,4,4,0,4,4
63344,3,9,0,1,0,1,0,4,3,1,3,4
63345,3,9,0,1,0,1,0,4,3,1,3,4
63346,3,9,0,1,0,1,0,4,3,1,3,4
63347,3,9,0,1,0,1,0,4,3,1,3,4
63348,3,10,0,1,0,1,1,4,3,0,4,3
63349,3,10,0,1,0,1,1,4,3,0,4,3
63350,3,10,0,1,0,1,1,4,3,0,4,3
63351,3,10,0,0,0,1,1,4,3,0,4,3
63356,3,10,0,1,0,1,1,4,3,0,4,3
63357,3,16,0,1,0,0,0,4,4,0,4,4
63358,3,10,0,1,0,3,1,0,3,4,4,1
63359,3,16,0,0,0,0,0,4,4,0,4,4
63424,2,5,0,2,1,2,2,4,3,1,4,3
63428,2,8,0,2,0,2,2,0,2,4,4,2
63430,2,10,0,2,0,3,1,0,3,4,4,1
63431,2,10,0,2,0,3,1,0,3,4,4,1
63432,2,5,0,2,1,2,2,4,3,1,4,3
63436,2,8,0,2,0,2,2,0,2,4,4,2
63438,2,10,0,2,0,3,1,0,3,4,4,1
63439,2,16,0,2,0,0,0,4,4,0,4,4
63440,2,9,0,2,1,1,1,4,4,1,4,4
63441,2,10,0,2,0,3,1,0,3,4,4,1
63444,2,10,0,2,0,1,1,4,3,0,4,3
63445,2,10,0,2,0,3,1,0,3,4,4,1
63448,2,10,0,2,0,1,1,4,3,0,4,3
63449,2,16,0,2,0,0,0,4,4,0,4,4
63452,2,10,0,2,0,1,1,4,3,0,4,3
63453,2,16,0,2,0,0,0,4,4,0,4,4
63456,2,9,0,2,1,1,1,4,4,1,4,4
63458,2,10,0,2,0,3,1,0,3,4,4,1
63459,2,10,0,2,0,3,1,0,3,4,4,1
63460,2,9,0,2,1,1,1,4,4,1,4,4
63462,2,10,0,2,0,3,1,0,3,4,4,1
63463,2,10,0,2,0,3,1,0,3,4,4,1
63464,2,9,0,2,1,1,1,4,4,1,4,4
63466,2,10,0,2,0,3,1,0,3,4,4,1
63467,2,16,0,2,0,0,0,4,4,0,4,4
63468,2,9,0,2,1,1,1,4,4,1,4,4
63470,2,10,0,2,0,3,1,0,3,4,4,1
63471,2,16,0,2,0,0,0,4,4,0,4,4
63472,3,9,0,1,1,1,1,4,4,1,4,4
63473,3,10,0,1,0,3,1,0,3,4,4,1
63474,3,10,0,1,0,3,1,0,3,4,4,1
63475,3,10,0,1,0,3,1,0,3,4,4,1
63476,3,10,0,1,0,1,1,4,3,0,4,3
63477,3,10,0,1,0,3,1,0,3,4,4,1
63478,3,10,0,1,0,3,1,0,3,4,4,1
63479,3,10,0,0,0,3,1,0,3,4,4,1
63480,3,10,0,1,0,1,1,4,3,0,4,3
63481,3,16,0,1,0,0,0,4,4,0,4,4
63482,3,10,0,1,0,3,1,0,3,4,4,1
63483,3,16,0,1,0,0,0,4,4,0,4,4
63484,3,10,0,1,0,1,1,4,3,0,4,3
63485,3,16,0,1,0,0,0,4,4,0,4,4
63486,3,10,0,1,0,3,1,0,3,4,4,1
63487,3,16,0,0,0,0,0,4,4,0,4,4
63488,1,2,0,3,2,3,3,2,3,4,4,3
63616,1,2,0,3,2,3,3,2,3,4,4,3
63624,1,2,0,3,2,3,3,2,3,4,4,3
63628,1,5,0,3,1,3,2,1,3,4,4,2
63630,1,10,0,3,0,3,1,0,3,4,4,1
63631,1,16,0,0,0,0,0,4,4,0,4,4
63647,1,16,0,0,0,0,0,4,4,0,4,4
63662,1,10,0,3,0,3,1,0,3,4,4,1
63663,1,16,0,0,0,0,0,4,4,0,4,4
63678,1,10,0,1,0,3,1,0,3,4,4,1
63679,2,16,0,0,0,0,0,4,4,0,4,4
63680,1,5,0,3,1,3,2,1,3,4,4,2
63684,1,5,0,3,1,3,2,1,3,4,4,2
63686,1,10,0,3,0,3,1,0,3,4,4,1
63687,1,10,0,0,0,3,1,0,3,4,4,1
63688,1,5,0,3,1,3,2,1,3,4,4,2
63692,2,5,2,0,1,3,2,1,3,4,4,2
63694,2,10,2,0,0,3,1,0,3,4,4,1
63695,2,16,2,0,0,0,0,4,4,0,4,4
63703,1,10,0,0,0,3,1,0,3,4,4,1
63711,2,16,2,0,0,0,0,4,4,0,4,4
63712,1,9,0,3,1,1,1,4,4,1,4,4
63714,1,10,0,3,0,3,1,0,3,4,4,1
63715,1,10,0,0,0,3,1,0,3,4,4,1
63716,1,9,0,3,1,1,1,4,4,1,4,4
63718,2,10,1,0,0,3,1,0,3,4,4,1
63719,2,10,1,0,0,3,1,0,3,4,4,1
63720,1,9,0,3,1,1,1,4,4,1,4,4
63722,1,10,0,3,0,3,1,0,3,4,4,1
63723,1,16,0,0,0,0,0,4,4,0,4,4
63724,2,9,2,0,1,1,1,4,4,1,4,4
63726,2,10,1,0,0,3,1,0,3,4,4,1
63727,2,16,1,0,0,0,0,4,4,0,4,4
63728,1,9,0,1,1,1,1,4,4,1,4,4
63729,1,10,0,0,0,3,1,0,3,4,4,1
63730,1,10,0,1,0,3,1,0,3,4,4,1
63731,2,10,0,0,0,3,1,0,3,4,4,1
63732,1,10,0,1,0,1,1,4,3,0,4,3
63733,1,10,0,0,0,3,1,0,3,4,4,1
63734,2,10,1,0,0,3,1,0,3,4,4,1
63735,2,10,0,0,0,3,1,0,3,4,4,1
63736,1,10,0,1,0,1,1,4,3,0,4,3
63737,1,16,0,0,0,0,0,4,4,0,4,4
63738,1,10,0,1,0,3,1,0,3,4,4,1
63739,2,16,0,0,0,0,0,4,4,0,4,4
63740,2,10,2,0,0,1,1,4,3,0,4,3
63741,2,16,2,0,0,0,0,4,4,0,4,4
63742,2,10,1,0,0,3,1,0,3,4,4,1
63743,2,16,0,0,0,0,0,4,4,0,4,4
63744,1,4,0,2,1,2,1,4,3,2,3,4
63760,1,5,0,1,0,3,1,1,2,4,3,2
63761,1,5,0,0,0,3,1,1,2,4,3,2
63763,1,8,0,0,0,2,2,0,2,4,4,2
63767,1,10,0,0,0,1,1,4,3,0,4,3
63775,1,16,0,0,0,0,0,4,4,0,4,4
63792,1,5,0,1,1,3,2,1,3,4,4,2
63793,1,5,0,0,1,3,2,1,3,4,4,2
63794,1,8,0,1,0,2,2,0,2,4,4,2
63795,2,8,0,0,0,2,2,0,2,4,4,2
63798,1,10,0,1,0,1,1,4,3,0,4,3
63799,2,10,0,0,0,1,1,4,3,0,4,3
63806,1,10,0,1,0,3,1,0,3,4,4,1
63807,2,16,0,0,0,0,0,4,4,0,4,4
63872,1,5,0,2,1,2,2,4,3,1,4,3
63880,1,5,0,2,1,2,2,4,3,1,4,3
63884,1,8,0,2,0,2,2,0,2,4,4,2
63886,1,10,0,2,0,3,1,0,3,4,4,1
63887,1,16,0,0,0,0,0,4,4,0,4,4
63888,1,9,0,1,1,1,1,4,4,1,4,4
63889,1,10,0,0,0,3,1,0,3,4,4,1
63891,1,10,0,0,0,3,1,0,3,4,4,1
63896,1,10,0,1,0,1,1,4,3,0,4,3
63897,1,16,0,0,0,0,0,4,4,0,4,4
63899,1,16,0,0,0,0,0,4,4,0,4,4
63900,1,10,0,1,0,1,1,4,3,0,4,3
63901,1,16,0,0,0,0,0,4,4,0,4,4
63920,1,9,0,1,1,1,1,4,4,1,4,4
63921,1,10,0,0,0,3,1,0,3,4,4,1
63922,1,10,0,1,0,3,1,0,3,4,4,1
63923,2,10,0,0,0,3,1,0,3,4,4,1
63928,1,10,0,1,0,1,1,4,3,0,4,3
63929,1,16,0,0,0,0,0,4,4,0,4,4
63930,1,10,0,1,0,3,1,0,3,4,4,1
63931,2,16,0,0,0,0,0,4,4,0,4,4
63936,1,5,0,2,1,3,2,1,3,4,4,2
63940,1,8,0,2,0,2,2,0,2,4,4,2
63942,1,10,0,2,0,3,1,0,3,4,4,1
63943,1,10,0,0,0,3,1,0,3,4,4,1
63944,1,5,0,2,1,3,2,1,3,4,4,2
63948,2,8,2,0,0,2,2,0,2,4,4,2
63950,2,10,2,0,0,3,1,0,3,4,4,1
63951,2,16,2,0,0,0,0,4,4,0,4,4
63952,1,9,0,1,1,1,1,4,4,1,4,4
63953,1,10,0,0,0,3,1,0,3,4,4,1
63956,1,10,0,1,0,1,1,4,3,0,4,3
63957,1,10,0,0,0,3,1,0,3,4,4,1
63960,1,10,0,1,0,1,1,4,3,0,4,3
63961,1,16,0,0,0,0,0,4,4,0,4,4
63964,2,10,2,0,0,1,1,4,3,0,4,3
63965,2,16,2,0,0,0,0,4,4,0,4,4
64000,1,4,0,3,2,2,2,4,4,2,4,4
64032,1,5,0,3,1,3,2,1,3,4,4,2
64034,1,5,0,3,1,3,2,1,3,4,4,2
64035,1,5,0,0,1,3,2,1,3,4,4,2
64038,1,5,0,3,1,3,2,1,3,4,4,2
64039,1,10,0,0,0,1,1,4,3,0,4,3
64046,1,10,0,3,0,3,1,0,3,4,4,1
64047,1,16,0,0,0,0,0,4,4,0,4,4
64048,1,5,0,1,1,3,2,1,3,4,4,2
64049,1,5,0,0,1,3,2,1,3,4,4,2
64050,1,8,0,1,0,2,2,0,2,4,4,2
64051,2,8,0,0,0,2,2,0,2,4,4,2
64054,1,10,0,1,0,1,1,4,3,0,4,3
64055,2,10,0,0,0,1,1,4,3,0,4,3
64062,1,10,0,1,0,3,1,0,3,4,4,1
64063,2,16,0,0,0,0,0,4,4,0,4,4
64128,1,5,0,3,1,2,2,4,3,1,4,3
64136,1,5,0,3,1,2,2,4,3,1,4,3
64140,1,5,0,3,1,3,2,1,3,4,4,2
64142,1,10,0,3,0,3,1,0,3,4,4,1
64143,1,16,0,0,0,0,0,4,4,0,4,4
64160,1,9,0,3,1,1,1,4,4,1,4,4
64162,1,10,0,3,0,3,1,0,3,4,4,1
64163,1,10,0,0,0,3,1,0,3,4,4,1
64168,1,9,0,3,1,1,1,4,4,1,4,4
64170,1,10,0,3,0,3,1,0,3,4,4,1
64171,1,16,0,0,0,0,0,4,4,0,4,4
64176,1,9,0,1,1,1,1,4,4,1,4,4
64177,1,10,0,0,0,3,1,0,3,4,4,1
64178,1,10,0,1,0,3,1,0,3,4,4,1
64179,2,10,0,0,0,3,1,0,3,4,4,1
64184,1,10,0,1,0,1,1,4,3,0,4,3
64185,1,16,0,0,0,0,0,4,4,0,4,4
64186,1,10,0,1,0,3,1,0,3,4,4,1
64187,2,16,0,0,0,0,0,4,4,0,4,4
64256,2,4,0,2,2,2,2,4,4,2,4,4
64272,2,5,0,2,0,3,1,1,2,4,3,2
64273,2,5,0,2,0,3,1,1,2,4,3,2
64275,2,8,0,2,0,2,2,0,2,4,4,2
64279,2,10,0,2,0,1,1,4,3,0,4,3
64287,2,16,0,2,0,0,0,4,4,0,4,4
64288,2,5,0,2,0,3,1,1,2,4,3,2
64290,2,8,0,2,0,2,2,0,2,4,4,2
64291,2,8,0,2,0,2,2,0,2,4,4,2
64294,2,8,0,2,0,2,2,0,2,4,4,2
64295,2,10,0,2,0,1,1,4,3,0,4,3
64302,2,10,0,2,0,3,1,0,3,4,4,1
64303,2,16,0,2,0,0,0,4,4,0,4,4
64304,2,5,0,1,0,3,1,1,2,4,3,2
64305,2,5,0,1,0,3,1,1,2,4,3,2
64306,2,8,0,1,0,2,2,0,2,4,4,2
64307,2,8,0,0,0,2,2,0,2,4,4,2
64310,2,10,0,1,0,1,1,4,3,0,4,3
64311,2,10,0,0,0,1,1,4,3,0,4,3
64318,2,10,0,1,0,3,1,0,3,4,4,1
64319,2,16,0,0,0,0,0,4,4,0,4,4
64384,2,5,0,2,1,2,2,4,3,1,4,3
64392,2,5,0,2,1,2,2,4,3,1,4,3
64396,2,8,0,2,0,2,2,0,2,4,4,2
64398,2,10,0,2,0,3,1,0,3,4,4,1
64399,2,16,0,2,0,0,0,4,4,0,4,4
64400,2,9,0,2,1,1,1,4,4,1,4,4
64401,2,10,0,2,0,3,1,0,3,4,4,1
64403,2,10,0,2,0,3,1,0,3,4,4,1
64408,2,10,0,2,0,1,1,4,3,0,4,3
64409,2,16,0,2,0,0,0,4,4,0,4,4
64411,2,16,0,2,0,0,0,4,4,0,4,4
64412,2,10,0,2,0,1,1,4,3,0,4,3
64413,2,16,0,2,0,0,0,4,4,0,4,4
64416,2,9,0,2,1,1,1,4,4,1,4,4
64418,2,10,0,2,0,3,1,0,3,4,4,1
64419,2,10,0,2,0,3,1,0,3,4,4,1
64424,2,9,0,2,1,1,1,4,4,1,4,4
64426,2,10,0,2,0,3,1,0,3,4,4,1
64427,2,16,0,2,0,0,0,4,4,0,4,4
64432,2,9,0,1,1,1,1,4,4,1,4,4
64433,2,10,0,1,0,3,1,0,3,4,4,1
64434,2,10,0,1,0,3,1,0,3,4,4,1
64435,2,10,0,0,0,3,1,0,3,4,4,1
64440,2,10,0,1,0,1,1,4,3,0,4,3
64441,2,16,0,1,0,0,0,4,4,0,4,4
64442,2,10,0,1,0,3,1,0,3,4,4,1
64443,2,16,0,0,0,0,0,4,4,0,4,4
64512,2,4,2,2,2,2,2,4,4,2,4,4
64576,2,5,2,2,1,3,2,1,3,4,4,2
64580,2,5,2,2,1,3,2,1,3,4,4,2
64582,2,5,2,2,1,3,2,1,3,4,4,2
64583,2,10,2,2,0,1,1,4,3,0,4,3
64588,2,5,2,2,1,3,2,1,3,4,4,2
64590,2,10,2,2,0,3,1,0,3,4,4,1
64591,2,16,2,2,0,0,0,4,4,0,4,4
64599,2,10,2,2,0,1,1,4,3,0,4,3
64607,2,16,2,2,0,0,0,4,4,0,4,4
64608,2,5,2,2,1,3,2,1,3,4,4,2
64610,2,5,2,2,1,3,2,1,3,4,4,2
64611,2,9,2,2,0,1,0,4,3,1,3,4
64612,2,5,2,2,1,3,2,1,3,4,4,2
64614,2,5,1,0,1,2,2,4,3,1,4,3
64615,2,10,1,0,0,1,1,4,3,0,4,3
64620,2,9,2,2,1,1,1,4,4,1,4,4
64622,2,10,1,0,0,3,1,0,3,4,4,1
64623,2,16,1,0,0,0,0,4,4,0,4,4
64624,2,9,2,2,0,1,0,4,3,1,3,4
64625,2,9,2,2,0,1,0,4,3,1,3,4
64626,2,9,2,2,0,1,0,4,3,1,3,4
64627,2,9,0,0,0,1,0,4,3,1,3,4
64628,2,10,2,2,0,1,1,4,3,0,4,3
64629,2,10,2,2,0,1,1,4,3,0,4,3
64630,2,10,1,0,0,1,1,4,3,0,4,3
64631,2,10,0,0,0,1,1,4,3,0,4,3
64636,2,10,2,2,0,1,1,4,3,0,4,3
64637,2,16,2,2,0,0,0,4,4,0,4,4
64638,2,10,1,0,0,3,1,0,3,4,4,1
64639,2,16,0,0,0,0,0,4,4,0,4,4
64640,2,4,2,2,2,2,2,4,4,2,4,4
64648,2,4,2,2,2,2,2,4,4,2,4,4
64652,2,5,2,2,1,3,2,1,3,4,4,2
64654,2,10,2,2,0,3,1,0,3,4,4,1
64655,2,16,2,2,0,0,0,4,4,0,4,4
64671,2,16,2,2,0,0,0,4,4,0,4,4
64704,2,5,2,1,1,3,2,1,3,4,4,2
64708,2,5,2,1,1,3,2,1,3,4,4,2
64710,2,10,2,1,0,3,1,0,3,4,4,1
64711,2,10,2,1,0,3,1,0,3,4,4,1
64712,2,5,2,1,1,3,2,1,3,4,4,2
64716,2,5,2,0,1,3,2,1,3,4,4,2
64718,2,10,2,0,0,3,1,0,3,4,4,1
64719,2,16,2,0,0,0,0,4,4,0,4,4
64727,2,10,2,1,0,3,1,0,3,4,4,1
64735,2,16,2,0,0,0,0,4,4,0,4,4
64736,2,9,2,1,1,1,1,4,4,1,4,4
64738,2,10,2,1,0,3,1,0,3,4,4,1
64739,2,10,2,1,0,3,1,0,3,4,4,1
64740,2,9,2,1,1,1,1,4,4,1,4,4
64742,2,10,1,0,0,3,1,0,3,4,4,1
64743,2,10,1,0,0,3,1,0,3,4,4,1
64744,2,9,2,1,1,1,1,4,4,1,4,4
64746,2,10,2,1,0,3,1,0,3,4,4,1
64747,2,16,2,1,0,0,0,4,4,0,4,4
64748,2,9,2,0,1,1,1,4,4,1,4,4
64750,2,10,1,0,0,3,1,0,3,4,4,1
64751,2,16,1,0,0,0,0,4,4,0,4,4
64752,2,9,2,1,1,1,1,4,4,1,4,4
64753,2,10,2,1,0,3,1,0,3,4,4,1
64754,2,10,2,1,0,3,1,0,3,4,4,1
64755,2,10,0,0,0,3,1,0,3,4,4,1
64756,2,10,2,1,0,1,1,4,3,0,4,3
64757,2,10,2,1,0,3,1,0,3,4,4,1
64758,2,10,1,0,0,3,1,0,3,4,4,1
64759,2,10,0,0,0,3,1,0,3,4,4,1
64760,2,10,2,1,0,1,1,4,3,0,4,3
64761,2,16,2,1,0,0,0,4,4,0,4,4
64762,2,10,2,1,0,3,1,0,3,4,4,1
64763,2,16,0,0,0,0,0,4,4,0,4,4
64764,2,10,2,0,0,1,1,4,3,0,4,3
64765,2,16,2,0,0,0,0,4,4,0,4,4
64766,2,10,1,0,0,3,1,0,3,4,4,1
64767,2,16,0,0,0,0,0,4,4,0,4,4
64768,2,4,2,2,2,2,2,4,4,2,4,4
64784,2,5,2,2,0,3,1,1,2,4,3,2
64785,2,5,2,2,0,3,1,1,2,4,3,2
64787,2,8,2,2,0,2,2,0,2,4,4,2
64791,2,10,2,2,0,1,1,4,3,0,4,3
64799,2,16,2,2,0,0,0,4,4,0,4,4
64832,2,5,2,2,1,3,2,1,3,4,4,2
64836,2,8,2,2,0,2,2,0,2,4,4,2
64838,2,8,2,2,0,2,2,0,2,4,4,2
64839,2,10,2,2,0,1,1,4,3,0,4,3
64844,2,8,2,2,0,2,2,0,2,4,4,2
64846,2,10,2,2,0,3,1,0,3,4,4,1
64847,2,16,2,2,0,0,0,4,4,0,4,4
64848,2,9,2,2,0,1,0,4,3,1,3,4
64849,2,9,2,2,0,1,0,4,3,1,3,4
64852,2,10,2,2,0,1,1,4,3,0,4,3
64853,2,10,2,2,0,1,1,4,3,0,4,3
64860,2,10,2,2,0,1,1,4,3,0,4,3
64861,2,16,2,2,0,0,0,4,4,0,4,4
64896,2,5,2,2,1,2,2,4,3,1,4,3
64904,2,5,2,2,1,2,2,4,3,1,4,3
64908,2,8,2,2,0,2,2,0,2,4,4,2
64910,2,10,2,2,0,3,1,0,3,4,4,1
64911,2,16,2,2,0,0,0,4,4,0,4,4
64912,2,9,2,2,1,1,1,4,4,1,4,4
64913,2,10,2,2,0,3,1,0,3,4,4,1
64915,2,10,2,2,0,3,1,0,3,4,4,1
64920,2,10,2,2,0,1,1,4,3,0,4,3
64921,2,16,2,2,0,0,0,4,4,0,4,4
64923,2,16,2,2,0,0,0,4,4,0,4,4
64924,2,10,2,2,0,1,1,4,3,0,4,3
64925,2,16,2,2,0,0,0,4,4,0,4,4
64960,2,5,2,1,1,3,2,1,3,4,4,2
64964,2,8,2,1,0,2,2,0,2,4,4,2
64966,2,10,2,1,0,3,1,0,3,4,4,1
64967,2,10,2,1,0,3,1,0,3,4,4,1
64968,2,5,2,1,1,3,2,1,3,4,4,2
64972,2,8,2,0,0,2,2,0,2,4,4,2
64974,2,10,2,0,0,3,1,0,3,4,4,1
64975,2,16,2,0,0,0,0,4,4,0,4,4
64976,2,9,2,1,1,1,1,4,4,1,4,4
64977,2,10,2,1,0,3,1,0,3,4,4,1
64980,2,10,2,1,0,1,1,4,3,0,4,3
64981,2,10,2,1,0,3,1,0,3,4,4,1
64984,2,10,2,1,0,1,1,4,3,0,4,3
64985,2,16,2,1,0,0,0,4,4,0,4,4
64988,2,10,2,0,0,1,1,4,3,0,4,3
64989,2,16,2,0,0,0,0,4,4,0,4,4
65024,2,4,1,2,2,2,2,4,4,2,4,4
65056,2,5,1,2,1,3,2,1,3,4,4,2
65058,2,5,1,2,1,3,2,1,3,4,4,2
65059,2,5,1,2,1,3,2,1,3,4,4,2
65062,2,5,1,2,1,3,2,1,3,4,4,2
65063,2,10,1,2,0,1,1,4,3,0,4,3
65070,2,10,1,2,0,3,1,0,3,4,4,1
65071,2,16,1,2,0,0,0,4,4,0,4,4
65072,2,5,1,2,1,3,2,1,3,4,4,2
65073,2,5,1,2,1,3,2,1,3,4,4,2
65074,2,8,1,2,0,2,2,0,2,4,4,2
65075,2,8,0,0,0,2,2,0,2,4,4,2
65078,2,10,1,2,0,1,1,4,3,0,4,3
65079,2,10,0,0,0,1,1,4,3,0,4,3
65086,2,10,1,2,0,3,1,0,3,4,4,1
65087,2,16,0,0,0,0,0,4,4,0,4,4
65088,2,5,1,2,1,3,2,1,3,4,4,2
65092,2,5,1,2,1,3,2,1,3,4,4,2
65094,2,5,1,2,1,3,2,1,3,4,4,2
65095,2,10,1,2,0,1,1,4,3,0,4,3
65100,2,5,1,2,1,3,2,1,3,4,4,2
65102,2,10,1,2,0,3,1,0,3,4,4,1
65103,2,16,1,2,0,0,0,4,4,0,4,4
65120,2,5,1,1,1,3,2,1,3,4,4,2
65122,2,5,1,1,1,3,2,1,3,4,4,2
65123,2,9,1,1,0,1,0,4,3,1,3,4
65124,2,5,1,1,1,3,2,1,3,4,4,2
65126,2,5,1,0,1,2,2,4,3,1,4,3
65127,2,10,1,0,0,1,1,4,3,0,4,3
65132,2,9,1,1,1,1,1,4,4,1,4,4
65134,2,10,1,0,0,3,1,0,3,4,4,1
65135,2,16,1,0,0,0,0,4,4,0,4,4
65136,2,9,1,1,0,1,0,4,3,1,3,4
65137,2,9,1,1,0,1,0,4,3,1,3,4
65138,2,9,1,1,0,1,0,4,3,1,3,4
65139,2,9,0,0,0,1,0,4,3,1,3,4
65140,2,10,1,1,0,1,1,4,3,0,4,3
65141,2,10,1,1,0,1,1,4,3,0,4,3
65142,2,10,1,0,0,1,1,4,3,0,4,3
65143,2,10,0,0,0,1,1,4,3,0,4,3
65148,2,10,1,1,0,1,1,4,3,0,4,3
65149,2,16,1,1,0,0,0,4,4,0,4,4
65150,2,10,1,0,0,3,1,0,3,4,4,1
65151,2,16,0,0,0,0,0,4,4,0,4,4
65152,2,5,1,2,1,2,2,4,3,1,4,3
65160,2,5,1,2,1,2,2,4,3,1,4,3
65164,2,5,1,2,1,3,2,1,3,4,4,2
65166,2,10,1,2,0,3,1,0,3,4,4,1
65167,2,16,1,2,0,0,0,4,4,0,4,4
65184,2,9,1,2,1,1,1,4,4,1,4,4
65186,2,10,1,2,0,3,1,0,3,4,4,1
65187,2,10,1,2,0,3,1,0,3,4,4,1
65192,2,9,1,2,1,1,1,4,4,1,4,4
65194,2,10,1,2,0,3,1,0,3,4,4,1
65195,2,16,1,2,0,0,0,4,4,0,4,4
65200,2,9,1,2,1,1,1,4,4,1,4,4
65201,2,10,1,2,0,3,1,0,3,4,4,1
65202,2,10,1,2,0,3,1,0,3,4,4,1
65203,2,10,0,0,0,3,1,0,3,4,4,1
65208,2,10,1,2,0,1,1,4,3,0,4,3
65209,2,16,1,2,0,0,0,4,4,0,4,4
65210,2,10,1,2,0,3,1,0,3,4,4,1
65211,2,16,0,0,0,0,0,4,4,0,4,4
65216,2,5,1,2,1,3,2,1,3,4,4,2
65220,2,5,1,2,1,3,2,1,3,4,4,2
65222,2,10,1,2,0,3,1,0,3,4,4,1
65223,2,10,1,2,0,3,1,0,3,4,4,1
65224,2,5,1,2,1,3,2,1,3,4,4,2
65228,2,5,1,2,1,3,2,1,3,4,4,2
65230,2,10,1,2,0,3,1,0,3,4,4,1
65231,2,16,1,2,0,0,0,4,4,0,4,4
65248,3,9,1,1,1,1,1,4,4,1,4,4
65250,3,10,1,1,0,3,1,0,3,4,4,1
65251,3,10,1,1,0,3,1,0,3,4,4,1
65252,3,9,1,1,1,1,1,4,4,1,4,4
65254,3,10,1,1,0,3,1,0,3,4,4,1
65255,3,10,1,1,0,3,1,0,3,4,4,1
65256,3,9,1,1,1,1,1,4,4,1,4,4
65258,3,10,1,1,0,3,1,0,3,4,4,1
65259,3,16,1,1,0,0,0,4,4,0,4,4
65260,3,9,1,1,1,1,1,4,4,1,4,4
65262,3,10,1,0,0,3,1,0,3,4,4,1
65263,3,16,1,0,0,0,0,4,4,0,4,4
65264,3,9,1,1,1,1,1,4,4,1,4,4
65265,3,10,1,1,0,3,1,0,3,4,4,1
65266,3,10,1,1,0,3,1,0,3,4,4,1
65267,3,10,1,1,0,3,1,0,3,4,4,1
65268,3,10,1,1,0,1,1,4,3,0,4,3
65269,3,10,1,1,0,3,1,0,3,4,4,1
65270,3,10,1,1,0,3,1,0,3,4,4,1
65271,3,10,1,1,0,3,1,0,3,4,4,1
65272,3,10,1,1,0,1,1,4,3,0,4,3
65273,3,16,1,1,0,0,0,4,4,0,4,4
65274,3,10,1,1,0,3,1,0,3,4,4,1
65275,3,16,1,1,0,0,0,4,4,0,4,4
65276,3,10,1,1,0,1,1,4,3,0,4,3
65277,3,16,1,1,0,0,0,4,4,0,4,4
65278,3,10,1,0,0,3,1,0,3,4,4,1
65279,3,16,1,0,0,0,0,4,4,0,4,4
65280,2,4,0,2,2,2,2,4,4,2,4,4
65296,2,5,0,2,0,3,1,1,2,4,3,2
65297,2,5,0,2,0,3,1,1,2,4,3,2
65299,2,8,0,2,0,2,2,0,2,4,4,2
65303,2,10,0,2,0,1,1,4,3,0,4,3
65311,2,16,0,2,0,0,0,4,4,0,4,4
65312,2,5,0,2,0,3,1,1,2,4,3,2
65314,2,8,0,2,0,2,2,0,2,4,4,2
65315,2,8,0,2,0,2,2,0,2,4,4,2
65318,2,8,0,2,0,2,2,0,2,4,4,2
65319,2,10,0,2,0,1,1,4,3,0,4,3
65326,2,10,0,2,0,3,1,0,3,4,4,1
65327,2,16,0,2,0,0,0,4,4,0,4,4
65328,2,5,0,1,0,3,1,1,2,4,3,2
65329,2,5,0,1,0,3,1,1,2,4,3,2
65330,2,8,0,1,0,2,2,0,2,4,4,2
65331,2,8,0,0,0,2,2,0,2,4,4,2
65334,2,10,0,1,0,1,1,4,3,0,4,3
65335,2,10,0,0,0,1,1,4,3,0,4,3
65342,2,10,0,1,0,3,1,0,3,4,4,1
65343,2,16,0,0,0,0,0,4,4,0,4,4
65344,2,5,0,2,1,2,2,4,3,1,4,3
65348,2,8,0,2,0,2,2,0,2,4,4,2
65350,2,8,0,2,0,2,2,0,2,4,4,2
65351,2,10,0,2,0,1,1,4,3,0,4,3
65356,2,8,0,2,0,2,2,0,2,4,4,2
65358,2,10,0,2,0,3,1,0,3,4,4,1
65359,2,16,0,2,0,0,0,4,4,0,4,4
65360,2,9,0,2,0,1,0,4,3,1,3,4
65361,2,9,0,2,0,1,0,4,3,1,3,4
65364,2,10,0,2,0,1,1,4,3,0,4,3
65365,2,10,0,2,0,1,1,4,3,0,4,3
65372,2,10,0,2,0,1,1,4,3,0,4,3
65373,2,16,0,2,0,0,0,4,4,0,4,4
65376,2,5,0,2,1,2,2,4,3,1,4,3
65378,2,8,0,2,0,2,2,0,2,4,4,2
65379,2,9,0,2,0,1,0,4,3,1,3,4
65380,2,8,0,2,0,2,2,0,2,4,4,2
65382,2,8,0,2,0,2,2,0,2,4,4,2
65383,2,10,0,2,0,1,1,4,3,0,4,3
65388,2,9,0,2,1,1,1,4,4,1,4,4
65390,2,10,0,2,0,3,1,0,3,4,4,1
65391,2,16,0,2,0,0,0,4,4,0,4,4
65392,3,9,0,1,0,1,0,4,3,1,3,4
65393,3,9,0,1,0,1,0,4,3,1,3,4
65394,3,9,0,1,0,1,0,4,3,1,3,4
65395,3,9,0,1,0,1,0,4,3,1,3,4
65396,3,10,0,1,0,1,1,4,3,0,4,3
65397,3,10,0,1,0,1,1,4,3,0,4,3
65398,3,10,0,1,0,1,1,4,3,0,4,3
65399,3,10,0,0,0,1,1,4,3,0,4,3
65404,3,10,0,1,0,1,1,4,3,0,4,3
65405,3,16,0,1,0,0,0,4,4,0,4,4
65406,3,10,0,1,0,3,1,0,3,4,4,1
65407,3,16,0,0,0,0,0,4,4,0,4,4
65408,2,5,0,2,1,2,2,4,3,1,4,3
65416,2,5,0,2,1,2,2,4,3,1,4,3
65420,2,8,0,2,0,2,2,0,2,4,4,2
65422,2,10,0,2,0,3,1,0,3,4,4,1
65423,2,16,0,2,0,0,0,4,4,0,4,4
65424,2,9,0,2,1,1,1,4,4,1,4,4
65425,2,10,0,2,0,3,1,0,3,4,4,1
65427,2,10,0,2,0,3,1,0,3,4,4,1
65432,2,10,0,2,0,1,1,4,3,0,4,3
65433,2,16,0,2,0,0,0,4,4,0,4,4
65435,2,16,0,2,0,0,0,4,4,0,4,4
65436,2,10,0,2,0,1,1,4,3,0,4,3
65437,2,16,0,2,0,0,0,4,4,0,4,4
65440,2,9,0,2,1,1,1,4,4,1,4,4
65442,2,10,0,2,0,3,1,0,3,4,4,1
65443,2,10,0,2,0,3,1,0,3,4,4,1
65448,2,9,0,2,1,1,1,4,4,1,4,4
65450,2,10,0,2,0,3,1,0,3,4,4,1
65451,2,16,0,2,0,0,0,4,4,0,4,4
65456,2,9,0,1,1,1,1,4,4,1,4,4
65457,2,10,0,1,0,3,1,0,3,4,4,1
65458,2,10,0,1,0,3,1,0,3,4,4,1
65459,2,10,0,0,0,3,1,0,3,4,4,1
65464,2,10,0,1,0,1,1,4,3,0,4,3
65465,2,16,0,1,0,0,0,4,4,0,4,4
65466,2,10,0,1,0,3,1,0,3,4,4,1
65467,2,16,0,0,0,0,0,4,4,0,4,4
65472,2,5,0,2,1,2,2,4,3,1,4,3
65476,2,8,0,2,0,2,2,0,2,4,4,2
65478,2,10,0,2,0,3,1,0,3,4,4,1
65479,2,10,0,2,0,3,1,0,3,4,4,1
65480,2,5,0,2,1,2,2,4,3,1,4,3
65484,2,8,0,2,0,2,2,0,2,4,4,2
65486,2,10,0,2,0,3,1,0,3,4,4,1
65487,2,16,0,2,0,0,0,4,4,0,4,4
65488,2,9,0,2,1,1,1,4,4,1,4,4
65489,2,10,0,2,0,3,1,0,3,4,4,1
65492,2,10,0,2,0,1,1,4,3,0,4,3
65493,2,10,0,2,0,3,1,0,3,4,4,1
65496,2,10,0,2,0,1,1,4,3,0,4,3
65497,2,16,0,2,0,0,0,4,4,0,4,4
65500,2,10,0,2,0,1,1,4,3,0,4,3
65501,2,16,0,2,0,0,0,4,4,0,4,4
65504,3,9,1,1,1,1,1,4,4,1,4,4
65506,3,10,1,1,0,3,1,0,3,4,4,1
65507,3,10,1,1,0,3,1,0,3,4,4,1
65508,3,9,1,1,1,1,1,4,4,1,4,4
65510,3,10,1,1,0,3,1,0,3,4,4,1
65511,3,10,1,1,0,3,1,0,3,4,4,1
65512,3,9,1,1,1,1,1,4,4,1,4,4
65514,3,10,1,1,0,3,1,0,3,4,4,1
65515,3,16,1,1,0,0,0,4,4,0,4,4
65516,3,9,1,1,1,1,1,4,4,1,4,4
65518,3,10,1,0,0,3,1,0,3,4,4,1
65519,3,16,1,0,0,0,0,4,4,0,4,4
65520,3,9,0,1,1,1,1,4,4,1,4,4
65521,3,10,0,1,0,3,1,0,3,4,4,1
65522,3,10,0,1,0,3,1,0,3,4,4,1
65523,3,10,0,1,0,3,1,0,3,4,4,1
65524,3,10,0,1,0,1,1,4,3,0,4,3
65525,3,10,0,1,0,3,1,0,3,4,4,1
65526,3,10,0,1,0,3,1,0,3,4,4,1
65527,3,10,0,0,0,3,1,0,3,4,4,1
65528,3,10,0,1,0,1,1,4,3,0,4,3
65529,3,16,0,1,0,0,0,4,4,0,4,4
65530,3,10,0,1,0,3,1,0,3,4,4,1
65531,3,16,0,1,0,0,0,4,4,0,4,4
65532,3,10,0,1,0,1,1,4,3,0,4,3
65533,3,16,0,1,0,0,0,4,4,0,4,4
65534,3,10,0,1,0,3,1,0,3,4,4,1
65535,4,16,0,0,0,0,0,4,4,0,4,4
