
=== 2026-08-22T22:16:43Z :: verify_disposable_copy ===
cwd: /Users/alec/Documents/Math
argv: diff -qr /Users/alec/Documents/Math-universal-amplification/referee_packages/paper_i_complete_graph_extremality_referee_package_2026-08-22_r2 /Users/alec/Documents/Math/complete_graph_extremality_r2_rereview_2026-08-22/work/package
exit_status: 0

=== 2026-08-22T22:16:48Z :: inventory_r2_package ===
cwd: /Users/alec/Documents/Math/complete_graph_extremality_r2_rereview_2026-08-22/work/package
argv: find . -maxdepth 3 -type f -print
./REFEREE_REPORT_TEMPLATE.md
./verify_referee_package.py
./complete_graph_extremality_db_source_and_certificates.tar.gz
./README_FIRST.md
./PACKAGE_MANIFEST.sha256
./source_and_certificates/MANIFEST.sha256
./source_and_certificates/BUNDLE_METADATA.txt
./source_and_certificates/universal_simultaneous_amplification/LICENSE
./source_and_certificates/universal_simultaneous_amplification/requirements.txt
./run_all_referee_checks.sh
./REFEREE_PROMPT.md
./complete_graph_extremality_db.pdf
./VERSION.md
./complete_graph_extremality_db_source_and_certificates.tar.gz.sha256
./CLAIM_CODE_MAP.md
exit_status: 0

=== 2026-08-22T22:16:53Z :: read_r2_identity_docs ===
cwd: /Users/alec/Documents/Math/complete_graph_extremality_r2_rereview_2026-08-22/work/package
argv: zsh -c for\ f\ in\ README_FIRST.md\ VERSION.md\ CLAIM_CODE_MAP.md\ PACKAGE_MANIFEST.sha256\ complete_graph_extremality_db_source_and_certificates.tar.gz.sha256\ source_and_certificates/BUNDLE_METADATA.txt\ source_and_certificates/MANIFEST.sha256\;\ do\ print\ --\ \"---\ FILE:\ \$f\"\;\ sed\ -n\ \"1,320p\"\ \"\$f\"\;\ done
--- FILE: README_FIRST.md
# Read this first

This is a frozen, self-contained project-source and certificate handoff for
*Local Complete-Graph
Optimality at Fitness Two and Strong-Selection Rigidity under Death--Birth
Updating*. The package is intended for an independent, submission-style audit;
it does not prescribe a favorable verdict.

Start by reading `REFEREE_PROMPT.md`. Inspect the paper and code before running
the convenience command. `CLAIM_CODE_MAP.md` is only a navigation index, and
`REFEREE_REPORT_TEMPLATE.md` is optional.

## Frozen identity

- Scientific source commit: `e63cc44748e4084ade67c5ff7dc5d1bf2a872f7c`
- Source archive SHA-256: `1754bee519537105f192a40d98f83a4b2fd5097897e0632d88ace1e9892d59ed`
- Manuscript PDF SHA-256: `22142ee518e75c00d1948b19c210818ec797946df86a5e3272c9d1017800b0f4`
- Source archive: `complete_graph_extremality_db_source_and_certificates.tar.gz`
- Detached archive checksum: `complete_graph_extremality_db_source_and_certificates.tar.gz.sha256`
- Whole-package manifest: `PACKAGE_MANIFEST.sha256`

The package may itself be added by a later wrapping commit. The scientific
source commit above identifies the tracked state from which both the archive
and PDF were generated, avoiding a self-referential package hash.

## Layout

- `complete_graph_extremality_db.pdf`: convenience copy of the compiled paper.
- `complete_graph_extremality_db_source_and_certificates.tar.gz`: exact deterministic source, certificate, test, and replay
  archive supplied with the paper.
- `source_and_certificates/`: byte-identical extraction of that archive for
  immediate inspection.
- `verify_referee_package.py`: standard-library integrity verifier.
- `run_all_referee_checks.sh`: manifest verification, pinned clean replay,
  deterministic PDF rebuild, and PDF comparison in a disposable directory.

Prior review verdicts, research diaries, and saved successful output are
deliberately absent. Proof documents and independent checking programs remain.
The three imported exploratory helper modules have inert guarded mains: only
the function-level reach described in `CLAIM_CODE_MAP.md` is advertised.

## Suggested order

1. Independently inspect the PDF, LaTeX, proof documents, replay entry point,
   every invoked verifier, and imported helpers.
2. Verify package identity with `python3 -I verify_referee_package.py`.
3. With Python 3.14.6 available, run `./run_all_referee_checks.sh`. If
   `python3` is not that exact interpreter, set for example
   `BOOTSTRAP_PYTHON=/path/to/python3.14.6`.
4. Preserve the transcript and complete an independent mathematical and code
   audit using the neutral prompt.

The replay binds the accepted wheels for SymPy 1.14.0, python-flint 0.9.0, and
mpmath 1.3.0 by SHA-256. The PDF rebuild requires Tectonic 0.16.9, the pinned
standard v33 bundle content, and Poppler 26.08.0 (`pdfinfo` and `pdftoppm`).
The bootstrap may access the configured Python package index to retrieve only
hash-matching wheels; it does not contact any person or submit any artifact.
The exact theorem replay is independent of the document tools, and the final
PDF comparison detects any rendering difference.
--- FILE: VERSION.md
# Frozen package identity

- Scientific source commit: `e63cc44748e4084ade67c5ff7dc5d1bf2a872f7c`
- Source archive SHA-256: `1754bee519537105f192a40d98f83a4b2fd5097897e0632d88ace1e9892d59ed`
- Manuscript PDF SHA-256: `22142ee518e75c00d1948b19c210818ec797946df86a5e3272c9d1017800b0f4`
- Internal source-archive members: 71
- Archive members byte-checked against the source commit: 69
- Package format date: 2026-08-22

The scientific source commit predates the wrapping commit that may add this
copied referee folder. It is the commit from which the archive and PDF were
built. `PACKAGE_MANIFEST.sha256` checks every other delivered file; the
detached transport-archive digest binds the package as a whole.
--- FILE: CLAIM_CODE_MAP.md
# Claim-to-code inspection map

This file is an index for a referee. It states intended roles only; it does
not certify that any file is correct or sufficient. All paths below are
relative to `source_and_certificates/universal_simultaneous_amplification/`.

| Mathematical component | Primary manuscript location | Programs to inspect |
|---|---|---|
| Forward death--Birth chain and exact absorption | `phase5_exact_threshold/paper_db_extremality/sections/02_model_results.tex` | `src/exact_markov.py`; `tests/test_exact_markov.py`; `verification/verify_obstruction.py` |
| Directed complete-support strong-selection coefficient | `phase5_exact_threshold/paper_db_extremality/sections/05_strong_selection.tex` | `phase1_directed/verify_directed_db_strong.py` (selected `n=3,4` literal-chain checks and equality/gauge controls; Section 5 carries the universal algebra); `phase5_exact_threshold/paper_db_extremality/verify_paper_claims.py` |
| Positive weighted-triangle theorem | `phase5_exact_threshold/paper_db_extremality/sections/06_low_order.tex`; Appendix B | `phase2_triangle/derive_certificate.py`; `phase2_triangle/crosscheck_exact_solver.py`; `phase2_triangle/audit/independent_triangle_audit.py` |
| Two symmetric weighted-\(K_4\) families | `phase5_exact_threshold/paper_db_extremality/sections/06_low_order.tex`; Appendix B | `phase2_n4/derive_lumped_certificates.py`; `phase2_n4/crosscheck_full_chain.py` |
| General replay-only lumpability sanity checks; no Paper I theorem depends on these examples | Not theorem-bearing | `phase3_asymptotic/verify_lumping.py` |
| Fair-geometric dual and collision identities | `phase5_exact_threshold/paper_db_extremality/sections/03_duality_collision.tex` | `phase5_exact_threshold/r2_determinant/verify_r2_determinant.py`; `phase5_exact_threshold/r2_determinant/verify_complete_refresh_forest.py`; `phase4_landmark_closure/obstruction/r2_marked_lift_v2/verify_marked_lift.py`; `phase5_exact_threshold/paper_db_extremality/verify_paper_claims.py` |
| Antisymmetric Hessian sector | `phase5_exact_threshold/paper_db_extremality/sections/04_local_hessian.tex`; Appendix A | `phase5_exact_threshold/r2_determinant/verify_antisymmetric_hessian.py` (finite recurrence checks through `n=40`, literal active chains through `n=7`); `phase5_exact_threshold/r2_determinant/verify_hessian_sectors.py` (finite orbit checks through `n=12`); Appendix A carries the all-order proof |
| Symmetric Hessian sector and finite/analytic range split | Section 4; Appendix A | `phase5_exact_threshold/r2_determinant/verify_true_inverse_rank_symmetric_phase.py`; `phase5_exact_threshold/r2_determinant/verify_hessian_sectors.py` |
| Standard Hessian sector and physical normalization | Section 4; Appendix A | `phase5_exact_threshold/r2_standard_physical_phase/verify_physical_standard_phase.py`; `phase5_exact_threshold/r2_regular_sector/verify_local_complete_hessian.py`; `phase5_exact_threshold/paper_db_extremality/verify_paper_claims.py` |
| Cross-sector decomposition, phase typing, defect gauge, and curvature conversion | Sections 3--5; Appendices A and C | `phase5_exact_threshold/paper_db_extremality/verify_paper_claims.py` |

The top-level replay is
`phase5_exact_threshold/paper_db_extremality/replay.sh`. It invokes the unit
suite and all seventeen verifier or cross-check programs directly. Three
bundled modules are imported on that path, but their guarded command-line
suites are not executed:

- `verify_resolvent_identities.py`: `solve()` is called repeatedly by
  `verify_marked_lift.py`; its `main()` examples are not run;
- `verify_direct_flow_screen.py`: only `matrix_from_edges()` is called; its
  finite direct-flow `main()` is not run; and
- `verify_fisher_route.py`: the module is loaded transitively by the preceding
  import, but none of its functions and not its witness `main()` are called.

Those guarded suites concern exploratory/open global routes and are not
load-bearing for a Paper I theorem. Import reachability is not execution or
proof. The referee should trace the actual calls and determine whether every
explicit check matches the manuscript.
--- FILE: PACKAGE_MANIFEST.sha256
8835e3ae4f704898a63f930506d5c8128a5fd5e56f8aa5f2f971ff0fad8e85ea  CLAIM_CODE_MAP.md
8e41bce4b3d2a3142c1ee38379ce76141e7bcffbbbf730d06efb5c054b57fcc2  README_FIRST.md
bf0d1fdc09a38680aed2916d7feafa124b432b538505a1e455bdc2c86463fbfd  REFEREE_PROMPT.md
b763e48d0199097c0162bee0fea64d58b437a6fe6f8e9225ea6de45d60d99e7f  REFEREE_REPORT_TEMPLATE.md
cf799fb0d6878a79b02a7a48c302e85b104c372518898fad7ec03d2bb535db70  VERSION.md
22142ee518e75c00d1948b19c210818ec797946df86a5e3272c9d1017800b0f4  complete_graph_extremality_db.pdf
1754bee519537105f192a40d98f83a4b2fd5097897e0632d88ace1e9892d59ed  complete_graph_extremality_db_source_and_certificates.tar.gz
876914acbdccc2261de3ccf0d18a8808e244e96ed5504e4f4a31aabdb7b1afe2  complete_graph_extremality_db_source_and_certificates.tar.gz.sha256
cc5c280fdb0d6bd2a3861e011bc06f23db359aaca380c6d580e706719fd4f84a  run_all_referee_checks.sh
3337e3a5bf8e8922513f65f9d6781bac6a751bf6c5509421a2e54c5319b413ae  source_and_certificates/BUNDLE_METADATA.txt
b28080d6bbce39f3d3ce8b74f3b29dea2db584b95cb5ec54f26e777940316179  source_and_certificates/MANIFEST.sha256
0f16c3c6989a92711704f27a725108051283efc0b3dd3aff544594f8bf8f6579  source_and_certificates/universal_simultaneous_amplification/LICENSE
084424963915558e22e8f955ce91fae67980b110773282dde4fa2fa8a229268d  source_and_certificates/universal_simultaneous_amplification/phase1_directed/non_strong_support_closure.md
08e896b3e3bd2bbcf6ab56d48c81fc14c04f2478ebb878dc61b289c0dca938d9  source_and_certificates/universal_simultaneous_amplification/phase1_directed/verify_directed_db_strong.py
8fe830b3d2d25d432c0ebbb51d2c4bf5c846aeac24fefa37c5c6455bcbafeaeb  source_and_certificates/universal_simultaneous_amplification/phase2_n4/README.md
483c05e419ed36dea95243094db1b80e52120a365dc848058f98219e0af0f113  source_and_certificates/universal_simultaneous_amplification/phase2_n4/crosscheck_full_chain.py
5636bd7f110b78fbe78c7fcfb524ccc66c373832ca84f4fff320edf23906a66b  source_and_certificates/universal_simultaneous_amplification/phase2_n4/derive_lumped_certificates.py
706760d6f8dd6882e83c92ca2a15d25d6fdcdd9405e29000252aa88a384ed23c  source_and_certificates/universal_simultaneous_amplification/phase2_n4/n4_symmetric_classification.md
a7d5e16e9f533a4bf85e9d0196a9fdbd603cc00df1a9b737ce2f31c4dc8b96e9  source_and_certificates/universal_simultaneous_amplification/phase2_triangle/README.md
1b6d0a2db1c544ce02d68fecebf031d0b9414680c8e9292de90758ca338b2392  source_and_certificates/universal_simultaneous_amplification/phase2_triangle/audit/independent_triangle_audit.py
e4e23744d0af74c57429daf95995b83b0d1f9d1e85e20e9d39df94b85377ad53  source_and_certificates/universal_simultaneous_amplification/phase2_triangle/crosscheck_exact_solver.py
c798a37915d43a376b25f910fe51e3149eb8aedc1d14572ee074fdfd8a04992c  source_and_certificates/universal_simultaneous_amplification/phase2_triangle/derive_certificate.py
0cc0033874c2008309d0dca47bf8bcf64e8c2687911d713ab79038e58c34a78d  source_and_certificates/universal_simultaneous_amplification/phase2_triangle/triangle_classification.md
98257cdde581df4b18447b7a5c973bc18da23865a219d64911c8035858f42995  source_and_certificates/universal_simultaneous_amplification/phase3_asymptotic/REPORT.md
de31424c4c82963bf0c25e9649b027a46ca2add8717834d5f61a7633f2980719  source_and_certificates/universal_simultaneous_amplification/phase3_asymptotic/verify_lumping.py
8be62ba2236d48b9f624e5b6df612a6bcd05534f8a1bd5771b9c7f38368a2eef  source_and_certificates/universal_simultaneous_amplification/phase4_landmark_closure/obstruction/r2_collision_closure/verify_direct_flow_screen.py
05cda30de8376064505e80d68059fe656d2a8345b90734bfc15b3adedcb03f61  source_and_certificates/universal_simultaneous_amplification/phase4_landmark_closure/obstruction/r2_collision_closure/verify_fisher_route.py
6441ae45f982e0f9e76d20c9278ae6a414b5ceb0d9b2413403d35e9f84dc4223  source_and_certificates/universal_simultaneous_amplification/phase4_landmark_closure/obstruction/r2_entropy_certificate/chi_square_channel/verify_resolvent_identities.py
71ed0ce035997f9c24deef57df53c6c96684f50969ae8f7dbdb5b2b6320b9c8b  source_and_certificates/universal_simultaneous_amplification/phase4_landmark_closure/obstruction/r2_marked_lift_v2/MARKED_ONE_SAMPLE_REDUCTION.md
554fb41168f317b07e3c5973b87d5f6c246888f308cea5a289b9de6638358199  source_and_certificates/universal_simultaneous_amplification/phase4_landmark_closure/obstruction/r2_marked_lift_v2/verify_marked_lift.py
dd7886249d62dd7f2a9e5df0192b5c1869e4696a0a3cac670643a83024b819ae  source_and_certificates/universal_simultaneous_amplification/phase5_exact_threshold/paper_db_extremality/.gitignore
038cd7338a08ba8856a2d94e30d0bfe1964af24e186af5ced6e5396c3410c684  source_and_certificates/universal_simultaneous_amplification/phase5_exact_threshold/paper_db_extremality/README.md
311f7020166db26364b6e03d71bc7952f25c8811fe0a60144d682f2137bf3085  source_and_certificates/universal_simultaneous_amplification/phase5_exact_threshold/paper_db_extremality/all.sh
6b5327a26c2d0f41436004942bfedc8b8ffb1f0e0d1316e234268867e7404d94  source_and_certificates/universal_simultaneous_amplification/phase5_exact_threshold/paper_db_extremality/appendices/A_sector_certificates.tex
2fe02b896a62d6209d262854cc1ea35c9ee0b8ed2de4c7ce31ac9e1e171c6bff  source_and_certificates/universal_simultaneous_amplification/phase5_exact_threshold/paper_db_extremality/appendices/B_k4_certificate.tex
55b97c986ede20744d6bad62c2725f478697263187a59e8899c7d58da6b9edef  source_and_certificates/universal_simultaneous_amplification/phase5_exact_threshold/paper_db_extremality/appendices/C_quantifier_ledger.tex
37147af9f5266f18608f3fed8fbf0d2abddd6a47e5acbb12a92fd873c2bfcd42  source_and_certificates/universal_simultaneous_amplification/phase5_exact_threshold/paper_db_extremality/build.sh
aa1875fa3e7f5b433c33fb236817a7acd32b2ea913ce4fadc1183d9fc7b4faf3  source_and_certificates/universal_simultaneous_amplification/phase5_exact_threshold/paper_db_extremality/bundle_manifest.py
9aa4d6ad4a3e39746d43474dd6c085714f1e582ebb4348fd2fb1f22edf8663c3  source_and_certificates/universal_simultaneous_amplification/phase5_exact_threshold/paper_db_extremality/main.tex
22142ee518e75c00d1948b19c210818ec797946df86a5e3272c9d1017800b0f4  source_and_certificates/universal_simultaneous_amplification/phase5_exact_threshold/paper_db_extremality/output/pdf/complete_graph_extremality_db.pdf
54e8b30cf422bde68744935a177f8d3fe7bed3fea92efca6763bb0245896b25a  source_and_certificates/universal_simultaneous_amplification/phase5_exact_threshold/paper_db_extremality/references.tex
6df67f25f2aa9cf8bd97d0d6f077c975e844dfccd602f0c939943e85f52ce343  source_and_certificates/universal_simultaneous_amplification/phase5_exact_threshold/paper_db_extremality/release_bundle.sh
22185bbb748be30d85d2fff9d4a8211be56e445ab78e77a6115d9e3a9faa4a51  source_and_certificates/universal_simultaneous_amplification/phase5_exact_threshold/paper_db_extremality/replay.sh
36be58084093840a77e63100e68b87180fc5efbaced74ea854459f1aa541e4a0  source_and_certificates/universal_simultaneous_amplification/phase5_exact_threshold/paper_db_extremality/requirements-lock.txt
54e8416c37be5f9e3cf392b68629354c5d91f8ca8f01c388f733899ba10fb1e3  source_and_certificates/universal_simultaneous_amplification/phase5_exact_threshold/paper_db_extremality/requirements.txt
5e0aa226594952f60fc47106baa734096d2eeaa9942fccab600dd1c396ce3bed  source_and_certificates/universal_simultaneous_amplification/phase5_exact_threshold/paper_db_extremality/sections/01_introduction.tex
74b44cfc0963169c1adc4c7956ba9ba377b1b79a1c7297ed9719fee723df3174  source_and_certificates/universal_simultaneous_amplification/phase5_exact_threshold/paper_db_extremality/sections/02_model_results.tex
e36ece784d222ec483d0cbd0e8817c2333104b1a6e9b40a0a109fdb618e84f07  source_and_certificates/universal_simultaneous_amplification/phase5_exact_threshold/paper_db_extremality/sections/03_duality_collision.tex
aba5f4ae48cf0f55f84c3277ced53a1d57be55efa053b0c60e8c413b72299e46  source_and_certificates/universal_simultaneous_amplification/phase5_exact_threshold/paper_db_extremality/sections/04_local_hessian.tex
1091e9ff0b40e2aaacec6604af23a84d2c045983a6797d51e1311ce60d08c221  source_and_certificates/universal_simultaneous_amplification/phase5_exact_threshold/paper_db_extremality/sections/05_strong_selection.tex
503b010ae7996a212758e6b0eb023564a7f9d3cbaa5843f43157b01ebb494253  source_and_certificates/universal_simultaneous_amplification/phase5_exact_threshold/paper_db_extremality/sections/06_low_order.tex
11e0a9357fb2f621c9b8b442e19bc56653eaa461c58f5176a1509df6fcb14ba5  source_and_certificates/universal_simultaneous_amplification/phase5_exact_threshold/paper_db_extremality/sections/07_implications_reproducibility.tex
718a7e9c89665cbd7bb654bed634d0f66ca52a66d1ee4f27fcaba8d9a8fa9ccc  source_and_certificates/universal_simultaneous_amplification/phase5_exact_threshold/paper_db_extremality/submission/BUNDLE_REPRODUCTION.md
964d93c1b859162dbd7c32e629ceed3ac1eaa6e1cb393870147b2cabfbe5d616  source_and_certificates/universal_simultaneous_amplification/phase5_exact_threshold/paper_db_extremality/submission/DECLARATIONS.md
cead9cad841151112fbd2f0cdae0d8782c97ef4f353d884ca6502c3c299ea47e  source_and_certificates/universal_simultaneous_amplification/phase5_exact_threshold/paper_db_extremality/submission/ENVIRONMENT.md
17b82c0bb8977b970a60d2e9188ae8e87be3720e62d8358c61424cee5bb1badf  source_and_certificates/universal_simultaneous_amplification/phase5_exact_threshold/paper_db_extremality/submission/PROVENANCE_AND_RELATED_RELEASES.md
f1be5b16fd6e41c2c3d95b834e55480f008a6ea70ea36c1727a88cda9ba71069  source_and_certificates/universal_simultaneous_amplification/phase5_exact_threshold/paper_db_extremality/submission/bootstrap_replay.sh
7e154896bf2159df6ff6cedd89bc3bd86ee6af8f75c37eb1666af2a071975389  source_and_certificates/universal_simultaneous_amplification/phase5_exact_threshold/paper_db_extremality/submission/verify_execution_safety.py
5f41b61873d33b2a4c009f04823c3526ed3eb5176749dca3baf163e100e190d8  source_and_certificates/universal_simultaneous_amplification/phase5_exact_threshold/paper_db_extremality/verify_paper_claims.py
5ebe55d66ac5aa53ab4e817219fda0f0502f56bfe9f6d8e24d39f6588abc1a19  source_and_certificates/universal_simultaneous_amplification/phase5_exact_threshold/r2_determinant/ACTIVE_R2_DETERMINANT.md
6e4f4f72d8d91825a2b385bb2ab4193e4aeefaf8b5b325730cd587deb8d5820e  source_and_certificates/universal_simultaneous_amplification/phase5_exact_threshold/r2_determinant/COMPLETE_REFRESH_FOREST.md
b857900a53416370b5789e89a052bb04953e7264897a83a7062f49d1bff8b95f  source_and_certificates/universal_simultaneous_amplification/phase5_exact_threshold/r2_determinant/FIXED_COUNT_TWO_REPLICA.md
b0a1e4b6bb2c9bc3188bb779da82e0bc2f1dcc6498a05da66948c5d09b73baf4  source_and_certificates/universal_simultaneous_amplification/phase5_exact_threshold/r2_determinant/TRUE_INVERSE_RANK_SYMMETRIC_PHASE_CONTRACTION.md
26785204a0dedaae6a30b869ce7e222969285adce0e5cf04912c5485a7583c9d  source_and_certificates/universal_simultaneous_amplification/phase5_exact_threshold/r2_determinant/verify_antisymmetric_hessian.py
4965eeb4625c17dab8d340ea5bc6ce3669cd93ccc4fcbc61ed0502cac6418b5a  source_and_certificates/universal_simultaneous_amplification/phase5_exact_threshold/r2_determinant/verify_complete_refresh_forest.py
5271a5628e001692be5693b946e5c3f15504696fa3331124e2ef545ff678ce7f  source_and_certificates/universal_simultaneous_amplification/phase5_exact_threshold/r2_determinant/verify_hessian_sectors.py
ae1d4ad4c5c9c0b5df76ae0d412952022d50e03064ffdcdc7930e029f5cf81d2  source_and_certificates/universal_simultaneous_amplification/phase5_exact_threshold/r2_determinant/verify_r2_determinant.py
7a1fa1f579c090cc32668392e67b9eb88e696b51ad602a90d069541e402aa512  source_and_certificates/universal_simultaneous_amplification/phase5_exact_threshold/r2_determinant/verify_true_inverse_rank_symmetric_phase.py
bb6ab1d47785132c2f66ccf57f84b0b88f44274319e70e5b1644090bb0c772e7  source_and_certificates/universal_simultaneous_amplification/phase5_exact_threshold/r2_regular_sector/LOCAL_COMPLETE_HESSIAN_THEOREM.md
442ace50585f4eea46f5e045dfc131e076b3d1f7a032ef5a524367cc94f14967  source_and_certificates/universal_simultaneous_amplification/phase5_exact_threshold/r2_regular_sector/verify_local_complete_hessian.py
4c0a743f95318fc92248113606935b9357606b69dc65313e06df8280f686a510  source_and_certificates/universal_simultaneous_amplification/phase5_exact_threshold/r2_standard_physical_phase/PHYSICAL_STANDARD_PHASE_THEOREM.md
aeea112579b155bfd774bae0b7999b87e8bfeb6cde0f1da3e514c933211d6ac6  source_and_certificates/universal_simultaneous_amplification/phase5_exact_threshold/r2_standard_physical_phase/README.md
f4d7a603fdcafe761af82e033dab705c1c03bd0aee9863a42735c2831bd94aa5  source_and_certificates/universal_simultaneous_amplification/phase5_exact_threshold/r2_standard_physical_phase/verify_physical_standard_phase.py
7bb854473d2eebaf57c02b5826ca658e68adad6164d22144c6c452479b9d9261  source_and_certificates/universal_simultaneous_amplification/requirements.txt
75324dc61db4f950372101e3bae97e2d477e8a2344907249a11274be06937e7f  source_and_certificates/universal_simultaneous_amplification/src/__init__.py
76e542fa48fad7d33c80abafebd950431bc477a7f487ff336ebc1a2bc82a337d  source_and_certificates/universal_simultaneous_amplification/src/exact_markov.py
4a74a0c1fc1a10562bb5cdc40f1866b4904569e506e96ff374567006337d517b  source_and_certificates/universal_simultaneous_amplification/tests/__init__.py
b4907f51f827bbee6ea935f49a24f0eb7565c5836e34c6925baf4c98e2ed8d09  source_and_certificates/universal_simultaneous_amplification/tests/test_exact_markov.py
8e03778738927ccf2c91e8e418ffcce7295873e9d70d7e21a720e487423811bf  source_and_certificates/universal_simultaneous_amplification/verification/README.md
936d1343b52b54e9dd1497dfba486534dcf0270635829d2841dcee1a1c14b266  source_and_certificates/universal_simultaneous_amplification/verification/verify_obstruction.py
934429841e60831f14745698e30e39ba255bf1772149a90e3a6f23cef9c2c112  verify_referee_package.py
--- FILE: complete_graph_extremality_db_source_and_certificates.tar.gz.sha256
1754bee519537105f192a40d98f83a4b2fd5097897e0632d88ace1e9892d59ed  complete_graph_extremality_db_source_and_certificates.tar.gz
--- FILE: source_and_certificates/BUNDLE_METADATA.txt
Package: Local Complete-Graph Optimality at Fitness Two and Strong-Selection Rigidity under Death--Birth Updating
Contents: manuscript PDF and source, exact certificates, and replay dependencies
Archive format: deterministic POSIX tar compressed with deterministic gzip
SOURCE_DATE_EPOCH: 1787270400
Python: 3.14.6
SymPy: 1.14.0
python-flint: 0.9.0
mpmath: 1.3.0
Python dependency artifacts: requirements-lock.txt; wheel-only SHA-256 lock
PDF toolchain: Tectonic 0.16.9; Poppler 26.08.0
Tectonic v33 bundle SHA-256: 6ffe055852f8faf66c0acbe1a7fb27f87b869a90bad1204f3bf4d9683f597c7c
Replay entry point: universal_simultaneous_amplification/phase5_exact_threshold/paper_db_extremality/replay.sh
--- FILE: source_and_certificates/MANIFEST.sha256
3337e3a5bf8e8922513f65f9d6781bac6a751bf6c5509421a2e54c5319b413ae  BUNDLE_METADATA.txt
0f16c3c6989a92711704f27a725108051283efc0b3dd3aff544594f8bf8f6579  universal_simultaneous_amplification/LICENSE
084424963915558e22e8f955ce91fae67980b110773282dde4fa2fa8a229268d  universal_simultaneous_amplification/phase1_directed/non_strong_support_closure.md
08e896b3e3bd2bbcf6ab56d48c81fc14c04f2478ebb878dc61b289c0dca938d9  universal_simultaneous_amplification/phase1_directed/verify_directed_db_strong.py
8fe830b3d2d25d432c0ebbb51d2c4bf5c846aeac24fefa37c5c6455bcbafeaeb  universal_simultaneous_amplification/phase2_n4/README.md
483c05e419ed36dea95243094db1b80e52120a365dc848058f98219e0af0f113  universal_simultaneous_amplification/phase2_n4/crosscheck_full_chain.py
5636bd7f110b78fbe78c7fcfb524ccc66c373832ca84f4fff320edf23906a66b  universal_simultaneous_amplification/phase2_n4/derive_lumped_certificates.py
706760d6f8dd6882e83c92ca2a15d25d6fdcdd9405e29000252aa88a384ed23c  universal_simultaneous_amplification/phase2_n4/n4_symmetric_classification.md
a7d5e16e9f533a4bf85e9d0196a9fdbd603cc00df1a9b737ce2f31c4dc8b96e9  universal_simultaneous_amplification/phase2_triangle/README.md
1b6d0a2db1c544ce02d68fecebf031d0b9414680c8e9292de90758ca338b2392  universal_simultaneous_amplification/phase2_triangle/audit/independent_triangle_audit.py
e4e23744d0af74c57429daf95995b83b0d1f9d1e85e20e9d39df94b85377ad53  universal_simultaneous_amplification/phase2_triangle/crosscheck_exact_solver.py
c798a37915d43a376b25f910fe51e3149eb8aedc1d14572ee074fdfd8a04992c  universal_simultaneous_amplification/phase2_triangle/derive_certificate.py
0cc0033874c2008309d0dca47bf8bcf64e8c2687911d713ab79038e58c34a78d  universal_simultaneous_amplification/phase2_triangle/triangle_classification.md
98257cdde581df4b18447b7a5c973bc18da23865a219d64911c8035858f42995  universal_simultaneous_amplification/phase3_asymptotic/REPORT.md
de31424c4c82963bf0c25e9649b027a46ca2add8717834d5f61a7633f2980719  universal_simultaneous_amplification/phase3_asymptotic/verify_lumping.py
8be62ba2236d48b9f624e5b6df612a6bcd05534f8a1bd5771b9c7f38368a2eef  universal_simultaneous_amplification/phase4_landmark_closure/obstruction/r2_collision_closure/verify_direct_flow_screen.py
05cda30de8376064505e80d68059fe656d2a8345b90734bfc15b3adedcb03f61  universal_simultaneous_amplification/phase4_landmark_closure/obstruction/r2_collision_closure/verify_fisher_route.py
6441ae45f982e0f9e76d20c9278ae6a414b5ceb0d9b2413403d35e9f84dc4223  universal_simultaneous_amplification/phase4_landmark_closure/obstruction/r2_entropy_certificate/chi_square_channel/verify_resolvent_identities.py
71ed0ce035997f9c24deef57df53c6c96684f50969ae8f7dbdb5b2b6320b9c8b  universal_simultaneous_amplification/phase4_landmark_closure/obstruction/r2_marked_lift_v2/MARKED_ONE_SAMPLE_REDUCTION.md
554fb41168f317b07e3c5973b87d5f6c246888f308cea5a289b9de6638358199  universal_simultaneous_amplification/phase4_landmark_closure/obstruction/r2_marked_lift_v2/verify_marked_lift.py
dd7886249d62dd7f2a9e5df0192b5c1869e4696a0a3cac670643a83024b819ae  universal_simultaneous_amplification/phase5_exact_threshold/paper_db_extremality/.gitignore
038cd7338a08ba8856a2d94e30d0bfe1964af24e186af5ced6e5396c3410c684  universal_simultaneous_amplification/phase5_exact_threshold/paper_db_extremality/README.md
311f7020166db26364b6e03d71bc7952f25c8811fe0a60144d682f2137bf3085  universal_simultaneous_amplification/phase5_exact_threshold/paper_db_extremality/all.sh
6b5327a26c2d0f41436004942bfedc8b8ffb1f0e0d1316e234268867e7404d94  universal_simultaneous_amplification/phase5_exact_threshold/paper_db_extremality/appendices/A_sector_certificates.tex
2fe02b896a62d6209d262854cc1ea35c9ee0b8ed2de4c7ce31ac9e1e171c6bff  universal_simultaneous_amplification/phase5_exact_threshold/paper_db_extremality/appendices/B_k4_certificate.tex
55b97c986ede20744d6bad62c2725f478697263187a59e8899c7d58da6b9edef  universal_simultaneous_amplification/phase5_exact_threshold/paper_db_extremality/appendices/C_quantifier_ledger.tex
37147af9f5266f18608f3fed8fbf0d2abddd6a47e5acbb12a92fd873c2bfcd42  universal_simultaneous_amplification/phase5_exact_threshold/paper_db_extremality/build.sh
aa1875fa3e7f5b433c33fb236817a7acd32b2ea913ce4fadc1183d9fc7b4faf3  universal_simultaneous_amplification/phase5_exact_threshold/paper_db_extremality/bundle_manifest.py
9aa4d6ad4a3e39746d43474dd6c085714f1e582ebb4348fd2fb1f22edf8663c3  universal_simultaneous_amplification/phase5_exact_threshold/paper_db_extremality/main.tex
22142ee518e75c00d1948b19c210818ec797946df86a5e3272c9d1017800b0f4  universal_simultaneous_amplification/phase5_exact_threshold/paper_db_extremality/output/pdf/complete_graph_extremality_db.pdf
54e8b30cf422bde68744935a177f8d3fe7bed3fea92efca6763bb0245896b25a  universal_simultaneous_amplification/phase5_exact_threshold/paper_db_extremality/references.tex
6df67f25f2aa9cf8bd97d0d6f077c975e844dfccd602f0c939943e85f52ce343  universal_simultaneous_amplification/phase5_exact_threshold/paper_db_extremality/release_bundle.sh
22185bbb748be30d85d2fff9d4a8211be56e445ab78e77a6115d9e3a9faa4a51  universal_simultaneous_amplification/phase5_exact_threshold/paper_db_extremality/replay.sh
36be58084093840a77e63100e68b87180fc5efbaced74ea854459f1aa541e4a0  universal_simultaneous_amplification/phase5_exact_threshold/paper_db_extremality/requirements-lock.txt
54e8416c37be5f9e3cf392b68629354c5d91f8ca8f01c388f733899ba10fb1e3  universal_simultaneous_amplification/phase5_exact_threshold/paper_db_extremality/requirements.txt
5e0aa226594952f60fc47106baa734096d2eeaa9942fccab600dd1c396ce3bed  universal_simultaneous_amplification/phase5_exact_threshold/paper_db_extremality/sections/01_introduction.tex
74b44cfc0963169c1adc4c7956ba9ba377b1b79a1c7297ed9719fee723df3174  universal_simultaneous_amplification/phase5_exact_threshold/paper_db_extremality/sections/02_model_results.tex
e36ece784d222ec483d0cbd0e8817c2333104b1a6e9b40a0a109fdb618e84f07  universal_simultaneous_amplification/phase5_exact_threshold/paper_db_extremality/sections/03_duality_collision.tex
aba5f4ae48cf0f55f84c3277ced53a1d57be55efa053b0c60e8c413b72299e46  universal_simultaneous_amplification/phase5_exact_threshold/paper_db_extremality/sections/04_local_hessian.tex
1091e9ff0b40e2aaacec6604af23a84d2c045983a6797d51e1311ce60d08c221  universal_simultaneous_amplification/phase5_exact_threshold/paper_db_extremality/sections/05_strong_selection.tex
503b010ae7996a212758e6b0eb023564a7f9d3cbaa5843f43157b01ebb494253  universal_simultaneous_amplification/phase5_exact_threshold/paper_db_extremality/sections/06_low_order.tex
11e0a9357fb2f621c9b8b442e19bc56653eaa461c58f5176a1509df6fcb14ba5  universal_simultaneous_amplification/phase5_exact_threshold/paper_db_extremality/sections/07_implications_reproducibility.tex
718a7e9c89665cbd7bb654bed634d0f66ca52a66d1ee4f27fcaba8d9a8fa9ccc  universal_simultaneous_amplification/phase5_exact_threshold/paper_db_extremality/submission/BUNDLE_REPRODUCTION.md
964d93c1b859162dbd7c32e629ceed3ac1eaa6e1cb393870147b2cabfbe5d616  universal_simultaneous_amplification/phase5_exact_threshold/paper_db_extremality/submission/DECLARATIONS.md
cead9cad841151112fbd2f0cdae0d8782c97ef4f353d884ca6502c3c299ea47e  universal_simultaneous_amplification/phase5_exact_threshold/paper_db_extremality/submission/ENVIRONMENT.md
17b82c0bb8977b970a60d2e9188ae8e87be3720e62d8358c61424cee5bb1badf  universal_simultaneous_amplification/phase5_exact_threshold/paper_db_extremality/submission/PROVENANCE_AND_RELATED_RELEASES.md
f1be5b16fd6e41c2c3d95b834e55480f008a6ea70ea36c1727a88cda9ba71069  universal_simultaneous_amplification/phase5_exact_threshold/paper_db_extremality/submission/bootstrap_replay.sh
7e154896bf2159df6ff6cedd89bc3bd86ee6af8f75c37eb1666af2a071975389  universal_simultaneous_amplification/phase5_exact_threshold/paper_db_extremality/submission/verify_execution_safety.py
5f41b61873d33b2a4c009f04823c3526ed3eb5176749dca3baf163e100e190d8  universal_simultaneous_amplification/phase5_exact_threshold/paper_db_extremality/verify_paper_claims.py
5ebe55d66ac5aa53ab4e817219fda0f0502f56bfe9f6d8e24d39f6588abc1a19  universal_simultaneous_amplification/phase5_exact_threshold/r2_determinant/ACTIVE_R2_DETERMINANT.md
6e4f4f72d8d91825a2b385bb2ab4193e4aeefaf8b5b325730cd587deb8d5820e  universal_simultaneous_amplification/phase5_exact_threshold/r2_determinant/COMPLETE_REFRESH_FOREST.md
b857900a53416370b5789e89a052bb04953e7264897a83a7062f49d1bff8b95f  universal_simultaneous_amplification/phase5_exact_threshold/r2_determinant/FIXED_COUNT_TWO_REPLICA.md
b0a1e4b6bb2c9bc3188bb779da82e0bc2f1dcc6498a05da66948c5d09b73baf4  universal_simultaneous_amplification/phase5_exact_threshold/r2_determinant/TRUE_INVERSE_RANK_SYMMETRIC_PHASE_CONTRACTION.md
26785204a0dedaae6a30b869ce7e222969285adce0e5cf04912c5485a7583c9d  universal_simultaneous_amplification/phase5_exact_threshold/r2_determinant/verify_antisymmetric_hessian.py
4965eeb4625c17dab8d340ea5bc6ce3669cd93ccc4fcbc61ed0502cac6418b5a  universal_simultaneous_amplification/phase5_exact_threshold/r2_determinant/verify_complete_refresh_forest.py
5271a5628e001692be5693b946e5c3f15504696fa3331124e2ef545ff678ce7f  universal_simultaneous_amplification/phase5_exact_threshold/r2_determinant/verify_hessian_sectors.py
ae1d4ad4c5c9c0b5df76ae0d412952022d50e03064ffdcdc7930e029f5cf81d2  universal_simultaneous_amplification/phase5_exact_threshold/r2_determinant/verify_r2_determinant.py
7a1fa1f579c090cc32668392e67b9eb88e696b51ad602a90d069541e402aa512  universal_simultaneous_amplification/phase5_exact_threshold/r2_determinant/verify_true_inverse_rank_symmetric_phase.py
bb6ab1d47785132c2f66ccf57f84b0b88f44274319e70e5b1644090bb0c772e7  universal_simultaneous_amplification/phase5_exact_threshold/r2_regular_sector/LOCAL_COMPLETE_HESSIAN_THEOREM.md
442ace50585f4eea46f5e045dfc131e076b3d1f7a032ef5a524367cc94f14967  universal_simultaneous_amplification/phase5_exact_threshold/r2_regular_sector/verify_local_complete_hessian.py
4c0a743f95318fc92248113606935b9357606b69dc65313e06df8280f686a510  universal_simultaneous_amplification/phase5_exact_threshold/r2_standard_physical_phase/PHYSICAL_STANDARD_PHASE_THEOREM.md
aeea112579b155bfd774bae0b7999b87e8bfeb6cde0f1da3e514c933211d6ac6  universal_simultaneous_amplification/phase5_exact_threshold/r2_standard_physical_phase/README.md
f4d7a603fdcafe761af82e033dab705c1c03bd0aee9863a42735c2831bd94aa5  universal_simultaneous_amplification/phase5_exact_threshold/r2_standard_physical_phase/verify_physical_standard_phase.py
7bb854473d2eebaf57c02b5826ca658e68adad6164d22144c6c452479b9d9261  universal_simultaneous_amplification/requirements.txt
75324dc61db4f950372101e3bae97e2d477e8a2344907249a11274be06937e7f  universal_simultaneous_amplification/src/__init__.py
76e542fa48fad7d33c80abafebd950431bc477a7f487ff336ebc1a2bc82a337d  universal_simultaneous_amplification/src/exact_markov.py
4a74a0c1fc1a10562bb5cdc40f1866b4904569e506e96ff374567006337d517b  universal_simultaneous_amplification/tests/__init__.py
b4907f51f827bbee6ea935f49a24f0eb7565c5836e34c6925baf4c98e2ed8d09  universal_simultaneous_amplification/tests/test_exact_markov.py
8e03778738927ccf2c91e8e418ffcce7295873e9d70d7e21a720e487423811bf  universal_simultaneous_amplification/verification/README.md
936d1343b52b54e9dd1497dfba486534dcf0270635829d2841dcee1a1c14b266  universal_simultaneous_amplification/verification/verify_obstruction.py
exit_status: 0

=== 2026-08-22T22:17:39Z :: verify_r2_hash_manifests ===
cwd: /Users/alec/Documents/Math/complete_graph_extremality_r2_rereview_2026-08-22/work/package
argv: zsh -c shasum\ -a\ 256\ -c\ PACKAGE_MANIFEST.sha256\ \&\&\ shasum\ -a\ 256\ -c\ complete_graph_extremality_db_source_and_certificates.tar.gz.sha256\ \&\&\ \(cd\ source_and_certificates\ \&\&\ shasum\ -a\ 256\ -c\ MANIFEST.sha256\)
CLAIM_CODE_MAP.md: OK
README_FIRST.md: OK
REFEREE_PROMPT.md: OK
REFEREE_REPORT_TEMPLATE.md: OK
VERSION.md: OK
complete_graph_extremality_db.pdf: OK
complete_graph_extremality_db_source_and_certificates.tar.gz: OK
complete_graph_extremality_db_source_and_certificates.tar.gz.sha256: OK
run_all_referee_checks.sh: OK
source_and_certificates/BUNDLE_METADATA.txt: OK
source_and_certificates/MANIFEST.sha256: OK
source_and_certificates/universal_simultaneous_amplification/LICENSE: OK
source_and_certificates/universal_simultaneous_amplification/phase1_directed/non_strong_support_closure.md: OK
source_and_certificates/universal_simultaneous_amplification/phase1_directed/verify_directed_db_strong.py: OK
source_and_certificates/universal_simultaneous_amplification/phase2_n4/README.md: OK
source_and_certificates/universal_simultaneous_amplification/phase2_n4/crosscheck_full_chain.py: OK
source_and_certificates/universal_simultaneous_amplification/phase2_n4/derive_lumped_certificates.py: OK
source_and_certificates/universal_simultaneous_amplification/phase2_n4/n4_symmetric_classification.md: OK
source_and_certificates/universal_simultaneous_amplification/phase2_triangle/README.md: OK
source_and_certificates/universal_simultaneous_amplification/phase2_triangle/audit/independent_triangle_audit.py: OK
source_and_certificates/universal_simultaneous_amplification/phase2_triangle/crosscheck_exact_solver.py: OK
source_and_certificates/universal_simultaneous_amplification/phase2_triangle/derive_certificate.py: OK
source_and_certificates/universal_simultaneous_amplification/phase2_triangle/triangle_classification.md: OK
source_and_certificates/universal_simultaneous_amplification/phase3_asymptotic/REPORT.md: OK
source_and_certificates/universal_simultaneous_amplification/phase3_asymptotic/verify_lumping.py: OK
source_and_certificates/universal_simultaneous_amplification/phase4_landmark_closure/obstruction/r2_collision_closure/verify_direct_flow_screen.py: OK
source_and_certificates/universal_simultaneous_amplification/phase4_landmark_closure/obstruction/r2_collision_closure/verify_fisher_route.py: OK
source_and_certificates/universal_simultaneous_amplification/phase4_landmark_closure/obstruction/r2_entropy_certificate/chi_square_channel/verify_resolvent_identities.py: OK
source_and_certificates/universal_simultaneous_amplification/phase4_landmark_closure/obstruction/r2_marked_lift_v2/MARKED_ONE_SAMPLE_REDUCTION.md: OK
source_and_certificates/universal_simultaneous_amplification/phase4_landmark_closure/obstruction/r2_marked_lift_v2/verify_marked_lift.py: OK
source_and_certificates/universal_simultaneous_amplification/phase5_exact_threshold/paper_db_extremality/.gitignore: OK
source_and_certificates/universal_simultaneous_amplification/phase5_exact_threshold/paper_db_extremality/README.md: OK
source_and_certificates/universal_simultaneous_amplification/phase5_exact_threshold/paper_db_extremality/all.sh: OK
source_and_certificates/universal_simultaneous_amplification/phase5_exact_threshold/paper_db_extremality/appendices/A_sector_certificates.tex: OK
source_and_certificates/universal_simultaneous_amplification/phase5_exact_threshold/paper_db_extremality/appendices/B_k4_certificate.tex: OK
source_and_certificates/universal_simultaneous_amplification/phase5_exact_threshold/paper_db_extremality/appendices/C_quantifier_ledger.tex: OK
source_and_certificates/universal_simultaneous_amplification/phase5_exact_threshold/paper_db_extremality/build.sh: OK
source_and_certificates/universal_simultaneous_amplification/phase5_exact_threshold/paper_db_extremality/bundle_manifest.py: OK
source_and_certificates/universal_simultaneous_amplification/phase5_exact_threshold/paper_db_extremality/main.tex: OK
source_and_certificates/universal_simultaneous_amplification/phase5_exact_threshold/paper_db_extremality/output/pdf/complete_graph_extremality_db.pdf: OK
source_and_certificates/universal_simultaneous_amplification/phase5_exact_threshold/paper_db_extremality/references.tex: OK
source_and_certificates/universal_simultaneous_amplification/phase5_exact_threshold/paper_db_extremality/release_bundle.sh: OK
source_and_certificates/universal_simultaneous_amplification/phase5_exact_threshold/paper_db_extremality/replay.sh: OK
source_and_certificates/universal_simultaneous_amplification/phase5_exact_threshold/paper_db_extremality/requirements-lock.txt: OK
source_and_certificates/universal_simultaneous_amplification/phase5_exact_threshold/paper_db_extremality/requirements.txt: OK
source_and_certificates/universal_simultaneous_amplification/phase5_exact_threshold/paper_db_extremality/sections/01_introduction.tex: OK
source_and_certificates/universal_simultaneous_amplification/phase5_exact_threshold/paper_db_extremality/sections/02_model_results.tex: OK
source_and_certificates/universal_simultaneous_amplification/phase5_exact_threshold/paper_db_extremality/sections/03_duality_collision.tex: OK
source_and_certificates/universal_simultaneous_amplification/phase5_exact_threshold/paper_db_extremality/sections/04_local_hessian.tex: OK
source_and_certificates/universal_simultaneous_amplification/phase5_exact_threshold/paper_db_extremality/sections/05_strong_selection.tex: OK
source_and_certificates/universal_simultaneous_amplification/phase5_exact_threshold/paper_db_extremality/sections/06_low_order.tex: OK
source_and_certificates/universal_simultaneous_amplification/phase5_exact_threshold/paper_db_extremality/sections/07_implications_reproducibility.tex: OK
source_and_certificates/universal_simultaneous_amplification/phase5_exact_threshold/paper_db_extremality/submission/BUNDLE_REPRODUCTION.md: OK
source_and_certificates/universal_simultaneous_amplification/phase5_exact_threshold/paper_db_extremality/submission/DECLARATIONS.md: OK
source_and_certificates/universal_simultaneous_amplification/phase5_exact_threshold/paper_db_extremality/submission/ENVIRONMENT.md: OK
source_and_certificates/universal_simultaneous_amplification/phase5_exact_threshold/paper_db_extremality/submission/PROVENANCE_AND_RELATED_RELEASES.md: OK
source_and_certificates/universal_simultaneous_amplification/phase5_exact_threshold/paper_db_extremality/submission/bootstrap_replay.sh: OK
source_and_certificates/universal_simultaneous_amplification/phase5_exact_threshold/paper_db_extremality/submission/verify_execution_safety.py: OK
source_and_certificates/universal_simultaneous_amplification/phase5_exact_threshold/paper_db_extremality/verify_paper_claims.py: OK
source_and_certificates/universal_simultaneous_amplification/phase5_exact_threshold/r2_determinant/ACTIVE_R2_DETERMINANT.md: OK
source_and_certificates/universal_simultaneous_amplification/phase5_exact_threshold/r2_determinant/COMPLETE_REFRESH_FOREST.md: OK
source_and_certificates/universal_simultaneous_amplification/phase5_exact_threshold/r2_determinant/FIXED_COUNT_TWO_REPLICA.md: OK
source_and_certificates/universal_simultaneous_amplification/phase5_exact_threshold/r2_determinant/TRUE_INVERSE_RANK_SYMMETRIC_PHASE_CONTRACTION.md: OK
source_and_certificates/universal_simultaneous_amplification/phase5_exact_threshold/r2_determinant/verify_antisymmetric_hessian.py: OK
source_and_certificates/universal_simultaneous_amplification/phase5_exact_threshold/r2_determinant/verify_complete_refresh_forest.py: OK
source_and_certificates/universal_simultaneous_amplification/phase5_exact_threshold/r2_determinant/verify_hessian_sectors.py: OK
source_and_certificates/universal_simultaneous_amplification/phase5_exact_threshold/r2_determinant/verify_r2_determinant.py: OK
source_and_certificates/universal_simultaneous_amplification/phase5_exact_threshold/r2_determinant/verify_true_inverse_rank_symmetric_phase.py: OK
source_and_certificates/universal_simultaneous_amplification/phase5_exact_threshold/r2_regular_sector/LOCAL_COMPLETE_HESSIAN_THEOREM.md: OK
source_and_certificates/universal_simultaneous_amplification/phase5_exact_threshold/r2_regular_sector/verify_local_complete_hessian.py: OK
source_and_certificates/universal_simultaneous_amplification/phase5_exact_threshold/r2_standard_physical_phase/PHYSICAL_STANDARD_PHASE_THEOREM.md: OK
source_and_certificates/universal_simultaneous_amplification/phase5_exact_threshold/r2_standard_physical_phase/README.md: OK
source_and_certificates/universal_simultaneous_amplification/phase5_exact_threshold/r2_standard_physical_phase/verify_physical_standard_phase.py: OK
source_and_certificates/universal_simultaneous_amplification/requirements.txt: OK
source_and_certificates/universal_simultaneous_amplification/src/__init__.py: OK
source_and_certificates/universal_simultaneous_amplification/src/exact_markov.py: OK
source_and_certificates/universal_simultaneous_amplification/tests/__init__.py: OK
source_and_certificates/universal_simultaneous_amplification/tests/test_exact_markov.py: OK
source_and_certificates/universal_simultaneous_amplification/verification/README.md: OK
source_and_certificates/universal_simultaneous_amplification/verification/verify_obstruction.py: OK
verify_referee_package.py: OK
complete_graph_extremality_db_source_and_certificates.tar.gz: OK
BUNDLE_METADATA.txt: OK
universal_simultaneous_amplification/LICENSE: OK
universal_simultaneous_amplification/phase1_directed/non_strong_support_closure.md: OK
universal_simultaneous_amplification/phase1_directed/verify_directed_db_strong.py: OK
universal_simultaneous_amplification/phase2_n4/README.md: OK
universal_simultaneous_amplification/phase2_n4/crosscheck_full_chain.py: OK
universal_simultaneous_amplification/phase2_n4/derive_lumped_certificates.py: OK
universal_simultaneous_amplification/phase2_n4/n4_symmetric_classification.md: OK
universal_simultaneous_amplification/phase2_triangle/README.md: OK
universal_simultaneous_amplification/phase2_triangle/audit/independent_triangle_audit.py: OK
universal_simultaneous_amplification/phase2_triangle/crosscheck_exact_solver.py: OK
universal_simultaneous_amplification/phase2_triangle/derive_certificate.py: OK
universal_simultaneous_amplification/phase2_triangle/triangle_classification.md: OK
universal_simultaneous_amplification/phase3_asymptotic/REPORT.md: OK
universal_simultaneous_amplification/phase3_asymptotic/verify_lumping.py: OK
universal_simultaneous_amplification/phase4_landmark_closure/obstruction/r2_collision_closure/verify_direct_flow_screen.py: OK
universal_simultaneous_amplification/phase4_landmark_closure/obstruction/r2_collision_closure/verify_fisher_route.py: OK
universal_simultaneous_amplification/phase4_landmark_closure/obstruction/r2_entropy_certificate/chi_square_channel/verify_resolvent_identities.py: OK
universal_simultaneous_amplification/phase4_landmark_closure/obstruction/r2_marked_lift_v2/MARKED_ONE_SAMPLE_REDUCTION.md: OK
universal_simultaneous_amplification/phase4_landmark_closure/obstruction/r2_marked_lift_v2/verify_marked_lift.py: OK
universal_simultaneous_amplification/phase5_exact_threshold/paper_db_extremality/.gitignore: OK
universal_simultaneous_amplification/phase5_exact_threshold/paper_db_extremality/README.md: OK
universal_simultaneous_amplification/phase5_exact_threshold/paper_db_extremality/all.sh: OK
universal_simultaneous_amplification/phase5_exact_threshold/paper_db_extremality/appendices/A_sector_certificates.tex: OK
universal_simultaneous_amplification/phase5_exact_threshold/paper_db_extremality/appendices/B_k4_certificate.tex: OK
universal_simultaneous_amplification/phase5_exact_threshold/paper_db_extremality/appendices/C_quantifier_ledger.tex: OK
universal_simultaneous_amplification/phase5_exact_threshold/paper_db_extremality/build.sh: OK
universal_simultaneous_amplification/phase5_exact_threshold/paper_db_extremality/bundle_manifest.py: OK
universal_simultaneous_amplification/phase5_exact_threshold/paper_db_extremality/main.tex: OK
universal_simultaneous_amplification/phase5_exact_threshold/paper_db_extremality/output/pdf/complete_graph_extremality_db.pdf: OK
universal_simultaneous_amplification/phase5_exact_threshold/paper_db_extremality/references.tex: OK
universal_simultaneous_amplification/phase5_exact_threshold/paper_db_extremality/release_bundle.sh: OK
universal_simultaneous_amplification/phase5_exact_threshold/paper_db_extremality/replay.sh: OK
universal_simultaneous_amplification/phase5_exact_threshold/paper_db_extremality/requirements-lock.txt: OK
universal_simultaneous_amplification/phase5_exact_threshold/paper_db_extremality/requirements.txt: OK
universal_simultaneous_amplification/phase5_exact_threshold/paper_db_extremality/sections/01_introduction.tex: OK
universal_simultaneous_amplification/phase5_exact_threshold/paper_db_extremality/sections/02_model_results.tex: OK
universal_simultaneous_amplification/phase5_exact_threshold/paper_db_extremality/sections/03_duality_collision.tex: OK
universal_simultaneous_amplification/phase5_exact_threshold/paper_db_extremality/sections/04_local_hessian.tex: OK
universal_simultaneous_amplification/phase5_exact_threshold/paper_db_extremality/sections/05_strong_selection.tex: OK
universal_simultaneous_amplification/phase5_exact_threshold/paper_db_extremality/sections/06_low_order.tex: OK
universal_simultaneous_amplification/phase5_exact_threshold/paper_db_extremality/sections/07_implications_reproducibility.tex: OK
universal_simultaneous_amplification/phase5_exact_threshold/paper_db_extremality/submission/BUNDLE_REPRODUCTION.md: OK
universal_simultaneous_amplification/phase5_exact_threshold/paper_db_extremality/submission/DECLARATIONS.md: OK
universal_simultaneous_amplification/phase5_exact_threshold/paper_db_extremality/submission/ENVIRONMENT.md: OK
universal_simultaneous_amplification/phase5_exact_threshold/paper_db_extremality/submission/PROVENANCE_AND_RELATED_RELEASES.md: OK
universal_simultaneous_amplification/phase5_exact_threshold/paper_db_extremality/submission/bootstrap_replay.sh: OK
universal_simultaneous_amplification/phase5_exact_threshold/paper_db_extremality/submission/verify_execution_safety.py: OK
universal_simultaneous_amplification/phase5_exact_threshold/paper_db_extremality/verify_paper_claims.py: OK
universal_simultaneous_amplification/phase5_exact_threshold/r2_determinant/ACTIVE_R2_DETERMINANT.md: OK
universal_simultaneous_amplification/phase5_exact_threshold/r2_determinant/COMPLETE_REFRESH_FOREST.md: OK
universal_simultaneous_amplification/phase5_exact_threshold/r2_determinant/FIXED_COUNT_TWO_REPLICA.md: OK
universal_simultaneous_amplification/phase5_exact_threshold/r2_determinant/TRUE_INVERSE_RANK_SYMMETRIC_PHASE_CONTRACTION.md: OK
universal_simultaneous_amplification/phase5_exact_threshold/r2_determinant/verify_antisymmetric_hessian.py: OK
universal_simultaneous_amplification/phase5_exact_threshold/r2_determinant/verify_complete_refresh_forest.py: OK
universal_simultaneous_amplification/phase5_exact_threshold/r2_determinant/verify_hessian_sectors.py: OK
universal_simultaneous_amplification/phase5_exact_threshold/r2_determinant/verify_r2_determinant.py: OK
universal_simultaneous_amplification/phase5_exact_threshold/r2_determinant/verify_true_inverse_rank_symmetric_phase.py: OK
universal_simultaneous_amplification/phase5_exact_threshold/r2_regular_sector/LOCAL_COMPLETE_HESSIAN_THEOREM.md: OK
universal_simultaneous_amplification/phase5_exact_threshold/r2_regular_sector/verify_local_complete_hessian.py: OK
universal_simultaneous_amplification/phase5_exact_threshold/r2_standard_physical_phase/PHYSICAL_STANDARD_PHASE_THEOREM.md: OK
universal_simultaneous_amplification/phase5_exact_threshold/r2_standard_physical_phase/README.md: OK
universal_simultaneous_amplification/phase5_exact_threshold/r2_standard_physical_phase/verify_physical_standard_phase.py: OK
universal_simultaneous_amplification/requirements.txt: OK
universal_simultaneous_amplification/src/__init__.py: OK
universal_simultaneous_amplification/src/exact_markov.py: OK
universal_simultaneous_amplification/tests/__init__.py: OK
universal_simultaneous_amplification/tests/test_exact_markov.py: OK
universal_simultaneous_amplification/verification/README.md: OK
universal_simultaneous_amplification/verification/verify_obstruction.py: OK
exit_status: 0

=== 2026-08-22T22:17:46Z :: verify_r2_archive_extraction ===
cwd: /Users/alec/Documents/Math/complete_graph_extremality_r2_rereview_2026-08-22/work/package
argv: zsh -c mkdir\ -p\ /Users/alec/Documents/Math/complete_graph_extremality_r2_rereview_2026-08-22/work/archive_extraction\ \&\&\ tar\ -xzf\ complete_graph_extremality_db_source_and_certificates.tar.gz\ -C\ /Users/alec/Documents/Math/complete_graph_extremality_r2_rereview_2026-08-22/work/archive_extraction\ \&\&\ diff\ -qr\ source_and_certificates\ /Users/alec/Documents/Math/complete_graph_extremality_r2_rereview_2026-08-22/work/archive_extraction\ \&\&\ cmp\ complete_graph_extremality_db.pdf\ source_and_certificates/universal_simultaneous_amplification/phase5_exact_threshold/paper_db_extremality/output/pdf/complete_graph_extremality_db.pdf\ \&\&\ find\ /Users/alec/Documents/Math/complete_graph_extremality_r2_rereview_2026-08-22/work/archive_extraction\ -type\ f\ \|\ wc\ -l
      71
exit_status: 0

=== 2026-08-22T22:17:52Z :: compare_r1_r2_packages ===
cwd: /Users/alec/Documents/Math
argv: diff -qr /Users/alec/Documents/Math/complete_graph_extremality_referee_audit_2026-08-22/work/package /Users/alec/Documents/Math/complete_graph_extremality_r2_rereview_2026-08-22/work/package
Files /Users/alec/Documents/Math/complete_graph_extremality_referee_audit_2026-08-22/work/package/CLAIM_CODE_MAP.md and /Users/alec/Documents/Math/complete_graph_extremality_r2_rereview_2026-08-22/work/package/CLAIM_CODE_MAP.md differ
Files /Users/alec/Documents/Math/complete_graph_extremality_referee_audit_2026-08-22/work/package/PACKAGE_MANIFEST.sha256 and /Users/alec/Documents/Math/complete_graph_extremality_r2_rereview_2026-08-22/work/package/PACKAGE_MANIFEST.sha256 differ
Files /Users/alec/Documents/Math/complete_graph_extremality_referee_audit_2026-08-22/work/package/README_FIRST.md and /Users/alec/Documents/Math/complete_graph_extremality_r2_rereview_2026-08-22/work/package/README_FIRST.md differ
Files /Users/alec/Documents/Math/complete_graph_extremality_referee_audit_2026-08-22/work/package/REFEREE_PROMPT.md and /Users/alec/Documents/Math/complete_graph_extremality_r2_rereview_2026-08-22/work/package/REFEREE_PROMPT.md differ
Files /Users/alec/Documents/Math/complete_graph_extremality_referee_audit_2026-08-22/work/package/VERSION.md and /Users/alec/Documents/Math/complete_graph_extremality_r2_rereview_2026-08-22/work/package/VERSION.md differ
Files /Users/alec/Documents/Math/complete_graph_extremality_referee_audit_2026-08-22/work/package/complete_graph_extremality_db.pdf and /Users/alec/Documents/Math/complete_graph_extremality_r2_rereview_2026-08-22/work/package/complete_graph_extremality_db.pdf differ
Files /Users/alec/Documents/Math/complete_graph_extremality_referee_audit_2026-08-22/work/package/complete_graph_extremality_db_source_and_certificates.tar.gz and /Users/alec/Documents/Math/complete_graph_extremality_r2_rereview_2026-08-22/work/package/complete_graph_extremality_db_source_and_certificates.tar.gz differ
Files /Users/alec/Documents/Math/complete_graph_extremality_referee_audit_2026-08-22/work/package/complete_graph_extremality_db_source_and_certificates.tar.gz.sha256 and /Users/alec/Documents/Math/complete_graph_extremality_r2_rereview_2026-08-22/work/package/complete_graph_extremality_db_source_and_certificates.tar.gz.sha256 differ
Files /Users/alec/Documents/Math/complete_graph_extremality_referee_audit_2026-08-22/work/package/run_all_referee_checks.sh and /Users/alec/Documents/Math/complete_graph_extremality_r2_rereview_2026-08-22/work/package/run_all_referee_checks.sh differ
Files /Users/alec/Documents/Math/complete_graph_extremality_referee_audit_2026-08-22/work/package/source_and_certificates/BUNDLE_METADATA.txt and /Users/alec/Documents/Math/complete_graph_extremality_r2_rereview_2026-08-22/work/package/source_and_certificates/BUNDLE_METADATA.txt differ
Files /Users/alec/Documents/Math/complete_graph_extremality_referee_audit_2026-08-22/work/package/source_and_certificates/MANIFEST.sha256 and /Users/alec/Documents/Math/complete_graph_extremality_r2_rereview_2026-08-22/work/package/source_and_certificates/MANIFEST.sha256 differ
Only in /Users/alec/Documents/Math/complete_graph_extremality_referee_audit_2026-08-22/work/package/source_and_certificates/universal_simultaneous_amplification: Makefile
Files /Users/alec/Documents/Math/complete_graph_extremality_referee_audit_2026-08-22/work/package/source_and_certificates/universal_simultaneous_amplification/phase1_directed/verify_directed_db_strong.py and /Users/alec/Documents/Math/complete_graph_extremality_r2_rereview_2026-08-22/work/package/source_and_certificates/universal_simultaneous_amplification/phase1_directed/verify_directed_db_strong.py differ
Files /Users/alec/Documents/Math/complete_graph_extremality_referee_audit_2026-08-22/work/package/source_and_certificates/universal_simultaneous_amplification/phase2_n4/crosscheck_full_chain.py and /Users/alec/Documents/Math/complete_graph_extremality_r2_rereview_2026-08-22/work/package/source_and_certificates/universal_simultaneous_amplification/phase2_n4/crosscheck_full_chain.py differ
Files /Users/alec/Documents/Math/complete_graph_extremality_referee_audit_2026-08-22/work/package/source_and_certificates/universal_simultaneous_amplification/phase2_n4/derive_lumped_certificates.py and /Users/alec/Documents/Math/complete_graph_extremality_r2_rereview_2026-08-22/work/package/source_and_certificates/universal_simultaneous_amplification/phase2_n4/derive_lumped_certificates.py differ
Files /Users/alec/Documents/Math/complete_graph_extremality_referee_audit_2026-08-22/work/package/source_and_certificates/universal_simultaneous_amplification/phase2_triangle/audit/independent_triangle_audit.py and /Users/alec/Documents/Math/complete_graph_extremality_r2_rereview_2026-08-22/work/package/source_and_certificates/universal_simultaneous_amplification/phase2_triangle/audit/independent_triangle_audit.py differ
Files /Users/alec/Documents/Math/complete_graph_extremality_referee_audit_2026-08-22/work/package/source_and_certificates/universal_simultaneous_amplification/phase2_triangle/crosscheck_exact_solver.py and /Users/alec/Documents/Math/complete_graph_extremality_r2_rereview_2026-08-22/work/package/source_and_certificates/universal_simultaneous_amplification/phase2_triangle/crosscheck_exact_solver.py differ
Files /Users/alec/Documents/Math/complete_graph_extremality_referee_audit_2026-08-22/work/package/source_and_certificates/universal_simultaneous_amplification/phase2_triangle/derive_certificate.py and /Users/alec/Documents/Math/complete_graph_extremality_r2_rereview_2026-08-22/work/package/source_and_certificates/universal_simultaneous_amplification/phase2_triangle/derive_certificate.py differ
Files /Users/alec/Documents/Math/complete_graph_extremality_referee_audit_2026-08-22/work/package/source_and_certificates/universal_simultaneous_amplification/phase3_asymptotic/verify_lumping.py and /Users/alec/Documents/Math/complete_graph_extremality_r2_rereview_2026-08-22/work/package/source_and_certificates/universal_simultaneous_amplification/phase3_asymptotic/verify_lumping.py differ
Files /Users/alec/Documents/Math/complete_graph_extremality_referee_audit_2026-08-22/work/package/source_and_certificates/universal_simultaneous_amplification/phase4_landmark_closure/obstruction/r2_collision_closure/verify_direct_flow_screen.py and /Users/alec/Documents/Math/complete_graph_extremality_r2_rereview_2026-08-22/work/package/source_and_certificates/universal_simultaneous_amplification/phase4_landmark_closure/obstruction/r2_collision_closure/verify_direct_flow_screen.py differ
Files /Users/alec/Documents/Math/complete_graph_extremality_referee_audit_2026-08-22/work/package/source_and_certificates/universal_simultaneous_amplification/phase4_landmark_closure/obstruction/r2_collision_closure/verify_fisher_route.py and /Users/alec/Documents/Math/complete_graph_extremality_r2_rereview_2026-08-22/work/package/source_and_certificates/universal_simultaneous_amplification/phase4_landmark_closure/obstruction/r2_collision_closure/verify_fisher_route.py differ
Files /Users/alec/Documents/Math/complete_graph_extremality_referee_audit_2026-08-22/work/package/source_and_certificates/universal_simultaneous_amplification/phase4_landmark_closure/obstruction/r2_entropy_certificate/chi_square_channel/verify_resolvent_identities.py and /Users/alec/Documents/Math/complete_graph_extremality_r2_rereview_2026-08-22/work/package/source_and_certificates/universal_simultaneous_amplification/phase4_landmark_closure/obstruction/r2_entropy_certificate/chi_square_channel/verify_resolvent_identities.py differ
Files /Users/alec/Documents/Math/complete_graph_extremality_referee_audit_2026-08-22/work/package/source_and_certificates/universal_simultaneous_amplification/phase4_landmark_closure/obstruction/r2_marked_lift_v2/verify_marked_lift.py and /Users/alec/Documents/Math/complete_graph_extremality_r2_rereview_2026-08-22/work/package/source_and_certificates/universal_simultaneous_amplification/phase4_landmark_closure/obstruction/r2_marked_lift_v2/verify_marked_lift.py differ
Files /Users/alec/Documents/Math/complete_graph_extremality_referee_audit_2026-08-22/work/package/source_and_certificates/universal_simultaneous_amplification/phase5_exact_threshold/paper_db_extremality/appendices/A_sector_certificates.tex and /Users/alec/Documents/Math/complete_graph_extremality_r2_rereview_2026-08-22/work/package/source_and_certificates/universal_simultaneous_amplification/phase5_exact_threshold/paper_db_extremality/appendices/A_sector_certificates.tex differ
Files /Users/alec/Documents/Math/complete_graph_extremality_referee_audit_2026-08-22/work/package/source_and_certificates/universal_simultaneous_amplification/phase5_exact_threshold/paper_db_extremality/build.sh and /Users/alec/Documents/Math/complete_graph_extremality_r2_rereview_2026-08-22/work/package/source_and_certificates/universal_simultaneous_amplification/phase5_exact_threshold/paper_db_extremality/build.sh differ
Files /Users/alec/Documents/Math/complete_graph_extremality_referee_audit_2026-08-22/work/package/source_and_certificates/universal_simultaneous_amplification/phase5_exact_threshold/paper_db_extremality/bundle_manifest.py and /Users/alec/Documents/Math/complete_graph_extremality_r2_rereview_2026-08-22/work/package/source_and_certificates/universal_simultaneous_amplification/phase5_exact_threshold/paper_db_extremality/bundle_manifest.py differ
Files /Users/alec/Documents/Math/complete_graph_extremality_referee_audit_2026-08-22/work/package/source_and_certificates/universal_simultaneous_amplification/phase5_exact_threshold/paper_db_extremality/output/pdf/complete_graph_extremality_db.pdf and /Users/alec/Documents/Math/complete_graph_extremality_r2_rereview_2026-08-22/work/package/source_and_certificates/universal_simultaneous_amplification/phase5_exact_threshold/paper_db_extremality/output/pdf/complete_graph_extremality_db.pdf differ
Files /Users/alec/Documents/Math/complete_graph_extremality_referee_audit_2026-08-22/work/package/source_and_certificates/universal_simultaneous_amplification/phase5_exact_threshold/paper_db_extremality/release_bundle.sh and /Users/alec/Documents/Math/complete_graph_extremality_r2_rereview_2026-08-22/work/package/source_and_certificates/universal_simultaneous_amplification/phase5_exact_threshold/paper_db_extremality/release_bundle.sh differ
Files /Users/alec/Documents/Math/complete_graph_extremality_referee_audit_2026-08-22/work/package/source_and_certificates/universal_simultaneous_amplification/phase5_exact_threshold/paper_db_extremality/replay.sh and /Users/alec/Documents/Math/complete_graph_extremality_r2_rereview_2026-08-22/work/package/source_and_certificates/universal_simultaneous_amplification/phase5_exact_threshold/paper_db_extremality/replay.sh differ
Only in /Users/alec/Documents/Math/complete_graph_extremality_r2_rereview_2026-08-22/work/package/source_and_certificates/universal_simultaneous_amplification/phase5_exact_threshold/paper_db_extremality: requirements-lock.txt
Files /Users/alec/Documents/Math/complete_graph_extremality_referee_audit_2026-08-22/work/package/source_and_certificates/universal_simultaneous_amplification/phase5_exact_threshold/paper_db_extremality/sections/07_implications_reproducibility.tex and /Users/alec/Documents/Math/complete_graph_extremality_r2_rereview_2026-08-22/work/package/source_and_certificates/universal_simultaneous_amplification/phase5_exact_threshold/paper_db_extremality/sections/07_implications_reproducibility.tex differ
Files /Users/alec/Documents/Math/complete_graph_extremality_referee_audit_2026-08-22/work/package/source_and_certificates/universal_simultaneous_amplification/phase5_exact_threshold/paper_db_extremality/submission/BUNDLE_REPRODUCTION.md and /Users/alec/Documents/Math/complete_graph_extremality_r2_rereview_2026-08-22/work/package/source_and_certificates/universal_simultaneous_amplification/phase5_exact_threshold/paper_db_extremality/submission/BUNDLE_REPRODUCTION.md differ
Files /Users/alec/Documents/Math/complete_graph_extremality_referee_audit_2026-08-22/work/package/source_and_certificates/universal_simultaneous_amplification/phase5_exact_threshold/paper_db_extremality/submission/ENVIRONMENT.md and /Users/alec/Documents/Math/complete_graph_extremality_r2_rereview_2026-08-22/work/package/source_and_certificates/universal_simultaneous_amplification/phase5_exact_threshold/paper_db_extremality/submission/ENVIRONMENT.md differ
Files /Users/alec/Documents/Math/complete_graph_extremality_referee_audit_2026-08-22/work/package/source_and_certificates/universal_simultaneous_amplification/phase5_exact_threshold/paper_db_extremality/submission/bootstrap_replay.sh and /Users/alec/Documents/Math/complete_graph_extremality_r2_rereview_2026-08-22/work/package/source_and_certificates/universal_simultaneous_amplification/phase5_exact_threshold/paper_db_extremality/submission/bootstrap_replay.sh differ
Only in /Users/alec/Documents/Math/complete_graph_extremality_r2_rereview_2026-08-22/work/package/source_and_certificates/universal_simultaneous_amplification/phase5_exact_threshold/paper_db_extremality/submission: verify_execution_safety.py
Files /Users/alec/Documents/Math/complete_graph_extremality_referee_audit_2026-08-22/work/package/source_and_certificates/universal_simultaneous_amplification/phase5_exact_threshold/paper_db_extremality/verify_paper_claims.py and /Users/alec/Documents/Math/complete_graph_extremality_r2_rereview_2026-08-22/work/package/source_and_certificates/universal_simultaneous_amplification/phase5_exact_threshold/paper_db_extremality/verify_paper_claims.py differ
Files /Users/alec/Documents/Math/complete_graph_extremality_referee_audit_2026-08-22/work/package/source_and_certificates/universal_simultaneous_amplification/phase5_exact_threshold/r2_determinant/verify_antisymmetric_hessian.py and /Users/alec/Documents/Math/complete_graph_extremality_r2_rereview_2026-08-22/work/package/source_and_certificates/universal_simultaneous_amplification/phase5_exact_threshold/r2_determinant/verify_antisymmetric_hessian.py differ
Files /Users/alec/Documents/Math/complete_graph_extremality_referee_audit_2026-08-22/work/package/source_and_certificates/universal_simultaneous_amplification/phase5_exact_threshold/r2_determinant/verify_complete_refresh_forest.py and /Users/alec/Documents/Math/complete_graph_extremality_r2_rereview_2026-08-22/work/package/source_and_certificates/universal_simultaneous_amplification/phase5_exact_threshold/r2_determinant/verify_complete_refresh_forest.py differ
Files /Users/alec/Documents/Math/complete_graph_extremality_referee_audit_2026-08-22/work/package/source_and_certificates/universal_simultaneous_amplification/phase5_exact_threshold/r2_determinant/verify_hessian_sectors.py and /Users/alec/Documents/Math/complete_graph_extremality_r2_rereview_2026-08-22/work/package/source_and_certificates/universal_simultaneous_amplification/phase5_exact_threshold/r2_determinant/verify_hessian_sectors.py differ
Files /Users/alec/Documents/Math/complete_graph_extremality_referee_audit_2026-08-22/work/package/source_and_certificates/universal_simultaneous_amplification/phase5_exact_threshold/r2_determinant/verify_r2_determinant.py and /Users/alec/Documents/Math/complete_graph_extremality_r2_rereview_2026-08-22/work/package/source_and_certificates/universal_simultaneous_amplification/phase5_exact_threshold/r2_determinant/verify_r2_determinant.py differ
Files /Users/alec/Documents/Math/complete_graph_extremality_referee_audit_2026-08-22/work/package/source_and_certificates/universal_simultaneous_amplification/phase5_exact_threshold/r2_determinant/verify_true_inverse_rank_symmetric_phase.py and /Users/alec/Documents/Math/complete_graph_extremality_r2_rereview_2026-08-22/work/package/source_and_certificates/universal_simultaneous_amplification/phase5_exact_threshold/r2_determinant/verify_true_inverse_rank_symmetric_phase.py differ
Files /Users/alec/Documents/Math/complete_graph_extremality_referee_audit_2026-08-22/work/package/source_and_certificates/universal_simultaneous_amplification/phase5_exact_threshold/r2_regular_sector/verify_local_complete_hessian.py and /Users/alec/Documents/Math/complete_graph_extremality_r2_rereview_2026-08-22/work/package/source_and_certificates/universal_simultaneous_amplification/phase5_exact_threshold/r2_regular_sector/verify_local_complete_hessian.py differ
Files /Users/alec/Documents/Math/complete_graph_extremality_referee_audit_2026-08-22/work/package/source_and_certificates/universal_simultaneous_amplification/phase5_exact_threshold/r2_standard_physical_phase/verify_physical_standard_phase.py and /Users/alec/Documents/Math/complete_graph_extremality_r2_rereview_2026-08-22/work/package/source_and_certificates/universal_simultaneous_amplification/phase5_exact_threshold/r2_standard_physical_phase/verify_physical_standard_phase.py differ
Files /Users/alec/Documents/Math/complete_graph_extremality_referee_audit_2026-08-22/work/package/source_and_certificates/universal_simultaneous_amplification/verification/verify_obstruction.py and /Users/alec/Documents/Math/complete_graph_extremality_r2_rereview_2026-08-22/work/package/source_and_certificates/universal_simultaneous_amplification/verification/verify_obstruction.py differ
exit_status: 1

=== 2026-08-22T22:19:00Z :: static_runner_read ===
cwd: /Users/alec/Documents/Math/complete_graph_extremality_r2_rereview_2026-08-22
argv: sed -n 1,260p work/package/run_all_referee_checks.sh
#!/bin/sh
set -eu

case ${PYTHONOPTIMIZE-} in
  ""|0) ;;
  *)
    echo "Refusing inherited PYTHONOPTIMIZE=${PYTHONOPTIMIZE}" >&2
    exit 2
    ;;
esac
unset PYTHONOPTIMIZE PYTHONPATH PYTHONHOME PYTHONSTARTUP PYTHONINSPECT \
  PYTHONWARNINGS PYTHONPYCACHEPREFIX PYTHONCASEOK PYTHONPLATLIBDIR \
  PYTHONUSERBASE PYTHONEXECUTABLE MAKEFLAGS MFLAGS GNUMAKEFLAGS MAKEOVERRIDES
export PYTHONNOUSERSITE=1
export PYTHONDONTWRITEBYTECODE=1

package_dir=$(CDPATH= cd -- "$(dirname -- "$0")" && pwd)
bootstrap_python=${BOOTSTRAP_PYTHON:-python3}
tmp_base=${TMPDIR:-/tmp}
tmp_base=${tmp_base%/}

"$bootstrap_python" -I - <<'PY'
import sys
if sys.version_info[:3] != (3, 14, 6):
    raise SystemExit(f"Python 3.14.6 is required; found {sys.version.split()[0]}")
if sys.flags.optimize != 0:
    raise SystemExit("optimized Python is forbidden for certificate replay")
PY
"$bootstrap_python" -I "$package_dir/verify_referee_package.py"

for command_name in tectonic pdfinfo pdftoppm; do
  if ! command -v "$command_name" >/dev/null 2>&1; then
    echo "Missing required build tool: $command_name" >&2
    exit 2
  fi
done

if [ "$(tectonic --version)" != "Tectonic 0.16.9" ]; then
  echo "Tectonic 0.16.9 is required" >&2
  tectonic --version >&2
  exit 2
fi
if [ "$(pdfinfo -v 2>&1 | sed -n '1p')" != "pdfinfo version 26.08.0" ]; then
  echo "pdfinfo 26.08.0 is required" >&2
  pdfinfo -v >&2
  exit 2
fi
if [ "$(pdftoppm -v 2>&1 | sed -n '1p')" != "pdftoppm version 26.08.0" ]; then
  echo "pdftoppm 26.08.0 is required" >&2
  pdftoppm -v >&2
  exit 2
fi

work_dir=$(mktemp -d "$tmp_base/paper1-referee.XXXXXX")
cleanup() {
  case "$work_dir" in
    "$tmp_base"/paper1-referee.*) rm -rf -- "$work_dir" ;;
    *) echo "Refusing to remove unexpected work directory: $work_dir" >&2 ;;
  esac
}
trap cleanup EXIT HUP INT TERM

cp -R "$package_dir/source_and_certificates/." "$work_dir/"
paper_dir="$work_dir/universal_simultaneous_amplification/phase5_exact_threshold/paper_db_extremality"

negative_log="$work_dir/intentional-negative-control.log"
if BOOTSTRAP_PYTHON="$bootstrap_python" \
  "$paper_dir/submission/bootstrap_replay.sh" --negative-control \
  >"$negative_log" 2>&1; then
  echo "Intentional false check incorrectly returned success" >&2
  exit 2
fi
if ! grep -F "INTENTIONAL_NEGATIVE_CONTROL" "$negative_log" >/dev/null; then
  echo "Intentional false check did not reach the explicit failure" >&2
  cat "$negative_log" >&2
  exit 2
fi
echo "PASS: intentional false check propagates a nonzero top-level status"

optimized_check_log="$work_dir/optimized-explicit-check-negative-control.log"
if "$bootstrap_python" -O -I \
  "$paper_dir/submission/verify_execution_safety.py" --intentional-failure \
  >"$optimized_check_log" 2>&1; then
  echo "Explicit false check disappeared under python -O" >&2
  exit 2
fi
if ! grep -F "INTENTIONAL_NEGATIVE_CONTROL" "$optimized_check_log" >/dev/null; then
  echo "Optimized explicit false check did not reach the intended failure" >&2
  cat "$optimized_check_log" >&2
  exit 2
fi
echo "PASS: explicit false check remains active under python -O"

optimized_log="$work_dir/optimized-environment-negative-control.log"
if PYTHONOPTIMIZE=1 BOOTSTRAP_PYTHON="$bootstrap_python" \
  "$paper_dir/submission/bootstrap_replay.sh" --negative-control \
  >"$optimized_log" 2>&1; then
  echo "Optimized environment incorrectly returned success" >&2
  exit 2
fi
if ! grep -F "Refusing inherited PYTHONOPTIMIZE=1" "$optimized_log" >/dev/null; then
  echo "Optimized environment was not rejected explicitly" >&2
  cat "$optimized_log" >&2
  exit 2
fi
echo "PASS: inherited optimized mode is rejected before replay"

false_interpreter_log="$work_dir/false-interpreter-negative-control.log"
if PYTHON=/usr/bin/true "$paper_dir/replay.sh" \
  >"$false_interpreter_log" 2>&1; then
  echo "Non-Python command incorrectly passed direct replay" >&2
  exit 2
fi
if ! grep -F "did not execute the Paper I safety preflight" \
  "$false_interpreter_log" >/dev/null; then
  echo "False interpreter was not rejected by the authenticated preflight" >&2
  cat "$false_interpreter_log" >&2
  exit 2
fi
echo "PASS: direct replay rejects a false interpreter command"

BOOTSTRAP_PYTHON="$bootstrap_python" \
  "$paper_dir/submission/bootstrap_replay.sh"

"$paper_dir/build.sh"
cmp \
  "$package_dir/complete_graph_extremality_db.pdf" \
  "$paper_dir/output/pdf/complete_graph_extremality_db.pdf"

"$bootstrap_python" -I - "$paper_dir/output/pdf/complete_graph_extremality_db.pdf" <<'PY'
from pathlib import Path
import hashlib
import sys

pdf = Path(sys.argv[1])
print(f"REBUILT_PDF_SHA256: {hashlib.sha256(pdf.read_bytes()).hexdigest()}")
PY

echo "PASS: manifests, fail-closed hashed replay, deterministic PDF rebuild, and PDF identity"
exit_status: 0

=== 2026-08-22T22:19:00Z :: static_replay_read ===
cwd: /Users/alec/Documents/Math/complete_graph_extremality_r2_rereview_2026-08-22
argv: sed -n 1,320p work/package/source/complete_graph_extremality_db/replay.sh
sed: work/package/source/complete_graph_extremality_db/replay.sh: No such file or directory
exit_status: 1

=== 2026-08-22T22:19:00Z :: static_safety_build_read ===
cwd: /Users/alec/Documents/Math/complete_graph_extremality_r2_rereview_2026-08-22
argv: sed -n 1,420p work/package/source/complete_graph_extremality_db/submission/verify_execution_safety.py
sed: work/package/source/complete_graph_extremality_db/submission/verify_execution_safety.py: No such file or directory
exit_status: 1

=== 2026-08-22T22:19:07Z :: source_file_inventory ===
cwd: /Users/alec/Documents/Math/complete_graph_extremality_r2_rereview_2026-08-22
argv: sh -c rg\ --files\ work/package/source_and_certificates\ \|\ sort
work/package/source_and_certificates/BUNDLE_METADATA.txt
work/package/source_and_certificates/MANIFEST.sha256
work/package/source_and_certificates/universal_simultaneous_amplification/LICENSE
work/package/source_and_certificates/universal_simultaneous_amplification/phase1_directed/non_strong_support_closure.md
work/package/source_and_certificates/universal_simultaneous_amplification/phase1_directed/verify_directed_db_strong.py
work/package/source_and_certificates/universal_simultaneous_amplification/phase2_n4/README.md
work/package/source_and_certificates/universal_simultaneous_amplification/phase2_n4/crosscheck_full_chain.py
work/package/source_and_certificates/universal_simultaneous_amplification/phase2_n4/derive_lumped_certificates.py
work/package/source_and_certificates/universal_simultaneous_amplification/phase2_n4/n4_symmetric_classification.md
work/package/source_and_certificates/universal_simultaneous_amplification/phase2_triangle/README.md
work/package/source_and_certificates/universal_simultaneous_amplification/phase2_triangle/audit/independent_triangle_audit.py
work/package/source_and_certificates/universal_simultaneous_amplification/phase2_triangle/crosscheck_exact_solver.py
work/package/source_and_certificates/universal_simultaneous_amplification/phase2_triangle/derive_certificate.py
work/package/source_and_certificates/universal_simultaneous_amplification/phase2_triangle/triangle_classification.md
work/package/source_and_certificates/universal_simultaneous_amplification/phase3_asymptotic/REPORT.md
work/package/source_and_certificates/universal_simultaneous_amplification/phase3_asymptotic/verify_lumping.py
work/package/source_and_certificates/universal_simultaneous_amplification/phase4_landmark_closure/obstruction/r2_collision_closure/verify_direct_flow_screen.py
work/package/source_and_certificates/universal_simultaneous_amplification/phase4_landmark_closure/obstruction/r2_collision_closure/verify_fisher_route.py
work/package/source_and_certificates/universal_simultaneous_amplification/phase4_landmark_closure/obstruction/r2_entropy_certificate/chi_square_channel/verify_resolvent_identities.py
work/package/source_and_certificates/universal_simultaneous_amplification/phase4_landmark_closure/obstruction/r2_marked_lift_v2/MARKED_ONE_SAMPLE_REDUCTION.md
work/package/source_and_certificates/universal_simultaneous_amplification/phase4_landmark_closure/obstruction/r2_marked_lift_v2/verify_marked_lift.py
work/package/source_and_certificates/universal_simultaneous_amplification/phase5_exact_threshold/paper_db_extremality/README.md
work/package/source_and_certificates/universal_simultaneous_amplification/phase5_exact_threshold/paper_db_extremality/all.sh
work/package/source_and_certificates/universal_simultaneous_amplification/phase5_exact_threshold/paper_db_extremality/appendices/A_sector_certificates.tex
work/package/source_and_certificates/universal_simultaneous_amplification/phase5_exact_threshold/paper_db_extremality/appendices/B_k4_certificate.tex
work/package/source_and_certificates/universal_simultaneous_amplification/phase5_exact_threshold/paper_db_extremality/appendices/C_quantifier_ledger.tex
work/package/source_and_certificates/universal_simultaneous_amplification/phase5_exact_threshold/paper_db_extremality/build.sh
work/package/source_and_certificates/universal_simultaneous_amplification/phase5_exact_threshold/paper_db_extremality/bundle_manifest.py
work/package/source_and_certificates/universal_simultaneous_amplification/phase5_exact_threshold/paper_db_extremality/main.tex
work/package/source_and_certificates/universal_simultaneous_amplification/phase5_exact_threshold/paper_db_extremality/output/pdf/complete_graph_extremality_db.pdf
work/package/source_and_certificates/universal_simultaneous_amplification/phase5_exact_threshold/paper_db_extremality/references.tex
work/package/source_and_certificates/universal_simultaneous_amplification/phase5_exact_threshold/paper_db_extremality/release_bundle.sh
work/package/source_and_certificates/universal_simultaneous_amplification/phase5_exact_threshold/paper_db_extremality/replay.sh
work/package/source_and_certificates/universal_simultaneous_amplification/phase5_exact_threshold/paper_db_extremality/requirements-lock.txt
work/package/source_and_certificates/universal_simultaneous_amplification/phase5_exact_threshold/paper_db_extremality/requirements.txt
work/package/source_and_certificates/universal_simultaneous_amplification/phase5_exact_threshold/paper_db_extremality/sections/01_introduction.tex
work/package/source_and_certificates/universal_simultaneous_amplification/phase5_exact_threshold/paper_db_extremality/sections/02_model_results.tex
work/package/source_and_certificates/universal_simultaneous_amplification/phase5_exact_threshold/paper_db_extremality/sections/03_duality_collision.tex
work/package/source_and_certificates/universal_simultaneous_amplification/phase5_exact_threshold/paper_db_extremality/sections/04_local_hessian.tex
work/package/source_and_certificates/universal_simultaneous_amplification/phase5_exact_threshold/paper_db_extremality/sections/05_strong_selection.tex
work/package/source_and_certificates/universal_simultaneous_amplification/phase5_exact_threshold/paper_db_extremality/sections/06_low_order.tex
work/package/source_and_certificates/universal_simultaneous_amplification/phase5_exact_threshold/paper_db_extremality/sections/07_implications_reproducibility.tex
work/package/source_and_certificates/universal_simultaneous_amplification/phase5_exact_threshold/paper_db_extremality/submission/BUNDLE_REPRODUCTION.md
work/package/source_and_certificates/universal_simultaneous_amplification/phase5_exact_threshold/paper_db_extremality/submission/DECLARATIONS.md
work/package/source_and_certificates/universal_simultaneous_amplification/phase5_exact_threshold/paper_db_extremality/submission/ENVIRONMENT.md
work/package/source_and_certificates/universal_simultaneous_amplification/phase5_exact_threshold/paper_db_extremality/submission/PROVENANCE_AND_RELATED_RELEASES.md
work/package/source_and_certificates/universal_simultaneous_amplification/phase5_exact_threshold/paper_db_extremality/submission/bootstrap_replay.sh
work/package/source_and_certificates/universal_simultaneous_amplification/phase5_exact_threshold/paper_db_extremality/submission/verify_execution_safety.py
work/package/source_and_certificates/universal_simultaneous_amplification/phase5_exact_threshold/paper_db_extremality/verify_paper_claims.py
work/package/source_and_certificates/universal_simultaneous_amplification/phase5_exact_threshold/r2_determinant/ACTIVE_R2_DETERMINANT.md
work/package/source_and_certificates/universal_simultaneous_amplification/phase5_exact_threshold/r2_determinant/COMPLETE_REFRESH_FOREST.md
work/package/source_and_certificates/universal_simultaneous_amplification/phase5_exact_threshold/r2_determinant/FIXED_COUNT_TWO_REPLICA.md
work/package/source_and_certificates/universal_simultaneous_amplification/phase5_exact_threshold/r2_determinant/TRUE_INVERSE_RANK_SYMMETRIC_PHASE_CONTRACTION.md
work/package/source_and_certificates/universal_simultaneous_amplification/phase5_exact_threshold/r2_determinant/verify_antisymmetric_hessian.py
work/package/source_and_certificates/universal_simultaneous_amplification/phase5_exact_threshold/r2_determinant/verify_complete_refresh_forest.py
work/package/source_and_certificates/universal_simultaneous_amplification/phase5_exact_threshold/r2_determinant/verify_hessian_sectors.py
work/package/source_and_certificates/universal_simultaneous_amplification/phase5_exact_threshold/r2_determinant/verify_r2_determinant.py
work/package/source_and_certificates/universal_simultaneous_amplification/phase5_exact_threshold/r2_determinant/verify_true_inverse_rank_symmetric_phase.py
work/package/source_and_certificates/universal_simultaneous_amplification/phase5_exact_threshold/r2_regular_sector/LOCAL_COMPLETE_HESSIAN_THEOREM.md
work/package/source_and_certificates/universal_simultaneous_amplification/phase5_exact_threshold/r2_regular_sector/verify_local_complete_hessian.py
work/package/source_and_certificates/universal_simultaneous_amplification/phase5_exact_threshold/r2_standard_physical_phase/PHYSICAL_STANDARD_PHASE_THEOREM.md
work/package/source_and_certificates/universal_simultaneous_amplification/phase5_exact_threshold/r2_standard_physical_phase/README.md
work/package/source_and_certificates/universal_simultaneous_amplification/phase5_exact_threshold/r2_standard_physical_phase/verify_physical_standard_phase.py
work/package/source_and_certificates/universal_simultaneous_amplification/requirements.txt
work/package/source_and_certificates/universal_simultaneous_amplification/src/__init__.py
work/package/source_and_certificates/universal_simultaneous_amplification/src/exact_markov.py
work/package/source_and_certificates/universal_simultaneous_amplification/tests/__init__.py
work/package/source_and_certificates/universal_simultaneous_amplification/tests/test_exact_markov.py
work/package/source_and_certificates/universal_simultaneous_amplification/verification/README.md
work/package/source_and_certificates/universal_simultaneous_amplification/verification/verify_obstruction.py
exit_status: 0

=== 2026-08-22T22:19:15Z :: static_safety ===
cwd: /Users/alec/Documents/Math/complete_graph_extremality_r2_rereview_2026-08-22
argv: sed -n 1,520p work/package/source_and_certificates/universal_simultaneous_amplification/phase5_exact_threshold/paper_db_extremality/submission/verify_execution_safety.py
#!/usr/bin/env python3
"""Fail-closed runtime, dependency, and source checks for Paper I replay."""

from __future__ import annotations

import argparse
import ast
import importlib
import importlib.metadata as metadata
import importlib.util
import os
from pathlib import Path
import sys


EXPECTED_PYTHON = (3, 14, 6)
EXPECTED_DISTRIBUTIONS = {
    "sympy": ("sympy", "1.14.0"),
    "python-flint": ("flint", "0.9.0"),
    "mpmath": ("mpmath", "1.3.0"),
}
UNSAFE_ENVIRONMENT = (
    "PYTHONOPTIMIZE",
    "PYTHONPATH",
    "PYTHONHOME",
    "PYTHONPYCACHEPREFIX",
    "PYTHONCASEOK",
    "PYTHONPLATLIBDIR",
    "PYTHONUSERBASE",
    "PYTHONEXECUTABLE",
    "MAKEFLAGS",
    "MFLAGS",
    "GNUMAKEFLAGS",
    "MAKEOVERRIDES",
)
EXPECTED_SCIENTIFIC_CHECKS = {
    "universal_simultaneous_amplification/phase1_directed/verify_directed_db_strong.py": 7,
    "universal_simultaneous_amplification/phase2_n4/crosscheck_full_chain.py": 6,
    "universal_simultaneous_amplification/phase2_n4/derive_lumped_certificates.py": 14,
    "universal_simultaneous_amplification/phase2_triangle/audit/independent_triangle_audit.py": 26,
    "universal_simultaneous_amplification/phase2_triangle/crosscheck_exact_solver.py": 8,
    "universal_simultaneous_amplification/phase2_triangle/derive_certificate.py": 13,
    "universal_simultaneous_amplification/phase3_asymptotic/verify_lumping.py": 2,
    "universal_simultaneous_amplification/phase4_landmark_closure/obstruction/r2_collision_closure/verify_direct_flow_screen.py": 4,
    "universal_simultaneous_amplification/phase4_landmark_closure/obstruction/r2_collision_closure/verify_fisher_route.py": 53,
    "universal_simultaneous_amplification/phase4_landmark_closure/obstruction/r2_entropy_certificate/chi_square_channel/verify_resolvent_identities.py": 13,
    "universal_simultaneous_amplification/phase4_landmark_closure/obstruction/r2_marked_lift_v2/verify_marked_lift.py": 61,
    "universal_simultaneous_amplification/phase5_exact_threshold/paper_db_extremality/verify_paper_claims.py": 42,
    "universal_simultaneous_amplification/phase5_exact_threshold/r2_determinant/verify_antisymmetric_hessian.py": 11,
    "universal_simultaneous_amplification/phase5_exact_threshold/r2_determinant/verify_complete_refresh_forest.py": 15,
    "universal_simultaneous_amplification/phase5_exact_threshold/r2_determinant/verify_hessian_sectors.py": 9,
    "universal_simultaneous_amplification/phase5_exact_threshold/r2_determinant/verify_r2_determinant.py": 7,
    "universal_simultaneous_amplification/phase5_exact_threshold/r2_determinant/verify_true_inverse_rank_symmetric_phase.py": 26,
    "universal_simultaneous_amplification/phase5_exact_threshold/r2_regular_sector/verify_local_complete_hessian.py": 18,
    "universal_simultaneous_amplification/phase5_exact_threshold/r2_standard_physical_phase/verify_physical_standard_phase.py": 56,
    "universal_simultaneous_amplification/verification/verify_obstruction.py": 15,
}
HERE = Path(__file__).resolve().parent
PAPER = HERE.parent
REPO = HERE.parents[3]


class CertificateFailure(RuntimeError):
    """Raised when an explicit certificate-safety check fails."""


def require(condition: object, detail: str) -> None:
    """Raise a failure that remains active under optimized Python."""
    if not condition:
        raise CertificateFailure(detail)


def check_runtime() -> None:
    require(
        sys.version_info[:3] == EXPECTED_PYTHON,
        f"Python 3.14.6 is required; found {sys.version.split()[0]}",
    )
    require(
        sys.flags.optimize == 0,
        "optimized Python is forbidden for certificate replay",
    )
    require(sys.flags.isolated == 1, "runtime preflight must use Python isolated mode")
    inherited = [name for name in UNSAFE_ENVIRONMENT if os.environ.get(name)]
    require(not inherited, f"unsafe inherited environment: {', '.join(inherited)}")
    print("PASS: exact unoptimized Python runtime and sanitized environment")


def check_dependencies() -> None:
    environment_root = Path(sys.prefix).resolve()
    for distribution, (module_name, expected_version) in EXPECTED_DISTRIBUTIONS.items():
        actual_version = metadata.version(distribution)
        require(
            actual_version == expected_version,
            f"{distribution} {expected_version} is required; found {actual_version}",
        )
        module = importlib.import_module(module_name)
        origin_text = getattr(module, "__file__", None)
        require(origin_text is not None, f"cannot locate imported module {module_name}")
        origin = Path(origin_text).resolve()
        require(
            origin.is_relative_to(environment_root),
            f"{module_name} imported outside the replay environment: {origin}",
        )
    print(
        "PASS: hashed-lock environment contains SymPy 1.14.0, "
        "python-flint 0.9.0, and mpmath 1.3.0"
    )


def load_bundle_manifest():
    source = PAPER / "bundle_manifest.py"
    spec = importlib.util.spec_from_file_location("paper1_bundle_manifest", source)
    require(spec is not None and spec.loader is not None, "cannot load bundle manifest")
    module = importlib.util.module_from_spec(spec)
    spec.loader.exec_module(module)
    return module


def check_sources() -> None:
    manifest = load_bundle_manifest()
    python_files = 0
    explicit_checks = 0
    scientific_checks: dict[str, int] = {}
    forbidden: list[str] = []
    for relative, path in manifest.collect(REPO):
        if path.suffix != ".py":
            continue
        python_files += 1
        tree = ast.parse(path.read_text(encoding="utf-8"), filename=str(relative))
        bare = [node.lineno for node in ast.walk(tree) if isinstance(node, ast.Assert)]
        if bare:
            forbidden.append(f"{relative}:{','.join(map(str, bare))}")
        file_checks = sum(
            isinstance(node, ast.Call)
            and isinstance(node.func, ast.Name)
            and node.func.id == "require"
            for node in ast.walk(tree)
        )
        explicit_checks += file_checks
        name = relative.as_posix()
        if name in EXPECTED_SCIENTIFIC_CHECKS:
            scientific_checks[name] = file_checks
    require(not forbidden, "optimization-elidable assert remains: " + "; ".join(forbidden))
    require(
        scientific_checks == EXPECTED_SCIENTIFIC_CHECKS,
        "scientific check inventory mismatch: "
        f"expected {EXPECTED_SCIENTIFIC_CHECKS}; found {scientific_checks}",
    )
    print(
        f"PASS: {python_files} bundled Python files contain no bare assert; "
        f"verified 406 exact scientific and {explicit_checks} total require calls"
    )


def main() -> None:
    parser = argparse.ArgumentParser(description=__doc__)
    parser.add_argument("--runtime", action="store_true")
    parser.add_argument("--dependencies", action="store_true")
    parser.add_argument("--audit-sources", action="store_true")
    parser.add_argument("--intentional-failure", action="store_true")
    args = parser.parse_args()
    require(
        any(vars(args).values()),
        "select at least one safety check",
    )
    if args.runtime:
        check_runtime()
    if args.dependencies:
        check_dependencies()
    if args.audit_sources:
        check_sources()
    if args.intentional_failure:
        require(False, "INTENTIONAL_NEGATIVE_CONTROL: explicit false check")
    print("PAPER1_EXECUTION_SAFETY_OK")


if __name__ == "__main__":
    main()
exit_status: 0

=== 2026-08-22T22:19:15Z :: static_replay_docs ===
cwd: /Users/alec/Documents/Math/complete_graph_extremality_r2_rereview_2026-08-22
argv: sed -n 1,320p work/package/source_and_certificates/universal_simultaneous_amplification/phase5_exact_threshold/paper_db_extremality/README.md
# Local complete-graph optimality under death--Birth updating

This folder contains the manuscript, paper-level audit, and entry points into
the repository-wide exact-replay package for

> **Local Complete-Graph Optimality at Fitness Two and Strong-Selection
> Rigidity under Death--Birth Updating**.

The paper combines two complementary theorems about the same normalized
replacement-kernel gap:

1. every fixed finite directed structure is either eventually suppressing
   under strong selection or dynamically identical to the complete kernel;
2. at fitness two, the complete kernel is a strict nondegenerate local
   maximizer in the full positive loopless row-stochastic kernel polytope,
   including directed and nonreversible perturbations.

The all-fitness weighted-triangle theorem and two symmetric weighted
four-vertex families provide global low-order slices.  The paper does **not**
claim global complete-kernel maximality at fitness two or a local radius
uniform in population size.

In a fresh clone or extracted source bundle, first create the pinned replay
environment and run the suite with:

```sh
./submission/bootstrap_replay.sh
```

In an already prepared development tree, run:

```sh
./replay.sh
./build.sh
```

`all.sh` performs both.  The deterministic manuscript PDF is written to
`output/pdf/complete_graph_extremality_db.pdf`; rendered pages for visual QA
are written to `output/rendered/`.

The development-tree replay calls exact rational/symbolic certificates tracked
elsewhere in this repository together with the paper-specific integration
audit.  The release-bundle script copies those dependencies into a standalone
archive.  No sampled floating-point calculation carries a theorem quantifier.
exit_status: 0

=== 2026-08-22T22:19:15Z :: static_build_deps ===
cwd: /Users/alec/Documents/Math/complete_graph_extremality_r2_rereview_2026-08-22
argv: sed -n 1,360p work/package/source_and_certificates/universal_simultaneous_amplification/phase5_exact_threshold/paper_db_extremality/build.sh
#!/bin/sh
set -eu

paper_dir=$(CDPATH= cd -- "$(dirname -- "$0")" && pwd)
tmp_dir="$paper_dir/tmp/pdfs"
out_dir="$paper_dir/output/pdf"
render_dir="$paper_dir/output/rendered"
bundle_url="https://relay.fullyjustified.net/default_bundle_v33.tar"
bundle_digest="6ffe055852f8faf66c0acbe1a7fb27f87b869a90bad1204f3bf4d9683f597c7c"

if [ "$(tectonic --version)" != "Tectonic 0.16.9" ]; then
  echo "Tectonic 0.16.9 is required" >&2
  exit 2
fi
if [ "$(pdfinfo -v 2>&1 | sed -n '1p')" != "pdfinfo version 26.08.0" ]; then
  echo "pdfinfo 26.08.0 is required" >&2
  exit 2
fi
if [ "$(pdftoppm -v 2>&1 | sed -n '1p')" != "pdftoppm version 26.08.0" ]; then
  echo "pdftoppm 26.08.0 is required" >&2
  exit 2
fi

mkdir -p "$tmp_dir" "$out_dir" "$render_dir"
export SOURCE_DATE_EPOCH=1787270400
export FORCE_SOURCE_DATE=1
export TZ=UTC

tectonic --keep-logs --keep-intermediates \
  --bundle "$bundle_url" \
  --outdir "$tmp_dir" "$paper_dir/main.tex"

tectonic_cache=$(tectonic -X show user-cache-dir)
bundle_record="$tectonic_cache/hashes/https,58,,47,,47,relay.fullyjustified.net,47,default_bundle_v33.tar"
if [ ! -f "$bundle_record" ]; then
  echo "Cannot locate Tectonic's v33 bundle-content record" >&2
  exit 2
fi
actual_bundle_digest=$(tr -d '\r\n' < "$bundle_record")
if [ "$actual_bundle_digest" != "$bundle_digest" ]; then
  echo "Tectonic v33 bundle digest mismatch" >&2
  echo "expected: $bundle_digest" >&2
  echo "actual:   $actual_bundle_digest" >&2
  exit 2
fi
echo "PASS: pinned Tectonic v33 bundle digest $bundle_digest"

install -m 0644 "$tmp_dir/main.pdf" \
  "$out_dir/complete_graph_extremality_db.pdf"
pdfinfo "$out_dir/complete_graph_extremality_db.pdf"
find "$render_dir" -type f -name 'page-*.png' -delete
pdftoppm -png -r 150 \
  "$out_dir/complete_graph_extremality_db.pdf" \
  "$render_dir/page" >/dev/null 2>&1
exit_status: 0

=== 2026-08-22T22:19:15Z :: static_replay_bootstrap ===
cwd: /Users/alec/Documents/Math/complete_graph_extremality_r2_rereview_2026-08-22
argv: sed -n 1,360p work/package/source_and_certificates/universal_simultaneous_amplification/phase5_exact_threshold/paper_db_extremality/replay.sh
#!/bin/sh
set -eu

case ${PYTHONOPTIMIZE-} in
  ""|0) ;;
  *)
    echo "Refusing inherited PYTHONOPTIMIZE=${PYTHONOPTIMIZE}" >&2
    exit 2
    ;;
esac
unset PYTHONOPTIMIZE PYTHONPATH PYTHONHOME PYTHONSTARTUP PYTHONINSPECT \
  PYTHONWARNINGS PYTHONPYCACHEPREFIX PYTHONCASEOK PYTHONPLATLIBDIR \
  PYTHONUSERBASE PYTHONEXECUTABLE MAKEFLAGS MFLAGS GNUMAKEFLAGS MAKEOVERRIDES
export PYTHONNOUSERSITE=1
export PYTHONDONTWRITEBYTECODE=1

paper_dir=$(CDPATH= cd -- "$(dirname -- "$0")" && pwd)
root=$(CDPATH= cd -- "$paper_dir/../.." && pwd)
if [ -x "$root/.venv-paper1/bin/python" ]; then
  default_python="$root/.venv-paper1/bin/python"
else
  default_python="$root/.venv/bin/python"
fi
python=${PYTHON:-"$default_python"}

case "$python" in
  */*)
    if [ ! -x "$python" ]; then
      echo "Selected Paper I Python is not executable: $python" >&2
      exit 2
    fi
    ;;
  *)
    if ! command -v "$python" >/dev/null 2>&1; then
      echo "Selected Paper I Python is unavailable: $python" >&2
      exit 2
    fi
    python=$(command -v "$python")
    ;;
esac

if ! preflight_output=$("$python" -I \
  "$paper_dir/submission/verify_execution_safety.py" \
  --runtime --dependencies --audit-sources); then
  echo "Selected interpreter failed the Paper I safety preflight: $python" >&2
  exit 2
fi
case "$preflight_output" in
  *PAPER1_EXECUTION_SAFETY_OK*) ;;
  *)
    echo "Selected command did not execute the Paper I safety preflight: $python" >&2
    exit 2
    ;;
esac
printf '%s\n' "$preflight_output"

cd "$root"

# Strong-selection, directed-support, triangle, K4, and lumpability suite.
# Invoke each check directly so unrelated project Make targets and inherited
# Make behavior are outside this standalone certificate.
run_python() {
  PYTHONPATH="$root" "$python" "$@"
}
run_python -m unittest discover -s tests -v
run_python verification/verify_obstruction.py
run_python phase1_directed/verify_directed_db_strong.py
run_python phase2_triangle/derive_certificate.py
run_python phase2_triangle/crosscheck_exact_solver.py
run_python phase2_triangle/audit/independent_triangle_audit.py
run_python phase2_n4/derive_lumped_certificates.py
run_python phase2_n4/crosscheck_full_chain.py
run_python phase3_asymptotic/verify_lumping.py

# Fitness-two dual, complete-refresh, and all three physical Hessian sectors.
cd "$root/phase5_exact_threshold/r2_determinant"
run_python verify_r2_determinant.py
run_python verify_complete_refresh_forest.py
run_python verify_antisymmetric_hessian.py
run_python verify_true_inverse_rank_symmetric_phase.py
run_python verify_hessian_sectors.py

cd "$root/phase5_exact_threshold/r2_standard_physical_phase"
run_python verify_physical_standard_phase.py

# General directed OR dual and active-Perron bridge (no reversibility used).
cd "$root/phase4_landmark_closure/obstruction/r2_marked_lift_v2"
run_python verify_marked_lift.py

# Independent direct generator check on the regular undirected sector.
cd "$root/phase5_exact_threshold/r2_regular_sector"
run_python verify_local_complete_hessian.py

# Paper-level normalization and theorem-integration audit.
cd "$paper_dir"
run_python verify_paper_claims.py
exit_status: 0

=== 2026-08-22T22:20:05Z :: diff_core_1 ===
cwd: /Users/alec/Documents/Math/complete_graph_extremality_r2_rereview_2026-08-22
argv: diff -u /Users/alec/Documents/Math/complete_graph_extremality_referee_audit_2026-08-22/work/package/source_and_certificates/universal_simultaneous_amplification/phase5_exact_threshold/paper_db_extremality/submission/bootstrap_replay.sh work/package/source_and_certificates/universal_simultaneous_amplification/phase5_exact_threshold/paper_db_extremality/submission/bootstrap_replay.sh
--- /Users/alec/Documents/Math/complete_graph_extremality_referee_audit_2026-08-22/work/package/source_and_certificates/universal_simultaneous_amplification/phase5_exact_threshold/paper_db_extremality/submission/bootstrap_replay.sh	2026-08-22 10:21:57
+++ work/package/source_and_certificates/universal_simultaneous_amplification/phase5_exact_threshold/paper_db_extremality/submission/bootstrap_replay.sh	2026-08-22 15:08:22
@@ -1,36 +1,45 @@
 #!/bin/sh
 set -eu
 
+case ${PYTHONOPTIMIZE-} in
+  ""|0) ;;
+  *)
+    echo "Refusing inherited PYTHONOPTIMIZE=${PYTHONOPTIMIZE}" >&2
+    exit 2
+    ;;
+esac
+unset PYTHONOPTIMIZE PYTHONPATH PYTHONHOME PYTHONSTARTUP PYTHONINSPECT \
+  PYTHONWARNINGS PYTHONPYCACHEPREFIX PYTHONCASEOK PYTHONPLATLIBDIR \
+  PYTHONUSERBASE PYTHONEXECUTABLE MAKEFLAGS MFLAGS GNUMAKEFLAGS MAKEOVERRIDES
+export PYTHONNOUSERSITE=1
+export PYTHONDONTWRITEBYTECODE=1
+
 submission_dir=$(CDPATH= cd -- "$(dirname -- "$0")" && pwd)
 paper_dir=$(CDPATH= cd -- "$submission_dir/.." && pwd)
 project_root=$(CDPATH= cd -- "$paper_dir/../.." && pwd)
 bootstrap_python=${BOOTSTRAP_PYTHON:-python3}
 venv="$project_root/.venv-paper1"
+safety="$submission_dir/verify_execution_safety.py"
 
-"$bootstrap_python" -c '
-import sys
-assert sys.version_info[:3] == (3, 14, 6), sys.version
-'
-
-if [ ! -x "$venv/bin/python" ]; then
-  "$bootstrap_python" -m venv "$venv"
+if [ "${1-}" = "--negative-control" ] && [ "$#" -eq 1 ]; then
+  exec "$bootstrap_python" -I "$safety" --intentional-failure
 fi
+if [ "$#" -ne 0 ]; then
+  echo "Usage: bootstrap_replay.sh [--negative-control]" >&2
+  exit 2
+fi
 
-"$venv/bin/python" -m pip install \
+"$bootstrap_python" -I "$safety" --runtime
+"$bootstrap_python" -I -m venv --clear "$venv"
+
+"$venv/bin/python" -I -m pip install \
   --disable-pip-version-check \
-  --requirement "$paper_dir/requirements.txt"
+  --no-deps \
+  --only-binary=:all: \
+  --require-hashes \
+  --requirement "$paper_dir/requirements-lock.txt"
 
-"$venv/bin/python" -c '
-import importlib.metadata as metadata
-import sys
-assert sys.version_info[:3] == (3, 14, 6), sys.version
-assert metadata.version("sympy") == "1.14.0"
-assert metadata.version("python-flint") == "0.9.0"
-assert metadata.version("mpmath") == "1.3.0"
-print(
-    "PASS: Python 3.14.6, SymPy 1.14.0, "
-    "python-flint 0.9.0, mpmath 1.3.0"
-)
-'
+"$venv/bin/python" -I "$safety" \
+  --runtime --dependencies --audit-sources
 
 PYTHON="$venv/bin/python" "$paper_dir/replay.sh"
exit_status: 1

=== 2026-08-22T22:20:05Z :: diff_core_3 ===
cwd: /Users/alec/Documents/Math/complete_graph_extremality_r2_rereview_2026-08-22
argv: diff -u /Users/alec/Documents/Math/complete_graph_extremality_referee_audit_2026-08-22/work/package/source_and_certificates/universal_simultaneous_amplification/phase5_exact_threshold/paper_db_extremality/submission/BUNDLE_REPRODUCTION.md work/package/source_and_certificates/universal_simultaneous_amplification/phase5_exact_threshold/paper_db_extremality/submission/BUNDLE_REPRODUCTION.md
--- /Users/alec/Documents/Math/complete_graph_extremality_referee_audit_2026-08-22/work/package/source_and_certificates/universal_simultaneous_amplification/phase5_exact_threshold/paper_db_extremality/submission/BUNDLE_REPRODUCTION.md	2026-08-22 10:21:57
+++ work/package/source_and_certificates/universal_simultaneous_amplification/phase5_exact_threshold/paper_db_extremality/submission/BUNDLE_REPRODUCTION.md	2026-08-22 15:08:22
@@ -23,9 +23,11 @@
 placeholder scope, and release-provenance wording.
 
 The pinned replay environment is Python 3.14.6, SymPy 1.14.0,
-python-flint 0.9.0, and mpmath 1.3.0. The deterministic PDF toolchain is
-Tectonic 0.16.9 and Poppler 26.08.0. See `ENVIRONMENT.md` for checks and the
-boundary between the exact replay and document rendering.
+python-flint 0.9.0, and mpmath 1.3.0.  The Python wheels are SHA-256-bound in
+`requirements-lock.txt`. The deterministic PDF toolchain is Tectonic 0.16.9,
+the content-pinned standard v33 bundle, and Poppler 26.08.0. See
+`ENVIRONMENT.md` for checks and the boundary between the exact replay and
+document rendering.
 
 The archive deliberately preserves the repository-relative path
 
@@ -37,7 +39,9 @@
 because `replay.sh` invokes exact certificate families elsewhere under that
 project root. The archive contains only the manuscript package and the source,
 tests, certificate families, and project support files reached by the replay;
-it excludes the legacy manuscript build, discovery scripts, virtual environments, caches,
+all seventeen verifier/cross-check programs are invoked directly, without the
+project Makefile. It excludes the legacy manuscript build, discovery scripts,
+virtual environments, caches,
 temporary compiler products, rendered page images, unrelated research
 programs, and version-control metadata.
 
@@ -60,11 +64,13 @@
 ```
 
 On a platform providing `sha256sum`, it may be used instead of `shasum`.
-`bootstrap_replay.sh` creates an isolated project-local Python environment,
-installs the pinned dependencies, and runs the exact replay. It does not
-contact anyone or submit any artifact. Building the PDF additionally requires
-Tectonic and Poppler's `pdfinfo` and `pdftoppm` commands.
+`bootstrap_replay.sh` rejects optimized execution and inherited import/build
+overrides, creates a fresh project-local Python environment, installs only
+hash-verified wheels, scans for bare assertions, and runs the exact replay. It
+does not contact anyone or submit any artifact. Building the PDF additionally
+requires Tectonic and Poppler's `pdfinfo` and `pdftoppm` commands.
 
 The exact programs discharge the finite symbolic and rational ranges
-explicitly identified in the manuscript.  The remaining population sizes are
-covered by the printed analytic certificates.
+explicitly identified in the manuscript and check ingredients of the analytic
+arguments.  The universal directed and all-order antisymmetric conclusions are
+proved in the manuscript, not inferred from finite executable ranges.
exit_status: 1

=== 2026-08-22T22:20:05Z :: diff_core_0 ===
cwd: /Users/alec/Documents/Math/complete_graph_extremality_r2_rereview_2026-08-22
argv: diff -u /Users/alec/Documents/Math/complete_graph_extremality_referee_audit_2026-08-22/work/package/source_and_certificates/universal_simultaneous_amplification/phase5_exact_threshold/paper_db_extremality/replay.sh work/package/source_and_certificates/universal_simultaneous_amplification/phase5_exact_threshold/paper_db_extremality/replay.sh
--- /Users/alec/Documents/Math/complete_graph_extremality_referee_audit_2026-08-22/work/package/source_and_certificates/universal_simultaneous_amplification/phase5_exact_threshold/paper_db_extremality/replay.sh	2026-08-22 10:21:57
+++ work/package/source_and_certificates/universal_simultaneous_amplification/phase5_exact_threshold/paper_db_extremality/replay.sh	2026-08-22 15:08:22
@@ -1,6 +1,19 @@
 #!/bin/sh
 set -eu
 
+case ${PYTHONOPTIMIZE-} in
+  ""|0) ;;
+  *)
+    echo "Refusing inherited PYTHONOPTIMIZE=${PYTHONOPTIMIZE}" >&2
+    exit 2
+    ;;
+esac
+unset PYTHONOPTIMIZE PYTHONPATH PYTHONHOME PYTHONSTARTUP PYTHONINSPECT \
+  PYTHONWARNINGS PYTHONPYCACHEPREFIX PYTHONCASEOK PYTHONPLATLIBDIR \
+  PYTHONUSERBASE PYTHONEXECUTABLE MAKEFLAGS MFLAGS GNUMAKEFLAGS MAKEOVERRIDES
+export PYTHONNOUSERSITE=1
+export PYTHONDONTWRITEBYTECODE=1
+
 paper_dir=$(CDPATH= cd -- "$(dirname -- "$0")" && pwd)
 root=$(CDPATH= cd -- "$paper_dir/../.." && pwd)
 if [ -x "$root/.venv-paper1/bin/python" ]; then
@@ -10,43 +23,74 @@
 fi
 python=${PYTHON:-"$default_python"}
 
-if [ ! -x "$python" ]; then
-  python=${PYTHON:-python3}
-fi
+case "$python" in
+  */*)
+    if [ ! -x "$python" ]; then
+      echo "Selected Paper I Python is not executable: $python" >&2
+      exit 2
+    fi
+    ;;
+  *)
+    if ! command -v "$python" >/dev/null 2>&1; then
+      echo "Selected Paper I Python is unavailable: $python" >&2
+      exit 2
+    fi
+    python=$(command -v "$python")
+    ;;
+esac
 
-if ! "$python" -c 'import sympy, flint' >/dev/null 2>&1; then
-  echo "Paper I replay dependencies are missing for: $python" >&2
-  echo "Run ./submission/bootstrap_replay.sh first, or set PYTHON to the pinned environment." >&2
+if ! preflight_output=$("$python" -I \
+  "$paper_dir/submission/verify_execution_safety.py" \
+  --runtime --dependencies --audit-sources); then
+  echo "Selected interpreter failed the Paper I safety preflight: $python" >&2
   exit 2
 fi
+case "$preflight_output" in
+  *PAPER1_EXECUTION_SAFETY_OK*) ;;
+  *)
+    echo "Selected command did not execute the Paper I safety preflight: $python" >&2
+    exit 2
+    ;;
+esac
+printf '%s\n' "$preflight_output"
 
-export PYTHONDONTWRITEBYTECODE=1
-
 cd "$root"
 
 # Strong-selection, directed-support, triangle, K4, and lumpability suite.
-# Deliberately omit the legacy manuscript build from this certificate replay.
-make test verify directed triangle n4 phase3-check PYTHON="$python"
+# Invoke each check directly so unrelated project Make targets and inherited
+# Make behavior are outside this standalone certificate.
+run_python() {
+  PYTHONPATH="$root" "$python" "$@"
+}
+run_python -m unittest discover -s tests -v
+run_python verification/verify_obstruction.py
+run_python phase1_directed/verify_directed_db_strong.py
+run_python phase2_triangle/derive_certificate.py
+run_python phase2_triangle/crosscheck_exact_solver.py
+run_python phase2_triangle/audit/independent_triangle_audit.py
+run_python phase2_n4/derive_lumped_certificates.py
+run_python phase2_n4/crosscheck_full_chain.py
+run_python phase3_asymptotic/verify_lumping.py
 
 # Fitness-two dual, complete-refresh, and all three physical Hessian sectors.
 cd "$root/phase5_exact_threshold/r2_determinant"
-"$python" verify_r2_determinant.py
-"$python" verify_complete_refresh_forest.py
-"$python" verify_antisymmetric_hessian.py
-"$python" verify_true_inverse_rank_symmetric_phase.py
-"$python" verify_hessian_sectors.py
+run_python verify_r2_determinant.py
+run_python verify_complete_refresh_forest.py
+run_python verify_antisymmetric_hessian.py
+run_python verify_true_inverse_rank_symmetric_phase.py
+run_python verify_hessian_sectors.py
 
 cd "$root/phase5_exact_threshold/r2_standard_physical_phase"
-"$python" verify_physical_standard_phase.py
+run_python verify_physical_standard_phase.py
 
 # General directed OR dual and active-Perron bridge (no reversibility used).
 cd "$root/phase4_landmark_closure/obstruction/r2_marked_lift_v2"
-"$python" verify_marked_lift.py
+run_python verify_marked_lift.py
 
 # Independent direct generator check on the regular undirected sector.
 cd "$root/phase5_exact_threshold/r2_regular_sector"
-"$python" verify_local_complete_hessian.py
+run_python verify_local_complete_hessian.py
 
 # Paper-level normalization and theorem-integration audit.
 cd "$paper_dir"
-"$python" verify_paper_claims.py
+run_python verify_paper_claims.py
exit_status: 1

=== 2026-08-22T22:20:05Z :: diff_core_2 ===
cwd: /Users/alec/Documents/Math/complete_graph_extremality_r2_rereview_2026-08-22
argv: diff -u /Users/alec/Documents/Math/complete_graph_extremality_referee_audit_2026-08-22/work/package/source_and_certificates/universal_simultaneous_amplification/phase5_exact_threshold/paper_db_extremality/build.sh work/package/source_and_certificates/universal_simultaneous_amplification/phase5_exact_threshold/paper_db_extremality/build.sh
--- /Users/alec/Documents/Math/complete_graph_extremality_referee_audit_2026-08-22/work/package/source_and_certificates/universal_simultaneous_amplification/phase5_exact_threshold/paper_db_extremality/build.sh	2026-08-22 10:21:57
+++ work/package/source_and_certificates/universal_simultaneous_amplification/phase5_exact_threshold/paper_db_extremality/build.sh	2026-08-22 15:08:22
@@ -5,14 +5,46 @@
 tmp_dir="$paper_dir/tmp/pdfs"
 out_dir="$paper_dir/output/pdf"
 render_dir="$paper_dir/output/rendered"
+bundle_url="https://relay.fullyjustified.net/default_bundle_v33.tar"
+bundle_digest="6ffe055852f8faf66c0acbe1a7fb27f87b869a90bad1204f3bf4d9683f597c7c"
 
+if [ "$(tectonic --version)" != "Tectonic 0.16.9" ]; then
+  echo "Tectonic 0.16.9 is required" >&2
+  exit 2
+fi
+if [ "$(pdfinfo -v 2>&1 | sed -n '1p')" != "pdfinfo version 26.08.0" ]; then
+  echo "pdfinfo 26.08.0 is required" >&2
+  exit 2
+fi
+if [ "$(pdftoppm -v 2>&1 | sed -n '1p')" != "pdftoppm version 26.08.0" ]; then
+  echo "pdftoppm 26.08.0 is required" >&2
+  exit 2
+fi
+
 mkdir -p "$tmp_dir" "$out_dir" "$render_dir"
 export SOURCE_DATE_EPOCH=1787270400
 export FORCE_SOURCE_DATE=1
 export TZ=UTC
 
 tectonic --keep-logs --keep-intermediates \
+  --bundle "$bundle_url" \
   --outdir "$tmp_dir" "$paper_dir/main.tex"
+
+tectonic_cache=$(tectonic -X show user-cache-dir)
+bundle_record="$tectonic_cache/hashes/https,58,,47,,47,relay.fullyjustified.net,47,default_bundle_v33.tar"
+if [ ! -f "$bundle_record" ]; then
+  echo "Cannot locate Tectonic's v33 bundle-content record" >&2
+  exit 2
+fi
+actual_bundle_digest=$(tr -d '\r\n' < "$bundle_record")
+if [ "$actual_bundle_digest" != "$bundle_digest" ]; then
+  echo "Tectonic v33 bundle digest mismatch" >&2
+  echo "expected: $bundle_digest" >&2
+  echo "actual:   $actual_bundle_digest" >&2
+  exit 2
+fi
+echo "PASS: pinned Tectonic v33 bundle digest $bundle_digest"
+
 install -m 0644 "$tmp_dir/main.pdf" \
   "$out_dir/complete_graph_extremality_db.pdf"
 pdfinfo "$out_dir/complete_graph_extremality_db.pdf"
exit_status: 1

=== 2026-08-22T22:20:05Z :: diff_core_5 ===
cwd: /Users/alec/Documents/Math/complete_graph_extremality_r2_rereview_2026-08-22
argv: diff -u /Users/alec/Documents/Math/complete_graph_extremality_referee_audit_2026-08-22/work/package/source_and_certificates/universal_simultaneous_amplification/phase5_exact_threshold/paper_db_extremality/sections/07_implications_reproducibility.tex work/package/source_and_certificates/universal_simultaneous_amplification/phase5_exact_threshold/paper_db_extremality/sections/07_implications_reproducibility.tex
--- /Users/alec/Documents/Math/complete_graph_extremality_referee_audit_2026-08-22/work/package/source_and_certificates/universal_simultaneous_amplification/phase5_exact_threshold/paper_db_extremality/sections/07_implications_reproducibility.tex	2026-08-22 10:21:57
+++ work/package/source_and_certificates/universal_simultaneous_amplification/phase5_exact_threshold/paper_db_extremality/sections/07_implications_reproducibility.tex	2026-08-22 15:08:22
@@ -90,6 +90,10 @@
 finite ranges is rational.  The verifiers discharge the finite
 computer-assisted portions; sampled numerical values are never used to
 extend a quantifier.
+The universal directed strong-selection conclusion and the all-order
+antisymmetric-sector conclusion are proved analytically in Section~5 and
+Appendix~A, respectively; their literal-chain executable checks are finite
+consistency tests.
 
 The one-command replay is
 \begin{verbatim}
exit_status: 1

=== 2026-08-22T22:20:05Z :: diff_core_4 ===
cwd: /Users/alec/Documents/Math/complete_graph_extremality_r2_rereview_2026-08-22
argv: diff -u /Users/alec/Documents/Math/complete_graph_extremality_referee_audit_2026-08-22/work/package/source_and_certificates/universal_simultaneous_amplification/phase5_exact_threshold/paper_db_extremality/submission/ENVIRONMENT.md work/package/source_and_certificates/universal_simultaneous_amplification/phase5_exact_threshold/paper_db_extremality/submission/ENVIRONMENT.md
--- /Users/alec/Documents/Math/complete_graph_extremality_referee_audit_2026-08-22/work/package/source_and_certificates/universal_simultaneous_amplification/phase5_exact_threshold/paper_db_extremality/submission/ENVIRONMENT.md	2026-08-22 10:21:57
+++ work/package/source_and_certificates/universal_simultaneous_amplification/phase5_exact_threshold/paper_db_extremality/submission/ENVIRONMENT.md	2026-08-22 15:08:22
@@ -11,19 +11,33 @@
 | Tectonic | 0.16.9 | deterministic LaTeX compilation |
 | Poppler | 26.08.0 | PDF metadata checks and page rendering |
 
-`requirements.txt` pins the three Python libraries, including SymPy's runtime
-dependency. The clean-extraction command
+`requirements.txt` records the three exact Python versions.
+`requirements-lock.txt` additionally binds every accepted wheel artifact by
+SHA-256.  Bootstrap installs from that lock with `--require-hashes`,
+`--only-binary=:all:`, and `--no-deps`; SymPy's runtime dependency is therefore
+explicit rather than transitively resolved. The clean-extraction command
 
 ```sh
 submission/bootstrap_replay.sh
 ```
 
-requires Python 3.14.6, creates `.venv-paper1`, installs exactly those library
-versions, checks the installed metadata, and runs the full certificate replay.
+requires Python 3.14.6, clears and recreates `.venv-paper1`, installs exactly
+those verified artifacts, checks their versions and import origins, scans the
+bundled Python sources for optimization-elidable bare assertions, and runs the
+full certificate replay.
 Set `BOOTSTRAP_PYTHON` to the absolute path of a Python 3.14.6 interpreter when
 `python3` resolves to a different version.
 
+The referee launcher, bootstrap, and direct replay reject optimized Python and
+clear inherited Python import/build overrides before any certificate runs.
+Each scientific condition is an explicit `require` check that remains active
+under `python -O`.  The package-level command also executes an intentional
+false check and requires a nonzero status before beginning the positive replay.
+
 Tectonic and Poppler are external document tools, not Python dependencies.
+The build fixes the Tectonic endpoint to the standard v33 bundle and requires
+its cache-recorded content digest to be
+`6ffe055852f8faf66c0acbe1a7fb27f87b869a90bad1204f3bf4d9683f597c7c`.
 They can be checked with:
 
 ```sh
@@ -32,7 +46,7 @@
 pdftoppm -v
 ```
 
-They are needed by `build.sh`, which compiles the PDF, inspects its metadata,
-and renders every page for visual review. They are not needed by `replay.sh`,
-whose theorem checks use exact arithmetic and do not rely on the generated
-PDF.
+They are needed by `build.sh`, which checks their versions and bundle identity,
+compiles the PDF, inspects its metadata, and renders every page for visual
+review. They are not needed by `replay.sh`, whose theorem checks use exact
+arithmetic and do not rely on the generated PDF.
exit_status: 1

=== 2026-08-22T22:20:05Z :: diff_core_6 ===
cwd: /Users/alec/Documents/Math/complete_graph_extremality_r2_rereview_2026-08-22
argv: diff -u /Users/alec/Documents/Math/complete_graph_extremality_referee_audit_2026-08-22/work/package/source_and_certificates/universal_simultaneous_amplification/phase5_exact_threshold/paper_db_extremality/appendices/A_sector_certificates.tex work/package/source_and_certificates/universal_simultaneous_amplification/phase5_exact_threshold/paper_db_extremality/appendices/A_sector_certificates.tex
--- /Users/alec/Documents/Math/complete_graph_extremality_referee_audit_2026-08-22/work/package/source_and_certificates/universal_simultaneous_amplification/phase5_exact_threshold/paper_db_extremality/appendices/A_sector_certificates.tex	2026-08-22 10:21:57
+++ work/package/source_and_certificates/universal_simultaneous_amplification/phase5_exact_threshold/paper_db_extremality/appendices/A_sector_certificates.tex	2026-08-22 15:08:22
@@ -548,7 +548,7 @@
 asserts every sign and the minimum in \eqref{A.33}, and uses no floating-point
 arithmetic.  Its SHA-256 is
 \begin{center}
-\small\nolinkurl{b4d45a83ce5f21a1fd3e09403b376e071330290a01affff64711574b69e024bc}.
+\small\nolinkurl{7a1fa1f579c090cc32668392e67b9eb88e696b51ad602a90d069541e402aa512}.
 \end{center}
 Successful execution ends with
 \begin{center}
exit_status: 1

=== 2026-08-22T22:20:05Z :: diff_core_7 ===
cwd: /Users/alec/Documents/Math/complete_graph_extremality_r2_rereview_2026-08-22
argv: diff -u /Users/alec/Documents/Math/complete_graph_extremality_referee_audit_2026-08-22/work/package/source_and_certificates/universal_simultaneous_amplification/phase5_exact_threshold/paper_db_extremality/release_bundle.sh work/package/source_and_certificates/universal_simultaneous_amplification/phase5_exact_threshold/paper_db_extremality/release_bundle.sh
--- /Users/alec/Documents/Math/complete_graph_extremality_referee_audit_2026-08-22/work/package/source_and_certificates/universal_simultaneous_amplification/phase5_exact_threshold/paper_db_extremality/release_bundle.sh	2026-08-22 10:21:57
+++ work/package/source_and_certificates/universal_simultaneous_amplification/phase5_exact_threshold/paper_db_extremality/release_bundle.sh	2026-08-22 15:08:22
@@ -1,8 +1,22 @@
 #!/bin/sh
 set -eu
 
+case ${PYTHONOPTIMIZE-} in
+  ""|0) ;;
+  *)
+    echo "Refusing inherited PYTHONOPTIMIZE=${PYTHONOPTIMIZE}" >&2
+    exit 2
+    ;;
+esac
+unset PYTHONOPTIMIZE PYTHONPATH PYTHONHOME PYTHONSTARTUP PYTHONINSPECT \
+  PYTHONWARNINGS PYTHONPYCACHEPREFIX PYTHONCASEOK PYTHONPLATLIBDIR \
+  PYTHONUSERBASE PYTHONEXECUTABLE MAKEFLAGS MFLAGS GNUMAKEFLAGS MAKEOVERRIDES
+export PYTHONNOUSERSITE=1
+export PYTHONDONTWRITEBYTECODE=1
+
 paper_dir=$(CDPATH= cd -- "$(dirname -- "$0")" && pwd)
 repo_root=$(CDPATH= cd -- "$paper_dir/../../.." && pwd)
+bootstrap_python=${BOOTSTRAP_PYTHON:-python3}
 default_output="$paper_dir/output/release/complete_graph_extremality_db_source_and_certificates.tar.gz"
 output=${1:-"$default_output"}
 
@@ -12,15 +26,15 @@
 esac
 
 mkdir -p "$(dirname -- "$output")"
-"$paper_dir/replay.sh"
+BOOTSTRAP_PYTHON="$bootstrap_python" "$paper_dir/submission/bootstrap_replay.sh"
 "$paper_dir/build.sh"
 if [ -f "$paper_dir/submission/verify_submission_materials.py" ]; then
-  python3 "$paper_dir/submission/verify_submission_materials.py"
+  "$bootstrap_python" -I "$paper_dir/submission/verify_submission_materials.py"
 fi
-python3 "$paper_dir/bundle_manifest.py" \
+"$bootstrap_python" -I "$paper_dir/bundle_manifest.py" \
   --repo-root "$repo_root" \
   --output "$output"
-python3 - "$output" <<'PY'
+"$bootstrap_python" -I - "$output" <<'PY'
 from __future__ import annotations
 
 import hashlib
exit_status: 1

=== 2026-08-22T22:20:17Z :: identity_metadata ===
cwd: /Users/alec/Documents/Math/complete_graph_extremality_r2_rereview_2026-08-22
argv: sed -n 1,240p work/package/source_and_certificates/BUNDLE_METADATA.txt
Package: Local Complete-Graph Optimality at Fitness Two and Strong-Selection Rigidity under Death--Birth Updating
Contents: manuscript PDF and source, exact certificates, and replay dependencies
Archive format: deterministic POSIX tar compressed with deterministic gzip
SOURCE_DATE_EPOCH: 1787270400
Python: 3.14.6
SymPy: 1.14.0
python-flint: 0.9.0
mpmath: 1.3.0
Python dependency artifacts: requirements-lock.txt; wheel-only SHA-256 lock
PDF toolchain: Tectonic 0.16.9; Poppler 26.08.0
Tectonic v33 bundle SHA-256: 6ffe055852f8faf66c0acbe1a7fb27f87b869a90bad1204f3bf4d9683f597c7c
Replay entry point: universal_simultaneous_amplification/phase5_exact_threshold/paper_db_extremality/replay.sh
exit_status: 0

=== 2026-08-22T22:20:34Z :: verify_source_commit ===
cwd: /Users/alec/Documents/Math/complete_graph_extremality_r2_rereview_2026-08-22
argv: records/verify_source_commit.sh
OK universal_simultaneous_amplification/LICENSE
OK universal_simultaneous_amplification/phase1_directed/non_strong_support_closure.md
OK universal_simultaneous_amplification/phase1_directed/verify_directed_db_strong.py
OK universal_simultaneous_amplification/phase2_n4/README.md
OK universal_simultaneous_amplification/phase2_n4/crosscheck_full_chain.py
OK universal_simultaneous_amplification/phase2_n4/derive_lumped_certificates.py
OK universal_simultaneous_amplification/phase2_n4/n4_symmetric_classification.md
OK universal_simultaneous_amplification/phase2_triangle/README.md
OK universal_simultaneous_amplification/phase2_triangle/audit/independent_triangle_audit.py
OK universal_simultaneous_amplification/phase2_triangle/crosscheck_exact_solver.py
OK universal_simultaneous_amplification/phase2_triangle/derive_certificate.py
OK universal_simultaneous_amplification/phase2_triangle/triangle_classification.md
OK universal_simultaneous_amplification/phase3_asymptotic/REPORT.md
OK universal_simultaneous_amplification/phase3_asymptotic/verify_lumping.py
OK universal_simultaneous_amplification/phase4_landmark_closure/obstruction/r2_collision_closure/verify_direct_flow_screen.py
OK universal_simultaneous_amplification/phase4_landmark_closure/obstruction/r2_collision_closure/verify_fisher_route.py
OK universal_simultaneous_amplification/phase4_landmark_closure/obstruction/r2_entropy_certificate/chi_square_channel/verify_resolvent_identities.py
OK universal_simultaneous_amplification/phase4_landmark_closure/obstruction/r2_marked_lift_v2/MARKED_ONE_SAMPLE_REDUCTION.md
OK universal_simultaneous_amplification/phase4_landmark_closure/obstruction/r2_marked_lift_v2/verify_marked_lift.py
OK universal_simultaneous_amplification/phase5_exact_threshold/paper_db_extremality/.gitignore
OK universal_simultaneous_amplification/phase5_exact_threshold/paper_db_extremality/README.md
OK universal_simultaneous_amplification/phase5_exact_threshold/paper_db_extremality/all.sh
OK universal_simultaneous_amplification/phase5_exact_threshold/paper_db_extremality/appendices/A_sector_certificates.tex
OK universal_simultaneous_amplification/phase5_exact_threshold/paper_db_extremality/appendices/B_k4_certificate.tex
OK universal_simultaneous_amplification/phase5_exact_threshold/paper_db_extremality/appendices/C_quantifier_ledger.tex
OK universal_simultaneous_amplification/phase5_exact_threshold/paper_db_extremality/build.sh
OK universal_simultaneous_amplification/phase5_exact_threshold/paper_db_extremality/bundle_manifest.py
OK universal_simultaneous_amplification/phase5_exact_threshold/paper_db_extremality/main.tex
OK universal_simultaneous_amplification/phase5_exact_threshold/paper_db_extremality/output/pdf/complete_graph_extremality_db.pdf
OK universal_simultaneous_amplification/phase5_exact_threshold/paper_db_extremality/references.tex
OK universal_simultaneous_amplification/phase5_exact_threshold/paper_db_extremality/release_bundle.sh
OK universal_simultaneous_amplification/phase5_exact_threshold/paper_db_extremality/replay.sh
OK universal_simultaneous_amplification/phase5_exact_threshold/paper_db_extremality/requirements-lock.txt
OK universal_simultaneous_amplification/phase5_exact_threshold/paper_db_extremality/requirements.txt
OK universal_simultaneous_amplification/phase5_exact_threshold/paper_db_extremality/sections/01_introduction.tex
OK universal_simultaneous_amplification/phase5_exact_threshold/paper_db_extremality/sections/02_model_results.tex
OK universal_simultaneous_amplification/phase5_exact_threshold/paper_db_extremality/sections/03_duality_collision.tex
OK universal_simultaneous_amplification/phase5_exact_threshold/paper_db_extremality/sections/04_local_hessian.tex
OK universal_simultaneous_amplification/phase5_exact_threshold/paper_db_extremality/sections/05_strong_selection.tex
OK universal_simultaneous_amplification/phase5_exact_threshold/paper_db_extremality/sections/06_low_order.tex
OK universal_simultaneous_amplification/phase5_exact_threshold/paper_db_extremality/sections/07_implications_reproducibility.tex
OK universal_simultaneous_amplification/phase5_exact_threshold/paper_db_extremality/submission/BUNDLE_REPRODUCTION.md
OK universal_simultaneous_amplification/phase5_exact_threshold/paper_db_extremality/submission/DECLARATIONS.md
OK universal_simultaneous_amplification/phase5_exact_threshold/paper_db_extremality/submission/ENVIRONMENT.md
OK universal_simultaneous_amplification/phase5_exact_threshold/paper_db_extremality/submission/PROVENANCE_AND_RELATED_RELEASES.md
OK universal_simultaneous_amplification/phase5_exact_threshold/paper_db_extremality/submission/bootstrap_replay.sh
OK universal_simultaneous_amplification/phase5_exact_threshold/paper_db_extremality/submission/verify_execution_safety.py
OK universal_simultaneous_amplification/phase5_exact_threshold/paper_db_extremality/verify_paper_claims.py
OK universal_simultaneous_amplification/phase5_exact_threshold/r2_determinant/ACTIVE_R2_DETERMINANT.md
OK universal_simultaneous_amplification/phase5_exact_threshold/r2_determinant/COMPLETE_REFRESH_FOREST.md
OK universal_simultaneous_amplification/phase5_exact_threshold/r2_determinant/FIXED_COUNT_TWO_REPLICA.md
OK universal_simultaneous_amplification/phase5_exact_threshold/r2_determinant/TRUE_INVERSE_RANK_SYMMETRIC_PHASE_CONTRACTION.md
OK universal_simultaneous_amplification/phase5_exact_threshold/r2_determinant/verify_antisymmetric_hessian.py
OK universal_simultaneous_amplification/phase5_exact_threshold/r2_determinant/verify_complete_refresh_forest.py
OK universal_simultaneous_amplification/phase5_exact_threshold/r2_determinant/verify_hessian_sectors.py
OK universal_simultaneous_amplification/phase5_exact_threshold/r2_determinant/verify_r2_determinant.py
OK universal_simultaneous_amplification/phase5_exact_threshold/r2_determinant/verify_true_inverse_rank_symmetric_phase.py
OK universal_simultaneous_amplification/phase5_exact_threshold/r2_regular_sector/LOCAL_COMPLETE_HESSIAN_THEOREM.md
OK universal_simultaneous_amplification/phase5_exact_threshold/r2_regular_sector/verify_local_complete_hessian.py
OK universal_simultaneous_amplification/phase5_exact_threshold/r2_standard_physical_phase/PHYSICAL_STANDARD_PHASE_THEOREM.md
OK universal_simultaneous_amplification/phase5_exact_threshold/r2_standard_physical_phase/README.md
OK universal_simultaneous_amplification/phase5_exact_threshold/r2_standard_physical_phase/verify_physical_standard_phase.py
OK universal_simultaneous_amplification/requirements.txt
OK universal_simultaneous_amplification/src/__init__.py
OK universal_simultaneous_amplification/src/exact_markov.py
OK universal_simultaneous_amplification/tests/__init__.py
OK universal_simultaneous_amplification/tests/test_exact_markov.py
OK universal_simultaneous_amplification/verification/README.md
OK universal_simultaneous_amplification/verification/verify_obstruction.py
PASS: 69 archive payload files match source commit e63cc44748e4084ade67c5ff7dc5d1bf2a872f7c
exit_status: 0

=== 2026-08-22T22:20:45Z :: diff_py_sample_0 ===
cwd: /Users/alec/Documents/Math/complete_graph_extremality_r2_rereview_2026-08-22
argv: diff -u /Users/alec/Documents/Math/complete_graph_extremality_referee_audit_2026-08-22/work/package/source_and_certificates/universal_simultaneous_amplification/phase1_directed/verify_directed_db_strong.py work/package/source_and_certificates/universal_simultaneous_amplification/phase1_directed/verify_directed_db_strong.py
--- /Users/alec/Documents/Math/complete_graph_extremality_referee_audit_2026-08-22/work/package/source_and_certificates/universal_simultaneous_amplification/phase1_directed/verify_directed_db_strong.py	2026-08-22 10:21:57
+++ work/package/source_and_certificates/universal_simultaneous_amplification/phase1_directed/verify_directed_db_strong.py	2026-08-22 15:08:22
@@ -12,6 +12,16 @@
 import sympy as sp
 
 
+class CertificateFailure(RuntimeError):
+    """Raised when an explicit certificate check fails."""
+
+
+def require(condition, detail="certificate check failed"):
+    """Raise a failure that remains active under optimized Python."""
+    if not condition:
+        raise CertificateFailure(str(detail))
+
+
 R = sp.symbols("r", positive=True)
 
 
@@ -108,7 +118,7 @@
         if source != target
     )
     defect = directed_defect(w)
-    assert sp.simplify(a_total - n * (n - 1) * (n - 2) - defect) == 0
+    require(sp.simplify(a_total - n * (n - 1) * (n - 2) - defect) == 0)
     return sp.factor(a_total / (n**2 * (n - 2)))
 
 
@@ -140,8 +150,8 @@
     extracted_difference = sp.factor(
         sp.limit(R * (complete_baseline(n) - rho), R, sp.oo)
     )
-    assert sp.simplify(extracted_graph - predicted_graph) == 0
-    assert sp.simplify(extracted_difference - predicted_difference) == 0
+    require(sp.simplify(extracted_graph - predicted_graph) == 0)
+    require(sp.simplify(extracted_difference - predicted_difference) == 0)
     return extracted_graph, extracted_difference
 
 
@@ -179,9 +189,9 @@
         (2, 5, 7, 0),
     )
     rho = directed_db_fixation(column_uniform)
-    assert directed_defect(column_uniform) == 0
-    assert sp.simplify(rho - complete_baseline(4)) == 0
-    assert row_defect(column_uniform) == sp.Rational(1131, 77)
+    require(directed_defect(column_uniform) == 0)
+    require(sp.simplify(rho - complete_baseline(4)) == 0)
+    require(row_defect(column_uniform) == sp.Rational(1131, 77))
     print(
         "column-uniform negative control: exact baseline identity; "
         f"wrong row defect={row_defect(column_uniform)}"
@@ -197,9 +207,9 @@
         tuple(scales[target] * original[source][target] for target in range(3))
         for source in range(3)
     )
-    assert sp.simplify(
+    require(sp.simplify(
         directed_db_fixation(original) - directed_db_fixation(scaled)
-    ) == 0
+    ) == 0)
     print("independent incoming-column scaling: exact fixation identity")
 
 
exit_status: 1

=== 2026-08-22T22:20:45Z :: diff_py_sample_2 ===
cwd: /Users/alec/Documents/Math/complete_graph_extremality_r2_rereview_2026-08-22
argv: diff -u /Users/alec/Documents/Math/complete_graph_extremality_referee_audit_2026-08-22/work/package/source_and_certificates/universal_simultaneous_amplification/phase4_landmark_closure/obstruction/r2_marked_lift_v2/verify_marked_lift.py work/package/source_and_certificates/universal_simultaneous_amplification/phase4_landmark_closure/obstruction/r2_marked_lift_v2/verify_marked_lift.py
--- /Users/alec/Documents/Math/complete_graph_extremality_referee_audit_2026-08-22/work/package/source_and_certificates/universal_simultaneous_amplification/phase4_landmark_closure/obstruction/r2_marked_lift_v2/verify_marked_lift.py	2026-08-22 10:21:57
+++ work/package/source_and_certificates/universal_simultaneous_amplification/phase4_landmark_closure/obstruction/r2_marked_lift_v2/verify_marked_lift.py	2026-08-22 15:08:22
@@ -14,6 +14,16 @@
 from pathlib import Path
 
 
+class CertificateFailure(RuntimeError):
+    """Raised when an explicit certificate check fails."""
+
+
+def require(condition, detail="certificate check failed"):
+    """Raise a failure that remains active under optimized Python."""
+    if not condition:
+        raise CertificateFailure(str(detail))
+
+
 HERE = Path(__file__).resolve().parent
 OBSTRUCTION = HERE.parent
 CHI = OBSTRUCTION / "r2_entropy_certificate" / "chi_square_channel"
@@ -47,7 +57,7 @@
         for state, mass in zip(states, incoming):
             if not ((state >> v) & 1):
                 nu[v][state] = mass - pi_all[state]
-                assert nu[v][state] >= 0
+                require(nu[v][state] >= 0)
         for C in range(full):
             if not ((C >> v) & 1):
                 sigma[v][C] = pi_all[C | (1 << v)]
@@ -67,16 +77,16 @@
         return image
 
     for v in range(n):
-        assert add_sample(v, lam[v]) == nu[v]
+        require(add_sample(v, lam[v]) == nu[v])
     for B in states:
-        assert sum(
+        require(sum(
             (nu[v][B] for v in range(n) if not ((B >> v) & 1)), F(0)
-        ) == B.bit_count() * pi_all[B]
+        ) == B.bit_count() * pi_all[B])
 
     mean = sum(
         (pi_all[state] * state.bit_count() for state in states), F(0)
     )
-    assert sum((sum(row, F(0)) for row in lam), F(0)) == mean
+    require(sum((sum(row, F(0)) for row in lam), F(0)) == mean)
     return P, states, pi_all, nu, sigma, lam, mean
 
 
@@ -97,13 +107,13 @@
             B = C | (1 << i)
             kernel[source][index[B, v]] += P[v][i] / 2
             size = B.bit_count()
-            assert size >= 1
+            require(size >= 1)
             for w in range(n):
                 if (B >> w) & 1:
                     kernel[source][index[B & ~(1 << w), w]] += (
                         P[v][i] / (2 * size)
                     )
-        assert sum(kernel[source], F(0)) == 1
+        require(sum(kernel[source], F(0)) == 1)
     return marked, index, kernel
 
 
@@ -132,7 +142,7 @@
             for i in range(n):
                 if P[w][i]:
                     kernel[source][index[C | (1 << i), w]] += P[w][i] / (2 * b)
-        assert sum(kernel[source], F(0)) == 1
+        require(sum(kernel[source], F(0)) == 1)
     return active, index, kernel
 
 
@@ -165,7 +175,7 @@
 def two_step_formula(P, t):
     """Closed sum-of-squares formula for the two-step radial gap."""
     n = len(P)
-    assert n >= 3
+    require(n >= 3)
     row_square = sum(
         (P[v][i] ** 2 for v in range(n) for i in range(n)), F(0)
     )
@@ -176,15 +186,15 @@
     )
 
     row_defect = row_square - F(n, n - 1)
-    assert row_defect >= 0
+    require(row_defect >= 0)
     transport_defect = (column_square - mutual) - (n - row_square)
     transport_sos = sum(((value - 1) ** 2 for value in columns), F(0))
     transport_sos += sum(
         ((P[v][i] - P[i][v]) ** 2
          for v in range(n) for i in range(n)), F(0)
     ) / 2
-    assert transport_defect == transport_sos
-    assert transport_defect >= 0
+    require(transport_defect == transport_sos)
+    require(transport_defect >= 0)
 
     if n == 3:
         return (1 - t ** 2) * row_defect / 24
@@ -197,15 +207,15 @@
     alpha = (1 - t ** 2) * (
         (1 + t) ** (s - 1) / 2 - binomial_sum
     ) / (2 * n * 2 ** s)
-    assert alpha >= 0
-    assert beta >= 0
+    require(alpha >= 0)
+    require(beta >= 0)
     return alpha * row_defect + beta * transport_defect
 
 
 def two_step_psi_formula(P):
     """Closed exact value of U M_P^2 psi from the integrated SOS."""
     n = len(P)
-    assert n >= 3
+    require(n >= 3)
     N = n - 1
     complete_inverse_mean = F(2 ** N - 1, N * 2 ** (N - 1))
     row_square = sum(
@@ -218,8 +228,8 @@
     )
     row_defect = row_square - F(n, n - 1)
     transport_defect = (column_square - mutual) - (n - row_square)
-    assert row_defect >= 0
-    assert transport_defect >= 0
+    require(row_defect >= 0)
+    require(transport_defect >= 0)
     if n == 3:
         return complete_inverse_mean + row_defect / 24
 
@@ -232,8 +242,8 @@
     integrated_half = F(2 ** s - 1, s) - F(2 ** (s + 1) - 1, 2 * (s + 1))
     alpha = (integrated_half - integrated_sum) / (n * 2 ** s)
     beta = integrated_sum / (2 * n * 2 ** s)
-    assert alpha > 0
-    assert beta > 0
+    require(alpha > 0)
+    require(beta > 0)
     return complete_inverse_mean + alpha * row_defect + beta * transport_defect
 
 
@@ -245,11 +255,11 @@
     lam_vector = [lam[v][C] for C, v in marked]
 
     for target in range(len(marked)):
-        assert sum(
+        require(sum(
             (lam_vector[source] * kernel[source][target]
              for source in range(len(marked))),
             F(0),
-        ) == lam_vector[target]
+        ) == lam_vector[target])
 
     pi_level = [F(0) for _ in range(n + 1)]
     for state in states:
@@ -263,20 +273,20 @@
             (P[v][i] for i in range(n) if (C >> i) & 1), F(0)
         )
     for k in range(n):
-        assert 2 * Lambda[k] == (k + 1) * pi_level[k + 1] + k * pi_level[k]
+        require(2 * Lambda[k] == (k + 1) * pi_level[k + 1] + k * pi_level[k])
 
     q = [F(0) for _ in range(n + 1)]
     eta = [value / mean for value in Lambda]
     for k in range(1, n):
         q[k] = k * pi_level[k] / mean
-    assert sum(q, F(0)) == 1
+    require(sum(q, F(0)) == 1)
     for k in range(n):
-        assert eta[k] == (q[k] + q[k + 1]) / 2
+        require(eta[k] == (q[k] + q[k + 1]) / 2)
 
     # Aggregated nearest-neighbour flux and stationary rank drift.
-    assert sum(cut_mass, F(0)) == mean / 2
+    require(sum(cut_mass, F(0)) == mean / 2)
     for k in range(1, n):
-        assert cut_mass[k] == k * pi_level[k] / 2
+        require(cut_mass[k] == k * pi_level[k] / 2)
 
     psi = [
         2 * sum(
@@ -286,12 +296,12 @@
         )
         for j in range(N + 1)
     ]
-    assert sum((eta[k] * psi[k] for k in range(n)), F(0)) == 1 / mean
-    assert sum((q[k] / k for k in range(1, n)), F(0)) == 1 / mean
+    require(sum((eta[k] * psi[k] for k in range(n)), F(0)) == 1 / mean)
+    require(sum((q[k] / k for k in range(1, n)), F(0)) == 1 / mean)
     psi_vector = [psi[C.bit_count()] for C, _ in marked]
     twice = apply_kernel(kernel, apply_kernel(kernel, psi_vector))
     two_step_psi = sum(twice, F(0)) / len(marked)
-    assert two_step_psi == two_step_psi_formula(P)
+    require(two_step_psi == two_step_psi_formula(P))
 
     # The unconditional stopping-and-handoff flow has mass exactly 1/2 in
     # the unnormalised stationary measure, hence probability 1/(2m).
@@ -300,7 +310,7 @@
         for i in range(n):
             if P[v][i]:
                 handoff += mass * P[v][i] / (2 * (C | (1 << i)).bit_count())
-    assert handoff == F(1, 2)
+    require(handoff == F(1, 2))
 
     return {
         "n": n,
@@ -333,12 +343,12 @@
         ]
         marked, _, kernel = marked_kernel(P)
         parity = [(-1) ** C.bit_count() for C, _ in marked]
-        assert apply_kernel(kernel, parity) == [F(0) for _ in marked]
-        for t in (F(0), F(1, 5), F(2, 3), F(1)):
-            assert two_step_gap(P, t) == two_step_formula(P, t)
-            assert two_step_formula(P, t) >= 0
+        require(apply_kernel(kernel, parity) == [F(0) for _ in marked])
+        for t in (F(0), F(1, 5), F(2, 3), F(1)):
+            require(two_step_gap(P, t) == two_step_formula(P, t))
+            require(two_step_formula(P, t) >= 0)
 
-    print("PASS: exact universal two-step sum-of-squares identity")
+    print("PASS: finite exact examples match the stated two-step sum-of-squares identity")
 
 
 def audit_density_factorization():
@@ -401,11 +411,11 @@
             output[B, v] = F(N, 2 * b) * value
         return output
 
-    assert reverse_density(g) == h
-    assert sample_density(h) == g
-    assert sum((B.bit_count() * value for (B, _), value in g.items()), F(0)) \
-        == n * N * 2 ** (N - 1)
-    assert sum(g.values(), F(0)) / (n * N * 2 ** (N - 1)) == 1 / mean
+    require(reverse_density(g) == h)
+    require(sample_density(h) == g)
+    require(sum((B.bit_count() * value for (B, _), value in g.items()), F(0)) \
+        == n * N * 2 ** (N - 1))
+    require(sum(g.values(), F(0)) / (n * N * 2 ** (N - 1)) == 1 / mean)
 
     ones = {state: F(1) for state in active}
     first = sample_density(reverse_density(ones))
@@ -413,18 +423,18 @@
         row_mass = sum(
             (P[v][i] for i in range(n) if (B >> i) & 1), F(0)
         )
-        assert first[B, v] == F(N, B.bit_count()) * row_mass
+        require(first[B, v] == F(N, B.bit_count()) * row_mass)
     second = sample_density(reverse_density(first))
     transient = sum(second.values(), F(0)) / (n * N * 2 ** (N - 1))
-    assert transient == marked_data(weights)["two_step_psi"]
-    assert sum(g.values(), F(0)) > sum(second.values(), F(0))
+    require(transient == marked_data(weights)["two_step_psi"])
+    require(sum(g.values(), F(0)) > sum(second.values(), F(0)))
 
     # Independently build the forward active chain and verify the exact rank
     # flux, R psi=1/|B|, and the two-step/long-run formulations.
     active_forward, _, forward = active_kernel(P)
-    assert active_forward == active
+    require(active_forward == active)
     stationary = [nu[v][B] / mean for B, v in active]
-    assert propagate_law(stationary, forward) == stationary
+    require(propagate_law(stationary, forward) == stationary)
     for row, (B, v) in zip(forward, active):
         b = B.bit_count()
         up = sum(
@@ -444,22 +454,22 @@
              for i in range(n) if (B >> i) & 1),
             F(0),
         )
-        assert up == (1 - p_vB) / 2
-        assert down == internal / (2 * b)
+        require(up == (1 - p_vB) / 2)
+        require(down == internal / (2 * b))
 
     psi_rank = marked_data(weights)["psi"]
     for B, _ in active:
         b = B.bit_count()
-        assert (psi_rank[b] + psi_rank[b - 1]) / 2 == F(1, b)
+        require((psi_rank[b] + psi_rank[b - 1]) / 2 == F(1, b))
     H = [F(1, B.bit_count()) for B, _ in active]
     reference = [
         F(B.bit_count(), n * (n - 1) * 2 ** (n - 2))
         for B, _ in active
     ]
-    assert sum(reference, F(0)) == 1
+    require(sum(reference, F(0)) == 1)
     law = propagate_law(propagate_law(reference, forward), forward)
-    assert sum((mass * value for mass, value in zip(law, H)), F(0)) == transient
-    assert sum((mass * value for mass, value in zip(stationary, H)), F(0)) == 1 / mean
+    require(sum((mass * value for mass, value in zip(law, H)), F(0)) == transient)
+    require(sum((mass * value for mass, value in zip(stationary, H)), F(0)) == 1 / mean)
 
     print("PASS: exact Perron/forward-active factorization and strict P3 promotion")
 
@@ -467,10 +477,10 @@
 def audit_complete_and_path():
     path = [[0, 1, 0], [1, 0, 1], [0, 1, 0]]
     data = marked_data(path)
-    assert data["mean"] == F(11, 9)
-    assert data["q"][1:3] == [F(7, 11), F(4, 11)]
-    assert data["eta"] == [F(7, 22), F(1, 2), F(2, 11)]
-    assert 1 / data["mean"] > data["two_step_psi"]
+    require(data["mean"] == F(11, 9))
+    require(data["q"][1:3] == [F(7, 11), F(4, 11)])
+    require(data["eta"] == [F(7, 22), F(1, 2), F(2, 11)])
+    require(1 / data["mean"] > data["two_step_psi"])
 
     for n in range(3, 7):
         complete = [[0 if i == j else 1 for j in range(n)] for i in range(n)]
@@ -479,11 +489,11 @@
         expected_q = [F(0)] + [
             F(comb(n - 2, k - 1), 2 ** (n - 2)) for k in range(1, n)
         ] + [F(0)]
-        assert complete_data["eta"] == expected_eta
-        assert complete_data["q"] == expected_q
+        require(complete_data["eta"] == expected_eta)
+        require(complete_data["q"] == expected_q)
         complete_mean = F((n - 1) * 2 ** (n - 2), 2 ** (n - 1) - 1)
-        assert complete_data["mean"] == complete_mean
-        assert 1 / complete_data["mean"] == complete_data["two_step_psi"]
+        require(complete_data["mean"] == complete_mean)
+        require(1 / complete_data["mean"] == complete_data["two_step_psi"])
 
     print("PASS: exact marked stationarity, path values, and complete binomial law")
 
@@ -497,13 +507,13 @@
     q = data["q"]
     complete_tail = F(15, 16)
     tail_excess = sum(q[2:], F(0)) - complete_tail
-    assert tail_excess > 0
+    require(tail_excess > 0)
 
     complete_inverse_mean = F(31, 80)
     harmonic_excess = sum((q[k] / k for k in range(1, 6)), F(0)) - complete_inverse_mean
-    assert harmonic_excess > 0
-    assert data["mean"] < F(80, 31)
-    assert 1 / data["mean"] > data["two_step_psi"]
+    require(harmonic_excess > 0)
+    require(data["mean"] < F(80, 31))
+    require(1 / data["mean"] > data["two_step_psi"])
 
     print(
         "PASS: exact n=6 event-rank tail counterexample; "
@@ -538,13 +548,13 @@
     for _ in range(37):
         values = apply_kernel(kernel, values)
         sequence.append(sum(values, F(0)) / len(marked))
-    assert sequence[37] < sequence[36]
+    require(sequence[37] < sequence[36])
     stationary_psi = sum(
         (lam[v][C] * value / mean
          for (C, v), value in zip(marked, psi)),
         F(0),
     )
-    assert stationary_psi > sequence[2]
+    require(stationary_psi > sequence[2])
 
     # A different rational reversible K5 shows that the stationary lower
     # envelope is special to psi: it is false for the radial PGF at t=0.
@@ -563,7 +573,7 @@
          for (C, v), value in zip(marked, zero_rank)),
         F(0),
     )
-    assert stationary < transient
+    require(stationary < transient)
 
     print("PASS: exact late-time decrease; psi lower envelope still survives")
     print("PASS: exact stationary PGF lower-envelope counterexample at t=0")
exit_status: 1

=== 2026-08-22T22:20:46Z :: diff_py_sample_1 ===
cwd: /Users/alec/Documents/Math/complete_graph_extremality_r2_rereview_2026-08-22
argv: diff -u /Users/alec/Documents/Math/complete_graph_extremality_referee_audit_2026-08-22/work/package/source_and_certificates/universal_simultaneous_amplification/phase2_triangle/derive_certificate.py work/package/source_and_certificates/universal_simultaneous_amplification/phase2_triangle/derive_certificate.py
--- /Users/alec/Documents/Math/complete_graph_extremality_referee_audit_2026-08-22/work/package/source_and_certificates/universal_simultaneous_amplification/phase2_triangle/derive_certificate.py	2026-08-22 10:21:57
+++ work/package/source_and_certificates/universal_simultaneous_amplification/phase2_triangle/derive_certificate.py	2026-08-22 15:08:22
@@ -15,6 +15,16 @@
 import sympy as sp
 
 
+class CertificateFailure(RuntimeError):
+    """Raised when an explicit certificate check fails."""
+
+
+def require(condition, detail="certificate check failed"):
+    """Raise a failure that remains active under optimized Python."""
+    if not condition:
+        raise CertificateFailure(str(detail))
+
+
 r = sp.symbols("r", positive=True)
 x, y = sp.symbols("x y", positive=True)
 a, b, c = sp.symbols("a b c", positive=True)
@@ -134,10 +144,10 @@
         + 3 * (Z * (X - Y) ** 2 + Y * (X - Z) ** 2 + X * (Y - Z) ** 2)
     )
 
-    assert sp.expand(s1**2 - 3 * s2 - square_gap_1) == 0
-    assert sp.expand(s2**2 - 3 * s1 * s3 - square_gap_2) == 0
-    assert sp.expand(s1 * s2 - 9 * s3 - weighted_gap) == 0
-    assert sp.expand(s2**3 - 27 * s3**2 - cubic_gap) == 0
+    require(sp.expand(s1**2 - 3 * s2 - square_gap_1) == 0)
+    require(sp.expand(s2**2 - 3 * s1 * s3 - square_gap_2) == 0)
+    require(sp.expand(s1 * s2 - 9 * s3 - weighted_gap) == 0)
+    require(sp.expand(s2**3 - 27 * s3**2 - cubic_gap) == 0)
 
     A, D, E, _ = sign_polynomials(a, b, c)
     D_certificate = (
@@ -148,9 +158,9 @@
     E_certificate = 4 * s2 * (
         3 * s2 * (s1**2 - 3 * s2) + (s2**2 - 3 * s1 * s3)
     )
-    assert sp.expand(A - 3 * s3 * weighted_gap) == 0
-    assert sp.expand(D - D_certificate) == 0
-    assert sp.expand(E - E_certificate) == 0
+    require(sp.expand(A - 3 * s3 * weighted_gap) == 0)
+    require(sp.expand(D - D_certificate) == 0)
+    require(sp.expand(E - E_certificate) == 0)
 
 
 def main() -> None:
@@ -160,14 +170,14 @@
 
     # Strict diagonal dominance is encoded by M*1=1: every diagonal entry is
     # one plus the sum of the magnitudes of the nonpositive off-diagonal entries.
-    assert matrix * sp.ones(6, 1) == sp.ones(6, 1)
+    require(matrix * sp.ones(6, 1) == sp.ones(6, 1))
 
     solution = matrix.inv(method="DM") * rhs
     rho = sp.cancel(sum(solution[index, 0] for index in range(3)) / 3)
     baseline = sp.cancel(2 * r / (3 * (r + 1)))
     derived_difference = sp.cancel(rho - baseline)
     certified_difference = formula_difference(1, x, y)
-    assert sp.cancel(derived_difference - certified_difference) == 0
+    require(sp.cancel(derived_difference - certified_difference) == 0)
 
     # P is positive because it is a positive local-denominator product times
     # one third of the determinant of a strictly diagonally dominant M-matrix.
@@ -176,14 +186,14 @@
     determinant = sp.cancel(generic_matrix.det(method="domain-ge"))
     P = denominator_polynomial(a, b, c)
     local_product = local_denominator_product(a, b, c)
-    assert sp.cancel(determinant - 3 * P / local_product) == 0
+    require(sp.cancel(determinant - 3 * P / local_product) == 0)
 
     A, D, E, H = sign_polynomials(a, b, c)
-    assert sp.expand(H - (A * (r - 1) ** 4 + D * r * (r - 1) ** 2 + E * r**2)) == 0
+    require(sp.expand(H - (A * (r - 1) ** 4 + D * r * (r - 1) ** 2 + E * r**2)) == 0)
     verify_sum_of_squares_identities()
 
-    assert sp.expand(H.subs({a: 1, b: 1, c: 1})) == 0
-    assert sp.factor(P.subs({a: 1, b: 1, c: 1})) == 9 * (r + 1) ** 2 * (r**2 + 3 * r + 1) ** 2
+    require(sp.expand(H.subs({a: 1, b: 1, c: 1})) == 0)
+    require(sp.factor(P.subs({a: 1, b: 1, c: 1})) == 9 * (r + 1) ** 2 * (r**2 + 3 * r + 1) ** 2)
 
     print("[EXACTLY COMPUTED] solved all six transient dB equations over QQ(r,x,y)")
     print("[CERTIFIED IDENTITY] rho-rho_K3 = -r(r-1)H/[3(r+1)P]")
exit_status: 1

=== 2026-08-22T22:20:46Z :: diff_py_sample_3 ===
cwd: /Users/alec/Documents/Math/complete_graph_extremality_r2_rereview_2026-08-22
argv: diff -u /Users/alec/Documents/Math/complete_graph_extremality_referee_audit_2026-08-22/work/package/source_and_certificates/universal_simultaneous_amplification/phase5_exact_threshold/r2_determinant/verify_antisymmetric_hessian.py work/package/source_and_certificates/universal_simultaneous_amplification/phase5_exact_threshold/r2_determinant/verify_antisymmetric_hessian.py
--- /Users/alec/Documents/Math/complete_graph_extremality_referee_audit_2026-08-22/work/package/source_and_certificates/universal_simultaneous_amplification/phase5_exact_threshold/r2_determinant/verify_antisymmetric_hessian.py	2026-08-22 10:21:57
+++ work/package/source_and_certificates/universal_simultaneous_amplification/phase5_exact_threshold/r2_determinant/verify_antisymmetric_hessian.py	2026-08-22 15:08:22
@@ -1,5 +1,5 @@
 #!/usr/bin/env python3
-"""Exact verifier for the all-order antisymmetric Hessian certificate."""
+"""Finite exact checks accompanying the analytic all-order Hessian proof."""
 
 from __future__ import annotations
 
@@ -9,6 +9,16 @@
 from flint import fmpq as Q, fmpq_mat
 
 
+class CertificateFailure(RuntimeError):
+    """Raised when an explicit certificate check fails."""
+
+
+def require(condition, detail="certificate check failed"):
+    """Raise a failure that remains active under optimized Python."""
+    if not condition:
+        raise CertificateFailure(str(detail))
+
+
 def solve(matrix, rhs):
     size = len(rhs)
     augmented = [matrix[i][:] + [rhs[i]] for i in range(size)]
@@ -48,10 +58,10 @@
     c0 = F(2**N - 1, N * 2 ** (N - 1))
     h = solve(fundamental, [F(1, k) - c0 for k in range(1, N + 1)])
     differences = [h[k - 1] - h[k] for k in range(1, N)]
-    assert all(value > 0 for value in differences)
-    assert all(
+    require(all(value > 0 for value in differences))
+    require(all(
         differences[i] > differences[i + 1] for i in range(len(differences) - 1)
-    )
+    ))
 
     r = [F(0) for _ in range(N + 2)]
     for k in range(N - 1, 0, -1):
@@ -59,8 +69,8 @@
             N * differences[k - 1] + (N - k - 1) * r[k + 1],
             2 * N - k,
         )
-        assert F(0) < r[k] <= F(N, N + 1) * differences[k - 1]
-        assert r[k] > r[k + 1]
+        require(F(0) < r[k] <= F(N, N + 1) * differences[k - 1])
+        require(r[k] > r[k + 1])
 
     # Equation (31) after dividing by ||delta||_F^2.
     answer = F(0)
@@ -70,9 +80,9 @@
         if k > 1:
             bracket += F((k - 1) * (N - k + 1), N - 1) * (r[k - 1] - r[k])
         bracket += (N - k + 1) * r[k]
-        assert bracket >= 0
+        require(bracket >= 0)
         answer += rank_law[k - 1] * bracket / (2 * n * N)
-    assert answer > 0
+    require(answer > 0)
     return answer
 
 
@@ -108,10 +118,10 @@
     for i, j in ((0, 1), (1, 2), (2, 0)):
         delta_rows[i][j] = Q(1)
         delta_rows[j][i] = Q(-1)
-    assert all(sum(row, Q(0)) == 0 for row in delta_rows)
+    require(all(sum(row, Q(0)) == 0 for row in delta_rows))
     states, complete = active_operator(complete_rows)
     delta_states, direction = active_operator(delta_rows)
-    assert states == delta_states
+    require(states == delta_states)
     size = len(states)
     nu = [Q(B.bit_count(), n * N * 2 ** (N - 1)) for B, _ in states]
     fundamental = fmpq_mat(size, size, [
@@ -128,7 +138,7 @@
     second = direction * response
     full_value = sum((nu[i] * second[i, 0] for i in range(size)), Q(0))
     expected = antisymmetric_eigenvalue(n)
-    assert full_value == 6 * Q(expected.numerator, expected.denominator)
+    require(full_value == 6 * Q(expected.numerator, expected.denominator))
     return full_value
 
 
@@ -148,13 +158,13 @@
     for n in range(3, 41):
         value = antisymmetric_eigenvalue(n)
         if n in known:
-            assert value == known[n]
+            require(value == known[n])
     for n in range(3, 8):
-        assert full_active_audit(n) > 0
+        require(full_active_audit(n) > 0)
     print("PASS: exact heat-bath Poisson gradients decrease for 3<=n<=40")
-    print("PASS: exact positive two-tree recurrence and displayed n<=12 values")
+    print("PASS: exact recurrence evaluations and displayed n<=12 values agree")
     print("PASS: independent full active-chain Hessian agrees for 3<=n<=7")
-    print("PROVED ANALYTICALLY: antisymmetric Hessian sector is positive for every n>=3")
+    print("PASS: finite exact checks agree with the all-n analytic proof in Appendix A")
 
 
 if __name__ == "__main__":
exit_status: 1

=== 2026-08-22T22:20:46Z :: diff_py_sample_4 ===
cwd: /Users/alec/Documents/Math/complete_graph_extremality_r2_rereview_2026-08-22
argv: diff -u /Users/alec/Documents/Math/complete_graph_extremality_referee_audit_2026-08-22/work/package/source_and_certificates/universal_simultaneous_amplification/phase5_exact_threshold/paper_db_extremality/verify_paper_claims.py work/package/source_and_certificates/universal_simultaneous_amplification/phase5_exact_threshold/paper_db_extremality/verify_paper_claims.py
--- /Users/alec/Documents/Math/complete_graph_extremality_referee_audit_2026-08-22/work/package/source_and_certificates/universal_simultaneous_amplification/phase5_exact_threshold/paper_db_extremality/verify_paper_claims.py	2026-08-22 10:21:57
+++ work/package/source_and_certificates/universal_simultaneous_amplification/phase5_exact_threshold/paper_db_extremality/verify_paper_claims.py	2026-08-22 15:08:22
@@ -15,9 +15,19 @@
 from pathlib import Path
 
 
+class CertificateFailure(RuntimeError):
+    """Raised when an explicit certificate check fails."""
+
+
+def require(condition, detail="certificate check failed"):
+    """Raise a failure that remains active under optimized Python."""
+    if not condition:
+        raise CertificateFailure(str(detail))
+
+
 HERE = Path(__file__).resolve().parent
 SYMMETRIC_VERIFIER_SHA256 = (
-    "b4d45a83ce5f21a1fd3e09403b376e071330290a01affff64711574b69e024bc"
+    "7a1fa1f579c090cc32668392e67b9eb88e696b51ad602a90d069541e402aa512"
 )
 
 
@@ -60,7 +70,7 @@
                         k[row][index[(reduced | (1 << source), old)]] += F(
                             1, 2 * rank * (n - 1)
                         )
-        assert sum(k[row], F(0)) == 1
+        require(sum(k[row], F(0)) == 1)
     return states, k
 
 
@@ -70,19 +80,19 @@
         N = n - 1
         denominator = n * N * 2 ** (N - 1)
         nu = [F(mask.bit_count(), denominator) for mask, _v in states]
-        assert sum(nu, F(0)) == 1
+        require(sum(nu, F(0)) == 1)
         pushed = [
             sum((nu[i] * kernel[i][j] for i in range(len(states))), F(0))
             for j in range(len(states))
         ]
-        assert pushed == nu
+        require(pushed == nu)
         inverse_mean = sum(
             (nu[i] / states[i][0].bit_count() for i in range(len(states))),
             F(0),
         )
         m_complete = F(N * 2 ** (N - 1), 2**N - 1)
         rho_complete = F(N * 2 ** (N - 1), n * (2**N - 1))
-        assert inverse_mean == 1 / m_complete == 1 / (n * rho_complete)
+        require(inverse_mean == 1 / m_complete == 1 / (n * rho_complete))
     print("PASS: complete active law, collision normalization, and dB baseline")
 
 
@@ -97,23 +107,23 @@
         active = [(mask, v) for mask, v in marked if mask]
         marked_set = set(marked)
         active_set = set(active)
-        assert len(marked) == n * 2 ** (n - 1)
-        assert len(active) == n * (2 ** (n - 1) - 1)
+        require(len(marked) == n * 2 ** (n - 1))
+        require(len(active) == n * (2 ** (n - 1) - 1))
 
         # A: every marked cache receives one loopless sample and becomes active.
         for mask, v in marked:
             for source in range(n):
                 if source != v:
-                    assert (mask | (1 << source), v) in active_set
+                    require((mask | (1 << source), v) in active_set)
 
         # R: continue stays marked; stopping a singleton reaches the empty cache.
         for mask, v in active:
-            assert (mask, v) in marked_set
+            require((mask, v) in marked_set)
             for stopped in range(n):
                 if (mask >> stopped) & 1:
-                    assert (mask & ~(1 << stopped), stopped) in marked_set
-        assert any(mask == 0 for mask, _v in marked)
-        assert all(mask != 0 for mask, _v in active)
+                    require((mask & ~(1 << stopped), stopped) in marked_set)
+        require(any(mask == 0 for mask, _v in marked))
+        require(all(mask != 0 for mask, _v in active))
     print("PASS: rectangular marked/active phase spaces and empty-cache boundary")
 
 
@@ -127,9 +137,9 @@
         [F(3), F(-2), F(0), F(-1), F(0)],
     ]
     n = len(delta)
-    assert all(sum(row, F(0)) == 0 for row in delta)
+    require(all(sum(row, F(0)) == 0 for row in delta))
     column = [sum((delta[i][j] for i in range(n)), F(0)) for j in range(n)]
-    assert sum(column, F(0)) == 0
+    require(sum(column, F(0)) == 0)
     standard = [[F(0) for _ in range(n)] for _ in range(n)]
     for i in range(n):
         for j in range(n):
@@ -146,28 +156,28 @@
         [(balanced[i][j] - balanced[j][i]) / 2 for j in range(n)]
         for i in range(n)
     ]
-    assert all(sum(row, F(0)) == 0 for row in standard)
-    assert [sum((standard[i][j] for i in range(n)), F(0)) for j in range(n)] == column
+    require(all(sum(row, F(0)) == 0 for row in standard))
+    require([sum((standard[i][j] for i in range(n)), F(0)) for j in range(n)] == column)
     for part in (symmetric, antisymmetric):
-        assert all(sum(row, F(0)) == 0 for row in part)
-        assert all(
+        require(all(sum(row, F(0)) == 0 for row in part))
+        require(all(
             sum((part[i][j] for i in range(n)), F(0)) == 0 for j in range(n)
-        )
-    assert all(symmetric[i][j] == symmetric[j][i] for i in range(n) for j in range(n))
-    assert all(
+        ))
+    require(all(symmetric[i][j] == symmetric[j][i] for i in range(n) for j in range(n)))
+    require(all(
         antisymmetric[i][j] == -antisymmetric[j][i]
         for i in range(n)
         for j in range(n)
-    )
-    assert all(
+    ))
+    require(all(
         delta[i][j] == standard[i][j] + symmetric[i][j] + antisymmetric[i][j]
         for i in range(n)
         for j in range(n)
-    )
+    ))
     expected_dimension = (n - 1) + n * (n - 3) // 2 + (n - 1) * (n - 2) // 2
-    assert expected_dimension == n * (n - 2)
+    require(expected_dimension == n * (n - 2))
     balanced_dimension = n * (n - 3) // 2 + (n - 1) * (n - 2) // 2
-    assert balanced_dimension == n * n - 3 * n + 1
+    require(balanced_dimension == n * n - 3 * n + 1)
     print("PASS: full tangent decomposition into all three irreducible sectors")
 
 
@@ -195,9 +205,9 @@
             ((x - y) ** 2 / (x * y) for x, y in combinations(normalized, 2)),
             F(0),
         )
-    assert total - n * (n - 1) * (n - 2) == defect
-    assert normalized_defect == defect
-    assert defect > 0
+    require(total - n * (n - 1) * (n - 2) == defect)
+    require(normalized_defect == defect)
+    require(defect > 0)
     uniform = [[0 if i == j else (j + 2) for j in range(n)] for i in range(n)]
     uniform_defect = F(0)
     for target in range(n):
@@ -206,7 +216,7 @@
             ((x - y) ** 2 / (x * y) for x, y in combinations(incoming, 2)),
             F(0),
         )
-    assert uniform_defect == 0
+    require(uniform_defect == 0)
     print("PASS: incoming-column strong-selection sum of squares and equality gauge")
 
 
@@ -227,13 +237,13 @@
         "Extend $\\Pi_P$ by zero off the",
         "unique stationary law",
     ):
-        assert marker in dual, marker
-    assert r"\rho_{\dB}(W,r):=\rho_{\dB}(P(W),r)" in model
-    assert r"\calE_{\rm dir}(W):=\calE_{\rm dir}(P(W))" in model
-    assert "Kriebel2026Hybrid" in intro and "Kriebel2026Hybrid" in references
-    assert r"\sum_{\substack{w,i\in B\\w\ne i}}\delta_{wi}" in appendix
-    assert "$\\beta_N<19/20$" in appendix
-    assert r"\sum_{w\ne i\in B}" not in appendix
+        require(marker in dual, marker)
+    require(r"\rho_{\dB}(W,r):=\rho_{\dB}(P(W),r)" in model)
+    require(r"\calE_{\rm dir}(W):=\calE_{\rm dir}(P(W))" in model)
+    require("Kriebel2026Hybrid" in intro and "Kriebel2026Hybrid" in references)
+    require(r"\sum_{\substack{w,i\in B\\w\ne i}}\delta_{wi}" in appendix)
+    require("$\\beta_N<19/20$" in appendix)
+    require(r"\sum_{w\ne i\in B}" not in appendix)
     print("PASS: formal phase, difference, normalization, and disclosure guards")
 
 
@@ -246,9 +256,9 @@
     appendix = (HERE / "appendices/A_sector_certificates.tex").read_text(
         encoding="utf-8"
     )
-    assert digest == SYMMETRIC_VERIFIER_SHA256
-    assert SYMMETRIC_VERIFIER_SHA256 in appendix
-    assert "639304267467075678841" in verifier.read_text(encoding="utf-8")
+    require(digest == SYMMETRIC_VERIFIER_SHA256)
+    require(SYMMETRIC_VERIFIER_SHA256 in appendix)
+    require("639304267467075678841" in verifier.read_text(encoding="utf-8"))
     print("PASS: displayed symmetric-certificate hash and exact minimum are bound")
 
 
@@ -275,10 +285,10 @@
         normalized_xi = value / (4 * (N + 1) ** 2 * (N - 1))
         embedding_norm_ratio = F(N, (N + 1) * (N - 1))
         normalized_frobenius = normalized_xi / embedding_norm_ratio
-        assert normalized_xi == expected_xi[N]
-        assert normalized_frobenius == expected_frobenius[N]
-        assert normalized_frobenius == value / (4 * N * (N + 1))
-        assert normalized_frobenius > 0
+        require(normalized_xi == expected_xi[N])
+        require(normalized_frobenius == expected_frobenius[N])
+        require(normalized_frobenius == value / (4 * N * (N + 1)))
+        require(normalized_frobenius > 0)
     print("PASS: standard-sector phase and Frobenius normalizations")
 
 
@@ -291,8 +301,8 @@
     r2 = F(37, 101)
     rho0 = 1 / (n * c0)
     second = -F(2) * r2 / (n * c0 * c0)
-    assert rho0 == F(N * 2 ** (N - 1), n * (2**N - 1))
-    assert second < 0
+    require(rho0 == F(N * 2 ** (N - 1), n * (2**N - 1)))
+    require(second < 0)
     print("PASS: positive inverse-mean Hessian converts to negative fixation Hessian")
 
 
exit_status: 1

=== 2026-08-22T22:20:50Z :: python_diff_inventory ===
cwd: /Users/alec/Documents/Math/complete_graph_extremality_r2_rereview_2026-08-22
argv: sh -c diff\ -qr\ /Users/alec/Documents/Math/complete_graph_extremality_referee_audit_2026-08-22/work/package/source_and_certificates/universal_simultaneous_amplification\ work/package/source_and_certificates/universal_simultaneous_amplification\ \|\ rg\ \"\\.py\"\ \|\|\ true
Files /Users/alec/Documents/Math/complete_graph_extremality_referee_audit_2026-08-22/work/package/source_and_certificates/universal_simultaneous_amplification/phase1_directed/verify_directed_db_strong.py and work/package/source_and_certificates/universal_simultaneous_amplification/phase1_directed/verify_directed_db_strong.py differ
Files /Users/alec/Documents/Math/complete_graph_extremality_referee_audit_2026-08-22/work/package/source_and_certificates/universal_simultaneous_amplification/phase2_n4/crosscheck_full_chain.py and work/package/source_and_certificates/universal_simultaneous_amplification/phase2_n4/crosscheck_full_chain.py differ
Files /Users/alec/Documents/Math/complete_graph_extremality_referee_audit_2026-08-22/work/package/source_and_certificates/universal_simultaneous_amplification/phase2_n4/derive_lumped_certificates.py and work/package/source_and_certificates/universal_simultaneous_amplification/phase2_n4/derive_lumped_certificates.py differ
Files /Users/alec/Documents/Math/complete_graph_extremality_referee_audit_2026-08-22/work/package/source_and_certificates/universal_simultaneous_amplification/phase2_triangle/audit/independent_triangle_audit.py and work/package/source_and_certificates/universal_simultaneous_amplification/phase2_triangle/audit/independent_triangle_audit.py differ
Files /Users/alec/Documents/Math/complete_graph_extremality_referee_audit_2026-08-22/work/package/source_and_certificates/universal_simultaneous_amplification/phase2_triangle/crosscheck_exact_solver.py and work/package/source_and_certificates/universal_simultaneous_amplification/phase2_triangle/crosscheck_exact_solver.py differ
Files /Users/alec/Documents/Math/complete_graph_extremality_referee_audit_2026-08-22/work/package/source_and_certificates/universal_simultaneous_amplification/phase2_triangle/derive_certificate.py and work/package/source_and_certificates/universal_simultaneous_amplification/phase2_triangle/derive_certificate.py differ
Files /Users/alec/Documents/Math/complete_graph_extremality_referee_audit_2026-08-22/work/package/source_and_certificates/universal_simultaneous_amplification/phase3_asymptotic/verify_lumping.py and work/package/source_and_certificates/universal_simultaneous_amplification/phase3_asymptotic/verify_lumping.py differ
Files /Users/alec/Documents/Math/complete_graph_extremality_referee_audit_2026-08-22/work/package/source_and_certificates/universal_simultaneous_amplification/phase4_landmark_closure/obstruction/r2_collision_closure/verify_direct_flow_screen.py and work/package/source_and_certificates/universal_simultaneous_amplification/phase4_landmark_closure/obstruction/r2_collision_closure/verify_direct_flow_screen.py differ
Files /Users/alec/Documents/Math/complete_graph_extremality_referee_audit_2026-08-22/work/package/source_and_certificates/universal_simultaneous_amplification/phase4_landmark_closure/obstruction/r2_collision_closure/verify_fisher_route.py and work/package/source_and_certificates/universal_simultaneous_amplification/phase4_landmark_closure/obstruction/r2_collision_closure/verify_fisher_route.py differ
Files /Users/alec/Documents/Math/complete_graph_extremality_referee_audit_2026-08-22/work/package/source_and_certificates/universal_simultaneous_amplification/phase4_landmark_closure/obstruction/r2_entropy_certificate/chi_square_channel/verify_resolvent_identities.py and work/package/source_and_certificates/universal_simultaneous_amplification/phase4_landmark_closure/obstruction/r2_entropy_certificate/chi_square_channel/verify_resolvent_identities.py differ
Files /Users/alec/Documents/Math/complete_graph_extremality_referee_audit_2026-08-22/work/package/source_and_certificates/universal_simultaneous_amplification/phase4_landmark_closure/obstruction/r2_marked_lift_v2/verify_marked_lift.py and work/package/source_and_certificates/universal_simultaneous_amplification/phase4_landmark_closure/obstruction/r2_marked_lift_v2/verify_marked_lift.py differ
Files /Users/alec/Documents/Math/complete_graph_extremality_referee_audit_2026-08-22/work/package/source_and_certificates/universal_simultaneous_amplification/phase5_exact_threshold/paper_db_extremality/bundle_manifest.py and work/package/source_and_certificates/universal_simultaneous_amplification/phase5_exact_threshold/paper_db_extremality/bundle_manifest.py differ
Only in work/package/source_and_certificates/universal_simultaneous_amplification/phase5_exact_threshold/paper_db_extremality/submission: verify_execution_safety.py
Files /Users/alec/Documents/Math/complete_graph_extremality_referee_audit_2026-08-22/work/package/source_and_certificates/universal_simultaneous_amplification/phase5_exact_threshold/paper_db_extremality/verify_paper_claims.py and work/package/source_and_certificates/universal_simultaneous_amplification/phase5_exact_threshold/paper_db_extremality/verify_paper_claims.py differ
Files /Users/alec/Documents/Math/complete_graph_extremality_referee_audit_2026-08-22/work/package/source_and_certificates/universal_simultaneous_amplification/phase5_exact_threshold/r2_determinant/verify_antisymmetric_hessian.py and work/package/source_and_certificates/universal_simultaneous_amplification/phase5_exact_threshold/r2_determinant/verify_antisymmetric_hessian.py differ
Files /Users/alec/Documents/Math/complete_graph_extremality_referee_audit_2026-08-22/work/package/source_and_certificates/universal_simultaneous_amplification/phase5_exact_threshold/r2_determinant/verify_complete_refresh_forest.py and work/package/source_and_certificates/universal_simultaneous_amplification/phase5_exact_threshold/r2_determinant/verify_complete_refresh_forest.py differ
Files /Users/alec/Documents/Math/complete_graph_extremality_referee_audit_2026-08-22/work/package/source_and_certificates/universal_simultaneous_amplification/phase5_exact_threshold/r2_determinant/verify_hessian_sectors.py and work/package/source_and_certificates/universal_simultaneous_amplification/phase5_exact_threshold/r2_determinant/verify_hessian_sectors.py differ
Files /Users/alec/Documents/Math/complete_graph_extremality_referee_audit_2026-08-22/work/package/source_and_certificates/universal_simultaneous_amplification/phase5_exact_threshold/r2_determinant/verify_r2_determinant.py and work/package/source_and_certificates/universal_simultaneous_amplification/phase5_exact_threshold/r2_determinant/verify_r2_determinant.py differ
Files /Users/alec/Documents/Math/complete_graph_extremality_referee_audit_2026-08-22/work/package/source_and_certificates/universal_simultaneous_amplification/phase5_exact_threshold/r2_determinant/verify_true_inverse_rank_symmetric_phase.py and work/package/source_and_certificates/universal_simultaneous_amplification/phase5_exact_threshold/r2_determinant/verify_true_inverse_rank_symmetric_phase.py differ
Files /Users/alec/Documents/Math/complete_graph_extremality_referee_audit_2026-08-22/work/package/source_and_certificates/universal_simultaneous_amplification/phase5_exact_threshold/r2_regular_sector/verify_local_complete_hessian.py and work/package/source_and_certificates/universal_simultaneous_amplification/phase5_exact_threshold/r2_regular_sector/verify_local_complete_hessian.py differ
Files /Users/alec/Documents/Math/complete_graph_extremality_referee_audit_2026-08-22/work/package/source_and_certificates/universal_simultaneous_amplification/phase5_exact_threshold/r2_standard_physical_phase/verify_physical_standard_phase.py and work/package/source_and_certificates/universal_simultaneous_amplification/phase5_exact_threshold/r2_standard_physical_phase/verify_physical_standard_phase.py differ
Files /Users/alec/Documents/Math/complete_graph_extremality_referee_audit_2026-08-22/work/package/source_and_certificates/universal_simultaneous_amplification/verification/verify_obstruction.py and work/package/source_and_certificates/universal_simultaneous_amplification/verification/verify_obstruction.py differ
exit_status: 0

=== 2026-08-22T22:21:25Z :: compare_assert_migration ===
cwd: /Users/alec/Documents/Math/complete_graph_extremality_r2_rereview_2026-08-22
argv: /opt/homebrew/bin/python3 records/compare_assert_migration.py
PASS phase1_directed/verify_directed_db_strong.py: 7 conditions preserved
PASS phase2_n4/crosscheck_full_chain.py: 6 conditions preserved
PASS phase2_n4/derive_lumped_certificates.py: 14 conditions preserved
PASS phase2_triangle/audit/independent_triangle_audit.py: 26 conditions preserved
PASS phase2_triangle/crosscheck_exact_solver.py: 8 conditions preserved
PASS phase2_triangle/derive_certificate.py: 13 conditions preserved
PASS phase3_asymptotic/verify_lumping.py: 2 conditions preserved
PASS phase4_landmark_closure/obstruction/r2_collision_closure/verify_direct_flow_screen.py: 4 conditions preserved
PASS phase4_landmark_closure/obstruction/r2_collision_closure/verify_fisher_route.py: 53 conditions preserved
PASS phase4_landmark_closure/obstruction/r2_entropy_certificate/chi_square_channel/verify_resolvent_identities.py: 13 conditions preserved
PASS phase4_landmark_closure/obstruction/r2_marked_lift_v2/verify_marked_lift.py: 61 conditions preserved
PASS phase5_exact_threshold/paper_db_extremality/verify_paper_claims.py: 42 conditions preserved
PASS phase5_exact_threshold/r2_determinant/verify_antisymmetric_hessian.py: 11 conditions preserved
PASS phase5_exact_threshold/r2_determinant/verify_complete_refresh_forest.py: 15 conditions preserved
PASS phase5_exact_threshold/r2_determinant/verify_hessian_sectors.py: 9 conditions preserved
PASS phase5_exact_threshold/r2_determinant/verify_r2_determinant.py: 7 conditions preserved
PASS phase5_exact_threshold/r2_determinant/verify_true_inverse_rank_symmetric_phase.py: 26 conditions preserved
PASS phase5_exact_threshold/r2_regular_sector/verify_local_complete_hessian.py: 18 conditions preserved
PASS phase5_exact_threshold/r2_standard_physical_phase/verify_physical_standard_phase.py: 56 conditions preserved
PASS verification/verify_obstruction.py: 15 conditions preserved
PASS: all 406 R1 assertion conditions in 20 files are identical R2 require conditions
exit_status: 0

=== 2026-08-22T22:21:30Z :: static_manifest_claim_map ===
cwd: /Users/alec/Documents/Math/complete_graph_extremality_r2_rereview_2026-08-22
argv: sed -n 1,420p work/package/source_and_certificates/universal_simultaneous_amplification/phase5_exact_threshold/paper_db_extremality/bundle_manifest.py
#!/usr/bin/env python3
"""Build and internally verify Paper I's deterministic release archive."""

from __future__ import annotations

import argparse
import gzip
import hashlib
import io
import os
from pathlib import Path, PurePosixPath
import tarfile
import tempfile


PROJECT = "universal_simultaneous_amplification"
PAPER = f"{PROJECT}/phase5_exact_threshold/paper_db_extremality"
EPOCH = 1_787_270_400

# Directories are included recursively after applying EXCLUDED_PARTS and
# EXCLUDED_SUFFIXES. Individual files make the replay dependency graph
# explicit without taking unrelated phase-4/phase-5 research programs.
INCLUDE = (
    f"{PROJECT}/LICENSE",
    f"{PROJECT}/requirements.txt",
    f"{PROJECT}/src",
    f"{PROJECT}/tests",
    f"{PROJECT}/verification",
    f"{PROJECT}/phase1_directed",
    f"{PROJECT}/phase2_triangle",
    f"{PROJECT}/phase2_n4",
    f"{PROJECT}/phase3_asymptotic",
    f"{PROJECT}/phase5_exact_threshold/r2_determinant/ACTIVE_R2_DETERMINANT.md",
    f"{PROJECT}/phase5_exact_threshold/r2_determinant/COMPLETE_REFRESH_FOREST.md",
    f"{PROJECT}/phase5_exact_threshold/r2_determinant/FIXED_COUNT_TWO_REPLICA.md",
    f"{PROJECT}/phase5_exact_threshold/r2_determinant/TRUE_INVERSE_RANK_SYMMETRIC_PHASE_CONTRACTION.md",
    f"{PROJECT}/phase5_exact_threshold/r2_determinant/verify_r2_determinant.py",
    f"{PROJECT}/phase5_exact_threshold/r2_determinant/verify_complete_refresh_forest.py",
    f"{PROJECT}/phase5_exact_threshold/r2_determinant/verify_antisymmetric_hessian.py",
    f"{PROJECT}/phase5_exact_threshold/r2_determinant/verify_true_inverse_rank_symmetric_phase.py",
    f"{PROJECT}/phase5_exact_threshold/r2_determinant/verify_hessian_sectors.py",
    f"{PROJECT}/phase5_exact_threshold/r2_standard_physical_phase",
    f"{PROJECT}/phase5_exact_threshold/r2_regular_sector/LOCAL_COMPLETE_HESSIAN_THEOREM.md",
    f"{PROJECT}/phase5_exact_threshold/r2_regular_sector/verify_local_complete_hessian.py",
    f"{PROJECT}/phase4_landmark_closure/obstruction/r2_marked_lift_v2/MARKED_ONE_SAMPLE_REDUCTION.md",
    f"{PROJECT}/phase4_landmark_closure/obstruction/r2_marked_lift_v2/verify_marked_lift.py",
    f"{PROJECT}/phase4_landmark_closure/obstruction/r2_entropy_certificate/"
    "chi_square_channel/verify_resolvent_identities.py",
    f"{PROJECT}/phase4_landmark_closure/obstruction/r2_collision_closure/"
    "verify_direct_flow_screen.py",
    f"{PROJECT}/phase4_landmark_closure/obstruction/r2_collision_closure/"
    "verify_fisher_route.py",
    PAPER,
)

EXCLUDED_PARTS = frozenset(
    {
        ".git",
        ".venv",
        "__pycache__",
        ".pytest_cache",
        ".mypy_cache",
        ".ruff_cache",
        "tmp",
        "rendered",
        "release",
    }
)
EXCLUDED_NAMES = frozenset({".DS_Store"})
EXCLUDED_PREFIXES = ("explore_", "scan_", "search_")
EXCLUDED_SUFFIXES = frozenset(
    {".aux", ".log", ".out", ".pyc", ".synctex.gz", ".toc"}
)
PUBLIC_SUBMISSION_FILES = frozenset(
    {
        f"{PAPER}/submission/BUNDLE_REPRODUCTION.md",
        f"{PAPER}/submission/DECLARATIONS.md",
        f"{PAPER}/submission/ENVIRONMENT.md",
        f"{PAPER}/submission/PROVENANCE_AND_RELATED_RELEASES.md",
        f"{PAPER}/submission/bootstrap_replay.sh",
        f"{PAPER}/submission/verify_execution_safety.py",
    }
)


def sha256(data: bytes) -> str:
    return hashlib.sha256(data).hexdigest()


def excluded(relative: PurePosixPath) -> bool:
    name = relative.as_posix()
    if name.startswith(f"{PAPER}/submission/"):
        return name not in PUBLIC_SUBMISSION_FILES
    if any(part in EXCLUDED_PARTS for part in relative.parts):
        return True
    if relative.name in EXCLUDED_NAMES:
        return True
    if relative.name.startswith(EXCLUDED_PREFIXES):
        return True
    # Prior review verdicts, research diaries, and saved successful output can
    # anchor a fresh referee. They are not proof dependencies; retain the
    # underlying independent audit programs but omit these narrative records.
    lowered = relative.name.lower()
    if relative.suffix.lower() in {".md", ".txt"} and (
        "audit" in lowered
        or "review" in lowered
        or lowered
        in {"research_log.md", "manuscript_plan.md", "verification_output.txt"}
    ):
        return True
    return any(relative.name.endswith(suffix) for suffix in EXCLUDED_SUFFIXES)


def collect(repo_root: Path) -> list[tuple[PurePosixPath, Path]]:
    found: dict[PurePosixPath, Path] = {}
    for listed in INCLUDE:
        source = repo_root / listed
        if not source.exists():
            raise FileNotFoundError(f"required bundle input is missing: {listed}")
        candidates = [source] if source.is_file() else source.rglob("*")
        for candidate in candidates:
            if candidate.is_symlink():
                raise ValueError(f"symlinks are not permitted in bundle: {candidate}")
            if not candidate.is_file():
                continue
            relative = PurePosixPath(candidate.relative_to(repo_root).as_posix())
            if excluded(relative):
                continue
            found[relative] = candidate
    if not found:
        raise RuntimeError("bundle inclusion set is empty")
    return sorted(found.items(), key=lambda item: item[0].as_posix())


def tar_info(name: str, size: int, executable: bool = False) -> tarfile.TarInfo:
    info = tarfile.TarInfo(name)
    info.size = size
    info.mtime = EPOCH
    info.uid = 0
    info.gid = 0
    info.uname = "root"
    info.gname = "root"
    info.mode = 0o755 if executable else 0o644
    return info


def synthetic_metadata() -> bytes:
    return (
        "Package: Local Complete-Graph Optimality at Fitness Two and "
        "Strong-Selection Rigidity under Death--Birth Updating\n"
        "Contents: manuscript PDF and source, exact certificates, and replay dependencies\n"
        "Archive format: deterministic POSIX tar compressed with deterministic gzip\n"
        f"SOURCE_DATE_EPOCH: {EPOCH}\n"
        "Python: 3.14.6\n"
        "SymPy: 1.14.0\n"
        "python-flint: 0.9.0\n"
        "mpmath: 1.3.0\n"
        "Python dependency artifacts: requirements-lock.txt; wheel-only SHA-256 lock\n"
        "PDF toolchain: Tectonic 0.16.9; Poppler 26.08.0\n"
        "Tectonic v33 bundle SHA-256: 6ffe055852f8faf66c0acbe1a7fb27f87b869a90bad1204f3bf4d9683f597c7c\n"
        "Replay entry point: universal_simultaneous_amplification/"
        "phase5_exact_threshold/paper_db_extremality/replay.sh\n"
    ).encode("utf-8")


def write_archive(repo_root: Path, output: Path) -> tuple[int, str]:
    files = collect(repo_root)
    metadata = synthetic_metadata()
    hashes = [(sha256(metadata), "BUNDLE_METADATA.txt")]
    payloads: list[tuple[str, bytes, bool]] = [
        ("BUNDLE_METADATA.txt", metadata, False)
    ]

    for relative, source in files:
        data = source.read_bytes()
        name = relative.as_posix()
        hashes.append((sha256(data), name))
        executable = bool(source.stat().st_mode & 0o111)
        payloads.append((name, data, executable))

    manifest = "".join(f"{digest}  {name}\n" for digest, name in hashes).encode(
        "utf-8"
    )
    payloads.append(("MANIFEST.sha256", manifest, False))
    payloads.sort(key=lambda item: item[0])

    output.parent.mkdir(parents=True, exist_ok=True)
    with tempfile.NamedTemporaryFile(
        prefix=f".{output.name}.", dir=output.parent, delete=False
    ) as temporary:
        temporary_path = Path(temporary.name)

    try:
        with temporary_path.open("wb") as raw:
            with gzip.GzipFile(
                filename="", mode="wb", fileobj=raw, mtime=EPOCH, compresslevel=9
            ) as compressed:
                with tarfile.open(fileobj=compressed, mode="w", format=tarfile.PAX_FORMAT) as archive:
                    for name, data, executable in payloads:
                        info = tar_info(name, len(data), executable)
                        archive.addfile(info, io.BytesIO(data))
        os.replace(temporary_path, output)
        os.chmod(output, 0o644)
    finally:
        temporary_path.unlink(missing_ok=True)

    verify_archive(output)
    return len(files), sha256(output.read_bytes())


def verify_archive(output: Path) -> None:
    with tarfile.open(output, mode="r:gz") as archive:
        members = archive.getmembers()
        names = [member.name for member in members]
        if names != sorted(names) or len(names) != len(set(names)):
            raise RuntimeError("archive members are not unique and sorted")
        if any(not member.isfile() for member in members):
            raise RuntimeError("archive contains a non-regular member")
        extracted = {
            member.name: archive.extractfile(member).read()  # type: ignore[union-attr]
            for member in members
        }

    manifest = extracted.pop("MANIFEST.sha256").decode("utf-8")
    submission_prefix = f"{PAPER}/submission/"
    bundled_submission = {
        name for name in extracted if name.startswith(submission_prefix)
    }
    if bundled_submission != PUBLIC_SUBMISSION_FILES:
        raise RuntimeError("archive public-submission allowlist mismatch")
    private_token = b"[[POSTAL" + b"_ADDRESS]]"
    if any(private_token in data for data in extracted.values()):
        raise RuntimeError("archive contains the private postal-address token")
    anchoring_records = {
        name
        for name in extracted
        if PurePosixPath(name).suffix.lower() in {".md", ".txt"}
        and (
            "audit" in PurePosixPath(name).name.lower()
            or "review" in PurePosixPath(name).name.lower()
            or PurePosixPath(name).name.lower()
            in {"research_log.md", "manuscript_plan.md", "verification_output.txt"}
        )
    }
    if anchoring_records:
        raise RuntimeError(
            f"archive contains non-evidentiary anchoring records: {sorted(anchoring_records)}"
        )
    expected: dict[str, str] = {}
    for line in manifest.splitlines():
        digest, name = line.split("  ", 1)
        expected[name] = digest
    if set(expected) != set(extracted):
        raise RuntimeError("manifest and archive file sets differ")
    for name, data in extracted.items():
        if sha256(data) != expected[name]:
            raise RuntimeError(f"archive hash verification failed: {name}")


def main() -> None:
    parser = argparse.ArgumentParser(description=__doc__)
    parser.add_argument("--repo-root", type=Path, required=True)
    parser.add_argument("--output", type=Path, required=True)
    args = parser.parse_args()

    repo_root = args.repo_root.resolve()
    output = args.output.resolve()
    if not (repo_root / PAPER / "main.tex").is_file():
        raise SystemExit(f"not the expected repository root: {repo_root}")

    count, digest = write_archive(repo_root, output)
    print(f"WROTE: {output}")
    print(f"FILES: {count + 2} (including metadata and manifest)")
    print(f"SHA256: {digest}")


if __name__ == "__main__":
    main()
exit_status: 0

=== 2026-08-22T22:21:38Z :: pdf_extract_render ===
cwd: /Users/alec/Documents/Math/complete_graph_extremality_r2_rereview_2026-08-22
argv: sh -c mkdir\ -p\ work/pdf_pages\ \&\&\ pdfinfo\ work/package/complete_graph_extremality_db.pdf\ \&\&\ pdftotext\ -layout\ work/package/complete_graph_extremality_db.pdf\ records/paper_extracted.txt\ \&\&\ pdftoppm\ -png\ -r\ 110\ work/package/complete_graph_extremality_db.pdf\ work/pdf_pages/page
Creator:         LaTeX with hyperref
Producer:        xdvipdfmx (0.1)
CreationDate:    Thu Aug 20 17:00:00 2026 PDT
Custom Metadata: no
Metadata Stream: no
Tagged:          no
UserProperties:  no
Suspects:        no
Form:            none
JavaScript:      no
Pages:           30
Encrypted:       no
Page size:       612 x 792 pts (letter)
Page rot:        0
File size:       234169 bytes
Optimized:       no
PDF version:     1.5
exit_status: 0

=== 2026-08-22T22:22:32Z :: pdf_text_regression ===
cwd: /Users/alec/Documents/Math/complete_graph_extremality_r2_rereview_2026-08-22
argv: sh -c pdftotext\ -layout\ /Users/alec/Documents/Math/complete_graph_extremality_referee_audit_2026-08-22/work/package/complete_graph_extremality_db.pdf\ work/r1_paper_extracted.txt\ \&\&\ diff\ -u\ work/r1_paper_extracted.txt\ records/paper_extracted.txt\ \|\|\ true
--- work/r1_paper_extracted.txt	2026-08-22 15:22:32
+++ records/paper_extracted.txt	2026-08-22 15:21:46
@@ -887,14 +887,14 @@
 and active chains, verifies the collision normalization, reconstructs the rank Poisson equation, checks
 the tangent decomposition, and replays all three irreducible-sector certificates.
     The standard sector has an analytic tail certificate for N ≥ 10 and exact rational closure for
-2 ≤ N ≤ 9. The symmetric sector uses exact solves for 3 ≤ N ≤ 39, exact rational phase margins
-for 40 ≤ N ≤ 287, and a coeﬀicient/discriminant certificate for N ≥ 288. All arithmetic in these
-finite ranges is rational. The verifiers discharge the finite computer-assisted portions; sampled
-numerical values are never used to extend a quantifier.
+2 ≤ N ≤ 9. The symmetric sector uses exact solves for 3 ≤ N ≤ 39, exact rational phase margins for
+40 ≤ N ≤ 287, and a coeﬀicient/discriminant certificate for N ≥ 288. All arithmetic in these finite
+ranges is rational. The verifiers discharge the finite computer-assisted portions; sampled numerical
+values are never used to extend a quantifier. The universal directed strong-selection conclusion and
+the all-order antisymmetric-sector conclusion are proved analytically in Section 5 and Appendix A,
+respectively; their literal-chain executable checks are finite consistency tests.
     The one-command replay is
-
 ./replay.sh
-
 from the paper package. The package-level integration audit separately checks the complete active
 stationary law, the full tangent decomposition, all three physical sector normalizations, the strong-
 selection column identity, and conversion from inverse-mean to fixation curvature.
@@ -924,8 +924,6 @@
 for the work. All exact certificates are supplied for independent replay, and numerical evidence is
 explicitly separated from proof. AI systems are not listed as authors.
 
-
-
                                                   17
 A Hessian-sector certificates for every population size
 This appendix proves Theorem 9. Throughout, N = n − 1 and
@@ -1421,7 +1419,7 @@
 directly solves the rational systems for 3 ≤ N ≤ 39, recursively constructs the rational tj , βN , and
 εN for all 248 remaining finite orders, asserts every sign and the minimum in (A.33), and uses no
 floating-point arithmetic. Its SHA-256 is
-              b4d45a83ce5f21a1fd3e09403b376e071330290a01affff64711574b69e024bc.
+              7a1fa1f579c090cc32668392e67b9eb88e696b51ad602a90d069541e402aa512.
 Successful execution ends with
                   PASS: stationary symmetric inverse-rank phase certificate
 and prints the three ranges 3 : 39, 40 : 287, and N ≥ 288 separately. The deterministic source bundle
exit_status: 0

=== 2026-08-22T22:23:06Z :: toolchain_cache_probe ===
cwd: /Users/alec/Documents/Math/complete_graph_extremality_r2_rereview_2026-08-22
argv: sh -c tectonic\ --version\;\ pdfinfo\ -v\ 2\>\&1\ \|\ sed\ -n\ \"1p\"\;\ pdftoppm\ -v\ 2\>\&1\ \|\ sed\ -n\ \"1p\"\;\ tectonic\ -X\ show\ user-cache-dir
Tectonic 0.16.9
pdfinfo version 26.05.0
pdftoppm version 26.05.0
note: "version 2" Tectonic command-line interface activated
/Users/alec/Library/Caches/Tectonic/bundles
exit_status: 0

=== 2026-08-22T22:23:15Z :: locate_exact_toolchain ===
cwd: /Users/alec/Documents/Math/complete_graph_extremality_r2_rereview_2026-08-22
argv: sh -c command\ -v\ -a\ tectonic\ 2\>/dev/null\ \|\|\ which\ -a\ tectonic\;\ command\ -v\ -a\ pdfinfo\ 2\>/dev/null\ \|\|\ which\ -a\ pdfinfo\;\ command\ -v\ -a\ pdftoppm\ 2\>/dev/null\ \|\|\ which\ -a\ pdftoppm\;\ find\ /Users/alec\ -type\ f\ \\\(\ -name\ pdfinfo\ -o\ -name\ pdftoppm\ \\\)\ -perm\ -111\ 2\>/dev/null\ \|\ head\ -50
/opt/homebrew/bin/tectonic
/Users/alec/.local/bin/tectonic
/Users/alec/.cache/codex-runtimes/codex-primary-runtime/dependencies/bin/override/pdfinfo
/opt/homebrew/bin/pdfinfo
/Users/alec/.cache/codex-runtimes/codex-primary-runtime/dependencies/bin/override/pdftoppm
/opt/homebrew/bin/pdftoppm

=== 2026-08-22T22:23:56Z :: exact_toolchain_probe ===
cwd: /Users/alec/Documents/Math/complete_graph_extremality_r2_rereview_2026-08-22
argv: sh -c PATH=/Users/alec/.cache/codex-runtimes/codex-primary-runtime/dependencies/bin/override:/opt/homebrew/bin:/usr/bin:/bin\ tectonic\ --version\;\ PATH=/Users/alec/.cache/codex-runtimes/codex-primary-runtime/dependencies/bin/override:/opt/homebrew/bin:/usr/bin:/bin\ pdfinfo\ -v\ 2\>\&1\ \|\ sed\ -n\ \"1p\"\;\ PATH=/Users/alec/.cache/codex-runtimes/codex-primary-runtime/dependencies/bin/override:/opt/homebrew/bin:/usr/bin:/bin\ pdftoppm\ -v\ 2\>\&1\ \|\ sed\ -n\ \"1p\"\;\ /opt/homebrew/bin/python3\ --version
Tectonic 0.16.9
pdfinfo version 26.05.0
pdftoppm version 26.05.0
Python 3.14.6
exit_status: 0

=== 2026-08-22T22:24:31Z :: authoritative_clean_replay ===
cwd: /Users/alec/Documents/Math/complete_graph_extremality_r2_rereview_2026-08-22
argv: env -i HOME=/Users/alec TMPDIR=/Users/alec/Documents/Math/complete_graph_extremality_r2_rereview_2026-08-22/work/replay_tmp PATH=/opt/homebrew/bin:/usr/bin:/bin LANG=C LC_ALL=C TZ=UTC BOOTSTRAP_PYTHON=/opt/homebrew/bin/python3 ./work/package/run_all_referee_checks.sh
PASS: 81 package payload files match PACKAGE_MANIFEST.sha256
PASS: 71 source-archive members match the internal manifest
SOURCE_ARCHIVE_SHA256: 1754bee519537105f192a40d98f83a4b2fd5097897e0632d88ace1e9892d59ed
PDF_SHA256: 22142ee518e75c00d1948b19c210818ec797946df86a5e3272c9d1017800b0f4
PASS: extracted source tree, convenience PDF, and neutral prompt are bound
PASS: intentional false check propagates a nonzero top-level status
PASS: explicit false check remains active under python -O
PASS: inherited optimized mode is rejected before replay
PASS: direct replay rejects a false interpreter command
PASS: exact unoptimized Python runtime and sanitized environment
PAPER1_EXECUTION_SAFETY_OK
Collecting sympy==1.14.0 (from -r /Users/alec/Documents/Math/complete_graph_extremality_r2_rereview_2026-08-22/work/replay_tmp/paper1-referee.o2uWdn/universal_simultaneous_amplification/phase5_exact_threshold/paper_db_extremality/requirements-lock.txt (line 2))
  Using cached sympy-1.14.0-py3-none-any.whl (6.3 MB)
Collecting python-flint==0.9.0 (from -r /Users/alec/Documents/Math/complete_graph_extremality_r2_rereview_2026-08-22/work/replay_tmp/paper1-referee.o2uWdn/universal_simultaneous_amplification/phase5_exact_threshold/paper_db_extremality/requirements-lock.txt (line 4))
  Using cached python_flint-0.9.0-cp314-cp314-macosx_11_0_arm64.whl (8.0 MB)
Collecting mpmath==1.3.0 (from -r /Users/alec/Documents/Math/complete_graph_extremality_r2_rereview_2026-08-22/work/replay_tmp/paper1-referee.o2uWdn/universal_simultaneous_amplification/phase5_exact_threshold/paper_db_extremality/requirements-lock.txt (line 35))
  Using cached mpmath-1.3.0-py3-none-any.whl (536 kB)
Installing collected packages: mpmath, sympy, python-flint

Successfully installed mpmath-1.3.0 python-flint-0.9.0 sympy-1.14.0
PASS: exact unoptimized Python runtime and sanitized environment
PASS: hashed-lock environment contains SymPy 1.14.0, python-flint 0.9.0, and mpmath 1.3.0
PASS: 26 bundled Python files contain no bare assert; verified 406 exact scientific and 418 total require calls
PAPER1_EXECUTION_SAFETY_OK
PASS: exact unoptimized Python runtime and sanitized environment
PASS: hashed-lock environment contains SymPy 1.14.0, python-flint 0.9.0, and mpmath 1.3.0
PASS: 26 bundled Python files contain no bare assert; verified 406 exact scientific and 418 total require calls
PAPER1_EXECUTION_SAFETY_OK
test_complete_graph_formulas (test_exact_markov.ExactMarkovTests.test_complete_graph_formulas) ... ok
test_complete_graph_lumps_by_mutant_count (test_exact_markov.ExactMarkovTests.test_complete_graph_lumps_by_mutant_count) ... ok
test_every_transition_row_sums_to_one (test_exact_markov.ExactMarkovTests.test_every_transition_row_sums_to_one) ... ok
test_incomplete_support_strong_limit (test_exact_markov.ExactMarkovTests.test_incomplete_support_strong_limit) ... ok
test_sturm_sign_certificate (test_exact_markov.ExactMarkovTests.test_sturm_sign_certificate) ... ok
test_weighted_triangle_first_strong_correction (test_exact_markov.ExactMarkovTests.test_weighted_triangle_first_strong_correction) ... ok

----------------------------------------------------------------------
Ran 6 tests in 1.950s

OK
exit_status: 0
PASS: exact transition rows, complete-graph lumping, and absorption solves
PASS: incomplete-support limits path4=7/12 and star4=9/16
PASS: complete-support 1/r coefficients [22/27, 343/320]
PASS: weighted-triangle numerator certificate {'sign': -1, 'endpoint_multiplicity': 1, 'shifted_coefficients': [900, 9991, 40254, 75307, 66216, 22072]}
PASS: weighted-triangle denominator certificate {'sign': 1, 'endpoint_multiplicity': 0, 'shifted_coefficients': [6075, 108000, 775944, 2954376, 6487470, 8258688, 5663700, 1618200]}
n=3 E_dir=74/15 graph_coefficient=164/135 comparison_coefficient=74/135
n=3 E_dir=233/105 graph_coefficient=863/945 comparison_coefficient=233/945
n=4 E_dir=4051/165 graph_coefficient=8011/5280 comparison_coefficient=4051/5280
column-uniform negative control: exact baseline identity; wrong row defect=1131/77
independent incoming-column scaling: exact fixation identity
[EXACTLY COMPUTED] solved all six transient dB equations over QQ(r,x,y)
[CERTIFIED IDENTITY] rho-rho_K3 = -r(r-1)H/[3(r+1)P]
[CERTIFIED IDENTITY] H = A(r-1)^4 + D*r(r-1)^2 + E*r^2
[CERTIFIED POSITIVITY] P = local_product*det(M)/3 > 0
[CERTIFIED SOS] A,D,E are nonnegative; E is strict off a=b=c
[PROVED] every nonuniform positive weighted triangle is a strict dB suppressor for r>1
[INDEPENDENTLY VERIFIED] all eight subset-state transition rows sum exactly to one
[INDEPENDENTLY VERIFIED] all six transient fixation values match the manual system
[INDEPENDENTLY VERIFIED] the symbolic averaged difference matches the certificate
[EXACTLY CHECKED] rational specializations have the classified signs
[PASS] all seven reciprocal coefficients of P match the direct determinant
[PASS] direct subset-state solution matches the homogeneous H/P formula
[PASS] all gap and numerator SOS identities expand to zero
[PASS] one-edge, extreme-ratio, and near-uniform symbolic limits match
[PASS] 120 deterministic random and 3 extreme exact cases
[VERDICT] no counterexample; classification and equality condition are exact
[EXACTLY DERIVED] 1+3 and 2+2 orbit chains solved over rational functions
[PROVED] 1+3 is strictly dB-suppressing for x!=1 and every r>1
[CERTIFIED IDENTITY] H22(g,d,t)=sum_{k=0}^4 C_k(g,t)d^k
[CERTIFIED POSITIVITY] C0>=0, C1..C4>0 for g>0,t>0
[PROVED] 2+2 is strictly dB-suppressing off x=y=1 for every r>1
[CERTIFIED POSITIVITY] both reduced denominators are positive
[INDEPENDENTLY VERIFIED] full transition rows are exactly stochastic
[INDEPENDENTLY VERIFIED] both count partitions are strongly lumpable symbolically
[INDEPENDENTLY VERIFIED] quotient solutions match both manual orbit chains
[INDEPENDENTLY VERIFIED] four full 14-state rational-weight solves match exactly
[EXACTLY CERTIFIED] specialized differences are negative for every r>1
PASS family=two_class rule=Bd cells=20
PASS family=two_class rule=dB cells=20
PASS family=windmill rule=Bd cells=20
PASS family=windmill rule=dB cells=20
PASS: nine-state active-tree determinant reconstructed symbolically
PASS: true triangle collision numerator is a centered positive certificate
PASS: raw edge-monomial coefficient positivity is exactly false
PASS: promotion and collision coefficients are distinct with the proved direction
OPEN: universal active-tree collision coefficient

=== 2026-08-22T22:26:19Z :: tectonic_bundle_record ===
cwd: /Users/alec/Documents/Math/complete_graph_extremality_r2_rereview_2026-08-22
argv: sh -c CACHE_DIR=\$\(PATH=/opt/homebrew/bin:/usr/bin:/bin\ tectonic\ -X\ show\ user-cache-dir\ \|\ tail\ -1\)\;\ RECORD=\"\$CACHE_DIR/hashes/https,58,,47,,47,relay.fullyjustified.net,47,default_bundle_v33.tar\"\;\ printf\ \"%s\\n\"\ \"\$CACHE_DIR\"\ \"\$RECORD\"\;\ test\ -f\ \"\$RECORD\"\;\ wc\ -c\ \"\$RECORD\"\;\ tr\ -d\ \"\\r\\n\"\ \<\ \"\$RECORD\"\;\ printf\ \"\\n\"\;\ find\ \"\$CACHE_DIR\"\ -maxdepth\ 3\ -type\ f\ \|\ head\ -40
note: "version 2" Tectonic command-line interface activated
/Users/alec/Library/Caches/Tectonic/bundles
/Users/alec/Library/Caches/Tectonic/bundles/hashes/https,58,,47,,47,relay.fullyjustified.net,47,default_bundle_v33.tar
      65 /Users/alec/Library/Caches/Tectonic/bundles/hashes/https,58,,47,,47,relay.fullyjustified.net,47,default_bundle_v33.tar
6ffe055852f8faf66c0acbe1a7fb27f87b869a90bad1204f3bf4d9683f597c7c
/Users/alec/Library/Caches/Tectonic/bundles/hashes/https,58,,47,,47,relay.fullyjustified.net,47,default_bundle_v33.tar
/Users/alec/Library/Caches/Tectonic/bundles/hashes/https,58,,47,,47,data1.fullyjustified.net,47,tlextras-2022.0r0.tar
/Users/alec/Library/Caches/Tectonic/bundles/data/6ffe055852f8faf66c0acbe1a7fb27f87b869a90bad1204f3bf4d9683f597c7c.index
/Users/alec/Library/Caches/Tectonic/bundles/data/6ffe055852f8faf66c0acbe1a7fb27f87b869a90bad1204f3bf4d9683f597c7c/hyph-id.tex
/Users/alec/Library/Caches/Tectonic/bundles/data/6ffe055852f8faf66c0acbe1a7fb27f87b869a90bad1204f3bf4d9683f597c7c/hyph-is.tex
/Users/alec/Library/Caches/Tectonic/bundles/data/6ffe055852f8faf66c0acbe1a7fb27f87b869a90bad1204f3bf4d9683f597c7c/lmromancaps10-regular.otf
/Users/alec/Library/Caches/Tectonic/bundles/data/6ffe055852f8faf66c0acbe1a7fb27f87b869a90bad1204f3bf4d9683f597c7c/cmbsy6.tfm
/Users/alec/Library/Caches/Tectonic/bundles/data/6ffe055852f8faf66c0acbe1a7fb27f87b869a90bad1204f3bf4d9683f597c7c/msam10.pfb
/Users/alec/Library/Caches/Tectonic/bundles/data/6ffe055852f8faf66c0acbe1a7fb27f87b869a90bad1204f3bf4d9683f597c7c/ec-lmri7.tfm
/Users/alec/Library/Caches/Tectonic/bundles/data/6ffe055852f8faf66c0acbe1a7fb27f87b869a90bad1204f3bf4d9683f597c7c/lmss8.pfb
/Users/alec/Library/Caches/Tectonic/bundles/data/6ffe055852f8faf66c0acbe1a7fb27f87b869a90bad1204f3bf4d9683f597c7c/rm-lmss9.tfm
/Users/alec/Library/Caches/Tectonic/bundles/data/6ffe055852f8faf66c0acbe1a7fb27f87b869a90bad1204f3bf4d9683f597c7c/standard.bbx
/Users/alec/Library/Caches/Tectonic/bundles/data/6ffe055852f8faf66c0acbe1a7fb27f87b869a90bad1204f3bf4d9683f597c7c/revsymb4-2.sty
/Users/alec/Library/Caches/Tectonic/bundles/data/6ffe055852f8faf66c0acbe1a7fb27f87b869a90bad1204f3bf4d9683f597c7c/ec-lmtt10.tfm
/Users/alec/Library/Caches/Tectonic/bundles/data/6ffe055852f8faf66c0acbe1a7fb27f87b869a90bad1204f3bf4d9683f597c7c/loadhyph-th.tex
/Users/alec/Library/Caches/Tectonic/bundles/data/6ffe055852f8faf66c0acbe1a7fb27f87b869a90bad1204f3bf4d9683f597c7c/ts1-lmr10.tfm
/Users/alec/Library/Caches/Tectonic/bundles/data/6ffe055852f8faf66c0acbe1a7fb27f87b869a90bad1204f3bf4d9683f597c7c/cmsy5.pfb
/Users/alec/Library/Caches/Tectonic/bundles/data/6ffe055852f8faf66c0acbe1a7fb27f87b869a90bad1204f3bf4d9683f597c7c/load-unicode-data.tex
/Users/alec/Library/Caches/Tectonic/bundles/data/6ffe055852f8faf66c0acbe1a7fb27f87b869a90bad1204f3bf4d9683f597c7c/t1enc.def
/Users/alec/Library/Caches/Tectonic/bundles/data/6ffe055852f8faf66c0acbe1a7fb27f87b869a90bad1204f3bf4d9683f597c7c/loadhyph-be.tex
/Users/alec/Library/Caches/Tectonic/bundles/data/6ffe055852f8faf66c0acbe1a7fb27f87b869a90bad1204f3bf4d9683f597c7c/loadhyph-ca.tex
/Users/alec/Library/Caches/Tectonic/bundles/data/6ffe055852f8faf66c0acbe1a7fb27f87b869a90bad1204f3bf4d9683f597c7c/unsrtnat.bst
/Users/alec/Library/Caches/Tectonic/bundles/data/6ffe055852f8faf66c0acbe1a7fb27f87b869a90bad1204f3bf4d9683f597c7c/hyph-pms.tex
/Users/alec/Library/Caches/Tectonic/bundles/data/6ffe055852f8faf66c0acbe1a7fb27f87b869a90bad1204f3bf4d9683f597c7c/plain.bst
/Users/alec/Library/Caches/Tectonic/bundles/data/6ffe055852f8faf66c0acbe1a7fb27f87b869a90bad1204f3bf4d9683f597c7c/cmsy5.tfm
/Users/alec/Library/Caches/Tectonic/bundles/data/6ffe055852f8faf66c0acbe1a7fb27f87b869a90bad1204f3bf4d9683f597c7c/lmroman7-italic.otf
/Users/alec/Library/Caches/Tectonic/bundles/data/6ffe055852f8faf66c0acbe1a7fb27f87b869a90bad1204f3bf4d9683f597c7c/loadhyph-mk.tex
/Users/alec/Library/Caches/Tectonic/bundles/data/6ffe055852f8faf66c0acbe1a7fb27f87b869a90bad1204f3bf4d9683f597c7c/loadhyph-oc.tex
/Users/alec/Library/Caches/Tectonic/bundles/data/6ffe055852f8faf66c0acbe1a7fb27f87b869a90bad1204f3bf4d9683f597c7c/pgfcoretransparency.code.tex
/Users/alec/Library/Caches/Tectonic/bundles/data/6ffe055852f8faf66c0acbe1a7fb27f87b869a90bad1204f3bf4d9683f597c7c/hyph-de-1901.tex
/Users/alec/Library/Caches/Tectonic/bundles/data/6ffe055852f8faf66c0acbe1a7fb27f87b869a90bad1204f3bf4d9683f597c7c/footnotehyper.sty
/Users/alec/Library/Caches/Tectonic/bundles/data/6ffe055852f8faf66c0acbe1a7fb27f87b869a90bad1204f3bf4d9683f597c7c/pgfrcs.code.tex
/Users/alec/Library/Caches/Tectonic/bundles/data/6ffe055852f8faf66c0acbe1a7fb27f87b869a90bad1204f3bf4d9683f597c7c/blx-dm.def
/Users/alec/Library/Caches/Tectonic/bundles/data/6ffe055852f8faf66c0acbe1a7fb27f87b869a90bad1204f3bf4d9683f597c7c/hyph-kmr.tex
/Users/alec/Library/Caches/Tectonic/bundles/data/6ffe055852f8faf66c0acbe1a7fb27f87b869a90bad1204f3bf4d9683f597c7c/setspace.sty
/Users/alec/Library/Caches/Tectonic/bundles/data/6ffe055852f8faf66c0acbe1a7fb27f87b869a90bad1204f3bf4d9683f597c7c/blx-natbib.def
/Users/alec/Library/Caches/Tectonic/bundles/data/6ffe055852f8faf66c0acbe1a7fb27f87b869a90bad1204f3bf4d9683f597c7c/fonttext.ltx
/Users/alec/Library/Caches/Tectonic/bundles/data/6ffe055852f8faf66c0acbe1a7fb27f87b869a90bad1204f3bf4d9683f597c7c/loadhyph-grc.tex
/Users/alec/Library/Caches/Tectonic/bundles/data/6ffe055852f8faf66c0acbe1a7fb27f87b869a90bad1204f3bf4d9683f597c7c/hyph-sk.tex
/Users/alec/Library/Caches/Tectonic/bundles/data/6ffe055852f8faf66c0acbe1a7fb27f87b869a90bad1204f3bf4d9683f597c7c/fontmath.cfg
exit_status: 0
PASS: symbolic triangle complete-refresh determinant
PASS: every nonzero Bernstein coefficient has a centered positive certificate
PASS: exact finite Bernstein screen {'reversible-n4': 12, 'reversible-n5': 12, 'directed-n4': 6, 'directed-n5': 6}
OPEN: arbitrary-order positivity of all complete-refresh forest coefficients
PASS: exact heat-bath Poisson gradients decrease for 3<=n<=40
PASS: exact recurrence evaluations and displayed n<=12 values agree
PASS: independent full active-chain Hessian agrees for 3<=n<=7
PASS: finite exact checks agree with the all-n analytic proof in Appendix A
PASS: stationary symmetric inverse-rank phase certificate
  exact stationary solve: 3 <= N <= 39
  exact finite phase margins: 40 <= N <= 287
  analytic discriminant certificate: N >= 288
PASS: independent exact orbit reduction for all three Hessian sectors, 3<=n<=12
EXACTLY COMPUTED: every displayed sector value is positive
CONTEXT: all-n standard and symmetric positivity is established in Appendix A
PASS (ALL N): shifted W and z polynomials, first-phase bounds, tail identity
PASS (EXACT): radial formula and physical quotient normalization, N=2..12
PASS (EXACT): direct reconstruction of every barrier, N=6..15
Phi_2 = 24/11
Phi_3 = 261/40
Phi_4 = 343400/28657
Phi_5 = 2268275/128288
Phi_6 = 5758562957/248448224
Phi_7 = 141339691089527/4988552903680
Phi_8 = 15468663676289/466560376100
Phi_9 = 19782952499295763/524622207176704
PASS (EXACT): physical Schur values N=2..9
PASS: finite exact examples match the stated two-step sum-of-squares identity
PASS: exact Perron/forward-active factorization and strict P3 promotion
PASS: exact marked stationarity, path values, and complete binomial law
PASS: exact n=6 event-rank tail counterexample; tail excess ~0.00146333006947
PASS: same graph remains below baseline; harmonic excess ~0.0462847048688
PASS: exact late-time decrease; psi lower envelope still survives
PASS: exact stationary PGF lower-envelope counterexample at t=0
OPEN: universal marked collision inequality, equivalently dB r=2 maximality
PASS: exact local complete-kernel Hessian certificate for every n>=4
PASS: complete active law, collision normalization, and dB baseline
PASS: rectangular marked/active phase spaces and empty-cache boundary
PASS: full tangent decomposition into all three irreducible sectors
PASS: standard-sector phase and Frobenius normalizations
PASS: incoming-column strong-selection sum of squares and equality gauge
PASS: positive inverse-mean Hessian converts to negative fixation Hessian
PASS: formal phase, difference, normalization, and disclosure guards
PASS: displayed symmetric-certificate hash and exact minimum are bound
PASS: paper-level theorem integration audit
note: Running TeX ...
note: Rerunning TeX because "main.out" changed ...
note: Rerunning TeX because "main.aux" changed ...
note: Running xdvipdfmx ...
note: Writing `/Users/alec/Documents/Math/complete_graph_extremality_r2_rereview_2026-08-22/work/replay_tmp/paper1-referee.o2uWdn/universal_simultaneous_amplification/phase5_exact_threshold/paper_db_extremality/tmp/pdfs/main.log` (23.0419921875 KiB)
note: Writing `/Users/alec/Documents/Math/complete_graph_extremality_r2_rereview_2026-08-22/work/replay_tmp/paper1-referee.o2uWdn/universal_simultaneous_amplification/phase5_exact_threshold/paper_db_extremality/tmp/pdfs/main.aux` (18.7529296875 KiB)
note: Writing `/Users/alec/Documents/Math/complete_graph_extremality_r2_rereview_2026-08-22/work/replay_tmp/paper1-referee.o2uWdn/universal_simultaneous_amplification/phase5_exact_threshold/paper_db_extremality/tmp/pdfs/main.pdf` (228.6806640625 KiB)
note: Writing `/Users/alec/Documents/Math/complete_graph_extremality_r2_rereview_2026-08-22/work/replay_tmp/paper1-referee.o2uWdn/universal_simultaneous_amplification/phase5_exact_threshold/paper_db_extremality/tmp/pdfs/main.out` (5.4130859375 KiB)
note: "version 2" Tectonic command-line interface activated
PASS: pinned Tectonic v33 bundle digest 6ffe055852f8faf66c0acbe1a7fb27f87b869a90bad1204f3bf4d9683f597c7c
Creator:         LaTeX with hyperref
Producer:        xdvipdfmx (0.1)
CreationDate:    Fri Aug 21 00:00:00 2026 UTC
Custom Metadata: no
Metadata Stream: no
Tagged:          no
UserProperties:  no
Suspects:        no
Form:            none
JavaScript:      no
Pages:           30
Encrypted:       no
Page size:       612 x 792 pts (letter)
Page rot:        0
File size:       234169 bytes
Optimized:       no
PDF version:     1.5
REBUILT_PDF_SHA256: 22142ee518e75c00d1948b19c210818ec797946df86a5e3272c9d1017800b0f4
PASS: manifests, fail-closed hashed replay, deterministic PDF rebuild, and PDF identity
exit_status: 0

=== 2026-08-22T22:27:38Z :: adversarial_public_token_spoof ===
cwd: /Users/alec/Documents/Math/complete_graph_extremality_r2_rereview_2026-08-22
argv: env -i HOME=/Users/alec PATH=/opt/homebrew/bin:/usr/bin:/bin LANG=C LC_ALL=C PYTHON=/Users/alec/Documents/Math/complete_graph_extremality_r2_rereview_2026-08-22/records/fake_python_public_token.sh work/adversarial_token/universal_simultaneous_amplification/phase5_exact_threshold/paper_db_extremality/replay.sh
PAPER1_EXECUTION_SAFETY_OK
PAPER1_EXECUTION_SAFETY_OK
PAPER1_EXECUTION_SAFETY_OK
PAPER1_EXECUTION_SAFETY_OK
PAPER1_EXECUTION_SAFETY_OK
PAPER1_EXECUTION_SAFETY_OK
PAPER1_EXECUTION_SAFETY_OK
PAPER1_EXECUTION_SAFETY_OK
PAPER1_EXECUTION_SAFETY_OK
PAPER1_EXECUTION_SAFETY_OK
PAPER1_EXECUTION_SAFETY_OK
PAPER1_EXECUTION_SAFETY_OK
PAPER1_EXECUTION_SAFETY_OK
PAPER1_EXECUTION_SAFETY_OK
PAPER1_EXECUTION_SAFETY_OK
PAPER1_EXECUTION_SAFETY_OK
PAPER1_EXECUTION_SAFETY_OK
PAPER1_EXECUTION_SAFETY_OK
PAPER1_EXECUTION_SAFETY_OK
exit_status: 0

=== 2026-08-22T22:27:56Z :: reusable_python_probe ===
cwd: /Users/alec/Documents/Math/complete_graph_extremality_r2_rereview_2026-08-22
argv: sh -c for\ CANDIDATE\ in\ /Users/alec/Documents/Math/complete_graph_extremality_referee_audit_2026-08-22/work/strong_selection_low_order_venv/bin/python\ /Users/alec/Documents/Math/complete_graph_extremality_referee_audit_2026-08-22/work/replay_source/.venv-paper1/bin/python\;\ do\ if\ test\ -x\ \"\$CANDIDATE\"\;\ then\ echo\ \"\$CANDIDATE\"\;\ \"\$CANDIDATE\"\ -I\ -c\ \"import\ sys,\ sympy,\ flint,\ mpmath\;\ print\(sys.version.split\(\)\[0\],\ sympy.__version__,\ flint.__version__,\ mpmath.__version__\)\"\;\ fi\;\ done
/Users/alec/Documents/Math/complete_graph_extremality_referee_audit_2026-08-22/work/strong_selection_low_order_venv/bin/python
Traceback (most recent call last):
  File "<string>", line 1, in <module>
    import sys, sympy, flint, mpmath; print(sys.version.split()[0], sympy.__version__, flint.__version__, mpmath.__version__)
    ^^^^^^^^^^^^^^^^^^^^^^^^^^^^^^^^
ModuleNotFoundError: No module named 'flint'
exit_status: 0

=== 2026-08-22T22:28:29Z :: repo_venv_probe ===
cwd: /Users/alec/Documents/Math/complete_graph_extremality_r2_rereview_2026-08-22
argv: sh -c for\ CANDIDATE\ in\ /Users/alec/Documents/Math-universal-amplification/.venv/bin/python\ /Users/alec/Documents/Math-universal-amplification/universal_simultaneous_amplification/.venv-paper1/bin/python\ /Users/alec/Documents/Math-universal-amplification/universal_simultaneous_amplification/.venv/bin/python\;\ do\ echo\ \"\$CANDIDATE\"\;\ \"\$CANDIDATE\"\ -I\ -c\ \"import\ importlib.metadata\ as\ m,\ sys\;\ print\(sys.version.split\(\)\[0\]\)\;\ print\(\*\(m.version\(x\)\ for\ x\ in\ \(\\\"sympy\\\",\\\"python-flint\\\",\\\"mpmath\\\"\)\)\)\"\ 2\>\&1\ \|\|\ true\;\ done
/Users/alec/Documents/Math-universal-amplification/.venv/bin/python
3.14.6
1.14.0 0.9.0 1.3.0
/Users/alec/Documents/Math-universal-amplification/universal_simultaneous_amplification/.venv-paper1/bin/python
3.14.6
1.14.0 0.9.0 1.3.0
/Users/alec/Documents/Math-universal-amplification/universal_simultaneous_amplification/.venv/bin/python
3.14.6
1.14.0 0.8.0 1.3.0
exit_status: 0

=== 2026-08-22T22:28:46Z :: build_timestamp_cache_fixture ===
cwd: /Users/alec/Documents/Math/complete_graph_extremality_r2_rereview_2026-08-22
argv: sh -c TARGET=work/adversarial_pycache/universal_simultaneous_amplification/phase4_landmark_closure/obstruction/r2_collision_closure/verify_direct_flow_screen.py\;\ shasum\ -a\ 256\ \"\$TARGET\"\;\ /Users/alec/Documents/Math-universal-amplification/universal_simultaneous_amplification/.venv-paper1/bin/python\ records/build_timestamp_cache_fixture.py\ \"\$TARGET\"\;\ shasum\ -a\ 256\ \"\$TARGET\"\;\ find\ \"\$\(dirname\ \"\$TARGET\"\)\"\ -maxdepth\ 2\ -type\ f\ -name\ \"\*.pyc\"\ -print
8be62ba2236d48b9f624e5b6df612a6bcd05534f8a1bd5771b9c7f38368a2eef  work/adversarial_pycache/universal_simultaneous_amplification/phase4_landmark_closure/obstruction/r2_collision_closure/verify_direct_flow_screen.py
/Users/alec/Documents/Math/complete_graph_extremality_r2_rereview_2026-08-22/work/adversarial_pycache/universal_simultaneous_amplification/phase4_landmark_closure/obstruction/r2_collision_closure/__pycache__/verify_direct_flow_screen.cpython-314.pyc
8be62ba2236d48b9f624e5b6df612a6bcd05534f8a1bd5771b9c7f38368a2eef  work/adversarial_pycache/universal_simultaneous_amplification/phase4_landmark_closure/obstruction/r2_collision_closure/verify_direct_flow_screen.py
work/adversarial_pycache/universal_simultaneous_amplification/phase4_landmark_closure/obstruction/r2_collision_closure/__pycache__/verify_direct_flow_screen.cpython-314.pyc
exit_status: 0

=== 2026-08-22T22:28:59Z :: adversarial_in_tree_pycache_replay ===
cwd: /Users/alec/Documents/Math/complete_graph_extremality_r2_rereview_2026-08-22
argv: env -i HOME=/Users/alec PATH=/opt/homebrew/bin:/usr/bin:/bin LANG=C LC_ALL=C PYTHON=/Users/alec/Documents/Math-universal-amplification/universal_simultaneous_amplification/.venv-paper1/bin/python work/adversarial_pycache/universal_simultaneous_amplification/phase5_exact_threshold/paper_db_extremality/replay.sh
PASS: exact unoptimized Python runtime and sanitized environment
PASS: hashed-lock environment contains SymPy 1.14.0, python-flint 0.9.0, and mpmath 1.3.0
PASS: 26 bundled Python files contain no bare assert; verified 406 exact scientific and 418 total require calls
PAPER1_EXECUTION_SAFETY_OK
test_complete_graph_formulas (test_exact_markov.ExactMarkovTests.test_complete_graph_formulas) ... ok
test_complete_graph_lumps_by_mutant_count (test_exact_markov.ExactMarkovTests.test_complete_graph_lumps_by_mutant_count) ... ok
test_every_transition_row_sums_to_one (test_exact_markov.ExactMarkovTests.test_every_transition_row_sums_to_one) ... ok
test_incomplete_support_strong_limit (test_exact_markov.ExactMarkovTests.test_incomplete_support_strong_limit) ... ok
test_sturm_sign_certificate (test_exact_markov.ExactMarkovTests.test_sturm_sign_certificate) ... ok
test_weighted_triangle_first_strong_correction (test_exact_markov.ExactMarkovTests.test_weighted_triangle_first_strong_correction) ... ok

----------------------------------------------------------------------
Ran 6 tests in 1.901s

OK
PASS: exact transition rows, complete-graph lumping, and absorption solves
PASS: incomplete-support limits path4=7/12 and star4=9/16
PASS: complete-support 1/r coefficients [22/27, 343/320]
PASS: weighted-triangle numerator certificate {'sign': -1, 'endpoint_multiplicity': 1, 'shifted_coefficients': [900, 9991, 40254, 75307, 66216, 22072]}
PASS: weighted-triangle denominator certificate {'sign': 1, 'endpoint_multiplicity': 0, 'shifted_coefficients': [6075, 108000, 775944, 2954376, 6487470, 8258688, 5663700, 1618200]}
n=3 E_dir=74/15 graph_coefficient=164/135 comparison_coefficient=74/135
n=3 E_dir=233/105 graph_coefficient=863/945 comparison_coefficient=233/945
n=4 E_dir=4051/165 graph_coefficient=8011/5280 comparison_coefficient=4051/5280
column-uniform negative control: exact baseline identity; wrong row defect=1131/77
independent incoming-column scaling: exact fixation identity
[EXACTLY COMPUTED] solved all six transient dB equations over QQ(r,x,y)
[CERTIFIED IDENTITY] rho-rho_K3 = -r(r-1)H/[3(r+1)P]
[CERTIFIED IDENTITY] H = A(r-1)^4 + D*r(r-1)^2 + E*r^2
[CERTIFIED POSITIVITY] P = local_product*det(M)/3 > 0
[CERTIFIED SOS] A,D,E are nonnegative; E is strict off a=b=c
[PROVED] every nonuniform positive weighted triangle is a strict dB suppressor for r>1

=== 2026-08-22T22:29:22Z :: adversarial_dependency_hash_negative ===
cwd: /Users/alec/Documents/Math/complete_graph_extremality_r2_rereview_2026-08-22
argv: sh -c LOG=work/adversarial_lock/pip_hash_failure.log\;\ if\ env\ -i\ HOME=/Users/alec\ PATH=/opt/homebrew/bin:/usr/bin:/bin\ LANG=C\ LC_ALL=C\ BOOTSTRAP_PYTHON=/opt/homebrew/bin/python3\ work/adversarial_lock/universal_simultaneous_amplification/phase5_exact_threshold/paper_db_extremality/submission/bootstrap_replay.sh\ \>\"\$LOG\"\ 2\>\&1\;\ then\ cat\ \"\$LOG\"\;\ echo\ UNEXPECTED_SUCCESS\;\ exit\ 1\;\ fi\;\ STATUS=\$\?\;\ rg\ -n\ \"hashes\|Expected\ sha256\|Got\"\ \"\$LOG\"\ \|\ head\ -20\;\ echo\ EXPECTED_NONZERO_STATUS=\$STATUS
[INDEPENDENTLY VERIFIED] all eight subset-state transition rows sum exactly to one
[INDEPENDENTLY VERIFIED] all six transient fixation values match the manual system
[INDEPENDENTLY VERIFIED] the symbolic averaged difference matches the certificate
[EXACTLY CHECKED] rational specializations have the classified signs
5:ERROR: THESE PACKAGES DO NOT MATCH THE HASHES FROM THE REQUIREMENTS FILE. If you have updated the package versions, please update the hashes. Otherwise, examine the package contents carefully; someone may have tampered with them.
7:        Expected sha256 0000000000000000000000000000000000000000000000000000000000000000
8:             Got        e091cc3e99d2141a0ba2847328f5479b05d94a6635cb96148ccb3f34671bd8f5
EXPECTED_NONZERO_STATUS=0
exit_status: 0
[PASS] all seven reciprocal coefficients of P match the direct determinant
[PASS] direct subset-state solution matches the homogeneous H/P formula
[PASS] all gap and numerator SOS identities expand to zero
[PASS] one-edge, extreme-ratio, and near-uniform symbolic limits match
[PASS] 120 deterministic random and 3 extreme exact cases
[VERDICT] no counterexample; classification and equality condition are exact

=== 2026-08-22T22:29:31Z :: adversarial_dependency_hash_status ===
cwd: /Users/alec/Documents/Math/complete_graph_extremality_r2_rereview_2026-08-22
argv: sh -c LOG=work/adversarial_lock/pip_hash_failure_status.log\;\ env\ -i\ HOME=/Users/alec\ PATH=/opt/homebrew/bin:/usr/bin:/bin\ LANG=C\ LC_ALL=C\ BOOTSTRAP_PYTHON=/opt/homebrew/bin/python3\ work/adversarial_lock/universal_simultaneous_amplification/phase5_exact_threshold/paper_db_extremality/submission/bootstrap_replay.sh\ \>\"\$LOG\"\ 2\>\&1\;\ STATUS=\$\?\;\ test\ \"\$STATUS\"\ -ne\ 0\;\ rg\ -n\ \"Expected\ sha256\|Got\"\ \"\$LOG\"\;\ echo\ EXPECTED_NONZERO_STATUS=\$STATUS
7:        Expected sha256 0000000000000000000000000000000000000000000000000000000000000000
8:             Got        e091cc3e99d2141a0ba2847328f5479b05d94a6635cb96148ccb3f34671bd8f5
EXPECTED_NONZERO_STATUS=1
exit_status: 0
[EXACTLY DERIVED] 1+3 and 2+2 orbit chains solved over rational functions
[PROVED] 1+3 is strictly dB-suppressing for x!=1 and every r>1
[CERTIFIED IDENTITY] H22(g,d,t)=sum_{k=0}^4 C_k(g,t)d^k
[CERTIFIED POSITIVITY] C0>=0, C1..C4>0 for g>0,t>0
[PROVED] 2+2 is strictly dB-suppressing off x=y=1 for every r>1
[CERTIFIED POSITIVITY] both reduced denominators are positive

=== 2026-08-22T22:29:44Z :: adversarial_bundle_digest_negative ===
cwd: /Users/alec/Documents/Math/complete_graph_extremality_r2_rereview_2026-08-22
argv: sh -c LOG=work/adversarial_bundle/bundle_digest_failure.log\;\ env\ -i\ HOME=/Users/alec\ PATH=/opt/homebrew/bin:/usr/bin:/bin\ LANG=C\ LC_ALL=C\ TZ=UTC\ work/adversarial_bundle/universal_simultaneous_amplification/phase5_exact_threshold/paper_db_extremality/build.sh\ \>\"\$LOG\"\ 2\>\&1\;\ STATUS=\$\?\;\ test\ \"\$STATUS\"\ -ne\ 0\;\ rg\ -n\ \"bundle\ digest\ mismatch\|expected:\|actual:\"\ \"\$LOG\"\;\ echo\ EXPECTED_NONZERO_STATUS=\$STATUS
[INDEPENDENTLY VERIFIED] full transition rows are exactly stochastic
[INDEPENDENTLY VERIFIED] both count partitions are strongly lumpable symbolically
[INDEPENDENTLY VERIFIED] quotient solutions match both manual orbit chains
[INDEPENDENTLY VERIFIED] four full 14-state rational-weight solves match exactly
[EXACTLY CERTIFIED] specialized differences are negative for every r>1
PASS family=two_class rule=Bd cells=20
PASS family=two_class rule=dB cells=20
PASS family=windmill rule=Bd cells=20
PASS family=windmill rule=dB cells=20
10:Tectonic v33 bundle digest mismatch
11:expected: 0000000000000000000000000000000000000000000000000000000000000000
12:actual:   6ffe055852f8faf66c0acbe1a7fb27f87b869a90bad1204f3bf4d9683f597c7c
EXPECTED_NONZERO_STATUS=2
exit_status: 0
PASS: nine-state active-tree determinant reconstructed symbolically
PASS: true triangle collision numerator is a centered positive certificate
PASS: raw edge-monomial coefficient positivity is exactly false
PASS: promotion and collision coefficients are distinct with the proved direction
OPEN: universal active-tree collision coefficient

=== 2026-08-22T22:29:57Z :: adversarial_inherited_optimize_negative ===
cwd: /Users/alec/Documents/Math/complete_graph_extremality_r2_rereview_2026-08-22
argv: sh -c LOG=work/inherited_optimize_failure.log\;\ env\ -i\ HOME=/Users/alec\ PATH=/opt/homebrew/bin:/usr/bin:/bin\ PYTHONOPTIMIZE=1\ BOOTSTRAP_PYTHON=/opt/homebrew/bin/python3\ work/package/run_all_referee_checks.sh\ \>\"\$LOG\"\ 2\>\&1\;\ STATUS=\$\?\;\ test\ \"\$STATUS\"\ -ne\ 0\;\ rg\ -n\ \"Refusing\ inherited\ PYTHONOPTIMIZE=1\"\ \"\$LOG\"\;\ echo\ EXPECTED_NONZERO_STATUS=\$STATUS
1:Refusing inherited PYTHONOPTIMIZE=1
EXPECTED_NONZERO_STATUS=2
exit_status: 0
PASS: symbolic triangle complete-refresh determinant
PASS: every nonzero Bernstein coefficient has a centered positive certificate
PASS: exact finite Bernstein screen {'reversible-n4': 12, 'reversible-n5': 12, 'directed-n4': 6, 'directed-n5': 6}
OPEN: arbitrary-order positivity of all complete-refresh forest coefficients
PASS: exact heat-bath Poisson gradients decrease for 3<=n<=40
PASS: exact recurrence evaluations and displayed n<=12 values agree
PASS: independent full active-chain Hessian agrees for 3<=n<=7
PASS: finite exact checks agree with the all-n analytic proof in Appendix A
PASS: stationary symmetric inverse-rank phase certificate
  exact stationary solve: 3 <= N <= 39
  exact finite phase margins: 40 <= N <= 287
  analytic discriminant certificate: N >= 288
PASS: independent exact orbit reduction for all three Hessian sectors, 3<=n<=12
EXACTLY COMPUTED: every displayed sector value is positive
CONTEXT: all-n standard and symmetric positivity is established in Appendix A
PASS (ALL N): shifted W and z polynomials, first-phase bounds, tail identity
PASS (EXACT): radial formula and physical quotient normalization, N=2..12
PASS (EXACT): direct reconstruction of every barrier, N=6..15
Phi_2 = 24/11
Phi_3 = 261/40
Phi_4 = 343400/28657
Phi_5 = 2268275/128288
Phi_6 = 5758562957/248448224
Phi_7 = 141339691089527/4988552903680
Phi_8 = 15468663676289/466560376100
Phi_9 = 19782952499295763/524622207176704
PASS (EXACT): physical Schur values N=2..9
PASS: finite exact examples match the stated two-step sum-of-squares identity
PASS: exact Perron/forward-active factorization and strict P3 promotion
PASS: exact marked stationarity, path values, and complete binomial law
PASS: exact n=6 event-rank tail counterexample; tail excess ~0.00146333006947
PASS: same graph remains below baseline; harmonic excess ~0.0462847048688
PASS: exact late-time decrease; psi lower envelope still survives
PASS: exact stationary PGF lower-envelope counterexample at t=0
OPEN: universal marked collision inequality, equivalently dB r=2 maximality
PASS: exact local complete-kernel Hessian certificate for every n>=4
PASS: complete active law, collision normalization, and dB baseline
PASS: rectangular marked/active phase spaces and empty-cache boundary
PASS: full tangent decomposition into all three irreducible sectors
PASS: standard-sector phase and Frobenius normalizations
PASS: incoming-column strong-selection sum of squares and equality gauge
PASS: positive inverse-mean Hessian converts to negative fixation Hessian
PASS: formal phase, difference, normalization, and disclosure guards
PASS: displayed symmetric-certificate hash and exact minimum are bound
PASS: paper-level theorem integration audit
exit_status: 0

=== 2026-08-22T22:30:28Z :: verify_pycache_execution ===
cwd: /Users/alec/Documents/Math/complete_graph_extremality_r2_rereview_2026-08-22
argv: sh -c ROOT=work/adversarial_pycache/universal_simultaneous_amplification\;\ find\ \"\$ROOT\"\ -name\ PYCACHE_EXECUTED\ -type\ f\ -print\;\ test\ -f\ \"\$ROOT/phase4_landmark_closure/obstruction/r2_marked_lift_v2/PYCACHE_EXECUTED\"\;\ shasum\ -a\ 256\ \"\$ROOT/phase4_landmark_closure/obstruction/r2_collision_closure/verify_direct_flow_screen.py\"
work/adversarial_pycache/universal_simultaneous_amplification/phase4_landmark_closure/obstruction/r2_marked_lift_v2/PYCACHE_EXECUTED
8be62ba2236d48b9f624e5b6df612a6bcd05534f8a1bd5771b9c7f38368a2eef  work/adversarial_pycache/universal_simultaneous_amplification/phase4_landmark_closure/obstruction/r2_collision_closure/verify_direct_flow_screen.py
exit_status: 0

=== 2026-08-22T22:31:33Z :: adversarial_pycache_bootstrap ===
cwd: /Users/alec/Documents/Math/complete_graph_extremality_r2_rereview_2026-08-22
argv: env -i HOME=/Users/alec PATH=/opt/homebrew/bin:/usr/bin:/bin LANG=C LC_ALL=C BOOTSTRAP_PYTHON=/opt/homebrew/bin/python3 work/adversarial_pycache/universal_simultaneous_amplification/phase5_exact_threshold/paper_db_extremality/submission/bootstrap_replay.sh
PASS: exact unoptimized Python runtime and sanitized environment
PAPER1_EXECUTION_SAFETY_OK
Collecting sympy==1.14.0 (from -r /Users/alec/Documents/Math/complete_graph_extremality_r2_rereview_2026-08-22/work/adversarial_pycache/universal_simultaneous_amplification/phase5_exact_threshold/paper_db_extremality/requirements-lock.txt (line 2))
  Using cached sympy-1.14.0-py3-none-any.whl (6.3 MB)
Collecting python-flint==0.9.0 (from -r /Users/alec/Documents/Math/complete_graph_extremality_r2_rereview_2026-08-22/work/adversarial_pycache/universal_simultaneous_amplification/phase5_exact_threshold/paper_db_extremality/requirements-lock.txt (line 4))
  Using cached python_flint-0.9.0-cp314-cp314-macosx_11_0_arm64.whl (8.0 MB)
Collecting mpmath==1.3.0 (from -r /Users/alec/Documents/Math/complete_graph_extremality_r2_rereview_2026-08-22/work/adversarial_pycache/universal_simultaneous_amplification/phase5_exact_threshold/paper_db_extremality/requirements-lock.txt (line 35))
  Using cached mpmath-1.3.0-py3-none-any.whl (536 kB)
Installing collected packages: mpmath, sympy, python-flint

Successfully installed mpmath-1.3.0 python-flint-0.9.0 sympy-1.14.0

=== 2026-08-22T22:31:49Z :: extra_pycache_manifest_behavior ===
cwd: /Users/alec/Documents/Math/complete_graph_extremality_r2_rereview_2026-08-22
argv: sh -c cd\ work/adversarial_pycache/universal_simultaneous_amplification\;\ shasum\ -a\ 256\ -c\ MANIFEST.sha256\ \>/dev/null\;\ STATUS=\$\?\;\ echo\ MANIFEST_STATUS_WITH_EXTRA_PYCACHE=\$STATUS\;\ test\ \"\$STATUS\"\ -eq\ 0\;\ find\ phase4_landmark_closure/obstruction/r2_collision_closure/__pycache__\ -type\ f\ -name\ \"\*.pyc\"\ -print
shasum: MANIFEST.sha256: No such file or directory
MANIFEST_STATUS_WITH_EXTRA_PYCACHE=2
phase4_landmark_closure/obstruction/r2_collision_closure/__pycache__/verify_direct_flow_screen.cpython-314.pyc
exit_status: 0
PASS: exact unoptimized Python runtime and sanitized environment
PASS: hashed-lock environment contains SymPy 1.14.0, python-flint 0.9.0, and mpmath 1.3.0
PASS: 26 bundled Python files contain no bare assert; verified 406 exact scientific and 418 total require calls
PAPER1_EXECUTION_SAFETY_OK
PASS: exact unoptimized Python runtime and sanitized environment
PASS: hashed-lock environment contains SymPy 1.14.0, python-flint 0.9.0, and mpmath 1.3.0
PASS: 26 bundled Python files contain no bare assert; verified 406 exact scientific and 418 total require calls
PAPER1_EXECUTION_SAFETY_OK
test_complete_graph_formulas (test_exact_markov.ExactMarkovTests.test_complete_graph_formulas) ... ok
test_complete_graph_lumps_by_mutant_count (test_exact_markov.ExactMarkovTests.test_complete_graph_lumps_by_mutant_count) ... ok
test_every_transition_row_sums_to_one (test_exact_markov.ExactMarkovTests.test_every_transition_row_sums_to_one) ... ok
test_incomplete_support_strong_limit (test_exact_markov.ExactMarkovTests.test_incomplete_support_strong_limit) ... ok
test_sturm_sign_certificate (test_exact_markov.ExactMarkovTests.test_sturm_sign_certificate) ... ok
test_weighted_triangle_first_strong_correction (test_exact_markov.ExactMarkovTests.test_weighted_triangle_first_strong_correction) ... ok

----------------------------------------------------------------------
Ran 6 tests in 1.973s

OK
PASS: exact transition rows, complete-graph lumping, and absorption solves
PASS: incomplete-support limits path4=7/12 and star4=9/16
PASS: complete-support 1/r coefficients [22/27, 343/320]
PASS: weighted-triangle numerator certificate {'sign': -1, 'endpoint_multiplicity': 1, 'shifted_coefficients': [900, 9991, 40254, 75307, 66216, 22072]}
PASS: weighted-triangle denominator certificate {'sign': 1, 'endpoint_multiplicity': 0, 'shifted_coefficients': [6075, 108000, 775944, 2954376, 6487470, 8258688, 5663700, 1618200]}

=== 2026-08-22T22:32:03Z :: extra_pycache_manifest_behavior_correct ===
cwd: /Users/alec/Documents/Math/complete_graph_extremality_r2_rereview_2026-08-22
argv: sh -c cd\ work/adversarial_pycache\;\ shasum\ -a\ 256\ -c\ MANIFEST.sha256\ \>/dev/null\;\ STATUS=\$\?\;\ echo\ MANIFEST_STATUS_WITH_EXTRA_PYCACHE=\$STATUS\;\ test\ \"\$STATUS\"\ -eq\ 0\;\ find\ universal_simultaneous_amplification/phase4_landmark_closure/obstruction/r2_collision_closure/__pycache__\ -type\ f\ -name\ \"\*.pyc\"\ -print
shasum: BUNDLE_METADATA.txt: No such file or directory
shasum: WARNING: 1 listed file could not be read
MANIFEST_STATUS_WITH_EXTRA_PYCACHE=1
universal_simultaneous_amplification/phase4_landmark_closure/obstruction/r2_collision_closure/__pycache__/verify_direct_flow_screen.cpython-314.pyc
exit_status: 0
n=3 E_dir=74/15 graph_coefficient=164/135 comparison_coefficient=74/135
n=3 E_dir=233/105 graph_coefficient=863/945 comparison_coefficient=233/945
n=4 E_dir=4051/165 graph_coefficient=8011/5280 comparison_coefficient=4051/5280
column-uniform negative control: exact baseline identity; wrong row defect=1131/77
independent incoming-column scaling: exact fixation identity
[EXACTLY COMPUTED] solved all six transient dB equations over QQ(r,x,y)
[CERTIFIED IDENTITY] rho-rho_K3 = -r(r-1)H/[3(r+1)P]
[CERTIFIED IDENTITY] H = A(r-1)^4 + D*r(r-1)^2 + E*r^2
[CERTIFIED POSITIVITY] P = local_product*det(M)/3 > 0
[CERTIFIED SOS] A,D,E are nonnegative; E is strict off a=b=c
[PROVED] every nonuniform positive weighted triangle is a strict dB suppressor for r>1

=== 2026-08-22T22:32:13Z :: extra_pycache_manifest_behavior_final ===
cwd: /Users/alec/Documents/Math/complete_graph_extremality_r2_rereview_2026-08-22
argv: sh -c cd\ work/adversarial_pycache\;\ shasum\ -a\ 256\ -c\ MANIFEST.sha256\ \>/dev/null\;\ STATUS=\$\?\;\ echo\ MANIFEST_STATUS_WITH_EXTRA_PYCACHE=\$STATUS\;\ test\ \"\$STATUS\"\ -eq\ 0\;\ find\ universal_simultaneous_amplification/phase4_landmark_closure/obstruction/r2_collision_closure/__pycache__\ -type\ f\ -name\ \"\*.pyc\"\ -print
MANIFEST_STATUS_WITH_EXTRA_PYCACHE=0
universal_simultaneous_amplification/phase4_landmark_closure/obstruction/r2_collision_closure/__pycache__/verify_direct_flow_screen.cpython-314.pyc
exit_status: 0
[INDEPENDENTLY VERIFIED] all eight subset-state transition rows sum exactly to one
[INDEPENDENTLY VERIFIED] all six transient fixation values match the manual system
[INDEPENDENTLY VERIFIED] the symbolic averaged difference matches the certificate
[EXACTLY CHECKED] rational specializations have the classified signs
[PASS] all seven reciprocal coefficients of P match the direct determinant
[PASS] direct subset-state solution matches the homogeneous H/P formula
[PASS] all gap and numerator SOS identities expand to zero
[PASS] one-edge, extreme-ratio, and near-uniform symbolic limits match
[PASS] 120 deterministic random and 3 extreme exact cases
[VERDICT] no counterexample; classification and equality condition are exact
[EXACTLY DERIVED] 1+3 and 2+2 orbit chains solved over rational functions
[PROVED] 1+3 is strictly dB-suppressing for x!=1 and every r>1
[CERTIFIED IDENTITY] H22(g,d,t)=sum_{k=0}^4 C_k(g,t)d^k
[CERTIFIED POSITIVITY] C0>=0, C1..C4>0 for g>0,t>0
[PROVED] 2+2 is strictly dB-suppressing off x=y=1 for every r>1
[CERTIFIED POSITIVITY] both reduced denominators are positive
[INDEPENDENTLY VERIFIED] full transition rows are exactly stochastic
[INDEPENDENTLY VERIFIED] both count partitions are strongly lumpable symbolically
[INDEPENDENTLY VERIFIED] quotient solutions match both manual orbit chains
[INDEPENDENTLY VERIFIED] four full 14-state rational-weight solves match exactly
[EXACTLY CERTIFIED] specialized differences are negative for every r>1
PASS family=two_class rule=Bd cells=20
PASS family=two_class rule=dB cells=20
PASS family=windmill rule=Bd cells=20
PASS family=windmill rule=dB cells=20
PASS: nine-state active-tree determinant reconstructed symbolically
PASS: true triangle collision numerator is a centered positive certificate
PASS: raw edge-monomial coefficient positivity is exactly false
PASS: promotion and collision coefficients are distinct with the proved direction
OPEN: universal active-tree collision coefficient
PASS: symbolic triangle complete-refresh determinant
PASS: every nonzero Bernstein coefficient has a centered positive certificate
PASS: exact finite Bernstein screen {'reversible-n4': 12, 'reversible-n5': 12, 'directed-n4': 6, 'directed-n5': 6}
OPEN: arbitrary-order positivity of all complete-refresh forest coefficients
PASS: exact heat-bath Poisson gradients decrease for 3<=n<=40
PASS: exact recurrence evaluations and displayed n<=12 values agree
PASS: independent full active-chain Hessian agrees for 3<=n<=7
PASS: finite exact checks agree with the all-n analytic proof in Appendix A
PASS: stationary symmetric inverse-rank phase certificate
  exact stationary solve: 3 <= N <= 39
  exact finite phase margins: 40 <= N <= 287
  analytic discriminant certificate: N >= 288
PASS: independent exact orbit reduction for all three Hessian sectors, 3<=n<=12
EXACTLY COMPUTED: every displayed sector value is positive
CONTEXT: all-n standard and symmetric positivity is established in Appendix A
PASS (ALL N): shifted W and z polynomials, first-phase bounds, tail identity
PASS (EXACT): radial formula and physical quotient normalization, N=2..12
PASS (EXACT): direct reconstruction of every barrier, N=6..15
Phi_2 = 24/11
Phi_3 = 261/40
Phi_4 = 343400/28657
Phi_5 = 2268275/128288
Phi_6 = 5758562957/248448224
Phi_7 = 141339691089527/4988552903680
Phi_8 = 15468663676289/466560376100
Phi_9 = 19782952499295763/524622207176704
PASS (EXACT): physical Schur values N=2..9
PASS: finite exact examples match the stated two-step sum-of-squares identity
PASS: exact Perron/forward-active factorization and strict P3 promotion
PASS: exact marked stationarity, path values, and complete binomial law
PASS: exact n=6 event-rank tail counterexample; tail excess ~0.00146333006947
PASS: same graph remains below baseline; harmonic excess ~0.0462847048688
PASS: exact late-time decrease; psi lower envelope still survives
PASS: exact stationary PGF lower-envelope counterexample at t=0
OPEN: universal marked collision inequality, equivalently dB r=2 maximality
PASS: exact local complete-kernel Hessian certificate for every n>=4
PASS: complete active law, collision normalization, and dB baseline
PASS: rectangular marked/active phase spaces and empty-cache boundary
PASS: full tangent decomposition into all three irreducible sectors
PASS: standard-sector phase and Frobenius normalizations
PASS: incoming-column strong-selection sum of squares and equality gauge
PASS: positive inverse-mean Hessian converts to negative fixation Hessian
PASS: formal phase, difference, normalization, and disclosure guards
PASS: displayed symmetric-certificate hash and exact minimum are bound
PASS: paper-level theorem integration audit
exit_status: 0

=== 2026-08-22T22:34:04Z :: independent_crosscheck_regression ===
cwd: /Users/alec/Documents/Math/complete_graph_extremality_r2_rereview_2026-08-22
argv: /opt/homebrew/bin/python3 /Users/alec/Documents/Math/complete_graph_extremality_referee_audit_2026-08-22/records/independent_crosschecks.py
INDEPENDENT EXACT CROSS-CHECKS
python=3.14.6 optimize=0
arithmetic=fractions.Fraction; delivered_modules_imported=false

[collision identity: literal subset versus literal active chain]
P3-A: n=3 active_states=9 rho2=179596/416271 nuH=138757/179596 n*rho*nuH=1 PASS
P3-B: n=3 active_states=9 rho2=1178267/2900142 nuH=966714/1178267 n*rho*nuH=1 PASS
P4-A: n=4 active_states=28 rho2=196796111507759984517/473683767269978727580 nuH=118420941817494681895/196796111507759984517 n*rho*nuH=1 PASS
P4-B: n=4 active_states=28 rho2=87150802243189417565223/209118271071676443599852 nuH=52279567767919110899963/87150802243189417565223 n*rho*nuH=1 PASS

[target-by-source orientation and incoming-column gauge]
correct_rho2=1994823874198812044599989615561/4995392136150338282032947317056 scaled_column_rho2=1994823874198812044599989615561/4995392136150338282032947317056 wrong_source_row_rho2=16710880084112087651066519475395/41940651071234278761027035179184 correct=scaled and correct!=wrong PASS

[complete-kernel Hessian sectors: literal active-chain resolvent]
n=3 sector=standard active_states=9 R2=4/33 norm2=4/3 normalized=1/11 PASS
n=3 sector=antisymmetric-balanced active_states=9 R2=2/3 norm2=6 normalized=1/9 PASS
n=4 sector=standard active_states=28 R2=261/2560 norm2=3/4 normalized=87/640 PASS
n=4 sector=symmetric-balanced active_states=28 R2=3/26 norm2=8 normalized=3/208 PASS
n=4 sector=antisymmetric-balanced active_states=28 R2=57/80 norm2=8 normalized=57/640 PASS
n=5 sector=standard active_states=75 R2=6868/85971 norm2=8/15 normalized=8585/57314 PASS
n=5 sector=symmetric-balanced active_states=75 R2=718/6665 norm2=8 normalized=359/26660 PASS
n=5 sector=antisymmetric-balanced active_states=75 R2=143/210 norm2=10 normalized=143/2100 PASS

[strong-selection coefficient from independent epsilon differentiation]
P3-A: rho0=2/3 rho1=-8/9 Edir=2 gap_coeff=2/9 PASS
P3-B: rho0=2/3 rho1=-1853/1260 Edir=1013/140 gap_coeff=1013/1260 PASS
P4-A: rho0=3/4 rho1=-43/48 Edir=14/3 gap_coeff=7/48 PASS
P4-B: rho0=3/4 rho1=-123/128 Edir=27/4 gap_coeff=27/128 PASS

[weighted triangles: full subset chain]
uniform/equality: weights=(1,1,1) r=2 rho=4/9 baseline=4/9 gap=0 EQUAL PASS
nonuniform: weights=(1,2,3) r=2 rho=18764/43223 baseline=4/9 gap=4016/389007 STRICT PASS
nonuniform-rational-r: weights=(2,5,7) r=7/3 rho=1366837/3022245 baseline=7/15 gap=43544/3022245 STRICT PASS
near-positive-boundary: weights=(1/1000,2,3) r=3/2 rho=9524455332207109/25324414504605702 baseline=2/5 gap=3026552348175859/126622072523028510 STRICT PASS
support-boundary-outside-theorem: weights=(0,2,3) r=2 rho=17/42 baseline=4/9 gap=5/126 STRICT PASS
neutral-r-boundary: weights=(1,2,3) r=1 rho=1/3 baseline=1/3 gap=0 EQUAL PASS

[weighted K4 slices: full 14-state subset chain, no lumping]
G13-uniform/equality: r=2 rho=3/7 baseline=3/7 gap=0 EQUAL PASS
G13-nonuniform: r=2 rho=106/261 baseline=3/7 gap=41/1827 STRICT PASS
G13-near-boundary: r=7/3 rho=5479907564368923/15204593884499780 baseline=147/316 gap=62928063835110999/600581458437741310 STRICT PASS
G13-support-boundary-outside-theorem: r=2 rho=49/144 baseline=3/7 gap=89/1008 STRICT PASS
G22-uniform/equality: r=2 rho=3/7 baseline=3/7 gap=0 EQUAL PASS
G22-equal-internal-but-nonuniform: r=3/2 rho=891/2512 baseline=27/76 gap=27/47728 STRICT PASS
G22-asymmetric: r=2 rho=93626517/287581468 baseline=3/7 gap=207358785/2013070276 STRICT PASS
G22-support-boundary-outside-theorem: r=2 rho=8/19 baseline=3/7 gap=1/133 STRICT PASS
G22-neutral-r-boundary: r=1 rho=1/4 baseline=1/4 gap=0 EQUAL PASS

[endpoint and monotonicity spot checks]
P3-A: rho1=1/3 < rho2=179596/416271 < rho3=9329/19313 PASS
P3-B: rho1=1/3 < rho2=1178267/2900142 < rho3=651581/1451547 PASS
P4-A: rho1=1/4 < rho2=196796111507759984517/473683767269978727580 < rho3=303316127337124858415073/603270918687085102828100 PASS
P4-B: rho1=1/4 < rho2=87150802243189417565223/209118271071676443599852 < rho3=32948025654005904067263003/65441088774892826628004852 PASS
n=2 raw weights 1/1000,1,1000 tie baseline at r=1,2,7/3 PASS
n=3 symmetric-balanced sector dimension 3*(3-3)/2=0 PASS

ALL INDEPENDENT EXACT CROSS-CHECKS PASSED
exit_status: 0

=== 2026-08-22T22:34:22Z :: verify_pycache_bootstrap_execution ===
cwd: /Users/alec/Documents/Math/complete_graph_extremality_r2_rereview_2026-08-22
argv: sh -c ROOT=work/adversarial_pycache/universal_simultaneous_amplification\;\ test\ -f\ \"\$ROOT/phase4_landmark_closure/obstruction/r2_marked_lift_v2/PYCACHE_EXECUTED\"\;\ echo\ BOOTSTRAP_HOSTILE_PYCACHE_EXECUTED=yes\;\ shasum\ -a\ 256\ \"\$ROOT/phase4_landmark_closure/obstruction/r2_collision_closure/verify_direct_flow_screen.py\"\;\ test\ -f\ work/adversarial_pycache/PYCACHE_EXECUTED_DIRECT_REPLAY\;\ echo\ DIRECT_REPLAY_MARKER_PRESERVED=yes
BOOTSTRAP_HOSTILE_PYCACHE_EXECUTED=yes
8be62ba2236d48b9f624e5b6df612a6bcd05534f8a1bd5771b9c7f38368a2eef  work/adversarial_pycache/universal_simultaneous_amplification/phase4_landmark_closure/obstruction/r2_collision_closure/verify_direct_flow_screen.py
DIRECT_REPLAY_MARKER_PRESERVED=yes
exit_status: 0

=== 2026-08-22T22:35:39Z :: environment_final ===
cwd: /Users/alec/Documents/Math/complete_graph_extremality_r2_rereview_2026-08-22
argv: sh -c uname\ -a\;\ sw_vers\;\ /opt/homebrew/bin/python3\ --version\;\ /Users/alec/Documents/Math-universal-amplification/universal_simultaneous_amplification/.venv-paper1/bin/python\ -I\ -c\ \"import\ importlib.metadata\ as\ m\;\ print\(\\\"sympy\\\",m.version\(\\\"sympy\\\"\)\)\;\ print\(\\\"python-flint\\\",m.version\(\\\"python-flint\\\"\)\)\;\ print\(\\\"mpmath\\\",m.version\(\\\"mpmath\\\"\)\)\"\;\ PATH=/opt/homebrew/bin:/usr/bin:/bin\ tectonic\ --version\;\ PATH=/opt/homebrew/bin:/usr/bin:/bin\ pdfinfo\ -v\ 2\>\&1\ \|\ sed\ -n\ \"1p\"\;\ PATH=/opt/homebrew/bin:/usr/bin:/bin\ pdftoppm\ -v\ 2\>\&1\ \|\ sed\ -n\ \"1p\"\;\ git\ --version
Darwin Alecs-MacBook-Pro.local 25.5.0 Darwin Kernel Version 25.5.0: Tue Jun  9 22:18:58 PDT 2026; root:xnu-12377.121.10~1/RELEASE_ARM64_T6000 arm64
ProductName:		macOS
ProductVersion:		26.5.2
BuildVersion:		25F84
Python 3.14.6
sympy 1.14.0
python-flint 0.9.0
mpmath 1.3.0
Tectonic 0.16.9
pdfinfo version 26.08.0
pdftoppm version 26.08.0
git version 2.38.2
exit_status: 0

=== 2026-08-22T22:35:46Z :: final_frozen_package_recheck ===
cwd: /Users/alec/Documents/Math/complete_graph_extremality_r2_rereview_2026-08-22
argv: sh -c cd\ work/package\;\ shasum\ -a\ 256\ -c\ PACKAGE_MANIFEST.sha256\ \>/dev/null\;\ echo\ PACKAGE_MANIFEST_FINAL_STATUS=\$\?\;\ shasum\ -a\ 256\ complete_graph_extremality_db_source_and_certificates.tar.gz\ complete_graph_extremality_db.pdf\;\ cmp\ complete_graph_extremality_db.pdf\ source_and_certificates/universal_simultaneous_amplification/phase5_exact_threshold/paper_db_extremality/output/pdf/complete_graph_extremality_db.pdf
PACKAGE_MANIFEST_FINAL_STATUS=0
1754bee519537105f192a40d98f83a4b2fd5097897e0632d88ace1e9892d59ed  complete_graph_extremality_db_source_and_certificates.tar.gz
22142ee518e75c00d1948b19c210818ec797946df86a5e3272c9d1017800b0f4  complete_graph_extremality_db.pdf
exit_status: 0

=== 2026-08-22T22:35:55Z :: independent_checker_identity ===
cwd: /Users/alec/Documents/Math/complete_graph_extremality_r2_rereview_2026-08-22
argv: shasum -a 256 /Users/alec/Documents/Math/complete_graph_extremality_referee_audit_2026-08-22/records/independent_crosschecks.py records/compare_assert_migration.py records/build_timestamp_cache_fixture.py records/fake_python_public_token.sh records/verify_source_commit.sh
019a599899fa223995ea61ca476e5e841e55bcea3605203f81b593d67f92d578  /Users/alec/Documents/Math/complete_graph_extremality_referee_audit_2026-08-22/records/independent_crosschecks.py
2cd4616397a732e92f9c49cb87a3f6c0af9fdabeeed20efdb2f899e4ffe512da  records/compare_assert_migration.py
dcd3a3f9714ef894bcfbacf7c6f92f00bf403d492deaa9552a4d957bd7d25e0e  records/build_timestamp_cache_fixture.py
99f8ffc818e35837dd71b268bc84a6fb07d31793f57d83557a775631f35e4df7  records/fake_python_public_token.sh
751a7eadb06102b1dec7b0165aacb5e409b9475928156072d1d8cd8a420e772b  records/verify_source_commit.sh
exit_status: 0

=== 2026-08-22T22:38:50Z :: final_report_identity ===
cwd: /Users/alec/Documents/Math/complete_graph_extremality_r2_rereview_2026-08-22
argv: shasum -a 256 report/R2_REREVIEW_REPORT.md records/STATIC_REPLAY_AUDIT.md records/ADVERSARIAL_REMEDIATION_AUDIT.md records/MATH_PDF_REGRESSION.md
a6f290314887cc22d51284f7ffa1ea35bfcea3e70cf9e5efec16b4f8a5fdca53  report/R2_REREVIEW_REPORT.md
56d38e29fe221ee2492f07698155d6350b92aaac3fa216b797fbd1f3a873a599  records/STATIC_REPLAY_AUDIT.md
cd2bbadee90c598dbd931aa3b5112619f48afa8847022ce243839c23d89f2ef2  records/ADVERSARIAL_REMEDIATION_AUDIT.md
7978f7c5650c32697796cd9e5bc27cc4f403346a538fa928918d549e9503759e  records/MATH_PDF_REGRESSION.md
exit_status: 0
