{
  "passed": 3809,
  "failed": 0,
  "sympy_version": "1.14.0",
  "tile_cases": 20,
  "dyadic_cases": 56,
  "monotone_sandwich_cases": 1800,
  "atomic_pair_tail_cases": 45,
  "scope": "Exact algebra and finite-law controls. No SIRSN simulation, no proof of the unconditional target, and no numerical substitute for exhaustion or limiting arguments.",
  "checks": {
    "annular_area": "PASS",
    "unit_strip": "PASS",
    "poisson_pair_coefficient": "PASS",
    "normalized_far_constant": "PASS",
    "normalized_near_limit": "PASS",
    "fixed_delta_far_little_o_model": "PASS",
    "little_o_is_essential": "PASS",
    "tile_count_0": "PASS",
    "tile_count_1": "PASS",
    "tile_count_2": "PASS",
    "tile_count_3": "PASS",
    "tile_count_4": "PASS",
    "tile_count_5": "PASS",
    "tile_count_6": "PASS",
    "tile_count_7": "PASS",
    "tile_count_8": "PASS",
    "tile_count_9": "PASS",
    "tile_count_10": "PASS",
    "tile_count_11": "PASS",
    "tile_count_12": "PASS",
    "tile_count_13": "PASS",
    "tile_count_14": "PASS",
    "tile_count_15": "PASS",
    "tile_count_16": "PASS",
    "tile_count_17": "PASS",
    "tile_count_18": "PASS",
    "tile_count_19": "PASS",
    "annulus_cover_0": "PASS",
    "annulus_sum_0": "PASS",
    "annulus_cover_1": "PASS",
    "annulus_sum_1": "PASS",
    "annulus_cover_2": "PASS",
    "annulus_sum_2": "PASS",
    "annulus_cover_3": "PASS",
    "annulus_sum_3": "PASS",
    "annulus_cover_4": "PASS",
    "annulus_sum_4": "PASS",
    "annulus_cover_5": "PASS",
    "annulus_sum_5": "PASS",
    "annulus_cover_6": "PASS",
    "annulus_sum_6": "PASS",
    "annulus_cover_7": "PASS",
    "annulus_sum_7": "PASS",
    "annulus_cover_8": "PASS",
    "annulus_sum_8": "PASS",
    "annulus_cover_9": "PASS",
    "annulus_sum_9": "PASS",
    "annulus_cover_10": "PASS",
    "annulus_sum_10": "PASS",
    "annulus_cover_11": "PASS",
    "annulus_sum_11": "PASS",
    "annulus_cover_12": "PASS",
    "annulus_sum_12": "PASS",
    "annulus_cover_13": "PASS",
    "annulus_sum_13": "PASS",
    "annulus_cover_14": "PASS",
    "annulus_sum_14": "PASS",
    "annulus_cover_15": "PASS",
    "annulus_sum_15": "PASS",
    "annulus_cover_16": "PASS",
    "annulus_sum_16": "PASS",
    "annulus_cover_17": "PASS",
    "annulus_sum_17": "PASS",
    "annulus_cover_18": "PASS",
    "annulus_sum_18": "PASS",
    "annulus_cover_19": "PASS",
    "annulus_sum_19": "PASS",
    "annulus_cover_20": "PASS",
    "annulus_sum_20": "PASS",
    "annulus_cover_21": "PASS",
    "annulus_sum_21": "PASS",
    "annulus_cover_22": "PASS",
    "annulus_sum_22": "PASS",
    "annulus_cover_23": "PASS",
    "annulus_sum_23": "PASS",
    "annulus_cover_24": "PASS",
    "annulus_sum_24": "PASS",
    "annulus_cover_25": "PASS",
    "annulus_sum_25": "PASS",
    "annulus_cover_26": "PASS",
    "annulus_sum_26": "PASS",
    "annulus_cover_27": "PASS",
    "annulus_sum_27": "PASS",
    "annulus_cover_28": "PASS",
    "annulus_sum_28": "PASS",
    "annulus_cover_29": "PASS",
    "annulus_sum_29": "PASS",
    "annulus_cover_30": "PASS",
    "annulus_sum_30": "PASS",
    "annulus_cover_31": "PASS",
    "annulus_sum_31": "PASS",
    "annulus_cover_32": "PASS",
    "annulus_sum_32": "PASS",
    "annulus_cover_33": "PASS",
    "annulus_sum_33": "PASS",
    "annulus_cover_34": "PASS",
    "annulus_sum_34": "PASS",
    "annulus_cover_35": "PASS",
    "annulus_sum_35": "PASS",
    "annulus_cover_36": "PASS",
    "annulus_sum_36": "PASS",
    "annulus_cover_37": "PASS",
    "annulus_sum_37": "PASS",
    "annulus_cover_38": "PASS",
    "annulus_sum_38": "PASS",
    "annulus_cover_39": "PASS",
    "annulus_sum_39": "PASS",
    "annulus_cover_40": "PASS",
    "annulus_sum_40": "PASS",
    "annulus_cover_41": "PASS",
    "annulus_sum_41": "PASS",
    "annulus_cover_42": "PASS",
    "annulus_sum_42": "PASS",
    "annulus_cover_43": "PASS",
    "annulus_sum_43": "PASS",
    "annulus_cover_44": "PASS",
    "annulus_sum_44": "PASS",
    "annulus_cover_45": "PASS",
    "annulus_sum_45": "PASS",
    "annulus_cover_46": "PASS",
    "annulus_sum_46": "PASS",
    "annulus_cover_47": "PASS",
    "annulus_sum_47": "PASS",
    "annulus_cover_48": "PASS",
    "annulus_sum_48": "PASS",
    "annulus_cover_49": "PASS",
    "annulus_sum_49": "PASS",
    "annulus_cover_50": "PASS",
    "annulus_sum_50": "PASS",
    "annulus_cover_51": "PASS",
    "annulus_sum_51": "PASS",
    "annulus_cover_52": "PASS",
    "annulus_sum_52": "PASS",
    "annulus_cover_53": "PASS",
    "annulus_sum_53": "PASS",
    "annulus_cover_54": "PASS",
    "annulus_sum_54": "PASS",
    "annulus_cover_55": "PASS",
    "annulus_sum_55": "PASS",
    "factorial_tail_index_0": "PASS",
    "factorial_tail_index_1": "PASS",
    "factorial_tail_index_2": "PASS",
    "factorial_tail_index_3": "PASS",
    "factorial_tail_index_4": "PASS",
    "factorial_tail_index_5": "PASS",
    "factorial_tail_index_6": "PASS",
    "factorial_tail_index_7": "PASS",
    "factorial_tail_index_8": "PASS",
    "factorial_tail_index_9": "PASS",
    "upper_sandwich_0": "PASS",
    "lower_sandwich_0": "PASS",
    "upper_sandwich_1": "PASS",
    "lower_sandwich_1": "PASS",
    "upper_sandwich_2": "PASS",
    "lower_sandwich_2": "PASS",
    "upper_sandwich_3": "PASS",
    "lower_sandwich_3": "PASS",
    "upper_sandwich_4": "PASS",
    "lower_sandwich_4": "PASS",
    "upper_sandwich_5": "PASS",
    "lower_sandwich_5": "PASS",
    "upper_sandwich_6": "PASS",
    "lower_sandwich_6": "PASS",
    "upper_sandwich_7": "PASS",
    "lower_sandwich_7": "PASS",
    "upper_sandwich_8": "PASS",
    "lower_sandwich_8": "PASS",
    "upper_sandwich_9": "PASS",
    "lower_sandwich_9": "PASS",
    "upper_sandwich_10": "PASS",
    "lower_sandwich_10": "PASS",
    "upper_sandwich_11": "PASS",
    "lower_sandwich_11": "PASS",
    "upper_sandwich_12": "PASS",
    "lower_sandwich_12": "PASS",
    "upper_sandwich_13": "PASS",
    "lower_sandwich_13": "PASS",
    "upper_sandwich_14": "PASS",
    "lower_sandwich_14": "PASS",
    "upper_sandwich_15": "PASS",
    "lower_sandwich_15": "PASS",
    "upper_sandwich_16": "PASS",
    "lower_sandwich_16": "PASS",
    "upper_sandwich_17": "PASS",
    "lower_sandwich_17": "PASS",
    "upper_sandwich_18": "PASS",
    "lower_sandwich_18": "PASS",
    "upper_sandwich_19": "PASS",
    "lower_sandwich_19": "PASS",
    "upper_sandwich_20": "PASS",
    "lower_sandwich_20": "PASS",
    "upper_sandwich_21": "PASS",
    "lower_sandwich_21": "PASS",
    "upper_sandwich_22": "PASS",
    "lower_sandwich_22": "PASS",
    "upper_sandwich_23": "PASS",
    "lower_sandwich_23": "PASS",
    "upper_sandwich_24": "PASS",
    "lower_sandwich_24": "PASS",
    "upper_sandwich_25": "PASS",
    "lower_sandwich_25": "PASS",
    "upper_sandwich_26": "PASS",
    "lower_sandwich_26": "PASS",
    "upper_sandwich_27": "PASS",
    "lower_sandwich_27": "PASS",
    "upper_sandwich_28": "PASS",
    "lower_sandwich_28": "PASS",
    "upper_sandwich_29": "PASS",
    "lower_sandwich_29": "PASS",
    "upper_sandwich_30": "PASS",
    "lower_sandwich_30": "PASS",
    "upper_sandwich_31": "PASS",
    "lower_sandwich_31": "PASS",
    "upper_sandwich_32": "PASS",
    "lower_sandwich_32": "PASS",
    "upper_sandwich_33": "PASS",
    "lower_sandwich_33": "PASS",
    "upper_sandwich_34": "PASS",
    "lower_sandwich_34": "PASS",
    "upper_sandwich_35": "PASS",
    "lower_sandwich_35": "PASS",
    "upper_sandwich_36": "PASS",
    "lower_sandwich_36": "PASS",
    "upper_sandwich_37": "PASS",
    "lower_sandwich_37": "PASS",
    "upper_sandwich_38": "PASS",
    "lower_sandwich_38": "PASS",
    "upper_sandwich_39": "PASS",
    "lower_sandwich_39": "PASS",
    "upper_sandwich_40": "PASS",
    "lower_sandwich_40": "PASS",
    "upper_sandwich_41": "PASS",
    "lower_sandwich_41": "PASS",
    "upper_sandwich_42": "PASS",
    "lower_sandwich_42": "PASS",
    "upper_sandwich_43": "PASS",
    "lower_sandwich_43": "PASS",
    "upper_sandwich_44": "PASS",
    "lower_sandwich_44": "PASS",
    "upper_sandwich_45": "PASS",
    "lower_sandwich_45": "PASS",
    "upper_sandwich_46": "PASS",
    "lower_sandwich_46": "PASS",
    "upper_sandwich_47": "PASS",
    "lower_sandwich_47": "PASS",
    "upper_sandwich_48": "PASS",
    "lower_sandwich_48": "PASS",
    "upper_sandwich_49": "PASS",
    "lower_sandwich_49": "PASS",
    "upper_sandwich_50": "PASS",
    "lower_sandwich_50": "PASS",
    "upper_sandwich_51": "PASS",
    "lower_sandwich_51": "PASS",
    "upper_sandwich_52": "PASS",
    "lower_sandwich_52": "PASS",
    "upper_sandwich_53": "PASS",
    "lower_sandwich_53": "PASS",
    "upper_sandwich_54": "PASS",
    "lower_sandwich_54": "PASS",
    "upper_sandwich_55": "PASS",
    "lower_sandwich_55": "PASS",
    "upper_sandwich_56": "PASS",
    "lower_sandwich_56": "PASS",
    "upper_sandwich_57": "PASS",
    "lower_sandwich_57": "PASS",
    "upper_sandwich_58": "PASS",
    "lower_sandwich_58": "PASS",
    "upper_sandwich_59": "PASS",
    "lower_sandwich_59": "PASS",
    "upper_sandwich_60": "PASS",
    "lower_sandwich_60": "PASS",
    "upper_sandwich_61": "PASS",
    "lower_sandwich_61": "PASS",
    "upper_sandwich_62": "PASS",
    "lower_sandwich_62": "PASS",
    "upper_sandwich_63": "PASS",
    "lower_sandwich_63": "PASS",
    "upper_sandwich_64": "PASS",
    "lower_sandwich_64": "PASS",
    "upper_sandwich_65": "PASS",
    "lower_sandwich_65": "PASS",
    "upper_sandwich_66": "PASS",
    "lower_sandwich_66": "PASS",
    "upper_sandwich_67": "PASS",
    "lower_sandwich_67": "PASS",
    "upper_sandwich_68": "PASS",
    "lower_sandwich_68": "PASS",
    "upper_sandwich_69": "PASS",
    "lower_sandwich_69": "PASS",
    "upper_sandwich_70": "PASS",
    "lower_sandwich_70": "PASS",
    "upper_sandwich_71": "PASS",
    "lower_sandwich_71": "PASS",
    "upper_sandwich_72": "PASS",
    "lower_sandwich_72": "PASS",
    "upper_sandwich_73": "PASS",
    "lower_sandwich_73": "PASS",
    "upper_sandwich_74": "PASS",
    "lower_sandwich_74": "PASS",
    "upper_sandwich_75": "PASS",
    "lower_sandwich_75": "PASS",
    "upper_sandwich_76": "PASS",
    "lower_sandwich_76": "PASS",
    "upper_sandwich_77": "PASS",
    "lower_sandwich_77": "PASS",
    "upper_sandwich_78": "PASS",
    "lower_sandwich_78": "PASS",
    "upper_sandwich_79": "PASS",
    "lower_sandwich_79": "PASS",
    "upper_sandwich_80": "PASS",
    "lower_sandwich_80": "PASS",
    "upper_sandwich_81": "PASS",
    "lower_sandwich_81": "PASS",
    "upper_sandwich_82": "PASS",
    "lower_sandwich_82": "PASS",
    "upper_sandwich_83": "PASS",
    "lower_sandwich_83": "PASS",
    "upper_sandwich_84": "PASS",
    "lower_sandwich_84": "PASS",
    "upper_sandwich_85": "PASS",
    "lower_sandwich_85": "PASS",
    "upper_sandwich_86": "PASS",
    "lower_sandwich_86": "PASS",
    "upper_sandwich_87": "PASS",
    "lower_sandwich_87": "PASS",
    "upper_sandwich_88": "PASS",
    "lower_sandwich_88": "PASS",
    "upper_sandwich_89": "PASS",
    "lower_sandwich_89": "PASS",
    "upper_sandwich_90": "PASS",
    "lower_sandwich_90": "PASS",
    "upper_sandwich_91": "PASS",
    "lower_sandwich_91": "PASS",
    "upper_sandwich_92": "PASS",
    "lower_sandwich_92": "PASS",
    "upper_sandwich_93": "PASS",
    "lower_sandwich_93": "PASS",
    "upper_sandwich_94": "PASS",
    "lower_sandwich_94": "PASS",
    "upper_sandwich_95": "PASS",
    "lower_sandwich_95": "PASS",
    "upper_sandwich_96": "PASS",
    "lower_sandwich_96": "PASS",
    "upper_sandwich_97": "PASS",
    "lower_sandwich_97": "PASS",
    "upper_sandwich_98": "PASS",
    "lower_sandwich_98": "PASS",
    "upper_sandwich_99": "PASS",
    "lower_sandwich_99": "PASS",
    "upper_sandwich_100": "PASS",
    "lower_sandwich_100": "PASS",
    "upper_sandwich_101": "PASS",
    "lower_sandwich_101": "PASS",
    "upper_sandwich_102": "PASS",
    "lower_sandwich_102": "PASS",
    "upper_sandwich_103": "PASS",
    "lower_sandwich_103": "PASS",
    "upper_sandwich_104": "PASS",
    "lower_sandwich_104": "PASS",
    "upper_sandwich_105": "PASS",
    "lower_sandwich_105": "PASS",
    "upper_sandwich_106": "PASS",
    "lower_sandwich_106": "PASS",
    "upper_sandwich_107": "PASS",
    "lower_sandwich_107": "PASS",
    "upper_sandwich_108": "PASS",
    "lower_sandwich_108": "PASS",
    "upper_sandwich_109": "PASS",
    "lower_sandwich_109": "PASS",
    "upper_sandwich_110": "PASS",
    "lower_sandwich_110": "PASS",
    "upper_sandwich_111": "PASS",
    "lower_sandwich_111": "PASS",
    "upper_sandwich_112": "PASS",
    "lower_sandwich_112": "PASS",
    "upper_sandwich_113": "PASS",
    "lower_sandwich_113": "PASS",
    "upper_sandwich_114": "PASS",
    "lower_sandwich_114": "PASS",
    "upper_sandwich_115": "PASS",
    "lower_sandwich_115": "PASS",
    "upper_sandwich_116": "PASS",
    "lower_sandwich_116": "PASS",
    "upper_sandwich_117": "PASS",
    "lower_sandwich_117": "PASS",
    "upper_sandwich_118": "PASS",
    "lower_sandwich_118": "PASS",
    "upper_sandwich_119": "PASS",
    "lower_sandwich_119": "PASS",
    "upper_sandwich_120": "PASS",
    "lower_sandwich_120": "PASS",
    "upper_sandwich_121": "PASS",
    "lower_sandwich_121": "PASS",
    "upper_sandwich_122": "PASS",
    "lower_sandwich_122": "PASS",
    "upper_sandwich_123": "PASS",
    "lower_sandwich_123": "PASS",
    "upper_sandwich_124": "PASS",
    "lower_sandwich_124": "PASS",
    "upper_sandwich_125": "PASS",
    "lower_sandwich_125": "PASS",
    "upper_sandwich_126": "PASS",
    "lower_sandwich_126": "PASS",
    "upper_sandwich_127": "PASS",
    "lower_sandwich_127": "PASS",
    "upper_sandwich_128": "PASS",
    "lower_sandwich_128": "PASS",
    "upper_sandwich_129": "PASS",
    "lower_sandwich_129": "PASS",
    "upper_sandwich_130": "PASS",
    "lower_sandwich_130": "PASS",
    "upper_sandwich_131": "PASS",
    "lower_sandwich_131": "PASS",
    "upper_sandwich_132": "PASS",
    "lower_sandwich_132": "PASS",
    "upper_sandwich_133": "PASS",
    "lower_sandwich_133": "PASS",
    "upper_sandwich_134": "PASS",
    "lower_sandwich_134": "PASS",
    "upper_sandwich_135": "PASS",
    "lower_sandwich_135": "PASS",
    "upper_sandwich_136": "PASS",
    "lower_sandwich_136": "PASS",
    "upper_sandwich_137": "PASS",
    "lower_sandwich_137": "PASS",
    "upper_sandwich_138": "PASS",
    "lower_sandwich_138": "PASS",
    "upper_sandwich_139": "PASS",
    "lower_sandwich_139": "PASS",
    "upper_sandwich_140": "PASS",
    "lower_sandwich_140": "PASS",
    "upper_sandwich_141": "PASS",
    "lower_sandwich_141": "PASS",
    "upper_sandwich_142": "PASS",
    "lower_sandwich_142": "PASS",
    "upper_sandwich_143": "PASS",
    "lower_sandwich_143": "PASS",
    "upper_sandwich_144": "PASS",
    "lower_sandwich_144": "PASS",
    "upper_sandwich_145": "PASS",
    "lower_sandwich_145": "PASS",
    "upper_sandwich_146": "PASS",
    "lower_sandwich_146": "PASS",
    "upper_sandwich_147": "PASS",
    "lower_sandwich_147": "PASS",
    "upper_sandwich_148": "PASS",
    "lower_sandwich_148": "PASS",
    "upper_sandwich_149": "PASS",
    "lower_sandwich_149": "PASS",
    "upper_sandwich_150": "PASS",
    "lower_sandwich_150": "PASS",
    "upper_sandwich_151": "PASS",
    "lower_sandwich_151": "PASS",
    "upper_sandwich_152": "PASS",
    "lower_sandwich_152": "PASS",
    "upper_sandwich_153": "PASS",
    "lower_sandwich_153": "PASS",
    "upper_sandwich_154": "PASS",
    "lower_sandwich_154": "PASS",
    "upper_sandwich_155": "PASS",
    "lower_sandwich_155": "PASS",
    "upper_sandwich_156": "PASS",
    "lower_sandwich_156": "PASS",
    "upper_sandwich_157": "PASS",
    "lower_sandwich_157": "PASS",
    "upper_sandwich_158": "PASS",
    "lower_sandwich_158": "PASS",
    "upper_sandwich_159": "PASS",
    "lower_sandwich_159": "PASS",
    "upper_sandwich_160": "PASS",
    "lower_sandwich_160": "PASS",
    "upper_sandwich_161": "PASS",
    "lower_sandwich_161": "PASS",
    "upper_sandwich_162": "PASS",
    "lower_sandwich_162": "PASS",
    "upper_sandwich_163": "PASS",
    "lower_sandwich_163": "PASS",
    "upper_sandwich_164": "PASS",
    "lower_sandwich_164": "PASS",
    "upper_sandwich_165": "PASS",
    "lower_sandwich_165": "PASS",
    "upper_sandwich_166": "PASS",
    "lower_sandwich_166": "PASS",
    "upper_sandwich_167": "PASS",
    "lower_sandwich_167": "PASS",
    "upper_sandwich_168": "PASS",
    "lower_sandwich_168": "PASS",
    "upper_sandwich_169": "PASS",
    "lower_sandwich_169": "PASS",
    "upper_sandwich_170": "PASS",
    "lower_sandwich_170": "PASS",
    "upper_sandwich_171": "PASS",
    "lower_sandwich_171": "PASS",
    "upper_sandwich_172": "PASS",
    "lower_sandwich_172": "PASS",
    "upper_sandwich_173": "PASS",
    "lower_sandwich_173": "PASS",
    "upper_sandwich_174": "PASS",
    "lower_sandwich_174": "PASS",
    "upper_sandwich_175": "PASS",
    "lower_sandwich_175": "PASS",
    "upper_sandwich_176": "PASS",
    "lower_sandwich_176": "PASS",
    "upper_sandwich_177": "PASS",
    "lower_sandwich_177": "PASS",
    "upper_sandwich_178": "PASS",
    "lower_sandwich_178": "PASS",
    "upper_sandwich_179": "PASS",
    "lower_sandwich_179": "PASS",
    "upper_sandwich_180": "PASS",
    "lower_sandwich_180": "PASS",
    "upper_sandwich_181": "PASS",
    "lower_sandwich_181": "PASS",
    "upper_sandwich_182": "PASS",
    "lower_sandwich_182": "PASS",
    "upper_sandwich_183": "PASS",
    "lower_sandwich_183": "PASS",
    "upper_sandwich_184": "PASS",
    "lower_sandwich_184": "PASS",
    "upper_sandwich_185": "PASS",
    "lower_sandwich_185": "PASS",
    "upper_sandwich_186": "PASS",
    "lower_sandwich_186": "PASS",
    "upper_sandwich_187": "PASS",
    "lower_sandwich_187": "PASS",
    "upper_sandwich_188": "PASS",
    "lower_sandwich_188": "PASS",
    "upper_sandwich_189": "PASS",
    "lower_sandwich_189": "PASS",
    "upper_sandwich_190": "PASS",
    "lower_sandwich_190": "PASS",
    "upper_sandwich_191": "PASS",
    "lower_sandwich_191": "PASS",
    "upper_sandwich_192": "PASS",
    "lower_sandwich_192": "PASS",
    "upper_sandwich_193": "PASS",
    "lower_sandwich_193": "PASS",
    "upper_sandwich_194": "PASS",
    "lower_sandwich_194": "PASS",
    "upper_sandwich_195": "PASS",
    "lower_sandwich_195": "PASS",
    "upper_sandwich_196": "PASS",
    "lower_sandwich_196": "PASS",
    "upper_sandwich_197": "PASS",
    "lower_sandwich_197": "PASS",
    "upper_sandwich_198": "PASS",
    "lower_sandwich_198": "PASS",
    "upper_sandwich_199": "PASS",
    "lower_sandwich_199": "PASS",
    "upper_sandwich_200": "PASS",
    "lower_sandwich_200": "PASS",
    "upper_sandwich_201": "PASS",
    "lower_sandwich_201": "PASS",
    "upper_sandwich_202": "PASS",
    "lower_sandwich_202": "PASS",
    "upper_sandwich_203": "PASS",
    "lower_sandwich_203": "PASS",
    "upper_sandwich_204": "PASS",
    "lower_sandwich_204": "PASS",
    "upper_sandwich_205": "PASS",
    "lower_sandwich_205": "PASS",
    "upper_sandwich_206": "PASS",
    "lower_sandwich_206": "PASS",
    "upper_sandwich_207": "PASS",
    "lower_sandwich_207": "PASS",
    "upper_sandwich_208": "PASS",
    "lower_sandwich_208": "PASS",
    "upper_sandwich_209": "PASS",
    "lower_sandwich_209": "PASS",
    "upper_sandwich_210": "PASS",
    "lower_sandwich_210": "PASS",
    "upper_sandwich_211": "PASS",
    "lower_sandwich_211": "PASS",
    "upper_sandwich_212": "PASS",
    "lower_sandwich_212": "PASS",
    "upper_sandwich_213": "PASS",
    "lower_sandwich_213": "PASS",
    "upper_sandwich_214": "PASS",
    "lower_sandwich_214": "PASS",
    "upper_sandwich_215": "PASS",
    "lower_sandwich_215": "PASS",
    "upper_sandwich_216": "PASS",
    "lower_sandwich_216": "PASS",
    "upper_sandwich_217": "PASS",
    "lower_sandwich_217": "PASS",
    "upper_sandwich_218": "PASS",
    "lower_sandwich_218": "PASS",
    "upper_sandwich_219": "PASS",
    "lower_sandwich_219": "PASS",
    "upper_sandwich_220": "PASS",
    "lower_sandwich_220": "PASS",
    "upper_sandwich_221": "PASS",
    "lower_sandwich_221": "PASS",
    "upper_sandwich_222": "PASS",
    "lower_sandwich_222": "PASS",
    "upper_sandwich_223": "PASS",
    "lower_sandwich_223": "PASS",
    "upper_sandwich_224": "PASS",
    "lower_sandwich_224": "PASS",
    "upper_sandwich_225": "PASS",
    "lower_sandwich_225": "PASS",
    "upper_sandwich_226": "PASS",
    "lower_sandwich_226": "PASS",
    "upper_sandwich_227": "PASS",
    "lower_sandwich_227": "PASS",
    "upper_sandwich_228": "PASS",
    "lower_sandwich_228": "PASS",
    "upper_sandwich_229": "PASS",
    "lower_sandwich_229": "PASS",
    "upper_sandwich_230": "PASS",
    "lower_sandwich_230": "PASS",
    "upper_sandwich_231": "PASS",
    "lower_sandwich_231": "PASS",
    "upper_sandwich_232": "PASS",
    "lower_sandwich_232": "PASS",
    "upper_sandwich_233": "PASS",
    "lower_sandwich_233": "PASS",
    "upper_sandwich_234": "PASS",
    "lower_sandwich_234": "PASS",
    "upper_sandwich_235": "PASS",
    "lower_sandwich_235": "PASS",
    "upper_sandwich_236": "PASS",
    "lower_sandwich_236": "PASS",
    "upper_sandwich_237": "PASS",
    "lower_sandwich_237": "PASS",
    "upper_sandwich_238": "PASS",
    "lower_sandwich_238": "PASS",
    "upper_sandwich_239": "PASS",
    "lower_sandwich_239": "PASS",
    "upper_sandwich_240": "PASS",
    "lower_sandwich_240": "PASS",
    "upper_sandwich_241": "PASS",
    "lower_sandwich_241": "PASS",
    "upper_sandwich_242": "PASS",
    "lower_sandwich_242": "PASS",
    "upper_sandwich_243": "PASS",
    "lower_sandwich_243": "PASS",
    "upper_sandwich_244": "PASS",
    "lower_sandwich_244": "PASS",
    "upper_sandwich_245": "PASS",
    "lower_sandwich_245": "PASS",
    "upper_sandwich_246": "PASS",
    "lower_sandwich_246": "PASS",
    "upper_sandwich_247": "PASS",
    "lower_sandwich_247": "PASS",
    "upper_sandwich_248": "PASS",
    "lower_sandwich_248": "PASS",
    "upper_sandwich_249": "PASS",
    "lower_sandwich_249": "PASS",
    "upper_sandwich_250": "PASS",
    "lower_sandwich_250": "PASS",
    "upper_sandwich_251": "PASS",
    "lower_sandwich_251": "PASS",
    "upper_sandwich_252": "PASS",
    "lower_sandwich_252": "PASS",
    "upper_sandwich_253": "PASS",
    "lower_sandwich_253": "PASS",
    "upper_sandwich_254": "PASS",
    "lower_sandwich_254": "PASS",
    "upper_sandwich_255": "PASS",
    "lower_sandwich_255": "PASS",
    "upper_sandwich_256": "PASS",
    "lower_sandwich_256": "PASS",
    "upper_sandwich_257": "PASS",
    "lower_sandwich_257": "PASS",
    "upper_sandwich_258": "PASS",
    "lower_sandwich_258": "PASS",
    "upper_sandwich_259": "PASS",
    "lower_sandwich_259": "PASS",
    "upper_sandwich_260": "PASS",
    "lower_sandwich_260": "PASS",
    "upper_sandwich_261": "PASS",
    "lower_sandwich_261": "PASS",
    "upper_sandwich_262": "PASS",
    "lower_sandwich_262": "PASS",
    "upper_sandwich_263": "PASS",
    "lower_sandwich_263": "PASS",
    "upper_sandwich_264": "PASS",
    "lower_sandwich_264": "PASS",
    "upper_sandwich_265": "PASS",
    "lower_sandwich_265": "PASS",
    "upper_sandwich_266": "PASS",
    "lower_sandwich_266": "PASS",
    "upper_sandwich_267": "PASS",
    "lower_sandwich_267": "PASS",
    "upper_sandwich_268": "PASS",
    "lower_sandwich_268": "PASS",
    "upper_sandwich_269": "PASS",
    "lower_sandwich_269": "PASS",
    "upper_sandwich_270": "PASS",
    "lower_sandwich_270": "PASS",
    "upper_sandwich_271": "PASS",
    "lower_sandwich_271": "PASS",
    "upper_sandwich_272": "PASS",
    "lower_sandwich_272": "PASS",
    "upper_sandwich_273": "PASS",
    "lower_sandwich_273": "PASS",
    "upper_sandwich_274": "PASS",
    "lower_sandwich_274": "PASS",
    "upper_sandwich_275": "PASS",
    "lower_sandwich_275": "PASS",
    "upper_sandwich_276": "PASS",
    "lower_sandwich_276": "PASS",
    "upper_sandwich_277": "PASS",
    "lower_sandwich_277": "PASS",
    "upper_sandwich_278": "PASS",
    "lower_sandwich_278": "PASS",
    "upper_sandwich_279": "PASS",
    "lower_sandwich_279": "PASS",
    "upper_sandwich_280": "PASS",
    "lower_sandwich_280": "PASS",
    "upper_sandwich_281": "PASS",
    "lower_sandwich_281": "PASS",
    "upper_sandwich_282": "PASS",
    "lower_sandwich_282": "PASS",
    "upper_sandwich_283": "PASS",
    "lower_sandwich_283": "PASS",
    "upper_sandwich_284": "PASS",
    "lower_sandwich_284": "PASS",
    "upper_sandwich_285": "PASS",
    "lower_sandwich_285": "PASS",
    "upper_sandwich_286": "PASS",
    "lower_sandwich_286": "PASS",
    "upper_sandwich_287": "PASS",
    "lower_sandwich_287": "PASS",
    "upper_sandwich_288": "PASS",
    "lower_sandwich_288": "PASS",
    "upper_sandwich_289": "PASS",
    "lower_sandwich_289": "PASS",
    "upper_sandwich_290": "PASS",
    "lower_sandwich_290": "PASS",
    "upper_sandwich_291": "PASS",
    "lower_sandwich_291": "PASS",
    "upper_sandwich_292": "PASS",
    "lower_sandwich_292": "PASS",
    "upper_sandwich_293": "PASS",
    "lower_sandwich_293": "PASS",
    "upper_sandwich_294": "PASS",
    "lower_sandwich_294": "PASS",
    "upper_sandwich_295": "PASS",
    "lower_sandwich_295": "PASS",
    "upper_sandwich_296": "PASS",
    "lower_sandwich_296": "PASS",
    "upper_sandwich_297": "PASS",
    "lower_sandwich_297": "PASS",
    "upper_sandwich_298": "PASS",
    "lower_sandwich_298": "PASS",
    "upper_sandwich_299": "PASS",
    "lower_sandwich_299": "PASS",
    "upper_sandwich_300": "PASS",
    "lower_sandwich_300": "PASS",
    "upper_sandwich_301": "PASS",
    "lower_sandwich_301": "PASS",
    "upper_sandwich_302": "PASS",
    "lower_sandwich_302": "PASS",
    "upper_sandwich_303": "PASS",
    "lower_sandwich_303": "PASS",
    "upper_sandwich_304": "PASS",
    "lower_sandwich_304": "PASS",
    "upper_sandwich_305": "PASS",
    "lower_sandwich_305": "PASS",
    "upper_sandwich_306": "PASS",
    "lower_sandwich_306": "PASS",
    "upper_sandwich_307": "PASS",
    "lower_sandwich_307": "PASS",
    "upper_sandwich_308": "PASS",
    "lower_sandwich_308": "PASS",
    "upper_sandwich_309": "PASS",
    "lower_sandwich_309": "PASS",
    "upper_sandwich_310": "PASS",
    "lower_sandwich_310": "PASS",
    "upper_sandwich_311": "PASS",
    "lower_sandwich_311": "PASS",
    "upper_sandwich_312": "PASS",
    "lower_sandwich_312": "PASS",
    "upper_sandwich_313": "PASS",
    "lower_sandwich_313": "PASS",
    "upper_sandwich_314": "PASS",
    "lower_sandwich_314": "PASS",
    "upper_sandwich_315": "PASS",
    "lower_sandwich_315": "PASS",
    "upper_sandwich_316": "PASS",
    "lower_sandwich_316": "PASS",
    "upper_sandwich_317": "PASS",
    "lower_sandwich_317": "PASS",
    "upper_sandwich_318": "PASS",
    "lower_sandwich_318": "PASS",
    "upper_sandwich_319": "PASS",
    "lower_sandwich_319": "PASS",
    "upper_sandwich_320": "PASS",
    "lower_sandwich_320": "PASS",
    "upper_sandwich_321": "PASS",
    "lower_sandwich_321": "PASS",
    "upper_sandwich_322": "PASS",
    "lower_sandwich_322": "PASS",
    "upper_sandwich_323": "PASS",
    "lower_sandwich_323": "PASS",
    "upper_sandwich_324": "PASS",
    "lower_sandwich_324": "PASS",
    "upper_sandwich_325": "PASS",
    "lower_sandwich_325": "PASS",
    "upper_sandwich_326": "PASS",
    "lower_sandwich_326": "PASS",
    "upper_sandwich_327": "PASS",
    "lower_sandwich_327": "PASS",
    "upper_sandwich_328": "PASS",
    "lower_sandwich_328": "PASS",
    "upper_sandwich_329": "PASS",
    "lower_sandwich_329": "PASS",
    "upper_sandwich_330": "PASS",
    "lower_sandwich_330": "PASS",
    "upper_sandwich_331": "PASS",
    "lower_sandwich_331": "PASS",
    "upper_sandwich_332": "PASS",
    "lower_sandwich_332": "PASS",
    "upper_sandwich_333": "PASS",
    "lower_sandwich_333": "PASS",
    "upper_sandwich_334": "PASS",
    "lower_sandwich_334": "PASS",
    "upper_sandwich_335": "PASS",
    "lower_sandwich_335": "PASS",
    "upper_sandwich_336": "PASS",
    "lower_sandwich_336": "PASS",
    "upper_sandwich_337": "PASS",
    "lower_sandwich_337": "PASS",
    "upper_sandwich_338": "PASS",
    "lower_sandwich_338": "PASS",
    "upper_sandwich_339": "PASS",
    "lower_sandwich_339": "PASS",
    "upper_sandwich_340": "PASS",
    "lower_sandwich_340": "PASS",
    "upper_sandwich_341": "PASS",
    "lower_sandwich_341": "PASS",
    "upper_sandwich_342": "PASS",
    "lower_sandwich_342": "PASS",
    "upper_sandwich_343": "PASS",
    "lower_sandwich_343": "PASS",
    "upper_sandwich_344": "PASS",
    "lower_sandwich_344": "PASS",
    "upper_sandwich_345": "PASS",
    "lower_sandwich_345": "PASS",
    "upper_sandwich_346": "PASS",
    "lower_sandwich_346": "PASS",
    "upper_sandwich_347": "PASS",
    "lower_sandwich_347": "PASS",
    "upper_sandwich_348": "PASS",
    "lower_sandwich_348": "PASS",
    "upper_sandwich_349": "PASS",
    "lower_sandwich_349": "PASS",
    "upper_sandwich_350": "PASS",
    "lower_sandwich_350": "PASS",
    "upper_sandwich_351": "PASS",
    "lower_sandwich_351": "PASS",
    "upper_sandwich_352": "PASS",
    "lower_sandwich_352": "PASS",
    "upper_sandwich_353": "PASS",
    "lower_sandwich_353": "PASS",
    "upper_sandwich_354": "PASS",
    "lower_sandwich_354": "PASS",
    "upper_sandwich_355": "PASS",
    "lower_sandwich_355": "PASS",
    "upper_sandwich_356": "PASS",
    "lower_sandwich_356": "PASS",
    "upper_sandwich_357": "PASS",
    "lower_sandwich_357": "PASS",
    "upper_sandwich_358": "PASS",
    "lower_sandwich_358": "PASS",
    "upper_sandwich_359": "PASS",
    "lower_sandwich_359": "PASS",
    "upper_sandwich_360": "PASS",
    "lower_sandwich_360": "PASS",
    "upper_sandwich_361": "PASS",
    "lower_sandwich_361": "PASS",
    "upper_sandwich_362": "PASS",
    "lower_sandwich_362": "PASS",
    "upper_sandwich_363": "PASS",
    "lower_sandwich_363": "PASS",
    "upper_sandwich_364": "PASS",
    "lower_sandwich_364": "PASS",
    "upper_sandwich_365": "PASS",
    "lower_sandwich_365": "PASS",
    "upper_sandwich_366": "PASS",
    "lower_sandwich_366": "PASS",
    "upper_sandwich_367": "PASS",
    "lower_sandwich_367": "PASS",
    "upper_sandwich_368": "PASS",
    "lower_sandwich_368": "PASS",
    "upper_sandwich_369": "PASS",
    "lower_sandwich_369": "PASS",
    "upper_sandwich_370": "PASS",
    "lower_sandwich_370": "PASS",
    "upper_sandwich_371": "PASS",
    "lower_sandwich_371": "PASS",
    "upper_sandwich_372": "PASS",
    "lower_sandwich_372": "PASS",
    "upper_sandwich_373": "PASS",
    "lower_sandwich_373": "PASS",
    "upper_sandwich_374": "PASS",
    "lower_sandwich_374": "PASS",
    "upper_sandwich_375": "PASS",
    "lower_sandwich_375": "PASS",
    "upper_sandwich_376": "PASS",
    "lower_sandwich_376": "PASS",
    "upper_sandwich_377": "PASS",
    "lower_sandwich_377": "PASS",
    "upper_sandwich_378": "PASS",
    "lower_sandwich_378": "PASS",
    "upper_sandwich_379": "PASS",
    "lower_sandwich_379": "PASS",
    "upper_sandwich_380": "PASS",
    "lower_sandwich_380": "PASS",
    "upper_sandwich_381": "PASS",
    "lower_sandwich_381": "PASS",
    "upper_sandwich_382": "PASS",
    "lower_sandwich_382": "PASS",
    "upper_sandwich_383": "PASS",
    "lower_sandwich_383": "PASS",
    "upper_sandwich_384": "PASS",
    "lower_sandwich_384": "PASS",
    "upper_sandwich_385": "PASS",
    "lower_sandwich_385": "PASS",
    "upper_sandwich_386": "PASS",
    "lower_sandwich_386": "PASS",
    "upper_sandwich_387": "PASS",
    "lower_sandwich_387": "PASS",
    "upper_sandwich_388": "PASS",
    "lower_sandwich_388": "PASS",
    "upper_sandwich_389": "PASS",
    "lower_sandwich_389": "PASS",
    "upper_sandwich_390": "PASS",
    "lower_sandwich_390": "PASS",
    "upper_sandwich_391": "PASS",
    "lower_sandwich_391": "PASS",
    "upper_sandwich_392": "PASS",
    "lower_sandwich_392": "PASS",
    "upper_sandwich_393": "PASS",
    "lower_sandwich_393": "PASS",
    "upper_sandwich_394": "PASS",
    "lower_sandwich_394": "PASS",
    "upper_sandwich_395": "PASS",
    "lower_sandwich_395": "PASS",
    "upper_sandwich_396": "PASS",
    "lower_sandwich_396": "PASS",
    "upper_sandwich_397": "PASS",
    "lower_sandwich_397": "PASS",
    "upper_sandwich_398": "PASS",
    "lower_sandwich_398": "PASS",
    "upper_sandwich_399": "PASS",
    "lower_sandwich_399": "PASS",
    "upper_sandwich_400": "PASS",
    "lower_sandwich_400": "PASS",
    "upper_sandwich_401": "PASS",
    "lower_sandwich_401": "PASS",
    "upper_sandwich_402": "PASS",
    "lower_sandwich_402": "PASS",
    "upper_sandwich_403": "PASS",
    "lower_sandwich_403": "PASS",
    "upper_sandwich_404": "PASS",
    "lower_sandwich_404": "PASS",
    "upper_sandwich_405": "PASS",
    "lower_sandwich_405": "PASS",
    "upper_sandwich_406": "PASS",
    "lower_sandwich_406": "PASS",
    "upper_sandwich_407": "PASS",
    "lower_sandwich_407": "PASS",
    "upper_sandwich_408": "PASS",
    "lower_sandwich_408": "PASS",
    "upper_sandwich_409": "PASS",
    "lower_sandwich_409": "PASS",
    "upper_sandwich_410": "PASS",
    "lower_sandwich_410": "PASS",
    "upper_sandwich_411": "PASS",
    "lower_sandwich_411": "PASS",
    "upper_sandwich_412": "PASS",
    "lower_sandwich_412": "PASS",
    "upper_sandwich_413": "PASS",
    "lower_sandwich_413": "PASS",
    "upper_sandwich_414": "PASS",
    "lower_sandwich_414": "PASS",
    "upper_sandwich_415": "PASS",
    "lower_sandwich_415": "PASS",
    "upper_sandwich_416": "PASS",
    "lower_sandwich_416": "PASS",
    "upper_sandwich_417": "PASS",
    "lower_sandwich_417": "PASS",
    "upper_sandwich_418": "PASS",
    "lower_sandwich_418": "PASS",
    "upper_sandwich_419": "PASS",
    "lower_sandwich_419": "PASS",
    "upper_sandwich_420": "PASS",
    "lower_sandwich_420": "PASS",
    "upper_sandwich_421": "PASS",
    "lower_sandwich_421": "PASS",
    "upper_sandwich_422": "PASS",
    "lower_sandwich_422": "PASS",
    "upper_sandwich_423": "PASS",
    "lower_sandwich_423": "PASS",
    "upper_sandwich_424": "PASS",
    "lower_sandwich_424": "PASS",
    "upper_sandwich_425": "PASS",
    "lower_sandwich_425": "PASS",
    "upper_sandwich_426": "PASS",
    "lower_sandwich_426": "PASS",
    "upper_sandwich_427": "PASS",
    "lower_sandwich_427": "PASS",
    "upper_sandwich_428": "PASS",
    "lower_sandwich_428": "PASS",
    "upper_sandwich_429": "PASS",
    "lower_sandwich_429": "PASS",
    "upper_sandwich_430": "PASS",
    "lower_sandwich_430": "PASS",
    "upper_sandwich_431": "PASS",
    "lower_sandwich_431": "PASS",
    "upper_sandwich_432": "PASS",
    "lower_sandwich_432": "PASS",
    "upper_sandwich_433": "PASS",
    "lower_sandwich_433": "PASS",
    "upper_sandwich_434": "PASS",
    "lower_sandwich_434": "PASS",
    "upper_sandwich_435": "PASS",
    "lower_sandwich_435": "PASS",
    "upper_sandwich_436": "PASS",
    "lower_sandwich_436": "PASS",
    "upper_sandwich_437": "PASS",
    "lower_sandwich_437": "PASS",
    "upper_sandwich_438": "PASS",
    "lower_sandwich_438": "PASS",
    "upper_sandwich_439": "PASS",
    "lower_sandwich_439": "PASS",
    "upper_sandwich_440": "PASS",
    "lower_sandwich_440": "PASS",
    "upper_sandwich_441": "PASS",
    "lower_sandwich_441": "PASS",
    "upper_sandwich_442": "PASS",
    "lower_sandwich_442": "PASS",
    "upper_sandwich_443": "PASS",
    "lower_sandwich_443": "PASS",
    "upper_sandwich_444": "PASS",
    "lower_sandwich_444": "PASS",
    "upper_sandwich_445": "PASS",
    "lower_sandwich_445": "PASS",
    "upper_sandwich_446": "PASS",
    "lower_sandwich_446": "PASS",
    "upper_sandwich_447": "PASS",
    "lower_sandwich_447": "PASS",
    "upper_sandwich_448": "PASS",
    "lower_sandwich_448": "PASS",
    "upper_sandwich_449": "PASS",
    "lower_sandwich_449": "PASS",
    "upper_sandwich_450": "PASS",
    "lower_sandwich_450": "PASS",
    "upper_sandwich_451": "PASS",
    "lower_sandwich_451": "PASS",
    "upper_sandwich_452": "PASS",
    "lower_sandwich_452": "PASS",
    "upper_sandwich_453": "PASS",
    "lower_sandwich_453": "PASS",
    "upper_sandwich_454": "PASS",
    "lower_sandwich_454": "PASS",
    "upper_sandwich_455": "PASS",
    "lower_sandwich_455": "PASS",
    "upper_sandwich_456": "PASS",
    "lower_sandwich_456": "PASS",
    "upper_sandwich_457": "PASS",
    "lower_sandwich_457": "PASS",
    "upper_sandwich_458": "PASS",
    "lower_sandwich_458": "PASS",
    "upper_sandwich_459": "PASS",
    "lower_sandwich_459": "PASS",
    "upper_sandwich_460": "PASS",
    "lower_sandwich_460": "PASS",
    "upper_sandwich_461": "PASS",
    "lower_sandwich_461": "PASS",
    "upper_sandwich_462": "PASS",
    "lower_sandwich_462": "PASS",
    "upper_sandwich_463": "PASS",
    "lower_sandwich_463": "PASS",
    "upper_sandwich_464": "PASS",
    "lower_sandwich_464": "PASS",
    "upper_sandwich_465": "PASS",
    "lower_sandwich_465": "PASS",
    "upper_sandwich_466": "PASS",
    "lower_sandwich_466": "PASS",
    "upper_sandwich_467": "PASS",
    "lower_sandwich_467": "PASS",
    "upper_sandwich_468": "PASS",
    "lower_sandwich_468": "PASS",
    "upper_sandwich_469": "PASS",
    "lower_sandwich_469": "PASS",
    "upper_sandwich_470": "PASS",
    "lower_sandwich_470": "PASS",
    "upper_sandwich_471": "PASS",
    "lower_sandwich_471": "PASS",
    "upper_sandwich_472": "PASS",
    "lower_sandwich_472": "PASS",
    "upper_sandwich_473": "PASS",
    "lower_sandwich_473": "PASS",
    "upper_sandwich_474": "PASS",
    "lower_sandwich_474": "PASS",
    "upper_sandwich_475": "PASS",
    "lower_sandwich_475": "PASS",
    "upper_sandwich_476": "PASS",
    "lower_sandwich_476": "PASS",
    "upper_sandwich_477": "PASS",
    "lower_sandwich_477": "PASS",
    "upper_sandwich_478": "PASS",
    "lower_sandwich_478": "PASS",
    "upper_sandwich_479": "PASS",
    "lower_sandwich_479": "PASS",
    "upper_sandwich_480": "PASS",
    "lower_sandwich_480": "PASS",
    "upper_sandwich_481": "PASS",
    "lower_sandwich_481": "PASS",
    "upper_sandwich_482": "PASS",
    "lower_sandwich_482": "PASS",
    "upper_sandwich_483": "PASS",
    "lower_sandwich_483": "PASS",
    "upper_sandwich_484": "PASS",
    "lower_sandwich_484": "PASS",
    "upper_sandwich_485": "PASS",
    "lower_sandwich_485": "PASS",
    "upper_sandwich_486": "PASS",
    "lower_sandwich_486": "PASS",
    "upper_sandwich_487": "PASS",
    "lower_sandwich_487": "PASS",
    "upper_sandwich_488": "PASS",
    "lower_sandwich_488": "PASS",
    "upper_sandwich_489": "PASS",
    "lower_sandwich_489": "PASS",
    "upper_sandwich_490": "PASS",
    "lower_sandwich_490": "PASS",
    "upper_sandwich_491": "PASS",
    "lower_sandwich_491": "PASS",
    "upper_sandwich_492": "PASS",
    "lower_sandwich_492": "PASS",
    "upper_sandwich_493": "PASS",
    "lower_sandwich_493": "PASS",
    "upper_sandwich_494": "PASS",
    "lower_sandwich_494": "PASS",
    "upper_sandwich_495": "PASS",
    "lower_sandwich_495": "PASS",
    "upper_sandwich_496": "PASS",
    "lower_sandwich_496": "PASS",
    "upper_sandwich_497": "PASS",
    "lower_sandwich_497": "PASS",
    "upper_sandwich_498": "PASS",
    "lower_sandwich_498": "PASS",
    "upper_sandwich_499": "PASS",
    "lower_sandwich_499": "PASS",
    "upper_sandwich_500": "PASS",
    "lower_sandwich_500": "PASS",
    "upper_sandwich_501": "PASS",
    "lower_sandwich_501": "PASS",
    "upper_sandwich_502": "PASS",
    "lower_sandwich_502": "PASS",
    "upper_sandwich_503": "PASS",
    "lower_sandwich_503": "PASS",
    "upper_sandwich_504": "PASS",
    "lower_sandwich_504": "PASS",
    "upper_sandwich_505": "PASS",
    "lower_sandwich_505": "PASS",
    "upper_sandwich_506": "PASS",
    "lower_sandwich_506": "PASS",
    "upper_sandwich_507": "PASS",
    "lower_sandwich_507": "PASS",
    "upper_sandwich_508": "PASS",
    "lower_sandwich_508": "PASS",
    "upper_sandwich_509": "PASS",
    "lower_sandwich_509": "PASS",
    "upper_sandwich_510": "PASS",
    "lower_sandwich_510": "PASS",
    "upper_sandwich_511": "PASS",
    "lower_sandwich_511": "PASS",
    "upper_sandwich_512": "PASS",
    "lower_sandwich_512": "PASS",
    "upper_sandwich_513": "PASS",
    "lower_sandwich_513": "PASS",
    "upper_sandwich_514": "PASS",
    "lower_sandwich_514": "PASS",
    "upper_sandwich_515": "PASS",
    "lower_sandwich_515": "PASS",
    "upper_sandwich_516": "PASS",
    "lower_sandwich_516": "PASS",
    "upper_sandwich_517": "PASS",
    "lower_sandwich_517": "PASS",
    "upper_sandwich_518": "PASS",
    "lower_sandwich_518": "PASS",
    "upper_sandwich_519": "PASS",
    "lower_sandwich_519": "PASS",
    "upper_sandwich_520": "PASS",
    "lower_sandwich_520": "PASS",
    "upper_sandwich_521": "PASS",
    "lower_sandwich_521": "PASS",
    "upper_sandwich_522": "PASS",
    "lower_sandwich_522": "PASS",
    "upper_sandwich_523": "PASS",
    "lower_sandwich_523": "PASS",
    "upper_sandwich_524": "PASS",
    "lower_sandwich_524": "PASS",
    "upper_sandwich_525": "PASS",
    "lower_sandwich_525": "PASS",
    "upper_sandwich_526": "PASS",
    "lower_sandwich_526": "PASS",
    "upper_sandwich_527": "PASS",
    "lower_sandwich_527": "PASS",
    "upper_sandwich_528": "PASS",
    "lower_sandwich_528": "PASS",
    "upper_sandwich_529": "PASS",
    "lower_sandwich_529": "PASS",
    "upper_sandwich_530": "PASS",
    "lower_sandwich_530": "PASS",
    "upper_sandwich_531": "PASS",
    "lower_sandwich_531": "PASS",
    "upper_sandwich_532": "PASS",
    "lower_sandwich_532": "PASS",
    "upper_sandwich_533": "PASS",
    "lower_sandwich_533": "PASS",
    "upper_sandwich_534": "PASS",
    "lower_sandwich_534": "PASS",
    "upper_sandwich_535": "PASS",
    "lower_sandwich_535": "PASS",
    "upper_sandwich_536": "PASS",
    "lower_sandwich_536": "PASS",
    "upper_sandwich_537": "PASS",
    "lower_sandwich_537": "PASS",
    "upper_sandwich_538": "PASS",
    "lower_sandwich_538": "PASS",
    "upper_sandwich_539": "PASS",
    "lower_sandwich_539": "PASS",
    "upper_sandwich_540": "PASS",
    "lower_sandwich_540": "PASS",
    "upper_sandwich_541": "PASS",
    "lower_sandwich_541": "PASS",
    "upper_sandwich_542": "PASS",
    "lower_sandwich_542": "PASS",
    "upper_sandwich_543": "PASS",
    "lower_sandwich_543": "PASS",
    "upper_sandwich_544": "PASS",
    "lower_sandwich_544": "PASS",
    "upper_sandwich_545": "PASS",
    "lower_sandwich_545": "PASS",
    "upper_sandwich_546": "PASS",
    "lower_sandwich_546": "PASS",
    "upper_sandwich_547": "PASS",
    "lower_sandwich_547": "PASS",
    "upper_sandwich_548": "PASS",
    "lower_sandwich_548": "PASS",
    "upper_sandwich_549": "PASS",
    "lower_sandwich_549": "PASS",
    "upper_sandwich_550": "PASS",
    "lower_sandwich_550": "PASS",
    "upper_sandwich_551": "PASS",
    "lower_sandwich_551": "PASS",
    "upper_sandwich_552": "PASS",
    "lower_sandwich_552": "PASS",
    "upper_sandwich_553": "PASS",
    "lower_sandwich_553": "PASS",
    "upper_sandwich_554": "PASS",
    "lower_sandwich_554": "PASS",
    "upper_sandwich_555": "PASS",
    "lower_sandwich_555": "PASS",
    "upper_sandwich_556": "PASS",
    "lower_sandwich_556": "PASS",
    "upper_sandwich_557": "PASS",
    "lower_sandwich_557": "PASS",
    "upper_sandwich_558": "PASS",
    "lower_sandwich_558": "PASS",
    "upper_sandwich_559": "PASS",
    "lower_sandwich_559": "PASS",
    "upper_sandwich_560": "PASS",
    "lower_sandwich_560": "PASS",
    "upper_sandwich_561": "PASS",
    "lower_sandwich_561": "PASS",
    "upper_sandwich_562": "PASS",
    "lower_sandwich_562": "PASS",
    "upper_sandwich_563": "PASS",
    "lower_sandwich_563": "PASS",
    "upper_sandwich_564": "PASS",
    "lower_sandwich_564": "PASS",
    "upper_sandwich_565": "PASS",
    "lower_sandwich_565": "PASS",
    "upper_sandwich_566": "PASS",
    "lower_sandwich_566": "PASS",
    "upper_sandwich_567": "PASS",
    "lower_sandwich_567": "PASS",
    "upper_sandwich_568": "PASS",
    "lower_sandwich_568": "PASS",
    "upper_sandwich_569": "PASS",
    "lower_sandwich_569": "PASS",
    "upper_sandwich_570": "PASS",
    "lower_sandwich_570": "PASS",
    "upper_sandwich_571": "PASS",
    "lower_sandwich_571": "PASS",
    "upper_sandwich_572": "PASS",
    "lower_sandwich_572": "PASS",
    "upper_sandwich_573": "PASS",
    "lower_sandwich_573": "PASS",
    "upper_sandwich_574": "PASS",
    "lower_sandwich_574": "PASS",
    "upper_sandwich_575": "PASS",
    "lower_sandwich_575": "PASS",
    "upper_sandwich_576": "PASS",
    "lower_sandwich_576": "PASS",
    "upper_sandwich_577": "PASS",
    "lower_sandwich_577": "PASS",
    "upper_sandwich_578": "PASS",
    "lower_sandwich_578": "PASS",
    "upper_sandwich_579": "PASS",
    "lower_sandwich_579": "PASS",
    "upper_sandwich_580": "PASS",
    "lower_sandwich_580": "PASS",
    "upper_sandwich_581": "PASS",
    "lower_sandwich_581": "PASS",
    "upper_sandwich_582": "PASS",
    "lower_sandwich_582": "PASS",
    "upper_sandwich_583": "PASS",
    "lower_sandwich_583": "PASS",
    "upper_sandwich_584": "PASS",
    "lower_sandwich_584": "PASS",
    "upper_sandwich_585": "PASS",
    "lower_sandwich_585": "PASS",
    "upper_sandwich_586": "PASS",
    "lower_sandwich_586": "PASS",
    "upper_sandwich_587": "PASS",
    "lower_sandwich_587": "PASS",
    "upper_sandwich_588": "PASS",
    "lower_sandwich_588": "PASS",
    "upper_sandwich_589": "PASS",
    "lower_sandwich_589": "PASS",
    "upper_sandwich_590": "PASS",
    "lower_sandwich_590": "PASS",
    "upper_sandwich_591": "PASS",
    "lower_sandwich_591": "PASS",
    "upper_sandwich_592": "PASS",
    "lower_sandwich_592": "PASS",
    "upper_sandwich_593": "PASS",
    "lower_sandwich_593": "PASS",
    "upper_sandwich_594": "PASS",
    "lower_sandwich_594": "PASS",
    "upper_sandwich_595": "PASS",
    "lower_sandwich_595": "PASS",
    "upper_sandwich_596": "PASS",
    "lower_sandwich_596": "PASS",
    "upper_sandwich_597": "PASS",
    "lower_sandwich_597": "PASS",
    "upper_sandwich_598": "PASS",
    "lower_sandwich_598": "PASS",
    "upper_sandwich_599": "PASS",
    "lower_sandwich_599": "PASS",
    "upper_sandwich_600": "PASS",
    "lower_sandwich_600": "PASS",
    "upper_sandwich_601": "PASS",
    "lower_sandwich_601": "PASS",
    "upper_sandwich_602": "PASS",
    "lower_sandwich_602": "PASS",
    "upper_sandwich_603": "PASS",
    "lower_sandwich_603": "PASS",
    "upper_sandwich_604": "PASS",
    "lower_sandwich_604": "PASS",
    "upper_sandwich_605": "PASS",
    "lower_sandwich_605": "PASS",
    "upper_sandwich_606": "PASS",
    "lower_sandwich_606": "PASS",
    "upper_sandwich_607": "PASS",
    "lower_sandwich_607": "PASS",
    "upper_sandwich_608": "PASS",
    "lower_sandwich_608": "PASS",
    "upper_sandwich_609": "PASS",
    "lower_sandwich_609": "PASS",
    "upper_sandwich_610": "PASS",
    "lower_sandwich_610": "PASS",
    "upper_sandwich_611": "PASS",
    "lower_sandwich_611": "PASS",
    "upper_sandwich_612": "PASS",
    "lower_sandwich_612": "PASS",
    "upper_sandwich_613": "PASS",
    "lower_sandwich_613": "PASS",
    "upper_sandwich_614": "PASS",
    "lower_sandwich_614": "PASS",
    "upper_sandwich_615": "PASS",
    "lower_sandwich_615": "PASS",
    "upper_sandwich_616": "PASS",
    "lower_sandwich_616": "PASS",
    "upper_sandwich_617": "PASS",
    "lower_sandwich_617": "PASS",
    "upper_sandwich_618": "PASS",
    "lower_sandwich_618": "PASS",
    "upper_sandwich_619": "PASS",
    "lower_sandwich_619": "PASS",
    "upper_sandwich_620": "PASS",
    "lower_sandwich_620": "PASS",
    "upper_sandwich_621": "PASS",
    "lower_sandwich_621": "PASS",
    "upper_sandwich_622": "PASS",
    "lower_sandwich_622": "PASS",
    "upper_sandwich_623": "PASS",
    "lower_sandwich_623": "PASS",
    "upper_sandwich_624": "PASS",
    "lower_sandwich_624": "PASS",
    "upper_sandwich_625": "PASS",
    "lower_sandwich_625": "PASS",
    "upper_sandwich_626": "PASS",
    "lower_sandwich_626": "PASS",
    "upper_sandwich_627": "PASS",
    "lower_sandwich_627": "PASS",
    "upper_sandwich_628": "PASS",
    "lower_sandwich_628": "PASS",
    "upper_sandwich_629": "PASS",
    "lower_sandwich_629": "PASS",
    "upper_sandwich_630": "PASS",
    "lower_sandwich_630": "PASS",
    "upper_sandwich_631": "PASS",
    "lower_sandwich_631": "PASS",
    "upper_sandwich_632": "PASS",
    "lower_sandwich_632": "PASS",
    "upper_sandwich_633": "PASS",
    "lower_sandwich_633": "PASS",
    "upper_sandwich_634": "PASS",
    "lower_sandwich_634": "PASS",
    "upper_sandwich_635": "PASS",
    "lower_sandwich_635": "PASS",
    "upper_sandwich_636": "PASS",
    "lower_sandwich_636": "PASS",
    "upper_sandwich_637": "PASS",
    "lower_sandwich_637": "PASS",
    "upper_sandwich_638": "PASS",
    "lower_sandwich_638": "PASS",
    "upper_sandwich_639": "PASS",
    "lower_sandwich_639": "PASS",
    "upper_sandwich_640": "PASS",
    "lower_sandwich_640": "PASS",
    "upper_sandwich_641": "PASS",
    "lower_sandwich_641": "PASS",
    "upper_sandwich_642": "PASS",
    "lower_sandwich_642": "PASS",
    "upper_sandwich_643": "PASS",
    "lower_sandwich_643": "PASS",
    "upper_sandwich_644": "PASS",
    "lower_sandwich_644": "PASS",
    "upper_sandwich_645": "PASS",
    "lower_sandwich_645": "PASS",
    "upper_sandwich_646": "PASS",
    "lower_sandwich_646": "PASS",
    "upper_sandwich_647": "PASS",
    "lower_sandwich_647": "PASS",
    "upper_sandwich_648": "PASS",
    "lower_sandwich_648": "PASS",
    "upper_sandwich_649": "PASS",
    "lower_sandwich_649": "PASS",
    "upper_sandwich_650": "PASS",
    "lower_sandwich_650": "PASS",
    "upper_sandwich_651": "PASS",
    "lower_sandwich_651": "PASS",
    "upper_sandwich_652": "PASS",
    "lower_sandwich_652": "PASS",
    "upper_sandwich_653": "PASS",
    "lower_sandwich_653": "PASS",
    "upper_sandwich_654": "PASS",
    "lower_sandwich_654": "PASS",
    "upper_sandwich_655": "PASS",
    "lower_sandwich_655": "PASS",
    "upper_sandwich_656": "PASS",
    "lower_sandwich_656": "PASS",
    "upper_sandwich_657": "PASS",
    "lower_sandwich_657": "PASS",
    "upper_sandwich_658": "PASS",
    "lower_sandwich_658": "PASS",
    "upper_sandwich_659": "PASS",
    "lower_sandwich_659": "PASS",
    "upper_sandwich_660": "PASS",
    "lower_sandwich_660": "PASS",
    "upper_sandwich_661": "PASS",
    "lower_sandwich_661": "PASS",
    "upper_sandwich_662": "PASS",
    "lower_sandwich_662": "PASS",
    "upper_sandwich_663": "PASS",
    "lower_sandwich_663": "PASS",
    "upper_sandwich_664": "PASS",
    "lower_sandwich_664": "PASS",
    "upper_sandwich_665": "PASS",
    "lower_sandwich_665": "PASS",
    "upper_sandwich_666": "PASS",
    "lower_sandwich_666": "PASS",
    "upper_sandwich_667": "PASS",
    "lower_sandwich_667": "PASS",
    "upper_sandwich_668": "PASS",
    "lower_sandwich_668": "PASS",
    "upper_sandwich_669": "PASS",
    "lower_sandwich_669": "PASS",
    "upper_sandwich_670": "PASS",
    "lower_sandwich_670": "PASS",
    "upper_sandwich_671": "PASS",
    "lower_sandwich_671": "PASS",
    "upper_sandwich_672": "PASS",
    "lower_sandwich_672": "PASS",
    "upper_sandwich_673": "PASS",
    "lower_sandwich_673": "PASS",
    "upper_sandwich_674": "PASS",
    "lower_sandwich_674": "PASS",
    "upper_sandwich_675": "PASS",
    "lower_sandwich_675": "PASS",
    "upper_sandwich_676": "PASS",
    "lower_sandwich_676": "PASS",
    "upper_sandwich_677": "PASS",
    "lower_sandwich_677": "PASS",
    "upper_sandwich_678": "PASS",
    "lower_sandwich_678": "PASS",
    "upper_sandwich_679": "PASS",
    "lower_sandwich_679": "PASS",
    "upper_sandwich_680": "PASS",
    "lower_sandwich_680": "PASS",
    "upper_sandwich_681": "PASS",
    "lower_sandwich_681": "PASS",
    "upper_sandwich_682": "PASS",
    "lower_sandwich_682": "PASS",
    "upper_sandwich_683": "PASS",
    "lower_sandwich_683": "PASS",
    "upper_sandwich_684": "PASS",
    "lower_sandwich_684": "PASS",
    "upper_sandwich_685": "PASS",
    "lower_sandwich_685": "PASS",
    "upper_sandwich_686": "PASS",
    "lower_sandwich_686": "PASS",
    "upper_sandwich_687": "PASS",
    "lower_sandwich_687": "PASS",
    "upper_sandwich_688": "PASS",
    "lower_sandwich_688": "PASS",
    "upper_sandwich_689": "PASS",
    "lower_sandwich_689": "PASS",
    "upper_sandwich_690": "PASS",
    "lower_sandwich_690": "PASS",
    "upper_sandwich_691": "PASS",
    "lower_sandwich_691": "PASS",
    "upper_sandwich_692": "PASS",
    "lower_sandwich_692": "PASS",
    "upper_sandwich_693": "PASS",
    "lower_sandwich_693": "PASS",
    "upper_sandwich_694": "PASS",
    "lower_sandwich_694": "PASS",
    "upper_sandwich_695": "PASS",
    "lower_sandwich_695": "PASS",
    "upper_sandwich_696": "PASS",
    "lower_sandwich_696": "PASS",
    "upper_sandwich_697": "PASS",
    "lower_sandwich_697": "PASS",
    "upper_sandwich_698": "PASS",
    "lower_sandwich_698": "PASS",
    "upper_sandwich_699": "PASS",
    "lower_sandwich_699": "PASS",
    "upper_sandwich_700": "PASS",
    "lower_sandwich_700": "PASS",
    "upper_sandwich_701": "PASS",
    "lower_sandwich_701": "PASS",
    "upper_sandwich_702": "PASS",
    "lower_sandwich_702": "PASS",
    "upper_sandwich_703": "PASS",
    "lower_sandwich_703": "PASS",
    "upper_sandwich_704": "PASS",
    "lower_sandwich_704": "PASS",
    "upper_sandwich_705": "PASS",
    "lower_sandwich_705": "PASS",
    "upper_sandwich_706": "PASS",
    "lower_sandwich_706": "PASS",
    "upper_sandwich_707": "PASS",
    "lower_sandwich_707": "PASS",
    "upper_sandwich_708": "PASS",
    "lower_sandwich_708": "PASS",
    "upper_sandwich_709": "PASS",
    "lower_sandwich_709": "PASS",
    "upper_sandwich_710": "PASS",
    "lower_sandwich_710": "PASS",
    "upper_sandwich_711": "PASS",
    "lower_sandwich_711": "PASS",
    "upper_sandwich_712": "PASS",
    "lower_sandwich_712": "PASS",
    "upper_sandwich_713": "PASS",
    "lower_sandwich_713": "PASS",
    "upper_sandwich_714": "PASS",
    "lower_sandwich_714": "PASS",
    "upper_sandwich_715": "PASS",
    "lower_sandwich_715": "PASS",
    "upper_sandwich_716": "PASS",
    "lower_sandwich_716": "PASS",
    "upper_sandwich_717": "PASS",
    "lower_sandwich_717": "PASS",
    "upper_sandwich_718": "PASS",
    "lower_sandwich_718": "PASS",
    "upper_sandwich_719": "PASS",
    "lower_sandwich_719": "PASS",
    "upper_sandwich_720": "PASS",
    "lower_sandwich_720": "PASS",
    "upper_sandwich_721": "PASS",
    "lower_sandwich_721": "PASS",
    "upper_sandwich_722": "PASS",
    "lower_sandwich_722": "PASS",
    "upper_sandwich_723": "PASS",
    "lower_sandwich_723": "PASS",
    "upper_sandwich_724": "PASS",
    "lower_sandwich_724": "PASS",
    "upper_sandwich_725": "PASS",
    "lower_sandwich_725": "PASS",
    "upper_sandwich_726": "PASS",
    "lower_sandwich_726": "PASS",
    "upper_sandwich_727": "PASS",
    "lower_sandwich_727": "PASS",
    "upper_sandwich_728": "PASS",
    "lower_sandwich_728": "PASS",
    "upper_sandwich_729": "PASS",
    "lower_sandwich_729": "PASS",
    "upper_sandwich_730": "PASS",
    "lower_sandwich_730": "PASS",
    "upper_sandwich_731": "PASS",
    "lower_sandwich_731": "PASS",
    "upper_sandwich_732": "PASS",
    "lower_sandwich_732": "PASS",
    "upper_sandwich_733": "PASS",
    "lower_sandwich_733": "PASS",
    "upper_sandwich_734": "PASS",
    "lower_sandwich_734": "PASS",
    "upper_sandwich_735": "PASS",
    "lower_sandwich_735": "PASS",
    "upper_sandwich_736": "PASS",
    "lower_sandwich_736": "PASS",
    "upper_sandwich_737": "PASS",
    "lower_sandwich_737": "PASS",
    "upper_sandwich_738": "PASS",
    "lower_sandwich_738": "PASS",
    "upper_sandwich_739": "PASS",
    "lower_sandwich_739": "PASS",
    "upper_sandwich_740": "PASS",
    "lower_sandwich_740": "PASS",
    "upper_sandwich_741": "PASS",
    "lower_sandwich_741": "PASS",
    "upper_sandwich_742": "PASS",
    "lower_sandwich_742": "PASS",
    "upper_sandwich_743": "PASS",
    "lower_sandwich_743": "PASS",
    "upper_sandwich_744": "PASS",
    "lower_sandwich_744": "PASS",
    "upper_sandwich_745": "PASS",
    "lower_sandwich_745": "PASS",
    "upper_sandwich_746": "PASS",
    "lower_sandwich_746": "PASS",
    "upper_sandwich_747": "PASS",
    "lower_sandwich_747": "PASS",
    "upper_sandwich_748": "PASS",
    "lower_sandwich_748": "PASS",
    "upper_sandwich_749": "PASS",
    "lower_sandwich_749": "PASS",
    "upper_sandwich_750": "PASS",
    "lower_sandwich_750": "PASS",
    "upper_sandwich_751": "PASS",
    "lower_sandwich_751": "PASS",
    "upper_sandwich_752": "PASS",
    "lower_sandwich_752": "PASS",
    "upper_sandwich_753": "PASS",
    "lower_sandwich_753": "PASS",
    "upper_sandwich_754": "PASS",
    "lower_sandwich_754": "PASS",
    "upper_sandwich_755": "PASS",
    "lower_sandwich_755": "PASS",
    "upper_sandwich_756": "PASS",
    "lower_sandwich_756": "PASS",
    "upper_sandwich_757": "PASS",
    "lower_sandwich_757": "PASS",
    "upper_sandwich_758": "PASS",
    "lower_sandwich_758": "PASS",
    "upper_sandwich_759": "PASS",
    "lower_sandwich_759": "PASS",
    "upper_sandwich_760": "PASS",
    "lower_sandwich_760": "PASS",
    "upper_sandwich_761": "PASS",
    "lower_sandwich_761": "PASS",
    "upper_sandwich_762": "PASS",
    "lower_sandwich_762": "PASS",
    "upper_sandwich_763": "PASS",
    "lower_sandwich_763": "PASS",
    "upper_sandwich_764": "PASS",
    "lower_sandwich_764": "PASS",
    "upper_sandwich_765": "PASS",
    "lower_sandwich_765": "PASS",
    "upper_sandwich_766": "PASS",
    "lower_sandwich_766": "PASS",
    "upper_sandwich_767": "PASS",
    "lower_sandwich_767": "PASS",
    "upper_sandwich_768": "PASS",
    "lower_sandwich_768": "PASS",
    "upper_sandwich_769": "PASS",
    "lower_sandwich_769": "PASS",
    "upper_sandwich_770": "PASS",
    "lower_sandwich_770": "PASS",
    "upper_sandwich_771": "PASS",
    "lower_sandwich_771": "PASS",
    "upper_sandwich_772": "PASS",
    "lower_sandwich_772": "PASS",
    "upper_sandwich_773": "PASS",
    "lower_sandwich_773": "PASS",
    "upper_sandwich_774": "PASS",
    "lower_sandwich_774": "PASS",
    "upper_sandwich_775": "PASS",
    "lower_sandwich_775": "PASS",
    "upper_sandwich_776": "PASS",
    "lower_sandwich_776": "PASS",
    "upper_sandwich_777": "PASS",
    "lower_sandwich_777": "PASS",
    "upper_sandwich_778": "PASS",
    "lower_sandwich_778": "PASS",
    "upper_sandwich_779": "PASS",
    "lower_sandwich_779": "PASS",
    "upper_sandwich_780": "PASS",
    "lower_sandwich_780": "PASS",
    "upper_sandwich_781": "PASS",
    "lower_sandwich_781": "PASS",
    "upper_sandwich_782": "PASS",
    "lower_sandwich_782": "PASS",
    "upper_sandwich_783": "PASS",
    "lower_sandwich_783": "PASS",
    "upper_sandwich_784": "PASS",
    "lower_sandwich_784": "PASS",
    "upper_sandwich_785": "PASS",
    "lower_sandwich_785": "PASS",
    "upper_sandwich_786": "PASS",
    "lower_sandwich_786": "PASS",
    "upper_sandwich_787": "PASS",
    "lower_sandwich_787": "PASS",
    "upper_sandwich_788": "PASS",
    "lower_sandwich_788": "PASS",
    "upper_sandwich_789": "PASS",
    "lower_sandwich_789": "PASS",
    "upper_sandwich_790": "PASS",
    "lower_sandwich_790": "PASS",
    "upper_sandwich_791": "PASS",
    "lower_sandwich_791": "PASS",
    "upper_sandwich_792": "PASS",
    "lower_sandwich_792": "PASS",
    "upper_sandwich_793": "PASS",
    "lower_sandwich_793": "PASS",
    "upper_sandwich_794": "PASS",
    "lower_sandwich_794": "PASS",
    "upper_sandwich_795": "PASS",
    "lower_sandwich_795": "PASS",
    "upper_sandwich_796": "PASS",
    "lower_sandwich_796": "PASS",
    "upper_sandwich_797": "PASS",
    "lower_sandwich_797": "PASS",
    "upper_sandwich_798": "PASS",
    "lower_sandwich_798": "PASS",
    "upper_sandwich_799": "PASS",
    "lower_sandwich_799": "PASS",
    "upper_sandwich_800": "PASS",
    "lower_sandwich_800": "PASS",
    "upper_sandwich_801": "PASS",
    "lower_sandwich_801": "PASS",
    "upper_sandwich_802": "PASS",
    "lower_sandwich_802": "PASS",
    "upper_sandwich_803": "PASS",
    "lower_sandwich_803": "PASS",
    "upper_sandwich_804": "PASS",
    "lower_sandwich_804": "PASS",
    "upper_sandwich_805": "PASS",
    "lower_sandwich_805": "PASS",
    "upper_sandwich_806": "PASS",
    "lower_sandwich_806": "PASS",
    "upper_sandwich_807": "PASS",
    "lower_sandwich_807": "PASS",
    "upper_sandwich_808": "PASS",
    "lower_sandwich_808": "PASS",
    "upper_sandwich_809": "PASS",
    "lower_sandwich_809": "PASS",
    "upper_sandwich_810": "PASS",
    "lower_sandwich_810": "PASS",
    "upper_sandwich_811": "PASS",
    "lower_sandwich_811": "PASS",
    "upper_sandwich_812": "PASS",
    "lower_sandwich_812": "PASS",
    "upper_sandwich_813": "PASS",
    "lower_sandwich_813": "PASS",
    "upper_sandwich_814": "PASS",
    "lower_sandwich_814": "PASS",
    "upper_sandwich_815": "PASS",
    "lower_sandwich_815": "PASS",
    "upper_sandwich_816": "PASS",
    "lower_sandwich_816": "PASS",
    "upper_sandwich_817": "PASS",
    "lower_sandwich_817": "PASS",
    "upper_sandwich_818": "PASS",
    "lower_sandwich_818": "PASS",
    "upper_sandwich_819": "PASS",
    "lower_sandwich_819": "PASS",
    "upper_sandwich_820": "PASS",
    "lower_sandwich_820": "PASS",
    "upper_sandwich_821": "PASS",
    "lower_sandwich_821": "PASS",
    "upper_sandwich_822": "PASS",
    "lower_sandwich_822": "PASS",
    "upper_sandwich_823": "PASS",
    "lower_sandwich_823": "PASS",
    "upper_sandwich_824": "PASS",
    "lower_sandwich_824": "PASS",
    "upper_sandwich_825": "PASS",
    "lower_sandwich_825": "PASS",
    "upper_sandwich_826": "PASS",
    "lower_sandwich_826": "PASS",
    "upper_sandwich_827": "PASS",
    "lower_sandwich_827": "PASS",
    "upper_sandwich_828": "PASS",
    "lower_sandwich_828": "PASS",
    "upper_sandwich_829": "PASS",
    "lower_sandwich_829": "PASS",
    "upper_sandwich_830": "PASS",
    "lower_sandwich_830": "PASS",
    "upper_sandwich_831": "PASS",
    "lower_sandwich_831": "PASS",
    "upper_sandwich_832": "PASS",
    "lower_sandwich_832": "PASS",
    "upper_sandwich_833": "PASS",
    "lower_sandwich_833": "PASS",
    "upper_sandwich_834": "PASS",
    "lower_sandwich_834": "PASS",
    "upper_sandwich_835": "PASS",
    "lower_sandwich_835": "PASS",
    "upper_sandwich_836": "PASS",
    "lower_sandwich_836": "PASS",
    "upper_sandwich_837": "PASS",
    "lower_sandwich_837": "PASS",
    "upper_sandwich_838": "PASS",
    "lower_sandwich_838": "PASS",
    "upper_sandwich_839": "PASS",
    "lower_sandwich_839": "PASS",
    "upper_sandwich_840": "PASS",
    "lower_sandwich_840": "PASS",
    "upper_sandwich_841": "PASS",
    "lower_sandwich_841": "PASS",
    "upper_sandwich_842": "PASS",
    "lower_sandwich_842": "PASS",
    "upper_sandwich_843": "PASS",
    "lower_sandwich_843": "PASS",
    "upper_sandwich_844": "PASS",
    "lower_sandwich_844": "PASS",
    "upper_sandwich_845": "PASS",
    "lower_sandwich_845": "PASS",
    "upper_sandwich_846": "PASS",
    "lower_sandwich_846": "PASS",
    "upper_sandwich_847": "PASS",
    "lower_sandwich_847": "PASS",
    "upper_sandwich_848": "PASS",
    "lower_sandwich_848": "PASS",
    "upper_sandwich_849": "PASS",
    "lower_sandwich_849": "PASS",
    "upper_sandwich_850": "PASS",
    "lower_sandwich_850": "PASS",
    "upper_sandwich_851": "PASS",
    "lower_sandwich_851": "PASS",
    "upper_sandwich_852": "PASS",
    "lower_sandwich_852": "PASS",
    "upper_sandwich_853": "PASS",
    "lower_sandwich_853": "PASS",
    "upper_sandwich_854": "PASS",
    "lower_sandwich_854": "PASS",
    "upper_sandwich_855": "PASS",
    "lower_sandwich_855": "PASS",
    "upper_sandwich_856": "PASS",
    "lower_sandwich_856": "PASS",
    "upper_sandwich_857": "PASS",
    "lower_sandwich_857": "PASS",
    "upper_sandwich_858": "PASS",
    "lower_sandwich_858": "PASS",
    "upper_sandwich_859": "PASS",
    "lower_sandwich_859": "PASS",
    "upper_sandwich_860": "PASS",
    "lower_sandwich_860": "PASS",
    "upper_sandwich_861": "PASS",
    "lower_sandwich_861": "PASS",
    "upper_sandwich_862": "PASS",
    "lower_sandwich_862": "PASS",
    "upper_sandwich_863": "PASS",
    "lower_sandwich_863": "PASS",
    "upper_sandwich_864": "PASS",
    "lower_sandwich_864": "PASS",
    "upper_sandwich_865": "PASS",
    "lower_sandwich_865": "PASS",
    "upper_sandwich_866": "PASS",
    "lower_sandwich_866": "PASS",
    "upper_sandwich_867": "PASS",
    "lower_sandwich_867": "PASS",
    "upper_sandwich_868": "PASS",
    "lower_sandwich_868": "PASS",
    "upper_sandwich_869": "PASS",
    "lower_sandwich_869": "PASS",
    "upper_sandwich_870": "PASS",
    "lower_sandwich_870": "PASS",
    "upper_sandwich_871": "PASS",
    "lower_sandwich_871": "PASS",
    "upper_sandwich_872": "PASS",
    "lower_sandwich_872": "PASS",
    "upper_sandwich_873": "PASS",
    "lower_sandwich_873": "PASS",
    "upper_sandwich_874": "PASS",
    "lower_sandwich_874": "PASS",
    "upper_sandwich_875": "PASS",
    "lower_sandwich_875": "PASS",
    "upper_sandwich_876": "PASS",
    "lower_sandwich_876": "PASS",
    "upper_sandwich_877": "PASS",
    "lower_sandwich_877": "PASS",
    "upper_sandwich_878": "PASS",
    "lower_sandwich_878": "PASS",
    "upper_sandwich_879": "PASS",
    "lower_sandwich_879": "PASS",
    "upper_sandwich_880": "PASS",
    "lower_sandwich_880": "PASS",
    "upper_sandwich_881": "PASS",
    "lower_sandwich_881": "PASS",
    "upper_sandwich_882": "PASS",
    "lower_sandwich_882": "PASS",
    "upper_sandwich_883": "PASS",
    "lower_sandwich_883": "PASS",
    "upper_sandwich_884": "PASS",
    "lower_sandwich_884": "PASS",
    "upper_sandwich_885": "PASS",
    "lower_sandwich_885": "PASS",
    "upper_sandwich_886": "PASS",
    "lower_sandwich_886": "PASS",
    "upper_sandwich_887": "PASS",
    "lower_sandwich_887": "PASS",
    "upper_sandwich_888": "PASS",
    "lower_sandwich_888": "PASS",
    "upper_sandwich_889": "PASS",
    "lower_sandwich_889": "PASS",
    "upper_sandwich_890": "PASS",
    "lower_sandwich_890": "PASS",
    "upper_sandwich_891": "PASS",
    "lower_sandwich_891": "PASS",
    "upper_sandwich_892": "PASS",
    "lower_sandwich_892": "PASS",
    "upper_sandwich_893": "PASS",
    "lower_sandwich_893": "PASS",
    "upper_sandwich_894": "PASS",
    "lower_sandwich_894": "PASS",
    "upper_sandwich_895": "PASS",
    "lower_sandwich_895": "PASS",
    "upper_sandwich_896": "PASS",
    "lower_sandwich_896": "PASS",
    "upper_sandwich_897": "PASS",
    "lower_sandwich_897": "PASS",
    "upper_sandwich_898": "PASS",
    "lower_sandwich_898": "PASS",
    "upper_sandwich_899": "PASS",
    "lower_sandwich_899": "PASS",
    "upper_sandwich_900": "PASS",
    "lower_sandwich_900": "PASS",
    "upper_sandwich_901": "PASS",
    "lower_sandwich_901": "PASS",
    "upper_sandwich_902": "PASS",
    "lower_sandwich_902": "PASS",
    "upper_sandwich_903": "PASS",
    "lower_sandwich_903": "PASS",
    "upper_sandwich_904": "PASS",
    "lower_sandwich_904": "PASS",
    "upper_sandwich_905": "PASS",
    "lower_sandwich_905": "PASS",
    "upper_sandwich_906": "PASS",
    "lower_sandwich_906": "PASS",
    "upper_sandwich_907": "PASS",
    "lower_sandwich_907": "PASS",
    "upper_sandwich_908": "PASS",
    "lower_sandwich_908": "PASS",
    "upper_sandwich_909": "PASS",
    "lower_sandwich_909": "PASS",
    "upper_sandwich_910": "PASS",
    "lower_sandwich_910": "PASS",
    "upper_sandwich_911": "PASS",
    "lower_sandwich_911": "PASS",
    "upper_sandwich_912": "PASS",
    "lower_sandwich_912": "PASS",
    "upper_sandwich_913": "PASS",
    "lower_sandwich_913": "PASS",
    "upper_sandwich_914": "PASS",
    "lower_sandwich_914": "PASS",
    "upper_sandwich_915": "PASS",
    "lower_sandwich_915": "PASS",
    "upper_sandwich_916": "PASS",
    "lower_sandwich_916": "PASS",
    "upper_sandwich_917": "PASS",
    "lower_sandwich_917": "PASS",
    "upper_sandwich_918": "PASS",
    "lower_sandwich_918": "PASS",
    "upper_sandwich_919": "PASS",
    "lower_sandwich_919": "PASS",
    "upper_sandwich_920": "PASS",
    "lower_sandwich_920": "PASS",
    "upper_sandwich_921": "PASS",
    "lower_sandwich_921": "PASS",
    "upper_sandwich_922": "PASS",
    "lower_sandwich_922": "PASS",
    "upper_sandwich_923": "PASS",
    "lower_sandwich_923": "PASS",
    "upper_sandwich_924": "PASS",
    "lower_sandwich_924": "PASS",
    "upper_sandwich_925": "PASS",
    "lower_sandwich_925": "PASS",
    "upper_sandwich_926": "PASS",
    "lower_sandwich_926": "PASS",
    "upper_sandwich_927": "PASS",
    "lower_sandwich_927": "PASS",
    "upper_sandwich_928": "PASS",
    "lower_sandwich_928": "PASS",
    "upper_sandwich_929": "PASS",
    "lower_sandwich_929": "PASS",
    "upper_sandwich_930": "PASS",
    "lower_sandwich_930": "PASS",
    "upper_sandwich_931": "PASS",
    "lower_sandwich_931": "PASS",
    "upper_sandwich_932": "PASS",
    "lower_sandwich_932": "PASS",
    "upper_sandwich_933": "PASS",
    "lower_sandwich_933": "PASS",
    "upper_sandwich_934": "PASS",
    "lower_sandwich_934": "PASS",
    "upper_sandwich_935": "PASS",
    "lower_sandwich_935": "PASS",
    "upper_sandwich_936": "PASS",
    "lower_sandwich_936": "PASS",
    "upper_sandwich_937": "PASS",
    "lower_sandwich_937": "PASS",
    "upper_sandwich_938": "PASS",
    "lower_sandwich_938": "PASS",
    "upper_sandwich_939": "PASS",
    "lower_sandwich_939": "PASS",
    "upper_sandwich_940": "PASS",
    "lower_sandwich_940": "PASS",
    "upper_sandwich_941": "PASS",
    "lower_sandwich_941": "PASS",
    "upper_sandwich_942": "PASS",
    "lower_sandwich_942": "PASS",
    "upper_sandwich_943": "PASS",
    "lower_sandwich_943": "PASS",
    "upper_sandwich_944": "PASS",
    "lower_sandwich_944": "PASS",
    "upper_sandwich_945": "PASS",
    "lower_sandwich_945": "PASS",
    "upper_sandwich_946": "PASS",
    "lower_sandwich_946": "PASS",
    "upper_sandwich_947": "PASS",
    "lower_sandwich_947": "PASS",
    "upper_sandwich_948": "PASS",
    "lower_sandwich_948": "PASS",
    "upper_sandwich_949": "PASS",
    "lower_sandwich_949": "PASS",
    "upper_sandwich_950": "PASS",
    "lower_sandwich_950": "PASS",
    "upper_sandwich_951": "PASS",
    "lower_sandwich_951": "PASS",
    "upper_sandwich_952": "PASS",
    "lower_sandwich_952": "PASS",
    "upper_sandwich_953": "PASS",
    "lower_sandwich_953": "PASS",
    "upper_sandwich_954": "PASS",
    "lower_sandwich_954": "PASS",
    "upper_sandwich_955": "PASS",
    "lower_sandwich_955": "PASS",
    "upper_sandwich_956": "PASS",
    "lower_sandwich_956": "PASS",
    "upper_sandwich_957": "PASS",
    "lower_sandwich_957": "PASS",
    "upper_sandwich_958": "PASS",
    "lower_sandwich_958": "PASS",
    "upper_sandwich_959": "PASS",
    "lower_sandwich_959": "PASS",
    "upper_sandwich_960": "PASS",
    "lower_sandwich_960": "PASS",
    "upper_sandwich_961": "PASS",
    "lower_sandwich_961": "PASS",
    "upper_sandwich_962": "PASS",
    "lower_sandwich_962": "PASS",
    "upper_sandwich_963": "PASS",
    "lower_sandwich_963": "PASS",
    "upper_sandwich_964": "PASS",
    "lower_sandwich_964": "PASS",
    "upper_sandwich_965": "PASS",
    "lower_sandwich_965": "PASS",
    "upper_sandwich_966": "PASS",
    "lower_sandwich_966": "PASS",
    "upper_sandwich_967": "PASS",
    "lower_sandwich_967": "PASS",
    "upper_sandwich_968": "PASS",
    "lower_sandwich_968": "PASS",
    "upper_sandwich_969": "PASS",
    "lower_sandwich_969": "PASS",
    "upper_sandwich_970": "PASS",
    "lower_sandwich_970": "PASS",
    "upper_sandwich_971": "PASS",
    "lower_sandwich_971": "PASS",
    "upper_sandwich_972": "PASS",
    "lower_sandwich_972": "PASS",
    "upper_sandwich_973": "PASS",
    "lower_sandwich_973": "PASS",
    "upper_sandwich_974": "PASS",
    "lower_sandwich_974": "PASS",
    "upper_sandwich_975": "PASS",
    "lower_sandwich_975": "PASS",
    "upper_sandwich_976": "PASS",
    "lower_sandwich_976": "PASS",
    "upper_sandwich_977": "PASS",
    "lower_sandwich_977": "PASS",
    "upper_sandwich_978": "PASS",
    "lower_sandwich_978": "PASS",
    "upper_sandwich_979": "PASS",
    "lower_sandwich_979": "PASS",
    "upper_sandwich_980": "PASS",
    "lower_sandwich_980": "PASS",
    "upper_sandwich_981": "PASS",
    "lower_sandwich_981": "PASS",
    "upper_sandwich_982": "PASS",
    "lower_sandwich_982": "PASS",
    "upper_sandwich_983": "PASS",
    "lower_sandwich_983": "PASS",
    "upper_sandwich_984": "PASS",
    "lower_sandwich_984": "PASS",
    "upper_sandwich_985": "PASS",
    "lower_sandwich_985": "PASS",
    "upper_sandwich_986": "PASS",
    "lower_sandwich_986": "PASS",
    "upper_sandwich_987": "PASS",
    "lower_sandwich_987": "PASS",
    "upper_sandwich_988": "PASS",
    "lower_sandwich_988": "PASS",
    "upper_sandwich_989": "PASS",
    "lower_sandwich_989": "PASS",
    "upper_sandwich_990": "PASS",
    "lower_sandwich_990": "PASS",
    "upper_sandwich_991": "PASS",
    "lower_sandwich_991": "PASS",
    "upper_sandwich_992": "PASS",
    "lower_sandwich_992": "PASS",
    "upper_sandwich_993": "PASS",
    "lower_sandwich_993": "PASS",
    "upper_sandwich_994": "PASS",
    "lower_sandwich_994": "PASS",
    "upper_sandwich_995": "PASS",
    "lower_sandwich_995": "PASS",
    "upper_sandwich_996": "PASS",
    "lower_sandwich_996": "PASS",
    "upper_sandwich_997": "PASS",
    "lower_sandwich_997": "PASS",
    "upper_sandwich_998": "PASS",
    "lower_sandwich_998": "PASS",
    "upper_sandwich_999": "PASS",
    "lower_sandwich_999": "PASS",
    "upper_sandwich_1000": "PASS",
    "lower_sandwich_1000": "PASS",
    "upper_sandwich_1001": "PASS",
    "lower_sandwich_1001": "PASS",
    "upper_sandwich_1002": "PASS",
    "lower_sandwich_1002": "PASS",
    "upper_sandwich_1003": "PASS",
    "lower_sandwich_1003": "PASS",
    "upper_sandwich_1004": "PASS",
    "lower_sandwich_1004": "PASS",
    "upper_sandwich_1005": "PASS",
    "lower_sandwich_1005": "PASS",
    "upper_sandwich_1006": "PASS",
    "lower_sandwich_1006": "PASS",
    "upper_sandwich_1007": "PASS",
    "lower_sandwich_1007": "PASS",
    "upper_sandwich_1008": "PASS",
    "lower_sandwich_1008": "PASS",
    "upper_sandwich_1009": "PASS",
    "lower_sandwich_1009": "PASS",
    "upper_sandwich_1010": "PASS",
    "lower_sandwich_1010": "PASS",
    "upper_sandwich_1011": "PASS",
    "lower_sandwich_1011": "PASS",
    "upper_sandwich_1012": "PASS",
    "lower_sandwich_1012": "PASS",
    "upper_sandwich_1013": "PASS",
    "lower_sandwich_1013": "PASS",
    "upper_sandwich_1014": "PASS",
    "lower_sandwich_1014": "PASS",
    "upper_sandwich_1015": "PASS",
    "lower_sandwich_1015": "PASS",
    "upper_sandwich_1016": "PASS",
    "lower_sandwich_1016": "PASS",
    "upper_sandwich_1017": "PASS",
    "lower_sandwich_1017": "PASS",
    "upper_sandwich_1018": "PASS",
    "lower_sandwich_1018": "PASS",
    "upper_sandwich_1019": "PASS",
    "lower_sandwich_1019": "PASS",
    "upper_sandwich_1020": "PASS",
    "lower_sandwich_1020": "PASS",
    "upper_sandwich_1021": "PASS",
    "lower_sandwich_1021": "PASS",
    "upper_sandwich_1022": "PASS",
    "lower_sandwich_1022": "PASS",
    "upper_sandwich_1023": "PASS",
    "lower_sandwich_1023": "PASS",
    "upper_sandwich_1024": "PASS",
    "lower_sandwich_1024": "PASS",
    "upper_sandwich_1025": "PASS",
    "lower_sandwich_1025": "PASS",
    "upper_sandwich_1026": "PASS",
    "lower_sandwich_1026": "PASS",
    "upper_sandwich_1027": "PASS",
    "lower_sandwich_1027": "PASS",
    "upper_sandwich_1028": "PASS",
    "lower_sandwich_1028": "PASS",
    "upper_sandwich_1029": "PASS",
    "lower_sandwich_1029": "PASS",
    "upper_sandwich_1030": "PASS",
    "lower_sandwich_1030": "PASS",
    "upper_sandwich_1031": "PASS",
    "lower_sandwich_1031": "PASS",
    "upper_sandwich_1032": "PASS",
    "lower_sandwich_1032": "PASS",
    "upper_sandwich_1033": "PASS",
    "lower_sandwich_1033": "PASS",
    "upper_sandwich_1034": "PASS",
    "lower_sandwich_1034": "PASS",
    "upper_sandwich_1035": "PASS",
    "lower_sandwich_1035": "PASS",
    "upper_sandwich_1036": "PASS",
    "lower_sandwich_1036": "PASS",
    "upper_sandwich_1037": "PASS",
    "lower_sandwich_1037": "PASS",
    "upper_sandwich_1038": "PASS",
    "lower_sandwich_1038": "PASS",
    "upper_sandwich_1039": "PASS",
    "lower_sandwich_1039": "PASS",
    "upper_sandwich_1040": "PASS",
    "lower_sandwich_1040": "PASS",
    "upper_sandwich_1041": "PASS",
    "lower_sandwich_1041": "PASS",
    "upper_sandwich_1042": "PASS",
    "lower_sandwich_1042": "PASS",
    "upper_sandwich_1043": "PASS",
    "lower_sandwich_1043": "PASS",
    "upper_sandwich_1044": "PASS",
    "lower_sandwich_1044": "PASS",
    "upper_sandwich_1045": "PASS",
    "lower_sandwich_1045": "PASS",
    "upper_sandwich_1046": "PASS",
    "lower_sandwich_1046": "PASS",
    "upper_sandwich_1047": "PASS",
    "lower_sandwich_1047": "PASS",
    "upper_sandwich_1048": "PASS",
    "lower_sandwich_1048": "PASS",
    "upper_sandwich_1049": "PASS",
    "lower_sandwich_1049": "PASS",
    "upper_sandwich_1050": "PASS",
    "lower_sandwich_1050": "PASS",
    "upper_sandwich_1051": "PASS",
    "lower_sandwich_1051": "PASS",
    "upper_sandwich_1052": "PASS",
    "lower_sandwich_1052": "PASS",
    "upper_sandwich_1053": "PASS",
    "lower_sandwich_1053": "PASS",
    "upper_sandwich_1054": "PASS",
    "lower_sandwich_1054": "PASS",
    "upper_sandwich_1055": "PASS",
    "lower_sandwich_1055": "PASS",
    "upper_sandwich_1056": "PASS",
    "lower_sandwich_1056": "PASS",
    "upper_sandwich_1057": "PASS",
    "lower_sandwich_1057": "PASS",
    "upper_sandwich_1058": "PASS",
    "lower_sandwich_1058": "PASS",
    "upper_sandwich_1059": "PASS",
    "lower_sandwich_1059": "PASS",
    "upper_sandwich_1060": "PASS",
    "lower_sandwich_1060": "PASS",
    "upper_sandwich_1061": "PASS",
    "lower_sandwich_1061": "PASS",
    "upper_sandwich_1062": "PASS",
    "lower_sandwich_1062": "PASS",
    "upper_sandwich_1063": "PASS",
    "lower_sandwich_1063": "PASS",
    "upper_sandwich_1064": "PASS",
    "lower_sandwich_1064": "PASS",
    "upper_sandwich_1065": "PASS",
    "lower_sandwich_1065": "PASS",
    "upper_sandwich_1066": "PASS",
    "lower_sandwich_1066": "PASS",
    "upper_sandwich_1067": "PASS",
    "lower_sandwich_1067": "PASS",
    "upper_sandwich_1068": "PASS",
    "lower_sandwich_1068": "PASS",
    "upper_sandwich_1069": "PASS",
    "lower_sandwich_1069": "PASS",
    "upper_sandwich_1070": "PASS",
    "lower_sandwich_1070": "PASS",
    "upper_sandwich_1071": "PASS",
    "lower_sandwich_1071": "PASS",
    "upper_sandwich_1072": "PASS",
    "lower_sandwich_1072": "PASS",
    "upper_sandwich_1073": "PASS",
    "lower_sandwich_1073": "PASS",
    "upper_sandwich_1074": "PASS",
    "lower_sandwich_1074": "PASS",
    "upper_sandwich_1075": "PASS",
    "lower_sandwich_1075": "PASS",
    "upper_sandwich_1076": "PASS",
    "lower_sandwich_1076": "PASS",
    "upper_sandwich_1077": "PASS",
    "lower_sandwich_1077": "PASS",
    "upper_sandwich_1078": "PASS",
    "lower_sandwich_1078": "PASS",
    "upper_sandwich_1079": "PASS",
    "lower_sandwich_1079": "PASS",
    "upper_sandwich_1080": "PASS",
    "lower_sandwich_1080": "PASS",
    "upper_sandwich_1081": "PASS",
    "lower_sandwich_1081": "PASS",
    "upper_sandwich_1082": "PASS",
    "lower_sandwich_1082": "PASS",
    "upper_sandwich_1083": "PASS",
    "lower_sandwich_1083": "PASS",
    "upper_sandwich_1084": "PASS",
    "lower_sandwich_1084": "PASS",
    "upper_sandwich_1085": "PASS",
    "lower_sandwich_1085": "PASS",
    "upper_sandwich_1086": "PASS",
    "lower_sandwich_1086": "PASS",
    "upper_sandwich_1087": "PASS",
    "lower_sandwich_1087": "PASS",
    "upper_sandwich_1088": "PASS",
    "lower_sandwich_1088": "PASS",
    "upper_sandwich_1089": "PASS",
    "lower_sandwich_1089": "PASS",
    "upper_sandwich_1090": "PASS",
    "lower_sandwich_1090": "PASS",
    "upper_sandwich_1091": "PASS",
    "lower_sandwich_1091": "PASS",
    "upper_sandwich_1092": "PASS",
    "lower_sandwich_1092": "PASS",
    "upper_sandwich_1093": "PASS",
    "lower_sandwich_1093": "PASS",
    "upper_sandwich_1094": "PASS",
    "lower_sandwich_1094": "PASS",
    "upper_sandwich_1095": "PASS",
    "lower_sandwich_1095": "PASS",
    "upper_sandwich_1096": "PASS",
    "lower_sandwich_1096": "PASS",
    "upper_sandwich_1097": "PASS",
    "lower_sandwich_1097": "PASS",
    "upper_sandwich_1098": "PASS",
    "lower_sandwich_1098": "PASS",
    "upper_sandwich_1099": "PASS",
    "lower_sandwich_1099": "PASS",
    "upper_sandwich_1100": "PASS",
    "lower_sandwich_1100": "PASS",
    "upper_sandwich_1101": "PASS",
    "lower_sandwich_1101": "PASS",
    "upper_sandwich_1102": "PASS",
    "lower_sandwich_1102": "PASS",
    "upper_sandwich_1103": "PASS",
    "lower_sandwich_1103": "PASS",
    "upper_sandwich_1104": "PASS",
    "lower_sandwich_1104": "PASS",
    "upper_sandwich_1105": "PASS",
    "lower_sandwich_1105": "PASS",
    "upper_sandwich_1106": "PASS",
    "lower_sandwich_1106": "PASS",
    "upper_sandwich_1107": "PASS",
    "lower_sandwich_1107": "PASS",
    "upper_sandwich_1108": "PASS",
    "lower_sandwich_1108": "PASS",
    "upper_sandwich_1109": "PASS",
    "lower_sandwich_1109": "PASS",
    "upper_sandwich_1110": "PASS",
    "lower_sandwich_1110": "PASS",
    "upper_sandwich_1111": "PASS",
    "lower_sandwich_1111": "PASS",
    "upper_sandwich_1112": "PASS",
    "lower_sandwich_1112": "PASS",
    "upper_sandwich_1113": "PASS",
    "lower_sandwich_1113": "PASS",
    "upper_sandwich_1114": "PASS",
    "lower_sandwich_1114": "PASS",
    "upper_sandwich_1115": "PASS",
    "lower_sandwich_1115": "PASS",
    "upper_sandwich_1116": "PASS",
    "lower_sandwich_1116": "PASS",
    "upper_sandwich_1117": "PASS",
    "lower_sandwich_1117": "PASS",
    "upper_sandwich_1118": "PASS",
    "lower_sandwich_1118": "PASS",
    "upper_sandwich_1119": "PASS",
    "lower_sandwich_1119": "PASS",
    "upper_sandwich_1120": "PASS",
    "lower_sandwich_1120": "PASS",
    "upper_sandwich_1121": "PASS",
    "lower_sandwich_1121": "PASS",
    "upper_sandwich_1122": "PASS",
    "lower_sandwich_1122": "PASS",
    "upper_sandwich_1123": "PASS",
    "lower_sandwich_1123": "PASS",
    "upper_sandwich_1124": "PASS",
    "lower_sandwich_1124": "PASS",
    "upper_sandwich_1125": "PASS",
    "lower_sandwich_1125": "PASS",
    "upper_sandwich_1126": "PASS",
    "lower_sandwich_1126": "PASS",
    "upper_sandwich_1127": "PASS",
    "lower_sandwich_1127": "PASS",
    "upper_sandwich_1128": "PASS",
    "lower_sandwich_1128": "PASS",
    "upper_sandwich_1129": "PASS",
    "lower_sandwich_1129": "PASS",
    "upper_sandwich_1130": "PASS",
    "lower_sandwich_1130": "PASS",
    "upper_sandwich_1131": "PASS",
    "lower_sandwich_1131": "PASS",
    "upper_sandwich_1132": "PASS",
    "lower_sandwich_1132": "PASS",
    "upper_sandwich_1133": "PASS",
    "lower_sandwich_1133": "PASS",
    "upper_sandwich_1134": "PASS",
    "lower_sandwich_1134": "PASS",
    "upper_sandwich_1135": "PASS",
    "lower_sandwich_1135": "PASS",
    "upper_sandwich_1136": "PASS",
    "lower_sandwich_1136": "PASS",
    "upper_sandwich_1137": "PASS",
    "lower_sandwich_1137": "PASS",
    "upper_sandwich_1138": "PASS",
    "lower_sandwich_1138": "PASS",
    "upper_sandwich_1139": "PASS",
    "lower_sandwich_1139": "PASS",
    "upper_sandwich_1140": "PASS",
    "lower_sandwich_1140": "PASS",
    "upper_sandwich_1141": "PASS",
    "lower_sandwich_1141": "PASS",
    "upper_sandwich_1142": "PASS",
    "lower_sandwich_1142": "PASS",
    "upper_sandwich_1143": "PASS",
    "lower_sandwich_1143": "PASS",
    "upper_sandwich_1144": "PASS",
    "lower_sandwich_1144": "PASS",
    "upper_sandwich_1145": "PASS",
    "lower_sandwich_1145": "PASS",
    "upper_sandwich_1146": "PASS",
    "lower_sandwich_1146": "PASS",
    "upper_sandwich_1147": "PASS",
    "lower_sandwich_1147": "PASS",
    "upper_sandwich_1148": "PASS",
    "lower_sandwich_1148": "PASS",
    "upper_sandwich_1149": "PASS",
    "lower_sandwich_1149": "PASS",
    "upper_sandwich_1150": "PASS",
    "lower_sandwich_1150": "PASS",
    "upper_sandwich_1151": "PASS",
    "lower_sandwich_1151": "PASS",
    "upper_sandwich_1152": "PASS",
    "lower_sandwich_1152": "PASS",
    "upper_sandwich_1153": "PASS",
    "lower_sandwich_1153": "PASS",
    "upper_sandwich_1154": "PASS",
    "lower_sandwich_1154": "PASS",
    "upper_sandwich_1155": "PASS",
    "lower_sandwich_1155": "PASS",
    "upper_sandwich_1156": "PASS",
    "lower_sandwich_1156": "PASS",
    "upper_sandwich_1157": "PASS",
    "lower_sandwich_1157": "PASS",
    "upper_sandwich_1158": "PASS",
    "lower_sandwich_1158": "PASS",
    "upper_sandwich_1159": "PASS",
    "lower_sandwich_1159": "PASS",
    "upper_sandwich_1160": "PASS",
    "lower_sandwich_1160": "PASS",
    "upper_sandwich_1161": "PASS",
    "lower_sandwich_1161": "PASS",
    "upper_sandwich_1162": "PASS",
    "lower_sandwich_1162": "PASS",
    "upper_sandwich_1163": "PASS",
    "lower_sandwich_1163": "PASS",
    "upper_sandwich_1164": "PASS",
    "lower_sandwich_1164": "PASS",
    "upper_sandwich_1165": "PASS",
    "lower_sandwich_1165": "PASS",
    "upper_sandwich_1166": "PASS",
    "lower_sandwich_1166": "PASS",
    "upper_sandwich_1167": "PASS",
    "lower_sandwich_1167": "PASS",
    "upper_sandwich_1168": "PASS",
    "lower_sandwich_1168": "PASS",
    "upper_sandwich_1169": "PASS",
    "lower_sandwich_1169": "PASS",
    "upper_sandwich_1170": "PASS",
    "lower_sandwich_1170": "PASS",
    "upper_sandwich_1171": "PASS",
    "lower_sandwich_1171": "PASS",
    "upper_sandwich_1172": "PASS",
    "lower_sandwich_1172": "PASS",
    "upper_sandwich_1173": "PASS",
    "lower_sandwich_1173": "PASS",
    "upper_sandwich_1174": "PASS",
    "lower_sandwich_1174": "PASS",
    "upper_sandwich_1175": "PASS",
    "lower_sandwich_1175": "PASS",
    "upper_sandwich_1176": "PASS",
    "lower_sandwich_1176": "PASS",
    "upper_sandwich_1177": "PASS",
    "lower_sandwich_1177": "PASS",
    "upper_sandwich_1178": "PASS",
    "lower_sandwich_1178": "PASS",
    "upper_sandwich_1179": "PASS",
    "lower_sandwich_1179": "PASS",
    "upper_sandwich_1180": "PASS",
    "lower_sandwich_1180": "PASS",
    "upper_sandwich_1181": "PASS",
    "lower_sandwich_1181": "PASS",
    "upper_sandwich_1182": "PASS",
    "lower_sandwich_1182": "PASS",
    "upper_sandwich_1183": "PASS",
    "lower_sandwich_1183": "PASS",
    "upper_sandwich_1184": "PASS",
    "lower_sandwich_1184": "PASS",
    "upper_sandwich_1185": "PASS",
    "lower_sandwich_1185": "PASS",
    "upper_sandwich_1186": "PASS",
    "lower_sandwich_1186": "PASS",
    "upper_sandwich_1187": "PASS",
    "lower_sandwich_1187": "PASS",
    "upper_sandwich_1188": "PASS",
    "lower_sandwich_1188": "PASS",
    "upper_sandwich_1189": "PASS",
    "lower_sandwich_1189": "PASS",
    "upper_sandwich_1190": "PASS",
    "lower_sandwich_1190": "PASS",
    "upper_sandwich_1191": "PASS",
    "lower_sandwich_1191": "PASS",
    "upper_sandwich_1192": "PASS",
    "lower_sandwich_1192": "PASS",
    "upper_sandwich_1193": "PASS",
    "lower_sandwich_1193": "PASS",
    "upper_sandwich_1194": "PASS",
    "lower_sandwich_1194": "PASS",
    "upper_sandwich_1195": "PASS",
    "lower_sandwich_1195": "PASS",
    "upper_sandwich_1196": "PASS",
    "lower_sandwich_1196": "PASS",
    "upper_sandwich_1197": "PASS",
    "lower_sandwich_1197": "PASS",
    "upper_sandwich_1198": "PASS",
    "lower_sandwich_1198": "PASS",
    "upper_sandwich_1199": "PASS",
    "lower_sandwich_1199": "PASS",
    "upper_sandwich_1200": "PASS",
    "lower_sandwich_1200": "PASS",
    "upper_sandwich_1201": "PASS",
    "lower_sandwich_1201": "PASS",
    "upper_sandwich_1202": "PASS",
    "lower_sandwich_1202": "PASS",
    "upper_sandwich_1203": "PASS",
    "lower_sandwich_1203": "PASS",
    "upper_sandwich_1204": "PASS",
    "lower_sandwich_1204": "PASS",
    "upper_sandwich_1205": "PASS",
    "lower_sandwich_1205": "PASS",
    "upper_sandwich_1206": "PASS",
    "lower_sandwich_1206": "PASS",
    "upper_sandwich_1207": "PASS",
    "lower_sandwich_1207": "PASS",
    "upper_sandwich_1208": "PASS",
    "lower_sandwich_1208": "PASS",
    "upper_sandwich_1209": "PASS",
    "lower_sandwich_1209": "PASS",
    "upper_sandwich_1210": "PASS",
    "lower_sandwich_1210": "PASS",
    "upper_sandwich_1211": "PASS",
    "lower_sandwich_1211": "PASS",
    "upper_sandwich_1212": "PASS",
    "lower_sandwich_1212": "PASS",
    "upper_sandwich_1213": "PASS",
    "lower_sandwich_1213": "PASS",
    "upper_sandwich_1214": "PASS",
    "lower_sandwich_1214": "PASS",
    "upper_sandwich_1215": "PASS",
    "lower_sandwich_1215": "PASS",
    "upper_sandwich_1216": "PASS",
    "lower_sandwich_1216": "PASS",
    "upper_sandwich_1217": "PASS",
    "lower_sandwich_1217": "PASS",
    "upper_sandwich_1218": "PASS",
    "lower_sandwich_1218": "PASS",
    "upper_sandwich_1219": "PASS",
    "lower_sandwich_1219": "PASS",
    "upper_sandwich_1220": "PASS",
    "lower_sandwich_1220": "PASS",
    "upper_sandwich_1221": "PASS",
    "lower_sandwich_1221": "PASS",
    "upper_sandwich_1222": "PASS",
    "lower_sandwich_1222": "PASS",
    "upper_sandwich_1223": "PASS",
    "lower_sandwich_1223": "PASS",
    "upper_sandwich_1224": "PASS",
    "lower_sandwich_1224": "PASS",
    "upper_sandwich_1225": "PASS",
    "lower_sandwich_1225": "PASS",
    "upper_sandwich_1226": "PASS",
    "lower_sandwich_1226": "PASS",
    "upper_sandwich_1227": "PASS",
    "lower_sandwich_1227": "PASS",
    "upper_sandwich_1228": "PASS",
    "lower_sandwich_1228": "PASS",
    "upper_sandwich_1229": "PASS",
    "lower_sandwich_1229": "PASS",
    "upper_sandwich_1230": "PASS",
    "lower_sandwich_1230": "PASS",
    "upper_sandwich_1231": "PASS",
    "lower_sandwich_1231": "PASS",
    "upper_sandwich_1232": "PASS",
    "lower_sandwich_1232": "PASS",
    "upper_sandwich_1233": "PASS",
    "lower_sandwich_1233": "PASS",
    "upper_sandwich_1234": "PASS",
    "lower_sandwich_1234": "PASS",
    "upper_sandwich_1235": "PASS",
    "lower_sandwich_1235": "PASS",
    "upper_sandwich_1236": "PASS",
    "lower_sandwich_1236": "PASS",
    "upper_sandwich_1237": "PASS",
    "lower_sandwich_1237": "PASS",
    "upper_sandwich_1238": "PASS",
    "lower_sandwich_1238": "PASS",
    "upper_sandwich_1239": "PASS",
    "lower_sandwich_1239": "PASS",
    "upper_sandwich_1240": "PASS",
    "lower_sandwich_1240": "PASS",
    "upper_sandwich_1241": "PASS",
    "lower_sandwich_1241": "PASS",
    "upper_sandwich_1242": "PASS",
    "lower_sandwich_1242": "PASS",
    "upper_sandwich_1243": "PASS",
    "lower_sandwich_1243": "PASS",
    "upper_sandwich_1244": "PASS",
    "lower_sandwich_1244": "PASS",
    "upper_sandwich_1245": "PASS",
    "lower_sandwich_1245": "PASS",
    "upper_sandwich_1246": "PASS",
    "lower_sandwich_1246": "PASS",
    "upper_sandwich_1247": "PASS",
    "lower_sandwich_1247": "PASS",
    "upper_sandwich_1248": "PASS",
    "lower_sandwich_1248": "PASS",
    "upper_sandwich_1249": "PASS",
    "lower_sandwich_1249": "PASS",
    "upper_sandwich_1250": "PASS",
    "lower_sandwich_1250": "PASS",
    "upper_sandwich_1251": "PASS",
    "lower_sandwich_1251": "PASS",
    "upper_sandwich_1252": "PASS",
    "lower_sandwich_1252": "PASS",
    "upper_sandwich_1253": "PASS",
    "lower_sandwich_1253": "PASS",
    "upper_sandwich_1254": "PASS",
    "lower_sandwich_1254": "PASS",
    "upper_sandwich_1255": "PASS",
    "lower_sandwich_1255": "PASS",
    "upper_sandwich_1256": "PASS",
    "lower_sandwich_1256": "PASS",
    "upper_sandwich_1257": "PASS",
    "lower_sandwich_1257": "PASS",
    "upper_sandwich_1258": "PASS",
    "lower_sandwich_1258": "PASS",
    "upper_sandwich_1259": "PASS",
    "lower_sandwich_1259": "PASS",
    "upper_sandwich_1260": "PASS",
    "lower_sandwich_1260": "PASS",
    "upper_sandwich_1261": "PASS",
    "lower_sandwich_1261": "PASS",
    "upper_sandwich_1262": "PASS",
    "lower_sandwich_1262": "PASS",
    "upper_sandwich_1263": "PASS",
    "lower_sandwich_1263": "PASS",
    "upper_sandwich_1264": "PASS",
    "lower_sandwich_1264": "PASS",
    "upper_sandwich_1265": "PASS",
    "lower_sandwich_1265": "PASS",
    "upper_sandwich_1266": "PASS",
    "lower_sandwich_1266": "PASS",
    "upper_sandwich_1267": "PASS",
    "lower_sandwich_1267": "PASS",
    "upper_sandwich_1268": "PASS",
    "lower_sandwich_1268": "PASS",
    "upper_sandwich_1269": "PASS",
    "lower_sandwich_1269": "PASS",
    "upper_sandwich_1270": "PASS",
    "lower_sandwich_1270": "PASS",
    "upper_sandwich_1271": "PASS",
    "lower_sandwich_1271": "PASS",
    "upper_sandwich_1272": "PASS",
    "lower_sandwich_1272": "PASS",
    "upper_sandwich_1273": "PASS",
    "lower_sandwich_1273": "PASS",
    "upper_sandwich_1274": "PASS",
    "lower_sandwich_1274": "PASS",
    "upper_sandwich_1275": "PASS",
    "lower_sandwich_1275": "PASS",
    "upper_sandwich_1276": "PASS",
    "lower_sandwich_1276": "PASS",
    "upper_sandwich_1277": "PASS",
    "lower_sandwich_1277": "PASS",
    "upper_sandwich_1278": "PASS",
    "lower_sandwich_1278": "PASS",
    "upper_sandwich_1279": "PASS",
    "lower_sandwich_1279": "PASS",
    "upper_sandwich_1280": "PASS",
    "lower_sandwich_1280": "PASS",
    "upper_sandwich_1281": "PASS",
    "lower_sandwich_1281": "PASS",
    "upper_sandwich_1282": "PASS",
    "lower_sandwich_1282": "PASS",
    "upper_sandwich_1283": "PASS",
    "lower_sandwich_1283": "PASS",
    "upper_sandwich_1284": "PASS",
    "lower_sandwich_1284": "PASS",
    "upper_sandwich_1285": "PASS",
    "lower_sandwich_1285": "PASS",
    "upper_sandwich_1286": "PASS",
    "lower_sandwich_1286": "PASS",
    "upper_sandwich_1287": "PASS",
    "lower_sandwich_1287": "PASS",
    "upper_sandwich_1288": "PASS",
    "lower_sandwich_1288": "PASS",
    "upper_sandwich_1289": "PASS",
    "lower_sandwich_1289": "PASS",
    "upper_sandwich_1290": "PASS",
    "lower_sandwich_1290": "PASS",
    "upper_sandwich_1291": "PASS",
    "lower_sandwich_1291": "PASS",
    "upper_sandwich_1292": "PASS",
    "lower_sandwich_1292": "PASS",
    "upper_sandwich_1293": "PASS",
    "lower_sandwich_1293": "PASS",
    "upper_sandwich_1294": "PASS",
    "lower_sandwich_1294": "PASS",
    "upper_sandwich_1295": "PASS",
    "lower_sandwich_1295": "PASS",
    "upper_sandwich_1296": "PASS",
    "lower_sandwich_1296": "PASS",
    "upper_sandwich_1297": "PASS",
    "lower_sandwich_1297": "PASS",
    "upper_sandwich_1298": "PASS",
    "lower_sandwich_1298": "PASS",
    "upper_sandwich_1299": "PASS",
    "lower_sandwich_1299": "PASS",
    "upper_sandwich_1300": "PASS",
    "lower_sandwich_1300": "PASS",
    "upper_sandwich_1301": "PASS",
    "lower_sandwich_1301": "PASS",
    "upper_sandwich_1302": "PASS",
    "lower_sandwich_1302": "PASS",
    "upper_sandwich_1303": "PASS",
    "lower_sandwich_1303": "PASS",
    "upper_sandwich_1304": "PASS",
    "lower_sandwich_1304": "PASS",
    "upper_sandwich_1305": "PASS",
    "lower_sandwich_1305": "PASS",
    "upper_sandwich_1306": "PASS",
    "lower_sandwich_1306": "PASS",
    "upper_sandwich_1307": "PASS",
    "lower_sandwich_1307": "PASS",
    "upper_sandwich_1308": "PASS",
    "lower_sandwich_1308": "PASS",
    "upper_sandwich_1309": "PASS",
    "lower_sandwich_1309": "PASS",
    "upper_sandwich_1310": "PASS",
    "lower_sandwich_1310": "PASS",
    "upper_sandwich_1311": "PASS",
    "lower_sandwich_1311": "PASS",
    "upper_sandwich_1312": "PASS",
    "lower_sandwich_1312": "PASS",
    "upper_sandwich_1313": "PASS",
    "lower_sandwich_1313": "PASS",
    "upper_sandwich_1314": "PASS",
    "lower_sandwich_1314": "PASS",
    "upper_sandwich_1315": "PASS",
    "lower_sandwich_1315": "PASS",
    "upper_sandwich_1316": "PASS",
    "lower_sandwich_1316": "PASS",
    "upper_sandwich_1317": "PASS",
    "lower_sandwich_1317": "PASS",
    "upper_sandwich_1318": "PASS",
    "lower_sandwich_1318": "PASS",
    "upper_sandwich_1319": "PASS",
    "lower_sandwich_1319": "PASS",
    "upper_sandwich_1320": "PASS",
    "lower_sandwich_1320": "PASS",
    "upper_sandwich_1321": "PASS",
    "lower_sandwich_1321": "PASS",
    "upper_sandwich_1322": "PASS",
    "lower_sandwich_1322": "PASS",
    "upper_sandwich_1323": "PASS",
    "lower_sandwich_1323": "PASS",
    "upper_sandwich_1324": "PASS",
    "lower_sandwich_1324": "PASS",
    "upper_sandwich_1325": "PASS",
    "lower_sandwich_1325": "PASS",
    "upper_sandwich_1326": "PASS",
    "lower_sandwich_1326": "PASS",
    "upper_sandwich_1327": "PASS",
    "lower_sandwich_1327": "PASS",
    "upper_sandwich_1328": "PASS",
    "lower_sandwich_1328": "PASS",
    "upper_sandwich_1329": "PASS",
    "lower_sandwich_1329": "PASS",
    "upper_sandwich_1330": "PASS",
    "lower_sandwich_1330": "PASS",
    "upper_sandwich_1331": "PASS",
    "lower_sandwich_1331": "PASS",
    "upper_sandwich_1332": "PASS",
    "lower_sandwich_1332": "PASS",
    "upper_sandwich_1333": "PASS",
    "lower_sandwich_1333": "PASS",
    "upper_sandwich_1334": "PASS",
    "lower_sandwich_1334": "PASS",
    "upper_sandwich_1335": "PASS",
    "lower_sandwich_1335": "PASS",
    "upper_sandwich_1336": "PASS",
    "lower_sandwich_1336": "PASS",
    "upper_sandwich_1337": "PASS",
    "lower_sandwich_1337": "PASS",
    "upper_sandwich_1338": "PASS",
    "lower_sandwich_1338": "PASS",
    "upper_sandwich_1339": "PASS",
    "lower_sandwich_1339": "PASS",
    "upper_sandwich_1340": "PASS",
    "lower_sandwich_1340": "PASS",
    "upper_sandwich_1341": "PASS",
    "lower_sandwich_1341": "PASS",
    "upper_sandwich_1342": "PASS",
    "lower_sandwich_1342": "PASS",
    "upper_sandwich_1343": "PASS",
    "lower_sandwich_1343": "PASS",
    "upper_sandwich_1344": "PASS",
    "lower_sandwich_1344": "PASS",
    "upper_sandwich_1345": "PASS",
    "lower_sandwich_1345": "PASS",
    "upper_sandwich_1346": "PASS",
    "lower_sandwich_1346": "PASS",
    "upper_sandwich_1347": "PASS",
    "lower_sandwich_1347": "PASS",
    "upper_sandwich_1348": "PASS",
    "lower_sandwich_1348": "PASS",
    "upper_sandwich_1349": "PASS",
    "lower_sandwich_1349": "PASS",
    "upper_sandwich_1350": "PASS",
    "lower_sandwich_1350": "PASS",
    "upper_sandwich_1351": "PASS",
    "lower_sandwich_1351": "PASS",
    "upper_sandwich_1352": "PASS",
    "lower_sandwich_1352": "PASS",
    "upper_sandwich_1353": "PASS",
    "lower_sandwich_1353": "PASS",
    "upper_sandwich_1354": "PASS",
    "lower_sandwich_1354": "PASS",
    "upper_sandwich_1355": "PASS",
    "lower_sandwich_1355": "PASS",
    "upper_sandwich_1356": "PASS",
    "lower_sandwich_1356": "PASS",
    "upper_sandwich_1357": "PASS",
    "lower_sandwich_1357": "PASS",
    "upper_sandwich_1358": "PASS",
    "lower_sandwich_1358": "PASS",
    "upper_sandwich_1359": "PASS",
    "lower_sandwich_1359": "PASS",
    "upper_sandwich_1360": "PASS",
    "lower_sandwich_1360": "PASS",
    "upper_sandwich_1361": "PASS",
    "lower_sandwich_1361": "PASS",
    "upper_sandwich_1362": "PASS",
    "lower_sandwich_1362": "PASS",
    "upper_sandwich_1363": "PASS",
    "lower_sandwich_1363": "PASS",
    "upper_sandwich_1364": "PASS",
    "lower_sandwich_1364": "PASS",
    "upper_sandwich_1365": "PASS",
    "lower_sandwich_1365": "PASS",
    "upper_sandwich_1366": "PASS",
    "lower_sandwich_1366": "PASS",
    "upper_sandwich_1367": "PASS",
    "lower_sandwich_1367": "PASS",
    "upper_sandwich_1368": "PASS",
    "lower_sandwich_1368": "PASS",
    "upper_sandwich_1369": "PASS",
    "lower_sandwich_1369": "PASS",
    "upper_sandwich_1370": "PASS",
    "lower_sandwich_1370": "PASS",
    "upper_sandwich_1371": "PASS",
    "lower_sandwich_1371": "PASS",
    "upper_sandwich_1372": "PASS",
    "lower_sandwich_1372": "PASS",
    "upper_sandwich_1373": "PASS",
    "lower_sandwich_1373": "PASS",
    "upper_sandwich_1374": "PASS",
    "lower_sandwich_1374": "PASS",
    "upper_sandwich_1375": "PASS",
    "lower_sandwich_1375": "PASS",
    "upper_sandwich_1376": "PASS",
    "lower_sandwich_1376": "PASS",
    "upper_sandwich_1377": "PASS",
    "lower_sandwich_1377": "PASS",
    "upper_sandwich_1378": "PASS",
    "lower_sandwich_1378": "PASS",
    "upper_sandwich_1379": "PASS",
    "lower_sandwich_1379": "PASS",
    "upper_sandwich_1380": "PASS",
    "lower_sandwich_1380": "PASS",
    "upper_sandwich_1381": "PASS",
    "lower_sandwich_1381": "PASS",
    "upper_sandwich_1382": "PASS",
    "lower_sandwich_1382": "PASS",
    "upper_sandwich_1383": "PASS",
    "lower_sandwich_1383": "PASS",
    "upper_sandwich_1384": "PASS",
    "lower_sandwich_1384": "PASS",
    "upper_sandwich_1385": "PASS",
    "lower_sandwich_1385": "PASS",
    "upper_sandwich_1386": "PASS",
    "lower_sandwich_1386": "PASS",
    "upper_sandwich_1387": "PASS",
    "lower_sandwich_1387": "PASS",
    "upper_sandwich_1388": "PASS",
    "lower_sandwich_1388": "PASS",
    "upper_sandwich_1389": "PASS",
    "lower_sandwich_1389": "PASS",
    "upper_sandwich_1390": "PASS",
    "lower_sandwich_1390": "PASS",
    "upper_sandwich_1391": "PASS",
    "lower_sandwich_1391": "PASS",
    "upper_sandwich_1392": "PASS",
    "lower_sandwich_1392": "PASS",
    "upper_sandwich_1393": "PASS",
    "lower_sandwich_1393": "PASS",
    "upper_sandwich_1394": "PASS",
    "lower_sandwich_1394": "PASS",
    "upper_sandwich_1395": "PASS",
    "lower_sandwich_1395": "PASS",
    "upper_sandwich_1396": "PASS",
    "lower_sandwich_1396": "PASS",
    "upper_sandwich_1397": "PASS",
    "lower_sandwich_1397": "PASS",
    "upper_sandwich_1398": "PASS",
    "lower_sandwich_1398": "PASS",
    "upper_sandwich_1399": "PASS",
    "lower_sandwich_1399": "PASS",
    "upper_sandwich_1400": "PASS",
    "lower_sandwich_1400": "PASS",
    "upper_sandwich_1401": "PASS",
    "lower_sandwich_1401": "PASS",
    "upper_sandwich_1402": "PASS",
    "lower_sandwich_1402": "PASS",
    "upper_sandwich_1403": "PASS",
    "lower_sandwich_1403": "PASS",
    "upper_sandwich_1404": "PASS",
    "lower_sandwich_1404": "PASS",
    "upper_sandwich_1405": "PASS",
    "lower_sandwich_1405": "PASS",
    "upper_sandwich_1406": "PASS",
    "lower_sandwich_1406": "PASS",
    "upper_sandwich_1407": "PASS",
    "lower_sandwich_1407": "PASS",
    "upper_sandwich_1408": "PASS",
    "lower_sandwich_1408": "PASS",
    "upper_sandwich_1409": "PASS",
    "lower_sandwich_1409": "PASS",
    "upper_sandwich_1410": "PASS",
    "lower_sandwich_1410": "PASS",
    "upper_sandwich_1411": "PASS",
    "lower_sandwich_1411": "PASS",
    "upper_sandwich_1412": "PASS",
    "lower_sandwich_1412": "PASS",
    "upper_sandwich_1413": "PASS",
    "lower_sandwich_1413": "PASS",
    "upper_sandwich_1414": "PASS",
    "lower_sandwich_1414": "PASS",
    "upper_sandwich_1415": "PASS",
    "lower_sandwich_1415": "PASS",
    "upper_sandwich_1416": "PASS",
    "lower_sandwich_1416": "PASS",
    "upper_sandwich_1417": "PASS",
    "lower_sandwich_1417": "PASS",
    "upper_sandwich_1418": "PASS",
    "lower_sandwich_1418": "PASS",
    "upper_sandwich_1419": "PASS",
    "lower_sandwich_1419": "PASS",
    "upper_sandwich_1420": "PASS",
    "lower_sandwich_1420": "PASS",
    "upper_sandwich_1421": "PASS",
    "lower_sandwich_1421": "PASS",
    "upper_sandwich_1422": "PASS",
    "lower_sandwich_1422": "PASS",
    "upper_sandwich_1423": "PASS",
    "lower_sandwich_1423": "PASS",
    "upper_sandwich_1424": "PASS",
    "lower_sandwich_1424": "PASS",
    "upper_sandwich_1425": "PASS",
    "lower_sandwich_1425": "PASS",
    "upper_sandwich_1426": "PASS",
    "lower_sandwich_1426": "PASS",
    "upper_sandwich_1427": "PASS",
    "lower_sandwich_1427": "PASS",
    "upper_sandwich_1428": "PASS",
    "lower_sandwich_1428": "PASS",
    "upper_sandwich_1429": "PASS",
    "lower_sandwich_1429": "PASS",
    "upper_sandwich_1430": "PASS",
    "lower_sandwich_1430": "PASS",
    "upper_sandwich_1431": "PASS",
    "lower_sandwich_1431": "PASS",
    "upper_sandwich_1432": "PASS",
    "lower_sandwich_1432": "PASS",
    "upper_sandwich_1433": "PASS",
    "lower_sandwich_1433": "PASS",
    "upper_sandwich_1434": "PASS",
    "lower_sandwich_1434": "PASS",
    "upper_sandwich_1435": "PASS",
    "lower_sandwich_1435": "PASS",
    "upper_sandwich_1436": "PASS",
    "lower_sandwich_1436": "PASS",
    "upper_sandwich_1437": "PASS",
    "lower_sandwich_1437": "PASS",
    "upper_sandwich_1438": "PASS",
    "lower_sandwich_1438": "PASS",
    "upper_sandwich_1439": "PASS",
    "lower_sandwich_1439": "PASS",
    "upper_sandwich_1440": "PASS",
    "lower_sandwich_1440": "PASS",
    "upper_sandwich_1441": "PASS",
    "lower_sandwich_1441": "PASS",
    "upper_sandwich_1442": "PASS",
    "lower_sandwich_1442": "PASS",
    "upper_sandwich_1443": "PASS",
    "lower_sandwich_1443": "PASS",
    "upper_sandwich_1444": "PASS",
    "lower_sandwich_1444": "PASS",
    "upper_sandwich_1445": "PASS",
    "lower_sandwich_1445": "PASS",
    "upper_sandwich_1446": "PASS",
    "lower_sandwich_1446": "PASS",
    "upper_sandwich_1447": "PASS",
    "lower_sandwich_1447": "PASS",
    "upper_sandwich_1448": "PASS",
    "lower_sandwich_1448": "PASS",
    "upper_sandwich_1449": "PASS",
    "lower_sandwich_1449": "PASS",
    "upper_sandwich_1450": "PASS",
    "lower_sandwich_1450": "PASS",
    "upper_sandwich_1451": "PASS",
    "lower_sandwich_1451": "PASS",
    "upper_sandwich_1452": "PASS",
    "lower_sandwich_1452": "PASS",
    "upper_sandwich_1453": "PASS",
    "lower_sandwich_1453": "PASS",
    "upper_sandwich_1454": "PASS",
    "lower_sandwich_1454": "PASS",
    "upper_sandwich_1455": "PASS",
    "lower_sandwich_1455": "PASS",
    "upper_sandwich_1456": "PASS",
    "lower_sandwich_1456": "PASS",
    "upper_sandwich_1457": "PASS",
    "lower_sandwich_1457": "PASS",
    "upper_sandwich_1458": "PASS",
    "lower_sandwich_1458": "PASS",
    "upper_sandwich_1459": "PASS",
    "lower_sandwich_1459": "PASS",
    "upper_sandwich_1460": "PASS",
    "lower_sandwich_1460": "PASS",
    "upper_sandwich_1461": "PASS",
    "lower_sandwich_1461": "PASS",
    "upper_sandwich_1462": "PASS",
    "lower_sandwich_1462": "PASS",
    "upper_sandwich_1463": "PASS",
    "lower_sandwich_1463": "PASS",
    "upper_sandwich_1464": "PASS",
    "lower_sandwich_1464": "PASS",
    "upper_sandwich_1465": "PASS",
    "lower_sandwich_1465": "PASS",
    "upper_sandwich_1466": "PASS",
    "lower_sandwich_1466": "PASS",
    "upper_sandwich_1467": "PASS",
    "lower_sandwich_1467": "PASS",
    "upper_sandwich_1468": "PASS",
    "lower_sandwich_1468": "PASS",
    "upper_sandwich_1469": "PASS",
    "lower_sandwich_1469": "PASS",
    "upper_sandwich_1470": "PASS",
    "lower_sandwich_1470": "PASS",
    "upper_sandwich_1471": "PASS",
    "lower_sandwich_1471": "PASS",
    "upper_sandwich_1472": "PASS",
    "lower_sandwich_1472": "PASS",
    "upper_sandwich_1473": "PASS",
    "lower_sandwich_1473": "PASS",
    "upper_sandwich_1474": "PASS",
    "lower_sandwich_1474": "PASS",
    "upper_sandwich_1475": "PASS",
    "lower_sandwich_1475": "PASS",
    "upper_sandwich_1476": "PASS",
    "lower_sandwich_1476": "PASS",
    "upper_sandwich_1477": "PASS",
    "lower_sandwich_1477": "PASS",
    "upper_sandwich_1478": "PASS",
    "lower_sandwich_1478": "PASS",
    "upper_sandwich_1479": "PASS",
    "lower_sandwich_1479": "PASS",
    "upper_sandwich_1480": "PASS",
    "lower_sandwich_1480": "PASS",
    "upper_sandwich_1481": "PASS",
    "lower_sandwich_1481": "PASS",
    "upper_sandwich_1482": "PASS",
    "lower_sandwich_1482": "PASS",
    "upper_sandwich_1483": "PASS",
    "lower_sandwich_1483": "PASS",
    "upper_sandwich_1484": "PASS",
    "lower_sandwich_1484": "PASS",
    "upper_sandwich_1485": "PASS",
    "lower_sandwich_1485": "PASS",
    "upper_sandwich_1486": "PASS",
    "lower_sandwich_1486": "PASS",
    "upper_sandwich_1487": "PASS",
    "lower_sandwich_1487": "PASS",
    "upper_sandwich_1488": "PASS",
    "lower_sandwich_1488": "PASS",
    "upper_sandwich_1489": "PASS",
    "lower_sandwich_1489": "PASS",
    "upper_sandwich_1490": "PASS",
    "lower_sandwich_1490": "PASS",
    "upper_sandwich_1491": "PASS",
    "lower_sandwich_1491": "PASS",
    "upper_sandwich_1492": "PASS",
    "lower_sandwich_1492": "PASS",
    "upper_sandwich_1493": "PASS",
    "lower_sandwich_1493": "PASS",
    "upper_sandwich_1494": "PASS",
    "lower_sandwich_1494": "PASS",
    "upper_sandwich_1495": "PASS",
    "lower_sandwich_1495": "PASS",
    "upper_sandwich_1496": "PASS",
    "lower_sandwich_1496": "PASS",
    "upper_sandwich_1497": "PASS",
    "lower_sandwich_1497": "PASS",
    "upper_sandwich_1498": "PASS",
    "lower_sandwich_1498": "PASS",
    "upper_sandwich_1499": "PASS",
    "lower_sandwich_1499": "PASS",
    "upper_sandwich_1500": "PASS",
    "lower_sandwich_1500": "PASS",
    "upper_sandwich_1501": "PASS",
    "lower_sandwich_1501": "PASS",
    "upper_sandwich_1502": "PASS",
    "lower_sandwich_1502": "PASS",
    "upper_sandwich_1503": "PASS",
    "lower_sandwich_1503": "PASS",
    "upper_sandwich_1504": "PASS",
    "lower_sandwich_1504": "PASS",
    "upper_sandwich_1505": "PASS",
    "lower_sandwich_1505": "PASS",
    "upper_sandwich_1506": "PASS",
    "lower_sandwich_1506": "PASS",
    "upper_sandwich_1507": "PASS",
    "lower_sandwich_1507": "PASS",
    "upper_sandwich_1508": "PASS",
    "lower_sandwich_1508": "PASS",
    "upper_sandwich_1509": "PASS",
    "lower_sandwich_1509": "PASS",
    "upper_sandwich_1510": "PASS",
    "lower_sandwich_1510": "PASS",
    "upper_sandwich_1511": "PASS",
    "lower_sandwich_1511": "PASS",
    "upper_sandwich_1512": "PASS",
    "lower_sandwich_1512": "PASS",
    "upper_sandwich_1513": "PASS",
    "lower_sandwich_1513": "PASS",
    "upper_sandwich_1514": "PASS",
    "lower_sandwich_1514": "PASS",
    "upper_sandwich_1515": "PASS",
    "lower_sandwich_1515": "PASS",
    "upper_sandwich_1516": "PASS",
    "lower_sandwich_1516": "PASS",
    "upper_sandwich_1517": "PASS",
    "lower_sandwich_1517": "PASS",
    "upper_sandwich_1518": "PASS",
    "lower_sandwich_1518": "PASS",
    "upper_sandwich_1519": "PASS",
    "lower_sandwich_1519": "PASS",
    "upper_sandwich_1520": "PASS",
    "lower_sandwich_1520": "PASS",
    "upper_sandwich_1521": "PASS",
    "lower_sandwich_1521": "PASS",
    "upper_sandwich_1522": "PASS",
    "lower_sandwich_1522": "PASS",
    "upper_sandwich_1523": "PASS",
    "lower_sandwich_1523": "PASS",
    "upper_sandwich_1524": "PASS",
    "lower_sandwich_1524": "PASS",
    "upper_sandwich_1525": "PASS",
    "lower_sandwich_1525": "PASS",
    "upper_sandwich_1526": "PASS",
    "lower_sandwich_1526": "PASS",
    "upper_sandwich_1527": "PASS",
    "lower_sandwich_1527": "PASS",
    "upper_sandwich_1528": "PASS",
    "lower_sandwich_1528": "PASS",
    "upper_sandwich_1529": "PASS",
    "lower_sandwich_1529": "PASS",
    "upper_sandwich_1530": "PASS",
    "lower_sandwich_1530": "PASS",
    "upper_sandwich_1531": "PASS",
    "lower_sandwich_1531": "PASS",
    "upper_sandwich_1532": "PASS",
    "lower_sandwich_1532": "PASS",
    "upper_sandwich_1533": "PASS",
    "lower_sandwich_1533": "PASS",
    "upper_sandwich_1534": "PASS",
    "lower_sandwich_1534": "PASS",
    "upper_sandwich_1535": "PASS",
    "lower_sandwich_1535": "PASS",
    "upper_sandwich_1536": "PASS",
    "lower_sandwich_1536": "PASS",
    "upper_sandwich_1537": "PASS",
    "lower_sandwich_1537": "PASS",
    "upper_sandwich_1538": "PASS",
    "lower_sandwich_1538": "PASS",
    "upper_sandwich_1539": "PASS",
    "lower_sandwich_1539": "PASS",
    "upper_sandwich_1540": "PASS",
    "lower_sandwich_1540": "PASS",
    "upper_sandwich_1541": "PASS",
    "lower_sandwich_1541": "PASS",
    "upper_sandwich_1542": "PASS",
    "lower_sandwich_1542": "PASS",
    "upper_sandwich_1543": "PASS",
    "lower_sandwich_1543": "PASS",
    "upper_sandwich_1544": "PASS",
    "lower_sandwich_1544": "PASS",
    "upper_sandwich_1545": "PASS",
    "lower_sandwich_1545": "PASS",
    "upper_sandwich_1546": "PASS",
    "lower_sandwich_1546": "PASS",
    "upper_sandwich_1547": "PASS",
    "lower_sandwich_1547": "PASS",
    "upper_sandwich_1548": "PASS",
    "lower_sandwich_1548": "PASS",
    "upper_sandwich_1549": "PASS",
    "lower_sandwich_1549": "PASS",
    "upper_sandwich_1550": "PASS",
    "lower_sandwich_1550": "PASS",
    "upper_sandwich_1551": "PASS",
    "lower_sandwich_1551": "PASS",
    "upper_sandwich_1552": "PASS",
    "lower_sandwich_1552": "PASS",
    "upper_sandwich_1553": "PASS",
    "lower_sandwich_1553": "PASS",
    "upper_sandwich_1554": "PASS",
    "lower_sandwich_1554": "PASS",
    "upper_sandwich_1555": "PASS",
    "lower_sandwich_1555": "PASS",
    "upper_sandwich_1556": "PASS",
    "lower_sandwich_1556": "PASS",
    "upper_sandwich_1557": "PASS",
    "lower_sandwich_1557": "PASS",
    "upper_sandwich_1558": "PASS",
    "lower_sandwich_1558": "PASS",
    "upper_sandwich_1559": "PASS",
    "lower_sandwich_1559": "PASS",
    "upper_sandwich_1560": "PASS",
    "lower_sandwich_1560": "PASS",
    "upper_sandwich_1561": "PASS",
    "lower_sandwich_1561": "PASS",
    "upper_sandwich_1562": "PASS",
    "lower_sandwich_1562": "PASS",
    "upper_sandwich_1563": "PASS",
    "lower_sandwich_1563": "PASS",
    "upper_sandwich_1564": "PASS",
    "lower_sandwich_1564": "PASS",
    "upper_sandwich_1565": "PASS",
    "lower_sandwich_1565": "PASS",
    "upper_sandwich_1566": "PASS",
    "lower_sandwich_1566": "PASS",
    "upper_sandwich_1567": "PASS",
    "lower_sandwich_1567": "PASS",
    "upper_sandwich_1568": "PASS",
    "lower_sandwich_1568": "PASS",
    "upper_sandwich_1569": "PASS",
    "lower_sandwich_1569": "PASS",
    "upper_sandwich_1570": "PASS",
    "lower_sandwich_1570": "PASS",
    "upper_sandwich_1571": "PASS",
    "lower_sandwich_1571": "PASS",
    "upper_sandwich_1572": "PASS",
    "lower_sandwich_1572": "PASS",
    "upper_sandwich_1573": "PASS",
    "lower_sandwich_1573": "PASS",
    "upper_sandwich_1574": "PASS",
    "lower_sandwich_1574": "PASS",
    "upper_sandwich_1575": "PASS",
    "lower_sandwich_1575": "PASS",
    "upper_sandwich_1576": "PASS",
    "lower_sandwich_1576": "PASS",
    "upper_sandwich_1577": "PASS",
    "lower_sandwich_1577": "PASS",
    "upper_sandwich_1578": "PASS",
    "lower_sandwich_1578": "PASS",
    "upper_sandwich_1579": "PASS",
    "lower_sandwich_1579": "PASS",
    "upper_sandwich_1580": "PASS",
    "lower_sandwich_1580": "PASS",
    "upper_sandwich_1581": "PASS",
    "lower_sandwich_1581": "PASS",
    "upper_sandwich_1582": "PASS",
    "lower_sandwich_1582": "PASS",
    "upper_sandwich_1583": "PASS",
    "lower_sandwich_1583": "PASS",
    "upper_sandwich_1584": "PASS",
    "lower_sandwich_1584": "PASS",
    "upper_sandwich_1585": "PASS",
    "lower_sandwich_1585": "PASS",
    "upper_sandwich_1586": "PASS",
    "lower_sandwich_1586": "PASS",
    "upper_sandwich_1587": "PASS",
    "lower_sandwich_1587": "PASS",
    "upper_sandwich_1588": "PASS",
    "lower_sandwich_1588": "PASS",
    "upper_sandwich_1589": "PASS",
    "lower_sandwich_1589": "PASS",
    "upper_sandwich_1590": "PASS",
    "lower_sandwich_1590": "PASS",
    "upper_sandwich_1591": "PASS",
    "lower_sandwich_1591": "PASS",
    "upper_sandwich_1592": "PASS",
    "lower_sandwich_1592": "PASS",
    "upper_sandwich_1593": "PASS",
    "lower_sandwich_1593": "PASS",
    "upper_sandwich_1594": "PASS",
    "lower_sandwich_1594": "PASS",
    "upper_sandwich_1595": "PASS",
    "lower_sandwich_1595": "PASS",
    "upper_sandwich_1596": "PASS",
    "lower_sandwich_1596": "PASS",
    "upper_sandwich_1597": "PASS",
    "lower_sandwich_1597": "PASS",
    "upper_sandwich_1598": "PASS",
    "lower_sandwich_1598": "PASS",
    "upper_sandwich_1599": "PASS",
    "lower_sandwich_1599": "PASS",
    "upper_sandwich_1600": "PASS",
    "lower_sandwich_1600": "PASS",
    "upper_sandwich_1601": "PASS",
    "lower_sandwich_1601": "PASS",
    "upper_sandwich_1602": "PASS",
    "lower_sandwich_1602": "PASS",
    "upper_sandwich_1603": "PASS",
    "lower_sandwich_1603": "PASS",
    "upper_sandwich_1604": "PASS",
    "lower_sandwich_1604": "PASS",
    "upper_sandwich_1605": "PASS",
    "lower_sandwich_1605": "PASS",
    "upper_sandwich_1606": "PASS",
    "lower_sandwich_1606": "PASS",
    "upper_sandwich_1607": "PASS",
    "lower_sandwich_1607": "PASS",
    "upper_sandwich_1608": "PASS",
    "lower_sandwich_1608": "PASS",
    "upper_sandwich_1609": "PASS",
    "lower_sandwich_1609": "PASS",
    "upper_sandwich_1610": "PASS",
    "lower_sandwich_1610": "PASS",
    "upper_sandwich_1611": "PASS",
    "lower_sandwich_1611": "PASS",
    "upper_sandwich_1612": "PASS",
    "lower_sandwich_1612": "PASS",
    "upper_sandwich_1613": "PASS",
    "lower_sandwich_1613": "PASS",
    "upper_sandwich_1614": "PASS",
    "lower_sandwich_1614": "PASS",
    "upper_sandwich_1615": "PASS",
    "lower_sandwich_1615": "PASS",
    "upper_sandwich_1616": "PASS",
    "lower_sandwich_1616": "PASS",
    "upper_sandwich_1617": "PASS",
    "lower_sandwich_1617": "PASS",
    "upper_sandwich_1618": "PASS",
    "lower_sandwich_1618": "PASS",
    "upper_sandwich_1619": "PASS",
    "lower_sandwich_1619": "PASS",
    "upper_sandwich_1620": "PASS",
    "lower_sandwich_1620": "PASS",
    "upper_sandwich_1621": "PASS",
    "lower_sandwich_1621": "PASS",
    "upper_sandwich_1622": "PASS",
    "lower_sandwich_1622": "PASS",
    "upper_sandwich_1623": "PASS",
    "lower_sandwich_1623": "PASS",
    "upper_sandwich_1624": "PASS",
    "lower_sandwich_1624": "PASS",
    "upper_sandwich_1625": "PASS",
    "lower_sandwich_1625": "PASS",
    "upper_sandwich_1626": "PASS",
    "lower_sandwich_1626": "PASS",
    "upper_sandwich_1627": "PASS",
    "lower_sandwich_1627": "PASS",
    "upper_sandwich_1628": "PASS",
    "lower_sandwich_1628": "PASS",
    "upper_sandwich_1629": "PASS",
    "lower_sandwich_1629": "PASS",
    "upper_sandwich_1630": "PASS",
    "lower_sandwich_1630": "PASS",
    "upper_sandwich_1631": "PASS",
    "lower_sandwich_1631": "PASS",
    "upper_sandwich_1632": "PASS",
    "lower_sandwich_1632": "PASS",
    "upper_sandwich_1633": "PASS",
    "lower_sandwich_1633": "PASS",
    "upper_sandwich_1634": "PASS",
    "lower_sandwich_1634": "PASS",
    "upper_sandwich_1635": "PASS",
    "lower_sandwich_1635": "PASS",
    "upper_sandwich_1636": "PASS",
    "lower_sandwich_1636": "PASS",
    "upper_sandwich_1637": "PASS",
    "lower_sandwich_1637": "PASS",
    "upper_sandwich_1638": "PASS",
    "lower_sandwich_1638": "PASS",
    "upper_sandwich_1639": "PASS",
    "lower_sandwich_1639": "PASS",
    "upper_sandwich_1640": "PASS",
    "lower_sandwich_1640": "PASS",
    "upper_sandwich_1641": "PASS",
    "lower_sandwich_1641": "PASS",
    "upper_sandwich_1642": "PASS",
    "lower_sandwich_1642": "PASS",
    "upper_sandwich_1643": "PASS",
    "lower_sandwich_1643": "PASS",
    "upper_sandwich_1644": "PASS",
    "lower_sandwich_1644": "PASS",
    "upper_sandwich_1645": "PASS",
    "lower_sandwich_1645": "PASS",
    "upper_sandwich_1646": "PASS",
    "lower_sandwich_1646": "PASS",
    "upper_sandwich_1647": "PASS",
    "lower_sandwich_1647": "PASS",
    "upper_sandwich_1648": "PASS",
    "lower_sandwich_1648": "PASS",
    "upper_sandwich_1649": "PASS",
    "lower_sandwich_1649": "PASS",
    "upper_sandwich_1650": "PASS",
    "lower_sandwich_1650": "PASS",
    "upper_sandwich_1651": "PASS",
    "lower_sandwich_1651": "PASS",
    "upper_sandwich_1652": "PASS",
    "lower_sandwich_1652": "PASS",
    "upper_sandwich_1653": "PASS",
    "lower_sandwich_1653": "PASS",
    "upper_sandwich_1654": "PASS",
    "lower_sandwich_1654": "PASS",
    "upper_sandwich_1655": "PASS",
    "lower_sandwich_1655": "PASS",
    "upper_sandwich_1656": "PASS",
    "lower_sandwich_1656": "PASS",
    "upper_sandwich_1657": "PASS",
    "lower_sandwich_1657": "PASS",
    "upper_sandwich_1658": "PASS",
    "lower_sandwich_1658": "PASS",
    "upper_sandwich_1659": "PASS",
    "lower_sandwich_1659": "PASS",
    "upper_sandwich_1660": "PASS",
    "lower_sandwich_1660": "PASS",
    "upper_sandwich_1661": "PASS",
    "lower_sandwich_1661": "PASS",
    "upper_sandwich_1662": "PASS",
    "lower_sandwich_1662": "PASS",
    "upper_sandwich_1663": "PASS",
    "lower_sandwich_1663": "PASS",
    "upper_sandwich_1664": "PASS",
    "lower_sandwich_1664": "PASS",
    "upper_sandwich_1665": "PASS",
    "lower_sandwich_1665": "PASS",
    "upper_sandwich_1666": "PASS",
    "lower_sandwich_1666": "PASS",
    "upper_sandwich_1667": "PASS",
    "lower_sandwich_1667": "PASS",
    "upper_sandwich_1668": "PASS",
    "lower_sandwich_1668": "PASS",
    "upper_sandwich_1669": "PASS",
    "lower_sandwich_1669": "PASS",
    "upper_sandwich_1670": "PASS",
    "lower_sandwich_1670": "PASS",
    "upper_sandwich_1671": "PASS",
    "lower_sandwich_1671": "PASS",
    "upper_sandwich_1672": "PASS",
    "lower_sandwich_1672": "PASS",
    "upper_sandwich_1673": "PASS",
    "lower_sandwich_1673": "PASS",
    "upper_sandwich_1674": "PASS",
    "lower_sandwich_1674": "PASS",
    "upper_sandwich_1675": "PASS",
    "lower_sandwich_1675": "PASS",
    "upper_sandwich_1676": "PASS",
    "lower_sandwich_1676": "PASS",
    "upper_sandwich_1677": "PASS",
    "lower_sandwich_1677": "PASS",
    "upper_sandwich_1678": "PASS",
    "lower_sandwich_1678": "PASS",
    "upper_sandwich_1679": "PASS",
    "lower_sandwich_1679": "PASS",
    "upper_sandwich_1680": "PASS",
    "lower_sandwich_1680": "PASS",
    "upper_sandwich_1681": "PASS",
    "lower_sandwich_1681": "PASS",
    "upper_sandwich_1682": "PASS",
    "lower_sandwich_1682": "PASS",
    "upper_sandwich_1683": "PASS",
    "lower_sandwich_1683": "PASS",
    "upper_sandwich_1684": "PASS",
    "lower_sandwich_1684": "PASS",
    "upper_sandwich_1685": "PASS",
    "lower_sandwich_1685": "PASS",
    "upper_sandwich_1686": "PASS",
    "lower_sandwich_1686": "PASS",
    "upper_sandwich_1687": "PASS",
    "lower_sandwich_1687": "PASS",
    "upper_sandwich_1688": "PASS",
    "lower_sandwich_1688": "PASS",
    "upper_sandwich_1689": "PASS",
    "lower_sandwich_1689": "PASS",
    "upper_sandwich_1690": "PASS",
    "lower_sandwich_1690": "PASS",
    "upper_sandwich_1691": "PASS",
    "lower_sandwich_1691": "PASS",
    "upper_sandwich_1692": "PASS",
    "lower_sandwich_1692": "PASS",
    "upper_sandwich_1693": "PASS",
    "lower_sandwich_1693": "PASS",
    "upper_sandwich_1694": "PASS",
    "lower_sandwich_1694": "PASS",
    "upper_sandwich_1695": "PASS",
    "lower_sandwich_1695": "PASS",
    "upper_sandwich_1696": "PASS",
    "lower_sandwich_1696": "PASS",
    "upper_sandwich_1697": "PASS",
    "lower_sandwich_1697": "PASS",
    "upper_sandwich_1698": "PASS",
    "lower_sandwich_1698": "PASS",
    "upper_sandwich_1699": "PASS",
    "lower_sandwich_1699": "PASS",
    "upper_sandwich_1700": "PASS",
    "lower_sandwich_1700": "PASS",
    "upper_sandwich_1701": "PASS",
    "lower_sandwich_1701": "PASS",
    "upper_sandwich_1702": "PASS",
    "lower_sandwich_1702": "PASS",
    "upper_sandwich_1703": "PASS",
    "lower_sandwich_1703": "PASS",
    "upper_sandwich_1704": "PASS",
    "lower_sandwich_1704": "PASS",
    "upper_sandwich_1705": "PASS",
    "lower_sandwich_1705": "PASS",
    "upper_sandwich_1706": "PASS",
    "lower_sandwich_1706": "PASS",
    "upper_sandwich_1707": "PASS",
    "lower_sandwich_1707": "PASS",
    "upper_sandwich_1708": "PASS",
    "lower_sandwich_1708": "PASS",
    "upper_sandwich_1709": "PASS",
    "lower_sandwich_1709": "PASS",
    "upper_sandwich_1710": "PASS",
    "lower_sandwich_1710": "PASS",
    "upper_sandwich_1711": "PASS",
    "lower_sandwich_1711": "PASS",
    "upper_sandwich_1712": "PASS",
    "lower_sandwich_1712": "PASS",
    "upper_sandwich_1713": "PASS",
    "lower_sandwich_1713": "PASS",
    "upper_sandwich_1714": "PASS",
    "lower_sandwich_1714": "PASS",
    "upper_sandwich_1715": "PASS",
    "lower_sandwich_1715": "PASS",
    "upper_sandwich_1716": "PASS",
    "lower_sandwich_1716": "PASS",
    "upper_sandwich_1717": "PASS",
    "lower_sandwich_1717": "PASS",
    "upper_sandwich_1718": "PASS",
    "lower_sandwich_1718": "PASS",
    "upper_sandwich_1719": "PASS",
    "lower_sandwich_1719": "PASS",
    "upper_sandwich_1720": "PASS",
    "lower_sandwich_1720": "PASS",
    "upper_sandwich_1721": "PASS",
    "lower_sandwich_1721": "PASS",
    "upper_sandwich_1722": "PASS",
    "lower_sandwich_1722": "PASS",
    "upper_sandwich_1723": "PASS",
    "lower_sandwich_1723": "PASS",
    "upper_sandwich_1724": "PASS",
    "lower_sandwich_1724": "PASS",
    "upper_sandwich_1725": "PASS",
    "lower_sandwich_1725": "PASS",
    "upper_sandwich_1726": "PASS",
    "lower_sandwich_1726": "PASS",
    "upper_sandwich_1727": "PASS",
    "lower_sandwich_1727": "PASS",
    "upper_sandwich_1728": "PASS",
    "lower_sandwich_1728": "PASS",
    "upper_sandwich_1729": "PASS",
    "lower_sandwich_1729": "PASS",
    "upper_sandwich_1730": "PASS",
    "lower_sandwich_1730": "PASS",
    "upper_sandwich_1731": "PASS",
    "lower_sandwich_1731": "PASS",
    "upper_sandwich_1732": "PASS",
    "lower_sandwich_1732": "PASS",
    "upper_sandwich_1733": "PASS",
    "lower_sandwich_1733": "PASS",
    "upper_sandwich_1734": "PASS",
    "lower_sandwich_1734": "PASS",
    "upper_sandwich_1735": "PASS",
    "lower_sandwich_1735": "PASS",
    "upper_sandwich_1736": "PASS",
    "lower_sandwich_1736": "PASS",
    "upper_sandwich_1737": "PASS",
    "lower_sandwich_1737": "PASS",
    "upper_sandwich_1738": "PASS",
    "lower_sandwich_1738": "PASS",
    "upper_sandwich_1739": "PASS",
    "lower_sandwich_1739": "PASS",
    "upper_sandwich_1740": "PASS",
    "lower_sandwich_1740": "PASS",
    "upper_sandwich_1741": "PASS",
    "lower_sandwich_1741": "PASS",
    "upper_sandwich_1742": "PASS",
    "lower_sandwich_1742": "PASS",
    "upper_sandwich_1743": "PASS",
    "lower_sandwich_1743": "PASS",
    "upper_sandwich_1744": "PASS",
    "lower_sandwich_1744": "PASS",
    "upper_sandwich_1745": "PASS",
    "lower_sandwich_1745": "PASS",
    "upper_sandwich_1746": "PASS",
    "lower_sandwich_1746": "PASS",
    "upper_sandwich_1747": "PASS",
    "lower_sandwich_1747": "PASS",
    "upper_sandwich_1748": "PASS",
    "lower_sandwich_1748": "PASS",
    "upper_sandwich_1749": "PASS",
    "lower_sandwich_1749": "PASS",
    "upper_sandwich_1750": "PASS",
    "lower_sandwich_1750": "PASS",
    "upper_sandwich_1751": "PASS",
    "lower_sandwich_1751": "PASS",
    "upper_sandwich_1752": "PASS",
    "lower_sandwich_1752": "PASS",
    "upper_sandwich_1753": "PASS",
    "lower_sandwich_1753": "PASS",
    "upper_sandwich_1754": "PASS",
    "lower_sandwich_1754": "PASS",
    "upper_sandwich_1755": "PASS",
    "lower_sandwich_1755": "PASS",
    "upper_sandwich_1756": "PASS",
    "lower_sandwich_1756": "PASS",
    "upper_sandwich_1757": "PASS",
    "lower_sandwich_1757": "PASS",
    "upper_sandwich_1758": "PASS",
    "lower_sandwich_1758": "PASS",
    "upper_sandwich_1759": "PASS",
    "lower_sandwich_1759": "PASS",
    "upper_sandwich_1760": "PASS",
    "lower_sandwich_1760": "PASS",
    "upper_sandwich_1761": "PASS",
    "lower_sandwich_1761": "PASS",
    "upper_sandwich_1762": "PASS",
    "lower_sandwich_1762": "PASS",
    "upper_sandwich_1763": "PASS",
    "lower_sandwich_1763": "PASS",
    "upper_sandwich_1764": "PASS",
    "lower_sandwich_1764": "PASS",
    "upper_sandwich_1765": "PASS",
    "lower_sandwich_1765": "PASS",
    "upper_sandwich_1766": "PASS",
    "lower_sandwich_1766": "PASS",
    "upper_sandwich_1767": "PASS",
    "lower_sandwich_1767": "PASS",
    "upper_sandwich_1768": "PASS",
    "lower_sandwich_1768": "PASS",
    "upper_sandwich_1769": "PASS",
    "lower_sandwich_1769": "PASS",
    "upper_sandwich_1770": "PASS",
    "lower_sandwich_1770": "PASS",
    "upper_sandwich_1771": "PASS",
    "lower_sandwich_1771": "PASS",
    "upper_sandwich_1772": "PASS",
    "lower_sandwich_1772": "PASS",
    "upper_sandwich_1773": "PASS",
    "lower_sandwich_1773": "PASS",
    "upper_sandwich_1774": "PASS",
    "lower_sandwich_1774": "PASS",
    "upper_sandwich_1775": "PASS",
    "lower_sandwich_1775": "PASS",
    "upper_sandwich_1776": "PASS",
    "lower_sandwich_1776": "PASS",
    "upper_sandwich_1777": "PASS",
    "lower_sandwich_1777": "PASS",
    "upper_sandwich_1778": "PASS",
    "lower_sandwich_1778": "PASS",
    "upper_sandwich_1779": "PASS",
    "lower_sandwich_1779": "PASS",
    "upper_sandwich_1780": "PASS",
    "lower_sandwich_1780": "PASS",
    "upper_sandwich_1781": "PASS",
    "lower_sandwich_1781": "PASS",
    "upper_sandwich_1782": "PASS",
    "lower_sandwich_1782": "PASS",
    "upper_sandwich_1783": "PASS",
    "lower_sandwich_1783": "PASS",
    "upper_sandwich_1784": "PASS",
    "lower_sandwich_1784": "PASS",
    "upper_sandwich_1785": "PASS",
    "lower_sandwich_1785": "PASS",
    "upper_sandwich_1786": "PASS",
    "lower_sandwich_1786": "PASS",
    "upper_sandwich_1787": "PASS",
    "lower_sandwich_1787": "PASS",
    "upper_sandwich_1788": "PASS",
    "lower_sandwich_1788": "PASS",
    "upper_sandwich_1789": "PASS",
    "lower_sandwich_1789": "PASS",
    "upper_sandwich_1790": "PASS",
    "lower_sandwich_1790": "PASS",
    "upper_sandwich_1791": "PASS",
    "lower_sandwich_1791": "PASS",
    "upper_sandwich_1792": "PASS",
    "lower_sandwich_1792": "PASS",
    "upper_sandwich_1793": "PASS",
    "lower_sandwich_1793": "PASS",
    "upper_sandwich_1794": "PASS",
    "lower_sandwich_1794": "PASS",
    "upper_sandwich_1795": "PASS",
    "lower_sandwich_1795": "PASS",
    "upper_sandwich_1796": "PASS",
    "lower_sandwich_1796": "PASS",
    "upper_sandwich_1797": "PASS",
    "lower_sandwich_1797": "PASS",
    "upper_sandwich_1798": "PASS",
    "lower_sandwich_1798": "PASS",
    "upper_sandwich_1799": "PASS",
    "lower_sandwich_1799": "PASS",
    "pair_tail_0": "PASS",
    "pair_tail_1": "PASS",
    "pair_tail_2": "PASS",
    "pair_tail_3": "PASS",
    "pair_tail_4": "PASS",
    "pair_tail_5": "PASS",
    "pair_tail_6": "PASS",
    "pair_tail_7": "PASS",
    "pair_tail_8": "PASS",
    "pair_tail_9": "PASS",
    "pair_tail_10": "PASS",
    "pair_tail_11": "PASS",
    "pair_tail_12": "PASS",
    "pair_tail_13": "PASS",
    "pair_tail_14": "PASS",
    "pair_tail_15": "PASS",
    "pair_tail_16": "PASS",
    "pair_tail_17": "PASS",
    "pair_tail_18": "PASS",
    "pair_tail_19": "PASS",
    "pair_tail_20": "PASS",
    "pair_tail_21": "PASS",
    "pair_tail_22": "PASS",
    "pair_tail_23": "PASS",
    "pair_tail_24": "PASS",
    "pair_tail_25": "PASS",
    "pair_tail_26": "PASS",
    "pair_tail_27": "PASS",
    "pair_tail_28": "PASS",
    "pair_tail_29": "PASS",
    "pair_tail_30": "PASS",
    "pair_tail_31": "PASS",
    "pair_tail_32": "PASS",
    "pair_tail_33": "PASS",
    "pair_tail_34": "PASS",
    "pair_tail_35": "PASS",
    "pair_tail_36": "PASS",
    "pair_tail_37": "PASS",
    "pair_tail_38": "PASS",
    "pair_tail_39": "PASS",
    "pair_tail_40": "PASS",
    "pair_tail_41": "PASS",
    "pair_tail_42": "PASS",
    "pair_tail_43": "PASS",
    "pair_tail_44": "PASS",
    "atomic_jump_1": "PASS",
    "half_cutoff_1": "PASS",
    "atomic_jump_2": "PASS",
    "half_cutoff_2": "PASS",
    "atomic_jump_4": "PASS",
    "half_cutoff_4": "PASS",
    "pareto_differentiated_layercake_2": "PASS",
    "pareto_threshold_2": "PASS",
    "pareto_differentiated_layercake_4": "PASS",
    "pareto_threshold_4": "PASS",
    "pareto_differentiated_layercake_9/2": "PASS",
    "pareto_threshold_9/2": "PASS",
    "pareto_differentiated_layercake_5": "PASS",
    "pareto_threshold_5": "PASS",
    "finite_mean_tail_countercontrol": "PASS"
  }
}
