$ /Users/alec/Documents/Math/qubit_povm_pvm_minimum_settings/bell_lean/.venv/bin/python scripts/source_audit.py
STATIC PASS: 837 theorem declarations; 76 source modules
This is a text audit, not parsing, elaboration, or kernel verification.
$ /Users/alec/Documents/Math/qubit_povm_pvm_minimum_settings/bell_lean/.venv/bin/python scripts/source_completion_inventory.py
{
  "status": "passed",
  "module_count_excluding_root_and_audit": 68,
  "theorem_lemma_declaration_count": 837,
  "mathematical_source_lines": 12516,
  "lean_compiled": false
}
$ /Users/alec/Documents/Math/qubit_povm_pvm_minimum_settings/bell_lean/.venv/bin/python scripts/preflight_checks.py
STATIC PREFLIGHT: 68 modules; 826 public dependency queries; no visibility candidates.
Not Lean elaboration or mathematical verification.
$ git -C /Users/alec/Documents/Math/qubit_povm_pvm_minimum_settings/version2_completion_20260921/extracted/final/qubit-povm-pvm-v2.0.0/bell_lean/.lake/packages/plausible rev-parse HEAD
77e08eddc486491d7b9e470926b3dbe50319451a
$ git -C /Users/alec/Documents/Math/qubit_povm_pvm_minimum_settings/version2_completion_20260921/extracted/final/qubit-povm-pvm-v2.0.0/bell_lean/.lake/packages/plausible diff --quiet HEAD --
$ git -C /Users/alec/Documents/Math/qubit_povm_pvm_minimum_settings/version2_completion_20260921/extracted/final/qubit-povm-pvm-v2.0.0/bell_lean/.lake/packages/LeanSearchClient rev-parse HEAD
25078369972d295301f5a1e53c3e5850cf6d9d4c
$ git -C /Users/alec/Documents/Math/qubit_povm_pvm_minimum_settings/version2_completion_20260921/extracted/final/qubit-povm-pvm-v2.0.0/bell_lean/.lake/packages/LeanSearchClient diff --quiet HEAD --
$ git -C /Users/alec/Documents/Math/qubit_povm_pvm_minimum_settings/version2_completion_20260921/extracted/final/qubit-povm-pvm-v2.0.0/bell_lean/.lake/packages/importGraph rev-parse HEAD
e6a9f0f5ee3ccf7443a0070f92b62f8db12ae82b
$ git -C /Users/alec/Documents/Math/qubit_povm_pvm_minimum_settings/version2_completion_20260921/extracted/final/qubit-povm-pvm-v2.0.0/bell_lean/.lake/packages/importGraph diff --quiet HEAD --
$ git -C /Users/alec/Documents/Math/qubit_povm_pvm_minimum_settings/version2_completion_20260921/extracted/final/qubit-povm-pvm-v2.0.0/bell_lean/.lake/packages/proofwidgets rev-parse HEAD
c4919189477c3221e6a204008998b0d724f49904
$ git -C /Users/alec/Documents/Math/qubit_povm_pvm_minimum_settings/version2_completion_20260921/extracted/final/qubit-povm-pvm-v2.0.0/bell_lean/.lake/packages/proofwidgets diff --quiet HEAD --
$ git -C /Users/alec/Documents/Math/qubit_povm_pvm_minimum_settings/version2_completion_20260921/extracted/final/qubit-povm-pvm-v2.0.0/bell_lean/.lake/packages/aesop rev-parse HEAD
5d50b08dedd7d69b3d9b3176e0d58a23af228884
$ git -C /Users/alec/Documents/Math/qubit_povm_pvm_minimum_settings/version2_completion_20260921/extracted/final/qubit-povm-pvm-v2.0.0/bell_lean/.lake/packages/aesop diff --quiet HEAD --
$ git -C /Users/alec/Documents/Math/qubit_povm_pvm_minimum_settings/version2_completion_20260921/extracted/final/qubit-povm-pvm-v2.0.0/bell_lean/.lake/packages/Qq rev-parse HEAD
fa4f7f15d97591a9cf3aa7724ba371c7fc6dda02
$ git -C /Users/alec/Documents/Math/qubit_povm_pvm_minimum_settings/version2_completion_20260921/extracted/final/qubit-povm-pvm-v2.0.0/bell_lean/.lake/packages/Qq diff --quiet HEAD --
$ git -C /Users/alec/Documents/Math/qubit_povm_pvm_minimum_settings/version2_completion_20260921/extracted/final/qubit-povm-pvm-v2.0.0/bell_lean/.lake/packages/batteries rev-parse HEAD
f5d04a9c4973d401c8c92500711518f7c656f034
$ git -C /Users/alec/Documents/Math/qubit_povm_pvm_minimum_settings/version2_completion_20260921/extracted/final/qubit-povm-pvm-v2.0.0/bell_lean/.lake/packages/batteries diff --quiet HEAD --
$ git -C /Users/alec/Documents/Math/qubit_povm_pvm_minimum_settings/version2_completion_20260921/extracted/final/qubit-povm-pvm-v2.0.0/bell_lean/.lake/packages/Cli rev-parse HEAD
02dbd02bc00ec4916e99b04b2245b30200e200d0
$ git -C /Users/alec/Documents/Math/qubit_povm_pvm_minimum_settings/version2_completion_20260921/extracted/final/qubit-povm-pvm-v2.0.0/bell_lean/.lake/packages/Cli diff --quiet HEAD --
$ git -C /Users/alec/Documents/Math/qubit_povm_pvm_minimum_settings/version2_completion_20260921/extracted/final/qubit-povm-pvm-v2.0.0/bell_lean/.lake/packages/mathlib rev-parse HEAD
c44e0c8ee63ca166450922a373c7409c5d26b00b
$ git -C /Users/alec/Documents/Math/qubit_povm_pvm_minimum_settings/version2_completion_20260921/extracted/final/qubit-povm-pvm-v2.0.0/bell_lean/.lake/packages/mathlib diff --quiet HEAD --
$ lake env lean --version
Lean (version 4.19.0, arm64-apple-darwin23.6.0, commit 6caaee842e94, Release)
$ lake env lean --githash
6caaee842e9495688c1567e78c0e68dbb96942aa
$ git -C /Users/alec/Documents/Math/qubit_povm_pvm_minimum_settings/version2_completion_20260921/extracted/final/qubit-povm-pvm-v2.0.0/bell_lean/.lake/packages/plausible rev-parse HEAD
77e08eddc486491d7b9e470926b3dbe50319451a
$ git -C /Users/alec/Documents/Math/qubit_povm_pvm_minimum_settings/version2_completion_20260921/extracted/final/qubit-povm-pvm-v2.0.0/bell_lean/.lake/packages/plausible diff --quiet HEAD --
$ git -C /Users/alec/Documents/Math/qubit_povm_pvm_minimum_settings/version2_completion_20260921/extracted/final/qubit-povm-pvm-v2.0.0/bell_lean/.lake/packages/LeanSearchClient rev-parse HEAD
25078369972d295301f5a1e53c3e5850cf6d9d4c
$ git -C /Users/alec/Documents/Math/qubit_povm_pvm_minimum_settings/version2_completion_20260921/extracted/final/qubit-povm-pvm-v2.0.0/bell_lean/.lake/packages/LeanSearchClient diff --quiet HEAD --
$ git -C /Users/alec/Documents/Math/qubit_povm_pvm_minimum_settings/version2_completion_20260921/extracted/final/qubit-povm-pvm-v2.0.0/bell_lean/.lake/packages/importGraph rev-parse HEAD
e6a9f0f5ee3ccf7443a0070f92b62f8db12ae82b
$ git -C /Users/alec/Documents/Math/qubit_povm_pvm_minimum_settings/version2_completion_20260921/extracted/final/qubit-povm-pvm-v2.0.0/bell_lean/.lake/packages/importGraph diff --quiet HEAD --
$ git -C /Users/alec/Documents/Math/qubit_povm_pvm_minimum_settings/version2_completion_20260921/extracted/final/qubit-povm-pvm-v2.0.0/bell_lean/.lake/packages/proofwidgets rev-parse HEAD
c4919189477c3221e6a204008998b0d724f49904
$ git -C /Users/alec/Documents/Math/qubit_povm_pvm_minimum_settings/version2_completion_20260921/extracted/final/qubit-povm-pvm-v2.0.0/bell_lean/.lake/packages/proofwidgets diff --quiet HEAD --
$ git -C /Users/alec/Documents/Math/qubit_povm_pvm_minimum_settings/version2_completion_20260921/extracted/final/qubit-povm-pvm-v2.0.0/bell_lean/.lake/packages/aesop rev-parse HEAD
5d50b08dedd7d69b3d9b3176e0d58a23af228884
$ git -C /Users/alec/Documents/Math/qubit_povm_pvm_minimum_settings/version2_completion_20260921/extracted/final/qubit-povm-pvm-v2.0.0/bell_lean/.lake/packages/aesop diff --quiet HEAD --
$ git -C /Users/alec/Documents/Math/qubit_povm_pvm_minimum_settings/version2_completion_20260921/extracted/final/qubit-povm-pvm-v2.0.0/bell_lean/.lake/packages/Qq rev-parse HEAD
fa4f7f15d97591a9cf3aa7724ba371c7fc6dda02
$ git -C /Users/alec/Documents/Math/qubit_povm_pvm_minimum_settings/version2_completion_20260921/extracted/final/qubit-povm-pvm-v2.0.0/bell_lean/.lake/packages/Qq diff --quiet HEAD --
$ git -C /Users/alec/Documents/Math/qubit_povm_pvm_minimum_settings/version2_completion_20260921/extracted/final/qubit-povm-pvm-v2.0.0/bell_lean/.lake/packages/batteries rev-parse HEAD
f5d04a9c4973d401c8c92500711518f7c656f034
$ git -C /Users/alec/Documents/Math/qubit_povm_pvm_minimum_settings/version2_completion_20260921/extracted/final/qubit-povm-pvm-v2.0.0/bell_lean/.lake/packages/batteries diff --quiet HEAD --
$ git -C /Users/alec/Documents/Math/qubit_povm_pvm_minimum_settings/version2_completion_20260921/extracted/final/qubit-povm-pvm-v2.0.0/bell_lean/.lake/packages/Cli rev-parse HEAD
02dbd02bc00ec4916e99b04b2245b30200e200d0
$ git -C /Users/alec/Documents/Math/qubit_povm_pvm_minimum_settings/version2_completion_20260921/extracted/final/qubit-povm-pvm-v2.0.0/bell_lean/.lake/packages/Cli diff --quiet HEAD --
$ git -C /Users/alec/Documents/Math/qubit_povm_pvm_minimum_settings/version2_completion_20260921/extracted/final/qubit-povm-pvm-v2.0.0/bell_lean/.lake/packages/mathlib rev-parse HEAD
c44e0c8ee63ca166450922a373c7409c5d26b00b
$ git -C /Users/alec/Documents/Math/qubit_povm_pvm_minimum_settings/version2_completion_20260921/extracted/final/qubit-povm-pvm-v2.0.0/bell_lean/.lake/packages/mathlib diff --quiet HEAD --
$ lake env lean reports/runs/20260921T150935Z-9ebb22fc/SmokeValid.lean
$ lake env lean reports/runs/20260921T150935Z-9ebb22fc/SmokeInvalid.lean
reports/runs/20260921T150935Z-9ebb22fc/SmokeInvalid.lean:2:19: error: type mismatch
  True.intro
has type
  True : Prop
but is expected to have type
  False : Prop
$ lake build Bell.Quantum
✔ [2822/2822] Built Bell.Quantum
Build completed successfully.
$ lake build Bell.Expectation
✔ [2823/2823] Built Bell.Expectation
Build completed successfully.
$ lake build Bell.EntrywiseTopology
✔ [2823/2823] Built Bell.EntrywiseTopology
Build completed successfully.
$ lake build Bell.Lorentz
⚠ [1222/1222] Built Bell.Lorentz
warning: ././././Bell/Lorentz.lean:63:71: this tactic is never executed
note: this linter can be disabled with `set_option linter.unreachableTactic false`
warning: ././././Bell/Lorentz.lean:63:71: 'ring' tactic does nothing
note: this linter can be disabled with `set_option linter.unusedTactic false`
warning: ././././Bell/Lorentz.lean:114:2: Used `tac1 <;> tac2` where `(tac1; tac2)` would suffice
note: this linter can be disabled with `set_option linter.unnecessarySeqFocus false`
warning: ././././Bell/Lorentz.lean:118:62: Used `tac1 <;> tac2` where `(tac1; tac2)` would suffice
note: this linter can be disabled with `set_option linter.unnecessarySeqFocus false`
warning: ././././Bell/Lorentz.lean:146:2: Used `tac1 <;> tac2` where `(tac1; tac2)` would suffice
note: this linter can be disabled with `set_option linter.unnecessarySeqFocus false`
warning: ././././Bell/Lorentz.lean:212:47: this tactic is never executed
note: this linter can be disabled with `set_option linter.unreachableTactic false`
warning: ././././Bell/Lorentz.lean:212:47: 'ring' tactic does nothing
note: this linter can be disabled with `set_option linter.unusedTactic false`
warning: ././././Bell/Lorentz.lean:218:2: Used `tac1 <;> tac2` where `(tac1; tac2)` would suffice
note: this linter can be disabled with `set_option linter.unnecessarySeqFocus false`
warning: ././././Bell/Lorentz.lean:223:2: Used `tac1 <;> tac2` where `(tac1; tac2)` would suffice
note: this linter can be disabled with `set_option linter.unnecessarySeqFocus false`
Build completed successfully.
$ lake build Bell.UphillDirection
⚠ [1222/1376] Replayed Bell.Lorentz
warning: ././././Bell/Lorentz.lean:63:71: this tactic is never executed
note: this linter can be disabled with `set_option linter.unreachableTactic false`
warning: ././././Bell/Lorentz.lean:63:71: 'ring' tactic does nothing
note: this linter can be disabled with `set_option linter.unusedTactic false`
warning: ././././Bell/Lorentz.lean:114:2: Used `tac1 <;> tac2` where `(tac1; tac2)` would suffice
note: this linter can be disabled with `set_option linter.unnecessarySeqFocus false`
warning: ././././Bell/Lorentz.lean:118:62: Used `tac1 <;> tac2` where `(tac1; tac2)` would suffice
note: this linter can be disabled with `set_option linter.unnecessarySeqFocus false`
warning: ././././Bell/Lorentz.lean:146:2: Used `tac1 <;> tac2` where `(tac1; tac2)` would suffice
note: this linter can be disabled with `set_option linter.unnecessarySeqFocus false`
warning: ././././Bell/Lorentz.lean:212:47: this tactic is never executed
note: this linter can be disabled with `set_option linter.unreachableTactic false`
warning: ././././Bell/Lorentz.lean:212:47: 'ring' tactic does nothing
note: this linter can be disabled with `set_option linter.unusedTactic false`
warning: ././././Bell/Lorentz.lean:218:2: Used `tac1 <;> tac2` where `(tac1; tac2)` would suffice
note: this linter can be disabled with `set_option linter.unnecessarySeqFocus false`
warning: ././././Bell/Lorentz.lean:223:2: Used `tac1 <;> tac2` where `(tac1; tac2)` would suffice
note: this linter can be disabled with `set_option linter.unnecessarySeqFocus false`
✔ [1376/1376] Built Bell.UphillDirection
Build completed successfully.
$ lake build Bell.IncidenceAlgebra
⚠ [2824/2826] Replayed Bell.Lorentz
warning: ././././Bell/Lorentz.lean:63:71: this tactic is never executed
note: this linter can be disabled with `set_option linter.unreachableTactic false`
warning: ././././Bell/Lorentz.lean:63:71: 'ring' tactic does nothing
note: this linter can be disabled with `set_option linter.unusedTactic false`
warning: ././././Bell/Lorentz.lean:114:2: Used `tac1 <;> tac2` where `(tac1; tac2)` would suffice
note: this linter can be disabled with `set_option linter.unnecessarySeqFocus false`
warning: ././././Bell/Lorentz.lean:118:62: Used `tac1 <;> tac2` where `(tac1; tac2)` would suffice
note: this linter can be disabled with `set_option linter.unnecessarySeqFocus false`
warning: ././././Bell/Lorentz.lean:146:2: Used `tac1 <;> tac2` where `(tac1; tac2)` would suffice
note: this linter can be disabled with `set_option linter.unnecessarySeqFocus false`
warning: ././././Bell/Lorentz.lean:212:47: this tactic is never executed
note: this linter can be disabled with `set_option linter.unreachableTactic false`
warning: ././././Bell/Lorentz.lean:212:47: 'ring' tactic does nothing
note: this linter can be disabled with `set_option linter.unusedTactic false`
warning: ././././Bell/Lorentz.lean:218:2: Used `tac1 <;> tac2` where `(tac1; tac2)` would suffice
note: this linter can be disabled with `set_option linter.unnecessarySeqFocus false`
warning: ././././Bell/Lorentz.lean:223:2: Used `tac1 <;> tac2` where `(tac1; tac2)` would suffice
note: this linter can be disabled with `set_option linter.unnecessarySeqFocus false`
✔ [2826/2826] Built Bell.IncidenceAlgebra
Build completed successfully.
$ lake build Bell.ProjectiveFiber
⚠ [1222/1223] Replayed Bell.Lorentz
warning: ././././Bell/Lorentz.lean:63:71: this tactic is never executed
note: this linter can be disabled with `set_option linter.unreachableTactic false`
warning: ././././Bell/Lorentz.lean:63:71: 'ring' tactic does nothing
note: this linter can be disabled with `set_option linter.unusedTactic false`
warning: ././././Bell/Lorentz.lean:114:2: Used `tac1 <;> tac2` where `(tac1; tac2)` would suffice
note: this linter can be disabled with `set_option linter.unnecessarySeqFocus false`
warning: ././././Bell/Lorentz.lean:118:62: Used `tac1 <;> tac2` where `(tac1; tac2)` would suffice
note: this linter can be disabled with `set_option linter.unnecessarySeqFocus false`
warning: ././././Bell/Lorentz.lean:146:2: Used `tac1 <;> tac2` where `(tac1; tac2)` would suffice
note: this linter can be disabled with `set_option linter.unnecessarySeqFocus false`
warning: ././././Bell/Lorentz.lean:212:47: this tactic is never executed
note: this linter can be disabled with `set_option linter.unreachableTactic false`
warning: ././././Bell/Lorentz.lean:212:47: 'ring' tactic does nothing
note: this linter can be disabled with `set_option linter.unusedTactic false`
warning: ././././Bell/Lorentz.lean:218:2: Used `tac1 <;> tac2` where `(tac1; tac2)` would suffice
note: this linter can be disabled with `set_option linter.unnecessarySeqFocus false`
warning: ././././Bell/Lorentz.lean:223:2: Used `tac1 <;> tac2` where `(tac1; tac2)` would suffice
note: this linter can be disabled with `set_option linter.unnecessarySeqFocus false`
✔ [1223/1223] Built Bell.ProjectiveFiber
Build completed successfully.
$ lake build Bell.QubitCoordinates
⚠ [2825/2829] Replayed Bell.Lorentz
warning: ././././Bell/Lorentz.lean:63:71: this tactic is never executed
note: this linter can be disabled with `set_option linter.unreachableTactic false`
warning: ././././Bell/Lorentz.lean:63:71: 'ring' tactic does nothing
note: this linter can be disabled with `set_option linter.unusedTactic false`
warning: ././././Bell/Lorentz.lean:114:2: Used `tac1 <;> tac2` where `(tac1; tac2)` would suffice
note: this linter can be disabled with `set_option linter.unnecessarySeqFocus false`
warning: ././././Bell/Lorentz.lean:118:62: Used `tac1 <;> tac2` where `(tac1; tac2)` would suffice
note: this linter can be disabled with `set_option linter.unnecessarySeqFocus false`
warning: ././././Bell/Lorentz.lean:146:2: Used `tac1 <;> tac2` where `(tac1; tac2)` would suffice
note: this linter can be disabled with `set_option linter.unnecessarySeqFocus false`
warning: ././././Bell/Lorentz.lean:212:47: this tactic is never executed
note: this linter can be disabled with `set_option linter.unreachableTactic false`
warning: ././././Bell/Lorentz.lean:212:47: 'ring' tactic does nothing
note: this linter can be disabled with `set_option linter.unusedTactic false`
warning: ././././Bell/Lorentz.lean:218:2: Used `tac1 <;> tac2` where `(tac1; tac2)` would suffice
note: this linter can be disabled with `set_option linter.unnecessarySeqFocus false`
warning: ././././Bell/Lorentz.lean:223:2: Used `tac1 <;> tac2` where `(tac1; tac2)` would suffice
note: this linter can be disabled with `set_option linter.unnecessarySeqFocus false`
✔ [2829/2829] Built Bell.QubitCoordinates
Build completed successfully.
$ lake build Bell.Purification
⚠ [2825/2830] Replayed Bell.Lorentz
warning: ././././Bell/Lorentz.lean:63:71: this tactic is never executed
note: this linter can be disabled with `set_option linter.unreachableTactic false`
warning: ././././Bell/Lorentz.lean:63:71: 'ring' tactic does nothing
note: this linter can be disabled with `set_option linter.unusedTactic false`
warning: ././././Bell/Lorentz.lean:114:2: Used `tac1 <;> tac2` where `(tac1; tac2)` would suffice
note: this linter can be disabled with `set_option linter.unnecessarySeqFocus false`
warning: ././././Bell/Lorentz.lean:118:62: Used `tac1 <;> tac2` where `(tac1; tac2)` would suffice
note: this linter can be disabled with `set_option linter.unnecessarySeqFocus false`
warning: ././././Bell/Lorentz.lean:146:2: Used `tac1 <;> tac2` where `(tac1; tac2)` would suffice
note: this linter can be disabled with `set_option linter.unnecessarySeqFocus false`
warning: ././././Bell/Lorentz.lean:212:47: this tactic is never executed
note: this linter can be disabled with `set_option linter.unreachableTactic false`
warning: ././././Bell/Lorentz.lean:212:47: 'ring' tactic does nothing
note: this linter can be disabled with `set_option linter.unusedTactic false`
warning: ././././Bell/Lorentz.lean:218:2: Used `tac1 <;> tac2` where `(tac1; tac2)` would suffice
note: this linter can be disabled with `set_option linter.unnecessarySeqFocus false`
warning: ././././Bell/Lorentz.lean:223:2: Used `tac1 <;> tac2` where `(tac1; tac2)` would suffice
note: this linter can be disabled with `set_option linter.unnecessarySeqFocus false`
✔ [2830/2830] Built Bell.Purification
Build completed successfully.
$ lake build Bell.MeasurementGeometry
⚠ [2825/2831] Replayed Bell.Lorentz
warning: ././././Bell/Lorentz.lean:63:71: this tactic is never executed
note: this linter can be disabled with `set_option linter.unreachableTactic false`
warning: ././././Bell/Lorentz.lean:63:71: 'ring' tactic does nothing
note: this linter can be disabled with `set_option linter.unusedTactic false`
warning: ././././Bell/Lorentz.lean:114:2: Used `tac1 <;> tac2` where `(tac1; tac2)` would suffice
note: this linter can be disabled with `set_option linter.unnecessarySeqFocus false`
warning: ././././Bell/Lorentz.lean:118:62: Used `tac1 <;> tac2` where `(tac1; tac2)` would suffice
note: this linter can be disabled with `set_option linter.unnecessarySeqFocus false`
warning: ././././Bell/Lorentz.lean:146:2: Used `tac1 <;> tac2` where `(tac1; tac2)` would suffice
note: this linter can be disabled with `set_option linter.unnecessarySeqFocus false`
warning: ././././Bell/Lorentz.lean:212:47: this tactic is never executed
note: this linter can be disabled with `set_option linter.unreachableTactic false`
warning: ././././Bell/Lorentz.lean:212:47: 'ring' tactic does nothing
note: this linter can be disabled with `set_option linter.unusedTactic false`
warning: ././././Bell/Lorentz.lean:218:2: Used `tac1 <;> tac2` where `(tac1; tac2)` would suffice
note: this linter can be disabled with `set_option linter.unnecessarySeqFocus false`
warning: ././././Bell/Lorentz.lean:223:2: Used `tac1 <;> tac2` where `(tac1; tac2)` would suffice
note: this linter can be disabled with `set_option linter.unnecessarySeqFocus false`
⚠ [2831/2831] Built Bell.MeasurementGeometry
warning: ././././Bell/MeasurementGeometry.lean:123:52: unused variable `hA`
note: this linter can be disabled with `set_option linter.unusedVariables false`
warning: ././././Bell/MeasurementGeometry.lean:124:5: unused variable `hB`
note: this linter can be disabled with `set_option linter.unusedVariables false`
Build completed successfully.
$ lake build Bell.ClassicalProduct
⚠ [2793/2793] Built Bell.ClassicalProduct
warning: ././././Bell/ClassicalProduct.lean:27:0: automatically included section variable(s) unused in theorem 'Bell.ClassicalProduct.total_mass':
  [(x : X) → DecidableEq (O x)]
consider restructuring your `variable` declarations so that the variables are not in scope or explicitly omit them:
  omit [(x : X) → DecidableEq (O x)] in theorem ...
note: this linter can be disabled with `set_option linter.unusedSectionVars false`
warning: ././././Bell/ClassicalProduct.lean:42:0: automatically included section variable(s) unused in theorem 'Bell.ClassicalProduct.pin_mass':
  [(x : X) → Fintype (O x)]
consider restructuring your `variable` declarations so that the variables are not in scope or explicitly omit them:
  omit [(x : X) → Fintype (O x)] in theorem ...
note: this linter can be disabled with `set_option linter.unusedSectionVars false`
warning: ././././Bell/ClassicalProduct.lean:89:0: automatically included section variable(s) unused in theorem 'Bell.ClassicalProduct.conditional_normalized':
  [Fintype X]
  [DecidableEq X]
  [(x : X) → DecidableEq (O x)]
  [Fintype B]
  [DecidableEq B]
consider restructuring your `variable` declarations so that the variables are not in scope or explicitly omit them:
  omit [Fintype X] [DecidableEq X] [(x : X) → DecidableEq (O x)] [Fintype B] [DecidableEq B] in theorem ...
note: this linter can be disabled with `set_option linter.unusedSectionVars false`
warning: ././././Bell/ClassicalProduct.lean:95:0: automatically included section variable(s) unused in theorem 'Bell.ClassicalProduct.weight_nonnegative':
  [DecidableEq X]
  [(x : X) → Fintype (O x)]
  [(x : X) → DecidableEq (O x)]
  [Fintype B]
  [DecidableEq B]
consider restructuring your `variable` declarations so that the variables are not in scope or explicitly omit them:
  omit [DecidableEq
  X] [(x : X) → Fintype (O x)] [(x : X) → DecidableEq (O x)] [Fintype B] [DecidableEq B] in theorem ...
note: this linter can be disabled with `set_option linter.unusedSectionVars false`
warning: ././././Bell/ClassicalProduct.lean:119:0: automatically included section variable(s) unused in theorem 'Bell.ClassicalProduct.entry_zero_of_marginal_zero':
  [Fintype X]
  [DecidableEq X]
  [(x : X) → DecidableEq (O x)]
  [Fintype B]
  [DecidableEq B]
consider restructuring your `variable` declarations so that the variables are not in scope or explicitly omit them:
  omit [Fintype X] [DecidableEq X] [(x : X) → DecidableEq (O x)] [Fintype B] [DecidableEq B] in theorem ...
note: this linter can be disabled with `set_option linter.unusedSectionVars false`
Build completed successfully.
$ lake build Bell.Scalars
✔ [2793/2793] Built Bell.Scalars
Build completed successfully.
$ lake build Bell.Witness
⚠ [2824/2824] Built Bell.Witness
warning: ././././Bell/Witness.lean:137:2: Used `tac1 <;> tac2` where `(tac1; tac2)` would suffice
note: this linter can be disabled with `set_option linter.unnecessarySeqFocus false`
warning: ././././Bell/Witness.lean:224:2: Used `tac1 <;> tac2` where `(tac1; tac2)` would suffice
note: this linter can be disabled with `set_option linter.unnecessarySeqFocus false`
warning: ././././Bell/Witness.lean:224:14: Used `tac1 <;> tac2` where `(tac1; tac2)` would suffice
note: this linter can be disabled with `set_option linter.unnecessarySeqFocus false`
Build completed successfully.
$ lake build Bell.Transportation
⚠ [2793/2793] Built Bell.Transportation
warning: ././././Bell/Transportation.lean:75:28: Used `tac1 <;> tac2` where `(tac1; tac2)` would suffice
note: this linter can be disabled with `set_option linter.unnecessarySeqFocus false`
Build completed successfully.
$ lake build Bell.LocalSimulation
⚠ [2824/2826] Replayed Bell.Witness
warning: ././././Bell/Witness.lean:137:2: Used `tac1 <;> tac2` where `(tac1; tac2)` would suffice
note: this linter can be disabled with `set_option linter.unnecessarySeqFocus false`
warning: ././././Bell/Witness.lean:224:2: Used `tac1 <;> tac2` where `(tac1; tac2)` would suffice
note: this linter can be disabled with `set_option linter.unnecessarySeqFocus false`
warning: ././././Bell/Witness.lean:224:14: Used `tac1 <;> tac2` where `(tac1; tac2)` would suffice
note: this linter can be disabled with `set_option linter.unnecessarySeqFocus false`
⚠ [2825/2826] Replayed Bell.Transportation
warning: ././././Bell/Transportation.lean:75:28: Used `tac1 <;> tac2` where `(tac1; tac2)` would suffice
note: this linter can be disabled with `set_option linter.unnecessarySeqFocus false`
✔ [2826/2826] Built Bell.LocalSimulation
Build completed successfully.
$ lake build Bell.ProductLocality
⚠ [2825/2837] Replayed Bell.Lorentz
warning: ././././Bell/Lorentz.lean:63:71: this tactic is never executed
note: this linter can be disabled with `set_option linter.unreachableTactic false`
warning: ././././Bell/Lorentz.lean:63:71: 'ring' tactic does nothing
note: this linter can be disabled with `set_option linter.unusedTactic false`
warning: ././././Bell/Lorentz.lean:114:2: Used `tac1 <;> tac2` where `(tac1; tac2)` would suffice
note: this linter can be disabled with `set_option linter.unnecessarySeqFocus false`
warning: ././././Bell/Lorentz.lean:118:62: Used `tac1 <;> tac2` where `(tac1; tac2)` would suffice
note: this linter can be disabled with `set_option linter.unnecessarySeqFocus false`
warning: ././././Bell/Lorentz.lean:146:2: Used `tac1 <;> tac2` where `(tac1; tac2)` would suffice
note: this linter can be disabled with `set_option linter.unnecessarySeqFocus false`
warning: ././././Bell/Lorentz.lean:212:47: this tactic is never executed
note: this linter can be disabled with `set_option linter.unreachableTactic false`
warning: ././././Bell/Lorentz.lean:212:47: 'ring' tactic does nothing
note: this linter can be disabled with `set_option linter.unusedTactic false`
warning: ././././Bell/Lorentz.lean:218:2: Used `tac1 <;> tac2` where `(tac1; tac2)` would suffice
note: this linter can be disabled with `set_option linter.unnecessarySeqFocus false`
warning: ././././Bell/Lorentz.lean:223:2: Used `tac1 <;> tac2` where `(tac1; tac2)` would suffice
note: this linter can be disabled with `set_option linter.unnecessarySeqFocus false`
⚠ [2831/2837] Replayed Bell.MeasurementGeometry
warning: ././././Bell/MeasurementGeometry.lean:123:52: unused variable `hA`
note: this linter can be disabled with `set_option linter.unusedVariables false`
warning: ././././Bell/MeasurementGeometry.lean:124:5: unused variable `hB`
note: this linter can be disabled with `set_option linter.unusedVariables false`
⚠ [2832/2837] Replayed Bell.ClassicalProduct
warning: ././././Bell/ClassicalProduct.lean:27:0: automatically included section variable(s) unused in theorem 'Bell.ClassicalProduct.total_mass':
  [(x : X) → DecidableEq (O x)]
consider restructuring your `variable` declarations so that the variables are not in scope or explicitly omit them:
  omit [(x : X) → DecidableEq (O x)] in theorem ...
note: this linter can be disabled with `set_option linter.unusedSectionVars false`
warning: ././././Bell/ClassicalProduct.lean:42:0: automatically included section variable(s) unused in theorem 'Bell.ClassicalProduct.pin_mass':
  [(x : X) → Fintype (O x)]
consider restructuring your `variable` declarations so that the variables are not in scope or explicitly omit them:
  omit [(x : X) → Fintype (O x)] in theorem ...
note: this linter can be disabled with `set_option linter.unusedSectionVars false`
warning: ././././Bell/ClassicalProduct.lean:89:0: automatically included section variable(s) unused in theorem 'Bell.ClassicalProduct.conditional_normalized':
  [Fintype X]
  [DecidableEq X]
  [(x : X) → DecidableEq (O x)]
  [Fintype B]
  [DecidableEq B]
consider restructuring your `variable` declarations so that the variables are not in scope or explicitly omit them:
  omit [Fintype X] [DecidableEq X] [(x : X) → DecidableEq (O x)] [Fintype B] [DecidableEq B] in theorem ...
note: this linter can be disabled with `set_option linter.unusedSectionVars false`
warning: ././././Bell/ClassicalProduct.lean:95:0: automatically included section variable(s) unused in theorem 'Bell.ClassicalProduct.weight_nonnegative':
  [DecidableEq X]
  [(x : X) → Fintype (O x)]
  [(x : X) → DecidableEq (O x)]
  [Fintype B]
  [DecidableEq B]
consider restructuring your `variable` declarations so that the variables are not in scope or explicitly omit them:
  omit [DecidableEq
  X] [(x : X) → Fintype (O x)] [(x : X) → DecidableEq (O x)] [Fintype B] [DecidableEq B] in theorem ...
note: this linter can be disabled with `set_option linter.unusedSectionVars false`
warning: ././././Bell/ClassicalProduct.lean:119:0: automatically included section variable(s) unused in theorem 'Bell.ClassicalProduct.entry_zero_of_marginal_zero':
  [Fintype X]
  [DecidableEq X]
  [(x : X) → DecidableEq (O x)]
  [Fintype B]
  [DecidableEq B]
consider restructuring your `variable` declarations so that the variables are not in scope or explicitly omit them:
  omit [Fintype X] [DecidableEq X] [(x : X) → DecidableEq (O x)] [Fintype B] [DecidableEq B] in theorem ...
note: this linter can be disabled with `set_option linter.unusedSectionVars false`
⚠ [2834/2837] Replayed Bell.Witness
warning: ././././Bell/Witness.lean:137:2: Used `tac1 <;> tac2` where `(tac1; tac2)` would suffice
note: this linter can be disabled with `set_option linter.unnecessarySeqFocus false`
warning: ././././Bell/Witness.lean:224:2: Used `tac1 <;> tac2` where `(tac1; tac2)` would suffice
note: this linter can be disabled with `set_option linter.unnecessarySeqFocus false`
warning: ././././Bell/Witness.lean:224:14: Used `tac1 <;> tac2` where `(tac1; tac2)` would suffice
note: this linter can be disabled with `set_option linter.unnecessarySeqFocus false`
⚠ [2835/2837] Replayed Bell.Transportation
warning: ././././Bell/Transportation.lean:75:28: Used `tac1 <;> tac2` where `(tac1; tac2)` would suffice
note: this linter can be disabled with `set_option linter.unnecessarySeqFocus false`
✔ [2837/2837] Built Bell.ProductLocality
Build completed successfully.
$ lake build Bell.FiniteConvexCompactness
✔ [2829/2829] Built Bell.FiniteConvexCompactness
Build completed successfully.
$ lake build Bell.QuantumCompactness
⚠ [2832/2838] Replayed Bell.Lorentz
warning: ././././Bell/Lorentz.lean:63:71: this tactic is never executed
note: this linter can be disabled with `set_option linter.unreachableTactic false`
warning: ././././Bell/Lorentz.lean:63:71: 'ring' tactic does nothing
note: this linter can be disabled with `set_option linter.unusedTactic false`
warning: ././././Bell/Lorentz.lean:114:2: Used `tac1 <;> tac2` where `(tac1; tac2)` would suffice
note: this linter can be disabled with `set_option linter.unnecessarySeqFocus false`
warning: ././././Bell/Lorentz.lean:118:62: Used `tac1 <;> tac2` where `(tac1; tac2)` would suffice
note: this linter can be disabled with `set_option linter.unnecessarySeqFocus false`
warning: ././././Bell/Lorentz.lean:146:2: Used `tac1 <;> tac2` where `(tac1; tac2)` would suffice
note: this linter can be disabled with `set_option linter.unnecessarySeqFocus false`
warning: ././././Bell/Lorentz.lean:212:47: this tactic is never executed
note: this linter can be disabled with `set_option linter.unreachableTactic false`
warning: ././././Bell/Lorentz.lean:212:47: 'ring' tactic does nothing
note: this linter can be disabled with `set_option linter.unusedTactic false`
warning: ././././Bell/Lorentz.lean:218:2: Used `tac1 <;> tac2` where `(tac1; tac2)` would suffice
note: this linter can be disabled with `set_option linter.unnecessarySeqFocus false`
warning: ././././Bell/Lorentz.lean:223:2: Used `tac1 <;> tac2` where `(tac1; tac2)` would suffice
note: this linter can be disabled with `set_option linter.unnecessarySeqFocus false`
✔ [2838/2838] Built Bell.QuantumCompactness
Build completed successfully.
$ lake build Bell.SteeringRepresentation
⚠ [2825/2846] Replayed Bell.Lorentz
warning: ././././Bell/Lorentz.lean:63:71: this tactic is never executed
note: this linter can be disabled with `set_option linter.unreachableTactic false`
warning: ././././Bell/Lorentz.lean:63:71: 'ring' tactic does nothing
note: this linter can be disabled with `set_option linter.unusedTactic false`
warning: ././././Bell/Lorentz.lean:114:2: Used `tac1 <;> tac2` where `(tac1; tac2)` would suffice
note: this linter can be disabled with `set_option linter.unnecessarySeqFocus false`
warning: ././././Bell/Lorentz.lean:118:62: Used `tac1 <;> tac2` where `(tac1; tac2)` would suffice
note: this linter can be disabled with `set_option linter.unnecessarySeqFocus false`
warning: ././././Bell/Lorentz.lean:146:2: Used `tac1 <;> tac2` where `(tac1; tac2)` would suffice
note: this linter can be disabled with `set_option linter.unnecessarySeqFocus false`
warning: ././././Bell/Lorentz.lean:212:47: this tactic is never executed
note: this linter can be disabled with `set_option linter.unreachableTactic false`
warning: ././././Bell/Lorentz.lean:212:47: 'ring' tactic does nothing
note: this linter can be disabled with `set_option linter.unusedTactic false`
warning: ././././Bell/Lorentz.lean:218:2: Used `tac1 <;> tac2` where `(tac1; tac2)` would suffice
note: this linter can be disabled with `set_option linter.unnecessarySeqFocus false`
warning: ././././Bell/Lorentz.lean:223:2: Used `tac1 <;> tac2` where `(tac1; tac2)` would suffice
note: this linter can be disabled with `set_option linter.unnecessarySeqFocus false`
⚠ [2831/2846] Replayed Bell.MeasurementGeometry
warning: ././././Bell/MeasurementGeometry.lean:123:52: unused variable `hA`
note: this linter can be disabled with `set_option linter.unusedVariables false`
warning: ././././Bell/MeasurementGeometry.lean:124:5: unused variable `hB`
note: this linter can be disabled with `set_option linter.unusedVariables false`
⚠ [2832/2846] Replayed Bell.ClassicalProduct
warning: ././././Bell/ClassicalProduct.lean:27:0: automatically included section variable(s) unused in theorem 'Bell.ClassicalProduct.total_mass':
  [(x : X) → DecidableEq (O x)]
consider restructuring your `variable` declarations so that the variables are not in scope or explicitly omit them:
  omit [(x : X) → DecidableEq (O x)] in theorem ...
note: this linter can be disabled with `set_option linter.unusedSectionVars false`
warning: ././././Bell/ClassicalProduct.lean:42:0: automatically included section variable(s) unused in theorem 'Bell.ClassicalProduct.pin_mass':
  [(x : X) → Fintype (O x)]
consider restructuring your `variable` declarations so that the variables are not in scope or explicitly omit them:
  omit [(x : X) → Fintype (O x)] in theorem ...
note: this linter can be disabled with `set_option linter.unusedSectionVars false`
warning: ././././Bell/ClassicalProduct.lean:89:0: automatically included section variable(s) unused in theorem 'Bell.ClassicalProduct.conditional_normalized':
  [Fintype X]
  [DecidableEq X]
  [(x : X) → DecidableEq (O x)]
  [Fintype B]
  [DecidableEq B]
consider restructuring your `variable` declarations so that the variables are not in scope or explicitly omit them:
  omit [Fintype X] [DecidableEq X] [(x : X) → DecidableEq (O x)] [Fintype B] [DecidableEq B] in theorem ...
note: this linter can be disabled with `set_option linter.unusedSectionVars false`
warning: ././././Bell/ClassicalProduct.lean:95:0: automatically included section variable(s) unused in theorem 'Bell.ClassicalProduct.weight_nonnegative':
  [DecidableEq X]
  [(x : X) → Fintype (O x)]
  [(x : X) → DecidableEq (O x)]
  [Fintype B]
  [DecidableEq B]
consider restructuring your `variable` declarations so that the variables are not in scope or explicitly omit them:
  omit [DecidableEq
  X] [(x : X) → Fintype (O x)] [(x : X) → DecidableEq (O x)] [Fintype B] [DecidableEq B] in theorem ...
note: this linter can be disabled with `set_option linter.unusedSectionVars false`
warning: ././././Bell/ClassicalProduct.lean:119:0: automatically included section variable(s) unused in theorem 'Bell.ClassicalProduct.entry_zero_of_marginal_zero':
  [Fintype X]
  [DecidableEq X]
  [(x : X) → DecidableEq (O x)]
  [Fintype B]
  [DecidableEq B]
consider restructuring your `variable` declarations so that the variables are not in scope or explicitly omit them:
  omit [Fintype X] [DecidableEq X] [(x : X) → DecidableEq (O x)] [Fintype B] [DecidableEq B] in theorem ...
note: this linter can be disabled with `set_option linter.unusedSectionVars false`
⚠ [2834/2846] Replayed Bell.Witness
warning: ././././Bell/Witness.lean:137:2: Used `tac1 <;> tac2` where `(tac1; tac2)` would suffice
note: this linter can be disabled with `set_option linter.unnecessarySeqFocus false`
warning: ././././Bell/Witness.lean:224:2: Used `tac1 <;> tac2` where `(tac1; tac2)` would suffice
note: this linter can be disabled with `set_option linter.unnecessarySeqFocus false`
warning: ././././Bell/Witness.lean:224:14: Used `tac1 <;> tac2` where `(tac1; tac2)` would suffice
note: this linter can be disabled with `set_option linter.unnecessarySeqFocus false`
⚠ [2835/2846] Replayed Bell.Transportation
warning: ././././Bell/Transportation.lean:75:28: Used `tac1 <;> tac2` where `(tac1; tac2)` would suffice
note: this linter can be disabled with `set_option linter.unnecessarySeqFocus false`
✔ [2846/2846] Built Bell.SteeringRepresentation
Build completed successfully.
$ lake build Bell.StrategyMaps
⚠ [2825/2847] Replayed Bell.Lorentz
warning: ././././Bell/Lorentz.lean:63:71: this tactic is never executed
note: this linter can be disabled with `set_option linter.unreachableTactic false`
warning: ././././Bell/Lorentz.lean:63:71: 'ring' tactic does nothing
note: this linter can be disabled with `set_option linter.unusedTactic false`
warning: ././././Bell/Lorentz.lean:114:2: Used `tac1 <;> tac2` where `(tac1; tac2)` would suffice
note: this linter can be disabled with `set_option linter.unnecessarySeqFocus false`
warning: ././././Bell/Lorentz.lean:118:62: Used `tac1 <;> tac2` where `(tac1; tac2)` would suffice
note: this linter can be disabled with `set_option linter.unnecessarySeqFocus false`
warning: ././././Bell/Lorentz.lean:146:2: Used `tac1 <;> tac2` where `(tac1; tac2)` would suffice
note: this linter can be disabled with `set_option linter.unnecessarySeqFocus false`
warning: ././././Bell/Lorentz.lean:212:47: this tactic is never executed
note: this linter can be disabled with `set_option linter.unreachableTactic false`
warning: ././././Bell/Lorentz.lean:212:47: 'ring' tactic does nothing
note: this linter can be disabled with `set_option linter.unusedTactic false`
warning: ././././Bell/Lorentz.lean:218:2: Used `tac1 <;> tac2` where `(tac1; tac2)` would suffice
note: this linter can be disabled with `set_option linter.unnecessarySeqFocus false`
warning: ././././Bell/Lorentz.lean:223:2: Used `tac1 <;> tac2` where `(tac1; tac2)` would suffice
note: this linter can be disabled with `set_option linter.unnecessarySeqFocus false`
⚠ [2831/2847] Replayed Bell.MeasurementGeometry
warning: ././././Bell/MeasurementGeometry.lean:123:52: unused variable `hA`
note: this linter can be disabled with `set_option linter.unusedVariables false`
warning: ././././Bell/MeasurementGeometry.lean:124:5: unused variable `hB`
note: this linter can be disabled with `set_option linter.unusedVariables false`
⚠ [2832/2847] Replayed Bell.ClassicalProduct
warning: ././././Bell/ClassicalProduct.lean:27:0: automatically included section variable(s) unused in theorem 'Bell.ClassicalProduct.total_mass':
  [(x : X) → DecidableEq (O x)]
consider restructuring your `variable` declarations so that the variables are not in scope or explicitly omit them:
  omit [(x : X) → DecidableEq (O x)] in theorem ...
note: this linter can be disabled with `set_option linter.unusedSectionVars false`
warning: ././././Bell/ClassicalProduct.lean:42:0: automatically included section variable(s) unused in theorem 'Bell.ClassicalProduct.pin_mass':
  [(x : X) → Fintype (O x)]
consider restructuring your `variable` declarations so that the variables are not in scope or explicitly omit them:
  omit [(x : X) → Fintype (O x)] in theorem ...
note: this linter can be disabled with `set_option linter.unusedSectionVars false`
warning: ././././Bell/ClassicalProduct.lean:89:0: automatically included section variable(s) unused in theorem 'Bell.ClassicalProduct.conditional_normalized':
  [Fintype X]
  [DecidableEq X]
  [(x : X) → DecidableEq (O x)]
  [Fintype B]
  [DecidableEq B]
consider restructuring your `variable` declarations so that the variables are not in scope or explicitly omit them:
  omit [Fintype X] [DecidableEq X] [(x : X) → DecidableEq (O x)] [Fintype B] [DecidableEq B] in theorem ...
note: this linter can be disabled with `set_option linter.unusedSectionVars false`
warning: ././././Bell/ClassicalProduct.lean:95:0: automatically included section variable(s) unused in theorem 'Bell.ClassicalProduct.weight_nonnegative':
  [DecidableEq X]
  [(x : X) → Fintype (O x)]
  [(x : X) → DecidableEq (O x)]
  [Fintype B]
  [DecidableEq B]
consider restructuring your `variable` declarations so that the variables are not in scope or explicitly omit them:
  omit [DecidableEq
  X] [(x : X) → Fintype (O x)] [(x : X) → DecidableEq (O x)] [Fintype B] [DecidableEq B] in theorem ...
note: this linter can be disabled with `set_option linter.unusedSectionVars false`
warning: ././././Bell/ClassicalProduct.lean:119:0: automatically included section variable(s) unused in theorem 'Bell.ClassicalProduct.entry_zero_of_marginal_zero':
  [Fintype X]
  [DecidableEq X]
  [(x : X) → DecidableEq (O x)]
  [Fintype B]
  [DecidableEq B]
consider restructuring your `variable` declarations so that the variables are not in scope or explicitly omit them:
  omit [Fintype X] [DecidableEq X] [(x : X) → DecidableEq (O x)] [Fintype B] [DecidableEq B] in theorem ...
note: this linter can be disabled with `set_option linter.unusedSectionVars false`
⚠ [2834/2847] Replayed Bell.Witness
warning: ././././Bell/Witness.lean:137:2: Used `tac1 <;> tac2` where `(tac1; tac2)` would suffice
note: this linter can be disabled with `set_option linter.unnecessarySeqFocus false`
warning: ././././Bell/Witness.lean:224:2: Used `tac1 <;> tac2` where `(tac1; tac2)` would suffice
note: this linter can be disabled with `set_option linter.unnecessarySeqFocus false`
warning: ././././Bell/Witness.lean:224:14: Used `tac1 <;> tac2` where `(tac1; tac2)` would suffice
note: this linter can be disabled with `set_option linter.unnecessarySeqFocus false`
⚠ [2835/2847] Replayed Bell.Transportation
warning: ././././Bell/Transportation.lean:75:28: Used `tac1 <;> tac2` where `(tac1; tac2)` would suffice
note: this linter can be disabled with `set_option linter.unnecessarySeqFocus false`
✔ [2847/2847] Built Bell.StrategyMaps
Build completed successfully.
$ lake build Bell.Convexity
✔ [2823/2823] Built Bell.Convexity
Build completed successfully.
$ lake build Bell.Discrimination
⚠ [2824/2825] Replayed Bell.Witness
warning: ././././Bell/Witness.lean:137:2: Used `tac1 <;> tac2` where `(tac1; tac2)` would suffice
note: this linter can be disabled with `set_option linter.unnecessarySeqFocus false`
warning: ././././Bell/Witness.lean:224:2: Used `tac1 <;> tac2` where `(tac1; tac2)` would suffice
note: this linter can be disabled with `set_option linter.unnecessarySeqFocus false`
warning: ././././Bell/Witness.lean:224:14: Used `tac1 <;> tac2` where `(tac1; tac2)` would suffice
note: this linter can be disabled with `set_option linter.unnecessarySeqFocus false`
✔ [2825/2825] Built Bell.Discrimination
Build completed successfully.
$ lake build Bell.Targets
⚠ [2825/2830] Replayed Bell.Witness
warning: ././././Bell/Witness.lean:137:2: Used `tac1 <;> tac2` where `(tac1; tac2)` would suffice
note: this linter can be disabled with `set_option linter.unnecessarySeqFocus false`
warning: ././././Bell/Witness.lean:224:2: Used `tac1 <;> tac2` where `(tac1; tac2)` would suffice
note: this linter can be disabled with `set_option linter.unnecessarySeqFocus false`
warning: ././././Bell/Witness.lean:224:14: Used `tac1 <;> tac2` where `(tac1; tac2)` would suffice
note: this linter can be disabled with `set_option linter.unnecessarySeqFocus false`
⚠ [2827/2830] Replayed Bell.Transportation
warning: ././././Bell/Transportation.lean:75:28: Used `tac1 <;> tac2` where `(tac1; tac2)` would suffice
note: this linter can be disabled with `set_option linter.unnecessarySeqFocus false`
⚠ [2828/2830] Replayed Bell.Lorentz
warning: ././././Bell/Lorentz.lean:63:71: this tactic is never executed
note: this linter can be disabled with `set_option linter.unreachableTactic false`
warning: ././././Bell/Lorentz.lean:63:71: 'ring' tactic does nothing
note: this linter can be disabled with `set_option linter.unusedTactic false`
warning: ././././Bell/Lorentz.lean:114:2: Used `tac1 <;> tac2` where `(tac1; tac2)` would suffice
note: this linter can be disabled with `set_option linter.unnecessarySeqFocus false`
warning: ././././Bell/Lorentz.lean:118:62: Used `tac1 <;> tac2` where `(tac1; tac2)` would suffice
note: this linter can be disabled with `set_option linter.unnecessarySeqFocus false`
warning: ././././Bell/Lorentz.lean:146:2: Used `tac1 <;> tac2` where `(tac1; tac2)` would suffice
note: this linter can be disabled with `set_option linter.unnecessarySeqFocus false`
warning: ././././Bell/Lorentz.lean:212:47: this tactic is never executed
note: this linter can be disabled with `set_option linter.unreachableTactic false`
warning: ././././Bell/Lorentz.lean:212:47: 'ring' tactic does nothing
note: this linter can be disabled with `set_option linter.unusedTactic false`
warning: ././././Bell/Lorentz.lean:218:2: Used `tac1 <;> tac2` where `(tac1; tac2)` would suffice
note: this linter can be disabled with `set_option linter.unnecessarySeqFocus false`
warning: ././././Bell/Lorentz.lean:223:2: Used `tac1 <;> tac2` where `(tac1; tac2)` would suffice
note: this linter can be disabled with `set_option linter.unnecessarySeqFocus false`
⚠ [2830/2830] Built Bell.Targets
warning: ././././Bell/Targets.lean:26:2: Used `tac1 <;> tac2` where `(tac1; tac2)` would suffice
note: this linter can be disabled with `set_option linter.unnecessarySeqFocus false`
warning: ././././Bell/Targets.lean:27:2: Used `tac1 <;> tac2` where `(tac1; tac2)` would suffice
note: this linter can be disabled with `set_option linter.unnecessarySeqFocus false`
warning: ././././Bell/Targets.lean:28:2: Used `tac1 <;> tac2` where `(tac1; tac2)` would suffice
note: this linter can be disabled with `set_option linter.unnecessarySeqFocus false`
warning: ././././Bell/Targets.lean:34:2: Used `tac1 <;> tac2` where `(tac1; tac2)` would suffice
note: this linter can be disabled with `set_option linter.unnecessarySeqFocus false`
warning: ././././Bell/Targets.lean:35:2: Used `tac1 <;> tac2` where `(tac1; tac2)` would suffice
note: this linter can be disabled with `set_option linter.unnecessarySeqFocus false`
warning: ././././Bell/Targets.lean:36:2: Used `tac1 <;> tac2` where `(tac1; tac2)` would suffice
note: this linter can be disabled with `set_option linter.unnecessarySeqFocus false`
Build completed successfully.
$ lake build Bell.OneInput
⚠ [2793/2833] Replayed Bell.ClassicalProduct
warning: ././././Bell/ClassicalProduct.lean:27:0: automatically included section variable(s) unused in theorem 'Bell.ClassicalProduct.total_mass':
  [(x : X) → DecidableEq (O x)]
consider restructuring your `variable` declarations so that the variables are not in scope or explicitly omit them:
  omit [(x : X) → DecidableEq (O x)] in theorem ...
note: this linter can be disabled with `set_option linter.unusedSectionVars false`
warning: ././././Bell/ClassicalProduct.lean:42:0: automatically included section variable(s) unused in theorem 'Bell.ClassicalProduct.pin_mass':
  [(x : X) → Fintype (O x)]
consider restructuring your `variable` declarations so that the variables are not in scope or explicitly omit them:
  omit [(x : X) → Fintype (O x)] in theorem ...
note: this linter can be disabled with `set_option linter.unusedSectionVars false`
warning: ././././Bell/ClassicalProduct.lean:89:0: automatically included section variable(s) unused in theorem 'Bell.ClassicalProduct.conditional_normalized':
  [Fintype X]
  [DecidableEq X]
  [(x : X) → DecidableEq (O x)]
  [Fintype B]
  [DecidableEq B]
consider restructuring your `variable` declarations so that the variables are not in scope or explicitly omit them:
  omit [Fintype X] [DecidableEq X] [(x : X) → DecidableEq (O x)] [Fintype B] [DecidableEq B] in theorem ...
note: this linter can be disabled with `set_option linter.unusedSectionVars false`
warning: ././././Bell/ClassicalProduct.lean:95:0: automatically included section variable(s) unused in theorem 'Bell.ClassicalProduct.weight_nonnegative':
  [DecidableEq X]
  [(x : X) → Fintype (O x)]
  [(x : X) → DecidableEq (O x)]
  [Fintype B]
  [DecidableEq B]
consider restructuring your `variable` declarations so that the variables are not in scope or explicitly omit them:
  omit [DecidableEq
  X] [(x : X) → Fintype (O x)] [(x : X) → DecidableEq (O x)] [Fintype B] [DecidableEq B] in theorem ...
note: this linter can be disabled with `set_option linter.unusedSectionVars false`
warning: ././././Bell/ClassicalProduct.lean:119:0: automatically included section variable(s) unused in theorem 'Bell.ClassicalProduct.entry_zero_of_marginal_zero':
  [Fintype X]
  [DecidableEq X]
  [(x : X) → DecidableEq (O x)]
  [Fintype B]
  [DecidableEq B]
consider restructuring your `variable` declarations so that the variables are not in scope or explicitly omit them:
  omit [Fintype X] [DecidableEq X] [(x : X) → DecidableEq (O x)] [Fintype B] [DecidableEq B] in theorem ...
note: this linter can be disabled with `set_option linter.unusedSectionVars false`
⚠ [2827/2833] Replayed Bell.Witness
warning: ././././Bell/Witness.lean:137:2: Used `tac1 <;> tac2` where `(tac1; tac2)` would suffice
note: this linter can be disabled with `set_option linter.unnecessarySeqFocus false`
warning: ././././Bell/Witness.lean:224:2: Used `tac1 <;> tac2` where `(tac1; tac2)` would suffice
note: this linter can be disabled with `set_option linter.unnecessarySeqFocus false`
warning: ././././Bell/Witness.lean:224:14: Used `tac1 <;> tac2` where `(tac1; tac2)` would suffice
note: this linter can be disabled with `set_option linter.unnecessarySeqFocus false`
⚠ [2829/2833] Replayed Bell.Transportation
warning: ././././Bell/Transportation.lean:75:28: Used `tac1 <;> tac2` where `(tac1; tac2)` would suffice
note: this linter can be disabled with `set_option linter.unnecessarySeqFocus false`
⚠ [2830/2833] Replayed Bell.Lorentz
warning: ././././Bell/Lorentz.lean:63:71: this tactic is never executed
note: this linter can be disabled with `set_option linter.unreachableTactic false`
warning: ././././Bell/Lorentz.lean:63:71: 'ring' tactic does nothing
note: this linter can be disabled with `set_option linter.unusedTactic false`
warning: ././././Bell/Lorentz.lean:114:2: Used `tac1 <;> tac2` where `(tac1; tac2)` would suffice
note: this linter can be disabled with `set_option linter.unnecessarySeqFocus false`
warning: ././././Bell/Lorentz.lean:118:62: Used `tac1 <;> tac2` where `(tac1; tac2)` would suffice
note: this linter can be disabled with `set_option linter.unnecessarySeqFocus false`
warning: ././././Bell/Lorentz.lean:146:2: Used `tac1 <;> tac2` where `(tac1; tac2)` would suffice
note: this linter can be disabled with `set_option linter.unnecessarySeqFocus false`
warning: ././././Bell/Lorentz.lean:212:47: this tactic is never executed
note: this linter can be disabled with `set_option linter.unreachableTactic false`
warning: ././././Bell/Lorentz.lean:212:47: 'ring' tactic does nothing
note: this linter can be disabled with `set_option linter.unusedTactic false`
warning: ././././Bell/Lorentz.lean:218:2: Used `tac1 <;> tac2` where `(tac1; tac2)` would suffice
note: this linter can be disabled with `set_option linter.unnecessarySeqFocus false`
warning: ././././Bell/Lorentz.lean:223:2: Used `tac1 <;> tac2` where `(tac1; tac2)` would suffice
note: this linter can be disabled with `set_option linter.unnecessarySeqFocus false`
⚠ [2832/2833] Replayed Bell.Targets
warning: ././././Bell/Targets.lean:26:2: Used `tac1 <;> tac2` where `(tac1; tac2)` would suffice
note: this linter can be disabled with `set_option linter.unnecessarySeqFocus false`
warning: ././././Bell/Targets.lean:27:2: Used `tac1 <;> tac2` where `(tac1; tac2)` would suffice
note: this linter can be disabled with `set_option linter.unnecessarySeqFocus false`
warning: ././././Bell/Targets.lean:28:2: Used `tac1 <;> tac2` where `(tac1; tac2)` would suffice
note: this linter can be disabled with `set_option linter.unnecessarySeqFocus false`
warning: ././././Bell/Targets.lean:34:2: Used `tac1 <;> tac2` where `(tac1; tac2)` would suffice
note: this linter can be disabled with `set_option linter.unnecessarySeqFocus false`
warning: ././././Bell/Targets.lean:35:2: Used `tac1 <;> tac2` where `(tac1; tac2)` would suffice
note: this linter can be disabled with `set_option linter.unnecessarySeqFocus false`
warning: ././././Bell/Targets.lean:36:2: Used `tac1 <;> tac2` where `(tac1; tac2)` would suffice
note: this linter can be disabled with `set_option linter.unnecessarySeqFocus false`
✔ [2833/2833] Built Bell.OneInput
Build completed successfully.
$ lake build Bell.DeterministicInput
⚠ [2793/2834] Replayed Bell.ClassicalProduct
warning: ././././Bell/ClassicalProduct.lean:27:0: automatically included section variable(s) unused in theorem 'Bell.ClassicalProduct.total_mass':
  [(x : X) → DecidableEq (O x)]
consider restructuring your `variable` declarations so that the variables are not in scope or explicitly omit them:
  omit [(x : X) → DecidableEq (O x)] in theorem ...
note: this linter can be disabled with `set_option linter.unusedSectionVars false`
warning: ././././Bell/ClassicalProduct.lean:42:0: automatically included section variable(s) unused in theorem 'Bell.ClassicalProduct.pin_mass':
  [(x : X) → Fintype (O x)]
consider restructuring your `variable` declarations so that the variables are not in scope or explicitly omit them:
  omit [(x : X) → Fintype (O x)] in theorem ...
note: this linter can be disabled with `set_option linter.unusedSectionVars false`
warning: ././././Bell/ClassicalProduct.lean:89:0: automatically included section variable(s) unused in theorem 'Bell.ClassicalProduct.conditional_normalized':
  [Fintype X]
  [DecidableEq X]
  [(x : X) → DecidableEq (O x)]
  [Fintype B]
  [DecidableEq B]
consider restructuring your `variable` declarations so that the variables are not in scope or explicitly omit them:
  omit [Fintype X] [DecidableEq X] [(x : X) → DecidableEq (O x)] [Fintype B] [DecidableEq B] in theorem ...
note: this linter can be disabled with `set_option linter.unusedSectionVars false`
warning: ././././Bell/ClassicalProduct.lean:95:0: automatically included section variable(s) unused in theorem 'Bell.ClassicalProduct.weight_nonnegative':
  [DecidableEq X]
  [(x : X) → Fintype (O x)]
  [(x : X) → DecidableEq (O x)]
  [Fintype B]
  [DecidableEq B]
consider restructuring your `variable` declarations so that the variables are not in scope or explicitly omit them:
  omit [DecidableEq
  X] [(x : X) → Fintype (O x)] [(x : X) → DecidableEq (O x)] [Fintype B] [DecidableEq B] in theorem ...
note: this linter can be disabled with `set_option linter.unusedSectionVars false`
warning: ././././Bell/ClassicalProduct.lean:119:0: automatically included section variable(s) unused in theorem 'Bell.ClassicalProduct.entry_zero_of_marginal_zero':
  [Fintype X]
  [DecidableEq X]
  [(x : X) → DecidableEq (O x)]
  [Fintype B]
  [DecidableEq B]
consider restructuring your `variable` declarations so that the variables are not in scope or explicitly omit them:
  omit [Fintype X] [DecidableEq X] [(x : X) → DecidableEq (O x)] [Fintype B] [DecidableEq B] in theorem ...
note: this linter can be disabled with `set_option linter.unusedSectionVars false`
⚠ [2827/2834] Replayed Bell.Witness
warning: ././././Bell/Witness.lean:137:2: Used `tac1 <;> tac2` where `(tac1; tac2)` would suffice
note: this linter can be disabled with `set_option linter.unnecessarySeqFocus false`
warning: ././././Bell/Witness.lean:224:2: Used `tac1 <;> tac2` where `(tac1; tac2)` would suffice
note: this linter can be disabled with `set_option linter.unnecessarySeqFocus false`
warning: ././././Bell/Witness.lean:224:14: Used `tac1 <;> tac2` where `(tac1; tac2)` would suffice
note: this linter can be disabled with `set_option linter.unnecessarySeqFocus false`
⚠ [2829/2834] Replayed Bell.Transportation
warning: ././././Bell/Transportation.lean:75:28: Used `tac1 <;> tac2` where `(tac1; tac2)` would suffice
note: this linter can be disabled with `set_option linter.unnecessarySeqFocus false`
⚠ [2830/2834] Replayed Bell.Lorentz
warning: ././././Bell/Lorentz.lean:63:71: this tactic is never executed
note: this linter can be disabled with `set_option linter.unreachableTactic false`
warning: ././././Bell/Lorentz.lean:63:71: 'ring' tactic does nothing
note: this linter can be disabled with `set_option linter.unusedTactic false`
warning: ././././Bell/Lorentz.lean:114:2: Used `tac1 <;> tac2` where `(tac1; tac2)` would suffice
note: this linter can be disabled with `set_option linter.unnecessarySeqFocus false`
warning: ././././Bell/Lorentz.lean:118:62: Used `tac1 <;> tac2` where `(tac1; tac2)` would suffice
note: this linter can be disabled with `set_option linter.unnecessarySeqFocus false`
warning: ././././Bell/Lorentz.lean:146:2: Used `tac1 <;> tac2` where `(tac1; tac2)` would suffice
note: this linter can be disabled with `set_option linter.unnecessarySeqFocus false`
warning: ././././Bell/Lorentz.lean:212:47: this tactic is never executed
note: this linter can be disabled with `set_option linter.unreachableTactic false`
warning: ././././Bell/Lorentz.lean:212:47: 'ring' tactic does nothing
note: this linter can be disabled with `set_option linter.unusedTactic false`
warning: ././././Bell/Lorentz.lean:218:2: Used `tac1 <;> tac2` where `(tac1; tac2)` would suffice
note: this linter can be disabled with `set_option linter.unnecessarySeqFocus false`
warning: ././././Bell/Lorentz.lean:223:2: Used `tac1 <;> tac2` where `(tac1; tac2)` would suffice
note: this linter can be disabled with `set_option linter.unnecessarySeqFocus false`
⚠ [2832/2834] Replayed Bell.Targets
warning: ././././Bell/Targets.lean:26:2: Used `tac1 <;> tac2` where `(tac1; tac2)` would suffice
note: this linter can be disabled with `set_option linter.unnecessarySeqFocus false`
warning: ././././Bell/Targets.lean:27:2: Used `tac1 <;> tac2` where `(tac1; tac2)` would suffice
note: this linter can be disabled with `set_option linter.unnecessarySeqFocus false`
warning: ././././Bell/Targets.lean:28:2: Used `tac1 <;> tac2` where `(tac1; tac2)` would suffice
note: this linter can be disabled with `set_option linter.unnecessarySeqFocus false`
warning: ././././Bell/Targets.lean:34:2: Used `tac1 <;> tac2` where `(tac1; tac2)` would suffice
note: this linter can be disabled with `set_option linter.unnecessarySeqFocus false`
warning: ././././Bell/Targets.lean:35:2: Used `tac1 <;> tac2` where `(tac1; tac2)` would suffice
note: this linter can be disabled with `set_option linter.unnecessarySeqFocus false`
warning: ././././Bell/Targets.lean:36:2: Used `tac1 <;> tac2` where `(tac1; tac2)` would suffice
note: this linter can be disabled with `set_option linter.unnecessarySeqFocus false`
✔ [2834/2834] Built Bell.DeterministicInput
Build completed successfully.
$ lake build Bell.ConeCircuits
⚠ [2825/2853] Replayed Bell.Lorentz
warning: ././././Bell/Lorentz.lean:63:71: this tactic is never executed
note: this linter can be disabled with `set_option linter.unreachableTactic false`
warning: ././././Bell/Lorentz.lean:63:71: 'ring' tactic does nothing
note: this linter can be disabled with `set_option linter.unusedTactic false`
warning: ././././Bell/Lorentz.lean:114:2: Used `tac1 <;> tac2` where `(tac1; tac2)` would suffice
note: this linter can be disabled with `set_option linter.unnecessarySeqFocus false`
warning: ././././Bell/Lorentz.lean:118:62: Used `tac1 <;> tac2` where `(tac1; tac2)` would suffice
note: this linter can be disabled with `set_option linter.unnecessarySeqFocus false`
warning: ././././Bell/Lorentz.lean:146:2: Used `tac1 <;> tac2` where `(tac1; tac2)` would suffice
note: this linter can be disabled with `set_option linter.unnecessarySeqFocus false`
warning: ././././Bell/Lorentz.lean:212:47: this tactic is never executed
note: this linter can be disabled with `set_option linter.unreachableTactic false`
warning: ././././Bell/Lorentz.lean:212:47: 'ring' tactic does nothing
note: this linter can be disabled with `set_option linter.unusedTactic false`
warning: ././././Bell/Lorentz.lean:218:2: Used `tac1 <;> tac2` where `(tac1; tac2)` would suffice
note: this linter can be disabled with `set_option linter.unnecessarySeqFocus false`
warning: ././././Bell/Lorentz.lean:223:2: Used `tac1 <;> tac2` where `(tac1; tac2)` would suffice
note: this linter can be disabled with `set_option linter.unnecessarySeqFocus false`
⚠ [2831/2853] Replayed Bell.MeasurementGeometry
warning: ././././Bell/MeasurementGeometry.lean:123:52: unused variable `hA`
note: this linter can be disabled with `set_option linter.unusedVariables false`
warning: ././././Bell/MeasurementGeometry.lean:124:5: unused variable `hB`
note: this linter can be disabled with `set_option linter.unusedVariables false`
⚠ [2832/2853] Replayed Bell.ClassicalProduct
warning: ././././Bell/ClassicalProduct.lean:27:0: automatically included section variable(s) unused in theorem 'Bell.ClassicalProduct.total_mass':
  [(x : X) → DecidableEq (O x)]
consider restructuring your `variable` declarations so that the variables are not in scope or explicitly omit them:
  omit [(x : X) → DecidableEq (O x)] in theorem ...
note: this linter can be disabled with `set_option linter.unusedSectionVars false`
warning: ././././Bell/ClassicalProduct.lean:42:0: automatically included section variable(s) unused in theorem 'Bell.ClassicalProduct.pin_mass':
  [(x : X) → Fintype (O x)]
consider restructuring your `variable` declarations so that the variables are not in scope or explicitly omit them:
  omit [(x : X) → Fintype (O x)] in theorem ...
note: this linter can be disabled with `set_option linter.unusedSectionVars false`
warning: ././././Bell/ClassicalProduct.lean:89:0: automatically included section variable(s) unused in theorem 'Bell.ClassicalProduct.conditional_normalized':
  [Fintype X]
  [DecidableEq X]
  [(x : X) → DecidableEq (O x)]
  [Fintype B]
  [DecidableEq B]
consider restructuring your `variable` declarations so that the variables are not in scope or explicitly omit them:
  omit [Fintype X] [DecidableEq X] [(x : X) → DecidableEq (O x)] [Fintype B] [DecidableEq B] in theorem ...
note: this linter can be disabled with `set_option linter.unusedSectionVars false`
warning: ././././Bell/ClassicalProduct.lean:95:0: automatically included section variable(s) unused in theorem 'Bell.ClassicalProduct.weight_nonnegative':
  [DecidableEq X]
  [(x : X) → Fintype (O x)]
  [(x : X) → DecidableEq (O x)]
  [Fintype B]
  [DecidableEq B]
consider restructuring your `variable` declarations so that the variables are not in scope or explicitly omit them:
  omit [DecidableEq
  X] [(x : X) → Fintype (O x)] [(x : X) → DecidableEq (O x)] [Fintype B] [DecidableEq B] in theorem ...
note: this linter can be disabled with `set_option linter.unusedSectionVars false`
warning: ././././Bell/ClassicalProduct.lean:119:0: automatically included section variable(s) unused in theorem 'Bell.ClassicalProduct.entry_zero_of_marginal_zero':
  [Fintype X]
  [DecidableEq X]
  [(x : X) → DecidableEq (O x)]
  [Fintype B]
  [DecidableEq B]
consider restructuring your `variable` declarations so that the variables are not in scope or explicitly omit them:
  omit [Fintype X] [DecidableEq X] [(x : X) → DecidableEq (O x)] [Fintype B] [DecidableEq B] in theorem ...
note: this linter can be disabled with `set_option linter.unusedSectionVars false`
⚠ [2834/2853] Replayed Bell.Witness
warning: ././././Bell/Witness.lean:137:2: Used `tac1 <;> tac2` where `(tac1; tac2)` would suffice
note: this linter can be disabled with `set_option linter.unnecessarySeqFocus false`
warning: ././././Bell/Witness.lean:224:2: Used `tac1 <;> tac2` where `(tac1; tac2)` would suffice
note: this linter can be disabled with `set_option linter.unnecessarySeqFocus false`
warning: ././././Bell/Witness.lean:224:14: Used `tac1 <;> tac2` where `(tac1; tac2)` would suffice
note: this linter can be disabled with `set_option linter.unnecessarySeqFocus false`
⚠ [2835/2853] Replayed Bell.Transportation
warning: ././././Bell/Transportation.lean:75:28: Used `tac1 <;> tac2` where `(tac1; tac2)` would suffice
note: this linter can be disabled with `set_option linter.unnecessarySeqFocus false`
⚠ [2850/2853] Replayed Bell.Targets
warning: ././././Bell/Targets.lean:26:2: Used `tac1 <;> tac2` where `(tac1; tac2)` would suffice
note: this linter can be disabled with `set_option linter.unnecessarySeqFocus false`
warning: ././././Bell/Targets.lean:27:2: Used `tac1 <;> tac2` where `(tac1; tac2)` would suffice
note: this linter can be disabled with `set_option linter.unnecessarySeqFocus false`
warning: ././././Bell/Targets.lean:28:2: Used `tac1 <;> tac2` where `(tac1; tac2)` would suffice
note: this linter can be disabled with `set_option linter.unnecessarySeqFocus false`
warning: ././././Bell/Targets.lean:34:2: Used `tac1 <;> tac2` where `(tac1; tac2)` would suffice
note: this linter can be disabled with `set_option linter.unnecessarySeqFocus false`
warning: ././././Bell/Targets.lean:35:2: Used `tac1 <;> tac2` where `(tac1; tac2)` would suffice
note: this linter can be disabled with `set_option linter.unnecessarySeqFocus false`
warning: ././././Bell/Targets.lean:36:2: Used `tac1 <;> tac2` where `(tac1; tac2)` would suffice
note: this linter can be disabled with `set_option linter.unnecessarySeqFocus false`
⚠ [2853/2853] Built Bell.ConeCircuits
warning: ././././Bell/ConeCircuits.lean:55:0: automatically included section variable(s) unused in theorem 'Bell.ConeCircuits.weights_convex':
  [DecidableEq ι]
consider restructuring your `variable` declarations so that the variables are not in scope or explicitly omit them:
  omit [DecidableEq ι] in theorem ...
note: this linter can be disabled with `set_option linter.unusedSectionVars false`
warning: ././././Bell/ConeCircuits.lean:61:0: automatically included section variable(s) unused in theorem 'Bell.ConeCircuits.weights_isClosed':
  [DecidableEq ι]
consider restructuring your `variable` declarations so that the variables are not in scope or explicitly omit them:
  omit [DecidableEq ι] in theorem ...
note: this linter can be disabled with `set_option linter.unusedSectionVars false`
warning: ././././Bell/ConeCircuits.lean:85:0: automatically included section variable(s) unused in theorem 'Bell.ConeCircuits.balance_sideSum':
  [DecidableEq ι]
consider restructuring your `variable` declarations so that the variables are not in scope or explicitly omit them:
  omit [DecidableEq ι] in theorem ...
note: this linter can be disabled with `set_option linter.unusedSectionVars false`
warning: ././././Bell/ConeCircuits.lean:92:0: automatically included section variable(s) unused in theorem 'Bell.ConeCircuits.mass_sideSum':
  [DecidableEq ι]
consider restructuring your `variable` declarations so that the variables are not in scope or explicitly omit them:
  omit [DecidableEq ι] in theorem ...
note: this linter can be disabled with `set_option linter.unusedSectionVars false`
warning: ././././Bell/ConeCircuits.lean:127:0: automatically included section variable(s) unused in theorem 'Bell.ConeCircuits.extreme_relation_zero':
  [DecidableEq ι]
consider restructuring your `variable` declarations so that the variables are not in scope or explicitly omit them:
  omit [DecidableEq ι] in theorem ...
note: this linter can be disabled with `set_option linter.unusedSectionVars false`
warning: ././././Bell/ConeCircuits.lean:198:0: automatically included section variable(s) unused in theorem 'Bell.ConeCircuits.sideSum_future':
  [DecidableEq ι]
consider restructuring your `variable` declarations so that the variables are not in scope or explicitly omit them:
  omit [DecidableEq ι] in theorem ...
note: this linter can be disabled with `set_option linter.unusedSectionVars false`
warning: ././././Bell/ConeCircuits.lean:207:8: automatically included section variable(s) unused in theorem '_private.Bell.ConeCircuits.0.Bell.ConeCircuits.singleton_side_sum':
  [DecidableEq ι]
consider restructuring your `variable` declarations so that the variables are not in scope or explicitly omit them:
  omit [DecidableEq ι] in theorem ...
note: this linter can be disabled with `set_option linter.unusedSectionVars false`
warning: ././././Bell/ConeCircuits.lean:289:4: Used `tac1 <;> tac2` where `(tac1; tac2)` would suffice
note: this linter can be disabled with `set_option linter.unnecessarySeqFocus false`
Build completed successfully.
$ lake build Bell.CircuitRealization
⚠ [2825/2854] Replayed Bell.Lorentz
warning: ././././Bell/Lorentz.lean:63:71: this tactic is never executed
note: this linter can be disabled with `set_option linter.unreachableTactic false`
warning: ././././Bell/Lorentz.lean:63:71: 'ring' tactic does nothing
note: this linter can be disabled with `set_option linter.unusedTactic false`
warning: ././././Bell/Lorentz.lean:114:2: Used `tac1 <;> tac2` where `(tac1; tac2)` would suffice
note: this linter can be disabled with `set_option linter.unnecessarySeqFocus false`
warning: ././././Bell/Lorentz.lean:118:62: Used `tac1 <;> tac2` where `(tac1; tac2)` would suffice
note: this linter can be disabled with `set_option linter.unnecessarySeqFocus false`
warning: ././././Bell/Lorentz.lean:146:2: Used `tac1 <;> tac2` where `(tac1; tac2)` would suffice
note: this linter can be disabled with `set_option linter.unnecessarySeqFocus false`
warning: ././././Bell/Lorentz.lean:212:47: this tactic is never executed
note: this linter can be disabled with `set_option linter.unreachableTactic false`
warning: ././././Bell/Lorentz.lean:212:47: 'ring' tactic does nothing
note: this linter can be disabled with `set_option linter.unusedTactic false`
warning: ././././Bell/Lorentz.lean:218:2: Used `tac1 <;> tac2` where `(tac1; tac2)` would suffice
note: this linter can be disabled with `set_option linter.unnecessarySeqFocus false`
warning: ././././Bell/Lorentz.lean:223:2: Used `tac1 <;> tac2` where `(tac1; tac2)` would suffice
note: this linter can be disabled with `set_option linter.unnecessarySeqFocus false`
⚠ [2831/2854] Replayed Bell.MeasurementGeometry
warning: ././././Bell/MeasurementGeometry.lean:123:52: unused variable `hA`
note: this linter can be disabled with `set_option linter.unusedVariables false`
warning: ././././Bell/MeasurementGeometry.lean:124:5: unused variable `hB`
note: this linter can be disabled with `set_option linter.unusedVariables false`
⚠ [2832/2854] Replayed Bell.ClassicalProduct
warning: ././././Bell/ClassicalProduct.lean:27:0: automatically included section variable(s) unused in theorem 'Bell.ClassicalProduct.total_mass':
  [(x : X) → DecidableEq (O x)]
consider restructuring your `variable` declarations so that the variables are not in scope or explicitly omit them:
  omit [(x : X) → DecidableEq (O x)] in theorem ...
note: this linter can be disabled with `set_option linter.unusedSectionVars false`
warning: ././././Bell/ClassicalProduct.lean:42:0: automatically included section variable(s) unused in theorem 'Bell.ClassicalProduct.pin_mass':
  [(x : X) → Fintype (O x)]
consider restructuring your `variable` declarations so that the variables are not in scope or explicitly omit them:
  omit [(x : X) → Fintype (O x)] in theorem ...
note: this linter can be disabled with `set_option linter.unusedSectionVars false`
warning: ././././Bell/ClassicalProduct.lean:89:0: automatically included section variable(s) unused in theorem 'Bell.ClassicalProduct.conditional_normalized':
  [Fintype X]
  [DecidableEq X]
  [(x : X) → DecidableEq (O x)]
  [Fintype B]
  [DecidableEq B]
consider restructuring your `variable` declarations so that the variables are not in scope or explicitly omit them:
  omit [Fintype X] [DecidableEq X] [(x : X) → DecidableEq (O x)] [Fintype B] [DecidableEq B] in theorem ...
note: this linter can be disabled with `set_option linter.unusedSectionVars false`
warning: ././././Bell/ClassicalProduct.lean:95:0: automatically included section variable(s) unused in theorem 'Bell.ClassicalProduct.weight_nonnegative':
  [DecidableEq X]
  [(x : X) → Fintype (O x)]
  [(x : X) → DecidableEq (O x)]
  [Fintype B]
  [DecidableEq B]
consider restructuring your `variable` declarations so that the variables are not in scope or explicitly omit them:
  omit [DecidableEq
  X] [(x : X) → Fintype (O x)] [(x : X) → DecidableEq (O x)] [Fintype B] [DecidableEq B] in theorem ...
note: this linter can be disabled with `set_option linter.unusedSectionVars false`
warning: ././././Bell/ClassicalProduct.lean:119:0: automatically included section variable(s) unused in theorem 'Bell.ClassicalProduct.entry_zero_of_marginal_zero':
  [Fintype X]
  [DecidableEq X]
  [(x : X) → DecidableEq (O x)]
  [Fintype B]
  [DecidableEq B]
consider restructuring your `variable` declarations so that the variables are not in scope or explicitly omit them:
  omit [Fintype X] [DecidableEq X] [(x : X) → DecidableEq (O x)] [Fintype B] [DecidableEq B] in theorem ...
note: this linter can be disabled with `set_option linter.unusedSectionVars false`
⚠ [2834/2854] Replayed Bell.Witness
warning: ././././Bell/Witness.lean:137:2: Used `tac1 <;> tac2` where `(tac1; tac2)` would suffice
note: this linter can be disabled with `set_option linter.unnecessarySeqFocus false`
warning: ././././Bell/Witness.lean:224:2: Used `tac1 <;> tac2` where `(tac1; tac2)` would suffice
note: this linter can be disabled with `set_option linter.unnecessarySeqFocus false`
warning: ././././Bell/Witness.lean:224:14: Used `tac1 <;> tac2` where `(tac1; tac2)` would suffice
note: this linter can be disabled with `set_option linter.unnecessarySeqFocus false`
⚠ [2835/2854] Replayed Bell.Transportation
warning: ././././Bell/Transportation.lean:75:28: Used `tac1 <;> tac2` where `(tac1; tac2)` would suffice
note: this linter can be disabled with `set_option linter.unnecessarySeqFocus false`
⚠ [2850/2854] Replayed Bell.Targets
warning: ././././Bell/Targets.lean:26:2: Used `tac1 <;> tac2` where `(tac1; tac2)` would suffice
note: this linter can be disabled with `set_option linter.unnecessarySeqFocus false`
warning: ././././Bell/Targets.lean:27:2: Used `tac1 <;> tac2` where `(tac1; tac2)` would suffice
note: this linter can be disabled with `set_option linter.unnecessarySeqFocus false`
warning: ././././Bell/Targets.lean:28:2: Used `tac1 <;> tac2` where `(tac1; tac2)` would suffice
note: this linter can be disabled with `set_option linter.unnecessarySeqFocus false`
warning: ././././Bell/Targets.lean:34:2: Used `tac1 <;> tac2` where `(tac1; tac2)` would suffice
note: this linter can be disabled with `set_option linter.unnecessarySeqFocus false`
warning: ././././Bell/Targets.lean:35:2: Used `tac1 <;> tac2` where `(tac1; tac2)` would suffice
note: this linter can be disabled with `set_option linter.unnecessarySeqFocus false`
warning: ././././Bell/Targets.lean:36:2: Used `tac1 <;> tac2` where `(tac1; tac2)` would suffice
note: this linter can be disabled with `set_option linter.unnecessarySeqFocus false`
⚠ [2853/2854] Replayed Bell.ConeCircuits
warning: ././././Bell/ConeCircuits.lean:55:0: automatically included section variable(s) unused in theorem 'Bell.ConeCircuits.weights_convex':
  [DecidableEq ι]
consider restructuring your `variable` declarations so that the variables are not in scope or explicitly omit them:
  omit [DecidableEq ι] in theorem ...
note: this linter can be disabled with `set_option linter.unusedSectionVars false`
warning: ././././Bell/ConeCircuits.lean:61:0: automatically included section variable(s) unused in theorem 'Bell.ConeCircuits.weights_isClosed':
  [DecidableEq ι]
consider restructuring your `variable` declarations so that the variables are not in scope or explicitly omit them:
  omit [DecidableEq ι] in theorem ...
note: this linter can be disabled with `set_option linter.unusedSectionVars false`
warning: ././././Bell/ConeCircuits.lean:85:0: automatically included section variable(s) unused in theorem 'Bell.ConeCircuits.balance_sideSum':
  [DecidableEq ι]
consider restructuring your `variable` declarations so that the variables are not in scope or explicitly omit them:
  omit [DecidableEq ι] in theorem ...
note: this linter can be disabled with `set_option linter.unusedSectionVars false`
warning: ././././Bell/ConeCircuits.lean:92:0: automatically included section variable(s) unused in theorem 'Bell.ConeCircuits.mass_sideSum':
  [DecidableEq ι]
consider restructuring your `variable` declarations so that the variables are not in scope or explicitly omit them:
  omit [DecidableEq ι] in theorem ...
note: this linter can be disabled with `set_option linter.unusedSectionVars false`
warning: ././././Bell/ConeCircuits.lean:127:0: automatically included section variable(s) unused in theorem 'Bell.ConeCircuits.extreme_relation_zero':
  [DecidableEq ι]
consider restructuring your `variable` declarations so that the variables are not in scope or explicitly omit them:
  omit [DecidableEq ι] in theorem ...
note: this linter can be disabled with `set_option linter.unusedSectionVars false`
warning: ././././Bell/ConeCircuits.lean:198:0: automatically included section variable(s) unused in theorem 'Bell.ConeCircuits.sideSum_future':
  [DecidableEq ι]
consider restructuring your `variable` declarations so that the variables are not in scope or explicitly omit them:
  omit [DecidableEq ι] in theorem ...
note: this linter can be disabled with `set_option linter.unusedSectionVars false`
warning: ././././Bell/ConeCircuits.lean:207:8: automatically included section variable(s) unused in theorem '_private.Bell.ConeCircuits.0.Bell.ConeCircuits.singleton_side_sum':
  [DecidableEq ι]
consider restructuring your `variable` declarations so that the variables are not in scope or explicitly omit them:
  omit [DecidableEq ι] in theorem ...
note: this linter can be disabled with `set_option linter.unusedSectionVars false`
warning: ././././Bell/ConeCircuits.lean:289:4: Used `tac1 <;> tac2` where `(tac1; tac2)` would suffice
note: this linter can be disabled with `set_option linter.unnecessarySeqFocus false`
⚠ [2854/2854] Built Bell.CircuitRealization
warning: ././././Bell/CircuitRealization.lean:28:0: automatically included section variable(s) unused in theorem 'Bell.ConeCircuits.outcomeVector_sum':
  [DecidableEq ι]
consider restructuring your `variable` declarations so that the variables are not in scope or explicitly omit them:
  omit [DecidableEq ι] in theorem ...
note: this linter can be disabled with `set_option linter.unusedSectionVars false`
Build completed successfully.
$ lake build Bell.FiniteLinearAlgebra
⚠ [2824/2827] Replayed Bell.Lorentz
warning: ././././Bell/Lorentz.lean:63:71: this tactic is never executed
note: this linter can be disabled with `set_option linter.unreachableTactic false`
warning: ././././Bell/Lorentz.lean:63:71: 'ring' tactic does nothing
note: this linter can be disabled with `set_option linter.unusedTactic false`
warning: ././././Bell/Lorentz.lean:114:2: Used `tac1 <;> tac2` where `(tac1; tac2)` would suffice
note: this linter can be disabled with `set_option linter.unnecessarySeqFocus false`
warning: ././././Bell/Lorentz.lean:118:62: Used `tac1 <;> tac2` where `(tac1; tac2)` would suffice
note: this linter can be disabled with `set_option linter.unnecessarySeqFocus false`
warning: ././././Bell/Lorentz.lean:146:2: Used `tac1 <;> tac2` where `(tac1; tac2)` would suffice
note: this linter can be disabled with `set_option linter.unnecessarySeqFocus false`
warning: ././././Bell/Lorentz.lean:212:47: this tactic is never executed
note: this linter can be disabled with `set_option linter.unreachableTactic false`
warning: ././././Bell/Lorentz.lean:212:47: 'ring' tactic does nothing
note: this linter can be disabled with `set_option linter.unusedTactic false`
warning: ././././Bell/Lorentz.lean:218:2: Used `tac1 <;> tac2` where `(tac1; tac2)` would suffice
note: this linter can be disabled with `set_option linter.unnecessarySeqFocus false`
warning: ././././Bell/Lorentz.lean:223:2: Used `tac1 <;> tac2` where `(tac1; tac2)` would suffice
note: this linter can be disabled with `set_option linter.unnecessarySeqFocus false`
✔ [2827/2827] Built Bell.FiniteLinearAlgebra
Build completed successfully.
$ lake build Bell.ConeCompression
⚠ [2825/2856] Replayed Bell.Lorentz
warning: ././././Bell/Lorentz.lean:63:71: this tactic is never executed
note: this linter can be disabled with `set_option linter.unreachableTactic false`
warning: ././././Bell/Lorentz.lean:63:71: 'ring' tactic does nothing
note: this linter can be disabled with `set_option linter.unusedTactic false`
warning: ././././Bell/Lorentz.lean:114:2: Used `tac1 <;> tac2` where `(tac1; tac2)` would suffice
note: this linter can be disabled with `set_option linter.unnecessarySeqFocus false`
warning: ././././Bell/Lorentz.lean:118:62: Used `tac1 <;> tac2` where `(tac1; tac2)` would suffice
note: this linter can be disabled with `set_option linter.unnecessarySeqFocus false`
warning: ././././Bell/Lorentz.lean:146:2: Used `tac1 <;> tac2` where `(tac1; tac2)` would suffice
note: this linter can be disabled with `set_option linter.unnecessarySeqFocus false`
warning: ././././Bell/Lorentz.lean:212:47: this tactic is never executed
note: this linter can be disabled with `set_option linter.unreachableTactic false`
warning: ././././Bell/Lorentz.lean:212:47: 'ring' tactic does nothing
note: this linter can be disabled with `set_option linter.unusedTactic false`
warning: ././././Bell/Lorentz.lean:218:2: Used `tac1 <;> tac2` where `(tac1; tac2)` would suffice
note: this linter can be disabled with `set_option linter.unnecessarySeqFocus false`
warning: ././././Bell/Lorentz.lean:223:2: Used `tac1 <;> tac2` where `(tac1; tac2)` would suffice
note: this linter can be disabled with `set_option linter.unnecessarySeqFocus false`
⚠ [2831/2856] Replayed Bell.MeasurementGeometry
warning: ././././Bell/MeasurementGeometry.lean:123:52: unused variable `hA`
note: this linter can be disabled with `set_option linter.unusedVariables false`
warning: ././././Bell/MeasurementGeometry.lean:124:5: unused variable `hB`
note: this linter can be disabled with `set_option linter.unusedVariables false`
⚠ [2832/2856] Replayed Bell.ClassicalProduct
warning: ././././Bell/ClassicalProduct.lean:27:0: automatically included section variable(s) unused in theorem 'Bell.ClassicalProduct.total_mass':
  [(x : X) → DecidableEq (O x)]
consider restructuring your `variable` declarations so that the variables are not in scope or explicitly omit them:
  omit [(x : X) → DecidableEq (O x)] in theorem ...
note: this linter can be disabled with `set_option linter.unusedSectionVars false`
warning: ././././Bell/ClassicalProduct.lean:42:0: automatically included section variable(s) unused in theorem 'Bell.ClassicalProduct.pin_mass':
  [(x : X) → Fintype (O x)]
consider restructuring your `variable` declarations so that the variables are not in scope or explicitly omit them:
  omit [(x : X) → Fintype (O x)] in theorem ...
note: this linter can be disabled with `set_option linter.unusedSectionVars false`
warning: ././././Bell/ClassicalProduct.lean:89:0: automatically included section variable(s) unused in theorem 'Bell.ClassicalProduct.conditional_normalized':
  [Fintype X]
  [DecidableEq X]
  [(x : X) → DecidableEq (O x)]
  [Fintype B]
  [DecidableEq B]
consider restructuring your `variable` declarations so that the variables are not in scope or explicitly omit them:
  omit [Fintype X] [DecidableEq X] [(x : X) → DecidableEq (O x)] [Fintype B] [DecidableEq B] in theorem ...
note: this linter can be disabled with `set_option linter.unusedSectionVars false`
warning: ././././Bell/ClassicalProduct.lean:95:0: automatically included section variable(s) unused in theorem 'Bell.ClassicalProduct.weight_nonnegative':
  [DecidableEq X]
  [(x : X) → Fintype (O x)]
  [(x : X) → DecidableEq (O x)]
  [Fintype B]
  [DecidableEq B]
consider restructuring your `variable` declarations so that the variables are not in scope or explicitly omit them:
  omit [DecidableEq
  X] [(x : X) → Fintype (O x)] [(x : X) → DecidableEq (O x)] [Fintype B] [DecidableEq B] in theorem ...
note: this linter can be disabled with `set_option linter.unusedSectionVars false`
warning: ././././Bell/ClassicalProduct.lean:119:0: automatically included section variable(s) unused in theorem 'Bell.ClassicalProduct.entry_zero_of_marginal_zero':
  [Fintype X]
  [DecidableEq X]
  [(x : X) → DecidableEq (O x)]
  [Fintype B]
  [DecidableEq B]
consider restructuring your `variable` declarations so that the variables are not in scope or explicitly omit them:
  omit [Fintype X] [DecidableEq X] [(x : X) → DecidableEq (O x)] [Fintype B] [DecidableEq B] in theorem ...
note: this linter can be disabled with `set_option linter.unusedSectionVars false`
⚠ [2834/2856] Replayed Bell.Witness
warning: ././././Bell/Witness.lean:137:2: Used `tac1 <;> tac2` where `(tac1; tac2)` would suffice
note: this linter can be disabled with `set_option linter.unnecessarySeqFocus false`
warning: ././././Bell/Witness.lean:224:2: Used `tac1 <;> tac2` where `(tac1; tac2)` would suffice
note: this linter can be disabled with `set_option linter.unnecessarySeqFocus false`
warning: ././././Bell/Witness.lean:224:14: Used `tac1 <;> tac2` where `(tac1; tac2)` would suffice
note: this linter can be disabled with `set_option linter.unnecessarySeqFocus false`
⚠ [2835/2856] Replayed Bell.Transportation
warning: ././././Bell/Transportation.lean:75:28: Used `tac1 <;> tac2` where `(tac1; tac2)` would suffice
note: this linter can be disabled with `set_option linter.unnecessarySeqFocus false`
⚠ [2850/2856] Replayed Bell.Targets
warning: ././././Bell/Targets.lean:26:2: Used `tac1 <;> tac2` where `(tac1; tac2)` would suffice
note: this linter can be disabled with `set_option linter.unnecessarySeqFocus false`
warning: ././././Bell/Targets.lean:27:2: Used `tac1 <;> tac2` where `(tac1; tac2)` would suffice
note: this linter can be disabled with `set_option linter.unnecessarySeqFocus false`
warning: ././././Bell/Targets.lean:28:2: Used `tac1 <;> tac2` where `(tac1; tac2)` would suffice
note: this linter can be disabled with `set_option linter.unnecessarySeqFocus false`
warning: ././././Bell/Targets.lean:34:2: Used `tac1 <;> tac2` where `(tac1; tac2)` would suffice
note: this linter can be disabled with `set_option linter.unnecessarySeqFocus false`
warning: ././././Bell/Targets.lean:35:2: Used `tac1 <;> tac2` where `(tac1; tac2)` would suffice
note: this linter can be disabled with `set_option linter.unnecessarySeqFocus false`
warning: ././././Bell/Targets.lean:36:2: Used `tac1 <;> tac2` where `(tac1; tac2)` would suffice
note: this linter can be disabled with `set_option linter.unnecessarySeqFocus false`
⚠ [2853/2856] Replayed Bell.ConeCircuits
warning: ././././Bell/ConeCircuits.lean:55:0: automatically included section variable(s) unused in theorem 'Bell.ConeCircuits.weights_convex':
  [DecidableEq ι]
consider restructuring your `variable` declarations so that the variables are not in scope or explicitly omit them:
  omit [DecidableEq ι] in theorem ...
note: this linter can be disabled with `set_option linter.unusedSectionVars false`
warning: ././././Bell/ConeCircuits.lean:61:0: automatically included section variable(s) unused in theorem 'Bell.ConeCircuits.weights_isClosed':
  [DecidableEq ι]
consider restructuring your `variable` declarations so that the variables are not in scope or explicitly omit them:
  omit [DecidableEq ι] in theorem ...
note: this linter can be disabled with `set_option linter.unusedSectionVars false`
warning: ././././Bell/ConeCircuits.lean:85:0: automatically included section variable(s) unused in theorem 'Bell.ConeCircuits.balance_sideSum':
  [DecidableEq ι]
consider restructuring your `variable` declarations so that the variables are not in scope or explicitly omit them:
  omit [DecidableEq ι] in theorem ...
note: this linter can be disabled with `set_option linter.unusedSectionVars false`
warning: ././././Bell/ConeCircuits.lean:92:0: automatically included section variable(s) unused in theorem 'Bell.ConeCircuits.mass_sideSum':
  [DecidableEq ι]
consider restructuring your `variable` declarations so that the variables are not in scope or explicitly omit them:
  omit [DecidableEq ι] in theorem ...
note: this linter can be disabled with `set_option linter.unusedSectionVars false`
warning: ././././Bell/ConeCircuits.lean:127:0: automatically included section variable(s) unused in theorem 'Bell.ConeCircuits.extreme_relation_zero':
  [DecidableEq ι]
consider restructuring your `variable` declarations so that the variables are not in scope or explicitly omit them:
  omit [DecidableEq ι] in theorem ...
note: this linter can be disabled with `set_option linter.unusedSectionVars false`
warning: ././././Bell/ConeCircuits.lean:198:0: automatically included section variable(s) unused in theorem 'Bell.ConeCircuits.sideSum_future':
  [DecidableEq ι]
consider restructuring your `variable` declarations so that the variables are not in scope or explicitly omit them:
  omit [DecidableEq ι] in theorem ...
note: this linter can be disabled with `set_option linter.unusedSectionVars false`
warning: ././././Bell/ConeCircuits.lean:207:8: automatically included section variable(s) unused in theorem '_private.Bell.ConeCircuits.0.Bell.ConeCircuits.singleton_side_sum':
  [DecidableEq ι]
consider restructuring your `variable` declarations so that the variables are not in scope or explicitly omit them:
  omit [DecidableEq ι] in theorem ...
note: this linter can be disabled with `set_option linter.unusedSectionVars false`
warning: ././././Bell/ConeCircuits.lean:289:4: Used `tac1 <;> tac2` where `(tac1; tac2)` would suffice
note: this linter can be disabled with `set_option linter.unnecessarySeqFocus false`
⚠ [2854/2856] Replayed Bell.CircuitRealization
warning: ././././Bell/CircuitRealization.lean:28:0: automatically included section variable(s) unused in theorem 'Bell.ConeCircuits.outcomeVector_sum':
  [DecidableEq ι]
consider restructuring your `variable` declarations so that the variables are not in scope or explicitly omit them:
  omit [DecidableEq ι] in theorem ...
note: this linter can be disabled with `set_option linter.unusedSectionVars false`
✔ [2856/2856] Built Bell.ConeCompression
Build completed successfully.
$ lake build Bell.ExtremeMeasurement
⚠ [2825/2848] Replayed Bell.Lorentz
warning: ././././Bell/Lorentz.lean:63:71: this tactic is never executed
note: this linter can be disabled with `set_option linter.unreachableTactic false`
warning: ././././Bell/Lorentz.lean:63:71: 'ring' tactic does nothing
note: this linter can be disabled with `set_option linter.unusedTactic false`
warning: ././././Bell/Lorentz.lean:114:2: Used `tac1 <;> tac2` where `(tac1; tac2)` would suffice
note: this linter can be disabled with `set_option linter.unnecessarySeqFocus false`
warning: ././././Bell/Lorentz.lean:118:62: Used `tac1 <;> tac2` where `(tac1; tac2)` would suffice
note: this linter can be disabled with `set_option linter.unnecessarySeqFocus false`
warning: ././././Bell/Lorentz.lean:146:2: Used `tac1 <;> tac2` where `(tac1; tac2)` would suffice
note: this linter can be disabled with `set_option linter.unnecessarySeqFocus false`
warning: ././././Bell/Lorentz.lean:212:47: this tactic is never executed
note: this linter can be disabled with `set_option linter.unreachableTactic false`
warning: ././././Bell/Lorentz.lean:212:47: 'ring' tactic does nothing
note: this linter can be disabled with `set_option linter.unusedTactic false`
warning: ././././Bell/Lorentz.lean:218:2: Used `tac1 <;> tac2` where `(tac1; tac2)` would suffice
note: this linter can be disabled with `set_option linter.unnecessarySeqFocus false`
warning: ././././Bell/Lorentz.lean:223:2: Used `tac1 <;> tac2` where `(tac1; tac2)` would suffice
note: this linter can be disabled with `set_option linter.unnecessarySeqFocus false`
⚠ [2831/2848] Replayed Bell.MeasurementGeometry
warning: ././././Bell/MeasurementGeometry.lean:123:52: unused variable `hA`
note: this linter can be disabled with `set_option linter.unusedVariables false`
warning: ././././Bell/MeasurementGeometry.lean:124:5: unused variable `hB`
note: this linter can be disabled with `set_option linter.unusedVariables false`
⚠ [2832/2848] Replayed Bell.ClassicalProduct
warning: ././././Bell/ClassicalProduct.lean:27:0: automatically included section variable(s) unused in theorem 'Bell.ClassicalProduct.total_mass':
  [(x : X) → DecidableEq (O x)]
consider restructuring your `variable` declarations so that the variables are not in scope or explicitly omit them:
  omit [(x : X) → DecidableEq (O x)] in theorem ...
note: this linter can be disabled with `set_option linter.unusedSectionVars false`
warning: ././././Bell/ClassicalProduct.lean:42:0: automatically included section variable(s) unused in theorem 'Bell.ClassicalProduct.pin_mass':
  [(x : X) → Fintype (O x)]
consider restructuring your `variable` declarations so that the variables are not in scope or explicitly omit them:
  omit [(x : X) → Fintype (O x)] in theorem ...
note: this linter can be disabled with `set_option linter.unusedSectionVars false`
warning: ././././Bell/ClassicalProduct.lean:89:0: automatically included section variable(s) unused in theorem 'Bell.ClassicalProduct.conditional_normalized':
  [Fintype X]
  [DecidableEq X]
  [(x : X) → DecidableEq (O x)]
  [Fintype B]
  [DecidableEq B]
consider restructuring your `variable` declarations so that the variables are not in scope or explicitly omit them:
  omit [Fintype X] [DecidableEq X] [(x : X) → DecidableEq (O x)] [Fintype B] [DecidableEq B] in theorem ...
note: this linter can be disabled with `set_option linter.unusedSectionVars false`
warning: ././././Bell/ClassicalProduct.lean:95:0: automatically included section variable(s) unused in theorem 'Bell.ClassicalProduct.weight_nonnegative':
  [DecidableEq X]
  [(x : X) → Fintype (O x)]
  [(x : X) → DecidableEq (O x)]
  [Fintype B]
  [DecidableEq B]
consider restructuring your `variable` declarations so that the variables are not in scope or explicitly omit them:
  omit [DecidableEq
  X] [(x : X) → Fintype (O x)] [(x : X) → DecidableEq (O x)] [Fintype B] [DecidableEq B] in theorem ...
note: this linter can be disabled with `set_option linter.unusedSectionVars false`
warning: ././././Bell/ClassicalProduct.lean:119:0: automatically included section variable(s) unused in theorem 'Bell.ClassicalProduct.entry_zero_of_marginal_zero':
  [Fintype X]
  [DecidableEq X]
  [(x : X) → DecidableEq (O x)]
  [Fintype B]
  [DecidableEq B]
consider restructuring your `variable` declarations so that the variables are not in scope or explicitly omit them:
  omit [Fintype X] [DecidableEq X] [(x : X) → DecidableEq (O x)] [Fintype B] [DecidableEq B] in theorem ...
note: this linter can be disabled with `set_option linter.unusedSectionVars false`
⚠ [2834/2848] Replayed Bell.Witness
warning: ././././Bell/Witness.lean:137:2: Used `tac1 <;> tac2` where `(tac1; tac2)` would suffice
note: this linter can be disabled with `set_option linter.unnecessarySeqFocus false`
warning: ././././Bell/Witness.lean:224:2: Used `tac1 <;> tac2` where `(tac1; tac2)` would suffice
note: this linter can be disabled with `set_option linter.unnecessarySeqFocus false`
warning: ././././Bell/Witness.lean:224:14: Used `tac1 <;> tac2` where `(tac1; tac2)` would suffice
note: this linter can be disabled with `set_option linter.unnecessarySeqFocus false`
⚠ [2835/2848] Replayed Bell.Transportation
warning: ././././Bell/Transportation.lean:75:28: Used `tac1 <;> tac2` where `(tac1; tac2)` would suffice
note: this linter can be disabled with `set_option linter.unnecessarySeqFocus false`
⚠ [2848/2848] Built Bell.ExtremeMeasurement
warning: ././././Bell/ExtremeMeasurement.lean:95:22: Used `tac1 <;> tac2` where `(tac1; tac2)` would suffice
note: this linter can be disabled with `set_option linter.unnecessarySeqFocus false`
warning: ././././Bell/ExtremeMeasurement.lean:99:22: Used `tac1 <;> tac2` where `(tac1; tac2)` would suffice
note: this linter can be disabled with `set_option linter.unnecessarySeqFocus false`
warning: ././././Bell/ExtremeMeasurement.lean:161:27: Used `tac1 <;> tac2` where `(tac1; tac2)` would suffice
note: this linter can be disabled with `set_option linter.unnecessarySeqFocus false`
warning: ././././Bell/ExtremeMeasurement.lean:161:44: Used `tac1 <;> tac2` where `(tac1; tac2)` would suffice
note: this linter can be disabled with `set_option linter.unnecessarySeqFocus false`
warning: ././././Bell/ExtremeMeasurement.lean:170:27: Used `tac1 <;> tac2` where `(tac1; tac2)` would suffice
note: this linter can be disabled with `set_option linter.unnecessarySeqFocus false`
warning: ././././Bell/ExtremeMeasurement.lean:170:44: Used `tac1 <;> tac2` where `(tac1; tac2)` would suffice
note: this linter can be disabled with `set_option linter.unnecessarySeqFocus false`
Build completed successfully.
$ lake build Bell.DeterministicGap
⚠ [1222/1377] Replayed Bell.Lorentz
warning: ././././Bell/Lorentz.lean:63:71: this tactic is never executed
note: this linter can be disabled with `set_option linter.unreachableTactic false`
warning: ././././Bell/Lorentz.lean:63:71: 'ring' tactic does nothing
note: this linter can be disabled with `set_option linter.unusedTactic false`
warning: ././././Bell/Lorentz.lean:114:2: Used `tac1 <;> tac2` where `(tac1; tac2)` would suffice
note: this linter can be disabled with `set_option linter.unnecessarySeqFocus false`
warning: ././././Bell/Lorentz.lean:118:62: Used `tac1 <;> tac2` where `(tac1; tac2)` would suffice
note: this linter can be disabled with `set_option linter.unnecessarySeqFocus false`
warning: ././././Bell/Lorentz.lean:146:2: Used `tac1 <;> tac2` where `(tac1; tac2)` would suffice
note: this linter can be disabled with `set_option linter.unnecessarySeqFocus false`
warning: ././././Bell/Lorentz.lean:212:47: this tactic is never executed
note: this linter can be disabled with `set_option linter.unreachableTactic false`
warning: ././././Bell/Lorentz.lean:212:47: 'ring' tactic does nothing
note: this linter can be disabled with `set_option linter.unusedTactic false`
warning: ././././Bell/Lorentz.lean:218:2: Used `tac1 <;> tac2` where `(tac1; tac2)` would suffice
note: this linter can be disabled with `set_option linter.unnecessarySeqFocus false`
warning: ././././Bell/Lorentz.lean:223:2: Used `tac1 <;> tac2` where `(tac1; tac2)` would suffice
note: this linter can be disabled with `set_option linter.unnecessarySeqFocus false`
✔ [1377/1377] Built Bell.DeterministicGap
Build completed successfully.
$ lake build Bell.RankOne
⚠ [1222/1224] Replayed Bell.Lorentz
warning: ././././Bell/Lorentz.lean:63:71: this tactic is never executed
note: this linter can be disabled with `set_option linter.unreachableTactic false`
warning: ././././Bell/Lorentz.lean:63:71: 'ring' tactic does nothing
note: this linter can be disabled with `set_option linter.unusedTactic false`
warning: ././././Bell/Lorentz.lean:114:2: Used `tac1 <;> tac2` where `(tac1; tac2)` would suffice
note: this linter can be disabled with `set_option linter.unnecessarySeqFocus false`
warning: ././././Bell/Lorentz.lean:118:62: Used `tac1 <;> tac2` where `(tac1; tac2)` would suffice
note: this linter can be disabled with `set_option linter.unnecessarySeqFocus false`
warning: ././././Bell/Lorentz.lean:146:2: Used `tac1 <;> tac2` where `(tac1; tac2)` would suffice
note: this linter can be disabled with `set_option linter.unnecessarySeqFocus false`
warning: ././././Bell/Lorentz.lean:212:47: this tactic is never executed
note: this linter can be disabled with `set_option linter.unreachableTactic false`
warning: ././././Bell/Lorentz.lean:212:47: 'ring' tactic does nothing
note: this linter can be disabled with `set_option linter.unusedTactic false`
warning: ././././Bell/Lorentz.lean:218:2: Used `tac1 <;> tac2` where `(tac1; tac2)` would suffice
note: this linter can be disabled with `set_option linter.unnecessarySeqFocus false`
warning: ././././Bell/Lorentz.lean:223:2: Used `tac1 <;> tac2` where `(tac1; tac2)` would suffice
note: this linter can be disabled with `set_option linter.unnecessarySeqFocus false`
✔ [1224/1224] Built Bell.RankOne
Build completed successfully.
$ lake build Bell.Relabeling
✔ [2823/2823] Built Bell.Relabeling
Build completed successfully.
$ lake build Bell.RankZero
⚠ [1221/1569] Replayed Bell.Lorentz
warning: ././././Bell/Lorentz.lean:63:71: this tactic is never executed
note: this linter can be disabled with `set_option linter.unreachableTactic false`
warning: ././././Bell/Lorentz.lean:63:71: 'ring' tactic does nothing
note: this linter can be disabled with `set_option linter.unusedTactic false`
warning: ././././Bell/Lorentz.lean:114:2: Used `tac1 <;> tac2` where `(tac1; tac2)` would suffice
note: this linter can be disabled with `set_option linter.unnecessarySeqFocus false`
warning: ././././Bell/Lorentz.lean:118:62: Used `tac1 <;> tac2` where `(tac1; tac2)` would suffice
note: this linter can be disabled with `set_option linter.unnecessarySeqFocus false`
warning: ././././Bell/Lorentz.lean:146:2: Used `tac1 <;> tac2` where `(tac1; tac2)` would suffice
note: this linter can be disabled with `set_option linter.unnecessarySeqFocus false`
warning: ././././Bell/Lorentz.lean:212:47: this tactic is never executed
note: this linter can be disabled with `set_option linter.unreachableTactic false`
warning: ././././Bell/Lorentz.lean:212:47: 'ring' tactic does nothing
note: this linter can be disabled with `set_option linter.unusedTactic false`
warning: ././././Bell/Lorentz.lean:218:2: Used `tac1 <;> tac2` where `(tac1; tac2)` would suffice
note: this linter can be disabled with `set_option linter.unnecessarySeqFocus false`
warning: ././././Bell/Lorentz.lean:223:2: Used `tac1 <;> tac2` where `(tac1; tac2)` would suffice
note: this linter can be disabled with `set_option linter.unnecessarySeqFocus false`
⚠ [2827/2831] Replayed Bell.Witness
warning: ././././Bell/Witness.lean:137:2: Used `tac1 <;> tac2` where `(tac1; tac2)` would suffice
note: this linter can be disabled with `set_option linter.unnecessarySeqFocus false`
warning: ././././Bell/Witness.lean:224:2: Used `tac1 <;> tac2` where `(tac1; tac2)` would suffice
note: this linter can be disabled with `set_option linter.unnecessarySeqFocus false`
warning: ././././Bell/Witness.lean:224:14: Used `tac1 <;> tac2` where `(tac1; tac2)` would suffice
note: this linter can be disabled with `set_option linter.unnecessarySeqFocus false`
⚠ [2828/2831] Replayed Bell.Transportation
warning: ././././Bell/Transportation.lean:75:28: Used `tac1 <;> tac2` where `(tac1; tac2)` would suffice
note: this linter can be disabled with `set_option linter.unnecessarySeqFocus false`
✔ [2831/2831] Built Bell.RankZero
Build completed successfully.
$ lake build Bell.RankZeroSimulation
⚠ [1221/1531] Replayed Bell.Lorentz
warning: ././././Bell/Lorentz.lean:63:71: this tactic is never executed
note: this linter can be disabled with `set_option linter.unreachableTactic false`
warning: ././././Bell/Lorentz.lean:63:71: 'ring' tactic does nothing
note: this linter can be disabled with `set_option linter.unusedTactic false`
warning: ././././Bell/Lorentz.lean:114:2: Used `tac1 <;> tac2` where `(tac1; tac2)` would suffice
note: this linter can be disabled with `set_option linter.unnecessarySeqFocus false`
warning: ././././Bell/Lorentz.lean:118:62: Used `tac1 <;> tac2` where `(tac1; tac2)` would suffice
note: this linter can be disabled with `set_option linter.unnecessarySeqFocus false`
warning: ././././Bell/Lorentz.lean:146:2: Used `tac1 <;> tac2` where `(tac1; tac2)` would suffice
note: this linter can be disabled with `set_option linter.unnecessarySeqFocus false`
warning: ././././Bell/Lorentz.lean:212:47: this tactic is never executed
note: this linter can be disabled with `set_option linter.unreachableTactic false`
warning: ././././Bell/Lorentz.lean:212:47: 'ring' tactic does nothing
note: this linter can be disabled with `set_option linter.unusedTactic false`
warning: ././././Bell/Lorentz.lean:218:2: Used `tac1 <;> tac2` where `(tac1; tac2)` would suffice
note: this linter can be disabled with `set_option linter.unnecessarySeqFocus false`
warning: ././././Bell/Lorentz.lean:223:2: Used `tac1 <;> tac2` where `(tac1; tac2)` would suffice
note: this linter can be disabled with `set_option linter.unnecessarySeqFocus false`
⚠ [2827/2832] Replayed Bell.Witness
warning: ././././Bell/Witness.lean:137:2: Used `tac1 <;> tac2` where `(tac1; tac2)` would suffice
note: this linter can be disabled with `set_option linter.unnecessarySeqFocus false`
warning: ././././Bell/Witness.lean:224:2: Used `tac1 <;> tac2` where `(tac1; tac2)` would suffice
note: this linter can be disabled with `set_option linter.unnecessarySeqFocus false`
warning: ././././Bell/Witness.lean:224:14: Used `tac1 <;> tac2` where `(tac1; tac2)` would suffice
note: this linter can be disabled with `set_option linter.unnecessarySeqFocus false`
⚠ [2828/2832] Replayed Bell.Transportation
warning: ././././Bell/Transportation.lean:75:28: Used `tac1 <;> tac2` where `(tac1; tac2)` would suffice
note: this linter can be disabled with `set_option linter.unnecessarySeqFocus false`
⚠ [2832/2832] Built Bell.RankZeroSimulation
warning: ././././Bell/RankZeroSimulation.lean:99:34: unused variable `h`
note: this linter can be disabled with `set_option linter.unusedVariables false`
Build completed successfully.
$ lake build Bell.IncidenceScores
⚠ [1221/1590] Replayed Bell.Lorentz
warning: ././././Bell/Lorentz.lean:63:71: this tactic is never executed
note: this linter can be disabled with `set_option linter.unreachableTactic false`
warning: ././././Bell/Lorentz.lean:63:71: 'ring' tactic does nothing
note: this linter can be disabled with `set_option linter.unusedTactic false`
warning: ././././Bell/Lorentz.lean:114:2: Used `tac1 <;> tac2` where `(tac1; tac2)` would suffice
note: this linter can be disabled with `set_option linter.unnecessarySeqFocus false`
warning: ././././Bell/Lorentz.lean:118:62: Used `tac1 <;> tac2` where `(tac1; tac2)` would suffice
note: this linter can be disabled with `set_option linter.unnecessarySeqFocus false`
warning: ././././Bell/Lorentz.lean:146:2: Used `tac1 <;> tac2` where `(tac1; tac2)` would suffice
note: this linter can be disabled with `set_option linter.unnecessarySeqFocus false`
warning: ././././Bell/Lorentz.lean:212:47: this tactic is never executed
note: this linter can be disabled with `set_option linter.unreachableTactic false`
warning: ././././Bell/Lorentz.lean:212:47: 'ring' tactic does nothing
note: this linter can be disabled with `set_option linter.unusedTactic false`
warning: ././././Bell/Lorentz.lean:218:2: Used `tac1 <;> tac2` where `(tac1; tac2)` would suffice
note: this linter can be disabled with `set_option linter.unnecessarySeqFocus false`
warning: ././././Bell/Lorentz.lean:223:2: Used `tac1 <;> tac2` where `(tac1; tac2)` would suffice
note: this linter can be disabled with `set_option linter.unnecessarySeqFocus false`
⚠ [2796/2844] Replayed Bell.ClassicalProduct
warning: ././././Bell/ClassicalProduct.lean:27:0: automatically included section variable(s) unused in theorem 'Bell.ClassicalProduct.total_mass':
  [(x : X) → DecidableEq (O x)]
consider restructuring your `variable` declarations so that the variables are not in scope or explicitly omit them:
  omit [(x : X) → DecidableEq (O x)] in theorem ...
note: this linter can be disabled with `set_option linter.unusedSectionVars false`
warning: ././././Bell/ClassicalProduct.lean:42:0: automatically included section variable(s) unused in theorem 'Bell.ClassicalProduct.pin_mass':
  [(x : X) → Fintype (O x)]
consider restructuring your `variable` declarations so that the variables are not in scope or explicitly omit them:
  omit [(x : X) → Fintype (O x)] in theorem ...
note: this linter can be disabled with `set_option linter.unusedSectionVars false`
warning: ././././Bell/ClassicalProduct.lean:89:0: automatically included section variable(s) unused in theorem 'Bell.ClassicalProduct.conditional_normalized':
  [Fintype X]
  [DecidableEq X]
  [(x : X) → DecidableEq (O x)]
  [Fintype B]
  [DecidableEq B]
consider restructuring your `variable` declarations so that the variables are not in scope or explicitly omit them:
  omit [Fintype X] [DecidableEq X] [(x : X) → DecidableEq (O x)] [Fintype B] [DecidableEq B] in theorem ...
note: this linter can be disabled with `set_option linter.unusedSectionVars false`
warning: ././././Bell/ClassicalProduct.lean:95:0: automatically included section variable(s) unused in theorem 'Bell.ClassicalProduct.weight_nonnegative':
  [DecidableEq X]
  [(x : X) → Fintype (O x)]
  [(x : X) → DecidableEq (O x)]
  [Fintype B]
  [DecidableEq B]
consider restructuring your `variable` declarations so that the variables are not in scope or explicitly omit them:
  omit [DecidableEq
  X] [(x : X) → Fintype (O x)] [(x : X) → DecidableEq (O x)] [Fintype B] [DecidableEq B] in theorem ...
note: this linter can be disabled with `set_option linter.unusedSectionVars false`
warning: ././././Bell/ClassicalProduct.lean:119:0: automatically included section variable(s) unused in theorem 'Bell.ClassicalProduct.entry_zero_of_marginal_zero':
  [Fintype X]
  [DecidableEq X]
  [(x : X) → DecidableEq (O x)]
  [Fintype B]
  [DecidableEq B]
consider restructuring your `variable` declarations so that the variables are not in scope or explicitly omit them:
  omit [Fintype X] [DecidableEq X] [(x : X) → DecidableEq (O x)] [Fintype B] [DecidableEq B] in theorem ...
note: this linter can be disabled with `set_option linter.unusedSectionVars false`
⚠ [2830/2844] Replayed Bell.Witness
warning: ././././Bell/Witness.lean:137:2: Used `tac1 <;> tac2` where `(tac1; tac2)` would suffice
note: this linter can be disabled with `set_option linter.unnecessarySeqFocus false`
warning: ././././Bell/Witness.lean:224:2: Used `tac1 <;> tac2` where `(tac1; tac2)` would suffice
note: this linter can be disabled with `set_option linter.unnecessarySeqFocus false`
warning: ././././Bell/Witness.lean:224:14: Used `tac1 <;> tac2` where `(tac1; tac2)` would suffice
note: this linter can be disabled with `set_option linter.unnecessarySeqFocus false`
⚠ [2832/2844] Replayed Bell.Transportation
warning: ././././Bell/Transportation.lean:75:28: Used `tac1 <;> tac2` where `(tac1; tac2)` would suffice
note: this linter can be disabled with `set_option linter.unnecessarySeqFocus false`
⚠ [2834/2844] Replayed Bell.Targets
warning: ././././Bell/Targets.lean:26:2: Used `tac1 <;> tac2` where `(tac1; tac2)` would suffice
note: this linter can be disabled with `set_option linter.unnecessarySeqFocus false`
warning: ././././Bell/Targets.lean:27:2: Used `tac1 <;> tac2` where `(tac1; tac2)` would suffice
note: this linter can be disabled with `set_option linter.unnecessarySeqFocus false`
warning: ././././Bell/Targets.lean:28:2: Used `tac1 <;> tac2` where `(tac1; tac2)` would suffice
note: this linter can be disabled with `set_option linter.unnecessarySeqFocus false`
warning: ././././Bell/Targets.lean:34:2: Used `tac1 <;> tac2` where `(tac1; tac2)` would suffice
note: this linter can be disabled with `set_option linter.unnecessarySeqFocus false`
warning: ././././Bell/Targets.lean:35:2: Used `tac1 <;> tac2` where `(tac1; tac2)` would suffice
note: this linter can be disabled with `set_option linter.unnecessarySeqFocus false`
warning: ././././Bell/Targets.lean:36:2: Used `tac1 <;> tac2` where `(tac1; tac2)` would suffice
note: this linter can be disabled with `set_option linter.unnecessarySeqFocus false`
⚠ [2843/2844] Replayed Bell.RankZeroSimulation
warning: ././././Bell/RankZeroSimulation.lean:99:34: unused variable `h`
note: this linter can be disabled with `set_option linter.unusedVariables false`
✔ [2844/2844] Built Bell.IncidenceScores
Build completed successfully.
$ lake build Bell.FrameRealization
⚠ [2825/2847] Replayed Bell.Lorentz
warning: ././././Bell/Lorentz.lean:63:71: this tactic is never executed
note: this linter can be disabled with `set_option linter.unreachableTactic false`
warning: ././././Bell/Lorentz.lean:63:71: 'ring' tactic does nothing
note: this linter can be disabled with `set_option linter.unusedTactic false`
warning: ././././Bell/Lorentz.lean:114:2: Used `tac1 <;> tac2` where `(tac1; tac2)` would suffice
note: this linter can be disabled with `set_option linter.unnecessarySeqFocus false`
warning: ././././Bell/Lorentz.lean:118:62: Used `tac1 <;> tac2` where `(tac1; tac2)` would suffice
note: this linter can be disabled with `set_option linter.unnecessarySeqFocus false`
warning: ././././Bell/Lorentz.lean:146:2: Used `tac1 <;> tac2` where `(tac1; tac2)` would suffice
note: this linter can be disabled with `set_option linter.unnecessarySeqFocus false`
warning: ././././Bell/Lorentz.lean:212:47: this tactic is never executed
note: this linter can be disabled with `set_option linter.unreachableTactic false`
warning: ././././Bell/Lorentz.lean:212:47: 'ring' tactic does nothing
note: this linter can be disabled with `set_option linter.unusedTactic false`
warning: ././././Bell/Lorentz.lean:218:2: Used `tac1 <;> tac2` where `(tac1; tac2)` would suffice
note: this linter can be disabled with `set_option linter.unnecessarySeqFocus false`
warning: ././././Bell/Lorentz.lean:223:2: Used `tac1 <;> tac2` where `(tac1; tac2)` would suffice
note: this linter can be disabled with `set_option linter.unnecessarySeqFocus false`
⚠ [2832/2847] Replayed Bell.ClassicalProduct
warning: ././././Bell/ClassicalProduct.lean:27:0: automatically included section variable(s) unused in theorem 'Bell.ClassicalProduct.total_mass':
  [(x : X) → DecidableEq (O x)]
consider restructuring your `variable` declarations so that the variables are not in scope or explicitly omit them:
  omit [(x : X) → DecidableEq (O x)] in theorem ...
note: this linter can be disabled with `set_option linter.unusedSectionVars false`
warning: ././././Bell/ClassicalProduct.lean:42:0: automatically included section variable(s) unused in theorem 'Bell.ClassicalProduct.pin_mass':
  [(x : X) → Fintype (O x)]
consider restructuring your `variable` declarations so that the variables are not in scope or explicitly omit them:
  omit [(x : X) → Fintype (O x)] in theorem ...
note: this linter can be disabled with `set_option linter.unusedSectionVars false`
warning: ././././Bell/ClassicalProduct.lean:89:0: automatically included section variable(s) unused in theorem 'Bell.ClassicalProduct.conditional_normalized':
  [Fintype X]
  [DecidableEq X]
  [(x : X) → DecidableEq (O x)]
  [Fintype B]
  [DecidableEq B]
consider restructuring your `variable` declarations so that the variables are not in scope or explicitly omit them:
  omit [Fintype X] [DecidableEq X] [(x : X) → DecidableEq (O x)] [Fintype B] [DecidableEq B] in theorem ...
note: this linter can be disabled with `set_option linter.unusedSectionVars false`
warning: ././././Bell/ClassicalProduct.lean:95:0: automatically included section variable(s) unused in theorem 'Bell.ClassicalProduct.weight_nonnegative':
  [DecidableEq X]
  [(x : X) → Fintype (O x)]
  [(x : X) → DecidableEq (O x)]
  [Fintype B]
  [DecidableEq B]
consider restructuring your `variable` declarations so that the variables are not in scope or explicitly omit them:
  omit [DecidableEq
  X] [(x : X) → Fintype (O x)] [(x : X) → DecidableEq (O x)] [Fintype B] [DecidableEq B] in theorem ...
note: this linter can be disabled with `set_option linter.unusedSectionVars false`
warning: ././././Bell/ClassicalProduct.lean:119:0: automatically included section variable(s) unused in theorem 'Bell.ClassicalProduct.entry_zero_of_marginal_zero':
  [Fintype X]
  [DecidableEq X]
  [(x : X) → DecidableEq (O x)]
  [Fintype B]
  [DecidableEq B]
consider restructuring your `variable` declarations so that the variables are not in scope or explicitly omit them:
  omit [Fintype X] [DecidableEq X] [(x : X) → DecidableEq (O x)] [Fintype B] [DecidableEq B] in theorem ...
note: this linter can be disabled with `set_option linter.unusedSectionVars false`
⚠ [2835/2847] Replayed Bell.Witness
warning: ././././Bell/Witness.lean:137:2: Used `tac1 <;> tac2` where `(tac1; tac2)` would suffice
note: this linter can be disabled with `set_option linter.unnecessarySeqFocus false`
warning: ././././Bell/Witness.lean:224:2: Used `tac1 <;> tac2` where `(tac1; tac2)` would suffice
note: this linter can be disabled with `set_option linter.unnecessarySeqFocus false`
warning: ././././Bell/Witness.lean:224:14: Used `tac1 <;> tac2` where `(tac1; tac2)` would suffice
note: this linter can be disabled with `set_option linter.unnecessarySeqFocus false`
⚠ [2837/2847] Replayed Bell.Transportation
warning: ././././Bell/Transportation.lean:75:28: Used `tac1 <;> tac2` where `(tac1; tac2)` would suffice
note: this linter can be disabled with `set_option linter.unnecessarySeqFocus false`
⚠ [2839/2847] Replayed Bell.Targets
warning: ././././Bell/Targets.lean:26:2: Used `tac1 <;> tac2` where `(tac1; tac2)` would suffice
note: this linter can be disabled with `set_option linter.unnecessarySeqFocus false`
warning: ././././Bell/Targets.lean:27:2: Used `tac1 <;> tac2` where `(tac1; tac2)` would suffice
note: this linter can be disabled with `set_option linter.unnecessarySeqFocus false`
warning: ././././Bell/Targets.lean:28:2: Used `tac1 <;> tac2` where `(tac1; tac2)` would suffice
note: this linter can be disabled with `set_option linter.unnecessarySeqFocus false`
warning: ././././Bell/Targets.lean:34:2: Used `tac1 <;> tac2` where `(tac1; tac2)` would suffice
note: this linter can be disabled with `set_option linter.unnecessarySeqFocus false`
warning: ././././Bell/Targets.lean:35:2: Used `tac1 <;> tac2` where `(tac1; tac2)` would suffice
note: this linter can be disabled with `set_option linter.unnecessarySeqFocus false`
warning: ././././Bell/Targets.lean:36:2: Used `tac1 <;> tac2` where `(tac1; tac2)` would suffice
note: this linter can be disabled with `set_option linter.unnecessarySeqFocus false`
⚠ [2845/2847] Replayed Bell.RankZeroSimulation
warning: ././././Bell/RankZeroSimulation.lean:99:34: unused variable `h`
note: this linter can be disabled with `set_option linter.unusedVariables false`
✔ [2847/2847] Built Bell.FrameRealization
Build completed successfully.
$ lake build Bell.CommonSpanFiltering
⚠ [2825/2861] Replayed Bell.Lorentz
warning: ././././Bell/Lorentz.lean:63:71: this tactic is never executed
note: this linter can be disabled with `set_option linter.unreachableTactic false`
warning: ././././Bell/Lorentz.lean:63:71: 'ring' tactic does nothing
note: this linter can be disabled with `set_option linter.unusedTactic false`
warning: ././././Bell/Lorentz.lean:114:2: Used `tac1 <;> tac2` where `(tac1; tac2)` would suffice
note: this linter can be disabled with `set_option linter.unnecessarySeqFocus false`
warning: ././././Bell/Lorentz.lean:118:62: Used `tac1 <;> tac2` where `(tac1; tac2)` would suffice
note: this linter can be disabled with `set_option linter.unnecessarySeqFocus false`
warning: ././././Bell/Lorentz.lean:146:2: Used `tac1 <;> tac2` where `(tac1; tac2)` would suffice
note: this linter can be disabled with `set_option linter.unnecessarySeqFocus false`
warning: ././././Bell/Lorentz.lean:212:47: this tactic is never executed
note: this linter can be disabled with `set_option linter.unreachableTactic false`
warning: ././././Bell/Lorentz.lean:212:47: 'ring' tactic does nothing
note: this linter can be disabled with `set_option linter.unusedTactic false`
warning: ././././Bell/Lorentz.lean:218:2: Used `tac1 <;> tac2` where `(tac1; tac2)` would suffice
note: this linter can be disabled with `set_option linter.unnecessarySeqFocus false`
warning: ././././Bell/Lorentz.lean:223:2: Used `tac1 <;> tac2` where `(tac1; tac2)` would suffice
note: this linter can be disabled with `set_option linter.unnecessarySeqFocus false`
⚠ [2831/2861] Replayed Bell.MeasurementGeometry
warning: ././././Bell/MeasurementGeometry.lean:123:52: unused variable `hA`
note: this linter can be disabled with `set_option linter.unusedVariables false`
warning: ././././Bell/MeasurementGeometry.lean:124:5: unused variable `hB`
note: this linter can be disabled with `set_option linter.unusedVariables false`
⚠ [2832/2861] Replayed Bell.ClassicalProduct
warning: ././././Bell/ClassicalProduct.lean:27:0: automatically included section variable(s) unused in theorem 'Bell.ClassicalProduct.total_mass':
  [(x : X) → DecidableEq (O x)]
consider restructuring your `variable` declarations so that the variables are not in scope or explicitly omit them:
  omit [(x : X) → DecidableEq (O x)] in theorem ...
note: this linter can be disabled with `set_option linter.unusedSectionVars false`
warning: ././././Bell/ClassicalProduct.lean:42:0: automatically included section variable(s) unused in theorem 'Bell.ClassicalProduct.pin_mass':
  [(x : X) → Fintype (O x)]
consider restructuring your `variable` declarations so that the variables are not in scope or explicitly omit them:
  omit [(x : X) → Fintype (O x)] in theorem ...
note: this linter can be disabled with `set_option linter.unusedSectionVars false`
warning: ././././Bell/ClassicalProduct.lean:89:0: automatically included section variable(s) unused in theorem 'Bell.ClassicalProduct.conditional_normalized':
  [Fintype X]
  [DecidableEq X]
  [(x : X) → DecidableEq (O x)]
  [Fintype B]
  [DecidableEq B]
consider restructuring your `variable` declarations so that the variables are not in scope or explicitly omit them:
  omit [Fintype X] [DecidableEq X] [(x : X) → DecidableEq (O x)] [Fintype B] [DecidableEq B] in theorem ...
note: this linter can be disabled with `set_option linter.unusedSectionVars false`
warning: ././././Bell/ClassicalProduct.lean:95:0: automatically included section variable(s) unused in theorem 'Bell.ClassicalProduct.weight_nonnegative':
  [DecidableEq X]
  [(x : X) → Fintype (O x)]
  [(x : X) → DecidableEq (O x)]
  [Fintype B]
  [DecidableEq B]
consider restructuring your `variable` declarations so that the variables are not in scope or explicitly omit them:
  omit [DecidableEq
  X] [(x : X) → Fintype (O x)] [(x : X) → DecidableEq (O x)] [Fintype B] [DecidableEq B] in theorem ...
note: this linter can be disabled with `set_option linter.unusedSectionVars false`
warning: ././././Bell/ClassicalProduct.lean:119:0: automatically included section variable(s) unused in theorem 'Bell.ClassicalProduct.entry_zero_of_marginal_zero':
  [Fintype X]
  [DecidableEq X]
  [(x : X) → DecidableEq (O x)]
  [Fintype B]
  [DecidableEq B]
consider restructuring your `variable` declarations so that the variables are not in scope or explicitly omit them:
  omit [Fintype X] [DecidableEq X] [(x : X) → DecidableEq (O x)] [Fintype B] [DecidableEq B] in theorem ...
note: this linter can be disabled with `set_option linter.unusedSectionVars false`
⚠ [2834/2861] Replayed Bell.Witness
warning: ././././Bell/Witness.lean:137:2: Used `tac1 <;> tac2` where `(tac1; tac2)` would suffice
note: this linter can be disabled with `set_option linter.unnecessarySeqFocus false`
warning: ././././Bell/Witness.lean:224:2: Used `tac1 <;> tac2` where `(tac1; tac2)` would suffice
note: this linter can be disabled with `set_option linter.unnecessarySeqFocus false`
warning: ././././Bell/Witness.lean:224:14: Used `tac1 <;> tac2` where `(tac1; tac2)` would suffice
note: this linter can be disabled with `set_option linter.unnecessarySeqFocus false`
⚠ [2835/2861] Replayed Bell.Transportation
warning: ././././Bell/Transportation.lean:75:28: Used `tac1 <;> tac2` where `(tac1; tac2)` would suffice
note: this linter can be disabled with `set_option linter.unnecessarySeqFocus false`
⚠ [2848/2861] Replayed Bell.ExtremeMeasurement
warning: ././././Bell/ExtremeMeasurement.lean:95:22: Used `tac1 <;> tac2` where `(tac1; tac2)` would suffice
note: this linter can be disabled with `set_option linter.unnecessarySeqFocus false`
warning: ././././Bell/ExtremeMeasurement.lean:99:22: Used `tac1 <;> tac2` where `(tac1; tac2)` would suffice
note: this linter can be disabled with `set_option linter.unnecessarySeqFocus false`
warning: ././././Bell/ExtremeMeasurement.lean:161:27: Used `tac1 <;> tac2` where `(tac1; tac2)` would suffice
note: this linter can be disabled with `set_option linter.unnecessarySeqFocus false`
warning: ././././Bell/ExtremeMeasurement.lean:161:44: Used `tac1 <;> tac2` where `(tac1; tac2)` would suffice
note: this linter can be disabled with `set_option linter.unnecessarySeqFocus false`
warning: ././././Bell/ExtremeMeasurement.lean:170:27: Used `tac1 <;> tac2` where `(tac1; tac2)` would suffice
note: this linter can be disabled with `set_option linter.unnecessarySeqFocus false`
warning: ././././Bell/ExtremeMeasurement.lean:170:44: Used `tac1 <;> tac2` where `(tac1; tac2)` would suffice
note: this linter can be disabled with `set_option linter.unnecessarySeqFocus false`
⚠ [2852/2861] Replayed Bell.Targets
warning: ././././Bell/Targets.lean:26:2: Used `tac1 <;> tac2` where `(tac1; tac2)` would suffice
note: this linter can be disabled with `set_option linter.unnecessarySeqFocus false`
warning: ././././Bell/Targets.lean:27:2: Used `tac1 <;> tac2` where `(tac1; tac2)` would suffice
note: this linter can be disabled with `set_option linter.unnecessarySeqFocus false`
warning: ././././Bell/Targets.lean:28:2: Used `tac1 <;> tac2` where `(tac1; tac2)` would suffice
note: this linter can be disabled with `set_option linter.unnecessarySeqFocus false`
warning: ././././Bell/Targets.lean:34:2: Used `tac1 <;> tac2` where `(tac1; tac2)` would suffice
note: this linter can be disabled with `set_option linter.unnecessarySeqFocus false`
warning: ././././Bell/Targets.lean:35:2: Used `tac1 <;> tac2` where `(tac1; tac2)` would suffice
note: this linter can be disabled with `set_option linter.unnecessarySeqFocus false`
warning: ././././Bell/Targets.lean:36:2: Used `tac1 <;> tac2` where `(tac1; tac2)` would suffice
note: this linter can be disabled with `set_option linter.unnecessarySeqFocus false`
⚠ [2858/2861] Replayed Bell.RankZeroSimulation
warning: ././././Bell/RankZeroSimulation.lean:99:34: unused variable `h`
note: this linter can be disabled with `set_option linter.unusedVariables false`
⚠ [2861/2861] Built Bell.CommonSpanFiltering
warning: ././././Bell/CommonSpanFiltering.lean:52:28: unused variable `hH`
note: this linter can be disabled with `set_option linter.unusedVariables false`
Build completed successfully.
$ lake build Bell.MeasurementSpans
⚠ [2825/2862] Replayed Bell.Lorentz
warning: ././././Bell/Lorentz.lean:63:71: this tactic is never executed
note: this linter can be disabled with `set_option linter.unreachableTactic false`
warning: ././././Bell/Lorentz.lean:63:71: 'ring' tactic does nothing
note: this linter can be disabled with `set_option linter.unusedTactic false`
warning: ././././Bell/Lorentz.lean:114:2: Used `tac1 <;> tac2` where `(tac1; tac2)` would suffice
note: this linter can be disabled with `set_option linter.unnecessarySeqFocus false`
warning: ././././Bell/Lorentz.lean:118:62: Used `tac1 <;> tac2` where `(tac1; tac2)` would suffice
note: this linter can be disabled with `set_option linter.unnecessarySeqFocus false`
warning: ././././Bell/Lorentz.lean:146:2: Used `tac1 <;> tac2` where `(tac1; tac2)` would suffice
note: this linter can be disabled with `set_option linter.unnecessarySeqFocus false`
warning: ././././Bell/Lorentz.lean:212:47: this tactic is never executed
note: this linter can be disabled with `set_option linter.unreachableTactic false`
warning: ././././Bell/Lorentz.lean:212:47: 'ring' tactic does nothing
note: this linter can be disabled with `set_option linter.unusedTactic false`
warning: ././././Bell/Lorentz.lean:218:2: Used `tac1 <;> tac2` where `(tac1; tac2)` would suffice
note: this linter can be disabled with `set_option linter.unnecessarySeqFocus false`
warning: ././././Bell/Lorentz.lean:223:2: Used `tac1 <;> tac2` where `(tac1; tac2)` would suffice
note: this linter can be disabled with `set_option linter.unnecessarySeqFocus false`
⚠ [2831/2862] Replayed Bell.MeasurementGeometry
warning: ././././Bell/MeasurementGeometry.lean:123:52: unused variable `hA`
note: this linter can be disabled with `set_option linter.unusedVariables false`
warning: ././././Bell/MeasurementGeometry.lean:124:5: unused variable `hB`
note: this linter can be disabled with `set_option linter.unusedVariables false`
⚠ [2832/2862] Replayed Bell.ClassicalProduct
warning: ././././Bell/ClassicalProduct.lean:27:0: automatically included section variable(s) unused in theorem 'Bell.ClassicalProduct.total_mass':
  [(x : X) → DecidableEq (O x)]
consider restructuring your `variable` declarations so that the variables are not in scope or explicitly omit them:
  omit [(x : X) → DecidableEq (O x)] in theorem ...
note: this linter can be disabled with `set_option linter.unusedSectionVars false`
warning: ././././Bell/ClassicalProduct.lean:42:0: automatically included section variable(s) unused in theorem 'Bell.ClassicalProduct.pin_mass':
  [(x : X) → Fintype (O x)]
consider restructuring your `variable` declarations so that the variables are not in scope or explicitly omit them:
  omit [(x : X) → Fintype (O x)] in theorem ...
note: this linter can be disabled with `set_option linter.unusedSectionVars false`
warning: ././././Bell/ClassicalProduct.lean:89:0: automatically included section variable(s) unused in theorem 'Bell.ClassicalProduct.conditional_normalized':
  [Fintype X]
  [DecidableEq X]
  [(x : X) → DecidableEq (O x)]
  [Fintype B]
  [DecidableEq B]
consider restructuring your `variable` declarations so that the variables are not in scope or explicitly omit them:
  omit [Fintype X] [DecidableEq X] [(x : X) → DecidableEq (O x)] [Fintype B] [DecidableEq B] in theorem ...
note: this linter can be disabled with `set_option linter.unusedSectionVars false`
warning: ././././Bell/ClassicalProduct.lean:95:0: automatically included section variable(s) unused in theorem 'Bell.ClassicalProduct.weight_nonnegative':
  [DecidableEq X]
  [(x : X) → Fintype (O x)]
  [(x : X) → DecidableEq (O x)]
  [Fintype B]
  [DecidableEq B]
consider restructuring your `variable` declarations so that the variables are not in scope or explicitly omit them:
  omit [DecidableEq
  X] [(x : X) → Fintype (O x)] [(x : X) → DecidableEq (O x)] [Fintype B] [DecidableEq B] in theorem ...
note: this linter can be disabled with `set_option linter.unusedSectionVars false`
warning: ././././Bell/ClassicalProduct.lean:119:0: automatically included section variable(s) unused in theorem 'Bell.ClassicalProduct.entry_zero_of_marginal_zero':
  [Fintype X]
  [DecidableEq X]
  [(x : X) → DecidableEq (O x)]
  [Fintype B]
  [DecidableEq B]
consider restructuring your `variable` declarations so that the variables are not in scope or explicitly omit them:
  omit [Fintype X] [DecidableEq X] [(x : X) → DecidableEq (O x)] [Fintype B] [DecidableEq B] in theorem ...
note: this linter can be disabled with `set_option linter.unusedSectionVars false`
⚠ [2834/2862] Replayed Bell.Witness
warning: ././././Bell/Witness.lean:137:2: Used `tac1 <;> tac2` where `(tac1; tac2)` would suffice
note: this linter can be disabled with `set_option linter.unnecessarySeqFocus false`
warning: ././././Bell/Witness.lean:224:2: Used `tac1 <;> tac2` where `(tac1; tac2)` would suffice
note: this linter can be disabled with `set_option linter.unnecessarySeqFocus false`
warning: ././././Bell/Witness.lean:224:14: Used `tac1 <;> tac2` where `(tac1; tac2)` would suffice
note: this linter can be disabled with `set_option linter.unnecessarySeqFocus false`
⚠ [2835/2862] Replayed Bell.Transportation
warning: ././././Bell/Transportation.lean:75:28: Used `tac1 <;> tac2` where `(tac1; tac2)` would suffice
note: this linter can be disabled with `set_option linter.unnecessarySeqFocus false`
⚠ [2848/2862] Replayed Bell.ExtremeMeasurement
warning: ././././Bell/ExtremeMeasurement.lean:95:22: Used `tac1 <;> tac2` where `(tac1; tac2)` would suffice
note: this linter can be disabled with `set_option linter.unnecessarySeqFocus false`
warning: ././././Bell/ExtremeMeasurement.lean:99:22: Used `tac1 <;> tac2` where `(tac1; tac2)` would suffice
note: this linter can be disabled with `set_option linter.unnecessarySeqFocus false`
warning: ././././Bell/ExtremeMeasurement.lean:161:27: Used `tac1 <;> tac2` where `(tac1; tac2)` would suffice
note: this linter can be disabled with `set_option linter.unnecessarySeqFocus false`
warning: ././././Bell/ExtremeMeasurement.lean:161:44: Used `tac1 <;> tac2` where `(tac1; tac2)` would suffice
note: this linter can be disabled with `set_option linter.unnecessarySeqFocus false`
warning: ././././Bell/ExtremeMeasurement.lean:170:27: Used `tac1 <;> tac2` where `(tac1; tac2)` would suffice
note: this linter can be disabled with `set_option linter.unnecessarySeqFocus false`
warning: ././././Bell/ExtremeMeasurement.lean:170:44: Used `tac1 <;> tac2` where `(tac1; tac2)` would suffice
note: this linter can be disabled with `set_option linter.unnecessarySeqFocus false`
⚠ [2852/2862] Replayed Bell.Targets
warning: ././././Bell/Targets.lean:26:2: Used `tac1 <;> tac2` where `(tac1; tac2)` would suffice
note: this linter can be disabled with `set_option linter.unnecessarySeqFocus false`
warning: ././././Bell/Targets.lean:27:2: Used `tac1 <;> tac2` where `(tac1; tac2)` would suffice
note: this linter can be disabled with `set_option linter.unnecessarySeqFocus false`
warning: ././././Bell/Targets.lean:28:2: Used `tac1 <;> tac2` where `(tac1; tac2)` would suffice
note: this linter can be disabled with `set_option linter.unnecessarySeqFocus false`
warning: ././././Bell/Targets.lean:34:2: Used `tac1 <;> tac2` where `(tac1; tac2)` would suffice
note: this linter can be disabled with `set_option linter.unnecessarySeqFocus false`
warning: ././././Bell/Targets.lean:35:2: Used `tac1 <;> tac2` where `(tac1; tac2)` would suffice
note: this linter can be disabled with `set_option linter.unnecessarySeqFocus false`
warning: ././././Bell/Targets.lean:36:2: Used `tac1 <;> tac2` where `(tac1; tac2)` would suffice
note: this linter can be disabled with `set_option linter.unnecessarySeqFocus false`
⚠ [2858/2862] Replayed Bell.RankZeroSimulation
warning: ././././Bell/RankZeroSimulation.lean:99:34: unused variable `h`
note: this linter can be disabled with `set_option linter.unusedVariables false`
⚠ [2861/2862] Replayed Bell.CommonSpanFiltering
warning: ././././Bell/CommonSpanFiltering.lean:52:28: unused variable `hH`
note: this linter can be disabled with `set_option linter.unusedVariables false`
✔ [2862/2862] Built Bell.MeasurementSpans
Build completed successfully.
$ lake build Bell.BinaryParty
⚠ [2825/2867] Replayed Bell.Lorentz
warning: ././././Bell/Lorentz.lean:63:71: this tactic is never executed
note: this linter can be disabled with `set_option linter.unreachableTactic false`
warning: ././././Bell/Lorentz.lean:63:71: 'ring' tactic does nothing
note: this linter can be disabled with `set_option linter.unusedTactic false`
warning: ././././Bell/Lorentz.lean:114:2: Used `tac1 <;> tac2` where `(tac1; tac2)` would suffice
note: this linter can be disabled with `set_option linter.unnecessarySeqFocus false`
warning: ././././Bell/Lorentz.lean:118:62: Used `tac1 <;> tac2` where `(tac1; tac2)` would suffice
note: this linter can be disabled with `set_option linter.unnecessarySeqFocus false`
warning: ././././Bell/Lorentz.lean:146:2: Used `tac1 <;> tac2` where `(tac1; tac2)` would suffice
note: this linter can be disabled with `set_option linter.unnecessarySeqFocus false`
warning: ././././Bell/Lorentz.lean:212:47: this tactic is never executed
note: this linter can be disabled with `set_option linter.unreachableTactic false`
warning: ././././Bell/Lorentz.lean:212:47: 'ring' tactic does nothing
note: this linter can be disabled with `set_option linter.unusedTactic false`
warning: ././././Bell/Lorentz.lean:218:2: Used `tac1 <;> tac2` where `(tac1; tac2)` would suffice
note: this linter can be disabled with `set_option linter.unnecessarySeqFocus false`
warning: ././././Bell/Lorentz.lean:223:2: Used `tac1 <;> tac2` where `(tac1; tac2)` would suffice
note: this linter can be disabled with `set_option linter.unnecessarySeqFocus false`
⚠ [2831/2867] Replayed Bell.MeasurementGeometry
warning: ././././Bell/MeasurementGeometry.lean:123:52: unused variable `hA`
note: this linter can be disabled with `set_option linter.unusedVariables false`
warning: ././././Bell/MeasurementGeometry.lean:124:5: unused variable `hB`
note: this linter can be disabled with `set_option linter.unusedVariables false`
⚠ [2832/2867] Replayed Bell.ClassicalProduct
warning: ././././Bell/ClassicalProduct.lean:27:0: automatically included section variable(s) unused in theorem 'Bell.ClassicalProduct.total_mass':
  [(x : X) → DecidableEq (O x)]
consider restructuring your `variable` declarations so that the variables are not in scope or explicitly omit them:
  omit [(x : X) → DecidableEq (O x)] in theorem ...
note: this linter can be disabled with `set_option linter.unusedSectionVars false`
warning: ././././Bell/ClassicalProduct.lean:42:0: automatically included section variable(s) unused in theorem 'Bell.ClassicalProduct.pin_mass':
  [(x : X) → Fintype (O x)]
consider restructuring your `variable` declarations so that the variables are not in scope or explicitly omit them:
  omit [(x : X) → Fintype (O x)] in theorem ...
note: this linter can be disabled with `set_option linter.unusedSectionVars false`
warning: ././././Bell/ClassicalProduct.lean:89:0: automatically included section variable(s) unused in theorem 'Bell.ClassicalProduct.conditional_normalized':
  [Fintype X]
  [DecidableEq X]
  [(x : X) → DecidableEq (O x)]
  [Fintype B]
  [DecidableEq B]
consider restructuring your `variable` declarations so that the variables are not in scope or explicitly omit them:
  omit [Fintype X] [DecidableEq X] [(x : X) → DecidableEq (O x)] [Fintype B] [DecidableEq B] in theorem ...
note: this linter can be disabled with `set_option linter.unusedSectionVars false`
warning: ././././Bell/ClassicalProduct.lean:95:0: automatically included section variable(s) unused in theorem 'Bell.ClassicalProduct.weight_nonnegative':
  [DecidableEq X]
  [(x : X) → Fintype (O x)]
  [(x : X) → DecidableEq (O x)]
  [Fintype B]
  [DecidableEq B]
consider restructuring your `variable` declarations so that the variables are not in scope or explicitly omit them:
  omit [DecidableEq
  X] [(x : X) → Fintype (O x)] [(x : X) → DecidableEq (O x)] [Fintype B] [DecidableEq B] in theorem ...
note: this linter can be disabled with `set_option linter.unusedSectionVars false`
warning: ././././Bell/ClassicalProduct.lean:119:0: automatically included section variable(s) unused in theorem 'Bell.ClassicalProduct.entry_zero_of_marginal_zero':
  [Fintype X]
  [DecidableEq X]
  [(x : X) → DecidableEq (O x)]
  [Fintype B]
  [DecidableEq B]
consider restructuring your `variable` declarations so that the variables are not in scope or explicitly omit them:
  omit [Fintype X] [DecidableEq X] [(x : X) → DecidableEq (O x)] [Fintype B] [DecidableEq B] in theorem ...
note: this linter can be disabled with `set_option linter.unusedSectionVars false`
⚠ [2834/2867] Replayed Bell.Witness
warning: ././././Bell/Witness.lean:137:2: Used `tac1 <;> tac2` where `(tac1; tac2)` would suffice
note: this linter can be disabled with `set_option linter.unnecessarySeqFocus false`
warning: ././././Bell/Witness.lean:224:2: Used `tac1 <;> tac2` where `(tac1; tac2)` would suffice
note: this linter can be disabled with `set_option linter.unnecessarySeqFocus false`
warning: ././././Bell/Witness.lean:224:14: Used `tac1 <;> tac2` where `(tac1; tac2)` would suffice
note: this linter can be disabled with `set_option linter.unnecessarySeqFocus false`
⚠ [2835/2867] Replayed Bell.Transportation
warning: ././././Bell/Transportation.lean:75:28: Used `tac1 <;> tac2` where `(tac1; tac2)` would suffice
note: this linter can be disabled with `set_option linter.unnecessarySeqFocus false`
⚠ [2850/2867] Replayed Bell.Targets
warning: ././././Bell/Targets.lean:26:2: Used `tac1 <;> tac2` where `(tac1; tac2)` would suffice
note: this linter can be disabled with `set_option linter.unnecessarySeqFocus false`
warning: ././././Bell/Targets.lean:27:2: Used `tac1 <;> tac2` where `(tac1; tac2)` would suffice
note: this linter can be disabled with `set_option linter.unnecessarySeqFocus false`
warning: ././././Bell/Targets.lean:28:2: Used `tac1 <;> tac2` where `(tac1; tac2)` would suffice
note: this linter can be disabled with `set_option linter.unnecessarySeqFocus false`
warning: ././././Bell/Targets.lean:34:2: Used `tac1 <;> tac2` where `(tac1; tac2)` would suffice
note: this linter can be disabled with `set_option linter.unnecessarySeqFocus false`
warning: ././././Bell/Targets.lean:35:2: Used `tac1 <;> tac2` where `(tac1; tac2)` would suffice
note: this linter can be disabled with `set_option linter.unnecessarySeqFocus false`
warning: ././././Bell/Targets.lean:36:2: Used `tac1 <;> tac2` where `(tac1; tac2)` would suffice
note: this linter can be disabled with `set_option linter.unnecessarySeqFocus false`
⚠ [2853/2867] Replayed Bell.ConeCircuits
warning: ././././Bell/ConeCircuits.lean:55:0: automatically included section variable(s) unused in theorem 'Bell.ConeCircuits.weights_convex':
  [DecidableEq ι]
consider restructuring your `variable` declarations so that the variables are not in scope or explicitly omit them:
  omit [DecidableEq ι] in theorem ...
note: this linter can be disabled with `set_option linter.unusedSectionVars false`
warning: ././././Bell/ConeCircuits.lean:61:0: automatically included section variable(s) unused in theorem 'Bell.ConeCircuits.weights_isClosed':
  [DecidableEq ι]
consider restructuring your `variable` declarations so that the variables are not in scope or explicitly omit them:
  omit [DecidableEq ι] in theorem ...
note: this linter can be disabled with `set_option linter.unusedSectionVars false`
warning: ././././Bell/ConeCircuits.lean:85:0: automatically included section variable(s) unused in theorem 'Bell.ConeCircuits.balance_sideSum':
  [DecidableEq ι]
consider restructuring your `variable` declarations so that the variables are not in scope or explicitly omit them:
  omit [DecidableEq ι] in theorem ...
note: this linter can be disabled with `set_option linter.unusedSectionVars false`
warning: ././././Bell/ConeCircuits.lean:92:0: automatically included section variable(s) unused in theorem 'Bell.ConeCircuits.mass_sideSum':
  [DecidableEq ι]
consider restructuring your `variable` declarations so that the variables are not in scope or explicitly omit them:
  omit [DecidableEq ι] in theorem ...
note: this linter can be disabled with `set_option linter.unusedSectionVars false`
warning: ././././Bell/ConeCircuits.lean:127:0: automatically included section variable(s) unused in theorem 'Bell.ConeCircuits.extreme_relation_zero':
  [DecidableEq ι]
consider restructuring your `variable` declarations so that the variables are not in scope or explicitly omit them:
  omit [DecidableEq ι] in theorem ...
note: this linter can be disabled with `set_option linter.unusedSectionVars false`
warning: ././././Bell/ConeCircuits.lean:198:0: automatically included section variable(s) unused in theorem 'Bell.ConeCircuits.sideSum_future':
  [DecidableEq ι]
consider restructuring your `variable` declarations so that the variables are not in scope or explicitly omit them:
  omit [DecidableEq ι] in theorem ...
note: this linter can be disabled with `set_option linter.unusedSectionVars false`
warning: ././././Bell/ConeCircuits.lean:207:8: automatically included section variable(s) unused in theorem '_private.Bell.ConeCircuits.0.Bell.ConeCircuits.singleton_side_sum':
  [DecidableEq ι]
consider restructuring your `variable` declarations so that the variables are not in scope or explicitly omit them:
  omit [DecidableEq ι] in theorem ...
note: this linter can be disabled with `set_option linter.unusedSectionVars false`
warning: ././././Bell/ConeCircuits.lean:289:4: Used `tac1 <;> tac2` where `(tac1; tac2)` would suffice
note: this linter can be disabled with `set_option linter.unnecessarySeqFocus false`
⚠ [2854/2867] Replayed Bell.CircuitRealization
warning: ././././Bell/CircuitRealization.lean:28:0: automatically included section variable(s) unused in theorem 'Bell.ConeCircuits.outcomeVector_sum':
  [DecidableEq ι]
consider restructuring your `variable` declarations so that the variables are not in scope or explicitly omit them:
  omit [DecidableEq ι] in theorem ...
note: this linter can be disabled with `set_option linter.unusedSectionVars false`
⚠ [2857/2867] Replayed Bell.ExtremeMeasurement
warning: ././././Bell/ExtremeMeasurement.lean:95:22: Used `tac1 <;> tac2` where `(tac1; tac2)` would suffice
note: this linter can be disabled with `set_option linter.unnecessarySeqFocus false`
warning: ././././Bell/ExtremeMeasurement.lean:99:22: Used `tac1 <;> tac2` where `(tac1; tac2)` would suffice
note: this linter can be disabled with `set_option linter.unnecessarySeqFocus false`
warning: ././././Bell/ExtremeMeasurement.lean:161:27: Used `tac1 <;> tac2` where `(tac1; tac2)` would suffice
note: this linter can be disabled with `set_option linter.unnecessarySeqFocus false`
warning: ././././Bell/ExtremeMeasurement.lean:161:44: Used `tac1 <;> tac2` where `(tac1; tac2)` would suffice
note: this linter can be disabled with `set_option linter.unnecessarySeqFocus false`
warning: ././././Bell/ExtremeMeasurement.lean:170:27: Used `tac1 <;> tac2` where `(tac1; tac2)` would suffice
note: this linter can be disabled with `set_option linter.unnecessarySeqFocus false`
warning: ././././Bell/ExtremeMeasurement.lean:170:44: Used `tac1 <;> tac2` where `(tac1; tac2)` would suffice
note: this linter can be disabled with `set_option linter.unnecessarySeqFocus false`
⚠ [2862/2867] Replayed Bell.RankZeroSimulation
warning: ././././Bell/RankZeroSimulation.lean:99:34: unused variable `h`
note: this linter can be disabled with `set_option linter.unusedVariables false`
⚠ [2865/2867] Replayed Bell.CommonSpanFiltering
warning: ././././Bell/CommonSpanFiltering.lean:52:28: unused variable `hH`
note: this linter can be disabled with `set_option linter.unusedVariables false`
✔ [2867/2867] Built Bell.BinaryParty
Build completed successfully.
$ lake build Bell.SmallOutputEncoding
⚠ [2825/2863] Replayed Bell.Lorentz
warning: ././././Bell/Lorentz.lean:63:71: this tactic is never executed
note: this linter can be disabled with `set_option linter.unreachableTactic false`
warning: ././././Bell/Lorentz.lean:63:71: 'ring' tactic does nothing
note: this linter can be disabled with `set_option linter.unusedTactic false`
warning: ././././Bell/Lorentz.lean:114:2: Used `tac1 <;> tac2` where `(tac1; tac2)` would suffice
note: this linter can be disabled with `set_option linter.unnecessarySeqFocus false`
warning: ././././Bell/Lorentz.lean:118:62: Used `tac1 <;> tac2` where `(tac1; tac2)` would suffice
note: this linter can be disabled with `set_option linter.unnecessarySeqFocus false`
warning: ././././Bell/Lorentz.lean:146:2: Used `tac1 <;> tac2` where `(tac1; tac2)` would suffice
note: this linter can be disabled with `set_option linter.unnecessarySeqFocus false`
warning: ././././Bell/Lorentz.lean:212:47: this tactic is never executed
note: this linter can be disabled with `set_option linter.unreachableTactic false`
warning: ././././Bell/Lorentz.lean:212:47: 'ring' tactic does nothing
note: this linter can be disabled with `set_option linter.unusedTactic false`
warning: ././././Bell/Lorentz.lean:218:2: Used `tac1 <;> tac2` where `(tac1; tac2)` would suffice
note: this linter can be disabled with `set_option linter.unnecessarySeqFocus false`
warning: ././././Bell/Lorentz.lean:223:2: Used `tac1 <;> tac2` where `(tac1; tac2)` would suffice
note: this linter can be disabled with `set_option linter.unnecessarySeqFocus false`
⚠ [2831/2863] Replayed Bell.MeasurementGeometry
warning: ././././Bell/MeasurementGeometry.lean:123:52: unused variable `hA`
note: this linter can be disabled with `set_option linter.unusedVariables false`
warning: ././././Bell/MeasurementGeometry.lean:124:5: unused variable `hB`
note: this linter can be disabled with `set_option linter.unusedVariables false`
⚠ [2832/2863] Replayed Bell.ClassicalProduct
warning: ././././Bell/ClassicalProduct.lean:27:0: automatically included section variable(s) unused in theorem 'Bell.ClassicalProduct.total_mass':
  [(x : X) → DecidableEq (O x)]
consider restructuring your `variable` declarations so that the variables are not in scope or explicitly omit them:
  omit [(x : X) → DecidableEq (O x)] in theorem ...
note: this linter can be disabled with `set_option linter.unusedSectionVars false`
warning: ././././Bell/ClassicalProduct.lean:42:0: automatically included section variable(s) unused in theorem 'Bell.ClassicalProduct.pin_mass':
  [(x : X) → Fintype (O x)]
consider restructuring your `variable` declarations so that the variables are not in scope or explicitly omit them:
  omit [(x : X) → Fintype (O x)] in theorem ...
note: this linter can be disabled with `set_option linter.unusedSectionVars false`
warning: ././././Bell/ClassicalProduct.lean:89:0: automatically included section variable(s) unused in theorem 'Bell.ClassicalProduct.conditional_normalized':
  [Fintype X]
  [DecidableEq X]
  [(x : X) → DecidableEq (O x)]
  [Fintype B]
  [DecidableEq B]
consider restructuring your `variable` declarations so that the variables are not in scope or explicitly omit them:
  omit [Fintype X] [DecidableEq X] [(x : X) → DecidableEq (O x)] [Fintype B] [DecidableEq B] in theorem ...
note: this linter can be disabled with `set_option linter.unusedSectionVars false`
warning: ././././Bell/ClassicalProduct.lean:95:0: automatically included section variable(s) unused in theorem 'Bell.ClassicalProduct.weight_nonnegative':
  [DecidableEq X]
  [(x : X) → Fintype (O x)]
  [(x : X) → DecidableEq (O x)]
  [Fintype B]
  [DecidableEq B]
consider restructuring your `variable` declarations so that the variables are not in scope or explicitly omit them:
  omit [DecidableEq
  X] [(x : X) → Fintype (O x)] [(x : X) → DecidableEq (O x)] [Fintype B] [DecidableEq B] in theorem ...
note: this linter can be disabled with `set_option linter.unusedSectionVars false`
warning: ././././Bell/ClassicalProduct.lean:119:0: automatically included section variable(s) unused in theorem 'Bell.ClassicalProduct.entry_zero_of_marginal_zero':
  [Fintype X]
  [DecidableEq X]
  [(x : X) → DecidableEq (O x)]
  [Fintype B]
  [DecidableEq B]
consider restructuring your `variable` declarations so that the variables are not in scope or explicitly omit them:
  omit [Fintype X] [DecidableEq X] [(x : X) → DecidableEq (O x)] [Fintype B] [DecidableEq B] in theorem ...
note: this linter can be disabled with `set_option linter.unusedSectionVars false`
⚠ [2834/2863] Replayed Bell.Witness
warning: ././././Bell/Witness.lean:137:2: Used `tac1 <;> tac2` where `(tac1; tac2)` would suffice
note: this linter can be disabled with `set_option linter.unnecessarySeqFocus false`
warning: ././././Bell/Witness.lean:224:2: Used `tac1 <;> tac2` where `(tac1; tac2)` would suffice
note: this linter can be disabled with `set_option linter.unnecessarySeqFocus false`
warning: ././././Bell/Witness.lean:224:14: Used `tac1 <;> tac2` where `(tac1; tac2)` would suffice
note: this linter can be disabled with `set_option linter.unnecessarySeqFocus false`
⚠ [2835/2863] Replayed Bell.Transportation
warning: ././././Bell/Transportation.lean:75:28: Used `tac1 <;> tac2` where `(tac1; tac2)` would suffice
note: this linter can be disabled with `set_option linter.unnecessarySeqFocus false`
⚠ [2848/2863] Replayed Bell.ExtremeMeasurement
warning: ././././Bell/ExtremeMeasurement.lean:95:22: Used `tac1 <;> tac2` where `(tac1; tac2)` would suffice
note: this linter can be disabled with `set_option linter.unnecessarySeqFocus false`
warning: ././././Bell/ExtremeMeasurement.lean:99:22: Used `tac1 <;> tac2` where `(tac1; tac2)` would suffice
note: this linter can be disabled with `set_option linter.unnecessarySeqFocus false`
warning: ././././Bell/ExtremeMeasurement.lean:161:27: Used `tac1 <;> tac2` where `(tac1; tac2)` would suffice
note: this linter can be disabled with `set_option linter.unnecessarySeqFocus false`
warning: ././././Bell/ExtremeMeasurement.lean:161:44: Used `tac1 <;> tac2` where `(tac1; tac2)` would suffice
note: this linter can be disabled with `set_option linter.unnecessarySeqFocus false`
warning: ././././Bell/ExtremeMeasurement.lean:170:27: Used `tac1 <;> tac2` where `(tac1; tac2)` would suffice
note: this linter can be disabled with `set_option linter.unnecessarySeqFocus false`
warning: ././././Bell/ExtremeMeasurement.lean:170:44: Used `tac1 <;> tac2` where `(tac1; tac2)` would suffice
note: this linter can be disabled with `set_option linter.unnecessarySeqFocus false`
⚠ [2852/2863] Replayed Bell.Targets
warning: ././././Bell/Targets.lean:26:2: Used `tac1 <;> tac2` where `(tac1; tac2)` would suffice
note: this linter can be disabled with `set_option linter.unnecessarySeqFocus false`
warning: ././././Bell/Targets.lean:27:2: Used `tac1 <;> tac2` where `(tac1; tac2)` would suffice
note: this linter can be disabled with `set_option linter.unnecessarySeqFocus false`
warning: ././././Bell/Targets.lean:28:2: Used `tac1 <;> tac2` where `(tac1; tac2)` would suffice
note: this linter can be disabled with `set_option linter.unnecessarySeqFocus false`
warning: ././././Bell/Targets.lean:34:2: Used `tac1 <;> tac2` where `(tac1; tac2)` would suffice
note: this linter can be disabled with `set_option linter.unnecessarySeqFocus false`
warning: ././././Bell/Targets.lean:35:2: Used `tac1 <;> tac2` where `(tac1; tac2)` would suffice
note: this linter can be disabled with `set_option linter.unnecessarySeqFocus false`
warning: ././././Bell/Targets.lean:36:2: Used `tac1 <;> tac2` where `(tac1; tac2)` would suffice
note: this linter can be disabled with `set_option linter.unnecessarySeqFocus false`
⚠ [2858/2863] Replayed Bell.RankZeroSimulation
warning: ././././Bell/RankZeroSimulation.lean:99:34: unused variable `h`
note: this linter can be disabled with `set_option linter.unusedVariables false`
⚠ [2861/2863] Replayed Bell.CommonSpanFiltering
warning: ././././Bell/CommonSpanFiltering.lean:52:28: unused variable `hH`
note: this linter can be disabled with `set_option linter.unusedVariables false`
⚠ [2863/2863] Built Bell.SmallOutputEncoding
warning: ././././Bell/SmallOutputEncoding.lean:77:40: unused variable `hc`
note: this linter can be disabled with `set_option linter.unusedVariables false`
Build completed successfully.
$ lake build Bell.GramLift
⚠ [2825/2850] Replayed Bell.Lorentz
warning: ././././Bell/Lorentz.lean:63:71: this tactic is never executed
note: this linter can be disabled with `set_option linter.unreachableTactic false`
warning: ././././Bell/Lorentz.lean:63:71: 'ring' tactic does nothing
note: this linter can be disabled with `set_option linter.unusedTactic false`
warning: ././././Bell/Lorentz.lean:114:2: Used `tac1 <;> tac2` where `(tac1; tac2)` would suffice
note: this linter can be disabled with `set_option linter.unnecessarySeqFocus false`
warning: ././././Bell/Lorentz.lean:118:62: Used `tac1 <;> tac2` where `(tac1; tac2)` would suffice
note: this linter can be disabled with `set_option linter.unnecessarySeqFocus false`
warning: ././././Bell/Lorentz.lean:146:2: Used `tac1 <;> tac2` where `(tac1; tac2)` would suffice
note: this linter can be disabled with `set_option linter.unnecessarySeqFocus false`
warning: ././././Bell/Lorentz.lean:212:47: this tactic is never executed
note: this linter can be disabled with `set_option linter.unreachableTactic false`
warning: ././././Bell/Lorentz.lean:212:47: 'ring' tactic does nothing
note: this linter can be disabled with `set_option linter.unusedTactic false`
warning: ././././Bell/Lorentz.lean:218:2: Used `tac1 <;> tac2` where `(tac1; tac2)` would suffice
note: this linter can be disabled with `set_option linter.unnecessarySeqFocus false`
warning: ././././Bell/Lorentz.lean:223:2: Used `tac1 <;> tac2` where `(tac1; tac2)` would suffice
note: this linter can be disabled with `set_option linter.unnecessarySeqFocus false`
⚠ [2832/2850] Replayed Bell.ClassicalProduct
warning: ././././Bell/ClassicalProduct.lean:27:0: automatically included section variable(s) unused in theorem 'Bell.ClassicalProduct.total_mass':
  [(x : X) → DecidableEq (O x)]
consider restructuring your `variable` declarations so that the variables are not in scope or explicitly omit them:
  omit [(x : X) → DecidableEq (O x)] in theorem ...
note: this linter can be disabled with `set_option linter.unusedSectionVars false`
warning: ././././Bell/ClassicalProduct.lean:42:0: automatically included section variable(s) unused in theorem 'Bell.ClassicalProduct.pin_mass':
  [(x : X) → Fintype (O x)]
consider restructuring your `variable` declarations so that the variables are not in scope or explicitly omit them:
  omit [(x : X) → Fintype (O x)] in theorem ...
note: this linter can be disabled with `set_option linter.unusedSectionVars false`
warning: ././././Bell/ClassicalProduct.lean:89:0: automatically included section variable(s) unused in theorem 'Bell.ClassicalProduct.conditional_normalized':
  [Fintype X]
  [DecidableEq X]
  [(x : X) → DecidableEq (O x)]
  [Fintype B]
  [DecidableEq B]
consider restructuring your `variable` declarations so that the variables are not in scope or explicitly omit them:
  omit [Fintype X] [DecidableEq X] [(x : X) → DecidableEq (O x)] [Fintype B] [DecidableEq B] in theorem ...
note: this linter can be disabled with `set_option linter.unusedSectionVars false`
warning: ././././Bell/ClassicalProduct.lean:95:0: automatically included section variable(s) unused in theorem 'Bell.ClassicalProduct.weight_nonnegative':
  [DecidableEq X]
  [(x : X) → Fintype (O x)]
  [(x : X) → DecidableEq (O x)]
  [Fintype B]
  [DecidableEq B]
consider restructuring your `variable` declarations so that the variables are not in scope or explicitly omit them:
  omit [DecidableEq
  X] [(x : X) → Fintype (O x)] [(x : X) → DecidableEq (O x)] [Fintype B] [DecidableEq B] in theorem ...
note: this linter can be disabled with `set_option linter.unusedSectionVars false`
warning: ././././Bell/ClassicalProduct.lean:119:0: automatically included section variable(s) unused in theorem 'Bell.ClassicalProduct.entry_zero_of_marginal_zero':
  [Fintype X]
  [DecidableEq X]
  [(x : X) → DecidableEq (O x)]
  [Fintype B]
  [DecidableEq B]
consider restructuring your `variable` declarations so that the variables are not in scope or explicitly omit them:
  omit [Fintype X] [DecidableEq X] [(x : X) → DecidableEq (O x)] [Fintype B] [DecidableEq B] in theorem ...
note: this linter can be disabled with `set_option linter.unusedSectionVars false`
⚠ [2835/2850] Replayed Bell.Witness
warning: ././././Bell/Witness.lean:137:2: Used `tac1 <;> tac2` where `(tac1; tac2)` would suffice
note: this linter can be disabled with `set_option linter.unnecessarySeqFocus false`
warning: ././././Bell/Witness.lean:224:2: Used `tac1 <;> tac2` where `(tac1; tac2)` would suffice
note: this linter can be disabled with `set_option linter.unnecessarySeqFocus false`
warning: ././././Bell/Witness.lean:224:14: Used `tac1 <;> tac2` where `(tac1; tac2)` would suffice
note: this linter can be disabled with `set_option linter.unnecessarySeqFocus false`
⚠ [2837/2850] Replayed Bell.Transportation
warning: ././././Bell/Transportation.lean:75:28: Used `tac1 <;> tac2` where `(tac1; tac2)` would suffice
note: this linter can be disabled with `set_option linter.unnecessarySeqFocus false`
⚠ [2839/2850] Replayed Bell.Targets
warning: ././././Bell/Targets.lean:26:2: Used `tac1 <;> tac2` where `(tac1; tac2)` would suffice
note: this linter can be disabled with `set_option linter.unnecessarySeqFocus false`
warning: ././././Bell/Targets.lean:27:2: Used `tac1 <;> tac2` where `(tac1; tac2)` would suffice
note: this linter can be disabled with `set_option linter.unnecessarySeqFocus false`
warning: ././././Bell/Targets.lean:28:2: Used `tac1 <;> tac2` where `(tac1; tac2)` would suffice
note: this linter can be disabled with `set_option linter.unnecessarySeqFocus false`
warning: ././././Bell/Targets.lean:34:2: Used `tac1 <;> tac2` where `(tac1; tac2)` would suffice
note: this linter can be disabled with `set_option linter.unnecessarySeqFocus false`
warning: ././././Bell/Targets.lean:35:2: Used `tac1 <;> tac2` where `(tac1; tac2)` would suffice
note: this linter can be disabled with `set_option linter.unnecessarySeqFocus false`
warning: ././././Bell/Targets.lean:36:2: Used `tac1 <;> tac2` where `(tac1; tac2)` would suffice
note: this linter can be disabled with `set_option linter.unnecessarySeqFocus false`
⚠ [2845/2850] Replayed Bell.RankZeroSimulation
warning: ././././Bell/RankZeroSimulation.lean:99:34: unused variable `h`
note: this linter can be disabled with `set_option linter.unusedVariables false`
✔ [2850/2850] Built Bell.GramLift
Build completed successfully.
$ lake build Bell.IncidenceDifferential
⚠ [2824/2827] Replayed Bell.Lorentz
warning: ././././Bell/Lorentz.lean:63:71: this tactic is never executed
note: this linter can be disabled with `set_option linter.unreachableTactic false`
warning: ././././Bell/Lorentz.lean:63:71: 'ring' tactic does nothing
note: this linter can be disabled with `set_option linter.unusedTactic false`
warning: ././././Bell/Lorentz.lean:114:2: Used `tac1 <;> tac2` where `(tac1; tac2)` would suffice
note: this linter can be disabled with `set_option linter.unnecessarySeqFocus false`
warning: ././././Bell/Lorentz.lean:118:62: Used `tac1 <;> tac2` where `(tac1; tac2)` would suffice
note: this linter can be disabled with `set_option linter.unnecessarySeqFocus false`
warning: ././././Bell/Lorentz.lean:146:2: Used `tac1 <;> tac2` where `(tac1; tac2)` would suffice
note: this linter can be disabled with `set_option linter.unnecessarySeqFocus false`
warning: ././././Bell/Lorentz.lean:212:47: this tactic is never executed
note: this linter can be disabled with `set_option linter.unreachableTactic false`
warning: ././././Bell/Lorentz.lean:212:47: 'ring' tactic does nothing
note: this linter can be disabled with `set_option linter.unusedTactic false`
warning: ././././Bell/Lorentz.lean:218:2: Used `tac1 <;> tac2` where `(tac1; tac2)` would suffice
note: this linter can be disabled with `set_option linter.unnecessarySeqFocus false`
warning: ././././Bell/Lorentz.lean:223:2: Used `tac1 <;> tac2` where `(tac1; tac2)` would suffice
note: this linter can be disabled with `set_option linter.unnecessarySeqFocus false`
✔ [2827/2827] Built Bell.IncidenceDifferential
Build completed successfully.
$ lake build Bell.IncidenceStationarity
⚠ [2824/2829] Replayed Bell.Lorentz
warning: ././././Bell/Lorentz.lean:63:71: this tactic is never executed
note: this linter can be disabled with `set_option linter.unreachableTactic false`
warning: ././././Bell/Lorentz.lean:63:71: 'ring' tactic does nothing
note: this linter can be disabled with `set_option linter.unusedTactic false`
warning: ././././Bell/Lorentz.lean:114:2: Used `tac1 <;> tac2` where `(tac1; tac2)` would suffice
note: this linter can be disabled with `set_option linter.unnecessarySeqFocus false`
warning: ././././Bell/Lorentz.lean:118:62: Used `tac1 <;> tac2` where `(tac1; tac2)` would suffice
note: this linter can be disabled with `set_option linter.unnecessarySeqFocus false`
warning: ././././Bell/Lorentz.lean:146:2: Used `tac1 <;> tac2` where `(tac1; tac2)` would suffice
note: this linter can be disabled with `set_option linter.unnecessarySeqFocus false`
warning: ././././Bell/Lorentz.lean:212:47: this tactic is never executed
note: this linter can be disabled with `set_option linter.unreachableTactic false`
warning: ././././Bell/Lorentz.lean:212:47: 'ring' tactic does nothing
note: this linter can be disabled with `set_option linter.unusedTactic false`
warning: ././././Bell/Lorentz.lean:218:2: Used `tac1 <;> tac2` where `(tac1; tac2)` would suffice
note: this linter can be disabled with `set_option linter.unnecessarySeqFocus false`
warning: ././././Bell/Lorentz.lean:223:2: Used `tac1 <;> tac2` where `(tac1; tac2)` would suffice
note: this linter can be disabled with `set_option linter.unnecessarySeqFocus false`
✔ [2829/2829] Built Bell.IncidenceStationarity
Build completed successfully.
$ lake build Bell.ImplicitCurve
⚠ [2824/2829] Replayed Bell.Lorentz
warning: ././././Bell/Lorentz.lean:63:71: this tactic is never executed
note: this linter can be disabled with `set_option linter.unreachableTactic false`
warning: ././././Bell/Lorentz.lean:63:71: 'ring' tactic does nothing
note: this linter can be disabled with `set_option linter.unusedTactic false`
warning: ././././Bell/Lorentz.lean:114:2: Used `tac1 <;> tac2` where `(tac1; tac2)` would suffice
note: this linter can be disabled with `set_option linter.unnecessarySeqFocus false`
warning: ././././Bell/Lorentz.lean:118:62: Used `tac1 <;> tac2` where `(tac1; tac2)` would suffice
note: this linter can be disabled with `set_option linter.unnecessarySeqFocus false`
warning: ././././Bell/Lorentz.lean:146:2: Used `tac1 <;> tac2` where `(tac1; tac2)` would suffice
note: this linter can be disabled with `set_option linter.unnecessarySeqFocus false`
warning: ././././Bell/Lorentz.lean:212:47: this tactic is never executed
note: this linter can be disabled with `set_option linter.unreachableTactic false`
warning: ././././Bell/Lorentz.lean:212:47: 'ring' tactic does nothing
note: this linter can be disabled with `set_option linter.unusedTactic false`
warning: ././././Bell/Lorentz.lean:218:2: Used `tac1 <;> tac2` where `(tac1; tac2)` would suffice
note: this linter can be disabled with `set_option linter.unnecessarySeqFocus false`
warning: ././././Bell/Lorentz.lean:223:2: Used `tac1 <;> tac2` where `(tac1; tac2)` would suffice
note: this linter can be disabled with `set_option linter.unnecessarySeqFocus false`
✔ [2829/2829] Built Bell.ImplicitCurve
Build completed successfully.
$ lake build Bell.IncidenceRank
⚠ [2824/2851] Replayed Bell.Lorentz
warning: ././././Bell/Lorentz.lean:63:71: this tactic is never executed
note: this linter can be disabled with `set_option linter.unreachableTactic false`
warning: ././././Bell/Lorentz.lean:63:71: 'ring' tactic does nothing
note: this linter can be disabled with `set_option linter.unusedTactic false`
warning: ././././Bell/Lorentz.lean:114:2: Used `tac1 <;> tac2` where `(tac1; tac2)` would suffice
note: this linter can be disabled with `set_option linter.unnecessarySeqFocus false`
warning: ././././Bell/Lorentz.lean:118:62: Used `tac1 <;> tac2` where `(tac1; tac2)` would suffice
note: this linter can be disabled with `set_option linter.unnecessarySeqFocus false`
warning: ././././Bell/Lorentz.lean:146:2: Used `tac1 <;> tac2` where `(tac1; tac2)` would suffice
note: this linter can be disabled with `set_option linter.unnecessarySeqFocus false`
warning: ././././Bell/Lorentz.lean:212:47: this tactic is never executed
note: this linter can be disabled with `set_option linter.unreachableTactic false`
warning: ././././Bell/Lorentz.lean:212:47: 'ring' tactic does nothing
note: this linter can be disabled with `set_option linter.unusedTactic false`
warning: ././././Bell/Lorentz.lean:218:2: Used `tac1 <;> tac2` where `(tac1; tac2)` would suffice
note: this linter can be disabled with `set_option linter.unnecessarySeqFocus false`
warning: ././././Bell/Lorentz.lean:223:2: Used `tac1 <;> tac2` where `(tac1; tac2)` would suffice
note: this linter can be disabled with `set_option linter.unnecessarySeqFocus false`
⚠ [2834/2851] Replayed Bell.ClassicalProduct
warning: ././././Bell/ClassicalProduct.lean:27:0: automatically included section variable(s) unused in theorem 'Bell.ClassicalProduct.total_mass':
  [(x : X) → DecidableEq (O x)]
consider restructuring your `variable` declarations so that the variables are not in scope or explicitly omit them:
  omit [(x : X) → DecidableEq (O x)] in theorem ...
note: this linter can be disabled with `set_option linter.unusedSectionVars false`
warning: ././././Bell/ClassicalProduct.lean:42:0: automatically included section variable(s) unused in theorem 'Bell.ClassicalProduct.pin_mass':
  [(x : X) → Fintype (O x)]
consider restructuring your `variable` declarations so that the variables are not in scope or explicitly omit them:
  omit [(x : X) → Fintype (O x)] in theorem ...
note: this linter can be disabled with `set_option linter.unusedSectionVars false`
warning: ././././Bell/ClassicalProduct.lean:89:0: automatically included section variable(s) unused in theorem 'Bell.ClassicalProduct.conditional_normalized':
  [Fintype X]
  [DecidableEq X]
  [(x : X) → DecidableEq (O x)]
  [Fintype B]
  [DecidableEq B]
consider restructuring your `variable` declarations so that the variables are not in scope or explicitly omit them:
  omit [Fintype X] [DecidableEq X] [(x : X) → DecidableEq (O x)] [Fintype B] [DecidableEq B] in theorem ...
note: this linter can be disabled with `set_option linter.unusedSectionVars false`
warning: ././././Bell/ClassicalProduct.lean:95:0: automatically included section variable(s) unused in theorem 'Bell.ClassicalProduct.weight_nonnegative':
  [DecidableEq X]
  [(x : X) → Fintype (O x)]
  [(x : X) → DecidableEq (O x)]
  [Fintype B]
  [DecidableEq B]
consider restructuring your `variable` declarations so that the variables are not in scope or explicitly omit them:
  omit [DecidableEq
  X] [(x : X) → Fintype (O x)] [(x : X) → DecidableEq (O x)] [Fintype B] [DecidableEq B] in theorem ...
note: this linter can be disabled with `set_option linter.unusedSectionVars false`
warning: ././././Bell/ClassicalProduct.lean:119:0: automatically included section variable(s) unused in theorem 'Bell.ClassicalProduct.entry_zero_of_marginal_zero':
  [Fintype X]
  [DecidableEq X]
  [(x : X) → DecidableEq (O x)]
  [Fintype B]
  [DecidableEq B]
consider restructuring your `variable` declarations so that the variables are not in scope or explicitly omit them:
  omit [Fintype X] [DecidableEq X] [(x : X) → DecidableEq (O x)] [Fintype B] [DecidableEq B] in theorem ...
note: this linter can be disabled with `set_option linter.unusedSectionVars false`
⚠ [2838/2851] Replayed Bell.Witness
warning: ././././Bell/Witness.lean:137:2: Used `tac1 <;> tac2` where `(tac1; tac2)` would suffice
note: this linter can be disabled with `set_option linter.unnecessarySeqFocus false`
warning: ././././Bell/Witness.lean:224:2: Used `tac1 <;> tac2` where `(tac1; tac2)` would suffice
note: this linter can be disabled with `set_option linter.unnecessarySeqFocus false`
warning: ././././Bell/Witness.lean:224:14: Used `tac1 <;> tac2` where `(tac1; tac2)` would suffice
note: this linter can be disabled with `set_option linter.unnecessarySeqFocus false`
⚠ [2840/2851] Replayed Bell.Transportation
warning: ././././Bell/Transportation.lean:75:28: Used `tac1 <;> tac2` where `(tac1; tac2)` would suffice
note: this linter can be disabled with `set_option linter.unnecessarySeqFocus false`
⚠ [2842/2851] Replayed Bell.Targets
warning: ././././Bell/Targets.lean:26:2: Used `tac1 <;> tac2` where `(tac1; tac2)` would suffice
note: this linter can be disabled with `set_option linter.unnecessarySeqFocus false`
warning: ././././Bell/Targets.lean:27:2: Used `tac1 <;> tac2` where `(tac1; tac2)` would suffice
note: this linter can be disabled with `set_option linter.unnecessarySeqFocus false`
warning: ././././Bell/Targets.lean:28:2: Used `tac1 <;> tac2` where `(tac1; tac2)` would suffice
note: this linter can be disabled with `set_option linter.unnecessarySeqFocus false`
warning: ././././Bell/Targets.lean:34:2: Used `tac1 <;> tac2` where `(tac1; tac2)` would suffice
note: this linter can be disabled with `set_option linter.unnecessarySeqFocus false`
warning: ././././Bell/Targets.lean:35:2: Used `tac1 <;> tac2` where `(tac1; tac2)` would suffice
note: this linter can be disabled with `set_option linter.unnecessarySeqFocus false`
warning: ././././Bell/Targets.lean:36:2: Used `tac1 <;> tac2` where `(tac1; tac2)` would suffice
note: this linter can be disabled with `set_option linter.unnecessarySeqFocus false`
⚠ [2849/2851] Replayed Bell.RankZeroSimulation
warning: ././././Bell/RankZeroSimulation.lean:99:34: unused variable `h`
note: this linter can be disabled with `set_option linter.unusedVariables false`
✔ [2851/2851] Built Bell.IncidenceRank
Build completed successfully.
$ lake build Bell.ResidualClosure
⚠ [2825/2856] Replayed Bell.Lorentz
warning: ././././Bell/Lorentz.lean:63:71: this tactic is never executed
note: this linter can be disabled with `set_option linter.unreachableTactic false`
warning: ././././Bell/Lorentz.lean:63:71: 'ring' tactic does nothing
note: this linter can be disabled with `set_option linter.unusedTactic false`
warning: ././././Bell/Lorentz.lean:114:2: Used `tac1 <;> tac2` where `(tac1; tac2)` would suffice
note: this linter can be disabled with `set_option linter.unnecessarySeqFocus false`
warning: ././././Bell/Lorentz.lean:118:62: Used `tac1 <;> tac2` where `(tac1; tac2)` would suffice
note: this linter can be disabled with `set_option linter.unnecessarySeqFocus false`
warning: ././././Bell/Lorentz.lean:146:2: Used `tac1 <;> tac2` where `(tac1; tac2)` would suffice
note: this linter can be disabled with `set_option linter.unnecessarySeqFocus false`
warning: ././././Bell/Lorentz.lean:212:47: this tactic is never executed
note: this linter can be disabled with `set_option linter.unreachableTactic false`
warning: ././././Bell/Lorentz.lean:212:47: 'ring' tactic does nothing
note: this linter can be disabled with `set_option linter.unusedTactic false`
warning: ././././Bell/Lorentz.lean:218:2: Used `tac1 <;> tac2` where `(tac1; tac2)` would suffice
note: this linter can be disabled with `set_option linter.unnecessarySeqFocus false`
warning: ././././Bell/Lorentz.lean:223:2: Used `tac1 <;> tac2` where `(tac1; tac2)` would suffice
note: this linter can be disabled with `set_option linter.unnecessarySeqFocus false`
⚠ [2832/2856] Replayed Bell.ClassicalProduct
warning: ././././Bell/ClassicalProduct.lean:27:0: automatically included section variable(s) unused in theorem 'Bell.ClassicalProduct.total_mass':
  [(x : X) → DecidableEq (O x)]
consider restructuring your `variable` declarations so that the variables are not in scope or explicitly omit them:
  omit [(x : X) → DecidableEq (O x)] in theorem ...
note: this linter can be disabled with `set_option linter.unusedSectionVars false`
warning: ././././Bell/ClassicalProduct.lean:42:0: automatically included section variable(s) unused in theorem 'Bell.ClassicalProduct.pin_mass':
  [(x : X) → Fintype (O x)]
consider restructuring your `variable` declarations so that the variables are not in scope or explicitly omit them:
  omit [(x : X) → Fintype (O x)] in theorem ...
note: this linter can be disabled with `set_option linter.unusedSectionVars false`
warning: ././././Bell/ClassicalProduct.lean:89:0: automatically included section variable(s) unused in theorem 'Bell.ClassicalProduct.conditional_normalized':
  [Fintype X]
  [DecidableEq X]
  [(x : X) → DecidableEq (O x)]
  [Fintype B]
  [DecidableEq B]
consider restructuring your `variable` declarations so that the variables are not in scope or explicitly omit them:
  omit [Fintype X] [DecidableEq X] [(x : X) → DecidableEq (O x)] [Fintype B] [DecidableEq B] in theorem ...
note: this linter can be disabled with `set_option linter.unusedSectionVars false`
warning: ././././Bell/ClassicalProduct.lean:95:0: automatically included section variable(s) unused in theorem 'Bell.ClassicalProduct.weight_nonnegative':
  [DecidableEq X]
  [(x : X) → Fintype (O x)]
  [(x : X) → DecidableEq (O x)]
  [Fintype B]
  [DecidableEq B]
consider restructuring your `variable` declarations so that the variables are not in scope or explicitly omit them:
  omit [DecidableEq
  X] [(x : X) → Fintype (O x)] [(x : X) → DecidableEq (O x)] [Fintype B] [DecidableEq B] in theorem ...
note: this linter can be disabled with `set_option linter.unusedSectionVars false`
warning: ././././Bell/ClassicalProduct.lean:119:0: automatically included section variable(s) unused in theorem 'Bell.ClassicalProduct.entry_zero_of_marginal_zero':
  [Fintype X]
  [DecidableEq X]
  [(x : X) → DecidableEq (O x)]
  [Fintype B]
  [DecidableEq B]
consider restructuring your `variable` declarations so that the variables are not in scope or explicitly omit them:
  omit [Fintype X] [DecidableEq X] [(x : X) → DecidableEq (O x)] [Fintype B] [DecidableEq B] in theorem ...
note: this linter can be disabled with `set_option linter.unusedSectionVars false`
⚠ [2835/2856] Replayed Bell.Witness
warning: ././././Bell/Witness.lean:137:2: Used `tac1 <;> tac2` where `(tac1; tac2)` would suffice
note: this linter can be disabled with `set_option linter.unnecessarySeqFocus false`
warning: ././././Bell/Witness.lean:224:2: Used `tac1 <;> tac2` where `(tac1; tac2)` would suffice
note: this linter can be disabled with `set_option linter.unnecessarySeqFocus false`
warning: ././././Bell/Witness.lean:224:14: Used `tac1 <;> tac2` where `(tac1; tac2)` would suffice
note: this linter can be disabled with `set_option linter.unnecessarySeqFocus false`
⚠ [2837/2856] Replayed Bell.Transportation
warning: ././././Bell/Transportation.lean:75:28: Used `tac1 <;> tac2` where `(tac1; tac2)` would suffice
note: this linter can be disabled with `set_option linter.unnecessarySeqFocus false`
⚠ [2839/2856] Replayed Bell.Targets
warning: ././././Bell/Targets.lean:26:2: Used `tac1 <;> tac2` where `(tac1; tac2)` would suffice
note: this linter can be disabled with `set_option linter.unnecessarySeqFocus false`
warning: ././././Bell/Targets.lean:27:2: Used `tac1 <;> tac2` where `(tac1; tac2)` would suffice
note: this linter can be disabled with `set_option linter.unnecessarySeqFocus false`
warning: ././././Bell/Targets.lean:28:2: Used `tac1 <;> tac2` where `(tac1; tac2)` would suffice
note: this linter can be disabled with `set_option linter.unnecessarySeqFocus false`
warning: ././././Bell/Targets.lean:34:2: Used `tac1 <;> tac2` where `(tac1; tac2)` would suffice
note: this linter can be disabled with `set_option linter.unnecessarySeqFocus false`
warning: ././././Bell/Targets.lean:35:2: Used `tac1 <;> tac2` where `(tac1; tac2)` would suffice
note: this linter can be disabled with `set_option linter.unnecessarySeqFocus false`
warning: ././././Bell/Targets.lean:36:2: Used `tac1 <;> tac2` where `(tac1; tac2)` would suffice
note: this linter can be disabled with `set_option linter.unnecessarySeqFocus false`
⚠ [2845/2856] Replayed Bell.RankZeroSimulation
warning: ././././Bell/RankZeroSimulation.lean:99:34: unused variable `h`
note: this linter can be disabled with `set_option linter.unusedVariables false`
✔ [2856/2856] Built Bell.ResidualClosure
Build completed successfully.
$ lake build Bell.ResidualCoordinates
⚠ [2825/2857] Replayed Bell.Lorentz
warning: ././././Bell/Lorentz.lean:63:71: this tactic is never executed
note: this linter can be disabled with `set_option linter.unreachableTactic false`
warning: ././././Bell/Lorentz.lean:63:71: 'ring' tactic does nothing
note: this linter can be disabled with `set_option linter.unusedTactic false`
warning: ././././Bell/Lorentz.lean:114:2: Used `tac1 <;> tac2` where `(tac1; tac2)` would suffice
note: this linter can be disabled with `set_option linter.unnecessarySeqFocus false`
warning: ././././Bell/Lorentz.lean:118:62: Used `tac1 <;> tac2` where `(tac1; tac2)` would suffice
note: this linter can be disabled with `set_option linter.unnecessarySeqFocus false`
warning: ././././Bell/Lorentz.lean:146:2: Used `tac1 <;> tac2` where `(tac1; tac2)` would suffice
note: this linter can be disabled with `set_option linter.unnecessarySeqFocus false`
warning: ././././Bell/Lorentz.lean:212:47: this tactic is never executed
note: this linter can be disabled with `set_option linter.unreachableTactic false`
warning: ././././Bell/Lorentz.lean:212:47: 'ring' tactic does nothing
note: this linter can be disabled with `set_option linter.unusedTactic false`
warning: ././././Bell/Lorentz.lean:218:2: Used `tac1 <;> tac2` where `(tac1; tac2)` would suffice
note: this linter can be disabled with `set_option linter.unnecessarySeqFocus false`
warning: ././././Bell/Lorentz.lean:223:2: Used `tac1 <;> tac2` where `(tac1; tac2)` would suffice
note: this linter can be disabled with `set_option linter.unnecessarySeqFocus false`
⚠ [2832/2857] Replayed Bell.ClassicalProduct
warning: ././././Bell/ClassicalProduct.lean:27:0: automatically included section variable(s) unused in theorem 'Bell.ClassicalProduct.total_mass':
  [(x : X) → DecidableEq (O x)]
consider restructuring your `variable` declarations so that the variables are not in scope or explicitly omit them:
  omit [(x : X) → DecidableEq (O x)] in theorem ...
note: this linter can be disabled with `set_option linter.unusedSectionVars false`
warning: ././././Bell/ClassicalProduct.lean:42:0: automatically included section variable(s) unused in theorem 'Bell.ClassicalProduct.pin_mass':
  [(x : X) → Fintype (O x)]
consider restructuring your `variable` declarations so that the variables are not in scope or explicitly omit them:
  omit [(x : X) → Fintype (O x)] in theorem ...
note: this linter can be disabled with `set_option linter.unusedSectionVars false`
warning: ././././Bell/ClassicalProduct.lean:89:0: automatically included section variable(s) unused in theorem 'Bell.ClassicalProduct.conditional_normalized':
  [Fintype X]
  [DecidableEq X]
  [(x : X) → DecidableEq (O x)]
  [Fintype B]
  [DecidableEq B]
consider restructuring your `variable` declarations so that the variables are not in scope or explicitly omit them:
  omit [Fintype X] [DecidableEq X] [(x : X) → DecidableEq (O x)] [Fintype B] [DecidableEq B] in theorem ...
note: this linter can be disabled with `set_option linter.unusedSectionVars false`
warning: ././././Bell/ClassicalProduct.lean:95:0: automatically included section variable(s) unused in theorem 'Bell.ClassicalProduct.weight_nonnegative':
  [DecidableEq X]
  [(x : X) → Fintype (O x)]
  [(x : X) → DecidableEq (O x)]
  [Fintype B]
  [DecidableEq B]
consider restructuring your `variable` declarations so that the variables are not in scope or explicitly omit them:
  omit [DecidableEq
  X] [(x : X) → Fintype (O x)] [(x : X) → DecidableEq (O x)] [Fintype B] [DecidableEq B] in theorem ...
note: this linter can be disabled with `set_option linter.unusedSectionVars false`
warning: ././././Bell/ClassicalProduct.lean:119:0: automatically included section variable(s) unused in theorem 'Bell.ClassicalProduct.entry_zero_of_marginal_zero':
  [Fintype X]
  [DecidableEq X]
  [(x : X) → DecidableEq (O x)]
  [Fintype B]
  [DecidableEq B]
consider restructuring your `variable` declarations so that the variables are not in scope or explicitly omit them:
  omit [Fintype X] [DecidableEq X] [(x : X) → DecidableEq (O x)] [Fintype B] [DecidableEq B] in theorem ...
note: this linter can be disabled with `set_option linter.unusedSectionVars false`
⚠ [2835/2857] Replayed Bell.Witness
warning: ././././Bell/Witness.lean:137:2: Used `tac1 <;> tac2` where `(tac1; tac2)` would suffice
note: this linter can be disabled with `set_option linter.unnecessarySeqFocus false`
warning: ././././Bell/Witness.lean:224:2: Used `tac1 <;> tac2` where `(tac1; tac2)` would suffice
note: this linter can be disabled with `set_option linter.unnecessarySeqFocus false`
warning: ././././Bell/Witness.lean:224:14: Used `tac1 <;> tac2` where `(tac1; tac2)` would suffice
note: this linter can be disabled with `set_option linter.unnecessarySeqFocus false`
⚠ [2837/2857] Replayed Bell.Transportation
warning: ././././Bell/Transportation.lean:75:28: Used `tac1 <;> tac2` where `(tac1; tac2)` would suffice
note: this linter can be disabled with `set_option linter.unnecessarySeqFocus false`
⚠ [2839/2857] Replayed Bell.Targets
warning: ././././Bell/Targets.lean:26:2: Used `tac1 <;> tac2` where `(tac1; tac2)` would suffice
note: this linter can be disabled with `set_option linter.unnecessarySeqFocus false`
warning: ././././Bell/Targets.lean:27:2: Used `tac1 <;> tac2` where `(tac1; tac2)` would suffice
note: this linter can be disabled with `set_option linter.unnecessarySeqFocus false`
warning: ././././Bell/Targets.lean:28:2: Used `tac1 <;> tac2` where `(tac1; tac2)` would suffice
note: this linter can be disabled with `set_option linter.unnecessarySeqFocus false`
warning: ././././Bell/Targets.lean:34:2: Used `tac1 <;> tac2` where `(tac1; tac2)` would suffice
note: this linter can be disabled with `set_option linter.unnecessarySeqFocus false`
warning: ././././Bell/Targets.lean:35:2: Used `tac1 <;> tac2` where `(tac1; tac2)` would suffice
note: this linter can be disabled with `set_option linter.unnecessarySeqFocus false`
warning: ././././Bell/Targets.lean:36:2: Used `tac1 <;> tac2` where `(tac1; tac2)` would suffice
note: this linter can be disabled with `set_option linter.unnecessarySeqFocus false`
⚠ [2845/2857] Replayed Bell.RankZeroSimulation
warning: ././././Bell/RankZeroSimulation.lean:99:34: unused variable `h`
note: this linter can be disabled with `set_option linter.unusedVariables false`
✔ [2857/2857] Built Bell.ResidualCoordinates
Build completed successfully.
$ lake build Bell.ResidualEncoding
⚠ [2825/2874] Replayed Bell.Lorentz
warning: ././././Bell/Lorentz.lean:63:71: this tactic is never executed
note: this linter can be disabled with `set_option linter.unreachableTactic false`
warning: ././././Bell/Lorentz.lean:63:71: 'ring' tactic does nothing
note: this linter can be disabled with `set_option linter.unusedTactic false`
warning: ././././Bell/Lorentz.lean:114:2: Used `tac1 <;> tac2` where `(tac1; tac2)` would suffice
note: this linter can be disabled with `set_option linter.unnecessarySeqFocus false`
warning: ././././Bell/Lorentz.lean:118:62: Used `tac1 <;> tac2` where `(tac1; tac2)` would suffice
note: this linter can be disabled with `set_option linter.unnecessarySeqFocus false`
warning: ././././Bell/Lorentz.lean:146:2: Used `tac1 <;> tac2` where `(tac1; tac2)` would suffice
note: this linter can be disabled with `set_option linter.unnecessarySeqFocus false`
warning: ././././Bell/Lorentz.lean:212:47: this tactic is never executed
note: this linter can be disabled with `set_option linter.unreachableTactic false`
warning: ././././Bell/Lorentz.lean:212:47: 'ring' tactic does nothing
note: this linter can be disabled with `set_option linter.unusedTactic false`
warning: ././././Bell/Lorentz.lean:218:2: Used `tac1 <;> tac2` where `(tac1; tac2)` would suffice
note: this linter can be disabled with `set_option linter.unnecessarySeqFocus false`
warning: ././././Bell/Lorentz.lean:223:2: Used `tac1 <;> tac2` where `(tac1; tac2)` would suffice
note: this linter can be disabled with `set_option linter.unnecessarySeqFocus false`
⚠ [2831/2874] Replayed Bell.MeasurementGeometry
warning: ././././Bell/MeasurementGeometry.lean:123:52: unused variable `hA`
note: this linter can be disabled with `set_option linter.unusedVariables false`
warning: ././././Bell/MeasurementGeometry.lean:124:5: unused variable `hB`
note: this linter can be disabled with `set_option linter.unusedVariables false`
⚠ [2832/2874] Replayed Bell.ClassicalProduct
warning: ././././Bell/ClassicalProduct.lean:27:0: automatically included section variable(s) unused in theorem 'Bell.ClassicalProduct.total_mass':
  [(x : X) → DecidableEq (O x)]
consider restructuring your `variable` declarations so that the variables are not in scope or explicitly omit them:
  omit [(x : X) → DecidableEq (O x)] in theorem ...
note: this linter can be disabled with `set_option linter.unusedSectionVars false`
warning: ././././Bell/ClassicalProduct.lean:42:0: automatically included section variable(s) unused in theorem 'Bell.ClassicalProduct.pin_mass':
  [(x : X) → Fintype (O x)]
consider restructuring your `variable` declarations so that the variables are not in scope or explicitly omit them:
  omit [(x : X) → Fintype (O x)] in theorem ...
note: this linter can be disabled with `set_option linter.unusedSectionVars false`
warning: ././././Bell/ClassicalProduct.lean:89:0: automatically included section variable(s) unused in theorem 'Bell.ClassicalProduct.conditional_normalized':
  [Fintype X]
  [DecidableEq X]
  [(x : X) → DecidableEq (O x)]
  [Fintype B]
  [DecidableEq B]
consider restructuring your `variable` declarations so that the variables are not in scope or explicitly omit them:
  omit [Fintype X] [DecidableEq X] [(x : X) → DecidableEq (O x)] [Fintype B] [DecidableEq B] in theorem ...
note: this linter can be disabled with `set_option linter.unusedSectionVars false`
warning: ././././Bell/ClassicalProduct.lean:95:0: automatically included section variable(s) unused in theorem 'Bell.ClassicalProduct.weight_nonnegative':
  [DecidableEq X]
  [(x : X) → Fintype (O x)]
  [(x : X) → DecidableEq (O x)]
  [Fintype B]
  [DecidableEq B]
consider restructuring your `variable` declarations so that the variables are not in scope or explicitly omit them:
  omit [DecidableEq
  X] [(x : X) → Fintype (O x)] [(x : X) → DecidableEq (O x)] [Fintype B] [DecidableEq B] in theorem ...
note: this linter can be disabled with `set_option linter.unusedSectionVars false`
warning: ././././Bell/ClassicalProduct.lean:119:0: automatically included section variable(s) unused in theorem 'Bell.ClassicalProduct.entry_zero_of_marginal_zero':
  [Fintype X]
  [DecidableEq X]
  [(x : X) → DecidableEq (O x)]
  [Fintype B]
  [DecidableEq B]
consider restructuring your `variable` declarations so that the variables are not in scope or explicitly omit them:
  omit [Fintype X] [DecidableEq X] [(x : X) → DecidableEq (O x)] [Fintype B] [DecidableEq B] in theorem ...
note: this linter can be disabled with `set_option linter.unusedSectionVars false`
⚠ [2834/2874] Replayed Bell.Witness
warning: ././././Bell/Witness.lean:137:2: Used `tac1 <;> tac2` where `(tac1; tac2)` would suffice
note: this linter can be disabled with `set_option linter.unnecessarySeqFocus false`
warning: ././././Bell/Witness.lean:224:2: Used `tac1 <;> tac2` where `(tac1; tac2)` would suffice
note: this linter can be disabled with `set_option linter.unnecessarySeqFocus false`
warning: ././././Bell/Witness.lean:224:14: Used `tac1 <;> tac2` where `(tac1; tac2)` would suffice
note: this linter can be disabled with `set_option linter.unnecessarySeqFocus false`
⚠ [2835/2874] Replayed Bell.Transportation
warning: ././././Bell/Transportation.lean:75:28: Used `tac1 <;> tac2` where `(tac1; tac2)` would suffice
note: this linter can be disabled with `set_option linter.unnecessarySeqFocus false`
⚠ [2848/2874] Replayed Bell.ExtremeMeasurement
warning: ././././Bell/ExtremeMeasurement.lean:95:22: Used `tac1 <;> tac2` where `(tac1; tac2)` would suffice
note: this linter can be disabled with `set_option linter.unnecessarySeqFocus false`
warning: ././././Bell/ExtremeMeasurement.lean:99:22: Used `tac1 <;> tac2` where `(tac1; tac2)` would suffice
note: this linter can be disabled with `set_option linter.unnecessarySeqFocus false`
warning: ././././Bell/ExtremeMeasurement.lean:161:27: Used `tac1 <;> tac2` where `(tac1; tac2)` would suffice
note: this linter can be disabled with `set_option linter.unnecessarySeqFocus false`
warning: ././././Bell/ExtremeMeasurement.lean:161:44: Used `tac1 <;> tac2` where `(tac1; tac2)` would suffice
note: this linter can be disabled with `set_option linter.unnecessarySeqFocus false`
warning: ././././Bell/ExtremeMeasurement.lean:170:27: Used `tac1 <;> tac2` where `(tac1; tac2)` would suffice
note: this linter can be disabled with `set_option linter.unnecessarySeqFocus false`
warning: ././././Bell/ExtremeMeasurement.lean:170:44: Used `tac1 <;> tac2` where `(tac1; tac2)` would suffice
note: this linter can be disabled with `set_option linter.unnecessarySeqFocus false`
⚠ [2852/2874] Replayed Bell.Targets
warning: ././././Bell/Targets.lean:26:2: Used `tac1 <;> tac2` where `(tac1; tac2)` would suffice
note: this linter can be disabled with `set_option linter.unnecessarySeqFocus false`
warning: ././././Bell/Targets.lean:27:2: Used `tac1 <;> tac2` where `(tac1; tac2)` would suffice
note: this linter can be disabled with `set_option linter.unnecessarySeqFocus false`
warning: ././././Bell/Targets.lean:28:2: Used `tac1 <;> tac2` where `(tac1; tac2)` would suffice
note: this linter can be disabled with `set_option linter.unnecessarySeqFocus false`
warning: ././././Bell/Targets.lean:34:2: Used `tac1 <;> tac2` where `(tac1; tac2)` would suffice
note: this linter can be disabled with `set_option linter.unnecessarySeqFocus false`
warning: ././././Bell/Targets.lean:35:2: Used `tac1 <;> tac2` where `(tac1; tac2)` would suffice
note: this linter can be disabled with `set_option linter.unnecessarySeqFocus false`
warning: ././././Bell/Targets.lean:36:2: Used `tac1 <;> tac2` where `(tac1; tac2)` would suffice
note: this linter can be disabled with `set_option linter.unnecessarySeqFocus false`
⚠ [2858/2874] Replayed Bell.RankZeroSimulation
warning: ././././Bell/RankZeroSimulation.lean:99:34: unused variable `h`
note: this linter can be disabled with `set_option linter.unusedVariables false`
⚠ [2861/2874] Replayed Bell.CommonSpanFiltering
warning: ././././Bell/CommonSpanFiltering.lean:52:28: unused variable `hH`
note: this linter can be disabled with `set_option linter.unusedVariables false`
⚠ [2863/2874] Replayed Bell.SmallOutputEncoding
warning: ././././Bell/SmallOutputEncoding.lean:77:40: unused variable `hc`
note: this linter can be disabled with `set_option linter.unusedVariables false`
⚠ [2874/2874] Built Bell.ResidualEncoding
warning: ././././Bell/ResidualEncoding.lean:70:55: Used `tac1 <;> tac2` where `(tac1; tac2)` would suffice
note: this linter can be disabled with `set_option linter.unnecessarySeqFocus false`
warning: ././././Bell/ResidualEncoding.lean:224:99: Used `tac1 <;> tac2` where `(tac1; tac2)` would suffice
note: this linter can be disabled with `set_option linter.unnecessarySeqFocus false`
Build completed successfully.
$ lake build Bell.ResidualStrategy
⚠ [2825/2875] Replayed Bell.Lorentz
warning: ././././Bell/Lorentz.lean:63:71: this tactic is never executed
note: this linter can be disabled with `set_option linter.unreachableTactic false`
warning: ././././Bell/Lorentz.lean:63:71: 'ring' tactic does nothing
note: this linter can be disabled with `set_option linter.unusedTactic false`
warning: ././././Bell/Lorentz.lean:114:2: Used `tac1 <;> tac2` where `(tac1; tac2)` would suffice
note: this linter can be disabled with `set_option linter.unnecessarySeqFocus false`
warning: ././././Bell/Lorentz.lean:118:62: Used `tac1 <;> tac2` where `(tac1; tac2)` would suffice
note: this linter can be disabled with `set_option linter.unnecessarySeqFocus false`
warning: ././././Bell/Lorentz.lean:146:2: Used `tac1 <;> tac2` where `(tac1; tac2)` would suffice
note: this linter can be disabled with `set_option linter.unnecessarySeqFocus false`
warning: ././././Bell/Lorentz.lean:212:47: this tactic is never executed
note: this linter can be disabled with `set_option linter.unreachableTactic false`
warning: ././././Bell/Lorentz.lean:212:47: 'ring' tactic does nothing
note: this linter can be disabled with `set_option linter.unusedTactic false`
warning: ././././Bell/Lorentz.lean:218:2: Used `tac1 <;> tac2` where `(tac1; tac2)` would suffice
note: this linter can be disabled with `set_option linter.unnecessarySeqFocus false`
warning: ././././Bell/Lorentz.lean:223:2: Used `tac1 <;> tac2` where `(tac1; tac2)` would suffice
note: this linter can be disabled with `set_option linter.unnecessarySeqFocus false`
⚠ [2831/2875] Replayed Bell.MeasurementGeometry
warning: ././././Bell/MeasurementGeometry.lean:123:52: unused variable `hA`
note: this linter can be disabled with `set_option linter.unusedVariables false`
warning: ././././Bell/MeasurementGeometry.lean:124:5: unused variable `hB`
note: this linter can be disabled with `set_option linter.unusedVariables false`
⚠ [2832/2875] Replayed Bell.ClassicalProduct
warning: ././././Bell/ClassicalProduct.lean:27:0: automatically included section variable(s) unused in theorem 'Bell.ClassicalProduct.total_mass':
  [(x : X) → DecidableEq (O x)]
consider restructuring your `variable` declarations so that the variables are not in scope or explicitly omit them:
  omit [(x : X) → DecidableEq (O x)] in theorem ...
note: this linter can be disabled with `set_option linter.unusedSectionVars false`
warning: ././././Bell/ClassicalProduct.lean:42:0: automatically included section variable(s) unused in theorem 'Bell.ClassicalProduct.pin_mass':
  [(x : X) → Fintype (O x)]
consider restructuring your `variable` declarations so that the variables are not in scope or explicitly omit them:
  omit [(x : X) → Fintype (O x)] in theorem ...
note: this linter can be disabled with `set_option linter.unusedSectionVars false`
warning: ././././Bell/ClassicalProduct.lean:89:0: automatically included section variable(s) unused in theorem 'Bell.ClassicalProduct.conditional_normalized':
  [Fintype X]
  [DecidableEq X]
  [(x : X) → DecidableEq (O x)]
  [Fintype B]
  [DecidableEq B]
consider restructuring your `variable` declarations so that the variables are not in scope or explicitly omit them:
  omit [Fintype X] [DecidableEq X] [(x : X) → DecidableEq (O x)] [Fintype B] [DecidableEq B] in theorem ...
note: this linter can be disabled with `set_option linter.unusedSectionVars false`
warning: ././././Bell/ClassicalProduct.lean:95:0: automatically included section variable(s) unused in theorem 'Bell.ClassicalProduct.weight_nonnegative':
  [DecidableEq X]
  [(x : X) → Fintype (O x)]
  [(x : X) → DecidableEq (O x)]
  [Fintype B]
  [DecidableEq B]
consider restructuring your `variable` declarations so that the variables are not in scope or explicitly omit them:
  omit [DecidableEq
  X] [(x : X) → Fintype (O x)] [(x : X) → DecidableEq (O x)] [Fintype B] [DecidableEq B] in theorem ...
note: this linter can be disabled with `set_option linter.unusedSectionVars false`
warning: ././././Bell/ClassicalProduct.lean:119:0: automatically included section variable(s) unused in theorem 'Bell.ClassicalProduct.entry_zero_of_marginal_zero':
  [Fintype X]
  [DecidableEq X]
  [(x : X) → DecidableEq (O x)]
  [Fintype B]
  [DecidableEq B]
consider restructuring your `variable` declarations so that the variables are not in scope or explicitly omit them:
  omit [Fintype X] [DecidableEq X] [(x : X) → DecidableEq (O x)] [Fintype B] [DecidableEq B] in theorem ...
note: this linter can be disabled with `set_option linter.unusedSectionVars false`
⚠ [2834/2875] Replayed Bell.Witness
warning: ././././Bell/Witness.lean:137:2: Used `tac1 <;> tac2` where `(tac1; tac2)` would suffice
note: this linter can be disabled with `set_option linter.unnecessarySeqFocus false`
warning: ././././Bell/Witness.lean:224:2: Used `tac1 <;> tac2` where `(tac1; tac2)` would suffice
note: this linter can be disabled with `set_option linter.unnecessarySeqFocus false`
warning: ././././Bell/Witness.lean:224:14: Used `tac1 <;> tac2` where `(tac1; tac2)` would suffice
note: this linter can be disabled with `set_option linter.unnecessarySeqFocus false`
⚠ [2835/2875] Replayed Bell.Transportation
warning: ././././Bell/Transportation.lean:75:28: Used `tac1 <;> tac2` where `(tac1; tac2)` would suffice
note: this linter can be disabled with `set_option linter.unnecessarySeqFocus false`
⚠ [2848/2875] Replayed Bell.ExtremeMeasurement
warning: ././././Bell/ExtremeMeasurement.lean:95:22: Used `tac1 <;> tac2` where `(tac1; tac2)` would suffice
note: this linter can be disabled with `set_option linter.unnecessarySeqFocus false`
warning: ././././Bell/ExtremeMeasurement.lean:99:22: Used `tac1 <;> tac2` where `(tac1; tac2)` would suffice
note: this linter can be disabled with `set_option linter.unnecessarySeqFocus false`
warning: ././././Bell/ExtremeMeasurement.lean:161:27: Used `tac1 <;> tac2` where `(tac1; tac2)` would suffice
note: this linter can be disabled with `set_option linter.unnecessarySeqFocus false`
warning: ././././Bell/ExtremeMeasurement.lean:161:44: Used `tac1 <;> tac2` where `(tac1; tac2)` would suffice
note: this linter can be disabled with `set_option linter.unnecessarySeqFocus false`
warning: ././././Bell/ExtremeMeasurement.lean:170:27: Used `tac1 <;> tac2` where `(tac1; tac2)` would suffice
note: this linter can be disabled with `set_option linter.unnecessarySeqFocus false`
warning: ././././Bell/ExtremeMeasurement.lean:170:44: Used `tac1 <;> tac2` where `(tac1; tac2)` would suffice
note: this linter can be disabled with `set_option linter.unnecessarySeqFocus false`
⚠ [2852/2875] Replayed Bell.Targets
warning: ././././Bell/Targets.lean:26:2: Used `tac1 <;> tac2` where `(tac1; tac2)` would suffice
note: this linter can be disabled with `set_option linter.unnecessarySeqFocus false`
warning: ././././Bell/Targets.lean:27:2: Used `tac1 <;> tac2` where `(tac1; tac2)` would suffice
note: this linter can be disabled with `set_option linter.unnecessarySeqFocus false`
warning: ././././Bell/Targets.lean:28:2: Used `tac1 <;> tac2` where `(tac1; tac2)` would suffice
note: this linter can be disabled with `set_option linter.unnecessarySeqFocus false`
warning: ././././Bell/Targets.lean:34:2: Used `tac1 <;> tac2` where `(tac1; tac2)` would suffice
note: this linter can be disabled with `set_option linter.unnecessarySeqFocus false`
warning: ././././Bell/Targets.lean:35:2: Used `tac1 <;> tac2` where `(tac1; tac2)` would suffice
note: this linter can be disabled with `set_option linter.unnecessarySeqFocus false`
warning: ././././Bell/Targets.lean:36:2: Used `tac1 <;> tac2` where `(tac1; tac2)` would suffice
note: this linter can be disabled with `set_option linter.unnecessarySeqFocus false`
⚠ [2858/2875] Replayed Bell.RankZeroSimulation
warning: ././././Bell/RankZeroSimulation.lean:99:34: unused variable `h`
note: this linter can be disabled with `set_option linter.unusedVariables false`
⚠ [2861/2875] Replayed Bell.CommonSpanFiltering
warning: ././././Bell/CommonSpanFiltering.lean:52:28: unused variable `hH`
note: this linter can be disabled with `set_option linter.unusedVariables false`
⚠ [2863/2875] Replayed Bell.SmallOutputEncoding
warning: ././././Bell/SmallOutputEncoding.lean:77:40: unused variable `hc`
note: this linter can be disabled with `set_option linter.unusedVariables false`
⚠ [2874/2875] Replayed Bell.ResidualEncoding
warning: ././././Bell/ResidualEncoding.lean:70:55: Used `tac1 <;> tac2` where `(tac1; tac2)` would suffice
note: this linter can be disabled with `set_option linter.unnecessarySeqFocus false`
warning: ././././Bell/ResidualEncoding.lean:224:99: Used `tac1 <;> tac2` where `(tac1; tac2)` would suffice
note: this linter can be disabled with `set_option linter.unnecessarySeqFocus false`
✔ [2875/2875] Built Bell.ResidualStrategy
Build completed successfully.
$ lake build Bell.SOSAlgebra
✔ [2824/2824] Built Bell.SOSAlgebra
Build completed successfully.
$ lake build Bell.SOSCertificate
✔ [2825/2825] Built Bell.SOSCertificate
Build completed successfully.
$ lake build Bell.ProjectionSupport
✔ [2824/2824] Built Bell.ProjectionSupport
Build completed successfully.
$ lake build Bell.ProjectiveSOS
✔ [2827/2827] Built Bell.ProjectiveSOS
Build completed successfully.
$ lake build Bell.ProjectiveBound
⚠ [2830/2836] Replayed Bell.Witness
warning: ././././Bell/Witness.lean:137:2: Used `tac1 <;> tac2` where `(tac1; tac2)` would suffice
note: this linter can be disabled with `set_option linter.unnecessarySeqFocus false`
warning: ././././Bell/Witness.lean:224:2: Used `tac1 <;> tac2` where `(tac1; tac2)` would suffice
note: this linter can be disabled with `set_option linter.unnecessarySeqFocus false`
warning: ././././Bell/Witness.lean:224:14: Used `tac1 <;> tac2` where `(tac1; tac2)` would suffice
note: this linter can be disabled with `set_option linter.unnecessarySeqFocus false`
⚠ [2832/2836] Replayed Bell.Transportation
warning: ././././Bell/Transportation.lean:75:28: Used `tac1 <;> tac2` where `(tac1; tac2)` would suffice
note: this linter can be disabled with `set_option linter.unnecessarySeqFocus false`
⚠ [2833/2836] Replayed Bell.Lorentz
warning: ././././Bell/Lorentz.lean:63:71: this tactic is never executed
note: this linter can be disabled with `set_option linter.unreachableTactic false`
warning: ././././Bell/Lorentz.lean:63:71: 'ring' tactic does nothing
note: this linter can be disabled with `set_option linter.unusedTactic false`
warning: ././././Bell/Lorentz.lean:114:2: Used `tac1 <;> tac2` where `(tac1; tac2)` would suffice
note: this linter can be disabled with `set_option linter.unnecessarySeqFocus false`
warning: ././././Bell/Lorentz.lean:118:62: Used `tac1 <;> tac2` where `(tac1; tac2)` would suffice
note: this linter can be disabled with `set_option linter.unnecessarySeqFocus false`
warning: ././././Bell/Lorentz.lean:146:2: Used `tac1 <;> tac2` where `(tac1; tac2)` would suffice
note: this linter can be disabled with `set_option linter.unnecessarySeqFocus false`
warning: ././././Bell/Lorentz.lean:212:47: this tactic is never executed
note: this linter can be disabled with `set_option linter.unreachableTactic false`
warning: ././././Bell/Lorentz.lean:212:47: 'ring' tactic does nothing
note: this linter can be disabled with `set_option linter.unusedTactic false`
warning: ././././Bell/Lorentz.lean:218:2: Used `tac1 <;> tac2` where `(tac1; tac2)` would suffice
note: this linter can be disabled with `set_option linter.unnecessarySeqFocus false`
warning: ././././Bell/Lorentz.lean:223:2: Used `tac1 <;> tac2` where `(tac1; tac2)` would suffice
note: this linter can be disabled with `set_option linter.unnecessarySeqFocus false`
⚠ [2835/2836] Replayed Bell.Targets
warning: ././././Bell/Targets.lean:26:2: Used `tac1 <;> tac2` where `(tac1; tac2)` would suffice
note: this linter can be disabled with `set_option linter.unnecessarySeqFocus false`
warning: ././././Bell/Targets.lean:27:2: Used `tac1 <;> tac2` where `(tac1; tac2)` would suffice
note: this linter can be disabled with `set_option linter.unnecessarySeqFocus false`
warning: ././././Bell/Targets.lean:28:2: Used `tac1 <;> tac2` where `(tac1; tac2)` would suffice
note: this linter can be disabled with `set_option linter.unnecessarySeqFocus false`
warning: ././././Bell/Targets.lean:34:2: Used `tac1 <;> tac2` where `(tac1; tac2)` would suffice
note: this linter can be disabled with `set_option linter.unnecessarySeqFocus false`
warning: ././././Bell/Targets.lean:35:2: Used `tac1 <;> tac2` where `(tac1; tac2)` would suffice
note: this linter can be disabled with `set_option linter.unnecessarySeqFocus false`
warning: ././././Bell/Targets.lean:36:2: Used `tac1 <;> tac2` where `(tac1; tac2)` would suffice
note: this linter can be disabled with `set_option linter.unnecessarySeqFocus false`
✔ [2836/2836] Built Bell.ProjectiveBound
Build completed successfully.
$ lake build Bell.StrengthenedWitness
⚠ [2825/2838] Replayed Bell.Witness
warning: ././././Bell/Witness.lean:137:2: Used `tac1 <;> tac2` where `(tac1; tac2)` would suffice
note: this linter can be disabled with `set_option linter.unnecessarySeqFocus false`
warning: ././././Bell/Witness.lean:224:2: Used `tac1 <;> tac2` where `(tac1; tac2)` would suffice
note: this linter can be disabled with `set_option linter.unnecessarySeqFocus false`
warning: ././././Bell/Witness.lean:224:14: Used `tac1 <;> tac2` where `(tac1; tac2)` would suffice
note: this linter can be disabled with `set_option linter.unnecessarySeqFocus false`
⚠ [2827/2838] Replayed Bell.Transportation
warning: ././././Bell/Transportation.lean:75:28: Used `tac1 <;> tac2` where `(tac1; tac2)` would suffice
note: this linter can be disabled with `set_option linter.unnecessarySeqFocus false`
⚠ [2828/2838] Replayed Bell.Lorentz
warning: ././././Bell/Lorentz.lean:63:71: this tactic is never executed
note: this linter can be disabled with `set_option linter.unreachableTactic false`
warning: ././././Bell/Lorentz.lean:63:71: 'ring' tactic does nothing
note: this linter can be disabled with `set_option linter.unusedTactic false`
warning: ././././Bell/Lorentz.lean:114:2: Used `tac1 <;> tac2` where `(tac1; tac2)` would suffice
note: this linter can be disabled with `set_option linter.unnecessarySeqFocus false`
warning: ././././Bell/Lorentz.lean:118:62: Used `tac1 <;> tac2` where `(tac1; tac2)` would suffice
note: this linter can be disabled with `set_option linter.unnecessarySeqFocus false`
warning: ././././Bell/Lorentz.lean:146:2: Used `tac1 <;> tac2` where `(tac1; tac2)` would suffice
note: this linter can be disabled with `set_option linter.unnecessarySeqFocus false`
warning: ././././Bell/Lorentz.lean:212:47: this tactic is never executed
note: this linter can be disabled with `set_option linter.unreachableTactic false`
warning: ././././Bell/Lorentz.lean:212:47: 'ring' tactic does nothing
note: this linter can be disabled with `set_option linter.unusedTactic false`
warning: ././././Bell/Lorentz.lean:218:2: Used `tac1 <;> tac2` where `(tac1; tac2)` would suffice
note: this linter can be disabled with `set_option linter.unnecessarySeqFocus false`
warning: ././././Bell/Lorentz.lean:223:2: Used `tac1 <;> tac2` where `(tac1; tac2)` would suffice
note: this linter can be disabled with `set_option linter.unnecessarySeqFocus false`
⚠ [2830/2838] Replayed Bell.Targets
warning: ././././Bell/Targets.lean:26:2: Used `tac1 <;> tac2` where `(tac1; tac2)` would suffice
note: this linter can be disabled with `set_option linter.unnecessarySeqFocus false`
warning: ././././Bell/Targets.lean:27:2: Used `tac1 <;> tac2` where `(tac1; tac2)` would suffice
note: this linter can be disabled with `set_option linter.unnecessarySeqFocus false`
warning: ././././Bell/Targets.lean:28:2: Used `tac1 <;> tac2` where `(tac1; tac2)` would suffice
note: this linter can be disabled with `set_option linter.unnecessarySeqFocus false`
warning: ././././Bell/Targets.lean:34:2: Used `tac1 <;> tac2` where `(tac1; tac2)` would suffice
note: this linter can be disabled with `set_option linter.unnecessarySeqFocus false`
warning: ././././Bell/Targets.lean:35:2: Used `tac1 <;> tac2` where `(tac1; tac2)` would suffice
note: this linter can be disabled with `set_option linter.unnecessarySeqFocus false`
warning: ././././Bell/Targets.lean:36:2: Used `tac1 <;> tac2` where `(tac1; tac2)` would suffice
note: this linter can be disabled with `set_option linter.unnecessarySeqFocus false`
⚠ [2838/2838] Built Bell.StrengthenedWitness
warning: ././././Bell/StrengthenedWitness.lean:42:2: Used `tac1 <;> tac2` where `(tac1; tac2)` would suffice
note: this linter can be disabled with `set_option linter.unnecessarySeqFocus false`
warning: ././././Bell/StrengthenedWitness.lean:47:2: Used `tac1 <;> tac2` where `(tac1; tac2)` would suffice
note: this linter can be disabled with `set_option linter.unnecessarySeqFocus false`
warning: ././././Bell/StrengthenedWitness.lean:54:6: Used `tac1 <;> tac2` where `(tac1; tac2)` would suffice
note: this linter can be disabled with `set_option linter.unnecessarySeqFocus false`
warning: ././././Bell/StrengthenedWitness.lean:114:43: this tactic is never executed
note: this linter can be disabled with `set_option linter.unreachableTactic false`
warning: ././././Bell/StrengthenedWitness.lean:114:43: 'ring' tactic does nothing
note: this linter can be disabled with `set_option linter.unusedTactic false`
warning: ././././Bell/StrengthenedWitness.lean:178:2: Used `tac1 <;> tac2` where `(tac1; tac2)` would suffice
note: this linter can be disabled with `set_option linter.unnecessarySeqFocus false`
Build completed successfully.
$ lake build Bell.Assembly
⚠ [2825/2886] Replayed Bell.Lorentz
warning: ././././Bell/Lorentz.lean:63:71: this tactic is never executed
note: this linter can be disabled with `set_option linter.unreachableTactic false`
warning: ././././Bell/Lorentz.lean:63:71: 'ring' tactic does nothing
note: this linter can be disabled with `set_option linter.unusedTactic false`
warning: ././././Bell/Lorentz.lean:114:2: Used `tac1 <;> tac2` where `(tac1; tac2)` would suffice
note: this linter can be disabled with `set_option linter.unnecessarySeqFocus false`
warning: ././././Bell/Lorentz.lean:118:62: Used `tac1 <;> tac2` where `(tac1; tac2)` would suffice
note: this linter can be disabled with `set_option linter.unnecessarySeqFocus false`
warning: ././././Bell/Lorentz.lean:146:2: Used `tac1 <;> tac2` where `(tac1; tac2)` would suffice
note: this linter can be disabled with `set_option linter.unnecessarySeqFocus false`
warning: ././././Bell/Lorentz.lean:212:47: this tactic is never executed
note: this linter can be disabled with `set_option linter.unreachableTactic false`
warning: ././././Bell/Lorentz.lean:212:47: 'ring' tactic does nothing
note: this linter can be disabled with `set_option linter.unusedTactic false`
warning: ././././Bell/Lorentz.lean:218:2: Used `tac1 <;> tac2` where `(tac1; tac2)` would suffice
note: this linter can be disabled with `set_option linter.unnecessarySeqFocus false`
warning: ././././Bell/Lorentz.lean:223:2: Used `tac1 <;> tac2` where `(tac1; tac2)` would suffice
note: this linter can be disabled with `set_option linter.unnecessarySeqFocus false`
⚠ [2831/2886] Replayed Bell.MeasurementGeometry
warning: ././././Bell/MeasurementGeometry.lean:123:52: unused variable `hA`
note: this linter can be disabled with `set_option linter.unusedVariables false`
warning: ././././Bell/MeasurementGeometry.lean:124:5: unused variable `hB`
note: this linter can be disabled with `set_option linter.unusedVariables false`
⚠ [2832/2886] Replayed Bell.ClassicalProduct
warning: ././././Bell/ClassicalProduct.lean:27:0: automatically included section variable(s) unused in theorem 'Bell.ClassicalProduct.total_mass':
  [(x : X) → DecidableEq (O x)]
consider restructuring your `variable` declarations so that the variables are not in scope or explicitly omit them:
  omit [(x : X) → DecidableEq (O x)] in theorem ...
note: this linter can be disabled with `set_option linter.unusedSectionVars false`
warning: ././././Bell/ClassicalProduct.lean:42:0: automatically included section variable(s) unused in theorem 'Bell.ClassicalProduct.pin_mass':
  [(x : X) → Fintype (O x)]
consider restructuring your `variable` declarations so that the variables are not in scope or explicitly omit them:
  omit [(x : X) → Fintype (O x)] in theorem ...
note: this linter can be disabled with `set_option linter.unusedSectionVars false`
warning: ././././Bell/ClassicalProduct.lean:89:0: automatically included section variable(s) unused in theorem 'Bell.ClassicalProduct.conditional_normalized':
  [Fintype X]
  [DecidableEq X]
  [(x : X) → DecidableEq (O x)]
  [Fintype B]
  [DecidableEq B]
consider restructuring your `variable` declarations so that the variables are not in scope or explicitly omit them:
  omit [Fintype X] [DecidableEq X] [(x : X) → DecidableEq (O x)] [Fintype B] [DecidableEq B] in theorem ...
note: this linter can be disabled with `set_option linter.unusedSectionVars false`
warning: ././././Bell/ClassicalProduct.lean:95:0: automatically included section variable(s) unused in theorem 'Bell.ClassicalProduct.weight_nonnegative':
  [DecidableEq X]
  [(x : X) → Fintype (O x)]
  [(x : X) → DecidableEq (O x)]
  [Fintype B]
  [DecidableEq B]
consider restructuring your `variable` declarations so that the variables are not in scope or explicitly omit them:
  omit [DecidableEq
  X] [(x : X) → Fintype (O x)] [(x : X) → DecidableEq (O x)] [Fintype B] [DecidableEq B] in theorem ...
note: this linter can be disabled with `set_option linter.unusedSectionVars false`
warning: ././././Bell/ClassicalProduct.lean:119:0: automatically included section variable(s) unused in theorem 'Bell.ClassicalProduct.entry_zero_of_marginal_zero':
  [Fintype X]
  [DecidableEq X]
  [(x : X) → DecidableEq (O x)]
  [Fintype B]
  [DecidableEq B]
consider restructuring your `variable` declarations so that the variables are not in scope or explicitly omit them:
  omit [Fintype X] [DecidableEq X] [(x : X) → DecidableEq (O x)] [Fintype B] [DecidableEq B] in theorem ...
note: this linter can be disabled with `set_option linter.unusedSectionVars false`
⚠ [2834/2886] Replayed Bell.Witness
warning: ././././Bell/Witness.lean:137:2: Used `tac1 <;> tac2` where `(tac1; tac2)` would suffice
note: this linter can be disabled with `set_option linter.unnecessarySeqFocus false`
warning: ././././Bell/Witness.lean:224:2: Used `tac1 <;> tac2` where `(tac1; tac2)` would suffice
note: this linter can be disabled with `set_option linter.unnecessarySeqFocus false`
warning: ././././Bell/Witness.lean:224:14: Used `tac1 <;> tac2` where `(tac1; tac2)` would suffice
note: this linter can be disabled with `set_option linter.unnecessarySeqFocus false`
⚠ [2835/2886] Replayed Bell.Transportation
warning: ././././Bell/Transportation.lean:75:28: Used `tac1 <;> tac2` where `(tac1; tac2)` would suffice
note: this linter can be disabled with `set_option linter.unnecessarySeqFocus false`
⚠ [2850/2886] Replayed Bell.Targets
warning: ././././Bell/Targets.lean:26:2: Used `tac1 <;> tac2` where `(tac1; tac2)` would suffice
note: this linter can be disabled with `set_option linter.unnecessarySeqFocus false`
warning: ././././Bell/Targets.lean:27:2: Used `tac1 <;> tac2` where `(tac1; tac2)` would suffice
note: this linter can be disabled with `set_option linter.unnecessarySeqFocus false`
warning: ././././Bell/Targets.lean:28:2: Used `tac1 <;> tac2` where `(tac1; tac2)` would suffice
note: this linter can be disabled with `set_option linter.unnecessarySeqFocus false`
warning: ././././Bell/Targets.lean:34:2: Used `tac1 <;> tac2` where `(tac1; tac2)` would suffice
note: this linter can be disabled with `set_option linter.unnecessarySeqFocus false`
warning: ././././Bell/Targets.lean:35:2: Used `tac1 <;> tac2` where `(tac1; tac2)` would suffice
note: this linter can be disabled with `set_option linter.unnecessarySeqFocus false`
warning: ././././Bell/Targets.lean:36:2: Used `tac1 <;> tac2` where `(tac1; tac2)` would suffice
note: this linter can be disabled with `set_option linter.unnecessarySeqFocus false`
⚠ [2853/2886] Replayed Bell.ConeCircuits
warning: ././././Bell/ConeCircuits.lean:55:0: automatically included section variable(s) unused in theorem 'Bell.ConeCircuits.weights_convex':
  [DecidableEq ι]
consider restructuring your `variable` declarations so that the variables are not in scope or explicitly omit them:
  omit [DecidableEq ι] in theorem ...
note: this linter can be disabled with `set_option linter.unusedSectionVars false`
warning: ././././Bell/ConeCircuits.lean:61:0: automatically included section variable(s) unused in theorem 'Bell.ConeCircuits.weights_isClosed':
  [DecidableEq ι]
consider restructuring your `variable` declarations so that the variables are not in scope or explicitly omit them:
  omit [DecidableEq ι] in theorem ...
note: this linter can be disabled with `set_option linter.unusedSectionVars false`
warning: ././././Bell/ConeCircuits.lean:85:0: automatically included section variable(s) unused in theorem 'Bell.ConeCircuits.balance_sideSum':
  [DecidableEq ι]
consider restructuring your `variable` declarations so that the variables are not in scope or explicitly omit them:
  omit [DecidableEq ι] in theorem ...
note: this linter can be disabled with `set_option linter.unusedSectionVars false`
warning: ././././Bell/ConeCircuits.lean:92:0: automatically included section variable(s) unused in theorem 'Bell.ConeCircuits.mass_sideSum':
  [DecidableEq ι]
consider restructuring your `variable` declarations so that the variables are not in scope or explicitly omit them:
  omit [DecidableEq ι] in theorem ...
note: this linter can be disabled with `set_option linter.unusedSectionVars false`
warning: ././././Bell/ConeCircuits.lean:127:0: automatically included section variable(s) unused in theorem 'Bell.ConeCircuits.extreme_relation_zero':
  [DecidableEq ι]
consider restructuring your `variable` declarations so that the variables are not in scope or explicitly omit them:
  omit [DecidableEq ι] in theorem ...
note: this linter can be disabled with `set_option linter.unusedSectionVars false`
warning: ././././Bell/ConeCircuits.lean:198:0: automatically included section variable(s) unused in theorem 'Bell.ConeCircuits.sideSum_future':
  [DecidableEq ι]
consider restructuring your `variable` declarations so that the variables are not in scope or explicitly omit them:
  omit [DecidableEq ι] in theorem ...
note: this linter can be disabled with `set_option linter.unusedSectionVars false`
warning: ././././Bell/ConeCircuits.lean:207:8: automatically included section variable(s) unused in theorem '_private.Bell.ConeCircuits.0.Bell.ConeCircuits.singleton_side_sum':
  [DecidableEq ι]
consider restructuring your `variable` declarations so that the variables are not in scope or explicitly omit them:
  omit [DecidableEq ι] in theorem ...
note: this linter can be disabled with `set_option linter.unusedSectionVars false`
warning: ././././Bell/ConeCircuits.lean:289:4: Used `tac1 <;> tac2` where `(tac1; tac2)` would suffice
note: this linter can be disabled with `set_option linter.unnecessarySeqFocus false`
⚠ [2854/2886] Replayed Bell.CircuitRealization
warning: ././././Bell/CircuitRealization.lean:28:0: automatically included section variable(s) unused in theorem 'Bell.ConeCircuits.outcomeVector_sum':
  [DecidableEq ι]
consider restructuring your `variable` declarations so that the variables are not in scope or explicitly omit them:
  omit [DecidableEq ι] in theorem ...
note: this linter can be disabled with `set_option linter.unusedSectionVars false`
⚠ [2857/2886] Replayed Bell.ExtremeMeasurement
warning: ././././Bell/ExtremeMeasurement.lean:95:22: Used `tac1 <;> tac2` where `(tac1; tac2)` would suffice
note: this linter can be disabled with `set_option linter.unnecessarySeqFocus false`
warning: ././././Bell/ExtremeMeasurement.lean:99:22: Used `tac1 <;> tac2` where `(tac1; tac2)` would suffice
note: this linter can be disabled with `set_option linter.unnecessarySeqFocus false`
warning: ././././Bell/ExtremeMeasurement.lean:161:27: Used `tac1 <;> tac2` where `(tac1; tac2)` would suffice
note: this linter can be disabled with `set_option linter.unnecessarySeqFocus false`
warning: ././././Bell/ExtremeMeasurement.lean:161:44: Used `tac1 <;> tac2` where `(tac1; tac2)` would suffice
note: this linter can be disabled with `set_option linter.unnecessarySeqFocus false`
warning: ././././Bell/ExtremeMeasurement.lean:170:27: Used `tac1 <;> tac2` where `(tac1; tac2)` would suffice
note: this linter can be disabled with `set_option linter.unnecessarySeqFocus false`
warning: ././././Bell/ExtremeMeasurement.lean:170:44: Used `tac1 <;> tac2` where `(tac1; tac2)` would suffice
note: this linter can be disabled with `set_option linter.unnecessarySeqFocus false`
⚠ [2862/2886] Replayed Bell.RankZeroSimulation
warning: ././././Bell/RankZeroSimulation.lean:99:34: unused variable `h`
note: this linter can be disabled with `set_option linter.unusedVariables false`
⚠ [2865/2886] Replayed Bell.CommonSpanFiltering
warning: ././././Bell/CommonSpanFiltering.lean:52:28: unused variable `hH`
note: this linter can be disabled with `set_option linter.unusedVariables false`
⚠ [2868/2886] Replayed Bell.SmallOutputEncoding
warning: ././././Bell/SmallOutputEncoding.lean:77:40: unused variable `hc`
note: this linter can be disabled with `set_option linter.unusedVariables false`
⚠ [2878/2886] Replayed Bell.ResidualEncoding
warning: ././././Bell/ResidualEncoding.lean:70:55: Used `tac1 <;> tac2` where `(tac1; tac2)` would suffice
note: this linter can be disabled with `set_option linter.unnecessarySeqFocus false`
warning: ././././Bell/ResidualEncoding.lean:224:99: Used `tac1 <;> tac2` where `(tac1; tac2)` would suffice
note: this linter can be disabled with `set_option linter.unnecessarySeqFocus false`
⚠ [2885/2886] Replayed Bell.StrengthenedWitness
warning: ././././Bell/StrengthenedWitness.lean:42:2: Used `tac1 <;> tac2` where `(tac1; tac2)` would suffice
note: this linter can be disabled with `set_option linter.unnecessarySeqFocus false`
warning: ././././Bell/StrengthenedWitness.lean:47:2: Used `tac1 <;> tac2` where `(tac1; tac2)` would suffice
note: this linter can be disabled with `set_option linter.unnecessarySeqFocus false`
warning: ././././Bell/StrengthenedWitness.lean:54:6: Used `tac1 <;> tac2` where `(tac1; tac2)` would suffice
note: this linter can be disabled with `set_option linter.unnecessarySeqFocus false`
warning: ././././Bell/StrengthenedWitness.lean:114:43: this tactic is never executed
note: this linter can be disabled with `set_option linter.unreachableTactic false`
warning: ././././Bell/StrengthenedWitness.lean:114:43: 'ring' tactic does nothing
note: this linter can be disabled with `set_option linter.unusedTactic false`
warning: ././././Bell/StrengthenedWitness.lean:178:2: Used `tac1 <;> tac2` where `(tac1; tac2)` would suffice
note: this linter can be disabled with `set_option linter.unnecessarySeqFocus false`
✔ [2886/2886] Built Bell.Assembly
Build completed successfully.
$ lake build Bell.FiniteLabels
⚠ [2825/2887] Replayed Bell.Lorentz
warning: ././././Bell/Lorentz.lean:63:71: this tactic is never executed
note: this linter can be disabled with `set_option linter.unreachableTactic false`
warning: ././././Bell/Lorentz.lean:63:71: 'ring' tactic does nothing
note: this linter can be disabled with `set_option linter.unusedTactic false`
warning: ././././Bell/Lorentz.lean:114:2: Used `tac1 <;> tac2` where `(tac1; tac2)` would suffice
note: this linter can be disabled with `set_option linter.unnecessarySeqFocus false`
warning: ././././Bell/Lorentz.lean:118:62: Used `tac1 <;> tac2` where `(tac1; tac2)` would suffice
note: this linter can be disabled with `set_option linter.unnecessarySeqFocus false`
warning: ././././Bell/Lorentz.lean:146:2: Used `tac1 <;> tac2` where `(tac1; tac2)` would suffice
note: this linter can be disabled with `set_option linter.unnecessarySeqFocus false`
warning: ././././Bell/Lorentz.lean:212:47: this tactic is never executed
note: this linter can be disabled with `set_option linter.unreachableTactic false`
warning: ././././Bell/Lorentz.lean:212:47: 'ring' tactic does nothing
note: this linter can be disabled with `set_option linter.unusedTactic false`
warning: ././././Bell/Lorentz.lean:218:2: Used `tac1 <;> tac2` where `(tac1; tac2)` would suffice
note: this linter can be disabled with `set_option linter.unnecessarySeqFocus false`
warning: ././././Bell/Lorentz.lean:223:2: Used `tac1 <;> tac2` where `(tac1; tac2)` would suffice
note: this linter can be disabled with `set_option linter.unnecessarySeqFocus false`
⚠ [2831/2887] Replayed Bell.MeasurementGeometry
warning: ././././Bell/MeasurementGeometry.lean:123:52: unused variable `hA`
note: this linter can be disabled with `set_option linter.unusedVariables false`
warning: ././././Bell/MeasurementGeometry.lean:124:5: unused variable `hB`
note: this linter can be disabled with `set_option linter.unusedVariables false`
⚠ [2832/2887] Replayed Bell.ClassicalProduct
warning: ././././Bell/ClassicalProduct.lean:27:0: automatically included section variable(s) unused in theorem 'Bell.ClassicalProduct.total_mass':
  [(x : X) → DecidableEq (O x)]
consider restructuring your `variable` declarations so that the variables are not in scope or explicitly omit them:
  omit [(x : X) → DecidableEq (O x)] in theorem ...
note: this linter can be disabled with `set_option linter.unusedSectionVars false`
warning: ././././Bell/ClassicalProduct.lean:42:0: automatically included section variable(s) unused in theorem 'Bell.ClassicalProduct.pin_mass':
  [(x : X) → Fintype (O x)]
consider restructuring your `variable` declarations so that the variables are not in scope or explicitly omit them:
  omit [(x : X) → Fintype (O x)] in theorem ...
note: this linter can be disabled with `set_option linter.unusedSectionVars false`
warning: ././././Bell/ClassicalProduct.lean:89:0: automatically included section variable(s) unused in theorem 'Bell.ClassicalProduct.conditional_normalized':
  [Fintype X]
  [DecidableEq X]
  [(x : X) → DecidableEq (O x)]
  [Fintype B]
  [DecidableEq B]
consider restructuring your `variable` declarations so that the variables are not in scope or explicitly omit them:
  omit [Fintype X] [DecidableEq X] [(x : X) → DecidableEq (O x)] [Fintype B] [DecidableEq B] in theorem ...
note: this linter can be disabled with `set_option linter.unusedSectionVars false`
warning: ././././Bell/ClassicalProduct.lean:95:0: automatically included section variable(s) unused in theorem 'Bell.ClassicalProduct.weight_nonnegative':
  [DecidableEq X]
  [(x : X) → Fintype (O x)]
  [(x : X) → DecidableEq (O x)]
  [Fintype B]
  [DecidableEq B]
consider restructuring your `variable` declarations so that the variables are not in scope or explicitly omit them:
  omit [DecidableEq
  X] [(x : X) → Fintype (O x)] [(x : X) → DecidableEq (O x)] [Fintype B] [DecidableEq B] in theorem ...
note: this linter can be disabled with `set_option linter.unusedSectionVars false`
warning: ././././Bell/ClassicalProduct.lean:119:0: automatically included section variable(s) unused in theorem 'Bell.ClassicalProduct.entry_zero_of_marginal_zero':
  [Fintype X]
  [DecidableEq X]
  [(x : X) → DecidableEq (O x)]
  [Fintype B]
  [DecidableEq B]
consider restructuring your `variable` declarations so that the variables are not in scope or explicitly omit them:
  omit [Fintype X] [DecidableEq X] [(x : X) → DecidableEq (O x)] [Fintype B] [DecidableEq B] in theorem ...
note: this linter can be disabled with `set_option linter.unusedSectionVars false`
⚠ [2834/2887] Replayed Bell.Witness
warning: ././././Bell/Witness.lean:137:2: Used `tac1 <;> tac2` where `(tac1; tac2)` would suffice
note: this linter can be disabled with `set_option linter.unnecessarySeqFocus false`
warning: ././././Bell/Witness.lean:224:2: Used `tac1 <;> tac2` where `(tac1; tac2)` would suffice
note: this linter can be disabled with `set_option linter.unnecessarySeqFocus false`
warning: ././././Bell/Witness.lean:224:14: Used `tac1 <;> tac2` where `(tac1; tac2)` would suffice
note: this linter can be disabled with `set_option linter.unnecessarySeqFocus false`
⚠ [2835/2887] Replayed Bell.Transportation
warning: ././././Bell/Transportation.lean:75:28: Used `tac1 <;> tac2` where `(tac1; tac2)` would suffice
note: this linter can be disabled with `set_option linter.unnecessarySeqFocus false`
⚠ [2850/2887] Replayed Bell.Targets
warning: ././././Bell/Targets.lean:26:2: Used `tac1 <;> tac2` where `(tac1; tac2)` would suffice
note: this linter can be disabled with `set_option linter.unnecessarySeqFocus false`
warning: ././././Bell/Targets.lean:27:2: Used `tac1 <;> tac2` where `(tac1; tac2)` would suffice
note: this linter can be disabled with `set_option linter.unnecessarySeqFocus false`
warning: ././././Bell/Targets.lean:28:2: Used `tac1 <;> tac2` where `(tac1; tac2)` would suffice
note: this linter can be disabled with `set_option linter.unnecessarySeqFocus false`
warning: ././././Bell/Targets.lean:34:2: Used `tac1 <;> tac2` where `(tac1; tac2)` would suffice
note: this linter can be disabled with `set_option linter.unnecessarySeqFocus false`
warning: ././././Bell/Targets.lean:35:2: Used `tac1 <;> tac2` where `(tac1; tac2)` would suffice
note: this linter can be disabled with `set_option linter.unnecessarySeqFocus false`
warning: ././././Bell/Targets.lean:36:2: Used `tac1 <;> tac2` where `(tac1; tac2)` would suffice
note: this linter can be disabled with `set_option linter.unnecessarySeqFocus false`
⚠ [2853/2887] Replayed Bell.ConeCircuits
warning: ././././Bell/ConeCircuits.lean:55:0: automatically included section variable(s) unused in theorem 'Bell.ConeCircuits.weights_convex':
  [DecidableEq ι]
consider restructuring your `variable` declarations so that the variables are not in scope or explicitly omit them:
  omit [DecidableEq ι] in theorem ...
note: this linter can be disabled with `set_option linter.unusedSectionVars false`
warning: ././././Bell/ConeCircuits.lean:61:0: automatically included section variable(s) unused in theorem 'Bell.ConeCircuits.weights_isClosed':
  [DecidableEq ι]
consider restructuring your `variable` declarations so that the variables are not in scope or explicitly omit them:
  omit [DecidableEq ι] in theorem ...
note: this linter can be disabled with `set_option linter.unusedSectionVars false`
warning: ././././Bell/ConeCircuits.lean:85:0: automatically included section variable(s) unused in theorem 'Bell.ConeCircuits.balance_sideSum':
  [DecidableEq ι]
consider restructuring your `variable` declarations so that the variables are not in scope or explicitly omit them:
  omit [DecidableEq ι] in theorem ...
note: this linter can be disabled with `set_option linter.unusedSectionVars false`
warning: ././././Bell/ConeCircuits.lean:92:0: automatically included section variable(s) unused in theorem 'Bell.ConeCircuits.mass_sideSum':
  [DecidableEq ι]
consider restructuring your `variable` declarations so that the variables are not in scope or explicitly omit them:
  omit [DecidableEq ι] in theorem ...
note: this linter can be disabled with `set_option linter.unusedSectionVars false`
warning: ././././Bell/ConeCircuits.lean:127:0: automatically included section variable(s) unused in theorem 'Bell.ConeCircuits.extreme_relation_zero':
  [DecidableEq ι]
consider restructuring your `variable` declarations so that the variables are not in scope or explicitly omit them:
  omit [DecidableEq ι] in theorem ...
note: this linter can be disabled with `set_option linter.unusedSectionVars false`
warning: ././././Bell/ConeCircuits.lean:198:0: automatically included section variable(s) unused in theorem 'Bell.ConeCircuits.sideSum_future':
  [DecidableEq ι]
consider restructuring your `variable` declarations so that the variables are not in scope or explicitly omit them:
  omit [DecidableEq ι] in theorem ...
note: this linter can be disabled with `set_option linter.unusedSectionVars false`
warning: ././././Bell/ConeCircuits.lean:207:8: automatically included section variable(s) unused in theorem '_private.Bell.ConeCircuits.0.Bell.ConeCircuits.singleton_side_sum':
  [DecidableEq ι]
consider restructuring your `variable` declarations so that the variables are not in scope or explicitly omit them:
  omit [DecidableEq ι] in theorem ...
note: this linter can be disabled with `set_option linter.unusedSectionVars false`
warning: ././././Bell/ConeCircuits.lean:289:4: Used `tac1 <;> tac2` where `(tac1; tac2)` would suffice
note: this linter can be disabled with `set_option linter.unnecessarySeqFocus false`
⚠ [2854/2887] Replayed Bell.CircuitRealization
warning: ././././Bell/CircuitRealization.lean:28:0: automatically included section variable(s) unused in theorem 'Bell.ConeCircuits.outcomeVector_sum':
  [DecidableEq ι]
consider restructuring your `variable` declarations so that the variables are not in scope or explicitly omit them:
  omit [DecidableEq ι] in theorem ...
note: this linter can be disabled with `set_option linter.unusedSectionVars false`
⚠ [2857/2887] Replayed Bell.ExtremeMeasurement
warning: ././././Bell/ExtremeMeasurement.lean:95:22: Used `tac1 <;> tac2` where `(tac1; tac2)` would suffice
note: this linter can be disabled with `set_option linter.unnecessarySeqFocus false`
warning: ././././Bell/ExtremeMeasurement.lean:99:22: Used `tac1 <;> tac2` where `(tac1; tac2)` would suffice
note: this linter can be disabled with `set_option linter.unnecessarySeqFocus false`
warning: ././././Bell/ExtremeMeasurement.lean:161:27: Used `tac1 <;> tac2` where `(tac1; tac2)` would suffice
note: this linter can be disabled with `set_option linter.unnecessarySeqFocus false`
warning: ././././Bell/ExtremeMeasurement.lean:161:44: Used `tac1 <;> tac2` where `(tac1; tac2)` would suffice
note: this linter can be disabled with `set_option linter.unnecessarySeqFocus false`
warning: ././././Bell/ExtremeMeasurement.lean:170:27: Used `tac1 <;> tac2` where `(tac1; tac2)` would suffice
note: this linter can be disabled with `set_option linter.unnecessarySeqFocus false`
warning: ././././Bell/ExtremeMeasurement.lean:170:44: Used `tac1 <;> tac2` where `(tac1; tac2)` would suffice
note: this linter can be disabled with `set_option linter.unnecessarySeqFocus false`
⚠ [2862/2887] Replayed Bell.RankZeroSimulation
warning: ././././Bell/RankZeroSimulation.lean:99:34: unused variable `h`
note: this linter can be disabled with `set_option linter.unusedVariables false`
⚠ [2865/2887] Replayed Bell.CommonSpanFiltering
warning: ././././Bell/CommonSpanFiltering.lean:52:28: unused variable `hH`
note: this linter can be disabled with `set_option linter.unusedVariables false`
⚠ [2868/2887] Replayed Bell.SmallOutputEncoding
warning: ././././Bell/SmallOutputEncoding.lean:77:40: unused variable `hc`
note: this linter can be disabled with `set_option linter.unusedVariables false`
⚠ [2878/2887] Replayed Bell.ResidualEncoding
warning: ././././Bell/ResidualEncoding.lean:70:55: Used `tac1 <;> tac2` where `(tac1; tac2)` would suffice
note: this linter can be disabled with `set_option linter.unnecessarySeqFocus false`
warning: ././././Bell/ResidualEncoding.lean:224:99: Used `tac1 <;> tac2` where `(tac1; tac2)` would suffice
note: this linter can be disabled with `set_option linter.unnecessarySeqFocus false`
⚠ [2885/2887] Replayed Bell.StrengthenedWitness
warning: ././././Bell/StrengthenedWitness.lean:42:2: Used `tac1 <;> tac2` where `(tac1; tac2)` would suffice
note: this linter can be disabled with `set_option linter.unnecessarySeqFocus false`
warning: ././././Bell/StrengthenedWitness.lean:47:2: Used `tac1 <;> tac2` where `(tac1; tac2)` would suffice
note: this linter can be disabled with `set_option linter.unnecessarySeqFocus false`
warning: ././././Bell/StrengthenedWitness.lean:54:6: Used `tac1 <;> tac2` where `(tac1; tac2)` would suffice
note: this linter can be disabled with `set_option linter.unnecessarySeqFocus false`
warning: ././././Bell/StrengthenedWitness.lean:114:43: this tactic is never executed
note: this linter can be disabled with `set_option linter.unreachableTactic false`
warning: ././././Bell/StrengthenedWitness.lean:114:43: 'ring' tactic does nothing
note: this linter can be disabled with `set_option linter.unusedTactic false`
warning: ././././Bell/StrengthenedWitness.lean:178:2: Used `tac1 <;> tac2` where `(tac1; tac2)` would suffice
note: this linter can be disabled with `set_option linter.unnecessarySeqFocus false`
✔ [2887/2887] Built Bell.FiniteLabels
Build completed successfully.
$ lake build Bell.StochasticProcessing
⚠ [2824/2842] Replayed Bell.Lorentz
warning: ././././Bell/Lorentz.lean:63:71: this tactic is never executed
note: this linter can be disabled with `set_option linter.unreachableTactic false`
warning: ././././Bell/Lorentz.lean:63:71: 'ring' tactic does nothing
note: this linter can be disabled with `set_option linter.unusedTactic false`
warning: ././././Bell/Lorentz.lean:114:2: Used `tac1 <;> tac2` where `(tac1; tac2)` would suffice
note: this linter can be disabled with `set_option linter.unnecessarySeqFocus false`
warning: ././././Bell/Lorentz.lean:118:62: Used `tac1 <;> tac2` where `(tac1; tac2)` would suffice
note: this linter can be disabled with `set_option linter.unnecessarySeqFocus false`
warning: ././././Bell/Lorentz.lean:146:2: Used `tac1 <;> tac2` where `(tac1; tac2)` would suffice
note: this linter can be disabled with `set_option linter.unnecessarySeqFocus false`
warning: ././././Bell/Lorentz.lean:212:47: this tactic is never executed
note: this linter can be disabled with `set_option linter.unreachableTactic false`
warning: ././././Bell/Lorentz.lean:212:47: 'ring' tactic does nothing
note: this linter can be disabled with `set_option linter.unusedTactic false`
warning: ././././Bell/Lorentz.lean:218:2: Used `tac1 <;> tac2` where `(tac1; tac2)` would suffice
note: this linter can be disabled with `set_option linter.unnecessarySeqFocus false`
warning: ././././Bell/Lorentz.lean:223:2: Used `tac1 <;> tac2` where `(tac1; tac2)` would suffice
note: this linter can be disabled with `set_option linter.unnecessarySeqFocus false`
⚠ [2830/2842] Replayed Bell.MeasurementGeometry
warning: ././././Bell/MeasurementGeometry.lean:123:52: unused variable `hA`
note: this linter can be disabled with `set_option linter.unusedVariables false`
warning: ././././Bell/MeasurementGeometry.lean:124:5: unused variable `hB`
note: this linter can be disabled with `set_option linter.unusedVariables false`
⚠ [2831/2842] Replayed Bell.ClassicalProduct
warning: ././././Bell/ClassicalProduct.lean:27:0: automatically included section variable(s) unused in theorem 'Bell.ClassicalProduct.total_mass':
  [(x : X) → DecidableEq (O x)]
consider restructuring your `variable` declarations so that the variables are not in scope or explicitly omit them:
  omit [(x : X) → DecidableEq (O x)] in theorem ...
note: this linter can be disabled with `set_option linter.unusedSectionVars false`
warning: ././././Bell/ClassicalProduct.lean:42:0: automatically included section variable(s) unused in theorem 'Bell.ClassicalProduct.pin_mass':
  [(x : X) → Fintype (O x)]
consider restructuring your `variable` declarations so that the variables are not in scope or explicitly omit them:
  omit [(x : X) → Fintype (O x)] in theorem ...
note: this linter can be disabled with `set_option linter.unusedSectionVars false`
warning: ././././Bell/ClassicalProduct.lean:89:0: automatically included section variable(s) unused in theorem 'Bell.ClassicalProduct.conditional_normalized':
  [Fintype X]
  [DecidableEq X]
  [(x : X) → DecidableEq (O x)]
  [Fintype B]
  [DecidableEq B]
consider restructuring your `variable` declarations so that the variables are not in scope or explicitly omit them:
  omit [Fintype X] [DecidableEq X] [(x : X) → DecidableEq (O x)] [Fintype B] [DecidableEq B] in theorem ...
note: this linter can be disabled with `set_option linter.unusedSectionVars false`
warning: ././././Bell/ClassicalProduct.lean:95:0: automatically included section variable(s) unused in theorem 'Bell.ClassicalProduct.weight_nonnegative':
  [DecidableEq X]
  [(x : X) → Fintype (O x)]
  [(x : X) → DecidableEq (O x)]
  [Fintype B]
  [DecidableEq B]
consider restructuring your `variable` declarations so that the variables are not in scope or explicitly omit them:
  omit [DecidableEq
  X] [(x : X) → Fintype (O x)] [(x : X) → DecidableEq (O x)] [Fintype B] [DecidableEq B] in theorem ...
note: this linter can be disabled with `set_option linter.unusedSectionVars false`
warning: ././././Bell/ClassicalProduct.lean:119:0: automatically included section variable(s) unused in theorem 'Bell.ClassicalProduct.entry_zero_of_marginal_zero':
  [Fintype X]
  [DecidableEq X]
  [(x : X) → DecidableEq (O x)]
  [Fintype B]
  [DecidableEq B]
consider restructuring your `variable` declarations so that the variables are not in scope or explicitly omit them:
  omit [Fintype X] [DecidableEq X] [(x : X) → DecidableEq (O x)] [Fintype B] [DecidableEq B] in theorem ...
note: this linter can be disabled with `set_option linter.unusedSectionVars false`
⚠ [2833/2842] Replayed Bell.Witness
warning: ././././Bell/Witness.lean:137:2: Used `tac1 <;> tac2` where `(tac1; tac2)` would suffice
note: this linter can be disabled with `set_option linter.unnecessarySeqFocus false`
warning: ././././Bell/Witness.lean:224:2: Used `tac1 <;> tac2` where `(tac1; tac2)` would suffice
note: this linter can be disabled with `set_option linter.unnecessarySeqFocus false`
warning: ././././Bell/Witness.lean:224:14: Used `tac1 <;> tac2` where `(tac1; tac2)` would suffice
note: this linter can be disabled with `set_option linter.unnecessarySeqFocus false`
⚠ [2834/2842] Replayed Bell.Transportation
warning: ././././Bell/Transportation.lean:75:28: Used `tac1 <;> tac2` where `(tac1; tac2)` would suffice
note: this linter can be disabled with `set_option linter.unnecessarySeqFocus false`
✔ [2848/2848] Built Bell.StochasticProcessing
Build completed successfully.
$ lake build Bell.FiniteStochastic
⚠ [2825/2889] Replayed Bell.Lorentz
warning: ././././Bell/Lorentz.lean:63:71: this tactic is never executed
note: this linter can be disabled with `set_option linter.unreachableTactic false`
warning: ././././Bell/Lorentz.lean:63:71: 'ring' tactic does nothing
note: this linter can be disabled with `set_option linter.unusedTactic false`
warning: ././././Bell/Lorentz.lean:114:2: Used `tac1 <;> tac2` where `(tac1; tac2)` would suffice
note: this linter can be disabled with `set_option linter.unnecessarySeqFocus false`
warning: ././././Bell/Lorentz.lean:118:62: Used `tac1 <;> tac2` where `(tac1; tac2)` would suffice
note: this linter can be disabled with `set_option linter.unnecessarySeqFocus false`
warning: ././././Bell/Lorentz.lean:146:2: Used `tac1 <;> tac2` where `(tac1; tac2)` would suffice
note: this linter can be disabled with `set_option linter.unnecessarySeqFocus false`
warning: ././././Bell/Lorentz.lean:212:47: this tactic is never executed
note: this linter can be disabled with `set_option linter.unreachableTactic false`
warning: ././././Bell/Lorentz.lean:212:47: 'ring' tactic does nothing
note: this linter can be disabled with `set_option linter.unusedTactic false`
warning: ././././Bell/Lorentz.lean:218:2: Used `tac1 <;> tac2` where `(tac1; tac2)` would suffice
note: this linter can be disabled with `set_option linter.unnecessarySeqFocus false`
warning: ././././Bell/Lorentz.lean:223:2: Used `tac1 <;> tac2` where `(tac1; tac2)` would suffice
note: this linter can be disabled with `set_option linter.unnecessarySeqFocus false`
⚠ [2831/2889] Replayed Bell.MeasurementGeometry
warning: ././././Bell/MeasurementGeometry.lean:123:52: unused variable `hA`
note: this linter can be disabled with `set_option linter.unusedVariables false`
warning: ././././Bell/MeasurementGeometry.lean:124:5: unused variable `hB`
note: this linter can be disabled with `set_option linter.unusedVariables false`
⚠ [2832/2889] Replayed Bell.ClassicalProduct
warning: ././././Bell/ClassicalProduct.lean:27:0: automatically included section variable(s) unused in theorem 'Bell.ClassicalProduct.total_mass':
  [(x : X) → DecidableEq (O x)]
consider restructuring your `variable` declarations so that the variables are not in scope or explicitly omit them:
  omit [(x : X) → DecidableEq (O x)] in theorem ...
note: this linter can be disabled with `set_option linter.unusedSectionVars false`
warning: ././././Bell/ClassicalProduct.lean:42:0: automatically included section variable(s) unused in theorem 'Bell.ClassicalProduct.pin_mass':
  [(x : X) → Fintype (O x)]
consider restructuring your `variable` declarations so that the variables are not in scope or explicitly omit them:
  omit [(x : X) → Fintype (O x)] in theorem ...
note: this linter can be disabled with `set_option linter.unusedSectionVars false`
warning: ././././Bell/ClassicalProduct.lean:89:0: automatically included section variable(s) unused in theorem 'Bell.ClassicalProduct.conditional_normalized':
  [Fintype X]
  [DecidableEq X]
  [(x : X) → DecidableEq (O x)]
  [Fintype B]
  [DecidableEq B]
consider restructuring your `variable` declarations so that the variables are not in scope or explicitly omit them:
  omit [Fintype X] [DecidableEq X] [(x : X) → DecidableEq (O x)] [Fintype B] [DecidableEq B] in theorem ...
note: this linter can be disabled with `set_option linter.unusedSectionVars false`
warning: ././././Bell/ClassicalProduct.lean:95:0: automatically included section variable(s) unused in theorem 'Bell.ClassicalProduct.weight_nonnegative':
  [DecidableEq X]
  [(x : X) → Fintype (O x)]
  [(x : X) → DecidableEq (O x)]
  [Fintype B]
  [DecidableEq B]
consider restructuring your `variable` declarations so that the variables are not in scope or explicitly omit them:
  omit [DecidableEq
  X] [(x : X) → Fintype (O x)] [(x : X) → DecidableEq (O x)] [Fintype B] [DecidableEq B] in theorem ...
note: this linter can be disabled with `set_option linter.unusedSectionVars false`
warning: ././././Bell/ClassicalProduct.lean:119:0: automatically included section variable(s) unused in theorem 'Bell.ClassicalProduct.entry_zero_of_marginal_zero':
  [Fintype X]
  [DecidableEq X]
  [(x : X) → DecidableEq (O x)]
  [Fintype B]
  [DecidableEq B]
consider restructuring your `variable` declarations so that the variables are not in scope or explicitly omit them:
  omit [Fintype X] [DecidableEq X] [(x : X) → DecidableEq (O x)] [Fintype B] [DecidableEq B] in theorem ...
note: this linter can be disabled with `set_option linter.unusedSectionVars false`
⚠ [2834/2889] Replayed Bell.Witness
warning: ././././Bell/Witness.lean:137:2: Used `tac1 <;> tac2` where `(tac1; tac2)` would suffice
note: this linter can be disabled with `set_option linter.unnecessarySeqFocus false`
warning: ././././Bell/Witness.lean:224:2: Used `tac1 <;> tac2` where `(tac1; tac2)` would suffice
note: this linter can be disabled with `set_option linter.unnecessarySeqFocus false`
warning: ././././Bell/Witness.lean:224:14: Used `tac1 <;> tac2` where `(tac1; tac2)` would suffice
note: this linter can be disabled with `set_option linter.unnecessarySeqFocus false`
⚠ [2835/2889] Replayed Bell.Transportation
warning: ././././Bell/Transportation.lean:75:28: Used `tac1 <;> tac2` where `(tac1; tac2)` would suffice
note: this linter can be disabled with `set_option linter.unnecessarySeqFocus false`
⚠ [2850/2889] Replayed Bell.Targets
warning: ././././Bell/Targets.lean:26:2: Used `tac1 <;> tac2` where `(tac1; tac2)` would suffice
note: this linter can be disabled with `set_option linter.unnecessarySeqFocus false`
warning: ././././Bell/Targets.lean:27:2: Used `tac1 <;> tac2` where `(tac1; tac2)` would suffice
note: this linter can be disabled with `set_option linter.unnecessarySeqFocus false`
warning: ././././Bell/Targets.lean:28:2: Used `tac1 <;> tac2` where `(tac1; tac2)` would suffice
note: this linter can be disabled with `set_option linter.unnecessarySeqFocus false`
warning: ././././Bell/Targets.lean:34:2: Used `tac1 <;> tac2` where `(tac1; tac2)` would suffice
note: this linter can be disabled with `set_option linter.unnecessarySeqFocus false`
warning: ././././Bell/Targets.lean:35:2: Used `tac1 <;> tac2` where `(tac1; tac2)` would suffice
note: this linter can be disabled with `set_option linter.unnecessarySeqFocus false`
warning: ././././Bell/Targets.lean:36:2: Used `tac1 <;> tac2` where `(tac1; tac2)` would suffice
note: this linter can be disabled with `set_option linter.unnecessarySeqFocus false`
⚠ [2853/2889] Replayed Bell.ConeCircuits
warning: ././././Bell/ConeCircuits.lean:55:0: automatically included section variable(s) unused in theorem 'Bell.ConeCircuits.weights_convex':
  [DecidableEq ι]
consider restructuring your `variable` declarations so that the variables are not in scope or explicitly omit them:
  omit [DecidableEq ι] in theorem ...
note: this linter can be disabled with `set_option linter.unusedSectionVars false`
warning: ././././Bell/ConeCircuits.lean:61:0: automatically included section variable(s) unused in theorem 'Bell.ConeCircuits.weights_isClosed':
  [DecidableEq ι]
consider restructuring your `variable` declarations so that the variables are not in scope or explicitly omit them:
  omit [DecidableEq ι] in theorem ...
note: this linter can be disabled with `set_option linter.unusedSectionVars false`
warning: ././././Bell/ConeCircuits.lean:85:0: automatically included section variable(s) unused in theorem 'Bell.ConeCircuits.balance_sideSum':
  [DecidableEq ι]
consider restructuring your `variable` declarations so that the variables are not in scope or explicitly omit them:
  omit [DecidableEq ι] in theorem ...
note: this linter can be disabled with `set_option linter.unusedSectionVars false`
warning: ././././Bell/ConeCircuits.lean:92:0: automatically included section variable(s) unused in theorem 'Bell.ConeCircuits.mass_sideSum':
  [DecidableEq ι]
consider restructuring your `variable` declarations so that the variables are not in scope or explicitly omit them:
  omit [DecidableEq ι] in theorem ...
note: this linter can be disabled with `set_option linter.unusedSectionVars false`
warning: ././././Bell/ConeCircuits.lean:127:0: automatically included section variable(s) unused in theorem 'Bell.ConeCircuits.extreme_relation_zero':
  [DecidableEq ι]
consider restructuring your `variable` declarations so that the variables are not in scope or explicitly omit them:
  omit [DecidableEq ι] in theorem ...
note: this linter can be disabled with `set_option linter.unusedSectionVars false`
warning: ././././Bell/ConeCircuits.lean:198:0: automatically included section variable(s) unused in theorem 'Bell.ConeCircuits.sideSum_future':
  [DecidableEq ι]
consider restructuring your `variable` declarations so that the variables are not in scope or explicitly omit them:
  omit [DecidableEq ι] in theorem ...
note: this linter can be disabled with `set_option linter.unusedSectionVars false`
warning: ././././Bell/ConeCircuits.lean:207:8: automatically included section variable(s) unused in theorem '_private.Bell.ConeCircuits.0.Bell.ConeCircuits.singleton_side_sum':
  [DecidableEq ι]
consider restructuring your `variable` declarations so that the variables are not in scope or explicitly omit them:
  omit [DecidableEq ι] in theorem ...
note: this linter can be disabled with `set_option linter.unusedSectionVars false`
warning: ././././Bell/ConeCircuits.lean:289:4: Used `tac1 <;> tac2` where `(tac1; tac2)` would suffice
note: this linter can be disabled with `set_option linter.unnecessarySeqFocus false`
⚠ [2854/2889] Replayed Bell.CircuitRealization
warning: ././././Bell/CircuitRealization.lean:28:0: automatically included section variable(s) unused in theorem 'Bell.ConeCircuits.outcomeVector_sum':
  [DecidableEq ι]
consider restructuring your `variable` declarations so that the variables are not in scope or explicitly omit them:
  omit [DecidableEq ι] in theorem ...
note: this linter can be disabled with `set_option linter.unusedSectionVars false`
⚠ [2857/2889] Replayed Bell.ExtremeMeasurement
warning: ././././Bell/ExtremeMeasurement.lean:95:22: Used `tac1 <;> tac2` where `(tac1; tac2)` would suffice
note: this linter can be disabled with `set_option linter.unnecessarySeqFocus false`
warning: ././././Bell/ExtremeMeasurement.lean:99:22: Used `tac1 <;> tac2` where `(tac1; tac2)` would suffice
note: this linter can be disabled with `set_option linter.unnecessarySeqFocus false`
warning: ././././Bell/ExtremeMeasurement.lean:161:27: Used `tac1 <;> tac2` where `(tac1; tac2)` would suffice
note: this linter can be disabled with `set_option linter.unnecessarySeqFocus false`
warning: ././././Bell/ExtremeMeasurement.lean:161:44: Used `tac1 <;> tac2` where `(tac1; tac2)` would suffice
note: this linter can be disabled with `set_option linter.unnecessarySeqFocus false`
warning: ././././Bell/ExtremeMeasurement.lean:170:27: Used `tac1 <;> tac2` where `(tac1; tac2)` would suffice
note: this linter can be disabled with `set_option linter.unnecessarySeqFocus false`
warning: ././././Bell/ExtremeMeasurement.lean:170:44: Used `tac1 <;> tac2` where `(tac1; tac2)` would suffice
note: this linter can be disabled with `set_option linter.unnecessarySeqFocus false`
⚠ [2862/2889] Replayed Bell.RankZeroSimulation
warning: ././././Bell/RankZeroSimulation.lean:99:34: unused variable `h`
note: this linter can be disabled with `set_option linter.unusedVariables false`
⚠ [2865/2889] Replayed Bell.CommonSpanFiltering
warning: ././././Bell/CommonSpanFiltering.lean:52:28: unused variable `hH`
note: this linter can be disabled with `set_option linter.unusedVariables false`
⚠ [2868/2889] Replayed Bell.SmallOutputEncoding
warning: ././././Bell/SmallOutputEncoding.lean:77:40: unused variable `hc`
note: this linter can be disabled with `set_option linter.unusedVariables false`
⚠ [2878/2889] Replayed Bell.ResidualEncoding
warning: ././././Bell/ResidualEncoding.lean:70:55: Used `tac1 <;> tac2` where `(tac1; tac2)` would suffice
note: this linter can be disabled with `set_option linter.unnecessarySeqFocus false`
warning: ././././Bell/ResidualEncoding.lean:224:99: Used `tac1 <;> tac2` where `(tac1; tac2)` would suffice
note: this linter can be disabled with `set_option linter.unnecessarySeqFocus false`
⚠ [2885/2889] Replayed Bell.StrengthenedWitness
warning: ././././Bell/StrengthenedWitness.lean:42:2: Used `tac1 <;> tac2` where `(tac1; tac2)` would suffice
note: this linter can be disabled with `set_option linter.unnecessarySeqFocus false`
warning: ././././Bell/StrengthenedWitness.lean:47:2: Used `tac1 <;> tac2` where `(tac1; tac2)` would suffice
note: this linter can be disabled with `set_option linter.unnecessarySeqFocus false`
warning: ././././Bell/StrengthenedWitness.lean:54:6: Used `tac1 <;> tac2` where `(tac1; tac2)` would suffice
note: this linter can be disabled with `set_option linter.unnecessarySeqFocus false`
warning: ././././Bell/StrengthenedWitness.lean:114:43: this tactic is never executed
note: this linter can be disabled with `set_option linter.unreachableTactic false`
warning: ././././Bell/StrengthenedWitness.lean:114:43: 'ring' tactic does nothing
note: this linter can be disabled with `set_option linter.unusedTactic false`
warning: ././././Bell/StrengthenedWitness.lean:178:2: Used `tac1 <;> tac2` where `(tac1; tac2)` would suffice
note: this linter can be disabled with `set_option linter.unnecessarySeqFocus false`
✔ [2889/2889] Built Bell.FiniteStochastic
Build completed successfully.
$ lake build Bell.HilbertCoordinates
⚠ [2824/2824] Built Bell.HilbertCoordinates
warning: ././././Bell/HilbertCoordinates.lean:20:8: automatically included section variable(s) unused in theorem 'Bell.Hilbert.basisInner_zero_left':
  [DecidableEq ι]
consider restructuring your `variable` declarations so that the variables are not in scope or explicitly omit them:
  omit [DecidableEq ι] in theorem ...
note: this linter can be disabled with `set_option linter.unusedSectionVars false`
warning: ././././Bell/HilbertCoordinates.lean:22:8: automatically included section variable(s) unused in theorem 'Bell.Hilbert.basisInner_zero_right':
  [DecidableEq ι]
consider restructuring your `variable` declarations so that the variables are not in scope or explicitly omit them:
  omit [DecidableEq ι] in theorem ...
note: this linter can be disabled with `set_option linter.unusedSectionVars false`
warning: ././././Bell/HilbertCoordinates.lean:24:8: automatically included section variable(s) unused in theorem 'Bell.Hilbert.basisInner_add_left':
  [DecidableEq ι]
consider restructuring your `variable` declarations so that the variables are not in scope or explicitly omit them:
  omit [DecidableEq ι] in theorem ...
note: this linter can be disabled with `set_option linter.unusedSectionVars false`
warning: ././././Bell/HilbertCoordinates.lean:27:8: automatically included section variable(s) unused in theorem 'Bell.Hilbert.basisInner_add_right':
  [DecidableEq ι]
consider restructuring your `variable` declarations so that the variables are not in scope or explicitly omit them:
  omit [DecidableEq ι] in theorem ...
note: this linter can be disabled with `set_option linter.unusedSectionVars false`
warning: ././././Bell/HilbertCoordinates.lean:65:0: automatically included section variable(s) unused in theorem 'Bell.Hilbert.basisInner_self_nonneg':
  [DecidableEq ι]
consider restructuring your `variable` declarations so that the variables are not in scope or explicitly omit them:
  omit [DecidableEq ι] in theorem ...
note: this linter can be disabled with `set_option linter.unusedSectionVars false`
warning: ././././Bell/HilbertCoordinates.lean:68:0: automatically included section variable(s) unused in theorem 'Bell.Hilbert.basisInner_self_eq_zero_iff':
  [DecidableEq ι]
consider restructuring your `variable` declarations so that the variables are not in scope or explicitly omit them:
  omit [DecidableEq ι] in theorem ...
note: this linter can be disabled with `set_option linter.unusedSectionVars false`
warning: ././././Bell/HilbertCoordinates.lean:73:8: automatically included section variable(s) unused in theorem 'Bell.Hilbert.basisInner_smul_left':
  [DecidableEq ι]
consider restructuring your `variable` declarations so that the variables are not in scope or explicitly omit them:
  omit [DecidableEq ι] in theorem ...
note: this linter can be disabled with `set_option linter.unusedSectionVars false`
warning: ././././Bell/HilbertCoordinates.lean:76:8: automatically included section variable(s) unused in theorem 'Bell.Hilbert.basisInner_smul_right':
  [DecidableEq ι]
consider restructuring your `variable` declarations so that the variables are not in scope or explicitly omit them:
  omit [DecidableEq ι] in theorem ...
note: this linter can be disabled with `set_option linter.unusedSectionVars false`
warning: ././././Bell/HilbertCoordinates.lean:80:0: automatically included section variable(s) unused in theorem 'Bell.Hilbert.basisInner_conj_symm':
  [DecidableEq ι]
consider restructuring your `variable` declarations so that the variables are not in scope or explicitly omit them:
  omit [DecidableEq ι] in theorem ...
note: this linter can be disabled with `set_option linter.unusedSectionVars false`
warning: ././././Bell/HilbertCoordinates.lean:88:0: automatically included section variable(s) unused in theorem 'Bell.Hilbert.orthonormal_basisInner':
  [DecidableEq ι]
consider restructuring your `variable` declarations so that the variables are not in scope or explicitly omit them:
  omit [DecidableEq ι] in theorem ...
note: this linter can be disabled with `set_option linter.unusedSectionVars false`
Build completed successfully.
$ lake build Bell.IsometricCompression
⚠ [2823/2823] Built Bell.IsometricCompression
warning: ././././Bell/IsometricCompression.lean:19:1: automatically included section variable(s) unused in theorem 'Bell.IsometricCompression.embed_positive':
  [DecidableEq m]
  [DecidableEq n]
consider restructuring your `variable` declarations so that the variables are not in scope or explicitly omit them:
  omit [DecidableEq m] [DecidableEq n] in theorem ...
note: this linter can be disabled with `set_option linter.unusedSectionVars false`
warning: ././././Bell/IsometricCompression.lean:23:0: automatically included section variable(s) unused in theorem 'Bell.IsometricCompression.embed_trace':
  [DecidableEq m]
consider restructuring your `variable` declarations so that the variables are not in scope or explicitly omit them:
  omit [DecidableEq m] in theorem ...
note: this linter can be disabled with `set_option linter.unusedSectionVars false`
warning: ././././Bell/IsometricCompression.lean:28:0: automatically included section variable(s) unused in theorem 'Bell.IsometricCompression.embed_mul':
  [DecidableEq m]
consider restructuring your `variable` declarations so that the variables are not in scope or explicitly omit them:
  omit [DecidableEq m] in theorem ...
note: this linter can be disabled with `set_option linter.unusedSectionVars false`
warning: ././././Bell/IsometricCompression.lean:36:0: automatically included section variable(s) unused in theorem 'Bell.IsometricCompression.support_idempotent':
  [DecidableEq m]
consider restructuring your `variable` declarations so that the variables are not in scope or explicitly omit them:
  omit [DecidableEq m] in theorem ...
note: this linter can be disabled with `set_option linter.unusedSectionVars false`
warning: ././././Bell/IsometricCompression.lean:42:1: automatically included section variable(s) unused in theorem 'Bell.IsometricCompression.complement_hermitian':
  [Fintype m]
  [DecidableEq n]
consider restructuring your `variable` declarations so that the variables are not in scope or explicitly omit them:
  omit [Fintype m] [DecidableEq n] in theorem ...
note: this linter can be disabled with `set_option linter.unusedSectionVars false`
warning: ././././Bell/IsometricCompression.lean:76:1: automatically included section variable(s) unused in theorem 'Bell.IsometricCompression.embed_zero':
  [Fintype m]
  [DecidableEq m]
  [DecidableEq n]
consider restructuring your `variable` declarations so that the variables are not in scope or explicitly omit them:
  omit [Fintype m] [DecidableEq m] [DecidableEq n] in theorem ...
note: this linter can be disabled with `set_option linter.unusedSectionVars false`
warning: ././././Bell/IsometricCompression.lean:78:1: automatically included section variable(s) unused in theorem 'Bell.IsometricCompression.embed_one_add_complement':
  [Fintype m]
consider restructuring your `variable` declarations so that the variables are not in scope or explicitly omit them:
  omit [Fintype m] in theorem ...
note: this linter can be disabled with `set_option linter.unusedSectionVars false`
warning: ././././Bell/IsometricCompression.lean:87:0: automatically included section variable(s) unused in theorem 'Bell.IsometricCompression.paddedEffect_positive':
  [Fintype α]
consider restructuring your `variable` declarations so that the variables are not in scope or explicitly omit them:
  omit [Fintype α] in theorem ...
note: this linter can be disabled with `set_option linter.unusedSectionVars false`
warning: ././././Bell/IsometricCompression.lean:103:0: automatically included section variable(s) unused in theorem 'Bell.IsometricCompression.paddedEffect_idempotent':
  [Fintype α]
consider restructuring your `variable` declarations so that the variables are not in scope or explicitly omit them:
  omit [Fintype α] in theorem ...
note: this linter can be disabled with `set_option linter.unusedSectionVars false`
warning: ././././Bell/IsometricCompression.lean:114:0: automatically included section variable(s) unused in theorem 'Bell.IsometricCompression.paddedEffect_orthogonal':
  [Fintype α]
consider restructuring your `variable` declarations so that the variables are not in scope or explicitly omit them:
  omit [Fintype α] in theorem ...
note: this linter can be disabled with `set_option linter.unusedSectionVars false`
warning: ././././Bell/IsometricCompression.lean:127:0: automatically included section variable(s) unused in theorem 'Bell.IsometricCompression.compress_paddedEffect':
  [Fintype α]
consider restructuring your `variable` declarations so that the variables are not in scope or explicitly omit them:
  omit [Fintype α] in theorem ...
note: this linter can be disabled with `set_option linter.unusedSectionVars false`
warning: ././././Bell/IsometricCompression.lean:147:0: automatically included section variable(s) unused in theorem 'Bell.IsometricCompression.kronecker_conjTranspose':
  [Fintype m]
  [Fintype n]
  [Fintype p]
  [Fintype q]
  [DecidableEq m]
  [DecidableEq n]
  [DecidableEq p]
  [DecidableEq q]
consider restructuring your `variable` declarations so that the variables are not in scope or explicitly omit them:
  omit [Fintype
  m] [Fintype n] [Fintype p] [Fintype q] [DecidableEq m] [DecidableEq n] [DecidableEq p] [DecidableEq q] in theorem ...
note: this linter can be disabled with `set_option linter.unusedSectionVars false`
warning: ././././Bell/IsometricCompression.lean:164:0: automatically included section variable(s) unused in theorem 'Bell.IsometricCompression.trace_embed_pairing':
  [DecidableEq m]
  [DecidableEq n]
consider restructuring your `variable` declarations so that the variables are not in scope or explicitly omit them:
  omit [DecidableEq m] [DecidableEq n] in theorem ...
note: this linter can be disabled with `set_option linter.unusedSectionVars false`
Build completed successfully.
$ lake build Bell.HilbertIsometry
⚠ [2823/2824] Replayed Bell.IsometricCompression
warning: ././././Bell/IsometricCompression.lean:19:1: automatically included section variable(s) unused in theorem 'Bell.IsometricCompression.embed_positive':
  [DecidableEq m]
  [DecidableEq n]
consider restructuring your `variable` declarations so that the variables are not in scope or explicitly omit them:
  omit [DecidableEq m] [DecidableEq n] in theorem ...
note: this linter can be disabled with `set_option linter.unusedSectionVars false`
warning: ././././Bell/IsometricCompression.lean:23:0: automatically included section variable(s) unused in theorem 'Bell.IsometricCompression.embed_trace':
  [DecidableEq m]
consider restructuring your `variable` declarations so that the variables are not in scope or explicitly omit them:
  omit [DecidableEq m] in theorem ...
note: this linter can be disabled with `set_option linter.unusedSectionVars false`
warning: ././././Bell/IsometricCompression.lean:28:0: automatically included section variable(s) unused in theorem 'Bell.IsometricCompression.embed_mul':
  [DecidableEq m]
consider restructuring your `variable` declarations so that the variables are not in scope or explicitly omit them:
  omit [DecidableEq m] in theorem ...
note: this linter can be disabled with `set_option linter.unusedSectionVars false`
warning: ././././Bell/IsometricCompression.lean:36:0: automatically included section variable(s) unused in theorem 'Bell.IsometricCompression.support_idempotent':
  [DecidableEq m]
consider restructuring your `variable` declarations so that the variables are not in scope or explicitly omit them:
  omit [DecidableEq m] in theorem ...
note: this linter can be disabled with `set_option linter.unusedSectionVars false`
warning: ././././Bell/IsometricCompression.lean:42:1: automatically included section variable(s) unused in theorem 'Bell.IsometricCompression.complement_hermitian':
  [Fintype m]
  [DecidableEq n]
consider restructuring your `variable` declarations so that the variables are not in scope or explicitly omit them:
  omit [Fintype m] [DecidableEq n] in theorem ...
note: this linter can be disabled with `set_option linter.unusedSectionVars false`
warning: ././././Bell/IsometricCompression.lean:76:1: automatically included section variable(s) unused in theorem 'Bell.IsometricCompression.embed_zero':
  [Fintype m]
  [DecidableEq m]
  [DecidableEq n]
consider restructuring your `variable` declarations so that the variables are not in scope or explicitly omit them:
  omit [Fintype m] [DecidableEq m] [DecidableEq n] in theorem ...
note: this linter can be disabled with `set_option linter.unusedSectionVars false`
warning: ././././Bell/IsometricCompression.lean:78:1: automatically included section variable(s) unused in theorem 'Bell.IsometricCompression.embed_one_add_complement':
  [Fintype m]
consider restructuring your `variable` declarations so that the variables are not in scope or explicitly omit them:
  omit [Fintype m] in theorem ...
note: this linter can be disabled with `set_option linter.unusedSectionVars false`
warning: ././././Bell/IsometricCompression.lean:87:0: automatically included section variable(s) unused in theorem 'Bell.IsometricCompression.paddedEffect_positive':
  [Fintype α]
consider restructuring your `variable` declarations so that the variables are not in scope or explicitly omit them:
  omit [Fintype α] in theorem ...
note: this linter can be disabled with `set_option linter.unusedSectionVars false`
warning: ././././Bell/IsometricCompression.lean:103:0: automatically included section variable(s) unused in theorem 'Bell.IsometricCompression.paddedEffect_idempotent':
  [Fintype α]
consider restructuring your `variable` declarations so that the variables are not in scope or explicitly omit them:
  omit [Fintype α] in theorem ...
note: this linter can be disabled with `set_option linter.unusedSectionVars false`
warning: ././././Bell/IsometricCompression.lean:114:0: automatically included section variable(s) unused in theorem 'Bell.IsometricCompression.paddedEffect_orthogonal':
  [Fintype α]
consider restructuring your `variable` declarations so that the variables are not in scope or explicitly omit them:
  omit [Fintype α] in theorem ...
note: this linter can be disabled with `set_option linter.unusedSectionVars false`
warning: ././././Bell/IsometricCompression.lean:127:0: automatically included section variable(s) unused in theorem 'Bell.IsometricCompression.compress_paddedEffect':
  [Fintype α]
consider restructuring your `variable` declarations so that the variables are not in scope or explicitly omit them:
  omit [Fintype α] in theorem ...
note: this linter can be disabled with `set_option linter.unusedSectionVars false`
warning: ././././Bell/IsometricCompression.lean:147:0: automatically included section variable(s) unused in theorem 'Bell.IsometricCompression.kronecker_conjTranspose':
  [Fintype m]
  [Fintype n]
  [Fintype p]
  [Fintype q]
  [DecidableEq m]
  [DecidableEq n]
  [DecidableEq p]
  [DecidableEq q]
consider restructuring your `variable` declarations so that the variables are not in scope or explicitly omit them:
  omit [Fintype
  m] [Fintype n] [Fintype p] [Fintype q] [DecidableEq m] [DecidableEq n] [DecidableEq p] [DecidableEq q] in theorem ...
note: this linter can be disabled with `set_option linter.unusedSectionVars false`
warning: ././././Bell/IsometricCompression.lean:164:0: automatically included section variable(s) unused in theorem 'Bell.IsometricCompression.trace_embed_pairing':
  [DecidableEq m]
  [DecidableEq n]
consider restructuring your `variable` declarations so that the variables are not in scope or explicitly omit them:
  omit [DecidableEq m] [DecidableEq n] in theorem ...
note: this linter can be disabled with `set_option linter.unusedSectionVars false`
⚠ [2824/2824] Built Bell.HilbertIsometry
warning: ././././Bell/HilbertIsometry.lean:13:0: automatically included section variable(s) unused in theorem 'Bell.Hilbert.matrix_inner_preservation':
  [DecidableEq m]
consider restructuring your `variable` declarations so that the variables are not in scope or explicitly omit them:
  omit [DecidableEq m] in theorem ...
note: this linter can be disabled with `set_option linter.unusedSectionVars false`
Build completed successfully.
$ lake build Bell.HilbertCorrespondence
⚠ [2824/2827] Replayed Bell.HilbertCoordinates
warning: ././././Bell/HilbertCoordinates.lean:20:8: automatically included section variable(s) unused in theorem 'Bell.Hilbert.basisInner_zero_left':
  [DecidableEq ι]
consider restructuring your `variable` declarations so that the variables are not in scope or explicitly omit them:
  omit [DecidableEq ι] in theorem ...
note: this linter can be disabled with `set_option linter.unusedSectionVars false`
warning: ././././Bell/HilbertCoordinates.lean:22:8: automatically included section variable(s) unused in theorem 'Bell.Hilbert.basisInner_zero_right':
  [DecidableEq ι]
consider restructuring your `variable` declarations so that the variables are not in scope or explicitly omit them:
  omit [DecidableEq ι] in theorem ...
note: this linter can be disabled with `set_option linter.unusedSectionVars false`
warning: ././././Bell/HilbertCoordinates.lean:24:8: automatically included section variable(s) unused in theorem 'Bell.Hilbert.basisInner_add_left':
  [DecidableEq ι]
consider restructuring your `variable` declarations so that the variables are not in scope or explicitly omit them:
  omit [DecidableEq ι] in theorem ...
note: this linter can be disabled with `set_option linter.unusedSectionVars false`
warning: ././././Bell/HilbertCoordinates.lean:27:8: automatically included section variable(s) unused in theorem 'Bell.Hilbert.basisInner_add_right':
  [DecidableEq ι]
consider restructuring your `variable` declarations so that the variables are not in scope or explicitly omit them:
  omit [DecidableEq ι] in theorem ...
note: this linter can be disabled with `set_option linter.unusedSectionVars false`
warning: ././././Bell/HilbertCoordinates.lean:65:0: automatically included section variable(s) unused in theorem 'Bell.Hilbert.basisInner_self_nonneg':
  [DecidableEq ι]
consider restructuring your `variable` declarations so that the variables are not in scope or explicitly omit them:
  omit [DecidableEq ι] in theorem ...
note: this linter can be disabled with `set_option linter.unusedSectionVars false`
warning: ././././Bell/HilbertCoordinates.lean:68:0: automatically included section variable(s) unused in theorem 'Bell.Hilbert.basisInner_self_eq_zero_iff':
  [DecidableEq ι]
consider restructuring your `variable` declarations so that the variables are not in scope or explicitly omit them:
  omit [DecidableEq ι] in theorem ...
note: this linter can be disabled with `set_option linter.unusedSectionVars false`
warning: ././././Bell/HilbertCoordinates.lean:73:8: automatically included section variable(s) unused in theorem 'Bell.Hilbert.basisInner_smul_left':
  [DecidableEq ι]
consider restructuring your `variable` declarations so that the variables are not in scope or explicitly omit them:
  omit [DecidableEq ι] in theorem ...
note: this linter can be disabled with `set_option linter.unusedSectionVars false`
warning: ././././Bell/HilbertCoordinates.lean:76:8: automatically included section variable(s) unused in theorem 'Bell.Hilbert.basisInner_smul_right':
  [DecidableEq ι]
consider restructuring your `variable` declarations so that the variables are not in scope or explicitly omit them:
  omit [DecidableEq ι] in theorem ...
note: this linter can be disabled with `set_option linter.unusedSectionVars false`
warning: ././././Bell/HilbertCoordinates.lean:80:0: automatically included section variable(s) unused in theorem 'Bell.Hilbert.basisInner_conj_symm':
  [DecidableEq ι]
consider restructuring your `variable` declarations so that the variables are not in scope or explicitly omit them:
  omit [DecidableEq ι] in theorem ...
note: this linter can be disabled with `set_option linter.unusedSectionVars false`
warning: ././././Bell/HilbertCoordinates.lean:88:0: automatically included section variable(s) unused in theorem 'Bell.Hilbert.orthonormal_basisInner':
  [DecidableEq ι]
consider restructuring your `variable` declarations so that the variables are not in scope or explicitly omit them:
  omit [DecidableEq ι] in theorem ...
note: this linter can be disabled with `set_option linter.unusedSectionVars false`
⚠ [2825/2827] Replayed Bell.IsometricCompression
warning: ././././Bell/IsometricCompression.lean:19:1: automatically included section variable(s) unused in theorem 'Bell.IsometricCompression.embed_positive':
  [DecidableEq m]
  [DecidableEq n]
consider restructuring your `variable` declarations so that the variables are not in scope or explicitly omit them:
  omit [DecidableEq m] [DecidableEq n] in theorem ...
note: this linter can be disabled with `set_option linter.unusedSectionVars false`
warning: ././././Bell/IsometricCompression.lean:23:0: automatically included section variable(s) unused in theorem 'Bell.IsometricCompression.embed_trace':
  [DecidableEq m]
consider restructuring your `variable` declarations so that the variables are not in scope or explicitly omit them:
  omit [DecidableEq m] in theorem ...
note: this linter can be disabled with `set_option linter.unusedSectionVars false`
warning: ././././Bell/IsometricCompression.lean:28:0: automatically included section variable(s) unused in theorem 'Bell.IsometricCompression.embed_mul':
  [DecidableEq m]
consider restructuring your `variable` declarations so that the variables are not in scope or explicitly omit them:
  omit [DecidableEq m] in theorem ...
note: this linter can be disabled with `set_option linter.unusedSectionVars false`
warning: ././././Bell/IsometricCompression.lean:36:0: automatically included section variable(s) unused in theorem 'Bell.IsometricCompression.support_idempotent':
  [DecidableEq m]
consider restructuring your `variable` declarations so that the variables are not in scope or explicitly omit them:
  omit [DecidableEq m] in theorem ...
note: this linter can be disabled with `set_option linter.unusedSectionVars false`
warning: ././././Bell/IsometricCompression.lean:42:1: automatically included section variable(s) unused in theorem 'Bell.IsometricCompression.complement_hermitian':
  [Fintype m]
  [DecidableEq n]
consider restructuring your `variable` declarations so that the variables are not in scope or explicitly omit them:
  omit [Fintype m] [DecidableEq n] in theorem ...
note: this linter can be disabled with `set_option linter.unusedSectionVars false`
warning: ././././Bell/IsometricCompression.lean:76:1: automatically included section variable(s) unused in theorem 'Bell.IsometricCompression.embed_zero':
  [Fintype m]
  [DecidableEq m]
  [DecidableEq n]
consider restructuring your `variable` declarations so that the variables are not in scope or explicitly omit them:
  omit [Fintype m] [DecidableEq m] [DecidableEq n] in theorem ...
note: this linter can be disabled with `set_option linter.unusedSectionVars false`
warning: ././././Bell/IsometricCompression.lean:78:1: automatically included section variable(s) unused in theorem 'Bell.IsometricCompression.embed_one_add_complement':
  [Fintype m]
consider restructuring your `variable` declarations so that the variables are not in scope or explicitly omit them:
  omit [Fintype m] in theorem ...
note: this linter can be disabled with `set_option linter.unusedSectionVars false`
warning: ././././Bell/IsometricCompression.lean:87:0: automatically included section variable(s) unused in theorem 'Bell.IsometricCompression.paddedEffect_positive':
  [Fintype α]
consider restructuring your `variable` declarations so that the variables are not in scope or explicitly omit them:
  omit [Fintype α] in theorem ...
note: this linter can be disabled with `set_option linter.unusedSectionVars false`
warning: ././././Bell/IsometricCompression.lean:103:0: automatically included section variable(s) unused in theorem 'Bell.IsometricCompression.paddedEffect_idempotent':
  [Fintype α]
consider restructuring your `variable` declarations so that the variables are not in scope or explicitly omit them:
  omit [Fintype α] in theorem ...
note: this linter can be disabled with `set_option linter.unusedSectionVars false`
warning: ././././Bell/IsometricCompression.lean:114:0: automatically included section variable(s) unused in theorem 'Bell.IsometricCompression.paddedEffect_orthogonal':
  [Fintype α]
consider restructuring your `variable` declarations so that the variables are not in scope or explicitly omit them:
  omit [Fintype α] in theorem ...
note: this linter can be disabled with `set_option linter.unusedSectionVars false`
warning: ././././Bell/IsometricCompression.lean:127:0: automatically included section variable(s) unused in theorem 'Bell.IsometricCompression.compress_paddedEffect':
  [Fintype α]
consider restructuring your `variable` declarations so that the variables are not in scope or explicitly omit them:
  omit [Fintype α] in theorem ...
note: this linter can be disabled with `set_option linter.unusedSectionVars false`
warning: ././././Bell/IsometricCompression.lean:147:0: automatically included section variable(s) unused in theorem 'Bell.IsometricCompression.kronecker_conjTranspose':
  [Fintype m]
  [Fintype n]
  [Fintype p]
  [Fintype q]
  [DecidableEq m]
  [DecidableEq n]
  [DecidableEq p]
  [DecidableEq q]
consider restructuring your `variable` declarations so that the variables are not in scope or explicitly omit them:
  omit [Fintype
  m] [Fintype n] [Fintype p] [Fintype q] [DecidableEq m] [DecidableEq n] [DecidableEq p] [DecidableEq q] in theorem ...
note: this linter can be disabled with `set_option linter.unusedSectionVars false`
warning: ././././Bell/IsometricCompression.lean:164:0: automatically included section variable(s) unused in theorem 'Bell.IsometricCompression.trace_embed_pairing':
  [DecidableEq m]
  [DecidableEq n]
consider restructuring your `variable` declarations so that the variables are not in scope or explicitly omit them:
  omit [DecidableEq m] [DecidableEq n] in theorem ...
note: this linter can be disabled with `set_option linter.unusedSectionVars false`
⚠ [2826/2827] Replayed Bell.HilbertIsometry
warning: ././././Bell/HilbertIsometry.lean:13:0: automatically included section variable(s) unused in theorem 'Bell.Hilbert.matrix_inner_preservation':
  [DecidableEq m]
consider restructuring your `variable` declarations so that the variables are not in scope or explicitly omit them:
  omit [DecidableEq m] in theorem ...
note: this linter can be disabled with `set_option linter.unusedSectionVars false`
⚠ [2827/2827] Built Bell.HilbertCorrespondence
warning: ././././Bell/HilbertCorrespondence.lean:90:0: automatically included section variable(s) unused in theorem 'Bell.Hilbert.POVM.coordinates_positive':
  [FiniteDimensional ℂ E]
consider restructuring your `variable` declarations so that the variables are not in scope or explicitly omit them:
  omit [FiniteDimensional ℂ E] in theorem ...
note: this linter can be disabled with `set_option linter.unusedSectionVars false`
warning: ././././Bell/HilbertCorrespondence.lean:93:0: automatically included section variable(s) unused in theorem 'Bell.Hilbert.POVM.coordinates_sum':
  [FiniteDimensional ℂ E]
consider restructuring your `variable` declarations so that the variables are not in scope or explicitly omit them:
  omit [FiniteDimensional ℂ E] in theorem ...
note: this linter can be disabled with `set_option linter.unusedSectionVars false`
warning: ././././Bell/HilbertCorrespondence.lean:98:0: automatically included section variable(s) unused in theorem 'Bell.Hilbert.PVM.coordinates_idempotent':
  [FiniteDimensional ℂ E]
consider restructuring your `variable` declarations so that the variables are not in scope or explicitly omit them:
  omit [FiniteDimensional ℂ E] in theorem ...
note: this linter can be disabled with `set_option linter.unusedSectionVars false`
warning: ././././Bell/HilbertCorrespondence.lean:102:0: automatically included section variable(s) unused in theorem 'Bell.Hilbert.PVM.coordinates_orthogonal':
  [FiniteDimensional ℂ E]
consider restructuring your `variable` declarations so that the variables are not in scope or explicitly omit them:
  omit [FiniteDimensional ℂ E] in theorem ...
note: this linter can be disabled with `set_option linter.unusedSectionVars false`
warning: ././././Bell/HilbertCorrespondence.lean:136:0: automatically included section variable(s) unused in theorem 'Bell.Hilbert.POVM.outcomes_pos':
  [FiniteDimensional ℂ E]
consider restructuring your `variable` declarations so that the variables are not in scope or explicitly omit them:
  omit [FiniteDimensional ℂ E] in theorem ...
note: this linter can be disabled with `set_option linter.unusedSectionVars false`
Build completed successfully.
$ lake build Bell.HilbertReverse
⚠ [2824/2828] Replayed Bell.HilbertCoordinates
warning: ././././Bell/HilbertCoordinates.lean:20:8: automatically included section variable(s) unused in theorem 'Bell.Hilbert.basisInner_zero_left':
  [DecidableEq ι]
consider restructuring your `variable` declarations so that the variables are not in scope or explicitly omit them:
  omit [DecidableEq ι] in theorem ...
note: this linter can be disabled with `set_option linter.unusedSectionVars false`
warning: ././././Bell/HilbertCoordinates.lean:22:8: automatically included section variable(s) unused in theorem 'Bell.Hilbert.basisInner_zero_right':
  [DecidableEq ι]
consider restructuring your `variable` declarations so that the variables are not in scope or explicitly omit them:
  omit [DecidableEq ι] in theorem ...
note: this linter can be disabled with `set_option linter.unusedSectionVars false`
warning: ././././Bell/HilbertCoordinates.lean:24:8: automatically included section variable(s) unused in theorem 'Bell.Hilbert.basisInner_add_left':
  [DecidableEq ι]
consider restructuring your `variable` declarations so that the variables are not in scope or explicitly omit them:
  omit [DecidableEq ι] in theorem ...
note: this linter can be disabled with `set_option linter.unusedSectionVars false`
warning: ././././Bell/HilbertCoordinates.lean:27:8: automatically included section variable(s) unused in theorem 'Bell.Hilbert.basisInner_add_right':
  [DecidableEq ι]
consider restructuring your `variable` declarations so that the variables are not in scope or explicitly omit them:
  omit [DecidableEq ι] in theorem ...
note: this linter can be disabled with `set_option linter.unusedSectionVars false`
warning: ././././Bell/HilbertCoordinates.lean:65:0: automatically included section variable(s) unused in theorem 'Bell.Hilbert.basisInner_self_nonneg':
  [DecidableEq ι]
consider restructuring your `variable` declarations so that the variables are not in scope or explicitly omit them:
  omit [DecidableEq ι] in theorem ...
note: this linter can be disabled with `set_option linter.unusedSectionVars false`
warning: ././././Bell/HilbertCoordinates.lean:68:0: automatically included section variable(s) unused in theorem 'Bell.Hilbert.basisInner_self_eq_zero_iff':
  [DecidableEq ι]
consider restructuring your `variable` declarations so that the variables are not in scope or explicitly omit them:
  omit [DecidableEq ι] in theorem ...
note: this linter can be disabled with `set_option linter.unusedSectionVars false`
warning: ././././Bell/HilbertCoordinates.lean:73:8: automatically included section variable(s) unused in theorem 'Bell.Hilbert.basisInner_smul_left':
  [DecidableEq ι]
consider restructuring your `variable` declarations so that the variables are not in scope or explicitly omit them:
  omit [DecidableEq ι] in theorem ...
note: this linter can be disabled with `set_option linter.unusedSectionVars false`
warning: ././././Bell/HilbertCoordinates.lean:76:8: automatically included section variable(s) unused in theorem 'Bell.Hilbert.basisInner_smul_right':
  [DecidableEq ι]
consider restructuring your `variable` declarations so that the variables are not in scope or explicitly omit them:
  omit [DecidableEq ι] in theorem ...
note: this linter can be disabled with `set_option linter.unusedSectionVars false`
warning: ././././Bell/HilbertCoordinates.lean:80:0: automatically included section variable(s) unused in theorem 'Bell.Hilbert.basisInner_conj_symm':
  [DecidableEq ι]
consider restructuring your `variable` declarations so that the variables are not in scope or explicitly omit them:
  omit [DecidableEq ι] in theorem ...
note: this linter can be disabled with `set_option linter.unusedSectionVars false`
warning: ././././Bell/HilbertCoordinates.lean:88:0: automatically included section variable(s) unused in theorem 'Bell.Hilbert.orthonormal_basisInner':
  [DecidableEq ι]
consider restructuring your `variable` declarations so that the variables are not in scope or explicitly omit them:
  omit [DecidableEq ι] in theorem ...
note: this linter can be disabled with `set_option linter.unusedSectionVars false`
⚠ [2825/2828] Replayed Bell.IsometricCompression
warning: ././././Bell/IsometricCompression.lean:19:1: automatically included section variable(s) unused in theorem 'Bell.IsometricCompression.embed_positive':
  [DecidableEq m]
  [DecidableEq n]
consider restructuring your `variable` declarations so that the variables are not in scope or explicitly omit them:
  omit [DecidableEq m] [DecidableEq n] in theorem ...
note: this linter can be disabled with `set_option linter.unusedSectionVars false`
warning: ././././Bell/IsometricCompression.lean:23:0: automatically included section variable(s) unused in theorem 'Bell.IsometricCompression.embed_trace':
  [DecidableEq m]
consider restructuring your `variable` declarations so that the variables are not in scope or explicitly omit them:
  omit [DecidableEq m] in theorem ...
note: this linter can be disabled with `set_option linter.unusedSectionVars false`
warning: ././././Bell/IsometricCompression.lean:28:0: automatically included section variable(s) unused in theorem 'Bell.IsometricCompression.embed_mul':
  [DecidableEq m]
consider restructuring your `variable` declarations so that the variables are not in scope or explicitly omit them:
  omit [DecidableEq m] in theorem ...
note: this linter can be disabled with `set_option linter.unusedSectionVars false`
warning: ././././Bell/IsometricCompression.lean:36:0: automatically included section variable(s) unused in theorem 'Bell.IsometricCompression.support_idempotent':
  [DecidableEq m]
consider restructuring your `variable` declarations so that the variables are not in scope or explicitly omit them:
  omit [DecidableEq m] in theorem ...
note: this linter can be disabled with `set_option linter.unusedSectionVars false`
warning: ././././Bell/IsometricCompression.lean:42:1: automatically included section variable(s) unused in theorem 'Bell.IsometricCompression.complement_hermitian':
  [Fintype m]
  [DecidableEq n]
consider restructuring your `variable` declarations so that the variables are not in scope or explicitly omit them:
  omit [Fintype m] [DecidableEq n] in theorem ...
note: this linter can be disabled with `set_option linter.unusedSectionVars false`
warning: ././././Bell/IsometricCompression.lean:76:1: automatically included section variable(s) unused in theorem 'Bell.IsometricCompression.embed_zero':
  [Fintype m]
  [DecidableEq m]
  [DecidableEq n]
consider restructuring your `variable` declarations so that the variables are not in scope or explicitly omit them:
  omit [Fintype m] [DecidableEq m] [DecidableEq n] in theorem ...
note: this linter can be disabled with `set_option linter.unusedSectionVars false`
warning: ././././Bell/IsometricCompression.lean:78:1: automatically included section variable(s) unused in theorem 'Bell.IsometricCompression.embed_one_add_complement':
  [Fintype m]
consider restructuring your `variable` declarations so that the variables are not in scope or explicitly omit them:
  omit [Fintype m] in theorem ...
note: this linter can be disabled with `set_option linter.unusedSectionVars false`
warning: ././././Bell/IsometricCompression.lean:87:0: automatically included section variable(s) unused in theorem 'Bell.IsometricCompression.paddedEffect_positive':
  [Fintype α]
consider restructuring your `variable` declarations so that the variables are not in scope or explicitly omit them:
  omit [Fintype α] in theorem ...
note: this linter can be disabled with `set_option linter.unusedSectionVars false`
warning: ././././Bell/IsometricCompression.lean:103:0: automatically included section variable(s) unused in theorem 'Bell.IsometricCompression.paddedEffect_idempotent':
  [Fintype α]
consider restructuring your `variable` declarations so that the variables are not in scope or explicitly omit them:
  omit [Fintype α] in theorem ...
note: this linter can be disabled with `set_option linter.unusedSectionVars false`
warning: ././././Bell/IsometricCompression.lean:114:0: automatically included section variable(s) unused in theorem 'Bell.IsometricCompression.paddedEffect_orthogonal':
  [Fintype α]
consider restructuring your `variable` declarations so that the variables are not in scope or explicitly omit them:
  omit [Fintype α] in theorem ...
note: this linter can be disabled with `set_option linter.unusedSectionVars false`
warning: ././././Bell/IsometricCompression.lean:127:0: automatically included section variable(s) unused in theorem 'Bell.IsometricCompression.compress_paddedEffect':
  [Fintype α]
consider restructuring your `variable` declarations so that the variables are not in scope or explicitly omit them:
  omit [Fintype α] in theorem ...
note: this linter can be disabled with `set_option linter.unusedSectionVars false`
warning: ././././Bell/IsometricCompression.lean:147:0: automatically included section variable(s) unused in theorem 'Bell.IsometricCompression.kronecker_conjTranspose':
  [Fintype m]
  [Fintype n]
  [Fintype p]
  [Fintype q]
  [DecidableEq m]
  [DecidableEq n]
  [DecidableEq p]
  [DecidableEq q]
consider restructuring your `variable` declarations so that the variables are not in scope or explicitly omit them:
  omit [Fintype
  m] [Fintype n] [Fintype p] [Fintype q] [DecidableEq m] [DecidableEq n] [DecidableEq p] [DecidableEq q] in theorem ...
note: this linter can be disabled with `set_option linter.unusedSectionVars false`
warning: ././././Bell/IsometricCompression.lean:164:0: automatically included section variable(s) unused in theorem 'Bell.IsometricCompression.trace_embed_pairing':
  [DecidableEq m]
  [DecidableEq n]
consider restructuring your `variable` declarations so that the variables are not in scope or explicitly omit them:
  omit [DecidableEq m] [DecidableEq n] in theorem ...
note: this linter can be disabled with `set_option linter.unusedSectionVars false`
⚠ [2826/2828] Replayed Bell.HilbertIsometry
warning: ././././Bell/HilbertIsometry.lean:13:0: automatically included section variable(s) unused in theorem 'Bell.Hilbert.matrix_inner_preservation':
  [DecidableEq m]
consider restructuring your `variable` declarations so that the variables are not in scope or explicitly omit them:
  omit [DecidableEq m] in theorem ...
note: this linter can be disabled with `set_option linter.unusedSectionVars false`
⚠ [2827/2828] Replayed Bell.HilbertCorrespondence
warning: ././././Bell/HilbertCorrespondence.lean:90:0: automatically included section variable(s) unused in theorem 'Bell.Hilbert.POVM.coordinates_positive':
  [FiniteDimensional ℂ E]
consider restructuring your `variable` declarations so that the variables are not in scope or explicitly omit them:
  omit [FiniteDimensional ℂ E] in theorem ...
note: this linter can be disabled with `set_option linter.unusedSectionVars false`
warning: ././././Bell/HilbertCorrespondence.lean:93:0: automatically included section variable(s) unused in theorem 'Bell.Hilbert.POVM.coordinates_sum':
  [FiniteDimensional ℂ E]
consider restructuring your `variable` declarations so that the variables are not in scope or explicitly omit them:
  omit [FiniteDimensional ℂ E] in theorem ...
note: this linter can be disabled with `set_option linter.unusedSectionVars false`
warning: ././././Bell/HilbertCorrespondence.lean:98:0: automatically included section variable(s) unused in theorem 'Bell.Hilbert.PVM.coordinates_idempotent':
  [FiniteDimensional ℂ E]
consider restructuring your `variable` declarations so that the variables are not in scope or explicitly omit them:
  omit [FiniteDimensional ℂ E] in theorem ...
note: this linter can be disabled with `set_option linter.unusedSectionVars false`
warning: ././././Bell/HilbertCorrespondence.lean:102:0: automatically included section variable(s) unused in theorem 'Bell.Hilbert.PVM.coordinates_orthogonal':
  [FiniteDimensional ℂ E]
consider restructuring your `variable` declarations so that the variables are not in scope or explicitly omit them:
  omit [FiniteDimensional ℂ E] in theorem ...
note: this linter can be disabled with `set_option linter.unusedSectionVars false`
warning: ././././Bell/HilbertCorrespondence.lean:136:0: automatically included section variable(s) unused in theorem 'Bell.Hilbert.POVM.outcomes_pos':
  [FiniteDimensional ℂ E]
consider restructuring your `variable` declarations so that the variables are not in scope or explicitly omit them:
  omit [FiniteDimensional ℂ E] in theorem ...
note: this linter can be disabled with `set_option linter.unusedSectionVars false`
✔ [2828/2828] Built Bell.HilbertReverse
Build completed successfully.
$ lake build Bell.SimulationCorollaries
⚠ [2824/2883] Replayed Bell.Lorentz
warning: ././././Bell/Lorentz.lean:63:71: this tactic is never executed
note: this linter can be disabled with `set_option linter.unreachableTactic false`
warning: ././././Bell/Lorentz.lean:63:71: 'ring' tactic does nothing
note: this linter can be disabled with `set_option linter.unusedTactic false`
warning: ././././Bell/Lorentz.lean:114:2: Used `tac1 <;> tac2` where `(tac1; tac2)` would suffice
note: this linter can be disabled with `set_option linter.unnecessarySeqFocus false`
warning: ././././Bell/Lorentz.lean:118:62: Used `tac1 <;> tac2` where `(tac1; tac2)` would suffice
note: this linter can be disabled with `set_option linter.unnecessarySeqFocus false`
warning: ././././Bell/Lorentz.lean:146:2: Used `tac1 <;> tac2` where `(tac1; tac2)` would suffice
note: this linter can be disabled with `set_option linter.unnecessarySeqFocus false`
warning: ././././Bell/Lorentz.lean:212:47: this tactic is never executed
note: this linter can be disabled with `set_option linter.unreachableTactic false`
warning: ././././Bell/Lorentz.lean:212:47: 'ring' tactic does nothing
note: this linter can be disabled with `set_option linter.unusedTactic false`
warning: ././././Bell/Lorentz.lean:218:2: Used `tac1 <;> tac2` where `(tac1; tac2)` would suffice
note: this linter can be disabled with `set_option linter.unnecessarySeqFocus false`
warning: ././././Bell/Lorentz.lean:223:2: Used `tac1 <;> tac2` where `(tac1; tac2)` would suffice
note: this linter can be disabled with `set_option linter.unnecessarySeqFocus false`
⚠ [2830/2883] Replayed Bell.MeasurementGeometry
warning: ././././Bell/MeasurementGeometry.lean:123:52: unused variable `hA`
note: this linter can be disabled with `set_option linter.unusedVariables false`
warning: ././././Bell/MeasurementGeometry.lean:124:5: unused variable `hB`
note: this linter can be disabled with `set_option linter.unusedVariables false`
⚠ [2831/2883] Replayed Bell.ClassicalProduct
warning: ././././Bell/ClassicalProduct.lean:27:0: automatically included section variable(s) unused in theorem 'Bell.ClassicalProduct.total_mass':
  [(x : X) → DecidableEq (O x)]
consider restructuring your `variable` declarations so that the variables are not in scope or explicitly omit them:
  omit [(x : X) → DecidableEq (O x)] in theorem ...
note: this linter can be disabled with `set_option linter.unusedSectionVars false`
warning: ././././Bell/ClassicalProduct.lean:42:0: automatically included section variable(s) unused in theorem 'Bell.ClassicalProduct.pin_mass':
  [(x : X) → Fintype (O x)]
consider restructuring your `variable` declarations so that the variables are not in scope or explicitly omit them:
  omit [(x : X) → Fintype (O x)] in theorem ...
note: this linter can be disabled with `set_option linter.unusedSectionVars false`
warning: ././././Bell/ClassicalProduct.lean:89:0: automatically included section variable(s) unused in theorem 'Bell.ClassicalProduct.conditional_normalized':
  [Fintype X]
  [DecidableEq X]
  [(x : X) → DecidableEq (O x)]
  [Fintype B]
  [DecidableEq B]
consider restructuring your `variable` declarations so that the variables are not in scope or explicitly omit them:
  omit [Fintype X] [DecidableEq X] [(x : X) → DecidableEq (O x)] [Fintype B] [DecidableEq B] in theorem ...
note: this linter can be disabled with `set_option linter.unusedSectionVars false`
warning: ././././Bell/ClassicalProduct.lean:95:0: automatically included section variable(s) unused in theorem 'Bell.ClassicalProduct.weight_nonnegative':
  [DecidableEq X]
  [(x : X) → Fintype (O x)]
  [(x : X) → DecidableEq (O x)]
  [Fintype B]
  [DecidableEq B]
consider restructuring your `variable` declarations so that the variables are not in scope or explicitly omit them:
  omit [DecidableEq
  X] [(x : X) → Fintype (O x)] [(x : X) → DecidableEq (O x)] [Fintype B] [DecidableEq B] in theorem ...
note: this linter can be disabled with `set_option linter.unusedSectionVars false`
warning: ././././Bell/ClassicalProduct.lean:119:0: automatically included section variable(s) unused in theorem 'Bell.ClassicalProduct.entry_zero_of_marginal_zero':
  [Fintype X]
  [DecidableEq X]
  [(x : X) → DecidableEq (O x)]
  [Fintype B]
  [DecidableEq B]
consider restructuring your `variable` declarations so that the variables are not in scope or explicitly omit them:
  omit [Fintype X] [DecidableEq X] [(x : X) → DecidableEq (O x)] [Fintype B] [DecidableEq B] in theorem ...
note: this linter can be disabled with `set_option linter.unusedSectionVars false`
⚠ [2833/2883] Replayed Bell.Witness
warning: ././././Bell/Witness.lean:137:2: Used `tac1 <;> tac2` where `(tac1; tac2)` would suffice
note: this linter can be disabled with `set_option linter.unnecessarySeqFocus false`
warning: ././././Bell/Witness.lean:224:2: Used `tac1 <;> tac2` where `(tac1; tac2)` would suffice
note: this linter can be disabled with `set_option linter.unnecessarySeqFocus false`
warning: ././././Bell/Witness.lean:224:14: Used `tac1 <;> tac2` where `(tac1; tac2)` would suffice
note: this linter can be disabled with `set_option linter.unnecessarySeqFocus false`
⚠ [2834/2883] Replayed Bell.Transportation
warning: ././././Bell/Transportation.lean:75:28: Used `tac1 <;> tac2` where `(tac1; tac2)` would suffice
note: this linter can be disabled with `set_option linter.unnecessarySeqFocus false`
⚠ [2849/2883] Replayed Bell.Targets
warning: ././././Bell/Targets.lean:26:2: Used `tac1 <;> tac2` where `(tac1; tac2)` would suffice
note: this linter can be disabled with `set_option linter.unnecessarySeqFocus false`
warning: ././././Bell/Targets.lean:27:2: Used `tac1 <;> tac2` where `(tac1; tac2)` would suffice
note: this linter can be disabled with `set_option linter.unnecessarySeqFocus false`
warning: ././././Bell/Targets.lean:28:2: Used `tac1 <;> tac2` where `(tac1; tac2)` would suffice
note: this linter can be disabled with `set_option linter.unnecessarySeqFocus false`
warning: ././././Bell/Targets.lean:34:2: Used `tac1 <;> tac2` where `(tac1; tac2)` would suffice
note: this linter can be disabled with `set_option linter.unnecessarySeqFocus false`
warning: ././././Bell/Targets.lean:35:2: Used `tac1 <;> tac2` where `(tac1; tac2)` would suffice
note: this linter can be disabled with `set_option linter.unnecessarySeqFocus false`
warning: ././././Bell/Targets.lean:36:2: Used `tac1 <;> tac2` where `(tac1; tac2)` would suffice
note: this linter can be disabled with `set_option linter.unnecessarySeqFocus false`
⚠ [2852/2883] Replayed Bell.ConeCircuits
warning: ././././Bell/ConeCircuits.lean:55:0: automatically included section variable(s) unused in theorem 'Bell.ConeCircuits.weights_convex':
  [DecidableEq ι]
consider restructuring your `variable` declarations so that the variables are not in scope or explicitly omit them:
  omit [DecidableEq ι] in theorem ...
note: this linter can be disabled with `set_option linter.unusedSectionVars false`
warning: ././././Bell/ConeCircuits.lean:61:0: automatically included section variable(s) unused in theorem 'Bell.ConeCircuits.weights_isClosed':
  [DecidableEq ι]
consider restructuring your `variable` declarations so that the variables are not in scope or explicitly omit them:
  omit [DecidableEq ι] in theorem ...
note: this linter can be disabled with `set_option linter.unusedSectionVars false`
warning: ././././Bell/ConeCircuits.lean:85:0: automatically included section variable(s) unused in theorem 'Bell.ConeCircuits.balance_sideSum':
  [DecidableEq ι]
consider restructuring your `variable` declarations so that the variables are not in scope or explicitly omit them:
  omit [DecidableEq ι] in theorem ...
note: this linter can be disabled with `set_option linter.unusedSectionVars false`
warning: ././././Bell/ConeCircuits.lean:92:0: automatically included section variable(s) unused in theorem 'Bell.ConeCircuits.mass_sideSum':
  [DecidableEq ι]
consider restructuring your `variable` declarations so that the variables are not in scope or explicitly omit them:
  omit [DecidableEq ι] in theorem ...
note: this linter can be disabled with `set_option linter.unusedSectionVars false`
warning: ././././Bell/ConeCircuits.lean:127:0: automatically included section variable(s) unused in theorem 'Bell.ConeCircuits.extreme_relation_zero':
  [DecidableEq ι]
consider restructuring your `variable` declarations so that the variables are not in scope or explicitly omit them:
  omit [DecidableEq ι] in theorem ...
note: this linter can be disabled with `set_option linter.unusedSectionVars false`
warning: ././././Bell/ConeCircuits.lean:198:0: automatically included section variable(s) unused in theorem 'Bell.ConeCircuits.sideSum_future':
  [DecidableEq ι]
consider restructuring your `variable` declarations so that the variables are not in scope or explicitly omit them:
  omit [DecidableEq ι] in theorem ...
note: this linter can be disabled with `set_option linter.unusedSectionVars false`
warning: ././././Bell/ConeCircuits.lean:207:8: automatically included section variable(s) unused in theorem '_private.Bell.ConeCircuits.0.Bell.ConeCircuits.singleton_side_sum':
  [DecidableEq ι]
consider restructuring your `variable` declarations so that the variables are not in scope or explicitly omit them:
  omit [DecidableEq ι] in theorem ...
note: this linter can be disabled with `set_option linter.unusedSectionVars false`
warning: ././././Bell/ConeCircuits.lean:289:4: Used `tac1 <;> tac2` where `(tac1; tac2)` would suffice
note: this linter can be disabled with `set_option linter.unnecessarySeqFocus false`
⚠ [2853/2883] Replayed Bell.CircuitRealization
warning: ././././Bell/CircuitRealization.lean:28:0: automatically included section variable(s) unused in theorem 'Bell.ConeCircuits.outcomeVector_sum':
  [DecidableEq ι]
consider restructuring your `variable` declarations so that the variables are not in scope or explicitly omit them:
  omit [DecidableEq ι] in theorem ...
note: this linter can be disabled with `set_option linter.unusedSectionVars false`
⚠ [2856/2883] Replayed Bell.ExtremeMeasurement
warning: ././././Bell/ExtremeMeasurement.lean:95:22: Used `tac1 <;> tac2` where `(tac1; tac2)` would suffice
note: this linter can be disabled with `set_option linter.unnecessarySeqFocus false`
warning: ././././Bell/ExtremeMeasurement.lean:99:22: Used `tac1 <;> tac2` where `(tac1; tac2)` would suffice
note: this linter can be disabled with `set_option linter.unnecessarySeqFocus false`
warning: ././././Bell/ExtremeMeasurement.lean:161:27: Used `tac1 <;> tac2` where `(tac1; tac2)` would suffice
note: this linter can be disabled with `set_option linter.unnecessarySeqFocus false`
warning: ././././Bell/ExtremeMeasurement.lean:161:44: Used `tac1 <;> tac2` where `(tac1; tac2)` would suffice
note: this linter can be disabled with `set_option linter.unnecessarySeqFocus false`
warning: ././././Bell/ExtremeMeasurement.lean:170:27: Used `tac1 <;> tac2` where `(tac1; tac2)` would suffice
note: this linter can be disabled with `set_option linter.unnecessarySeqFocus false`
warning: ././././Bell/ExtremeMeasurement.lean:170:44: Used `tac1 <;> tac2` where `(tac1; tac2)` would suffice
note: this linter can be disabled with `set_option linter.unnecessarySeqFocus false`
⚠ [2861/2883] Replayed Bell.RankZeroSimulation
warning: ././././Bell/RankZeroSimulation.lean:99:34: unused variable `h`
note: this linter can be disabled with `set_option linter.unusedVariables false`
⚠ [2864/2883] Replayed Bell.CommonSpanFiltering
warning: ././././Bell/CommonSpanFiltering.lean:52:28: unused variable `hH`
note: this linter can be disabled with `set_option linter.unusedVariables false`
⚠ [2867/2883] Replayed Bell.SmallOutputEncoding
warning: ././././Bell/SmallOutputEncoding.lean:77:40: unused variable `hc`
note: this linter can be disabled with `set_option linter.unusedVariables false`
⚠ [2880/2887] Replayed Bell.ResidualEncoding
warning: ././././Bell/ResidualEncoding.lean:70:55: Used `tac1 <;> tac2` where `(tac1; tac2)` would suffice
note: this linter can be disabled with `set_option linter.unnecessarySeqFocus false`
warning: ././././Bell/ResidualEncoding.lean:224:99: Used `tac1 <;> tac2` where `(tac1; tac2)` would suffice
note: this linter can be disabled with `set_option linter.unnecessarySeqFocus false`
⚠ [2885/2887] Replayed Bell.StrengthenedWitness
warning: ././././Bell/StrengthenedWitness.lean:42:2: Used `tac1 <;> tac2` where `(tac1; tac2)` would suffice
note: this linter can be disabled with `set_option linter.unnecessarySeqFocus false`
warning: ././././Bell/StrengthenedWitness.lean:47:2: Used `tac1 <;> tac2` where `(tac1; tac2)` would suffice
note: this linter can be disabled with `set_option linter.unnecessarySeqFocus false`
warning: ././././Bell/StrengthenedWitness.lean:54:6: Used `tac1 <;> tac2` where `(tac1; tac2)` would suffice
note: this linter can be disabled with `set_option linter.unnecessarySeqFocus false`
warning: ././././Bell/StrengthenedWitness.lean:114:43: this tactic is never executed
note: this linter can be disabled with `set_option linter.unreachableTactic false`
warning: ././././Bell/StrengthenedWitness.lean:114:43: 'ring' tactic does nothing
note: this linter can be disabled with `set_option linter.unusedTactic false`
warning: ././././Bell/StrengthenedWitness.lean:178:2: Used `tac1 <;> tac2` where `(tac1; tac2)` would suffice
note: this linter can be disabled with `set_option linter.unnecessarySeqFocus false`
✔ [2887/2887] Built Bell.SimulationCorollaries
Build completed successfully.
$ lake build Bell.HilbertSimulation
⚠ [2823/2874] Replayed Bell.HilbertCoordinates
warning: ././././Bell/HilbertCoordinates.lean:20:8: automatically included section variable(s) unused in theorem 'Bell.Hilbert.basisInner_zero_left':
  [DecidableEq ι]
consider restructuring your `variable` declarations so that the variables are not in scope or explicitly omit them:
  omit [DecidableEq ι] in theorem ...
note: this linter can be disabled with `set_option linter.unusedSectionVars false`
warning: ././././Bell/HilbertCoordinates.lean:22:8: automatically included section variable(s) unused in theorem 'Bell.Hilbert.basisInner_zero_right':
  [DecidableEq ι]
consider restructuring your `variable` declarations so that the variables are not in scope or explicitly omit them:
  omit [DecidableEq ι] in theorem ...
note: this linter can be disabled with `set_option linter.unusedSectionVars false`
warning: ././././Bell/HilbertCoordinates.lean:24:8: automatically included section variable(s) unused in theorem 'Bell.Hilbert.basisInner_add_left':
  [DecidableEq ι]
consider restructuring your `variable` declarations so that the variables are not in scope or explicitly omit them:
  omit [DecidableEq ι] in theorem ...
note: this linter can be disabled with `set_option linter.unusedSectionVars false`
warning: ././././Bell/HilbertCoordinates.lean:27:8: automatically included section variable(s) unused in theorem 'Bell.Hilbert.basisInner_add_right':
  [DecidableEq ι]
consider restructuring your `variable` declarations so that the variables are not in scope or explicitly omit them:
  omit [DecidableEq ι] in theorem ...
note: this linter can be disabled with `set_option linter.unusedSectionVars false`
warning: ././././Bell/HilbertCoordinates.lean:65:0: automatically included section variable(s) unused in theorem 'Bell.Hilbert.basisInner_self_nonneg':
  [DecidableEq ι]
consider restructuring your `variable` declarations so that the variables are not in scope or explicitly omit them:
  omit [DecidableEq ι] in theorem ...
note: this linter can be disabled with `set_option linter.unusedSectionVars false`
warning: ././././Bell/HilbertCoordinates.lean:68:0: automatically included section variable(s) unused in theorem 'Bell.Hilbert.basisInner_self_eq_zero_iff':
  [DecidableEq ι]
consider restructuring your `variable` declarations so that the variables are not in scope or explicitly omit them:
  omit [DecidableEq ι] in theorem ...
note: this linter can be disabled with `set_option linter.unusedSectionVars false`
warning: ././././Bell/HilbertCoordinates.lean:73:8: automatically included section variable(s) unused in theorem 'Bell.Hilbert.basisInner_smul_left':
  [DecidableEq ι]
consider restructuring your `variable` declarations so that the variables are not in scope or explicitly omit them:
  omit [DecidableEq ι] in theorem ...
note: this linter can be disabled with `set_option linter.unusedSectionVars false`
warning: ././././Bell/HilbertCoordinates.lean:76:8: automatically included section variable(s) unused in theorem 'Bell.Hilbert.basisInner_smul_right':
  [DecidableEq ι]
consider restructuring your `variable` declarations so that the variables are not in scope or explicitly omit them:
  omit [DecidableEq ι] in theorem ...
note: this linter can be disabled with `set_option linter.unusedSectionVars false`
warning: ././././Bell/HilbertCoordinates.lean:80:0: automatically included section variable(s) unused in theorem 'Bell.Hilbert.basisInner_conj_symm':
  [DecidableEq ι]
consider restructuring your `variable` declarations so that the variables are not in scope or explicitly omit them:
  omit [DecidableEq ι] in theorem ...
note: this linter can be disabled with `set_option linter.unusedSectionVars false`
warning: ././././Bell/HilbertCoordinates.lean:88:0: automatically included section variable(s) unused in theorem 'Bell.Hilbert.orthonormal_basisInner':
  [DecidableEq ι]
consider restructuring your `variable` declarations so that the variables are not in scope or explicitly omit them:
  omit [DecidableEq ι] in theorem ...
note: this linter can be disabled with `set_option linter.unusedSectionVars false`
⚠ [2824/2874] Replayed Bell.IsometricCompression
warning: ././././Bell/IsometricCompression.lean:19:1: automatically included section variable(s) unused in theorem 'Bell.IsometricCompression.embed_positive':
  [DecidableEq m]
  [DecidableEq n]
consider restructuring your `variable` declarations so that the variables are not in scope or explicitly omit them:
  omit [DecidableEq m] [DecidableEq n] in theorem ...
note: this linter can be disabled with `set_option linter.unusedSectionVars false`
warning: ././././Bell/IsometricCompression.lean:23:0: automatically included section variable(s) unused in theorem 'Bell.IsometricCompression.embed_trace':
  [DecidableEq m]
consider restructuring your `variable` declarations so that the variables are not in scope or explicitly omit them:
  omit [DecidableEq m] in theorem ...
note: this linter can be disabled with `set_option linter.unusedSectionVars false`
warning: ././././Bell/IsometricCompression.lean:28:0: automatically included section variable(s) unused in theorem 'Bell.IsometricCompression.embed_mul':
  [DecidableEq m]
consider restructuring your `variable` declarations so that the variables are not in scope or explicitly omit them:
  omit [DecidableEq m] in theorem ...
note: this linter can be disabled with `set_option linter.unusedSectionVars false`
warning: ././././Bell/IsometricCompression.lean:36:0: automatically included section variable(s) unused in theorem 'Bell.IsometricCompression.support_idempotent':
  [DecidableEq m]
consider restructuring your `variable` declarations so that the variables are not in scope or explicitly omit them:
  omit [DecidableEq m] in theorem ...
note: this linter can be disabled with `set_option linter.unusedSectionVars false`
warning: ././././Bell/IsometricCompression.lean:42:1: automatically included section variable(s) unused in theorem 'Bell.IsometricCompression.complement_hermitian':
  [Fintype m]
  [DecidableEq n]
consider restructuring your `variable` declarations so that the variables are not in scope or explicitly omit them:
  omit [Fintype m] [DecidableEq n] in theorem ...
note: this linter can be disabled with `set_option linter.unusedSectionVars false`
warning: ././././Bell/IsometricCompression.lean:76:1: automatically included section variable(s) unused in theorem 'Bell.IsometricCompression.embed_zero':
  [Fintype m]
  [DecidableEq m]
  [DecidableEq n]
consider restructuring your `variable` declarations so that the variables are not in scope or explicitly omit them:
  omit [Fintype m] [DecidableEq m] [DecidableEq n] in theorem ...
note: this linter can be disabled with `set_option linter.unusedSectionVars false`
warning: ././././Bell/IsometricCompression.lean:78:1: automatically included section variable(s) unused in theorem 'Bell.IsometricCompression.embed_one_add_complement':
  [Fintype m]
consider restructuring your `variable` declarations so that the variables are not in scope or explicitly omit them:
  omit [Fintype m] in theorem ...
note: this linter can be disabled with `set_option linter.unusedSectionVars false`
warning: ././././Bell/IsometricCompression.lean:87:0: automatically included section variable(s) unused in theorem 'Bell.IsometricCompression.paddedEffect_positive':
  [Fintype α]
consider restructuring your `variable` declarations so that the variables are not in scope or explicitly omit them:
  omit [Fintype α] in theorem ...
note: this linter can be disabled with `set_option linter.unusedSectionVars false`
warning: ././././Bell/IsometricCompression.lean:103:0: automatically included section variable(s) unused in theorem 'Bell.IsometricCompression.paddedEffect_idempotent':
  [Fintype α]
consider restructuring your `variable` declarations so that the variables are not in scope or explicitly omit them:
  omit [Fintype α] in theorem ...
note: this linter can be disabled with `set_option linter.unusedSectionVars false`
warning: ././././Bell/IsometricCompression.lean:114:0: automatically included section variable(s) unused in theorem 'Bell.IsometricCompression.paddedEffect_orthogonal':
  [Fintype α]
consider restructuring your `variable` declarations so that the variables are not in scope or explicitly omit them:
  omit [Fintype α] in theorem ...
note: this linter can be disabled with `set_option linter.unusedSectionVars false`
warning: ././././Bell/IsometricCompression.lean:127:0: automatically included section variable(s) unused in theorem 'Bell.IsometricCompression.compress_paddedEffect':
  [Fintype α]
consider restructuring your `variable` declarations so that the variables are not in scope or explicitly omit them:
  omit [Fintype α] in theorem ...
note: this linter can be disabled with `set_option linter.unusedSectionVars false`
warning: ././././Bell/IsometricCompression.lean:147:0: automatically included section variable(s) unused in theorem 'Bell.IsometricCompression.kronecker_conjTranspose':
  [Fintype m]
  [Fintype n]
  [Fintype p]
  [Fintype q]
  [DecidableEq m]
  [DecidableEq n]
  [DecidableEq p]
  [DecidableEq q]
consider restructuring your `variable` declarations so that the variables are not in scope or explicitly omit them:
  omit [Fintype
  m] [Fintype n] [Fintype p] [Fintype q] [DecidableEq m] [DecidableEq n] [DecidableEq p] [DecidableEq q] in theorem ...
note: this linter can be disabled with `set_option linter.unusedSectionVars false`
warning: ././././Bell/IsometricCompression.lean:164:0: automatically included section variable(s) unused in theorem 'Bell.IsometricCompression.trace_embed_pairing':
  [DecidableEq m]
  [DecidableEq n]
consider restructuring your `variable` declarations so that the variables are not in scope or explicitly omit them:
  omit [DecidableEq m] [DecidableEq n] in theorem ...
note: this linter can be disabled with `set_option linter.unusedSectionVars false`
⚠ [2825/2874] Replayed Bell.HilbertIsometry
warning: ././././Bell/HilbertIsometry.lean:13:0: automatically included section variable(s) unused in theorem 'Bell.Hilbert.matrix_inner_preservation':
  [DecidableEq m]
consider restructuring your `variable` declarations so that the variables are not in scope or explicitly omit them:
  omit [DecidableEq m] in theorem ...
note: this linter can be disabled with `set_option linter.unusedSectionVars false`
⚠ [2826/2874] Replayed Bell.HilbertCorrespondence
warning: ././././Bell/HilbertCorrespondence.lean:90:0: automatically included section variable(s) unused in theorem 'Bell.Hilbert.POVM.coordinates_positive':
  [FiniteDimensional ℂ E]
consider restructuring your `variable` declarations so that the variables are not in scope or explicitly omit them:
  omit [FiniteDimensional ℂ E] in theorem ...
note: this linter can be disabled with `set_option linter.unusedSectionVars false`
warning: ././././Bell/HilbertCorrespondence.lean:93:0: automatically included section variable(s) unused in theorem 'Bell.Hilbert.POVM.coordinates_sum':
  [FiniteDimensional ℂ E]
consider restructuring your `variable` declarations so that the variables are not in scope or explicitly omit them:
  omit [FiniteDimensional ℂ E] in theorem ...
note: this linter can be disabled with `set_option linter.unusedSectionVars false`
warning: ././././Bell/HilbertCorrespondence.lean:98:0: automatically included section variable(s) unused in theorem 'Bell.Hilbert.PVM.coordinates_idempotent':
  [FiniteDimensional ℂ E]
consider restructuring your `variable` declarations so that the variables are not in scope or explicitly omit them:
  omit [FiniteDimensional ℂ E] in theorem ...
note: this linter can be disabled with `set_option linter.unusedSectionVars false`
warning: ././././Bell/HilbertCorrespondence.lean:102:0: automatically included section variable(s) unused in theorem 'Bell.Hilbert.PVM.coordinates_orthogonal':
  [FiniteDimensional ℂ E]
consider restructuring your `variable` declarations so that the variables are not in scope or explicitly omit them:
  omit [FiniteDimensional ℂ E] in theorem ...
note: this linter can be disabled with `set_option linter.unusedSectionVars false`
warning: ././././Bell/HilbertCorrespondence.lean:136:0: automatically included section variable(s) unused in theorem 'Bell.Hilbert.POVM.outcomes_pos':
  [FiniteDimensional ℂ E]
consider restructuring your `variable` declarations so that the variables are not in scope or explicitly omit them:
  omit [FiniteDimensional ℂ E] in theorem ...
note: this linter can be disabled with `set_option linter.unusedSectionVars false`
⚠ [2830/2874] Replayed Bell.Lorentz
warning: ././././Bell/Lorentz.lean:63:71: this tactic is never executed
note: this linter can be disabled with `set_option linter.unreachableTactic false`
warning: ././././Bell/Lorentz.lean:63:71: 'ring' tactic does nothing
note: this linter can be disabled with `set_option linter.unusedTactic false`
warning: ././././Bell/Lorentz.lean:114:2: Used `tac1 <;> tac2` where `(tac1; tac2)` would suffice
note: this linter can be disabled with `set_option linter.unnecessarySeqFocus false`
warning: ././././Bell/Lorentz.lean:118:62: Used `tac1 <;> tac2` where `(tac1; tac2)` would suffice
note: this linter can be disabled with `set_option linter.unnecessarySeqFocus false`
warning: ././././Bell/Lorentz.lean:146:2: Used `tac1 <;> tac2` where `(tac1; tac2)` would suffice
note: this linter can be disabled with `set_option linter.unnecessarySeqFocus false`
warning: ././././Bell/Lorentz.lean:212:47: this tactic is never executed
note: this linter can be disabled with `set_option linter.unreachableTactic false`
warning: ././././Bell/Lorentz.lean:212:47: 'ring' tactic does nothing
note: this linter can be disabled with `set_option linter.unusedTactic false`
warning: ././././Bell/Lorentz.lean:218:2: Used `tac1 <;> tac2` where `(tac1; tac2)` would suffice
note: this linter can be disabled with `set_option linter.unnecessarySeqFocus false`
warning: ././././Bell/Lorentz.lean:223:2: Used `tac1 <;> tac2` where `(tac1; tac2)` would suffice
note: this linter can be disabled with `set_option linter.unnecessarySeqFocus false`
⚠ [2836/2874] Replayed Bell.MeasurementGeometry
warning: ././././Bell/MeasurementGeometry.lean:123:52: unused variable `hA`
note: this linter can be disabled with `set_option linter.unusedVariables false`
warning: ././././Bell/MeasurementGeometry.lean:124:5: unused variable `hB`
note: this linter can be disabled with `set_option linter.unusedVariables false`
⚠ [2837/2874] Replayed Bell.ClassicalProduct
warning: ././././Bell/ClassicalProduct.lean:27:0: automatically included section variable(s) unused in theorem 'Bell.ClassicalProduct.total_mass':
  [(x : X) → DecidableEq (O x)]
consider restructuring your `variable` declarations so that the variables are not in scope or explicitly omit them:
  omit [(x : X) → DecidableEq (O x)] in theorem ...
note: this linter can be disabled with `set_option linter.unusedSectionVars false`
warning: ././././Bell/ClassicalProduct.lean:42:0: automatically included section variable(s) unused in theorem 'Bell.ClassicalProduct.pin_mass':
  [(x : X) → Fintype (O x)]
consider restructuring your `variable` declarations so that the variables are not in scope or explicitly omit them:
  omit [(x : X) → Fintype (O x)] in theorem ...
note: this linter can be disabled with `set_option linter.unusedSectionVars false`
warning: ././././Bell/ClassicalProduct.lean:89:0: automatically included section variable(s) unused in theorem 'Bell.ClassicalProduct.conditional_normalized':
  [Fintype X]
  [DecidableEq X]
  [(x : X) → DecidableEq (O x)]
  [Fintype B]
  [DecidableEq B]
consider restructuring your `variable` declarations so that the variables are not in scope or explicitly omit them:
  omit [Fintype X] [DecidableEq X] [(x : X) → DecidableEq (O x)] [Fintype B] [DecidableEq B] in theorem ...
note: this linter can be disabled with `set_option linter.unusedSectionVars false`
warning: ././././Bell/ClassicalProduct.lean:95:0: automatically included section variable(s) unused in theorem 'Bell.ClassicalProduct.weight_nonnegative':
  [DecidableEq X]
  [(x : X) → Fintype (O x)]
  [(x : X) → DecidableEq (O x)]
  [Fintype B]
  [DecidableEq B]
consider restructuring your `variable` declarations so that the variables are not in scope or explicitly omit them:
  omit [DecidableEq
  X] [(x : X) → Fintype (O x)] [(x : X) → DecidableEq (O x)] [Fintype B] [DecidableEq B] in theorem ...
note: this linter can be disabled with `set_option linter.unusedSectionVars false`
warning: ././././Bell/ClassicalProduct.lean:119:0: automatically included section variable(s) unused in theorem 'Bell.ClassicalProduct.entry_zero_of_marginal_zero':
  [Fintype X]
  [DecidableEq X]
  [(x : X) → DecidableEq (O x)]
  [Fintype B]
  [DecidableEq B]
consider restructuring your `variable` declarations so that the variables are not in scope or explicitly omit them:
  omit [Fintype X] [DecidableEq X] [(x : X) → DecidableEq (O x)] [Fintype B] [DecidableEq B] in theorem ...
note: this linter can be disabled with `set_option linter.unusedSectionVars false`
⚠ [2839/2874] Replayed Bell.Witness
warning: ././././Bell/Witness.lean:137:2: Used `tac1 <;> tac2` where `(tac1; tac2)` would suffice
note: this linter can be disabled with `set_option linter.unnecessarySeqFocus false`
warning: ././././Bell/Witness.lean:224:2: Used `tac1 <;> tac2` where `(tac1; tac2)` would suffice
note: this linter can be disabled with `set_option linter.unnecessarySeqFocus false`
warning: ././././Bell/Witness.lean:224:14: Used `tac1 <;> tac2` where `(tac1; tac2)` would suffice
note: this linter can be disabled with `set_option linter.unnecessarySeqFocus false`
⚠ [2840/2874] Replayed Bell.Transportation
warning: ././././Bell/Transportation.lean:75:28: Used `tac1 <;> tac2` where `(tac1; tac2)` would suffice
note: this linter can be disabled with `set_option linter.unnecessarySeqFocus false`
⚠ [2855/2874] Replayed Bell.Targets
warning: ././././Bell/Targets.lean:26:2: Used `tac1 <;> tac2` where `(tac1; tac2)` would suffice
note: this linter can be disabled with `set_option linter.unnecessarySeqFocus false`
warning: ././././Bell/Targets.lean:27:2: Used `tac1 <;> tac2` where `(tac1; tac2)` would suffice
note: this linter can be disabled with `set_option linter.unnecessarySeqFocus false`
warning: ././././Bell/Targets.lean:28:2: Used `tac1 <;> tac2` where `(tac1; tac2)` would suffice
note: this linter can be disabled with `set_option linter.unnecessarySeqFocus false`
warning: ././././Bell/Targets.lean:34:2: Used `tac1 <;> tac2` where `(tac1; tac2)` would suffice
note: this linter can be disabled with `set_option linter.unnecessarySeqFocus false`
warning: ././././Bell/Targets.lean:35:2: Used `tac1 <;> tac2` where `(tac1; tac2)` would suffice
note: this linter can be disabled with `set_option linter.unnecessarySeqFocus false`
warning: ././././Bell/Targets.lean:36:2: Used `tac1 <;> tac2` where `(tac1; tac2)` would suffice
note: this linter can be disabled with `set_option linter.unnecessarySeqFocus false`
⚠ [2858/2874] Replayed Bell.ConeCircuits
warning: ././././Bell/ConeCircuits.lean:55:0: automatically included section variable(s) unused in theorem 'Bell.ConeCircuits.weights_convex':
  [DecidableEq ι]
consider restructuring your `variable` declarations so that the variables are not in scope or explicitly omit them:
  omit [DecidableEq ι] in theorem ...
note: this linter can be disabled with `set_option linter.unusedSectionVars false`
warning: ././././Bell/ConeCircuits.lean:61:0: automatically included section variable(s) unused in theorem 'Bell.ConeCircuits.weights_isClosed':
  [DecidableEq ι]
consider restructuring your `variable` declarations so that the variables are not in scope or explicitly omit them:
  omit [DecidableEq ι] in theorem ...
note: this linter can be disabled with `set_option linter.unusedSectionVars false`
warning: ././././Bell/ConeCircuits.lean:85:0: automatically included section variable(s) unused in theorem 'Bell.ConeCircuits.balance_sideSum':
  [DecidableEq ι]
consider restructuring your `variable` declarations so that the variables are not in scope or explicitly omit them:
  omit [DecidableEq ι] in theorem ...
note: this linter can be disabled with `set_option linter.unusedSectionVars false`
warning: ././././Bell/ConeCircuits.lean:92:0: automatically included section variable(s) unused in theorem 'Bell.ConeCircuits.mass_sideSum':
  [DecidableEq ι]
consider restructuring your `variable` declarations so that the variables are not in scope or explicitly omit them:
  omit [DecidableEq ι] in theorem ...
note: this linter can be disabled with `set_option linter.unusedSectionVars false`
warning: ././././Bell/ConeCircuits.lean:127:0: automatically included section variable(s) unused in theorem 'Bell.ConeCircuits.extreme_relation_zero':
  [DecidableEq ι]
consider restructuring your `variable` declarations so that the variables are not in scope or explicitly omit them:
  omit [DecidableEq ι] in theorem ...
note: this linter can be disabled with `set_option linter.unusedSectionVars false`
warning: ././././Bell/ConeCircuits.lean:198:0: automatically included section variable(s) unused in theorem 'Bell.ConeCircuits.sideSum_future':
  [DecidableEq ι]
consider restructuring your `variable` declarations so that the variables are not in scope or explicitly omit them:
  omit [DecidableEq ι] in theorem ...
note: this linter can be disabled with `set_option linter.unusedSectionVars false`
warning: ././././Bell/ConeCircuits.lean:207:8: automatically included section variable(s) unused in theorem '_private.Bell.ConeCircuits.0.Bell.ConeCircuits.singleton_side_sum':
  [DecidableEq ι]
consider restructuring your `variable` declarations so that the variables are not in scope or explicitly omit them:
  omit [DecidableEq ι] in theorem ...
note: this linter can be disabled with `set_option linter.unusedSectionVars false`
warning: ././././Bell/ConeCircuits.lean:289:4: Used `tac1 <;> tac2` where `(tac1; tac2)` would suffice
note: this linter can be disabled with `set_option linter.unnecessarySeqFocus false`
⚠ [2859/2874] Replayed Bell.CircuitRealization
warning: ././././Bell/CircuitRealization.lean:28:0: automatically included section variable(s) unused in theorem 'Bell.ConeCircuits.outcomeVector_sum':
  [DecidableEq ι]
consider restructuring your `variable` declarations so that the variables are not in scope or explicitly omit them:
  omit [DecidableEq ι] in theorem ...
note: this linter can be disabled with `set_option linter.unusedSectionVars false`
⚠ [2862/2874] Replayed Bell.ExtremeMeasurement
warning: ././././Bell/ExtremeMeasurement.lean:95:22: Used `tac1 <;> tac2` where `(tac1; tac2)` would suffice
note: this linter can be disabled with `set_option linter.unnecessarySeqFocus false`
warning: ././././Bell/ExtremeMeasurement.lean:99:22: Used `tac1 <;> tac2` where `(tac1; tac2)` would suffice
note: this linter can be disabled with `set_option linter.unnecessarySeqFocus false`
warning: ././././Bell/ExtremeMeasurement.lean:161:27: Used `tac1 <;> tac2` where `(tac1; tac2)` would suffice
note: this linter can be disabled with `set_option linter.unnecessarySeqFocus false`
warning: ././././Bell/ExtremeMeasurement.lean:161:44: Used `tac1 <;> tac2` where `(tac1; tac2)` would suffice
note: this linter can be disabled with `set_option linter.unnecessarySeqFocus false`
warning: ././././Bell/ExtremeMeasurement.lean:170:27: Used `tac1 <;> tac2` where `(tac1; tac2)` would suffice
note: this linter can be disabled with `set_option linter.unnecessarySeqFocus false`
warning: ././././Bell/ExtremeMeasurement.lean:170:44: Used `tac1 <;> tac2` where `(tac1; tac2)` would suffice
note: this linter can be disabled with `set_option linter.unnecessarySeqFocus false`
⚠ [2867/2874] Replayed Bell.RankZeroSimulation
warning: ././././Bell/RankZeroSimulation.lean:99:34: unused variable `h`
note: this linter can be disabled with `set_option linter.unusedVariables false`
⚠ [2870/2874] Replayed Bell.CommonSpanFiltering
warning: ././././Bell/CommonSpanFiltering.lean:52:28: unused variable `hH`
note: this linter can be disabled with `set_option linter.unusedVariables false`
⚠ [2874/2894] Replayed Bell.SmallOutputEncoding
warning: ././././Bell/SmallOutputEncoding.lean:77:40: unused variable `hc`
note: this linter can be disabled with `set_option linter.unusedVariables false`
⚠ [2884/2894] Replayed Bell.ResidualEncoding
warning: ././././Bell/ResidualEncoding.lean:70:55: Used `tac1 <;> tac2` where `(tac1; tac2)` would suffice
note: this linter can be disabled with `set_option linter.unnecessarySeqFocus false`
warning: ././././Bell/ResidualEncoding.lean:224:99: Used `tac1 <;> tac2` where `(tac1; tac2)` would suffice
note: this linter can be disabled with `set_option linter.unnecessarySeqFocus false`
⚠ [2891/2894] Replayed Bell.StrengthenedWitness
warning: ././././Bell/StrengthenedWitness.lean:42:2: Used `tac1 <;> tac2` where `(tac1; tac2)` would suffice
note: this linter can be disabled with `set_option linter.unnecessarySeqFocus false`
warning: ././././Bell/StrengthenedWitness.lean:47:2: Used `tac1 <;> tac2` where `(tac1; tac2)` would suffice
note: this linter can be disabled with `set_option linter.unnecessarySeqFocus false`
warning: ././././Bell/StrengthenedWitness.lean:54:6: Used `tac1 <;> tac2` where `(tac1; tac2)` would suffice
note: this linter can be disabled with `set_option linter.unnecessarySeqFocus false`
warning: ././././Bell/StrengthenedWitness.lean:114:43: this tactic is never executed
note: this linter can be disabled with `set_option linter.unreachableTactic false`
warning: ././././Bell/StrengthenedWitness.lean:114:43: 'ring' tactic does nothing
note: this linter can be disabled with `set_option linter.unusedTactic false`
warning: ././././Bell/StrengthenedWitness.lean:178:2: Used `tac1 <;> tac2` where `(tac1; tac2)` would suffice
note: this linter can be disabled with `set_option linter.unnecessarySeqFocus false`
✔ [2894/2894] Built Bell.HilbertSimulation
Build completed successfully.
$ lake build Bell.HilbertFiniteLabels
⚠ [2824/2896] Replayed Bell.HilbertCoordinates
warning: ././././Bell/HilbertCoordinates.lean:20:8: automatically included section variable(s) unused in theorem 'Bell.Hilbert.basisInner_zero_left':
  [DecidableEq ι]
consider restructuring your `variable` declarations so that the variables are not in scope or explicitly omit them:
  omit [DecidableEq ι] in theorem ...
note: this linter can be disabled with `set_option linter.unusedSectionVars false`
warning: ././././Bell/HilbertCoordinates.lean:22:8: automatically included section variable(s) unused in theorem 'Bell.Hilbert.basisInner_zero_right':
  [DecidableEq ι]
consider restructuring your `variable` declarations so that the variables are not in scope or explicitly omit them:
  omit [DecidableEq ι] in theorem ...
note: this linter can be disabled with `set_option linter.unusedSectionVars false`
warning: ././././Bell/HilbertCoordinates.lean:24:8: automatically included section variable(s) unused in theorem 'Bell.Hilbert.basisInner_add_left':
  [DecidableEq ι]
consider restructuring your `variable` declarations so that the variables are not in scope or explicitly omit them:
  omit [DecidableEq ι] in theorem ...
note: this linter can be disabled with `set_option linter.unusedSectionVars false`
warning: ././././Bell/HilbertCoordinates.lean:27:8: automatically included section variable(s) unused in theorem 'Bell.Hilbert.basisInner_add_right':
  [DecidableEq ι]
consider restructuring your `variable` declarations so that the variables are not in scope or explicitly omit them:
  omit [DecidableEq ι] in theorem ...
note: this linter can be disabled with `set_option linter.unusedSectionVars false`
warning: ././././Bell/HilbertCoordinates.lean:65:0: automatically included section variable(s) unused in theorem 'Bell.Hilbert.basisInner_self_nonneg':
  [DecidableEq ι]
consider restructuring your `variable` declarations so that the variables are not in scope or explicitly omit them:
  omit [DecidableEq ι] in theorem ...
note: this linter can be disabled with `set_option linter.unusedSectionVars false`
warning: ././././Bell/HilbertCoordinates.lean:68:0: automatically included section variable(s) unused in theorem 'Bell.Hilbert.basisInner_self_eq_zero_iff':
  [DecidableEq ι]
consider restructuring your `variable` declarations so that the variables are not in scope or explicitly omit them:
  omit [DecidableEq ι] in theorem ...
note: this linter can be disabled with `set_option linter.unusedSectionVars false`
warning: ././././Bell/HilbertCoordinates.lean:73:8: automatically included section variable(s) unused in theorem 'Bell.Hilbert.basisInner_smul_left':
  [DecidableEq ι]
consider restructuring your `variable` declarations so that the variables are not in scope or explicitly omit them:
  omit [DecidableEq ι] in theorem ...
note: this linter can be disabled with `set_option linter.unusedSectionVars false`
warning: ././././Bell/HilbertCoordinates.lean:76:8: automatically included section variable(s) unused in theorem 'Bell.Hilbert.basisInner_smul_right':
  [DecidableEq ι]
consider restructuring your `variable` declarations so that the variables are not in scope or explicitly omit them:
  omit [DecidableEq ι] in theorem ...
note: this linter can be disabled with `set_option linter.unusedSectionVars false`
warning: ././././Bell/HilbertCoordinates.lean:80:0: automatically included section variable(s) unused in theorem 'Bell.Hilbert.basisInner_conj_symm':
  [DecidableEq ι]
consider restructuring your `variable` declarations so that the variables are not in scope or explicitly omit them:
  omit [DecidableEq ι] in theorem ...
note: this linter can be disabled with `set_option linter.unusedSectionVars false`
warning: ././././Bell/HilbertCoordinates.lean:88:0: automatically included section variable(s) unused in theorem 'Bell.Hilbert.orthonormal_basisInner':
  [DecidableEq ι]
consider restructuring your `variable` declarations so that the variables are not in scope or explicitly omit them:
  omit [DecidableEq ι] in theorem ...
note: this linter can be disabled with `set_option linter.unusedSectionVars false`
⚠ [2825/2896] Replayed Bell.IsometricCompression
warning: ././././Bell/IsometricCompression.lean:19:1: automatically included section variable(s) unused in theorem 'Bell.IsometricCompression.embed_positive':
  [DecidableEq m]
  [DecidableEq n]
consider restructuring your `variable` declarations so that the variables are not in scope or explicitly omit them:
  omit [DecidableEq m] [DecidableEq n] in theorem ...
note: this linter can be disabled with `set_option linter.unusedSectionVars false`
warning: ././././Bell/IsometricCompression.lean:23:0: automatically included section variable(s) unused in theorem 'Bell.IsometricCompression.embed_trace':
  [DecidableEq m]
consider restructuring your `variable` declarations so that the variables are not in scope or explicitly omit them:
  omit [DecidableEq m] in theorem ...
note: this linter can be disabled with `set_option linter.unusedSectionVars false`
warning: ././././Bell/IsometricCompression.lean:28:0: automatically included section variable(s) unused in theorem 'Bell.IsometricCompression.embed_mul':
  [DecidableEq m]
consider restructuring your `variable` declarations so that the variables are not in scope or explicitly omit them:
  omit [DecidableEq m] in theorem ...
note: this linter can be disabled with `set_option linter.unusedSectionVars false`
warning: ././././Bell/IsometricCompression.lean:36:0: automatically included section variable(s) unused in theorem 'Bell.IsometricCompression.support_idempotent':
  [DecidableEq m]
consider restructuring your `variable` declarations so that the variables are not in scope or explicitly omit them:
  omit [DecidableEq m] in theorem ...
note: this linter can be disabled with `set_option linter.unusedSectionVars false`
warning: ././././Bell/IsometricCompression.lean:42:1: automatically included section variable(s) unused in theorem 'Bell.IsometricCompression.complement_hermitian':
  [Fintype m]
  [DecidableEq n]
consider restructuring your `variable` declarations so that the variables are not in scope or explicitly omit them:
  omit [Fintype m] [DecidableEq n] in theorem ...
note: this linter can be disabled with `set_option linter.unusedSectionVars false`
warning: ././././Bell/IsometricCompression.lean:76:1: automatically included section variable(s) unused in theorem 'Bell.IsometricCompression.embed_zero':
  [Fintype m]
  [DecidableEq m]
  [DecidableEq n]
consider restructuring your `variable` declarations so that the variables are not in scope or explicitly omit them:
  omit [Fintype m] [DecidableEq m] [DecidableEq n] in theorem ...
note: this linter can be disabled with `set_option linter.unusedSectionVars false`
warning: ././././Bell/IsometricCompression.lean:78:1: automatically included section variable(s) unused in theorem 'Bell.IsometricCompression.embed_one_add_complement':
  [Fintype m]
consider restructuring your `variable` declarations so that the variables are not in scope or explicitly omit them:
  omit [Fintype m] in theorem ...
note: this linter can be disabled with `set_option linter.unusedSectionVars false`
warning: ././././Bell/IsometricCompression.lean:87:0: automatically included section variable(s) unused in theorem 'Bell.IsometricCompression.paddedEffect_positive':
  [Fintype α]
consider restructuring your `variable` declarations so that the variables are not in scope or explicitly omit them:
  omit [Fintype α] in theorem ...
note: this linter can be disabled with `set_option linter.unusedSectionVars false`
warning: ././././Bell/IsometricCompression.lean:103:0: automatically included section variable(s) unused in theorem 'Bell.IsometricCompression.paddedEffect_idempotent':
  [Fintype α]
consider restructuring your `variable` declarations so that the variables are not in scope or explicitly omit them:
  omit [Fintype α] in theorem ...
note: this linter can be disabled with `set_option linter.unusedSectionVars false`
warning: ././././Bell/IsometricCompression.lean:114:0: automatically included section variable(s) unused in theorem 'Bell.IsometricCompression.paddedEffect_orthogonal':
  [Fintype α]
consider restructuring your `variable` declarations so that the variables are not in scope or explicitly omit them:
  omit [Fintype α] in theorem ...
note: this linter can be disabled with `set_option linter.unusedSectionVars false`
warning: ././././Bell/IsometricCompression.lean:127:0: automatically included section variable(s) unused in theorem 'Bell.IsometricCompression.compress_paddedEffect':
  [Fintype α]
consider restructuring your `variable` declarations so that the variables are not in scope or explicitly omit them:
  omit [Fintype α] in theorem ...
note: this linter can be disabled with `set_option linter.unusedSectionVars false`
warning: ././././Bell/IsometricCompression.lean:147:0: automatically included section variable(s) unused in theorem 'Bell.IsometricCompression.kronecker_conjTranspose':
  [Fintype m]
  [Fintype n]
  [Fintype p]
  [Fintype q]
  [DecidableEq m]
  [DecidableEq n]
  [DecidableEq p]
  [DecidableEq q]
consider restructuring your `variable` declarations so that the variables are not in scope or explicitly omit them:
  omit [Fintype
  m] [Fintype n] [Fintype p] [Fintype q] [DecidableEq m] [DecidableEq n] [DecidableEq p] [DecidableEq q] in theorem ...
note: this linter can be disabled with `set_option linter.unusedSectionVars false`
warning: ././././Bell/IsometricCompression.lean:164:0: automatically included section variable(s) unused in theorem 'Bell.IsometricCompression.trace_embed_pairing':
  [DecidableEq m]
  [DecidableEq n]
consider restructuring your `variable` declarations so that the variables are not in scope or explicitly omit them:
  omit [DecidableEq m] [DecidableEq n] in theorem ...
note: this linter can be disabled with `set_option linter.unusedSectionVars false`
⚠ [2826/2896] Replayed Bell.HilbertIsometry
warning: ././././Bell/HilbertIsometry.lean:13:0: automatically included section variable(s) unused in theorem 'Bell.Hilbert.matrix_inner_preservation':
  [DecidableEq m]
consider restructuring your `variable` declarations so that the variables are not in scope or explicitly omit them:
  omit [DecidableEq m] in theorem ...
note: this linter can be disabled with `set_option linter.unusedSectionVars false`
⚠ [2827/2896] Replayed Bell.HilbertCorrespondence
warning: ././././Bell/HilbertCorrespondence.lean:90:0: automatically included section variable(s) unused in theorem 'Bell.Hilbert.POVM.coordinates_positive':
  [FiniteDimensional ℂ E]
consider restructuring your `variable` declarations so that the variables are not in scope or explicitly omit them:
  omit [FiniteDimensional ℂ E] in theorem ...
note: this linter can be disabled with `set_option linter.unusedSectionVars false`
warning: ././././Bell/HilbertCorrespondence.lean:93:0: automatically included section variable(s) unused in theorem 'Bell.Hilbert.POVM.coordinates_sum':
  [FiniteDimensional ℂ E]
consider restructuring your `variable` declarations so that the variables are not in scope or explicitly omit them:
  omit [FiniteDimensional ℂ E] in theorem ...
note: this linter can be disabled with `set_option linter.unusedSectionVars false`
warning: ././././Bell/HilbertCorrespondence.lean:98:0: automatically included section variable(s) unused in theorem 'Bell.Hilbert.PVM.coordinates_idempotent':
  [FiniteDimensional ℂ E]
consider restructuring your `variable` declarations so that the variables are not in scope or explicitly omit them:
  omit [FiniteDimensional ℂ E] in theorem ...
note: this linter can be disabled with `set_option linter.unusedSectionVars false`
warning: ././././Bell/HilbertCorrespondence.lean:102:0: automatically included section variable(s) unused in theorem 'Bell.Hilbert.PVM.coordinates_orthogonal':
  [FiniteDimensional ℂ E]
consider restructuring your `variable` declarations so that the variables are not in scope or explicitly omit them:
  omit [FiniteDimensional ℂ E] in theorem ...
note: this linter can be disabled with `set_option linter.unusedSectionVars false`
warning: ././././Bell/HilbertCorrespondence.lean:136:0: automatically included section variable(s) unused in theorem 'Bell.Hilbert.POVM.outcomes_pos':
  [FiniteDimensional ℂ E]
consider restructuring your `variable` declarations so that the variables are not in scope or explicitly omit them:
  omit [FiniteDimensional ℂ E] in theorem ...
note: this linter can be disabled with `set_option linter.unusedSectionVars false`
⚠ [2831/2896] Replayed Bell.Lorentz
warning: ././././Bell/Lorentz.lean:63:71: this tactic is never executed
note: this linter can be disabled with `set_option linter.unreachableTactic false`
warning: ././././Bell/Lorentz.lean:63:71: 'ring' tactic does nothing
note: this linter can be disabled with `set_option linter.unusedTactic false`
warning: ././././Bell/Lorentz.lean:114:2: Used `tac1 <;> tac2` where `(tac1; tac2)` would suffice
note: this linter can be disabled with `set_option linter.unnecessarySeqFocus false`
warning: ././././Bell/Lorentz.lean:118:62: Used `tac1 <;> tac2` where `(tac1; tac2)` would suffice
note: this linter can be disabled with `set_option linter.unnecessarySeqFocus false`
warning: ././././Bell/Lorentz.lean:146:2: Used `tac1 <;> tac2` where `(tac1; tac2)` would suffice
note: this linter can be disabled with `set_option linter.unnecessarySeqFocus false`
warning: ././././Bell/Lorentz.lean:212:47: this tactic is never executed
note: this linter can be disabled with `set_option linter.unreachableTactic false`
warning: ././././Bell/Lorentz.lean:212:47: 'ring' tactic does nothing
note: this linter can be disabled with `set_option linter.unusedTactic false`
warning: ././././Bell/Lorentz.lean:218:2: Used `tac1 <;> tac2` where `(tac1; tac2)` would suffice
note: this linter can be disabled with `set_option linter.unnecessarySeqFocus false`
warning: ././././Bell/Lorentz.lean:223:2: Used `tac1 <;> tac2` where `(tac1; tac2)` would suffice
note: this linter can be disabled with `set_option linter.unnecessarySeqFocus false`
⚠ [2837/2896] Replayed Bell.MeasurementGeometry
warning: ././././Bell/MeasurementGeometry.lean:123:52: unused variable `hA`
note: this linter can be disabled with `set_option linter.unusedVariables false`
warning: ././././Bell/MeasurementGeometry.lean:124:5: unused variable `hB`
note: this linter can be disabled with `set_option linter.unusedVariables false`
⚠ [2838/2896] Replayed Bell.ClassicalProduct
warning: ././././Bell/ClassicalProduct.lean:27:0: automatically included section variable(s) unused in theorem 'Bell.ClassicalProduct.total_mass':
  [(x : X) → DecidableEq (O x)]
consider restructuring your `variable` declarations so that the variables are not in scope or explicitly omit them:
  omit [(x : X) → DecidableEq (O x)] in theorem ...
note: this linter can be disabled with `set_option linter.unusedSectionVars false`
warning: ././././Bell/ClassicalProduct.lean:42:0: automatically included section variable(s) unused in theorem 'Bell.ClassicalProduct.pin_mass':
  [(x : X) → Fintype (O x)]
consider restructuring your `variable` declarations so that the variables are not in scope or explicitly omit them:
  omit [(x : X) → Fintype (O x)] in theorem ...
note: this linter can be disabled with `set_option linter.unusedSectionVars false`
warning: ././././Bell/ClassicalProduct.lean:89:0: automatically included section variable(s) unused in theorem 'Bell.ClassicalProduct.conditional_normalized':
  [Fintype X]
  [DecidableEq X]
  [(x : X) → DecidableEq (O x)]
  [Fintype B]
  [DecidableEq B]
consider restructuring your `variable` declarations so that the variables are not in scope or explicitly omit them:
  omit [Fintype X] [DecidableEq X] [(x : X) → DecidableEq (O x)] [Fintype B] [DecidableEq B] in theorem ...
note: this linter can be disabled with `set_option linter.unusedSectionVars false`
warning: ././././Bell/ClassicalProduct.lean:95:0: automatically included section variable(s) unused in theorem 'Bell.ClassicalProduct.weight_nonnegative':
  [DecidableEq X]
  [(x : X) → Fintype (O x)]
  [(x : X) → DecidableEq (O x)]
  [Fintype B]
  [DecidableEq B]
consider restructuring your `variable` declarations so that the variables are not in scope or explicitly omit them:
  omit [DecidableEq
  X] [(x : X) → Fintype (O x)] [(x : X) → DecidableEq (O x)] [Fintype B] [DecidableEq B] in theorem ...
note: this linter can be disabled with `set_option linter.unusedSectionVars false`
warning: ././././Bell/ClassicalProduct.lean:119:0: automatically included section variable(s) unused in theorem 'Bell.ClassicalProduct.entry_zero_of_marginal_zero':
  [Fintype X]
  [DecidableEq X]
  [(x : X) → DecidableEq (O x)]
  [Fintype B]
  [DecidableEq B]
consider restructuring your `variable` declarations so that the variables are not in scope or explicitly omit them:
  omit [Fintype X] [DecidableEq X] [(x : X) → DecidableEq (O x)] [Fintype B] [DecidableEq B] in theorem ...
note: this linter can be disabled with `set_option linter.unusedSectionVars false`
⚠ [2840/2896] Replayed Bell.Witness
warning: ././././Bell/Witness.lean:137:2: Used `tac1 <;> tac2` where `(tac1; tac2)` would suffice
note: this linter can be disabled with `set_option linter.unnecessarySeqFocus false`
warning: ././././Bell/Witness.lean:224:2: Used `tac1 <;> tac2` where `(tac1; tac2)` would suffice
note: this linter can be disabled with `set_option linter.unnecessarySeqFocus false`
warning: ././././Bell/Witness.lean:224:14: Used `tac1 <;> tac2` where `(tac1; tac2)` would suffice
note: this linter can be disabled with `set_option linter.unnecessarySeqFocus false`
⚠ [2841/2896] Replayed Bell.Transportation
warning: ././././Bell/Transportation.lean:75:28: Used `tac1 <;> tac2` where `(tac1; tac2)` would suffice
note: this linter can be disabled with `set_option linter.unnecessarySeqFocus false`
⚠ [2856/2896] Replayed Bell.Targets
warning: ././././Bell/Targets.lean:26:2: Used `tac1 <;> tac2` where `(tac1; tac2)` would suffice
note: this linter can be disabled with `set_option linter.unnecessarySeqFocus false`
warning: ././././Bell/Targets.lean:27:2: Used `tac1 <;> tac2` where `(tac1; tac2)` would suffice
note: this linter can be disabled with `set_option linter.unnecessarySeqFocus false`
warning: ././././Bell/Targets.lean:28:2: Used `tac1 <;> tac2` where `(tac1; tac2)` would suffice
note: this linter can be disabled with `set_option linter.unnecessarySeqFocus false`
warning: ././././Bell/Targets.lean:34:2: Used `tac1 <;> tac2` where `(tac1; tac2)` would suffice
note: this linter can be disabled with `set_option linter.unnecessarySeqFocus false`
warning: ././././Bell/Targets.lean:35:2: Used `tac1 <;> tac2` where `(tac1; tac2)` would suffice
note: this linter can be disabled with `set_option linter.unnecessarySeqFocus false`
warning: ././././Bell/Targets.lean:36:2: Used `tac1 <;> tac2` where `(tac1; tac2)` would suffice
note: this linter can be disabled with `set_option linter.unnecessarySeqFocus false`
⚠ [2859/2896] Replayed Bell.ConeCircuits
warning: ././././Bell/ConeCircuits.lean:55:0: automatically included section variable(s) unused in theorem 'Bell.ConeCircuits.weights_convex':
  [DecidableEq ι]
consider restructuring your `variable` declarations so that the variables are not in scope or explicitly omit them:
  omit [DecidableEq ι] in theorem ...
note: this linter can be disabled with `set_option linter.unusedSectionVars false`
warning: ././././Bell/ConeCircuits.lean:61:0: automatically included section variable(s) unused in theorem 'Bell.ConeCircuits.weights_isClosed':
  [DecidableEq ι]
consider restructuring your `variable` declarations so that the variables are not in scope or explicitly omit them:
  omit [DecidableEq ι] in theorem ...
note: this linter can be disabled with `set_option linter.unusedSectionVars false`
warning: ././././Bell/ConeCircuits.lean:85:0: automatically included section variable(s) unused in theorem 'Bell.ConeCircuits.balance_sideSum':
  [DecidableEq ι]
consider restructuring your `variable` declarations so that the variables are not in scope or explicitly omit them:
  omit [DecidableEq ι] in theorem ...
note: this linter can be disabled with `set_option linter.unusedSectionVars false`
warning: ././././Bell/ConeCircuits.lean:92:0: automatically included section variable(s) unused in theorem 'Bell.ConeCircuits.mass_sideSum':
  [DecidableEq ι]
consider restructuring your `variable` declarations so that the variables are not in scope or explicitly omit them:
  omit [DecidableEq ι] in theorem ...
note: this linter can be disabled with `set_option linter.unusedSectionVars false`
warning: ././././Bell/ConeCircuits.lean:127:0: automatically included section variable(s) unused in theorem 'Bell.ConeCircuits.extreme_relation_zero':
  [DecidableEq ι]
consider restructuring your `variable` declarations so that the variables are not in scope or explicitly omit them:
  omit [DecidableEq ι] in theorem ...
note: this linter can be disabled with `set_option linter.unusedSectionVars false`
warning: ././././Bell/ConeCircuits.lean:198:0: automatically included section variable(s) unused in theorem 'Bell.ConeCircuits.sideSum_future':
  [DecidableEq ι]
consider restructuring your `variable` declarations so that the variables are not in scope or explicitly omit them:
  omit [DecidableEq ι] in theorem ...
note: this linter can be disabled with `set_option linter.unusedSectionVars false`
warning: ././././Bell/ConeCircuits.lean:207:8: automatically included section variable(s) unused in theorem '_private.Bell.ConeCircuits.0.Bell.ConeCircuits.singleton_side_sum':
  [DecidableEq ι]
consider restructuring your `variable` declarations so that the variables are not in scope or explicitly omit them:
  omit [DecidableEq ι] in theorem ...
note: this linter can be disabled with `set_option linter.unusedSectionVars false`
warning: ././././Bell/ConeCircuits.lean:289:4: Used `tac1 <;> tac2` where `(tac1; tac2)` would suffice
note: this linter can be disabled with `set_option linter.unnecessarySeqFocus false`
⚠ [2860/2896] Replayed Bell.CircuitRealization
warning: ././././Bell/CircuitRealization.lean:28:0: automatically included section variable(s) unused in theorem 'Bell.ConeCircuits.outcomeVector_sum':
  [DecidableEq ι]
consider restructuring your `variable` declarations so that the variables are not in scope or explicitly omit them:
  omit [DecidableEq ι] in theorem ...
note: this linter can be disabled with `set_option linter.unusedSectionVars false`
⚠ [2863/2896] Replayed Bell.ExtremeMeasurement
warning: ././././Bell/ExtremeMeasurement.lean:95:22: Used `tac1 <;> tac2` where `(tac1; tac2)` would suffice
note: this linter can be disabled with `set_option linter.unnecessarySeqFocus false`
warning: ././././Bell/ExtremeMeasurement.lean:99:22: Used `tac1 <;> tac2` where `(tac1; tac2)` would suffice
note: this linter can be disabled with `set_option linter.unnecessarySeqFocus false`
warning: ././././Bell/ExtremeMeasurement.lean:161:27: Used `tac1 <;> tac2` where `(tac1; tac2)` would suffice
note: this linter can be disabled with `set_option linter.unnecessarySeqFocus false`
warning: ././././Bell/ExtremeMeasurement.lean:161:44: Used `tac1 <;> tac2` where `(tac1; tac2)` would suffice
note: this linter can be disabled with `set_option linter.unnecessarySeqFocus false`
warning: ././././Bell/ExtremeMeasurement.lean:170:27: Used `tac1 <;> tac2` where `(tac1; tac2)` would suffice
note: this linter can be disabled with `set_option linter.unnecessarySeqFocus false`
warning: ././././Bell/ExtremeMeasurement.lean:170:44: Used `tac1 <;> tac2` where `(tac1; tac2)` would suffice
note: this linter can be disabled with `set_option linter.unnecessarySeqFocus false`
⚠ [2868/2896] Replayed Bell.RankZeroSimulation
warning: ././././Bell/RankZeroSimulation.lean:99:34: unused variable `h`
note: this linter can be disabled with `set_option linter.unusedVariables false`
⚠ [2871/2896] Replayed Bell.CommonSpanFiltering
warning: ././././Bell/CommonSpanFiltering.lean:52:28: unused variable `hH`
note: this linter can be disabled with `set_option linter.unusedVariables false`
⚠ [2874/2896] Replayed Bell.SmallOutputEncoding
warning: ././././Bell/SmallOutputEncoding.lean:77:40: unused variable `hc`
note: this linter can be disabled with `set_option linter.unusedVariables false`
⚠ [2884/2896] Replayed Bell.ResidualEncoding
warning: ././././Bell/ResidualEncoding.lean:70:55: Used `tac1 <;> tac2` where `(tac1; tac2)` would suffice
note: this linter can be disabled with `set_option linter.unnecessarySeqFocus false`
warning: ././././Bell/ResidualEncoding.lean:224:99: Used `tac1 <;> tac2` where `(tac1; tac2)` would suffice
note: this linter can be disabled with `set_option linter.unnecessarySeqFocus false`
⚠ [2891/2896] Replayed Bell.StrengthenedWitness
warning: ././././Bell/StrengthenedWitness.lean:42:2: Used `tac1 <;> tac2` where `(tac1; tac2)` would suffice
note: this linter can be disabled with `set_option linter.unnecessarySeqFocus false`
warning: ././././Bell/StrengthenedWitness.lean:47:2: Used `tac1 <;> tac2` where `(tac1; tac2)` would suffice
note: this linter can be disabled with `set_option linter.unnecessarySeqFocus false`
warning: ././././Bell/StrengthenedWitness.lean:54:6: Used `tac1 <;> tac2` where `(tac1; tac2)` would suffice
note: this linter can be disabled with `set_option linter.unnecessarySeqFocus false`
warning: ././././Bell/StrengthenedWitness.lean:114:43: this tactic is never executed
note: this linter can be disabled with `set_option linter.unreachableTactic false`
warning: ././././Bell/StrengthenedWitness.lean:114:43: 'ring' tactic does nothing
note: this linter can be disabled with `set_option linter.unusedTactic false`
warning: ././././Bell/StrengthenedWitness.lean:178:2: Used `tac1 <;> tac2` where `(tac1; tac2)` would suffice
note: this linter can be disabled with `set_option linter.unnecessarySeqFocus false`
⚠ [2896/2896] Built Bell.HilbertFiniteLabels
warning: ././././Bell/HilbertFiniteLabels.lean:42:8: automatically included section variable(s) unused in theorem 'Bell.HilbertFiniteLabels.POVM.decode_encode':
  [FiniteDimensional ℂ E]
consider restructuring your `variable` declarations so that the variables are not in scope or explicitly omit them:
  omit [FiniteDimensional ℂ E] in theorem ...
note: this linter can be disabled with `set_option linter.unusedSectionVars false`
warning: ././././Bell/HilbertFiniteLabels.lean:46:8: automatically included section variable(s) unused in theorem 'Bell.HilbertFiniteLabels.POVM.encode_decode':
  [FiniteDimensional ℂ E]
consider restructuring your `variable` declarations so that the variables are not in scope or explicitly omit them:
  omit [FiniteDimensional ℂ E] in theorem ...
note: this linter can be disabled with `set_option linter.unusedSectionVars false`
warning: ././././Bell/HilbertFiniteLabels.lean:57:13: unused variable `k`
note: this linter can be disabled with `set_option linter.unusedVariables false`
warning: ././././Bell/HilbertFiniteLabels.lean:57:15: unused variable `l`
note: this linter can be disabled with `set_option linter.unusedVariables false`
warning: ././././Bell/HilbertFiniteLabels.lean:62:13: unused variable `a`
note: this linter can be disabled with `set_option linter.unusedVariables false`
warning: ././././Bell/HilbertFiniteLabels.lean:62:15: unused variable `b`
note: this linter can be disabled with `set_option linter.unusedVariables false`
warning: ././././Bell/HilbertFiniteLabels.lean:296:2: try 'simp at h' instead of 'simpa using h'
note: this linter can be disabled with `set_option linter.unnecessarySimpa false`
warning: ././././Bell/HilbertFiniteLabels.lean:302:2: try 'simp at h' instead of 'simpa using h'
note: this linter can be disabled with `set_option linter.unnecessarySimpa false`
Build completed successfully.
$ lake build Bell
⚠ [2825/2900] Replayed Bell.Lorentz
warning: ././././Bell/Lorentz.lean:63:71: this tactic is never executed
note: this linter can be disabled with `set_option linter.unreachableTactic false`
warning: ././././Bell/Lorentz.lean:63:71: 'ring' tactic does nothing
note: this linter can be disabled with `set_option linter.unusedTactic false`
warning: ././././Bell/Lorentz.lean:114:2: Used `tac1 <;> tac2` where `(tac1; tac2)` would suffice
note: this linter can be disabled with `set_option linter.unnecessarySeqFocus false`
warning: ././././Bell/Lorentz.lean:118:62: Used `tac1 <;> tac2` where `(tac1; tac2)` would suffice
note: this linter can be disabled with `set_option linter.unnecessarySeqFocus false`
warning: ././././Bell/Lorentz.lean:146:2: Used `tac1 <;> tac2` where `(tac1; tac2)` would suffice
note: this linter can be disabled with `set_option linter.unnecessarySeqFocus false`
warning: ././././Bell/Lorentz.lean:212:47: this tactic is never executed
note: this linter can be disabled with `set_option linter.unreachableTactic false`
warning: ././././Bell/Lorentz.lean:212:47: 'ring' tactic does nothing
note: this linter can be disabled with `set_option linter.unusedTactic false`
warning: ././././Bell/Lorentz.lean:218:2: Used `tac1 <;> tac2` where `(tac1; tac2)` would suffice
note: this linter can be disabled with `set_option linter.unnecessarySeqFocus false`
warning: ././././Bell/Lorentz.lean:223:2: Used `tac1 <;> tac2` where `(tac1; tac2)` would suffice
note: this linter can be disabled with `set_option linter.unnecessarySeqFocus false`
⚠ [2831/2900] Replayed Bell.MeasurementGeometry
warning: ././././Bell/MeasurementGeometry.lean:123:52: unused variable `hA`
note: this linter can be disabled with `set_option linter.unusedVariables false`
warning: ././././Bell/MeasurementGeometry.lean:124:5: unused variable `hB`
note: this linter can be disabled with `set_option linter.unusedVariables false`
⚠ [2832/2900] Replayed Bell.ClassicalProduct
warning: ././././Bell/ClassicalProduct.lean:27:0: automatically included section variable(s) unused in theorem 'Bell.ClassicalProduct.total_mass':
  [(x : X) → DecidableEq (O x)]
consider restructuring your `variable` declarations so that the variables are not in scope or explicitly omit them:
  omit [(x : X) → DecidableEq (O x)] in theorem ...
note: this linter can be disabled with `set_option linter.unusedSectionVars false`
warning: ././././Bell/ClassicalProduct.lean:42:0: automatically included section variable(s) unused in theorem 'Bell.ClassicalProduct.pin_mass':
  [(x : X) → Fintype (O x)]
consider restructuring your `variable` declarations so that the variables are not in scope or explicitly omit them:
  omit [(x : X) → Fintype (O x)] in theorem ...
note: this linter can be disabled with `set_option linter.unusedSectionVars false`
warning: ././././Bell/ClassicalProduct.lean:89:0: automatically included section variable(s) unused in theorem 'Bell.ClassicalProduct.conditional_normalized':
  [Fintype X]
  [DecidableEq X]
  [(x : X) → DecidableEq (O x)]
  [Fintype B]
  [DecidableEq B]
consider restructuring your `variable` declarations so that the variables are not in scope or explicitly omit them:
  omit [Fintype X] [DecidableEq X] [(x : X) → DecidableEq (O x)] [Fintype B] [DecidableEq B] in theorem ...
note: this linter can be disabled with `set_option linter.unusedSectionVars false`
warning: ././././Bell/ClassicalProduct.lean:95:0: automatically included section variable(s) unused in theorem 'Bell.ClassicalProduct.weight_nonnegative':
  [DecidableEq X]
  [(x : X) → Fintype (O x)]
  [(x : X) → DecidableEq (O x)]
  [Fintype B]
  [DecidableEq B]
consider restructuring your `variable` declarations so that the variables are not in scope or explicitly omit them:
  omit [DecidableEq
  X] [(x : X) → Fintype (O x)] [(x : X) → DecidableEq (O x)] [Fintype B] [DecidableEq B] in theorem ...
note: this linter can be disabled with `set_option linter.unusedSectionVars false`
warning: ././././Bell/ClassicalProduct.lean:119:0: automatically included section variable(s) unused in theorem 'Bell.ClassicalProduct.entry_zero_of_marginal_zero':
  [Fintype X]
  [DecidableEq X]
  [(x : X) → DecidableEq (O x)]
  [Fintype B]
  [DecidableEq B]
consider restructuring your `variable` declarations so that the variables are not in scope or explicitly omit them:
  omit [Fintype X] [DecidableEq X] [(x : X) → DecidableEq (O x)] [Fintype B] [DecidableEq B] in theorem ...
note: this linter can be disabled with `set_option linter.unusedSectionVars false`
⚠ [2834/2900] Replayed Bell.Witness
warning: ././././Bell/Witness.lean:137:2: Used `tac1 <;> tac2` where `(tac1; tac2)` would suffice
note: this linter can be disabled with `set_option linter.unnecessarySeqFocus false`
warning: ././././Bell/Witness.lean:224:2: Used `tac1 <;> tac2` where `(tac1; tac2)` would suffice
note: this linter can be disabled with `set_option linter.unnecessarySeqFocus false`
warning: ././././Bell/Witness.lean:224:14: Used `tac1 <;> tac2` where `(tac1; tac2)` would suffice
note: this linter can be disabled with `set_option linter.unnecessarySeqFocus false`
⚠ [2835/2900] Replayed Bell.Transportation
warning: ././././Bell/Transportation.lean:75:28: Used `tac1 <;> tac2` where `(tac1; tac2)` would suffice
note: this linter can be disabled with `set_option linter.unnecessarySeqFocus false`
⚠ [2850/2900] Replayed Bell.Targets
warning: ././././Bell/Targets.lean:26:2: Used `tac1 <;> tac2` where `(tac1; tac2)` would suffice
note: this linter can be disabled with `set_option linter.unnecessarySeqFocus false`
warning: ././././Bell/Targets.lean:27:2: Used `tac1 <;> tac2` where `(tac1; tac2)` would suffice
note: this linter can be disabled with `set_option linter.unnecessarySeqFocus false`
warning: ././././Bell/Targets.lean:28:2: Used `tac1 <;> tac2` where `(tac1; tac2)` would suffice
note: this linter can be disabled with `set_option linter.unnecessarySeqFocus false`
warning: ././././Bell/Targets.lean:34:2: Used `tac1 <;> tac2` where `(tac1; tac2)` would suffice
note: this linter can be disabled with `set_option linter.unnecessarySeqFocus false`
warning: ././././Bell/Targets.lean:35:2: Used `tac1 <;> tac2` where `(tac1; tac2)` would suffice
note: this linter can be disabled with `set_option linter.unnecessarySeqFocus false`
warning: ././././Bell/Targets.lean:36:2: Used `tac1 <;> tac2` where `(tac1; tac2)` would suffice
note: this linter can be disabled with `set_option linter.unnecessarySeqFocus false`
⚠ [2853/2900] Replayed Bell.ConeCircuits
warning: ././././Bell/ConeCircuits.lean:55:0: automatically included section variable(s) unused in theorem 'Bell.ConeCircuits.weights_convex':
  [DecidableEq ι]
consider restructuring your `variable` declarations so that the variables are not in scope or explicitly omit them:
  omit [DecidableEq ι] in theorem ...
note: this linter can be disabled with `set_option linter.unusedSectionVars false`
warning: ././././Bell/ConeCircuits.lean:61:0: automatically included section variable(s) unused in theorem 'Bell.ConeCircuits.weights_isClosed':
  [DecidableEq ι]
consider restructuring your `variable` declarations so that the variables are not in scope or explicitly omit them:
  omit [DecidableEq ι] in theorem ...
note: this linter can be disabled with `set_option linter.unusedSectionVars false`
warning: ././././Bell/ConeCircuits.lean:85:0: automatically included section variable(s) unused in theorem 'Bell.ConeCircuits.balance_sideSum':
  [DecidableEq ι]
consider restructuring your `variable` declarations so that the variables are not in scope or explicitly omit them:
  omit [DecidableEq ι] in theorem ...
note: this linter can be disabled with `set_option linter.unusedSectionVars false`
warning: ././././Bell/ConeCircuits.lean:92:0: automatically included section variable(s) unused in theorem 'Bell.ConeCircuits.mass_sideSum':
  [DecidableEq ι]
consider restructuring your `variable` declarations so that the variables are not in scope or explicitly omit them:
  omit [DecidableEq ι] in theorem ...
note: this linter can be disabled with `set_option linter.unusedSectionVars false`
warning: ././././Bell/ConeCircuits.lean:127:0: automatically included section variable(s) unused in theorem 'Bell.ConeCircuits.extreme_relation_zero':
  [DecidableEq ι]
consider restructuring your `variable` declarations so that the variables are not in scope or explicitly omit them:
  omit [DecidableEq ι] in theorem ...
note: this linter can be disabled with `set_option linter.unusedSectionVars false`
warning: ././././Bell/ConeCircuits.lean:198:0: automatically included section variable(s) unused in theorem 'Bell.ConeCircuits.sideSum_future':
  [DecidableEq ι]
consider restructuring your `variable` declarations so that the variables are not in scope or explicitly omit them:
  omit [DecidableEq ι] in theorem ...
note: this linter can be disabled with `set_option linter.unusedSectionVars false`
warning: ././././Bell/ConeCircuits.lean:207:8: automatically included section variable(s) unused in theorem '_private.Bell.ConeCircuits.0.Bell.ConeCircuits.singleton_side_sum':
  [DecidableEq ι]
consider restructuring your `variable` declarations so that the variables are not in scope or explicitly omit them:
  omit [DecidableEq ι] in theorem ...
note: this linter can be disabled with `set_option linter.unusedSectionVars false`
warning: ././././Bell/ConeCircuits.lean:289:4: Used `tac1 <;> tac2` where `(tac1; tac2)` would suffice
note: this linter can be disabled with `set_option linter.unnecessarySeqFocus false`
⚠ [2854/2900] Replayed Bell.CircuitRealization
warning: ././././Bell/CircuitRealization.lean:28:0: automatically included section variable(s) unused in theorem 'Bell.ConeCircuits.outcomeVector_sum':
  [DecidableEq ι]
consider restructuring your `variable` declarations so that the variables are not in scope or explicitly omit them:
  omit [DecidableEq ι] in theorem ...
note: this linter can be disabled with `set_option linter.unusedSectionVars false`
⚠ [2857/2900] Replayed Bell.ExtremeMeasurement
warning: ././././Bell/ExtremeMeasurement.lean:95:22: Used `tac1 <;> tac2` where `(tac1; tac2)` would suffice
note: this linter can be disabled with `set_option linter.unnecessarySeqFocus false`
warning: ././././Bell/ExtremeMeasurement.lean:99:22: Used `tac1 <;> tac2` where `(tac1; tac2)` would suffice
note: this linter can be disabled with `set_option linter.unnecessarySeqFocus false`
warning: ././././Bell/ExtremeMeasurement.lean:161:27: Used `tac1 <;> tac2` where `(tac1; tac2)` would suffice
note: this linter can be disabled with `set_option linter.unnecessarySeqFocus false`
warning: ././././Bell/ExtremeMeasurement.lean:161:44: Used `tac1 <;> tac2` where `(tac1; tac2)` would suffice
note: this linter can be disabled with `set_option linter.unnecessarySeqFocus false`
warning: ././././Bell/ExtremeMeasurement.lean:170:27: Used `tac1 <;> tac2` where `(tac1; tac2)` would suffice
note: this linter can be disabled with `set_option linter.unnecessarySeqFocus false`
warning: ././././Bell/ExtremeMeasurement.lean:170:44: Used `tac1 <;> tac2` where `(tac1; tac2)` would suffice
note: this linter can be disabled with `set_option linter.unnecessarySeqFocus false`
⚠ [2862/2900] Replayed Bell.RankZeroSimulation
warning: ././././Bell/RankZeroSimulation.lean:99:34: unused variable `h`
note: this linter can be disabled with `set_option linter.unusedVariables false`
⚠ [2865/2900] Replayed Bell.CommonSpanFiltering
warning: ././././Bell/CommonSpanFiltering.lean:52:28: unused variable `hH`
note: this linter can be disabled with `set_option linter.unusedVariables false`
⚠ [2868/2900] Replayed Bell.SmallOutputEncoding
warning: ././././Bell/SmallOutputEncoding.lean:77:40: unused variable `hc`
note: this linter can be disabled with `set_option linter.unusedVariables false`
⚠ [2878/2900] Replayed Bell.ResidualEncoding
warning: ././././Bell/ResidualEncoding.lean:70:55: Used `tac1 <;> tac2` where `(tac1; tac2)` would suffice
note: this linter can be disabled with `set_option linter.unnecessarySeqFocus false`
warning: ././././Bell/ResidualEncoding.lean:224:99: Used `tac1 <;> tac2` where `(tac1; tac2)` would suffice
note: this linter can be disabled with `set_option linter.unnecessarySeqFocus false`
⚠ [2885/2900] Replayed Bell.StrengthenedWitness
warning: ././././Bell/StrengthenedWitness.lean:42:2: Used `tac1 <;> tac2` where `(tac1; tac2)` would suffice
note: this linter can be disabled with `set_option linter.unnecessarySeqFocus false`
warning: ././././Bell/StrengthenedWitness.lean:47:2: Used `tac1 <;> tac2` where `(tac1; tac2)` would suffice
note: this linter can be disabled with `set_option linter.unnecessarySeqFocus false`
warning: ././././Bell/StrengthenedWitness.lean:54:6: Used `tac1 <;> tac2` where `(tac1; tac2)` would suffice
note: this linter can be disabled with `set_option linter.unnecessarySeqFocus false`
warning: ././././Bell/StrengthenedWitness.lean:114:43: this tactic is never executed
note: this linter can be disabled with `set_option linter.unreachableTactic false`
warning: ././././Bell/StrengthenedWitness.lean:114:43: 'ring' tactic does nothing
note: this linter can be disabled with `set_option linter.unusedTactic false`
warning: ././././Bell/StrengthenedWitness.lean:178:2: Used `tac1 <;> tac2` where `(tac1; tac2)` would suffice
note: this linter can be disabled with `set_option linter.unnecessarySeqFocus false`
⚠ [2891/2900] Replayed Bell.HilbertCoordinates
warning: ././././Bell/HilbertCoordinates.lean:20:8: automatically included section variable(s) unused in theorem 'Bell.Hilbert.basisInner_zero_left':
  [DecidableEq ι]
consider restructuring your `variable` declarations so that the variables are not in scope or explicitly omit them:
  omit [DecidableEq ι] in theorem ...
note: this linter can be disabled with `set_option linter.unusedSectionVars false`
warning: ././././Bell/HilbertCoordinates.lean:22:8: automatically included section variable(s) unused in theorem 'Bell.Hilbert.basisInner_zero_right':
  [DecidableEq ι]
consider restructuring your `variable` declarations so that the variables are not in scope or explicitly omit them:
  omit [DecidableEq ι] in theorem ...
note: this linter can be disabled with `set_option linter.unusedSectionVars false`
warning: ././././Bell/HilbertCoordinates.lean:24:8: automatically included section variable(s) unused in theorem 'Bell.Hilbert.basisInner_add_left':
  [DecidableEq ι]
consider restructuring your `variable` declarations so that the variables are not in scope or explicitly omit them:
  omit [DecidableEq ι] in theorem ...
note: this linter can be disabled with `set_option linter.unusedSectionVars false`
warning: ././././Bell/HilbertCoordinates.lean:27:8: automatically included section variable(s) unused in theorem 'Bell.Hilbert.basisInner_add_right':
  [DecidableEq ι]
consider restructuring your `variable` declarations so that the variables are not in scope or explicitly omit them:
  omit [DecidableEq ι] in theorem ...
note: this linter can be disabled with `set_option linter.unusedSectionVars false`
warning: ././././Bell/HilbertCoordinates.lean:65:0: automatically included section variable(s) unused in theorem 'Bell.Hilbert.basisInner_self_nonneg':
  [DecidableEq ι]
consider restructuring your `variable` declarations so that the variables are not in scope or explicitly omit them:
  omit [DecidableEq ι] in theorem ...
note: this linter can be disabled with `set_option linter.unusedSectionVars false`
warning: ././././Bell/HilbertCoordinates.lean:68:0: automatically included section variable(s) unused in theorem 'Bell.Hilbert.basisInner_self_eq_zero_iff':
  [DecidableEq ι]
consider restructuring your `variable` declarations so that the variables are not in scope or explicitly omit them:
  omit [DecidableEq ι] in theorem ...
note: this linter can be disabled with `set_option linter.unusedSectionVars false`
warning: ././././Bell/HilbertCoordinates.lean:73:8: automatically included section variable(s) unused in theorem 'Bell.Hilbert.basisInner_smul_left':
  [DecidableEq ι]
consider restructuring your `variable` declarations so that the variables are not in scope or explicitly omit them:
  omit [DecidableEq ι] in theorem ...
note: this linter can be disabled with `set_option linter.unusedSectionVars false`
warning: ././././Bell/HilbertCoordinates.lean:76:8: automatically included section variable(s) unused in theorem 'Bell.Hilbert.basisInner_smul_right':
  [DecidableEq ι]
consider restructuring your `variable` declarations so that the variables are not in scope or explicitly omit them:
  omit [DecidableEq ι] in theorem ...
note: this linter can be disabled with `set_option linter.unusedSectionVars false`
warning: ././././Bell/HilbertCoordinates.lean:80:0: automatically included section variable(s) unused in theorem 'Bell.Hilbert.basisInner_conj_symm':
  [DecidableEq ι]
consider restructuring your `variable` declarations so that the variables are not in scope or explicitly omit them:
  omit [DecidableEq ι] in theorem ...
note: this linter can be disabled with `set_option linter.unusedSectionVars false`
warning: ././././Bell/HilbertCoordinates.lean:88:0: automatically included section variable(s) unused in theorem 'Bell.Hilbert.orthonormal_basisInner':
  [DecidableEq ι]
consider restructuring your `variable` declarations so that the variables are not in scope or explicitly omit them:
  omit [DecidableEq ι] in theorem ...
note: this linter can be disabled with `set_option linter.unusedSectionVars false`
⚠ [2892/2900] Replayed Bell.IsometricCompression
warning: ././././Bell/IsometricCompression.lean:19:1: automatically included section variable(s) unused in theorem 'Bell.IsometricCompression.embed_positive':
  [DecidableEq m]
  [DecidableEq n]
consider restructuring your `variable` declarations so that the variables are not in scope or explicitly omit them:
  omit [DecidableEq m] [DecidableEq n] in theorem ...
note: this linter can be disabled with `set_option linter.unusedSectionVars false`
warning: ././././Bell/IsometricCompression.lean:23:0: automatically included section variable(s) unused in theorem 'Bell.IsometricCompression.embed_trace':
  [DecidableEq m]
consider restructuring your `variable` declarations so that the variables are not in scope or explicitly omit them:
  omit [DecidableEq m] in theorem ...
note: this linter can be disabled with `set_option linter.unusedSectionVars false`
warning: ././././Bell/IsometricCompression.lean:28:0: automatically included section variable(s) unused in theorem 'Bell.IsometricCompression.embed_mul':
  [DecidableEq m]
consider restructuring your `variable` declarations so that the variables are not in scope or explicitly omit them:
  omit [DecidableEq m] in theorem ...
note: this linter can be disabled with `set_option linter.unusedSectionVars false`
warning: ././././Bell/IsometricCompression.lean:36:0: automatically included section variable(s) unused in theorem 'Bell.IsometricCompression.support_idempotent':
  [DecidableEq m]
consider restructuring your `variable` declarations so that the variables are not in scope or explicitly omit them:
  omit [DecidableEq m] in theorem ...
note: this linter can be disabled with `set_option linter.unusedSectionVars false`
warning: ././././Bell/IsometricCompression.lean:42:1: automatically included section variable(s) unused in theorem 'Bell.IsometricCompression.complement_hermitian':
  [Fintype m]
  [DecidableEq n]
consider restructuring your `variable` declarations so that the variables are not in scope or explicitly omit them:
  omit [Fintype m] [DecidableEq n] in theorem ...
note: this linter can be disabled with `set_option linter.unusedSectionVars false`
warning: ././././Bell/IsometricCompression.lean:76:1: automatically included section variable(s) unused in theorem 'Bell.IsometricCompression.embed_zero':
  [Fintype m]
  [DecidableEq m]
  [DecidableEq n]
consider restructuring your `variable` declarations so that the variables are not in scope or explicitly omit them:
  omit [Fintype m] [DecidableEq m] [DecidableEq n] in theorem ...
note: this linter can be disabled with `set_option linter.unusedSectionVars false`
warning: ././././Bell/IsometricCompression.lean:78:1: automatically included section variable(s) unused in theorem 'Bell.IsometricCompression.embed_one_add_complement':
  [Fintype m]
consider restructuring your `variable` declarations so that the variables are not in scope or explicitly omit them:
  omit [Fintype m] in theorem ...
note: this linter can be disabled with `set_option linter.unusedSectionVars false`
warning: ././././Bell/IsometricCompression.lean:87:0: automatically included section variable(s) unused in theorem 'Bell.IsometricCompression.paddedEffect_positive':
  [Fintype α]
consider restructuring your `variable` declarations so that the variables are not in scope or explicitly omit them:
  omit [Fintype α] in theorem ...
note: this linter can be disabled with `set_option linter.unusedSectionVars false`
warning: ././././Bell/IsometricCompression.lean:103:0: automatically included section variable(s) unused in theorem 'Bell.IsometricCompression.paddedEffect_idempotent':
  [Fintype α]
consider restructuring your `variable` declarations so that the variables are not in scope or explicitly omit them:
  omit [Fintype α] in theorem ...
note: this linter can be disabled with `set_option linter.unusedSectionVars false`
warning: ././././Bell/IsometricCompression.lean:114:0: automatically included section variable(s) unused in theorem 'Bell.IsometricCompression.paddedEffect_orthogonal':
  [Fintype α]
consider restructuring your `variable` declarations so that the variables are not in scope or explicitly omit them:
  omit [Fintype α] in theorem ...
note: this linter can be disabled with `set_option linter.unusedSectionVars false`
warning: ././././Bell/IsometricCompression.lean:127:0: automatically included section variable(s) unused in theorem 'Bell.IsometricCompression.compress_paddedEffect':
  [Fintype α]
consider restructuring your `variable` declarations so that the variables are not in scope or explicitly omit them:
  omit [Fintype α] in theorem ...
note: this linter can be disabled with `set_option linter.unusedSectionVars false`
warning: ././././Bell/IsometricCompression.lean:147:0: automatically included section variable(s) unused in theorem 'Bell.IsometricCompression.kronecker_conjTranspose':
  [Fintype m]
  [Fintype n]
  [Fintype p]
  [Fintype q]
  [DecidableEq m]
  [DecidableEq n]
  [DecidableEq p]
  [DecidableEq q]
consider restructuring your `variable` declarations so that the variables are not in scope or explicitly omit them:
  omit [Fintype
  m] [Fintype n] [Fintype p] [Fintype q] [DecidableEq m] [DecidableEq n] [DecidableEq p] [DecidableEq q] in theorem ...
note: this linter can be disabled with `set_option linter.unusedSectionVars false`
warning: ././././Bell/IsometricCompression.lean:164:0: automatically included section variable(s) unused in theorem 'Bell.IsometricCompression.trace_embed_pairing':
  [DecidableEq m]
  [DecidableEq n]
consider restructuring your `variable` declarations so that the variables are not in scope or explicitly omit them:
  omit [DecidableEq m] [DecidableEq n] in theorem ...
note: this linter can be disabled with `set_option linter.unusedSectionVars false`
⚠ [2893/2900] Replayed Bell.HilbertIsometry
warning: ././././Bell/HilbertIsometry.lean:13:0: automatically included section variable(s) unused in theorem 'Bell.Hilbert.matrix_inner_preservation':
  [DecidableEq m]
consider restructuring your `variable` declarations so that the variables are not in scope or explicitly omit them:
  omit [DecidableEq m] in theorem ...
note: this linter can be disabled with `set_option linter.unusedSectionVars false`
⚠ [2894/2900] Replayed Bell.HilbertCorrespondence
warning: ././././Bell/HilbertCorrespondence.lean:90:0: automatically included section variable(s) unused in theorem 'Bell.Hilbert.POVM.coordinates_positive':
  [FiniteDimensional ℂ E]
consider restructuring your `variable` declarations so that the variables are not in scope or explicitly omit them:
  omit [FiniteDimensional ℂ E] in theorem ...
note: this linter can be disabled with `set_option linter.unusedSectionVars false`
warning: ././././Bell/HilbertCorrespondence.lean:93:0: automatically included section variable(s) unused in theorem 'Bell.Hilbert.POVM.coordinates_sum':
  [FiniteDimensional ℂ E]
consider restructuring your `variable` declarations so that the variables are not in scope or explicitly omit them:
  omit [FiniteDimensional ℂ E] in theorem ...
note: this linter can be disabled with `set_option linter.unusedSectionVars false`
warning: ././././Bell/HilbertCorrespondence.lean:98:0: automatically included section variable(s) unused in theorem 'Bell.Hilbert.PVM.coordinates_idempotent':
  [FiniteDimensional ℂ E]
consider restructuring your `variable` declarations so that the variables are not in scope or explicitly omit them:
  omit [FiniteDimensional ℂ E] in theorem ...
note: this linter can be disabled with `set_option linter.unusedSectionVars false`
warning: ././././Bell/HilbertCorrespondence.lean:102:0: automatically included section variable(s) unused in theorem 'Bell.Hilbert.PVM.coordinates_orthogonal':
  [FiniteDimensional ℂ E]
consider restructuring your `variable` declarations so that the variables are not in scope or explicitly omit them:
  omit [FiniteDimensional ℂ E] in theorem ...
note: this linter can be disabled with `set_option linter.unusedSectionVars false`
warning: ././././Bell/HilbertCorrespondence.lean:136:0: automatically included section variable(s) unused in theorem 'Bell.Hilbert.POVM.outcomes_pos':
  [FiniteDimensional ℂ E]
consider restructuring your `variable` declarations so that the variables are not in scope or explicitly omit them:
  omit [FiniteDimensional ℂ E] in theorem ...
note: this linter can be disabled with `set_option linter.unusedSectionVars false`
⚠ [2898/2900] Replayed Bell.HilbertFiniteLabels
warning: ././././Bell/HilbertFiniteLabels.lean:42:8: automatically included section variable(s) unused in theorem 'Bell.HilbertFiniteLabels.POVM.decode_encode':
  [FiniteDimensional ℂ E]
consider restructuring your `variable` declarations so that the variables are not in scope or explicitly omit them:
  omit [FiniteDimensional ℂ E] in theorem ...
note: this linter can be disabled with `set_option linter.unusedSectionVars false`
warning: ././././Bell/HilbertFiniteLabels.lean:46:8: automatically included section variable(s) unused in theorem 'Bell.HilbertFiniteLabels.POVM.encode_decode':
  [FiniteDimensional ℂ E]
consider restructuring your `variable` declarations so that the variables are not in scope or explicitly omit them:
  omit [FiniteDimensional ℂ E] in theorem ...
note: this linter can be disabled with `set_option linter.unusedSectionVars false`
warning: ././././Bell/HilbertFiniteLabels.lean:57:13: unused variable `k`
note: this linter can be disabled with `set_option linter.unusedVariables false`
warning: ././././Bell/HilbertFiniteLabels.lean:57:15: unused variable `l`
note: this linter can be disabled with `set_option linter.unusedVariables false`
warning: ././././Bell/HilbertFiniteLabels.lean:62:13: unused variable `a`
note: this linter can be disabled with `set_option linter.unusedVariables false`
warning: ././././Bell/HilbertFiniteLabels.lean:62:15: unused variable `b`
note: this linter can be disabled with `set_option linter.unusedVariables false`
warning: ././././Bell/HilbertFiniteLabels.lean:296:2: try 'simp at h' instead of 'simpa using h'
note: this linter can be disabled with `set_option linter.unnecessarySimpa false`
warning: ././././Bell/HilbertFiniteLabels.lean:302:2: try 'simp at h' instead of 'simpa using h'
note: this linter can be disabled with `set_option linter.unnecessarySimpa false`
✔ [2899/2900] Built Bell
Build completed successfully.
$ lake env lean validation/FiniteLabelContracts.lean
$ lake env lean validation/FiniteStochasticContracts.lean
$ lake env lean validation/HilbertContracts.lean
$ lake env lean validation/HilbertFiniteLabelContracts.lean
$ lake env lean validation/PhysicalContracts.lean
$ lake env lean validation/Statements.lean
$ lake env lean validation/StochasticContracts.lean
$ lake env lean Bell/Audit.lean
'Bell.two_three_ordering' depends on axioms: [propext, Classical.choice, Quot.sound]
'Bell.no_two_input_extreme_separator' depends on axioms: [propext, Classical.choice, Quot.sound]
'Bell.two_input_convex_equality' depends on axioms: [propext, Classical.choice, Quot.sound]
'Bell.universal_two_input_equality' depends on axioms: [propext, Classical.choice, Quot.sound]
'Bell.at_most_two_input_equality' depends on axioms: [propext, Classical.choice, Quot.sound]
'Bell.main_claims' depends on axioms: [propext, Classical.choice, Quot.sound]
'Bell.minimum_inputs' depends on axioms: [propext, Classical.choice, Quot.sound]
'Bell.minimum_inputs_attained' depends on axioms: [propext, Classical.choice, Quot.sound]
'Bell.no_two_input_strict_separation' depends on axioms: [propext, Classical.choice, Quot.sound]
'Bell.main_claims_with_strengthening' depends on axioms: [propext, Classical.choice, Quot.sound]
'Bell.binary_span_sum_le_three' depends on axioms: [propext, Classical.choice, Quot.sound]
'Bell.binary_bob_simulation' depends on axioms: [propext, Classical.choice, Quot.sound]
'Bell.extreme_binary_bob_simulation' depends on axioms: [propext, Classical.choice, Quot.sound]
'Bell.ConeCircuits.outcomeVector_sum' depends on axioms: [propext, Classical.choice, Quot.sound]
'Bell.ConeCircuits.coarsening_refined_behavior' depends on axioms: [propext, Classical.choice, Quot.sound]
'Bell.ConeCircuits.binary_circuit_mem_convexPVM' depends on axioms: [propext, Classical.choice, Quot.sound]
'Bell.ConeCircuits.circuit_section_mem_convexPVM' depends on axioms: [propext, Classical.choice, Quot.sound]
'Bell.ClassicalProduct.total_mass' depends on axioms: [propext, Classical.choice, Quot.sound]
'Bell.ClassicalProduct.total_mass_one' depends on axioms: [propext, Classical.choice, Quot.sound]
'Bell.ClassicalProduct.pin_mass' depends on axioms: [propext, Classical.choice, Quot.sound]
'Bell.ClassicalProduct.marginal' depends on axioms: [propext, Classical.choice, Quot.sound]
'Bell.ClassicalProduct.conditional_normalized' depends on axioms: [propext, Classical.choice, Quot.sound]
'Bell.ClassicalProduct.weight_nonnegative' depends on axioms: [propext, Classical.choice, Quot.sound]
'Bell.ClassicalProduct.weight_normalized' depends on axioms: [propext, Classical.choice, Quot.sound]
'Bell.ClassicalProduct.entry_zero_of_marginal_zero' depends on axioms: [propext, Classical.choice, Quot.sound]
'Bell.ClassicalProduct.reconstruction' depends on axioms: [propext, Classical.choice, Quot.sound]
'Bell.FullPureStrategy.reduced_definite' depends on axioms: [propext, Classical.choice, Quot.sound]
'Bell.FullPureStrategy.steered_positive' depends on axioms: [propext, Classical.choice, Quot.sound]
'Bell.FullPureStrategy.steered_sum' depends on axioms: [propext, Classical.choice, Quot.sound]
'Bell.FullPureStrategy.behavior_steered' depends on axioms: [propext, Classical.choice, Quot.sound]
'Bell.FullPureStrategy.filteredTable_mem_rawPOVM' depends on axioms: [propext, Classical.choice, Quot.sound]
'Bell.extreme_common_coefficients' depends on axioms: [propext, Classical.choice, Quot.sound]
'Bell.extreme_common_span_scalar' depends on axioms: [propext, Classical.choice, Quot.sound]
'Bell.ConeCircuits.weights_convex' depends on axioms: [propext, Classical.choice, Quot.sound]
'Bell.ConeCircuits.weights_isClosed' depends on axioms: [propext, Classical.choice, Quot.sound]
'Bell.ConeCircuits.weights_isCompact' depends on axioms: [propext, Classical.choice, Quot.sound]
'Bell.ConeCircuits.balance_sideSum' depends on axioms: [propext, Classical.choice, Quot.sound]
'Bell.ConeCircuits.mass_sideSum' depends on axioms: [propext, Classical.choice, Quot.sound]
'Bell.ConeCircuits.sideSum_equal' depends on axioms: [propext, Classical.choice, Quot.sound]
'Bell.ConeCircuits.sideSum_time_half' depends on axioms: [propext, Classical.choice, Quot.sound]
'Bell.ConeCircuits.sideSupport_nonempty' depends on axioms: [propext, Classical.choice, Quot.sound]
'Bell.ConeCircuits.extreme_relation_zero' depends on axioms: [propext, Classical.choice, Quot.sound]
'Bell.ConeCircuits.extreme_support_le_four' depends on axioms: [propext, Classical.choice, Quot.sound]
'Bell.ConeCircuits.future_nonnegative_smul' depends on axioms: [propext, Classical.choice, Quot.sound]
'Bell.ConeCircuits.future_sum' depends on axioms: [propext, Classical.choice, Quot.sound]
'Bell.ConeCircuits.sideSum_future' depends on axioms: [propext, Classical.choice, Quot.sound]
'Bell.ConeCircuits.extreme_singleton_other_le_one' depends on axioms: [propext, Classical.choice, Quot.sound]
'Bell.ConeCircuits.side_card_sum' depends on axioms: [propext, Classical.choice, Quot.sound]
'Bell.ConeCircuits.extreme_side_card_le_two' depends on axioms: [propext, Classical.choice, Quot.sound]
'Bell.ConeCircuits.all_weights_map_into' depends on axioms: [propext, Classical.choice, Quot.sound]
'Bell.QubitGeometry.dot_self_positive' depends on axioms: [propext, Classical.choice, Quot.sound]
'Bell.QubitGeometry.normalizeVector_unit' depends on axioms: [propext, Classical.choice, Quot.sound]
'Bell.QubitGeometry.exists_unit_annihilator' depends on axioms: [propext, Classical.choice, Quot.sound]
'Bell.QubitGeometry.compress_time' depends on axioms: [propext, Classical.choice, Quot.sound]
'Bell.QubitGeometry.compress_orthogonal' depends on axioms: [propext, Classical.choice, Quot.sound]
'Bell.QubitGeometry.compress_square' depends on axioms: [propext, Classical.choice, Quot.sound]
'Bell.QubitGeometry.compress_future' depends on axioms: [propext, Classical.choice, Quot.sound]
'Bell.QubitGeometry.compress_pairing' depends on axioms: [propext, Classical.choice, Quot.sound]
'Bell.QubitGeometry.normalHyperplane_dim_le_three' depends on axioms: [propext, Classical.choice, Quot.sound]
'Bell.QubitGeometry.exists_spatial_unit_perpendicular' depends on axioms: [propext, Classical.choice, Quot.sound]
'Bell.QubitGeometry.radius_nonnegative' depends on axioms: [propext, Classical.choice, Quot.sound]
'Bell.QubitGeometry.radius_square' depends on axioms: [propext, Classical.choice, Quot.sound]
'Bell.QubitGeometry.radius_le_time' depends on axioms: [propext, Classical.choice, Quot.sound]
'Bell.QubitGeometry.splitDirection_time' depends on axioms: [propext, Classical.choice, Quot.sound]
'Bell.QubitGeometry.splitDirection_unit' depends on axioms: [propext, Classical.choice, Quot.sound]
'Bell.QubitGeometry.radius_direction' depends on axioms: [propext, Classical.choice, Quot.sound]
'Bell.QubitGeometry.nullPiece_sum' depends on axioms: [propext, Classical.choice, Quot.sound]
'Bell.QubitGeometry.nullPiece_null_or_zero' depends on axioms: [propext, Classical.choice, Quot.sound]
'Bell.QubitGeometry.nullPiece_in_plane' depends on axioms: [propext, Classical.choice, Quot.sound]
'Bell.finite_mixture_bound' depends on axioms: [propext, Classical.choice, Quot.sound]
'Bell.linear_bound_on_convexHull' depends on axioms: [propext, Classical.choice, Quot.sound]
'Bell.filtering_average' depends on axioms: [propext, Classical.choice, Quot.sound]
'Bell.binary_spectral_weights' depends on axioms: [propext, Classical.choice, Quot.sound]
'Bell.Lorentz.DeterministicGap.reset_ray' depends on axioms: [propext, Classical.choice, Quot.sound]
'Bell.Lorentz.DeterministicGap.reset_unit' depends on axioms: [propext, Classical.choice, Quot.sound]
'Bell.Lorentz.DeterministicGap.reset_idempotent' depends on axioms: [propext, Classical.choice, Quot.sound]
'Bell.Lorentz.DeterministicGap.compatibility_reset' depends on axioms: [propext, Classical.choice, Quot.sound]
'Bell.Lorentz.DeterministicGap.compatibility_id' depends on axioms: [propext, Classical.choice, Quot.sound]
'Bell.Lorentz.DeterministicGap.stationary_gap' depends on axioms: [propext, Classical.choice, Quot.sound]
'Bell.Lorentz.DeterministicGap.multipliers_positive' depends on axioms: [propext, Classical.choice, Quot.sound]
'Bell.Lorentz.DeterministicGap.multiplier_formula' depends on axioms: [propext, Classical.choice, Quot.sound]
'Bell.ClassicalProduct.reconstruction_alice_marginal' depends on axioms: [propext, Classical.choice, Quot.sound]
'Bell.ClassicalProduct.reconstruction_with_deterministic_input' depends on axioms: [propext,
 Classical.choice,
 Quot.sound]
'Bell.otherInput_ne' depends on axioms: [propext, Classical.choice, Quot.sound]
'Bell.eq_otherInput_of_ne' depends on axioms: [propext, Classical.choice, Quot.sound]
'Bell.born_deterministic' depends on axioms: [propext, Classical.choice, Quot.sound]
'Bell.replacement_behavior' depends on axioms: [propext, Classical.choice, Quot.sound]
'Bell.replaceBobInput_mem_convexPVM' depends on axioms: [propext, Classical.choice, Quot.sound]
'Bell.replaceBobRay_mem_convexPVM' depends on axioms: [propext, Classical.choice, Quot.sound]
'Bell.strict_gap_to_deterministic_replacements' depends on axioms: [propext, Classical.choice, Quot.sound]
'Bell.ideal_dual_slack0' depends on axioms: [propext, Classical.choice, Quot.sound]
'Bell.ideal_dual_slack1' depends on axioms: [propext, Classical.choice, Quot.sound]
'Bell.ideal_dual_slack2' depends on axioms: [propext, Classical.choice, Quot.sound]
'Bell.ideal_dual_feasible' depends on axioms: [propext, Classical.choice, Quot.sound]
'Bell.ideal_complementarity' depends on axioms: [propext, Classical.choice, Quot.sound]
'Bell.ideal_discrimination_upper' depends on axioms: [propext, Classical.choice, Quot.sound]
'Bell.ideal_discrimination_attained' depends on axioms: [propext, Classical.choice, Quot.sound]
'Bell.tensor_add_left' depends on axioms: [propext, Classical.choice, Quot.sound]
'Bell.tensor_add_right' depends on axioms: [propext, Classical.choice, Quot.sound]
'Bell.tensor_sub_left' depends on axioms: [propext, Classical.choice, Quot.sound]
'Bell.tensor_sub_right' depends on axioms: [propext, Classical.choice, Quot.sound]
'Bell.tensor_smul_left' depends on axioms: [propext, Classical.choice, Quot.sound]
'Bell.tensor_smul_right' depends on axioms: [propext, Classical.choice, Quot.sound]
'Bell.tensor_zero_left' depends on axioms: [propext, Classical.choice, Quot.sound]
'Bell.tensor_zero_right' depends on axioms: [propext, Classical.choice, Quot.sound]
'Bell.tensor_neg_left' depends on axioms: [propext, Classical.choice, Quot.sound]
'Bell.tensor_neg_right' depends on axioms: [propext, Classical.choice, Quot.sound]
'Bell.tensor_one_one' depends on axioms: [propext, Classical.choice, Quot.sound]
'Bell.tensor_mul' depends on axioms: [propext, Classical.choice, Quot.sound]
'Bell.tensor_conjTranspose' depends on axioms: [propext, Classical.choice, Quot.sound]
'Bell.tensor_sum_left' depends on axioms: [propext, Classical.choice, Quot.sound]
'Bell.tensor_sum_right' depends on axioms: [propext, Classical.choice, Quot.sound]
'Bell.positive_trace_nonneg' depends on axioms: [propext, Classical.choice, Quot.sound]
'Bell.expectation_apply' depends on axioms: [propext, Classical.choice, Quot.sound]
'Bell.state_expectation_one' depends on axioms: [propext, Classical.choice, Quot.sound]
'Bell.state_expectation_square_nonneg' depends on axioms: [propext, Classical.choice, Quot.sound]
'Bell.state_expectation_positive' depends on axioms: [propext, Classical.choice, Quot.sound]
'Bell.tensor_positive' depends on axioms: [propext, Classical.choice, Quot.sound]
'Bell.born_nonnegative' depends on axioms: [propext, Classical.choice, Quot.sound]
'Bell.born_eq_expectation' depends on axioms: [propext, Classical.choice, Quot.sound]
'Bell.born_sum_alice' depends on axioms: [propext, Classical.choice, Quot.sound]
'Bell.born_sum_bob' depends on axioms: [propext, Classical.choice, Quot.sound]
'Bell.born_normalization' depends on axioms: [propext, Classical.choice, Quot.sound]
'Bell.strategy_behavior_nonnegative' depends on axioms: [propext, Classical.choice, Quot.sound]
'Bell.strategy_behavior_normalization' depends on axioms: [propext, Classical.choice, Quot.sound]
'Bell.strategy_no_signaling_to_alice' depends on axioms: [propext, Classical.choice, Quot.sound]
'Bell.strategy_no_signaling_to_bob' depends on axioms: [propext, Classical.choice, Quot.sound]
'Bell.extreme_perturbation_marginals' depends on axioms: [propext, Classical.choice, Quot.sound]
'Bell.extreme_scalar_relation' depends on axioms: [propext, Classical.choice, Quot.sound]
'Bell.extreme_effect_independent' depends on axioms: [propext, Classical.choice, Quot.sound]
'Bell.extreme_fullrank_effect_deterministic' depends on axioms: [propext, Classical.choice, Quot.sound]
'Bell.extreme_nondeterministic_effects_null' depends on axioms: [propext, Classical.choice, Quot.sound]
'Bell.probabilitySimplex_isCompact' depends on axioms: [propext, Classical.choice, Quot.sound]
'Bell.combinations_isCompact' depends on axioms: [propext, Classical.choice, Quot.sound]
'Bell.combinations_subset_convexHull' depends on axioms: [propext, Classical.choice, Quot.sound]
'Bell.convexHull_eq_finite_combinations' depends on axioms: [propext, Classical.choice, Quot.sound]
'Bell.compact_convexHull' depends on axioms: [propext, Classical.choice, Quot.sound]
'Bell.extreme_midpoint' depends on axioms: [propext, Classical.choice, Quot.sound]
'Bell.extreme_positive_combination' depends on axioms: [propext, Classical.choice, Quot.sound]
'Bell.contains_compact_of_contains_extreme' depends on axioms: [propext, Classical.choice, Quot.sound]
'Bell.FiniteLabels.POVM.decode_encode' depends on axioms: [propext, Classical.choice, Quot.sound]
'Bell.FiniteLabels.POVM.encode_decode' depends on axioms: [propext, Classical.choice, Quot.sound]
'Bell.FiniteLabels.POVM.nonempty_outcomes' depends on axioms: [propext, Classical.choice, Quot.sound]
'Bell.FiniteLabels.POVM.no_empty_measurement' depends on axioms: [propext, Classical.choice, Quot.sound]
'Bell.FiniteLabels.PVM.decode_encode' depends on axioms: [propext, Classical.choice, Quot.sound]
'Bell.FiniteLabels.PVM.encode_decode' depends on axioms: [propext, Classical.choice, Quot.sound]
'Bell.FiniteLabels.finite_mixture_transport' depends on axioms: [propext, Classical.choice, Quot.sound]
'Bell.FiniteLabels.Strategy.decode_encode' depends on axioms: [propext, Classical.choice, Quot.sound]
'Bell.FiniteLabels.Strategy.encode_decode' depends on axioms: [propext, Classical.choice, Quot.sound]
'Bell.FiniteLabels.Strategy.encode_behavior' depends on axioms: [propext, Classical.choice, Quot.sound]
'Bell.FiniteLabels.Strategy.decode_behavior' depends on axioms: [propext, Classical.choice, Quot.sound]
'Bell.FiniteLabels.ProjectiveStrategy.decode_encode' depends on axioms: [propext, Classical.choice, Quot.sound]
'Bell.FiniteLabels.ProjectiveStrategy.encode_decode' depends on axioms: [propext, Classical.choice, Quot.sound]
'Bell.FiniteLabels.ProjectiveStrategy.encode_behavior' depends on axioms: [propext, Classical.choice, Quot.sound]
'Bell.FiniteLabels.ProjectiveStrategy.decode_behavior' depends on axioms: [propext, Classical.choice, Quot.sound]
'Bell.FiniteLabels.rawPOVM_transport' depends on axioms: [propext, Classical.choice, Quot.sound]
'Bell.FiniteLabels.rawPVM_transport' depends on axioms: [propext, Classical.choice, Quot.sound]
'Bell.FiniteLabels.convexPOVM_transport' depends on axioms: [propext, Classical.choice, Quot.sound]
'Bell.FiniteLabels.convexPVM_transport' depends on axioms: [propext, Classical.choice, Quot.sound]
'Bell.FiniteLabels.mem_rawPOVM_iff' depends on axioms: [propext, Classical.choice, Quot.sound]
'Bell.FiniteLabels.mem_rawPVM_iff' depends on axioms: [propext, Classical.choice, Quot.sound]
'Bell.FiniteLabels.mem_convexPOVM_iff' depends on axioms: [propext, Classical.choice, Quot.sound]
'Bell.FiniteLabels.mem_convexPVM_iff' depends on axioms: [propext, Classical.choice, Quot.sound]
'Bell.FiniteLabels.at_most_two_input_equality' depends on axioms: [propext, Classical.choice, Quot.sound]
'Bell.FiniteLabels.two_input_equality' depends on axioms: [propext, Classical.choice, Quot.sound]
'Bell.FiniteLabels.no_strategy_of_empty_alice' depends on axioms: [propext, Classical.choice, Quot.sound]
'Bell.FiniteLabels.no_strategy_of_empty_bob' depends on axioms: [propext, Classical.choice, Quot.sound]
'Bell.FiniteLabels.empty_hulls_of_no_strategy' depends on axioms: [propext, Classical.choice, Quot.sound]
'Bell.FiniteLabels.no_input_strategy' depends on axioms: [propext, Classical.choice, Quot.sound]
'Bell.mem_range_iff_annihilators' depends on axioms: [propext, Classical.choice, Quot.sound]
'Bell.finite_functional_coordinates' depends on axioms: [propext, Classical.choice, Quot.sound]
'Bell.Lorentz.nullRowMap_single' depends on axioms: [propext, Classical.choice, Quot.sound]
'Bell.Lorentz.metricDifferential_apply' depends on axioms: [propext, Classical.choice, Quot.sound]
'Bell.Lorentz.metricDifferential_pairing' depends on axioms: [propext, Classical.choice, Quot.sound]
'Bell.Lorentz.metric_stationary_iff' depends on axioms: [propext, Classical.choice, Quot.sound]
'Bell.Lorentz.exists_metric_increment' depends on axioms: [propext, Classical.choice, Quot.sound]
'Bell.Lorentz.exists_compatible_metric' depends on axioms: [propext, Classical.choice, Quot.sound]
'Bell.FiniteLabels.StochasticProcessing.encode_behavior' depends on axioms: [propext, Classical.choice, Quot.sound]
'Bell.FiniteLabels.StochasticProcessing.behavior_decomposition' depends on axioms: [propext,
 Classical.choice,
 Quot.sound]
'Bell.FiniteLabels.StochasticProcessing.deterministic_branch_mem_rawPVM' depends on axioms: [propext,
 Classical.choice,
 Quot.sound]
'Bell.FiniteLabels.StochasticProcessing.mem_convexPVM' depends on axioms: [propext, Classical.choice, Quot.sound]
'Bell.FiniteLabels.StochasticProcessing.rawPVM_mem_convexPVM' depends on axioms: [propext, Classical.choice, Quot.sound]
'Bell.UnnormalizedAssemblage.root_hermitian' depends on axioms: [propext, Classical.choice, Quot.sound]
'Bell.UnnormalizedAssemblage.root_square' depends on axioms: [propext, Classical.choice, Quot.sound]
'Bell.UnnormalizedAssemblage.root_invertible' depends on axioms: [propext, Classical.choice, Quot.sound]
'Bell.UnnormalizedAssemblage.normalizedAssemblage_invertible' depends on axioms: [propext, Classical.choice, Quot.sound]
'Bell.UnnormalizedAssemblage.normalized_behavior' depends on axioms: [propext, Classical.choice, Quot.sound]
'Bell.UnnormalizedAssemblage.behavior_mem_rawPOVM' depends on axioms: [propext, Classical.choice, Quot.sound]
'Bell.Lorentz.frameGram_symmetric' depends on axioms: [propext, Classical.choice, Quot.sound]
'Bell.Lorentz.frameGram_pair' depends on axioms: [propext, Classical.choice, Quot.sound]
'Bell.Lorentz.steeringFrame_mulVec' depends on axioms: [propext, Classical.choice, Quot.sound]
'Bell.Lorentz.steeringFrame_time' depends on axioms: [propext, Classical.choice, Quot.sound]
'Bell.Lorentz.steeringFrame_square' depends on axioms: [propext, Classical.choice, Quot.sound]
'Bell.Lorentz.frame_probability' depends on axioms: [propext, Classical.choice, Quot.sound]
'Bell.Lorentz.isOpen_framePositive' depends on axioms: [propext, Classical.choice, Quot.sound]
'Bell.Lorentz.frame_table_mem_rawPOVM' depends on axioms: [propext, Classical.choice, Quot.sound]
'Bell.Lorentz.symmetricMatrix_symmetric' depends on axioms: [propext, Classical.choice, Quot.sound]
'Bell.Lorentz.symmetricCoordinates_matrix' depends on axioms: [propext, Classical.choice, Quot.sound]
'Bell.Lorentz.symmetricMatrix_coordinates' depends on axioms: [propext, Classical.choice, Quot.sound]
'Bell.Lorentz.frameGram_hasStrictFDerivAt' depends on axioms: [propext, Classical.choice, Quot.sound]
'Bell.Lorentz.gramCoordinates_hasStrictFDerivAt' depends on axioms: [propext, Classical.choice, Quot.sound]
'Bell.Lorentz.gramMatrixDerivative_right_inverse' depends on axioms: [propext, Classical.choice, Quot.sound]
'Bell.Lorentz.gramDerivative_surjective' depends on axioms: [propext, Classical.choice, Quot.sound]
'Bell.Lorentz.exists_local_gram_lift' depends on axioms: [propext, Classical.choice, Quot.sound]
'Bell.Lorentz.eventually_feasible_mem_rawPOVM' depends on axioms: [propext, Classical.choice, Quot.sound]
'Bell.Lorentz.physical_maximum_is_incidence_maximum' depends on axioms: [propext, Classical.choice, Quot.sound]
'Bell.Hilbert.basisInner_zero_left' depends on axioms: [propext, Classical.choice, Quot.sound]
'Bell.Hilbert.basisInner_zero_right' depends on axioms: [propext, Classical.choice, Quot.sound]
'Bell.Hilbert.basisInner_add_left' depends on axioms: [propext, Classical.choice, Quot.sound]
'Bell.Hilbert.basisInner_add_right' depends on axioms: [propext, Classical.choice, Quot.sound]
'Bell.Hilbert.basisMatrix_positive' depends on axioms: [propext, Classical.choice, Quot.sound]
'Bell.Hilbert.basisMatrix_positive_iff' depends on axioms: [propext, Classical.choice, Quot.sound]
'Bell.Hilbert.basisInner_self_nonneg' depends on axioms: [propext, Classical.choice, Quot.sound]
'Bell.Hilbert.basisInner_self_eq_zero_iff' depends on axioms: [propext, Classical.choice, Quot.sound]
'Bell.Hilbert.basisInner_smul_left' depends on axioms: [propext, Classical.choice, Quot.sound]
'Bell.Hilbert.basisInner_smul_right' depends on axioms: [propext, Classical.choice, Quot.sound]
'Bell.Hilbert.basisInner_conj_symm' depends on axioms: [propext, Classical.choice, Quot.sound]
'Bell.Hilbert.orthonormal_basisInner' depends on axioms: [propext, Classical.choice, Quot.sound]
'Bell.Hilbert.tensorInner_tmul' depends on axioms: [propext, Classical.choice, Quot.sound]
'Bell.Hilbert.tensorInner_basis_independent' depends on axioms: [propext, Classical.choice, Quot.sound]
'Bell.Hilbert.operatorMatrix_positive' depends on axioms: [propext, Classical.choice, Quot.sound]
'Bell.Hilbert.State.coordinates_positive' depends on axioms: [propext, Classical.choice, Quot.sound]
'Bell.Hilbert.State.coordinates_trace' depends on axioms: [propext, Classical.choice, Quot.sound]
'Bell.Hilbert.POVM.coordinates_positive' depends on axioms: [propext, Classical.choice, Quot.sound]
'Bell.Hilbert.POVM.coordinates_sum' depends on axioms: [propext, Classical.choice, Quot.sound]
'Bell.Hilbert.PVM.coordinates_idempotent' depends on axioms: [propext, Classical.choice, Quot.sound]
'Bell.Hilbert.PVM.coordinates_orthogonal' depends on axioms: [propext, Classical.choice, Quot.sound]
'Bell.Hilbert.born_coordinates' depends on axioms: [propext, Classical.choice, Quot.sound]
'Bell.Hilbert.State.alice_finrank_pos' depends on axioms: [propext, Classical.choice, Quot.sound]
'Bell.Hilbert.State.bob_finrank_pos' depends on axioms: [propext, Classical.choice, Quot.sound]
'Bell.Hilbert.POVM.outcomes_pos' depends on axioms: [propext, Classical.choice, Quot.sound]
'Bell.Hilbert.Strategy.toQubit_behavior' depends on axioms: [propext, Classical.choice, Quot.sound]
'Bell.Hilbert.ProjectiveStrategy.toQubit_behavior' depends on axioms: [propext, Classical.choice, Quot.sound]
'Bell.Hilbert.Strategy.behavior_mem_rawPOVM' depends on axioms: [propext, Classical.choice, Quot.sound]
'Bell.Hilbert.ProjectiveStrategy.behavior_mem_rawPVM' depends on axioms: [propext, Classical.choice, Quot.sound]
'Bell.HilbertFiniteLabels.POVM.decode_encode' depends on axioms: [propext, Classical.choice, Quot.sound]
'Bell.HilbertFiniteLabels.POVM.encode_decode' depends on axioms: [propext, Classical.choice, Quot.sound]
'Bell.HilbertFiniteLabels.PVM.decode_encode' depends on axioms: [propext, Classical.choice, Quot.sound]
'Bell.HilbertFiniteLabels.PVM.encode_decode' depends on axioms: [propext, Classical.choice, Quot.sound]
'Bell.HilbertFiniteLabels.Strategy.encode_behavior' depends on axioms: [propext, Classical.choice, Quot.sound]
'Bell.HilbertFiniteLabels.Strategy.decode_behavior' depends on axioms: [propext, Classical.choice, Quot.sound]
'Bell.HilbertFiniteLabels.Strategy.decode_encode' depends on axioms: [propext, Classical.choice, Quot.sound]
'Bell.HilbertFiniteLabels.Strategy.encode_decode' depends on axioms: [propext, Classical.choice, Quot.sound]
'Bell.HilbertFiniteLabels.Strategy.toQubit_behavior' depends on axioms: [propext, Classical.choice, Quot.sound]
'Bell.HilbertFiniteLabels.ProjectiveStrategy.encode_behavior' depends on axioms: [propext, Classical.choice, Quot.sound]
'Bell.HilbertFiniteLabels.ProjectiveStrategy.decode_behavior' depends on axioms: [propext, Classical.choice, Quot.sound]
'Bell.HilbertFiniteLabels.ProjectiveStrategy.toQubit_behavior' depends on axioms: [propext,
 Classical.choice,
 Quot.sound]
'Bell.HilbertFiniteLabels.Strategy.behavior_mem_rawPOVM' depends on axioms: [propext, Classical.choice, Quot.sound]
'Bell.HilbertFiniteLabels.ProjectiveStrategy.behavior_mem_rawPVM' depends on axioms: [propext,
 Classical.choice,
 Quot.sound]
'Bell.HilbertFiniteLabels.ofQubitStrategy_behavior' depends on axioms: [propext, Classical.choice, Quot.sound]
'Bell.HilbertFiniteLabels.ofQubitProjectiveStrategy_behavior' depends on axioms: [propext, Classical.choice, Quot.sound]
'Bell.HilbertFiniteLabels.Strategy.two_input_simulable' depends on axioms: [propext, Classical.choice, Quot.sound]
'Bell.HilbertFiniteLabels.finite_projective_simulation' depends on axioms: [propext, Classical.choice, Quot.sound]
'Bell.HilbertFiniteLabels.finite_source_projective_simulation' depends on axioms: [propext,
 Classical.choice,
 Quot.sound]
'Bell.HilbertFiniteLabels.rawPOVM_eq_fixed' depends on axioms: [propext, Classical.choice, Quot.sound]
'Bell.HilbertFiniteLabels.rawPVM_eq_fixed' depends on axioms: [propext, Classical.choice, Quot.sound]
'Bell.HilbertFiniteLabels.convexPOVM_eq_fixed' depends on axioms: [propext, Classical.choice, Quot.sound]
'Bell.HilbertFiniteLabels.convexPVM_eq_fixed' depends on axioms: [propext, Classical.choice, Quot.sound]
'Bell.HilbertFiniteLabels.at_most_two_input_equality' depends on axioms: [propext, Classical.choice, Quot.sound]
'Bell.HilbertFiniteLabels.no_strategy_of_empty_alice' depends on axioms: [propext, Classical.choice, Quot.sound]
'Bell.HilbertFiniteLabels.no_strategy_of_empty_bob' depends on axioms: [propext, Classical.choice, Quot.sound]
'Bell.Hilbert.matrix_inner_preservation' depends on axioms: [propext, Classical.choice, Quot.sound]
'Bell.Hilbert.linearIsometry_apply' depends on axioms: [propext, Classical.choice, Quot.sound]
'Bell.Hilbert.linearIsometry_coordinate' depends on axioms: [propext, Classical.choice, Quot.sound]
'Bell.Hilbert.linearIsometry_inner' depends on axioms: [propext, Classical.choice, Quot.sound]
'Bell.Hilbert.linearIsometry_norm' depends on axioms: [propext, Classical.choice, Quot.sound]
'Bell.Hilbert.linearIsometry_injective' depends on axioms: [propext, Classical.choice, Quot.sound]
'Bell.Hilbert.ofQubitOperator_matrix' depends on axioms: [propext, Classical.choice, Quot.sound]
'Bell.Hilbert.ofQubitOperator_positive' depends on axioms: [propext, Classical.choice, Quot.sound]
'Bell.Hilbert.ofQubitDensity_matrix' depends on axioms: [propext, Classical.choice, Quot.sound]
'Bell.Hilbert.jointInner_qubitBasis' depends on axioms: [propext, Classical.choice, Quot.sound]
'Bell.Hilbert.ofQubitState_coordinates' depends on axioms: [propext, Classical.choice, Quot.sound]
'Bell.Hilbert.ofQubit_born' depends on axioms: [propext, Classical.choice, Quot.sound]
'Bell.Hilbert.ofQubitStrategy_behavior' depends on axioms: [propext, Classical.choice, Quot.sound]
'Bell.Hilbert.ofQubitProjectiveStrategy_behavior' depends on axioms: [propext, Classical.choice, Quot.sound]
'Bell.Hilbert.qubitSpace_finrank' depends on axioms: [propext, Classical.choice, Quot.sound]
'Bell.Hilbert.rawPOVM_eq_matrix' depends on axioms: [propext, Classical.choice, Quot.sound]
'Bell.Hilbert.rawPVM_eq_matrix' depends on axioms: [propext, Classical.choice, Quot.sound]
'Bell.Hilbert.convexPOVM_eq_matrix' depends on axioms: [propext, Classical.choice, Quot.sound]
'Bell.Hilbert.convexPVM_eq_matrix' depends on axioms: [propext, Classical.choice, Quot.sound]
'Bell.Hilbert.two_input_convex_equality' depends on axioms: [propext, Classical.choice, Quot.sound]
'Bell.Hilbert.Strategy.finite_projective_simulation' depends on axioms: [propext, Classical.choice, Quot.sound]
'Bell.exists_level_curve' depends on axioms: [propext, Classical.choice, Quot.sound]
'Bell.Lorentz.continuous_weightedGram' depends on axioms: [propext, Classical.choice, Quot.sound]
'Bell.Lorentz.quadratic_gap_limit' depends on axioms: [propext, Classical.choice, Quot.sound]
'Bell.Lorentz.eventually_score_improvement' depends on axioms: [propext, Classical.choice, Quot.sound]
'Bell.Lorentz.not_local_max_of_uphill_curve' depends on axioms: [propext, Classical.choice, Quot.sound]
'Bell.Lorentz.linearOfMatrix_apply' depends on axioms: [propext, Classical.choice, Quot.sound]
'Bell.Lorentz.matrixOfLinear_mulVec' depends on axioms: [propext, Classical.choice, Quot.sound]
'Bell.Lorentz.matrixOfLinear_id' depends on axioms: [propext, Classical.choice, Quot.sound]
'Bell.Lorentz.matrixOfLinear_add' depends on axioms: [propext, Classical.choice, Quot.sound]
'Bell.Lorentz.matrixOfLinear_smul' depends on axioms: [propext, Classical.choice, Quot.sound]
'Bell.Lorentz.linearOfMatrix_matrixOfLinear' depends on axioms: [propext, Classical.choice, Quot.sound]
'Bell.Lorentz.matrixPair_apply' depends on axioms: [propext, Classical.choice, Quot.sound]
'Bell.Lorentz.matrixPair_transpose' depends on axioms: [propext, Classical.choice, Quot.sound]
'Bell.Lorentz.matrixPair_symmetric' depends on axioms: [propext, Classical.choice, Quot.sound]
'Bell.Lorentz.matrixPair_add_matrix' depends on axioms: [propext, Classical.choice, Quot.sound]
'Bell.Lorentz.matrixPair_sub_matrix' depends on axioms: [propext, Classical.choice, Quot.sound]
'Bell.Lorentz.matrixPair_smul_matrix' depends on axioms: [propext, Classical.choice, Quot.sound]
'Bell.Lorentz.pullbackForm_apply' depends on axioms: [propext, Classical.choice, Quot.sound]
'Bell.Lorentz.chartMetric_add' depends on axioms: [propext, Classical.choice, Quot.sound]
'Bell.Lorentz.chartMetric_sub' depends on axioms: [propext, Classical.choice, Quot.sound]
'Bell.Lorentz.chartMetric_symmetric' depends on axioms: [propext, Classical.choice, Quot.sound]
'Bell.Lorentz.metricVariation_symmetric' depends on axioms: [propext, Classical.choice, Quot.sound]
'Bell.Lorentz.metricVariation_quadratic' depends on axioms: [propext, Classical.choice, Quot.sound]
'Bell.Lorentz.chartMetric_null' depends on axioms: [propext, Classical.choice, Quot.sound]
'Bell.Lorentz.chartMetric_unit' depends on axioms: [propext, Classical.choice, Quot.sound]
'Bell.Lorentz.weightedPairing_mul' depends on axioms: [propext, Classical.choice, Quot.sound]
'Bell.Lorentz.weightedCross_self' depends on axioms: [propext, Classical.choice, Quot.sound]
'Bell.Lorentz.weightedGram_zero_of_null' depends on axioms: [propext, Classical.choice, Quot.sound]
'Bell.Lorentz.weightedGram_add_metric' depends on axioms: [propext, Classical.choice, Quot.sound]
'Bell.Lorentz.weightedGram_sub_metric' depends on axioms: [propext, Classical.choice, Quot.sound]
'Bell.Lorentz.weightedCross_add_right' depends on axioms: [propext, Classical.choice, Quot.sound]
'Bell.Lorentz.weightedGram_add_frame' depends on axioms: [propext, Classical.choice, Quot.sound]
'Bell.Lorentz.weightedGram_smul_frame' depends on axioms: [propext, Classical.choice, Quot.sound]
'Bell.Lorentz.exact_stationary_score_gap' depends on axioms: [propext, Classical.choice, Quot.sound]
'Bell.Lorentz.contDiff_incidenceConstraints' depends on axioms: [propext, Classical.choice, Quot.sound]
'Bell.Lorentz.polynomial_score_gap' depends on axioms: [propext, Classical.choice, Quot.sound]
'Bell.Lorentz.matrixPair_mul_frames' depends on axioms: [propext, Classical.choice, Quot.sound]
'Bell.Lorentz.constraintDerivativeCLM_apply' depends on axioms: [propext, Classical.choice, Quot.sound]
'Bell.Lorentz.nullDerivative_symmetric' depends on axioms: [propext, Classical.choice, Quot.sound]
'Bell.Lorentz.incidenceNull_hasStrictFDerivAt' depends on axioms: [propext, Classical.choice, Quot.sound]
'Bell.Lorentz.probabilityBlock_hasStrictFDerivAt' depends on axioms: [propext, Classical.choice, Quot.sound]
'Bell.Lorentz.incidenceMass_hasStrictFDerivAt' depends on axioms: [propext, Classical.choice, Quot.sound]
'Bell.Lorentz.incidenceConstraints_hasStrictFDerivAt' depends on axioms: [propext, Classical.choice, Quot.sound]
'Bell.Lorentz.nullDerivativeSeed_values' depends on axioms: [propext, Classical.choice, Quot.sound]
'Bell.Lorentz.nullDerivative_seed_preimage' depends on axioms: [propext, Classical.choice, Quot.sound]
'Bell.Lorentz.constraintDerivative_radial' depends on axioms: [propext, Classical.choice, Quot.sound]
'Bell.Lorentz.constraintDerivative_surjective' depends on axioms: [propext, Classical.choice, Quot.sound]
'Bell.Lorentz.constraintDerivative_range' depends on axioms: [propext, Classical.choice, Quot.sound]
'Bell.Lorentz.frameEquiv_apply' depends on axioms: [propext, Classical.choice, Quot.sound]
'Bell.Lorentz.kernel_dimension_le_three' depends on axioms: [propext, Classical.choice, Quot.sound]
'Bell.Lorentz.uphill_annihilating_kernel' depends on axioms: [propext, Classical.choice, Quot.sound]
'Bell.Lorentz.weightedGram_frame_action' depends on axioms: [propext, Classical.choice, Quot.sound]
'Bell.Lorentz.exists_positive_normalized_tangent' depends on axioms: [propext, Classical.choice, Quot.sound]
'Bell.Lorentz.high_rank_not_local_max' depends on axioms: [propext, Classical.choice, Quot.sound]
'Bell.Lorentz.rank_zero_rows' depends on axioms: [propext, Classical.choice, Quot.sound]
'Bell.Lorentz.rank_one_row_coordinates' depends on axioms: [propext, Classical.choice, Quot.sound]
'Bell.Lorentz.rank_one_stationarity_impossible' depends on axioms: [propext, Classical.choice, Quot.sound]
'Bell.Lorentz.chartMetric_parameterVector' depends on axioms: [propext, Classical.choice, Quot.sound]
'Bell.Lorentz.timeFunctional_eq_matrixPair' depends on axioms: [propext, Classical.choice, Quot.sound]
'Bell.Lorentz.rank_zero_block_mem' depends on axioms: [propext, Classical.choice, Quot.sound]
'Bell.Lorentz.tableOfBlock_apply' depends on axioms: [propext, Classical.choice, Quot.sound]
'Bell.Lorentz.actedBlock_mulVec' depends on axioms: [propext, Classical.choice, Quot.sound]
'Bell.Lorentz.actedBlock_id' depends on axioms: [propext, Classical.choice, Quot.sound]
'Bell.Lorentz.actedTable_apply' depends on axioms: [propext, Classical.choice, Quot.sound]
'Bell.Lorentz.sum_effectRay' depends on axioms: [propext, Classical.choice, Quot.sound]
'Bell.Lorentz.tableOfBlock_bob_marginal' depends on axioms: [propext, Classical.choice, Quot.sound]
'Bell.Lorentz.reset_effectRay' depends on axioms: [propext, Classical.choice, Quot.sound]
'Bell.Lorentz.actedTable_reset' depends on axioms: [propext, Classical.choice, Quot.sound]
'Bell.Lorentz.actedTable_reset_physical' depends on axioms: [propext, Classical.choice, Quot.sound]
'Bell.Lorentz.blockMass_actedBlock' depends on axioms: [propext, Classical.choice, Quot.sound]
'Bell.Lorentz.weightedPairing_actedBlock' depends on axioms: [propext, Classical.choice, Quot.sound]
'Bell.Lorentz.multipliers_positive_from_physical_separator' depends on axioms: [propext, Classical.choice, Quot.sound]
'Bell.Lorentz.tableOfBlock_eq_transformedMetricTable' depends on axioms: [propext, Classical.choice, Quot.sound]
'Bell.exists_normalized_lagrange' depends on axioms: [propext, Classical.choice, Quot.sound]
'Bell.Lorentz.constraint_functional_coordinates' depends on axioms: [propext, Classical.choice, Quot.sound]
'Bell.Lorentz.feasible_iff_constraints_eq' depends on axioms: [propext, Classical.choice, Quot.sound]
'Bell.Lorentz.exists_incidence_lagrange' depends on axioms: [propext, Classical.choice, Quot.sound]
'Bell.Lorentz.lagrange_frame_variations' depends on axioms: [propext, Classical.choice, Quot.sound]
'Bell.Lorentz.lagrange_metric_variations' depends on axioms: [propext, Classical.choice, Quot.sound]
'Bell.Lorentz.metric_invertible_of_block' depends on axioms: [propext, Classical.choice, Quot.sound]
'Bell.Lorentz.frame_invertible_of_block' depends on axioms: [propext, Classical.choice, Quot.sound]
'Bell.Lorentz.lagrange_block_stationarity' depends on axioms: [propext, Classical.choice, Quot.sound]
'Bell.Lorentz.lagrange_metric_stationarity' depends on axioms: [propext, Classical.choice, Quot.sound]
'Bell.Lorentz.exists_incidence_stationarity' depends on axioms: [propext, Classical.choice, Quot.sound]
'Bell.IsometricCompression.embed_positive' depends on axioms: [propext, Classical.choice, Quot.sound]
'Bell.IsometricCompression.embed_trace' depends on axioms: [propext, Classical.choice, Quot.sound]
'Bell.IsometricCompression.embed_mul' depends on axioms: [propext, Classical.choice, Quot.sound]
'Bell.IsometricCompression.support_idempotent' depends on axioms: [propext, Classical.choice, Quot.sound]
'Bell.IsometricCompression.complement_hermitian' depends on axioms: [propext, Classical.choice, Quot.sound]
'Bell.IsometricCompression.complement_idempotent' depends on axioms: [propext, Classical.choice, Quot.sound]
'Bell.IsometricCompression.complement_positive' depends on axioms: [propext, Classical.choice, Quot.sound]
'Bell.IsometricCompression.complement_mul_embed' depends on axioms: [propext, Classical.choice, Quot.sound]
'Bell.IsometricCompression.embed_mul_complement' depends on axioms: [propext, Classical.choice, Quot.sound]
'Bell.IsometricCompression.embed_zero' depends on axioms: [propext, Classical.choice, Quot.sound]
'Bell.IsometricCompression.embed_one_add_complement' depends on axioms: [propext, Classical.choice, Quot.sound]
'Bell.IsometricCompression.paddedEffect_positive' depends on axioms: [propext, Classical.choice, Quot.sound]
'Bell.IsometricCompression.paddedEffect_sum' depends on axioms: [propext, Classical.choice, Quot.sound]
'Bell.IsometricCompression.paddedEffect_idempotent' depends on axioms: [propext, Classical.choice, Quot.sound]
'Bell.IsometricCompression.paddedEffect_orthogonal' depends on axioms: [propext, Classical.choice, Quot.sound]
'Bell.IsometricCompression.compress_paddedEffect' depends on axioms: [propext, Classical.choice, Quot.sound]
'Bell.IsometricCompression.kronecker_conjTranspose' depends on axioms: [propext, Classical.choice, Quot.sound]
'Bell.IsometricCompression.tensor_isometry' depends on axioms: [propext, Classical.choice, Quot.sound]
'Bell.IsometricCompression.tensor_compression' depends on axioms: [propext, Classical.choice, Quot.sound]
'Bell.IsometricCompression.trace_embed_pairing' depends on axioms: [propext, Classical.choice, Quot.sound]
'Bell.IsometricCompression.born_padded' depends on axioms: [propext, Classical.choice, Quot.sound]
'Bell.IsometricCompression.canonicalEmbedding_isometry' depends on axioms: [propext, Classical.choice, Quot.sound]
'Bell.deterministic_behavior' depends on axioms: [propext, Classical.choice, Quot.sound]
'Bell.deterministic_mem_rawPVM' depends on axioms: [propext, Classical.choice, Quot.sound]
'Bell.finite_local_mixture_mem_convexPVM' depends on axioms: [propext, Classical.choice, Quot.sound]
'Bell.transportMixture_mem' depends on axioms: [propext, Classical.choice, Quot.sound]
'Bell.transportMixture_eq' depends on axioms: [propext, Classical.choice, Quot.sound]
'Bell.rankZeroTable_mem_of_transport' depends on axioms: [propext, Classical.choice, Quot.sound]
'Bell.rankZeroTable_mem' depends on axioms: [propext, Classical.choice, Quot.sound]
'Bell.Lorentz.binary_circuit' depends on axioms: [propext, Classical.choice, Quot.sound]
'Bell.Lorentz.ternary_circuit' depends on axioms: [propext, Classical.choice, Quot.sound]
'Bell.Lorentz.circuit_kernel' depends on axioms: [propext, Classical.choice, Quot.sound]
'Bell.Lorentz.weightedOuter_injective_zero' depends on axioms: [propext, Classical.choice, Quot.sound]
'Bell.Lorentz.metric_quadratic' depends on axioms: [propext, Classical.choice, Quot.sound]
'Bell.Lorentz.coefficient_rays_null' depends on axioms: [propext, Classical.choice, Quot.sound]
'Bell.Lorentz.metric_normalization' depends on axioms: [propext, Classical.choice, Quot.sound]
'Bell.Lorentz.phi_differences' depends on axioms: [propext, Classical.choice, Quot.sound]
'Bell.Lorentz.phi_minor' depends on axioms: [propext, Classical.choice, Quot.sound]
'Bell.Lorentz.inverse_identity' depends on axioms: [propext, Classical.choice, Quot.sound]
'Bell.Lorentz.inverse_homogeneous' depends on axioms: [propext, Classical.choice, Quot.sound]
'Bell.Lorentz.generic_recovery' depends on axioms: [propext, Classical.choice, Quot.sound]
'Bell.Lorentz.phi_zero_null_base' depends on axioms: [propext, Classical.choice, Quot.sound]
'Bell.Lorentz.baseLines_phi_zero' depends on axioms: [propext, Classical.choice, Quot.sound]
'Bell.Lorentz.cross_x2_identity' depends on axioms: [propext, Classical.choice, Quot.sound]
'Bell.Lorentz.cross_x3_identity' depends on axioms: [propext, Classical.choice, Quot.sound]
'Bell.Lorentz.cross_x2_is_base' depends on axioms: [propext, Classical.choice, Quot.sound]
'Bell.Lorentz.cross_x3_is_base' depends on axioms: [propext, Classical.choice, Quot.sound]
'Bell.Lorentz.direct_zero_chart_unique' depends on axioms: [propext, Classical.choice, Quot.sound]
'Bell.Lorentz.linearEliminant_of_common_root' depends on axioms: [propext, Classical.choice, Quot.sound]
'Bell.Lorentz.resultant01' depends on axioms: [propext, Classical.choice, Quot.sound]
'Bell.Lorentz.resultant23' depends on axioms: [propext, Classical.choice, Quot.sound]
'Bell.Lorentz.simultaneous_coefficient_obstruction01' depends on axioms: [propext, Classical.choice, Quot.sound]
'Bell.Lorentz.simultaneous_coefficient_obstruction23' depends on axioms: [propext, Classical.choice, Quot.sound]
'Bell.Lorentz.null01_coefficient_nonzero' depends on axioms: [propext, Classical.choice, Quot.sound]
'Bell.Lorentz.null23_coefficient_nonzero' depends on axioms: [propext, Classical.choice, Quot.sound]
'Bell.Lorentz.bilinear_square_completion' depends on axioms: [propext, Classical.choice, Quot.sound]
'Bell.positive_sum' depends on axioms: [propext, Classical.choice, Quot.sound]
'Bell.positive_coordinates' depends on axioms: [propext, Classical.choice, Quot.sound]
'Bell.positive_trace_zero_iff' depends on axioms: [propext, Classical.choice, Quot.sound]
'Bell.positive_trace_positive' depends on axioms: [propext, Classical.choice, Quot.sound]
'Bell.positive_null_coordinates' depends on axioms: [propext, Classical.choice, Quot.sound]
'Bell.positive_definite_coordinates' depends on axioms: [propext, Classical.choice, Quot.sound]
'Bell.isOpen_futureTimelike' depends on axioms: [propext, Classical.choice, Quot.sound]
'Bell.eventually_positive_perturbation' depends on axioms: [propext, Classical.choice, Quot.sound]
'Bell.exists_positive_perturbation' depends on axioms: [propext, Classical.choice, Quot.sound]
'Bell.qubit_cayley_hamilton_entrywise' depends on axioms: [propext, Classical.choice, Quot.sound]
'Bell.determinant_complement' depends on axioms: [propext, Classical.choice, Quot.sound]
'Bell.rank_one_binary_projector' depends on axioms: [propext, Classical.choice, Quot.sound]
'Bell.future_between_null' depends on axioms: [propext, Classical.choice, Quot.sound]
'Bell.positive_below_rank_one' depends on axioms: [propext, Classical.choice, Quot.sound]
'Bell.POVM.complement_positive' depends on axioms: [propext, Classical.choice, Quot.sound]
'Bell.posDef_real_smul' depends on axioms: [propext, Classical.choice, Quot.sound]
'Bell.active_coefficients_operator' depends on axioms: [propext, Classical.choice, Quot.sound]
'Bell.coefficient_sum_mem_span' depends on axioms: [propext, Classical.choice, Quot.sound]
'Bell.effect_coordinates_mem_span' depends on axioms: [propext, Classical.choice, Quot.sound]
'Bell.timeUnit_mem_effectSpan' depends on axioms: [propext, Classical.choice, Quot.sound]
'Bell.effectSpan_finrank_of_independent' depends on axioms: [propext, Classical.choice, Quot.sound]
'Bell.nondeterministic_support_at_least_two' depends on axioms: [propext, Classical.choice, Quot.sound]
'Bell.extreme_span_intersection_le_one' depends on axioms: [propext, Classical.choice, Quot.sound]
'Bell.extreme_active_outcome_sum_le_five' depends on axioms: [propext, Classical.choice, Quot.sound]
'Bell.extreme_two_or_three_outcomes' depends on axioms: [propext, Classical.choice, Quot.sound]
'Bell.povm_output_positive' depends on axioms: [propext, Classical.choice, Quot.sound]
'Bell.singleOutput_zero' depends on axioms: [propext, Quot.sound]
'Bell.strategy_no_inputs' depends on axioms: [propext, Classical.choice, Quot.sound]
'Bell.strategy_single_bob' depends on axioms: [propext, Classical.choice, Quot.sound]
'Bell.strategy_single_alice' depends on axioms: [propext, Classical.choice, Quot.sound]
'Bell.strategy_one_input' depends on axioms: [propext, Classical.choice, Quot.sound]
'Bell.one_input_equality' depends on axioms: [propext, Classical.choice, Quot.sound]
'Bell.product_behavior_mem_convexPVM' depends on axioms: [propext, Classical.choice, Quot.sound]
'Bell.trace_product_im_zero' depends on axioms: [propext, Classical.choice, Quot.sound]
'Bell.Assemblage.right_complement_positive' depends on axioms: [propext, Classical.choice, Quot.sound]
'Bell.Assemblage.singular_mem_convexPVM' depends on axioms: [propext, Classical.choice, Quot.sound]
'Bell.Assemblage.mem_convexPOVM' depends on axioms: [propext, Classical.choice, Quot.sound]
'Bell.qubit_cayley_hamilton' depends on axioms: [propext, Classical.choice, Quot.sound]
'Bell.orthogonal_idempotent_det_zero' depends on axioms: [propext, Classical.choice, Quot.sound]
'Bell.singular_idempotent_trace_one' depends on axioms: [propext, Classical.choice, Quot.sound]
'Bell.ternary_pvm_has_zero' depends on axioms: [propext, Classical.choice, Quot.sound]
'Bell.pvmSignObservable_matrix' depends on axioms: [propext, Classical.choice, Quot.sound]
'Bell.weighted_born_sum' depends on axioms: [propext, Classical.choice, Quot.sound]
'Bell.alice_signed_sum' depends on axioms: [propext, Classical.choice, Quot.sound]
'Bell.bob_signed_sum' depends on axioms: [propext, Classical.choice, Quot.sound]
'Bell.projective_correlation' depends on axioms: [propext, Classical.choice, Quot.sound]
'Bell.physical_bell_expectation' depends on axioms: [propext, Classical.choice, Quot.sound]
'Bell.binary_effect_complement' depends on axioms: [propext, Classical.choice, Quot.sound]
'Bell.auxiliary_complement_of_zero1' depends on axioms: [propext, Classical.choice, Quot.sound]
'Bell.auxiliary_complement_of_zero0' depends on axioms: [propext, Classical.choice, Quot.sound]
'Bell.auxiliary_complement_of_zero2' depends on axioms: [propext, Classical.choice, Quot.sound]
'Bell.physical_bell_zero1' depends on axioms: [propext, Classical.choice, Quot.sound]
'Bell.physical_bell_zero2' depends on axioms: [propext, Classical.choice, Quot.sound]
'Bell.physical_bell_zero0' depends on axioms: [propext, Classical.choice, Quot.sound]
'Bell.projective_strategy_rational_upper' depends on axioms: [propext, Classical.choice, Quot.sound]
'Bell.raw_projective_rational_upper' depends on axioms: [propext, Classical.choice, Quot.sound]
'Bell.sqrtTwo_rational_lower' depends on axioms: [propext, Classical.choice, Quot.sound]
'Bell.rational_bound_lt_paper_upper' depends on axioms: [propext, Classical.choice, Quot.sound]
'Bell.rational_bound_lt_witness' depends on axioms: [propext, Classical.choice, Quot.sound]
'Bell.projective_global_upper_bound' depends on axioms: [propext, Classical.choice, Quot.sound]
'Bell.convex_projective_rational_upper' depends on axioms: [propext, Classical.choice, Quot.sound]
'Bell.three_by_two_separation' depends on axioms: [propext, Classical.choice, Quot.sound]
'Bell.witness_margin_over_projective' depends on axioms: [propext, Classical.choice, Quot.sound]
'Bell.Lorentz.phi_zero' depends on axioms: [propext, Classical.choice, Quot.sound]
'Bell.Lorentz.phi_homogeneous' depends on axioms: [propext, Classical.choice, Quot.sound]
'Bell.Lorentz.null_homogeneous' depends on axioms: [propext, Classical.choice, Quot.sound]
'Bell.Lorentz.sameRay_refl' depends on axioms: [propext, Classical.choice, Quot.sound]
'Bell.Lorentz.sameRay_symm' depends on axioms: [propext, Classical.choice, Quot.sound]
'Bell.Lorentz.sameRay_trans' depends on axioms: [propext, Classical.choice, Quot.sound]
'Bell.Lorentz.nonzero_image_implies_nonzero' depends on axioms: [propext, Classical.choice, Quot.sound]
'Bell.Lorentz.sameRay_of_homogeneous_inverse' depends on axioms: [propext, Classical.choice, Quot.sound]
'Bell.Lorentz.image_zero_transfers' depends on axioms: [propext, Classical.choice, Quot.sound]
'Bell.Lorentz.image_eq_transfers' depends on axioms: [propext, Classical.choice, Quot.sound]
'Bell.Lorentz.phi_zero_of_last_pair_zero' depends on axioms: [propext, Classical.choice, Quot.sound]
'Bell.Lorentz.phi_zero_of_first_pair_zero' depends on axioms: [propext, Classical.choice, Quot.sound]
'Bell.Lorentz.phi_zero_of_fifth_line' depends on axioms: [propext, Classical.choice, Quot.sound]
'Bell.Lorentz.zero2Inverse_homogeneous' depends on axioms: [propext, Classical.choice, Quot.sound]
'Bell.Lorentz.zero2Coefficient_of_null' depends on axioms: [propext, Classical.choice, Quot.sound]
'Bell.Lorentz.zero2Inverse_identity' depends on axioms: [propext, Classical.choice, Quot.sound]
'Bell.Lorentz.zero2Weight_nonzero' depends on axioms: [propext, Classical.choice, Quot.sound]
'Bell.Lorentz.zero2_plane_of_target' depends on axioms: [propext, Classical.choice, Quot.sound]
'Bell.Lorentz.zero3Inverse_homogeneous' depends on axioms: [propext, Classical.choice, Quot.sound]
'Bell.Lorentz.zero3Coefficient_of_null' depends on axioms: [propext, Classical.choice, Quot.sound]
'Bell.Lorentz.zero3Inverse_identity' depends on axioms: [propext, Classical.choice, Quot.sound]
'Bell.Lorentz.zero3Weight_nonzero' depends on axioms: [propext, Classical.choice, Quot.sound]
'Bell.Lorentz.zero3_plane_of_target' depends on axioms: [propext, Classical.choice, Quot.sound]
'Bell.Lorentz.equal01Inverse_homogeneous' depends on axioms: [propext, Classical.choice, Quot.sound]
'Bell.Lorentz.equal01Coefficient_of_null' depends on axioms: [propext, Classical.choice, Quot.sound]
'Bell.Lorentz.equal01Inverse_identity' depends on axioms: [propext, Classical.choice, Quot.sound]
'Bell.Lorentz.equal01Weight_nonzero' depends on axioms: [propext, Classical.choice, Quot.sound]
'Bell.Lorentz.equal01_plane_of_target' depends on axioms: [propext, Classical.choice, Quot.sound]
'Bell.Lorentz.equal23Inverse_homogeneous' depends on axioms: [propext, Classical.choice, Quot.sound]
'Bell.Lorentz.equal23Coefficient_of_null' depends on axioms: [propext, Classical.choice, Quot.sound]
'Bell.Lorentz.equal23Inverse_identity' depends on axioms: [propext, Classical.choice, Quot.sound]
'Bell.Lorentz.equal23Weight_nonzero' depends on axioms: [propext, Classical.choice, Quot.sound]
'Bell.Lorentz.equal23_plane_of_target' depends on axioms: [propext, Classical.choice, Quot.sound]
'Bell.Lorentz.projective_fiber_injective' depends on axioms: [propext, Classical.choice, Quot.sound]
'Bell.Lorentz.projective_fiber_injective_of_sameRay' depends on axioms: [propext, Classical.choice, Quot.sound]
'Bell.SOS.words_hermitian' depends on axioms: [propext, Classical.choice, Quot.sound]
'Bell.SOS.bell02_certificate' depends on axioms: [propext, Classical.choice, Quot.sound]
'Bell.SOS.bell02_upper' depends on axioms: [propext, Classical.choice, Quot.sound]
'Bell.SOS.bell01_certificate' depends on axioms: [propext, Classical.choice, Quot.sound]
'Bell.SOS.bell01_upper' depends on axioms: [propext, Classical.choice, Quot.sound]
'Bell.SOS.chsh_switch' depends on axioms: [propext, Classical.choice, Quot.sound]
'Bell.localTrace_apply' depends on axioms: [propext, Classical.choice, Quot.sound]
'Bell.localTrace_comm' depends on axioms: [propext, Classical.choice, Quot.sound]
'Bell.posSemidef_real_smul' depends on axioms: [propext, Classical.choice, Quot.sound]
'Bell.localTrace_nonnegative' depends on axioms: [propext, Classical.choice, Quot.sound]
'Bell.pureDensity_positive' depends on axioms: [propext, Classical.choice, Quot.sound]
'Bell.pureDensity_trace' depends on axioms: [propext, Classical.choice, Quot.sound]
'Bell.pureDensity_born' depends on axioms: [propext, Classical.choice, Quot.sound]
'Bell.Assemblage.root_hermitian' depends on axioms: [propext, Classical.choice, Quot.sound]
'Bell.Assemblage.root_square' depends on axioms: [propext, Classical.choice, Quot.sound]
'Bell.Assemblage.root_invertible' depends on axioms: [propext, Classical.choice, Quot.sound]
'Bell.Assemblage.purified_behavior' depends on axioms: [propext, Classical.choice, Quot.sound]
'Bell.Assemblage.mem_rawPOVM' depends on axioms: [propext, Classical.choice, Quot.sound]
'Bell.inverse_congruence_trace' depends on axioms: [propext, Classical.choice, Quot.sound]
'Bell.rawPVM_subset_rawPOVM' depends on axioms: [propext, Classical.choice, Quot.sound]
'Bell.convexPVM_subset_convexPOVM' depends on axioms: [propext, Classical.choice, Quot.sound]
'Bell.gram_positive' depends on axioms: [propext, Classical.choice, Quot.sound]
'Bell.joint_gram_positive' depends on axioms: [propext, Classical.choice, Quot.sound]
'Bell.strategy_has_gram_data' depends on axioms: [propext, Classical.choice, Quot.sound]
'Bell.rawPOVM_eq_gram_image' depends on axioms: [propext, Classical.choice, Quot.sound]
'Bell.rawPVM_eq_gram_image' depends on axioms: [propext, Classical.choice, Quot.sound]
'Bell.trace_gram_norms' depends on axioms: [propext, Classical.choice, Quot.sound]
'Bell.entry_norm_sq_le_trace_gram' depends on axioms: [propext, Classical.choice, Quot.sound]
'Bell.matrixBox_isCompact' depends on axioms: [propext, Classical.choice, Quot.sound]
'Bell.gramBox_isCompact' depends on axioms: [propext, Classical.choice, Quot.sound]
'Bell.gramValid_subset_box' depends on axioms: [propext, Classical.choice, Quot.sound]
'Bell.gramValid_isClosed' depends on axioms: [propext, Classical.choice, Quot.sound]
'Bell.gramProjective_isClosed' depends on axioms: [propext, Classical.choice, Quot.sound]
'Bell.gramBehavior_continuous' depends on axioms: [propext, Classical.choice, Quot.sound]
'Bell.rawPOVM_isCompact' depends on axioms: [propext, Classical.choice, Quot.sound]
'Bell.rawPVM_isCompact' depends on axioms: [propext, Classical.choice, Quot.sound]
'Bell.convexPOVM_isCompact' depends on axioms: [propext, Classical.choice, Quot.sound]
'Bell.convexPVM_isCompact' depends on axioms: [propext, Classical.choice, Quot.sound]
'Bell.convexPVM_isClosed' depends on axioms: [propext, Classical.choice, Quot.sound]
'Bell.counterexample_has_extreme_maximum' depends on axioms: [propext, Classical.choice, Quot.sound]
'Bell.QubitGeometry.pauli_isHermitian' depends on axioms: [propext, Classical.choice, Quot.sound]
'Bell.QubitGeometry.coordinates_pauli' depends on axioms: [propext, Classical.choice, Quot.sound]
'Bell.QubitGeometry.pauli_coordinates' depends on axioms: [propext, Classical.choice, Quot.sound]
'Bell.QubitGeometry.minkowski_square' depends on axioms: [propext, Classical.choice, Quot.sound]
'Bell.QubitGeometry.minkowski_transpose' depends on axioms: [propext, Classical.choice, Quot.sound]
'Bell.QubitGeometry.pauli_timeUnit' depends on axioms: [propext, Classical.choice, Quot.sound]
'Bell.QubitGeometry.lorentzPair_eq_matrixPair' depends on axioms: [propext, Classical.choice, Quot.sound]
'Bell.QubitGeometry.lorentzPair_self' depends on axioms: [propext, Classical.choice, Quot.sound]
'Bell.QubitGeometry.pauli_trace' depends on axioms: [propext, Classical.choice, Quot.sound]
'Bell.QubitGeometry.pauli_det' depends on axioms: [propext, Classical.choice, Quot.sound]
'Bell.QubitGeometry.pauli_trace_product' depends on axioms: [propext, Classical.choice, Quot.sound]
'Bell.QubitGeometry.pauli_injective' depends on axioms: [propext, Classical.choice, Quot.sound]
'Bell.QubitGeometry.qubit_psd_iff' depends on axioms: [propext, Classical.choice, Quot.sound]
'Bell.QubitGeometry.pauli_posSemidef_iff' depends on axioms: [propext, Classical.choice, Quot.sound]
'Bell.QubitGeometry.FutureNull.posSemidef' depends on axioms: [propext, Classical.choice, Quot.sound]
'Bell.QubitGeometry.FutureNull.nonzero' depends on axioms: [propext, Classical.choice, Quot.sound]
'Bell.QubitGeometry.future_time_zero' depends on axioms: [propext, Classical.choice, Quot.sound]
'Bell.QubitGeometry.future_nonzero_time' depends on axioms: [propext, Classical.choice, Quot.sound]
'Bell.QubitGeometry.posDef_of_posSemidef_det_ne_zero' depends on axioms: [propext, Classical.choice, Quot.sound]
'Bell.QubitGeometry.FutureTimelike.posDef' depends on axioms: [propext, Classical.choice, Quot.sound]
'Bell.QubitGeometry.lorentz_pair_squares' depends on axioms: [propext, Classical.choice, Quot.sound]
'Bell.QubitGeometry.future_pair_nonnegative' depends on axioms: [propext, Classical.choice, Quot.sound]
'Bell.QubitGeometry.null_pair_zero_sameRay' depends on axioms: [propext, Classical.choice, Quot.sound]
'Bell.QubitGeometry.null_pair_positive_of_distinct' depends on axioms: [propext, Classical.choice, Quot.sound]
'Bell.QubitGeometry.timelike_pair_positive' depends on axioms: [propext, Classical.choice, Quot.sound]
'Bell.Lorentz.coefficient_rays_projectively_distinct' depends on axioms: [propext, Classical.choice, Quot.sound]
'Bell.Lorentz.transformed_rays_projectively_distinct' depends on axioms: [propext, Classical.choice, Quot.sound]
'Bell.Lorentz.positive_sum_not_singleton' depends on axioms: [propext, Classical.choice, Quot.sound]
'Bell.Lorentz.rank_one_positive_stationarity_impossible' depends on axioms: [propext, Classical.choice, Quot.sound]
'Bell.Lorentz.images_on_line_sameRay' depends on axioms: [propext, Classical.choice, Quot.sound]
'Bell.Lorentz.transformed_rank_one_obstruction' depends on axioms: [propext, Classical.choice, Quot.sound]
'Bell.Lorentz.circuitSign_ne_zero' depends on axioms: [propext, Classical.choice, Quot.sound]
'Bell.Lorentz.circuitSign_squared' depends on axioms: [propext, Classical.choice, Quot.sound]
'Bell.Lorentz.signed_circuit' depends on axioms: [propext, Classical.choice, Quot.sound]
'Bell.Lorentz.circuit_kernel_sign' depends on axioms: [propext, Classical.choice, Quot.sound]
'Bell.Lorentz.baseLines_ray_multiple' depends on axioms: [propext, Classical.choice, Quot.sound]
'Bell.Lorentz.timeFunctional_unit' depends on axioms: [propext, Classical.choice, Quot.sound]
'Bell.Lorentz.timeFunctional_ray_positive' depends on axioms: [propext, Classical.choice, Quot.sound]
'Bell.Lorentz.null_base_future_multiple' depends on axioms: [propext, Classical.choice, Quot.sound]
'Bell.Lorentz.ray_assignment_injective' depends on axioms: [propext, Classical.choice, Quot.sound]
'Bell.Lorentz.permuted_circuit_coefficients' depends on axioms: [propext, Classical.choice, Quot.sound]
'Bell.Lorentz.not_three_in_binary_pair' depends on axioms: [propext, Quot.sound]
'Bell.Lorentz.circuit_scale_positive' depends on axioms: [propext, Classical.choice, Quot.sound]
'Bell.Lorentz.circuit_partition_and_scale' depends on axioms: [propext, Classical.choice, Quot.sound]
'Bell.Lorentz.binary_sum_preserved' depends on axioms: [propext, Classical.choice, Quot.sound]
'Bell.Lorentz.rank_zero_normalized_rigidity' depends on axioms: [propext, Classical.choice, Quot.sound]
'Bell.Lorentz.metricTable_eq_rankZeroTable' depends on axioms: [propext, Classical.choice, Quot.sound]
'Bell.Lorentz.metricTable_mem_convexPVM' depends on axioms: [propext, Classical.choice, Quot.sound]
'Bell.Lorentz.binaryLabelMap_injective' depends on axioms: [propext, Quot.sound]
'Bell.Lorentz.ternaryLabelMap_injective' depends on axioms: [propext, Classical.choice, Quot.sound]
'Bell.Lorentz.effectRay_binary_index' depends on axioms: [propext, Classical.choice, Quot.sound]
'Bell.Lorentz.effectRay_ternary_index' depends on axioms: [propext, Classical.choice, Quot.sound]
'Bell.Lorentz.effectRay_ternary_label' depends on axioms: [propext, Classical.choice, Quot.sound]
'Bell.Lorentz.effectRay_under_transformation' depends on axioms: [propext, Classical.choice, Quot.sound]
'Bell.Lorentz.transformedMetricTable_relabel' depends on axioms: [propext, Classical.choice, Quot.sound]
'Bell.Lorentz.rank_zero_transformed_table_mem' depends on axioms: [propext, Classical.choice, Quot.sound]
'Bell.relabelProjectiveStrategy_behavior' depends on axioms: [propext, Classical.choice, Quot.sound]
'Bell.relabel_mem_rawPVM' depends on axioms: [propext, Classical.choice, Quot.sound]
'Bell.relabel_mem_convexPVM' depends on axioms: [propext, Classical.choice, Quot.sound]
'Bell.Lorentz.frame_future_pairing' depends on axioms: [propext, Classical.choice, Quot.sound]
'Bell.Lorentz.frame_timeFunctional_positive' depends on axioms: [propext, Classical.choice, Quot.sound]
'Bell.Lorentz.no_strict_residual_maximum' depends on axioms: [propext, Classical.choice, Quot.sound]
'Bell.Lorentz.coefficient_rays_distinct' depends on axioms: [propext, Classical.choice, Quot.sound]
'Bell.Lorentz.frame_rays_distinct' depends on axioms: [propext, Classical.choice, Quot.sound]
'Bell.Lorentz.metric_normal_form' depends on axioms: [propext, Classical.choice, Quot.sound]
'Bell.Lorentz.ResidualFrames.gram_null' depends on axioms: [propext, Classical.choice, Quot.sound]
'Bell.Lorentz.ResidualFrames.gram_unit' depends on axioms: [propext, Classical.choice, Quot.sound]
'Bell.Lorentz.ResidualFrames.gram_off_diagonal_positive' depends on axioms: [propext, Classical.choice, Quot.sound]
'Bell.Lorentz.ResidualFrames.parameters_gram' depends on axioms: [propext, Classical.choice, Quot.sound]
'Bell.Lorentz.ResidualFrames.alice_transformed' depends on axioms: [propext, Classical.choice, Quot.sound]
'Bell.Lorentz.ResidualFrames.gram_transformed' depends on axioms: [propext, Classical.choice, Quot.sound]
'Bell.Lorentz.ResidualFrames.transformed_invertible' depends on axioms: [propext, Classical.choice, Quot.sound]
'Bell.Lorentz.ResidualFrames.transformed_null' depends on axioms: [propext, Classical.choice, Quot.sound]
'Bell.Lorentz.ResidualFrames.block_normalized' depends on axioms: [propext, Classical.choice, Quot.sound]
'Bell.Lorentz.ResidualFrames.feasible' depends on axioms: [propext, Classical.choice, Quot.sound]
'Bell.Lorentz.ResidualFrames.frame_positive' depends on axioms: [propext, Classical.choice, Quot.sound]
'Bell.Lorentz.ResidualFrames.not_strict_maximum' depends on axioms: [propext, Classical.choice, Quot.sound]
'Bell.effectSpan_le_of_effects' depends on axioms: [propext, Classical.choice, Quot.sound]
'Bell.effectSpan_coarsen_le' depends on axioms: [propext, Classical.choice, Quot.sound]
'Bell.effectSpan_encode' depends on axioms: [propext, Classical.choice, Quot.sound]
'Bell.measurementFrame_effectRay' depends on axioms: [propext, Classical.choice, Quot.sound]
'Bell.measurementFrame_ray' depends on axioms: [propext, Classical.choice, Quot.sound]
'Bell.measurementFrame_unit' depends on axioms: [propext, Classical.choice, Quot.sound]
'Bell.matrix_det_unit_of_surjective' depends on axioms: [propext, Classical.choice, Quot.sound]
'Bell.matrix_det_unit_of_injective' depends on axioms: [propext, Classical.choice, Quot.sound]
'Bell.measurementFrame_range' depends on axioms: [propext, Classical.choice, Quot.sound]
'Bell.paddingMap_behavior' depends on axioms: [propext, Classical.choice, Quot.sound]
'Bell.encoded_frame_invertible' depends on axioms: [propext, Classical.choice, Quot.sound]
'Bell.steered_hermitian' depends on axioms: [propext, Classical.choice, Quot.sound]
'Bell.steeringTransform_injective' depends on axioms: [propext, Classical.choice, Quot.sound]
'Bell.steeredFrame_effectRay' depends on axioms: [propext, Classical.choice, Quot.sound]
'Bell.steeredFrame_invertible' depends on axioms: [propext, Classical.choice, Quot.sound]
'Bell.encodePOVM_below_nonzero' depends on axioms: [propext, Classical.choice, Quot.sound]
'Bell.encodePOVM_null' depends on axioms: [propext, Classical.choice, Quot.sound]
'Bell.steeredFrame_unit' depends on axioms: [propext, Classical.choice, Quot.sound]
'Bell.steeredFrame_ray' depends on axioms: [propext, Classical.choice, Quot.sound]
'Bell.steering_nonzero' depends on axioms: [propext, Classical.choice, Quot.sound]
'Bell.localTrace_coordinates' depends on axioms: [propext, Classical.choice, Quot.sound]
'Bell.pure_frame_behavior' depends on axioms: [propext, Classical.choice, Quot.sound]
'Bell.physicalResidualFrames_behavior' depends on axioms: [propext, Classical.choice, Quot.sound]
'Bell.no_strict_extreme_binary_ternary' depends on axioms: [propext, Classical.choice, Quot.sound]
'Bell.SOS.rotate_three_sums' depends on axioms: [propext, Classical.choice, Quot.sound]
'Bell.SOS.gram_ldl' depends on axioms: [propext, Classical.choice, Quot.sound]
'Bell.SOS.expectation_gram_nonnegative' depends on axioms: [propext, Classical.choice, Quot.sound]
'Bell.SOS.upper_bound_of_gram' depends on axioms: [propext, Classical.choice, Quot.sound]
'Bell.SOS.pivot_positive' depends on axioms: [propext, Classical.choice, Quot.sound]
'Bell.SOS.coefficient_factorization' depends on axioms: [propext, Classical.choice, Quot.sound]
'Bell.SOS.numerator_symmetric' depends on axioms: [propext, Classical.choice, Quot.sound]
'Bell.sqrtTwo_sq' depends on axioms: [propext, Classical.choice, Quot.sound]
'Bell.sqrtTwo_pos' depends on axioms: [propext, Classical.choice, Quot.sound]
'Bell.sqrtTwo_lt_two' depends on axioms: [propext, Classical.choice, Quot.sound]
'Bell.gap_identity' depends on axioms: [propext, Classical.choice, Quot.sound]
'Bell.strict_gap' depends on axioms: [propext, Classical.choice, Quot.sound]
'Bell.le_of_square_le' depends on axioms: [propext, Classical.choice, Quot.sound]
'Bell.sqrt_deficit_one_identity' depends on axioms: [propext, Classical.choice, Quot.sound]
'Bell.sqrt_deficit_four_identity' depends on axioms: [propext, Classical.choice, Quot.sound]
'Bell.sqrt_deficit_one' depends on axioms: [propext, Classical.choice, Quot.sound]
'Bell.sqrt_deficit_four' depends on axioms: [propext, Classical.choice, Quot.sound]
'Bell.robust_square_identity' depends on axioms: [propext, Classical.choice, Quot.sound]
'Bell.robust_certificate_nonnegative' depends on axioms: [propext, Classical.choice, Quot.sound]
'Bell.robust_pair_bound' depends on axioms: [propext, Classical.choice, Quot.sound]
'Bell.complete_square' depends on axioms: [propext, Classical.choice, Quot.sound]
'Bell.global_upper_from_deficits' depends on axioms: [propext, Classical.choice, Quot.sound]
'Bell.strengthened_gt_lower' depends on axioms: [propext, Classical.choice, Quot.sound]
'Bell.strengthened_gt_upper' depends on axioms: [propext, Classical.choice, Quot.sound]
'Bell.strengthened_family_bound' depends on axioms: [propext, Classical.choice, Quot.sound]
'Bell.two_input_strategy_simulable' depends on axioms: [propext, Classical.choice, Quot.sound]
'Bell.finite_projective_simulation' depends on axioms: [propext, Classical.choice, Quot.sound]
'Bell.one_binary_party_simulation' depends on axioms: [propext, Classical.choice, Quot.sound]
'Bell.two_input_linear_bound_transfer' depends on axioms: [propext, Classical.choice, Quot.sound]
'Bell.two_input_linear_bound_iff' depends on axioms: [propext, Classical.choice, Quot.sound]
'Bell.POVM.ext_effect' depends on axioms: [propext, Classical.choice, Quot.sound]
'Bell.coarsenPOVM_comp' depends on axioms: [propext, Classical.choice, Quot.sound]
'Bell.coarsenPOVM_id' depends on axioms: [propext, Classical.choice, Quot.sound]
'Bell.coarsenPOVM_const' depends on axioms: [propext, Classical.choice, Quot.sound]
'Bell.activeSupport_nonempty' depends on axioms: [propext, Classical.choice, Quot.sound]
'Bell.encodingLabel_cast' depends on axioms: [propext, Classical.choice, Quot.sound]
'Bell.encodePOVM_cast' depends on axioms: [propext, Classical.choice, Quot.sound]
'Bell.encodePOVM_above' depends on axioms: [propext, Classical.choice, Quot.sound]
'Bell.encoding_coarsens' depends on axioms: [propext, Classical.choice, Quot.sound]
'Bell.encodePOVM_effect_cases' depends on axioms: [propext, Classical.choice, Quot.sound]
'Bell.inputAt_index' depends on axioms: [propext, Classical.choice, Quot.sound]
'Bell.inputIndex_at' depends on axioms: [propext, Classical.choice, Quot.sound]
'Bell.deterministic_alice_local' depends on axioms: [propext, Classical.choice, Quot.sound]
'Bell.deterministic_bob_local' depends on axioms: [propext, Classical.choice, Quot.sound]
'Bell.gram_rows_density' depends on axioms: [propext, Classical.choice, Quot.sound]
'Bell.State.amplitudes_density' depends on axioms: [propext, Classical.choice, Quot.sound]
'Bell.State.steer_positive' depends on axioms: [propext, Classical.choice, Quot.sound]
'Bell.State.steer_sum' depends on axioms: [propext, Classical.choice, Quot.sound]
'Bell.State.reduced_positive' depends on axioms: [propext, Classical.choice, Quot.sound]
'Bell.State.reduced_normalized' depends on axioms: [propext, Classical.choice, Quot.sound]
'Bell.State.born_steer' depends on axioms: [propext, Classical.choice, Quot.sound]
'Bell.Strategy.toAssemblage_behavior' depends on axioms: [propext, Classical.choice, Quot.sound]
'Bell.full_pure_of_not_mem_convexPVM' depends on axioms: [propext, Classical.choice, Quot.sound]
'Bell.full_pure_marginal_positive' depends on axioms: [propext, Classical.choice, Quot.sound]
'Bell.StochasticFamily.nonempty_iff' depends on axioms: [propext, Classical.choice, Quot.sound]
'Bell.StochasticFamily.weight_nonnegative' depends on axioms: [propext, Classical.choice, Quot.sound]
'Bell.StochasticFamily.weight_normalized' depends on axioms: [propext, Classical.choice, Quot.sound]
'Bell.StochasticFamily.reconstruction' depends on axioms: [propext, Classical.choice, Quot.sound]
'Bell.StochasticFamily.weight_zero_of_entry_zero' depends on axioms: [propext, Classical.choice, Quot.sound]
'Bell.StochasticFamily.weight_empty_source' depends on axioms: [propext, Classical.choice, Quot.sound]
'Bell.StochasticChannel.nonempty_iff' depends on axioms: [propext, Classical.choice, Quot.sound]
'Bell.StochasticChannel.exists_of_empty_source' depends on axioms: [propext, Classical.choice, Quot.sound]
'Bell.StochasticChannel.no_channel_to_empty' depends on axioms: [propext, Classical.choice, Quot.sound]
'Bell.StochasticChannel.decomposition' depends on axioms: [propext, Classical.choice, Quot.sound]
'Bell.StochasticProcessing.weight_nonnegative' depends on axioms: [propext, Classical.choice, Quot.sound]
'Bell.StochasticProcessing.weight_normalized' depends on axioms: [propext, Classical.choice, Quot.sound]
'Bell.StochasticProcessing.joint_reconstruction' depends on axioms: [propext, Classical.choice, Quot.sound]
'Bell.StochasticProcessing.behavior_decomposition' depends on axioms: [propext, Classical.choice, Quot.sound]
'Bell.StochasticProcessing.deterministic_branch_mem_rawPVM' depends on axioms: [propext, Classical.choice, Quot.sound]
'Bell.StochasticProcessing.mem_convexPVM' depends on axioms: [propext, Classical.choice, Quot.sound]
'Bell.StochasticProcessing.rawPVM_mem_convexPVM' depends on axioms: [propext, Classical.choice, Quot.sound]
'Bell.StrategyMap.strategy_behavior' depends on axioms: [propext, Classical.choice, Quot.sound]
'Bell.StrategyMap.mem_rawPOVM' depends on axioms: [propext, Classical.choice, Quot.sound]
'Bell.StrategyMap.mem_rawPVM' depends on axioms: [propext, Classical.choice, Quot.sound]
'Bell.StrategyMap.mem_convexPVM' depends on axioms: [propext, Classical.choice, Quot.sound]
'Bell.swap_born' depends on axioms: [propext, Classical.choice, Quot.sound]
'Bell.swapStrategy_behavior' depends on axioms: [propext, Classical.choice, Quot.sound]
'Bell.swap_mem_convexPVM' depends on axioms: [propext, Classical.choice, Quot.sound]
'Bell.swap_mem_convexPOVM' depends on axioms: [propext, Classical.choice, Quot.sound]
'Bell.swap_extreme' depends on axioms: [propext, Classical.choice, Quot.sound]
'Bell.FullPureStrategy.swap_behavior' depends on axioms: [propext, Classical.choice, Quot.sound]
'Bell.Strengthened.q_sq' depends on axioms: [propext, Classical.choice, Quot.sound]
'Bell.Strengthened.q_pos' depends on axioms: [propext, Classical.choice, Quot.sound]
'Bell.Strengthened.q_gt_one' depends on axioms: [propext, Classical.choice, Quot.sound]
'Bell.Strengthened.a_pos' depends on axioms: [propext, Classical.choice, Quot.sound]
'Bell.Strengthened.b_pos' depends on axioms: [propext, Classical.choice, Quot.sound]
'Bell.Strengthened.a_sq' depends on axioms: [propext, Classical.choice, Quot.sound]
'Bell.Strengthened.b_sq' depends on axioms: [propext, Classical.choice, Quot.sound]
'Bell.Strengthened.scaled_a_sq' depends on axioms: [propext, Classical.choice, Quot.sound]
'Bell.Strengthened.scaled_b_sq' depends on axioms: [propext, Classical.choice, Quot.sound]
'Bell.Strengthened.state_norm' depends on axioms: [propext, Classical.choice, Quot.sound]
'Bell.Strengthened.k_a' depends on axioms: [propext, Classical.choice, Quot.sound]
'Bell.Strengthened.k_sq_lt_one' depends on axioms: [propext, Classical.choice, Quot.sound]
'Bell.Strengthened.q_product_sq' depends on axioms: [propext, Classical.choice, Quot.sound]
'Bell.Strengthened.observable_norm' depends on axioms: [propext, Classical.choice, Quot.sound]
'Bell.Strengthened.auxiliary_positive' depends on axioms: [propext, Classical.choice, Quot.sound]
'Bell.Strengthened.alice_positive' depends on axioms: [propext, Classical.choice, Quot.sound]
'Bell.Strengthened.alice_normalized' depends on axioms: [propext, Classical.choice, Quot.sound]
'Bell.Strengthened.bob_positive' depends on axioms: [propext, Classical.choice, Quot.sound]
'Bell.Strengthened.bob_normalized' depends on axioms: [propext, Classical.choice, Quot.sound]
'Bell.Strengthened.coefficient_normalized' depends on axioms: [propext, Classical.choice, Quot.sound]
'Bell.Strengthened.parameter_score' depends on axioms: [propext, Classical.choice, Quot.sound]
'Bell.Strengthened.auxiliary_value' depends on axioms: [propext, Classical.choice, Quot.sound]
'Bell.Strengthened.locking_value' depends on axioms: [propext, Classical.choice, Quot.sound]
'Bell.Strengthened.value' depends on axioms: [propext, Classical.choice, Quot.sound]
'Bell.strengthened_attainment' depends on axioms: [propext, Classical.choice, Quot.sound]
'Bell.bellScore_add' depends on axioms: [propext, Classical.choice, Quot.sound]
'Bell.bellScore_smul' depends on axioms: [propext, Classical.choice, Quot.sound]
'Bell.convex_projective_bound_of_raw' depends on axioms: [propext, Classical.choice, Quot.sound]
'Bell.three_by_two_separation_of_projective_upper_bound' depends on axioms: [propext, Classical.choice, Quot.sound]
'Bell.no_strict_separation_of_equal_hulls' depends on axioms: [propext, Classical.choice, Quot.sound]
'Bell.minimum_inputs_of_equality_theorems' depends on axioms: [propext, Classical.choice, Quot.sound]
'Bell.main_claims_of_missing_theorems' depends on axioms: [propext, Classical.choice, Quot.sound]
'Bell.Transport.three_intervals' depends on axioms: [propext, Classical.choice, Quot.sound]
'Bell.Transport.exists_capacity_transport' depends on axioms: [propext, Classical.choice, Quot.sound]
'Bell.Transport.capacity_representation' depends on axioms: [propext, Classical.choice, Quot.sound]
'Bell.Transport.exists_transport' depends on axioms: [propext, Classical.choice, Quot.sound]
'Bell.Transport.Certificate.complement_nonnegative' depends on axioms: [propext, Classical.choice, Quot.sound]
'Bell.Transport.Certificate.diagonal_zero' depends on axioms: [propext, Classical.choice, Quot.sound]
'Bell.Transport.Certificate.complement_row' depends on axioms: [propext, Classical.choice, Quot.sound]
'Bell.Transport.Certificate.complement_column' depends on axioms: [propext, Classical.choice, Quot.sound]
'Bell.Transport.Certificate.mass_first' depends on axioms: [propext, Classical.choice, Quot.sound]
'Bell.Transport.Certificate.mass_second' depends on axioms: [propext, Classical.choice, Quot.sound]
'Bell.Transport.Certificate.total_branch_mass' depends on axioms: [propext, Classical.choice, Quot.sound]
'Bell.Transport.Certificate.ternary_block' depends on axioms: [propext, Classical.choice, Quot.sound]
'Bell.Transport.Certificate.mixed_blocks' depends on axioms: [propext, Classical.choice, Quot.sound]
'Bell.Lorentz.rankOneEndomorphism_apply' depends on axioms: [propext, Classical.choice, Quot.sound]
'Bell.Lorentz.dot_ray_basis' depends on axioms: [propext, Classical.choice, Quot.sound]
'Bell.Lorentz.positive_weighted_ray_squares' depends on axioms: [propext, Classical.choice, Quot.sound]
'Bell.Lorentz.secondForm_rankOne' depends on axioms: [propext, Classical.choice, Quot.sound]
'Bell.Lorentz.nonzero_kernel_of_three_constraints' depends on axioms: [propext, Classical.choice, Quot.sound]
'Bell.Lorentz.compatibilityMap_apply' depends on axioms: [propext, Classical.choice, Quot.sound]
'Bell.Lorentz.compatibility_rankOne' depends on axioms: [propext, Classical.choice, Quot.sound]
'Bell.Lorentz.uphill_of_three_compatibilities' depends on axioms: [propext, Classical.choice, Quot.sound]
'Bell.Lorentz.compatibility_sum' depends on axioms: [propext, Classical.choice, Quot.sound]
'Bell.Lorentz.compatibility_add_identity' depends on axioms: [propext, Classical.choice, Quot.sound]
'Bell.Lorentz.secondForm_add_identity' depends on axioms: [propext, Classical.choice, Quot.sound]
'Bell.Lorentz.normalized_uphill_of_three_compatibilities' depends on axioms: [propext, Classical.choice, Quot.sound]
'Bell.polarEffect_hermitian' depends on axioms: [propext, Classical.choice, Quot.sound]
'Bell.polarEffect_idempotent' depends on axioms: [propext, Classical.choice, Quot.sound]
'Bell.polarEffect_positive' depends on axioms: [propext, Classical.choice, Quot.sound]
'Bell.polarEffect_complement' depends on axioms: [propext, Classical.choice, Quot.sound]
'Bell.halfRoot_sq' depends on axioms: [propext, Classical.choice, Quot.sound]
'Bell.aux0_gram' depends on axioms: [propext, Classical.choice, Quot.sound]
'Bell.aux1_gram' depends on axioms: [propext, Classical.choice, Quot.sound]
'Bell.aux2_gram' depends on axioms: [propext, Classical.choice, Quot.sound]
'Bell.aux0_positive' depends on axioms: [propext, Classical.choice, Quot.sound]
'Bell.aux1_positive' depends on axioms: [propext, Classical.choice, Quot.sound]
'Bell.aux2_positive' depends on axioms: [propext, Classical.choice, Quot.sound]
'Bell.auxiliary_normalized' depends on axioms: [propext, Classical.choice, Quot.sound]
'Bell.auxiliary_not_projective' depends on axioms: [propext, Classical.choice, Quot.sound]
'Bell.phi_gram' depends on axioms: [propext, Classical.choice, Quot.sound]
'Bell.phi_positive' depends on axioms: [propext, Classical.choice, Quot.sound]
'Bell.phi_normalized' depends on axioms: [propext, Classical.choice, Quot.sound]
'Bell.phi_trace_tensor' depends on axioms: [propext, Classical.choice, Quot.sound]
'Bell.alice_positive' depends on axioms: [propext, Classical.choice, Quot.sound]
'Bell.bob_positive' depends on axioms: [propext, Classical.choice, Quot.sound]
'Bell.alice_normalized' depends on axioms: [propext, Classical.choice, Quot.sound]
'Bell.bob_normalized' depends on axioms: [propext, Classical.choice, Quot.sound]
'Bell.witness_mem_raw' depends on axioms: [propext, Classical.choice, Quot.sound]
'Bell.witness_mem_convex' depends on axioms: [propext, Classical.choice, Quot.sound]
'Bell.witness_auxiliary_probabilities' depends on axioms: [propext, Classical.choice, Quot.sound]
'Bell.witness_correlations' depends on axioms: [propext, Classical.choice, Quot.sound]
'Bell.witness_value' depends on axioms: [propext, Classical.choice, Quot.sound]
'Bell.physical_povm_value_above_numeric_upper' depends on axioms: [propext, Classical.choice, Quot.sound]
$ git -C /Users/alec/Documents/Math/qubit_povm_pvm_minimum_settings/version2_completion_20260921/extracted/final/qubit-povm-pvm-v2.0.0/bell_lean/.lake/packages/plausible rev-parse HEAD
77e08eddc486491d7b9e470926b3dbe50319451a
$ git -C /Users/alec/Documents/Math/qubit_povm_pvm_minimum_settings/version2_completion_20260921/extracted/final/qubit-povm-pvm-v2.0.0/bell_lean/.lake/packages/plausible diff --quiet HEAD --
$ git -C /Users/alec/Documents/Math/qubit_povm_pvm_minimum_settings/version2_completion_20260921/extracted/final/qubit-povm-pvm-v2.0.0/bell_lean/.lake/packages/LeanSearchClient rev-parse HEAD
25078369972d295301f5a1e53c3e5850cf6d9d4c
$ git -C /Users/alec/Documents/Math/qubit_povm_pvm_minimum_settings/version2_completion_20260921/extracted/final/qubit-povm-pvm-v2.0.0/bell_lean/.lake/packages/LeanSearchClient diff --quiet HEAD --
$ git -C /Users/alec/Documents/Math/qubit_povm_pvm_minimum_settings/version2_completion_20260921/extracted/final/qubit-povm-pvm-v2.0.0/bell_lean/.lake/packages/importGraph rev-parse HEAD
e6a9f0f5ee3ccf7443a0070f92b62f8db12ae82b
$ git -C /Users/alec/Documents/Math/qubit_povm_pvm_minimum_settings/version2_completion_20260921/extracted/final/qubit-povm-pvm-v2.0.0/bell_lean/.lake/packages/importGraph diff --quiet HEAD --
$ git -C /Users/alec/Documents/Math/qubit_povm_pvm_minimum_settings/version2_completion_20260921/extracted/final/qubit-povm-pvm-v2.0.0/bell_lean/.lake/packages/proofwidgets rev-parse HEAD
c4919189477c3221e6a204008998b0d724f49904
$ git -C /Users/alec/Documents/Math/qubit_povm_pvm_minimum_settings/version2_completion_20260921/extracted/final/qubit-povm-pvm-v2.0.0/bell_lean/.lake/packages/proofwidgets diff --quiet HEAD --
$ git -C /Users/alec/Documents/Math/qubit_povm_pvm_minimum_settings/version2_completion_20260921/extracted/final/qubit-povm-pvm-v2.0.0/bell_lean/.lake/packages/aesop rev-parse HEAD
5d50b08dedd7d69b3d9b3176e0d58a23af228884
$ git -C /Users/alec/Documents/Math/qubit_povm_pvm_minimum_settings/version2_completion_20260921/extracted/final/qubit-povm-pvm-v2.0.0/bell_lean/.lake/packages/aesop diff --quiet HEAD --
$ git -C /Users/alec/Documents/Math/qubit_povm_pvm_minimum_settings/version2_completion_20260921/extracted/final/qubit-povm-pvm-v2.0.0/bell_lean/.lake/packages/Qq rev-parse HEAD
fa4f7f15d97591a9cf3aa7724ba371c7fc6dda02
$ git -C /Users/alec/Documents/Math/qubit_povm_pvm_minimum_settings/version2_completion_20260921/extracted/final/qubit-povm-pvm-v2.0.0/bell_lean/.lake/packages/Qq diff --quiet HEAD --
$ git -C /Users/alec/Documents/Math/qubit_povm_pvm_minimum_settings/version2_completion_20260921/extracted/final/qubit-povm-pvm-v2.0.0/bell_lean/.lake/packages/batteries rev-parse HEAD
f5d04a9c4973d401c8c92500711518f7c656f034
$ git -C /Users/alec/Documents/Math/qubit_povm_pvm_minimum_settings/version2_completion_20260921/extracted/final/qubit-povm-pvm-v2.0.0/bell_lean/.lake/packages/batteries diff --quiet HEAD --
$ git -C /Users/alec/Documents/Math/qubit_povm_pvm_minimum_settings/version2_completion_20260921/extracted/final/qubit-povm-pvm-v2.0.0/bell_lean/.lake/packages/Cli rev-parse HEAD
02dbd02bc00ec4916e99b04b2245b30200e200d0
$ git -C /Users/alec/Documents/Math/qubit_povm_pvm_minimum_settings/version2_completion_20260921/extracted/final/qubit-povm-pvm-v2.0.0/bell_lean/.lake/packages/Cli diff --quiet HEAD --
$ git -C /Users/alec/Documents/Math/qubit_povm_pvm_minimum_settings/version2_completion_20260921/extracted/final/qubit-povm-pvm-v2.0.0/bell_lean/.lake/packages/mathlib rev-parse HEAD
c44e0c8ee63ca166450922a373c7409c5d26b00b
$ git -C /Users/alec/Documents/Math/qubit_povm_pvm_minimum_settings/version2_completion_20260921/extracted/final/qubit-povm-pvm-v2.0.0/bell_lean/.lake/packages/mathlib diff --quiet HEAD --
PASS: full imported build, statement contracts, exact dependency audit, and unchanged-source check.
