⚠ [6653/6763] Built CyclicBell.GeneralCoverageGNS
warning: ././././CyclicBell/GeneralCoverageGNS.lean:60:16: unused variable `k`
note: this linter can be disabled with `set_option linter.unusedVariables false`
✔ [6654/6763] Built CyclicBell.Model
✔ [6655/6763] Built CyclicBell.GeneralCoverageCompletionOperators
✔ [6656/6763] Built CyclicBell.Functionals
⚠ [6657/6763] Built CyclicBell.MatrixAlgebra
warning: ././././CyclicBell/MatrixAlgebra.lean:73:8: automatically included section variable(s) unused in theorem 'CyclicBell.stateEval_add':
  [DecidableEq ι]
consider restructuring your `variable` declarations so that the variables are not in scope or explicitly omit them:
  omit [DecidableEq ι] in theorem ...
note: this linter can be disabled with `set_option linter.unusedSectionVars false`
warning: ././././CyclicBell/MatrixAlgebra.lean:76:8: automatically included section variable(s) unused in theorem 'CyclicBell.stateEval_sub':
  [DecidableEq ι]
consider restructuring your `variable` declarations so that the variables are not in scope or explicitly omit them:
  omit [DecidableEq ι] in theorem ...
note: this linter can be disabled with `set_option linter.unusedSectionVars false`
warning: ././././CyclicBell/MatrixAlgebra.lean:79:8: automatically included section variable(s) unused in theorem 'CyclicBell.stateEval_zero':
  [DecidableEq ι]
consider restructuring your `variable` declarations so that the variables are not in scope or explicitly omit them:
  omit [DecidableEq ι] in theorem ...
note: this linter can be disabled with `set_option linter.unusedSectionVars false`
warning: ././././CyclicBell/MatrixAlgebra.lean:84:0: automatically included section variable(s) unused in theorem 'CyclicBell.stateEval_sum':
  [DecidableEq ι]
consider restructuring your `variable` declarations so that the variables are not in scope or explicitly omit them:
  omit [DecidableEq ι] in theorem ...
note: this linter can be disabled with `set_option linter.unusedSectionVars false`
warning: ././././CyclicBell/MatrixAlgebra.lean:88:0: automatically included section variable(s) unused in theorem 'CyclicBell.stateEval_adjoint':
  [DecidableEq ι]
consider restructuring your `variable` declarations so that the variables are not in scope or explicitly omit them:
  omit [DecidableEq ι] in theorem ...
note: this linter can be disabled with `set_option linter.unusedSectionVars false`
✔ [6658/6763] Built CyclicBell.TraceCalculus
✔ [6659/6763] Built CyclicBell.GeneralFourier
✔ [6660/6763] Built CyclicBell.GeneralCoverageUltralimit
✔ [6661/6763] Built CyclicBell.GeneralCoveragePolarAlgebra
⚠ [6662/6763] Built CyclicBell.ScalarData
warning: ././././CyclicBell/ScalarData.lean:126:75: Used `tac1 <;> tac2` where `(tac1; tac2)` would suffice
note: this linter can be disabled with `set_option linter.unnecessarySeqFocus false`
warning: ././././CyclicBell/ScalarData.lean:260:12: Used `tac1 <;> tac2` where `(tac1; tac2)` would suffice
note: this linter can be disabled with `set_option linter.unnecessarySeqFocus false`
warning: ././././CyclicBell/ScalarData.lean:280:34: Used `tac1 <;> tac2` where `(tac1; tac2)` would suffice
note: this linter can be disabled with `set_option linter.unnecessarySeqFocus false`
warning: ././././CyclicBell/ScalarData.lean:285:66: Used `tac1 <;> tac2` where `(tac1; tac2)` would suffice
note: this linter can be disabled with `set_option linter.unnecessarySeqFocus false`
⚠ [6663/6763] Built CyclicBell.GeneralPhases
warning: ././././CyclicBell/GeneralPhases.lean:71:0: automatically included section variable(s) unused in theorem 'CyclicBell.General.parityDelta_cases':
  [NeZero d]
consider restructuring your `variable` declarations so that the variables are not in scope or explicitly omit them:
  omit [NeZero d] in theorem ...
note: this linter can be disabled with `set_option linter.unusedSectionVars false`
warning: ././././CyclicBell/GeneralPhases.lean:76:0: automatically included section variable(s) unused in theorem 'CyclicBell.General.parity_shift_even':
  [NeZero d]
consider restructuring your `variable` declarations so that the variables are not in scope or explicitly omit them:
  omit [NeZero d] in theorem ...
note: this linter can be disabled with `set_option linter.unusedSectionVars false`
⚠ [6664/6763] Built CyclicBell.GeneralModel
warning: ././././CyclicBell/GeneralModel.lean:54:8: automatically included section variable(s) unused in theorem 'CyclicBell.General.kron_mul':
  [DecidableEq ι]
  [DecidableEq κ]
consider restructuring your `variable` declarations so that the variables are not in scope or explicitly omit them:
  omit [DecidableEq ι] [DecidableEq κ] in theorem ...
note: this linter can be disabled with `set_option linter.unusedSectionVars false`
warning: ././././CyclicBell/GeneralModel.lean:66:8: automatically included section variable(s) unused in theorem 'CyclicBell.General.kron_star':
  [Fintype ι]
  [Fintype κ]
  [DecidableEq ι]
  [DecidableEq κ]
consider restructuring your `variable` declarations so that the variables are not in scope or explicitly omit them:
  omit [Fintype ι] [Fintype κ] [DecidableEq ι] [DecidableEq κ] in theorem ...
note: this linter can be disabled with `set_option linter.unusedSectionVars false`
warning: ././././CyclicBell/GeneralModel.lean:71:8: automatically included section variable(s) unused in theorem 'CyclicBell.General.kron_one':
  [Fintype ι]
  [Fintype κ]
consider restructuring your `variable` declarations so that the variables are not in scope or explicitly omit them:
  omit [Fintype ι] [Fintype κ] in theorem ...
note: this linter can be disabled with `set_option linter.unusedSectionVars false`
warning: ././././CyclicBell/GeneralModel.lean:76:8: automatically included section variable(s) unused in theorem 'CyclicBell.General.kron_add_left':
  [Fintype ι]
  [Fintype κ]
  [DecidableEq ι]
  [DecidableEq κ]
consider restructuring your `variable` declarations so that the variables are not in scope or explicitly omit them:
  omit [Fintype ι] [Fintype κ] [DecidableEq ι] [DecidableEq κ] in theorem ...
note: this linter can be disabled with `set_option linter.unusedSectionVars false`
warning: ././././CyclicBell/GeneralModel.lean:79:8: automatically included section variable(s) unused in theorem 'CyclicBell.General.kron_add_right':
  [Fintype ι]
  [Fintype κ]
  [DecidableEq ι]
  [DecidableEq κ]
consider restructuring your `variable` declarations so that the variables are not in scope or explicitly omit them:
  omit [Fintype ι] [Fintype κ] [DecidableEq ι] [DecidableEq κ] in theorem ...
note: this linter can be disabled with `set_option linter.unusedSectionVars false`
warning: ././././CyclicBell/GeneralModel.lean:82:8: automatically included section variable(s) unused in theorem 'CyclicBell.General.kron_smul_left':
  [Fintype ι]
  [Fintype κ]
  [DecidableEq ι]
  [DecidableEq κ]
consider restructuring your `variable` declarations so that the variables are not in scope or explicitly omit them:
  omit [Fintype ι] [Fintype κ] [DecidableEq ι] [DecidableEq κ] in theorem ...
note: this linter can be disabled with `set_option linter.unusedSectionVars false`
warning: ././././CyclicBell/GeneralModel.lean:85:8: automatically included section variable(s) unused in theorem 'CyclicBell.General.kron_smul_right':
  [Fintype ι]
  [Fintype κ]
  [DecidableEq ι]
  [DecidableEq κ]
consider restructuring your `variable` declarations so that the variables are not in scope or explicitly omit them:
  omit [Fintype ι] [Fintype κ] [DecidableEq ι] [DecidableEq κ] in theorem ...
note: this linter can be disabled with `set_option linter.unusedSectionVars false`
warning: ././././CyclicBell/GeneralModel.lean:88:8: automatically included section variable(s) unused in theorem 'CyclicBell.General.kron_sum_left':
  [Fintype ι]
  [Fintype κ]
  [DecidableEq ι]
  [DecidableEq κ]
consider restructuring your `variable` declarations so that the variables are not in scope or explicitly omit them:
  omit [Fintype ι] [Fintype κ] [DecidableEq ι] [DecidableEq κ] in theorem ...
note: this linter can be disabled with `set_option linter.unusedSectionVars false`
warning: ././././CyclicBell/GeneralModel.lean:91:8: automatically included section variable(s) unused in theorem 'CyclicBell.General.kron_sum_right':
  [Fintype ι]
  [Fintype κ]
  [DecidableEq ι]
  [DecidableEq κ]
consider restructuring your `variable` declarations so that the variables are not in scope or explicitly omit them:
  omit [Fintype ι] [Fintype κ] [DecidableEq ι] [DecidableEq κ] in theorem ...
note: this linter can be disabled with `set_option linter.unusedSectionVars false`
warning: ././././CyclicBell/GeneralModel.lean:219:0: automatically included section variable(s) unused in theorem 'CyclicBell.General.kron_projector':
  [Fintype ι]
  [Fintype κ]
  [DecidableEq ι]
  [DecidableEq κ]
consider restructuring your `variable` declarations so that the variables are not in scope or explicitly omit them:
  omit [Fintype ι] [Fintype κ] [DecidableEq ι] [DecidableEq κ] in theorem ...
note: this linter can be disabled with `set_option linter.unusedSectionVars false`
warning: ././././CyclicBell/GeneralModel.lean:252:0: automatically included section variable(s) unused in theorem 'CyclicBell.General.trace_hermitian_product_real':
  [DecidableEq ι]
consider restructuring your `variable` declarations so that the variables are not in scope or explicitly omit them:
  omit [DecidableEq ι] in theorem ...
note: this linter can be disabled with `set_option linter.unusedSectionVars false`
⚠ [6665/6763] Built CyclicBell.Fourier4
warning: ././././CyclicBell/Fourier4.lean:25:0: automatically included section variable(s) unused in theorem 'CyclicBell.fourier4_parseval':
  [DecidableEq ι]
consider restructuring your `variable` declarations so that the variables are not in scope or explicitly omit them:
  omit [DecidableEq ι] in theorem ...
note: this linter can be disabled with `set_option linter.unusedSectionVars false`
⚠ [6666/6763] Built CyclicBell.GeneralWitness
warning: ././././CyclicBell/GeneralWitness.lean:278:0: automatically included section variable(s) unused in theorem 'CyclicBell.General.phase_prod_unit':
  [NeZero d]
consider restructuring your `variable` declarations so that the variables are not in scope or explicitly omit them:
  omit [NeZero d] in theorem ...
note: this linter can be disabled with `set_option linter.unusedSectionVars false`
warning: ././././CyclicBell/GeneralWitness.lean:290:0: automatically included section variable(s) unused in theorem 'CyclicBell.General.prefix_unit':
  [NeZero d]
consider restructuring your `variable` declarations so that the variables are not in scope or explicitly omit them:
  omit [NeZero d] in theorem ...
note: this linter can be disabled with `set_option linter.unusedSectionVars false`
warning: ././././CyclicBell/GeneralWitness.lean:307:8: automatically included section variable(s) unused in theorem 'CyclicBell.General.prefix_zero':
  [NeZero d]
consider restructuring your `variable` declarations so that the variables are not in scope or explicitly omit them:
  omit [NeZero d] in theorem ...
note: this linter can be disabled with `set_option linter.unusedSectionVars false`
⚠ [6667/6763] Built CyclicBell.GeneralSecondSOS
warning: ././././CyclicBell/GeneralSecondSOS.lean:29:0: automatically included section variable(s) unused in theorem 'CyclicBell.General.secondFourier_energy':
  [DecidableEq ι]
consider restructuring your `variable` declarations so that the variables are not in scope or explicitly omit them:
  omit [DecidableEq ι] in theorem ...
note: this linter can be disabled with `set_option linter.unusedSectionVars false`
warning: ././././CyclicBell/GeneralSecondSOS.lean:66:0: automatically included section variable(s) unused in theorem 'CyclicBell.General.secondScalarExpansion':
  [NeZero d]
consider restructuring your `variable` declarations so that the variables are not in scope or explicitly omit them:
  omit [NeZero d] in theorem ...
note: this linter can be disabled with `set_option linter.unusedSectionVars false`
info: ././././CyclicBell/GeneralSecondSOS.lean:98:4: Try this: ring_nf
⚠ [6668/6763] Built CyclicBell.GeneralScalar
warning: ././././CyclicBell/GeneralScalar.lean:30:0: automatically included section variable(s) unused in theorem 'CyclicBell.General.halfMesh_eq':
  [NeZero d]
consider restructuring your `variable` declarations so that the variables are not in scope or explicitly omit them:
  omit [NeZero d] in theorem ...
note: this linter can be disabled with `set_option linter.unusedSectionVars false`
warning: ././././CyclicBell/GeneralScalar.lean:51:4: try 'simp' instead of 'simpa'
note: this linter can be disabled with `set_option linter.unnecessarySimpa false`
warning: ././././CyclicBell/GeneralScalar.lean:86:35: unused variable `hd`
note: this linter can be disabled with `set_option linter.unusedVariables false`
ℹ [6669/6763] Built CyclicBell.SecondSOS
info: ././././CyclicBell/SecondSOS.lean:61:4: Try this: ring_nf
⚠ [6670/6763] Built CyclicBell.FirstSOS
warning: ././././CyclicBell/FirstSOS.lean:97:66: Used `tac1 <;> tac2` where `(tac1; tac2)` would suffice
note: this linter can be disabled with `set_option linter.unnecessarySeqFocus false`
warning: ././././CyclicBell/FirstSOS.lean:103:66: Used `tac1 <;> tac2` where `(tac1; tac2)` would suffice
note: this linter can be disabled with `set_option linter.unnecessarySeqFocus false`
warning: ././././CyclicBell/FirstSOS.lean:134:0: automatically included section variable(s) unused in theorem 'CyclicBell.FirstSOS.two_square_expansion':
  [DecidableEq ι]
consider restructuring your `variable` declarations so that the variables are not in scope or explicitly omit them:
  omit [DecidableEq ι] in theorem ...
note: this linter can be disabled with `set_option linter.unusedSectionVars false`
warning: ././././CyclicBell/FirstSOS.lean:161:0: automatically included section variable(s) unused in theorem 'CyclicBell.FirstSOS.right_energy_sum':
  [DecidableEq ι]
consider restructuring your `variable` declarations so that the variables are not in scope or explicitly omit them:
  omit [DecidableEq ι] in theorem ...
note: this linter can be disabled with `set_option linter.unusedSectionVars false`
warning: ././././CyclicBell/FirstSOS.lean:179:2: 'push_cast' tactic does nothing
note: this linter can be disabled with `set_option linter.unusedTactic false`
⚠ [6671/6763] Built CyclicBell.GeneralCycles
warning: ././././CyclicBell/GeneralCycles.lean:41:0: automatically included section variable(s) unused in theorem 'CyclicBell.General.weighted_entry_conjugate':
  [NeZero d]
consider restructuring your `variable` declarations so that the variables are not in scope or explicitly omit them:
  omit [NeZero d] in theorem ...
note: this linter can be disabled with `set_option linter.unusedSectionVars false`
warning: ././././CyclicBell/GeneralCycles.lean:47:0: automatically included section variable(s) unused in theorem 'CyclicBell.General.weighted_linear':
  [NeZero d]
consider restructuring your `variable` declarations so that the variables are not in scope or explicitly omit them:
  omit [NeZero d] in theorem ...
note: this linter can be disabled with `set_option linter.unusedSectionVars false`
warning: ././././CyclicBell/GeneralCycles.lean:74:2: try 'simp at he' instead of 'simpa using he'
note: this linter can be disabled with `set_option linter.unnecessarySimpa false`
warning: ././././CyclicBell/GeneralCycles.lean:71:0: automatically included section variable(s) unused in theorem 'CyclicBell.General.natCast_ne_zero_of_lt':
  [NeZero d]
consider restructuring your `variable` declarations so that the variables are not in scope or explicitly omit them:
  omit [NeZero d] in theorem ...
note: this linter can be disabled with `set_option linter.unusedSectionVars false`
warning: ././././CyclicBell/GeneralCycles.lean:103:0: automatically included section variable(s) unused in theorem 'CyclicBell.General.phases_permuted':
  [NeZero d]
consider restructuring your `variable` declarations so that the variables are not in scope or explicitly omit them:
  omit [NeZero d] in theorem ...
note: this linter can be disabled with `set_option linter.unusedSectionVars false`
⚠ [6672/6763] Built CyclicBell.GeneralPhaseTables
warning: ././././CyclicBell/GeneralPhaseTables.lean:18:0: automatically included section variable(s) unused in theorem 'CyclicBell.General.offsetPhase_unit':
  [NeZero d]
consider restructuring your `variable` declarations so that the variables are not in scope or explicitly omit them:
  omit [NeZero d] in theorem ...
note: this linter can be disabled with `set_option linter.unusedSectionVars false`
warning: ././././CyclicBell/GeneralPhaseTables.lean:250:4: Used `tac1 <;> tac2` where `(tac1; tac2)` would suffice
note: this linter can be disabled with `set_option linter.unnecessarySeqFocus false`
✔ [6673/6763] Built CyclicBell.PhysicalBounds
⚠ [6674/6763] Built CyclicBell.GeneralCycleCharpoly
warning: ././././CyclicBell/GeneralCycleCharpoly.lean:18:0: automatically included section variable(s) unused in theorem 'CyclicBell.General.cyclePrefixProduct_nonzero':
  [NeZero d]
consider restructuring your `variable` declarations so that the variables are not in scope or explicitly omit them:
  omit [NeZero d] in theorem ...
note: this linter can be disabled with `set_option linter.unusedSectionVars false`
warning: ././././CyclicBell/GeneralCycleCharpoly.lean:19:65: unused variable `r`
note: this linter can be disabled with `set_option linter.unusedVariables false`
warning: ././././CyclicBell/GeneralCycleCharpoly.lean:21:0: automatically included section variable(s) unused in theorem 'CyclicBell.General.cycle_natCast_eq_iff':
  [NeZero d]
consider restructuring your `variable` declarations so that the variables are not in scope or explicitly omit them:
  omit [NeZero d] in theorem ...
note: this linter can be disabled with `set_option linter.unusedSectionVars false`
⚠ [6675/6763] Built CyclicBell.GeneralChirp
warning: ././././CyclicBell/GeneralChirp.lean:17:8: automatically included section variable(s) unused in theorem 'CyclicBell.General.canonicalPhase_zero':
  [NeZero d]
consider restructuring your `variable` declarations so that the variables are not in scope or explicitly omit them:
  omit [NeZero d] in theorem ...
note: this linter can be disabled with `set_option linter.unusedSectionVars false`
warning: ././././CyclicBell/GeneralChirp.lean:20:0: automatically included section variable(s) unused in theorem 'CyclicBell.General.canonicalPhase_unit':
  [NeZero d]
consider restructuring your `variable` declarations so that the variables are not in scope or explicitly omit them:
  omit [NeZero d] in theorem ...
note: this linter can be disabled with `set_option linter.unusedSectionVars false`
warning: ././././CyclicBell/GeneralChirp.lean:70:0: automatically included section variable(s) unused in theorem 'CyclicBell.General.canonical_first_phase':
  [NeZero d]
consider restructuring your `variable` declarations so that the variables are not in scope or explicitly omit them:
  omit [NeZero d] in theorem ...
note: this linter can be disabled with `set_option linter.unusedSectionVars false`
⚠ [6676/6763] Built CyclicBell.GeneralFunctionalCalculus
warning: ././././CyclicBell/GeneralFunctionalCalculus.lean:137:4: 'change star (φ c) * φ c = 1' tactic does nothing
note: this linter can be disabled with `set_option linter.unusedTactic false`
⚠ [6677/6763] Built CyclicBell.GeneralSourceFourier
warning: ././././CyclicBell/GeneralSourceFourier.lean:51:2: 'push_cast' tactic does nothing
note: this linter can be disabled with `set_option linter.unusedTactic false`
⚠ [6678/6763] Built CyclicBell.GeneralSwap
warning: ././././CyclicBell/GeneralSwap.lean:17:0: automatically included section variable(s) unused in theorem 'CyclicBell.General.negative_representative':
  [NeZero d]
consider restructuring your `variable` declarations so that the variables are not in scope or explicitly omit them:
  omit [NeZero d] in theorem ...
note: this linter can be disabled with `set_option linter.unusedSectionVars false`
⚠ [6679/6763] Built CyclicBell.GeneralFirstBound
warning: ././././CyclicBell/GeneralFirstBound.lean:128:4: try 'simp' instead of 'simpa'
note: this linter can be disabled with `set_option linter.unnecessarySimpa false`
⚠ [6680/6763] Built CyclicBell.GeneralPolarPhases
warning: ././././CyclicBell/GeneralPolarPhases.lean:19:0: automatically included section variable(s) unused in theorem 'CyclicBell.General.parity_half_dimension':
  [NeZero d]
consider restructuring your `variable` declarations so that the variables are not in scope or explicitly omit them:
  omit [NeZero d] in theorem ...
note: this linter can be disabled with `set_option linter.unusedSectionVars false`
warning: ././././CyclicBell/GeneralPolarPhases.lean:95:0: automatically included section variable(s) unused in theorem 'CyclicBell.General.polarBase_unit':
  [NeZero d]
consider restructuring your `variable` declarations so that the variables are not in scope or explicitly omit them:
  omit [NeZero d] in theorem ...
note: this linter can be disabled with `set_option linter.unusedSectionVars false`
⚠ [6681/6763] Built CyclicBell.GeneralFiniteSpectrum
warning: ././././CyclicBell/GeneralFiniteSpectrum.lean:83:0: automatically included section variable(s) unused in theorem 'CyclicBell.General.finiteCalc_zero_transfer':
  [Fintype ν]
consider restructuring your `variable` declarations so that the variables are not in scope or explicitly omit them:
  omit [Fintype ν] in theorem ...
note: this linter can be disabled with `set_option linter.unusedSectionVars false`
✔ [6682/6763] Built CyclicBell.GeneralCoverageTwistedPower
⚠ [6683/6763] Built CyclicBell.GeneralCommuting
warning: ././././CyclicBell/GeneralCommuting.lean:141:0: automatically included section variable(s) unused in theorem 'CyclicBell.General.vectorEval_add':
  [CompleteSpace H]
consider restructuring your `variable` declarations so that the variables are not in scope or explicitly omit them:
  omit [CompleteSpace H] in theorem ...
note: this linter can be disabled with `set_option linter.unusedSectionVars false`
warning: ././././CyclicBell/GeneralCommuting.lean:143:0: automatically included section variable(s) unused in theorem 'CyclicBell.General.vectorEval_sub':
  [CompleteSpace H]
consider restructuring your `variable` declarations so that the variables are not in scope or explicitly omit them:
  omit [CompleteSpace H] in theorem ...
note: this linter can be disabled with `set_option linter.unusedSectionVars false`
warning: ././././CyclicBell/GeneralCommuting.lean:145:0: automatically included section variable(s) unused in theorem 'CyclicBell.General.vectorEval_real_smul':
  [CompleteSpace H]
consider restructuring your `variable` declarations so that the variables are not in scope or explicitly omit them:
  omit [CompleteSpace H] in theorem ...
note: this linter can be disabled with `set_option linter.unusedSectionVars false`
warning: ././././CyclicBell/GeneralCommuting.lean:147:0: automatically included section variable(s) unused in theorem 'CyclicBell.General.vectorEval_sum':
  [CompleteSpace H]
consider restructuring your `variable` declarations so that the variables are not in scope or explicitly omit them:
  omit [CompleteSpace H] in theorem ...
note: this linter can be disabled with `set_option linter.unusedSectionVars false`
warning: ././././CyclicBell/GeneralCommuting.lean:149:0: automatically included section variable(s) unused in theorem 'CyclicBell.General.vectorEval_one':
  [CompleteSpace H]
consider restructuring your `variable` declarations so that the variables are not in scope or explicitly omit them:
  omit [CompleteSpace H] in theorem ...
note: this linter can be disabled with `set_option linter.unusedSectionVars false`
⚠ [6684/6763] Built CyclicBell.GeneralPhaseBounds
warning: ././././CyclicBell/GeneralPhaseBounds.lean:64:60: 'ring' tactic does nothing
note: this linter can be disabled with `set_option linter.unusedTactic false`
warning: ././././CyclicBell/GeneralPhaseBounds.lean:101:30: 'ring' tactic does nothing
note: this linter can be disabled with `set_option linter.unusedTactic false`
warning: ././././CyclicBell/GeneralPhaseBounds.lean:64:60: this tactic is never executed
note: this linter can be disabled with `set_option linter.unreachableTactic false`
warning: ././././CyclicBell/GeneralPhaseBounds.lean:101:30: this tactic is never executed
note: this linter can be disabled with `set_option linter.unreachableTactic false`
warning: ././././CyclicBell/GeneralPhaseBounds.lean:37:46: Used `tac1 <;> tac2` where `(tac1; tac2)` would suffice
note: this linter can be disabled with `set_option linter.unnecessarySeqFocus false`
warning: ././././CyclicBell/GeneralPhaseBounds.lean:37:60: Used `tac1 <;> tac2` where `(tac1; tac2)` would suffice
note: this linter can be disabled with `set_option linter.unnecessarySeqFocus false`
warning: ././././CyclicBell/GeneralPhaseBounds.lean:84:26: Used `tac1 <;> tac2` where `(tac1; tac2)` would suffice
note: this linter can be disabled with `set_option linter.unnecessarySeqFocus false`
warning: ././././CyclicBell/GeneralPhaseBounds.lean:84:41: Used `tac1 <;> tac2` where `(tac1; tac2)` would suffice
note: this linter can be disabled with `set_option linter.unnecessarySeqFocus false`
warning: ././././CyclicBell/GeneralPhaseBounds.lean:86:26: Used `tac1 <;> tac2` where `(tac1; tac2)` would suffice
note: this linter can be disabled with `set_option linter.unnecessarySeqFocus false`
warning: ././././CyclicBell/GeneralPhaseBounds.lean:86:41: Used `tac1 <;> tac2` where `(tac1; tac2)` would suffice
note: this linter can be disabled with `set_option linter.unnecessarySeqFocus false`
warning: ././././CyclicBell/GeneralPhaseBounds.lean:133:60: 'push_cast' tactic does nothing
note: this linter can be disabled with `set_option linter.unusedTactic false`
warning: ././././CyclicBell/GeneralPhaseBounds.lean:133:74: 'ring' tactic does nothing
note: this linter can be disabled with `set_option linter.unusedTactic false`
warning: ././././CyclicBell/GeneralPhaseBounds.lean:135:60: 'push_cast' tactic does nothing
note: this linter can be disabled with `set_option linter.unusedTactic false`
warning: ././././CyclicBell/GeneralPhaseBounds.lean:135:74: 'ring' tactic does nothing
note: this linter can be disabled with `set_option linter.unusedTactic false`
warning: ././././CyclicBell/GeneralPhaseBounds.lean:137:60: 'push_cast' tactic does nothing
note: this linter can be disabled with `set_option linter.unusedTactic false`
warning: ././././CyclicBell/GeneralPhaseBounds.lean:139:60: 'push_cast' tactic does nothing
note: this linter can be disabled with `set_option linter.unusedTactic false`
warning: ././././CyclicBell/GeneralPhaseBounds.lean:139:74: 'ring' tactic does nothing
note: this linter can be disabled with `set_option linter.unusedTactic false`
warning: ././././CyclicBell/GeneralPhaseBounds.lean:133:60: this tactic is never executed
note: this linter can be disabled with `set_option linter.unreachableTactic false`
warning: ././././CyclicBell/GeneralPhaseBounds.lean:133:74: this tactic is never executed
note: this linter can be disabled with `set_option linter.unreachableTactic false`
warning: ././././CyclicBell/GeneralPhaseBounds.lean:135:60: this tactic is never executed
note: this linter can be disabled with `set_option linter.unreachableTactic false`
warning: ././././CyclicBell/GeneralPhaseBounds.lean:135:74: this tactic is never executed
note: this linter can be disabled with `set_option linter.unreachableTactic false`
warning: ././././CyclicBell/GeneralPhaseBounds.lean:139:60: this tactic is never executed
note: this linter can be disabled with `set_option linter.unreachableTactic false`
warning: ././././CyclicBell/GeneralPhaseBounds.lean:139:74: this tactic is never executed
note: this linter can be disabled with `set_option linter.unreachableTactic false`
warning: ././././CyclicBell/GeneralPhaseBounds.lean:137:56: Used `tac1 <;> tac2` where `(tac1; tac2)` would suffice
note: this linter can be disabled with `set_option linter.unnecessarySeqFocus false`
warning: ././././CyclicBell/GeneralPhaseBounds.lean:137:70: Used `tac1 <;> tac2` where `(tac1; tac2)` would suffice
note: this linter can be disabled with `set_option linter.unnecessarySeqFocus false`
warning: ././././CyclicBell/GeneralPhaseBounds.lean:148:0: automatically included section variable(s) unused in theorem 'CyclicBell.General.standard_numerator':
  [NeZero d]
consider restructuring your `variable` declarations so that the variables are not in scope or explicitly omit them:
  omit [NeZero d] in theorem ...
note: this linter can be disabled with `set_option linter.unusedSectionVars false`
warning: ././././CyclicBell/GeneralPhaseBounds.lean:239:76: Used `tac1 <;> tac2` where `(tac1; tac2)` would suffice
note: this linter can be disabled with `set_option linter.unnecessarySeqFocus false`
✔ [6685/6763] Built CyclicBell.GeneralCoverageCovariance
⚠ [6686/6763] Built CyclicBell.GeneralGuessing
warning: ././././CyclicBell/GeneralGuessing.lean:46:4: 'push_cast' tactic does nothing
note: this linter can be disabled with `set_option linter.unusedTactic false`
warning: ././././CyclicBell/GeneralGuessing.lean:135:20: Used `tac1 <;> tac2` where `(tac1; tac2)` would suffice
note: this linter can be disabled with `set_option linter.unnecessarySeqFocus false`
warning: ././././CyclicBell/GeneralGuessing.lean:135:35: Used `tac1 <;> tac2` where `(tac1; tac2)` would suffice
note: this linter can be disabled with `set_option linter.unnecessarySeqFocus false`
✔ [6687/6763] Built CyclicBell.GeneralEqualityPhases
⚠ [6688/6763] Built CyclicBell.GeneralSupportAlgebra
warning: ././././CyclicBell/GeneralSupportAlgebra.lean:19:0: automatically included section variable(s) unused in theorem 'CyclicBell.General.frobeniusSq_nonnegative':
  [DecidableEq ι]
  [DecidableEq ν]
consider restructuring your `variable` declarations so that the variables are not in scope or explicitly omit them:
  omit [DecidableEq ι] [DecidableEq ν] in theorem ...
note: this linter can be disabled with `set_option linter.unusedSectionVars false`
warning: ././././CyclicBell/GeneralSupportAlgebra.lean:20:25: unused variable `i`
note: this linter can be disabled with `set_option linter.unusedVariables false`
warning: ././././CyclicBell/GeneralSupportAlgebra.lean:20:55: unused variable `j`
note: this linter can be disabled with `set_option linter.unusedVariables false`
warning: ././././CyclicBell/GeneralSupportAlgebra.lean:22:0: automatically included section variable(s) unused in theorem 'CyclicBell.General.frobeniusSq_eq_zero':
  [DecidableEq ι]
  [DecidableEq ν]
consider restructuring your `variable` declarations so that the variables are not in scope or explicitly omit them:
  omit [DecidableEq ι] [DecidableEq ν] in theorem ...
note: this linter can be disabled with `set_option linter.unusedSectionVars false`
warning: ././././CyclicBell/GeneralSupportAlgebra.lean:35:0: automatically included section variable(s) unused in theorem 'CyclicBell.General.trace_gram_frobenius':
  [DecidableEq ι]
  [DecidableEq ν]
consider restructuring your `variable` declarations so that the variables are not in scope or explicitly omit them:
  omit [DecidableEq ι] [DecidableEq ν] in theorem ...
note: this linter can be disabled with `set_option linter.unusedSectionVars false`
warning: ././././CyclicBell/GeneralSupportAlgebra.lean:40:0: automatically included section variable(s) unused in theorem 'CyclicBell.General.matrixRange_mul_le':
  [Fintype ι]
  [DecidableEq ι]
  [DecidableEq κ]
  [DecidableEq ν]
consider restructuring your `variable` declarations so that the variables are not in scope or explicitly omit them:
  omit [Fintype ι] [DecidableEq ι] [DecidableEq κ] [DecidableEq ν] in theorem ...
note: this linter can be disabled with `set_option linter.unusedSectionVars false`
warning: ././././CyclicBell/GeneralSupportAlgebra.lean:130:0: automatically included section variable(s) unused in theorem 'CyclicBell.General.amplitude_reduced':
  [Fintype ι]
  [DecidableEq ι]
  [DecidableEq κ]
  [DecidableEq ε]
consider restructuring your `variable` declarations so that the variables are not in scope or explicitly omit them:
  omit [Fintype ι] [DecidableEq ι] [DecidableEq κ] [DecidableEq ε] in theorem ...
note: this linter can be disabled with `set_option linter.unusedSectionVars false`
warning: ././././CyclicBell/GeneralSupportAlgebra.lean:136:0: automatically included section variable(s) unused in theorem 'CyclicBell.General.amplitude_left':
  [Fintype ε]
  [DecidableEq ι]
  [DecidableEq ε]
consider restructuring your `variable` declarations so that the variables are not in scope or explicitly omit them:
  omit [Fintype ε] [DecidableEq ι] [DecidableEq ε] in theorem ...
note: this linter can be disabled with `set_option linter.unusedSectionVars false`
warning: ././././CyclicBell/GeneralSupportAlgebra.lean:141:0: automatically included section variable(s) unused in theorem 'CyclicBell.General.amplitude_right':
  [DecidableEq κ]
consider restructuring your `variable` declarations so that the variables are not in scope or explicitly omit them:
  omit [DecidableEq κ] in theorem ...
note: this linter can be disabled with `set_option linter.unusedSectionVars false`
warning: ././././CyclicBell/GeneralSupportAlgebra.lean:151:8: automatically included section variable(s) unused in theorem 'CyclicBell.General.amplitude_add':
  [Fintype ι]
  [Fintype κ]
  [Fintype ε]
  [DecidableEq ι]
  [DecidableEq κ]
  [DecidableEq ε]
consider restructuring your `variable` declarations so that the variables are not in scope or explicitly omit them:
  omit [Fintype ι] [Fintype κ] [Fintype ε] [DecidableEq ι] [DecidableEq κ] [DecidableEq ε] in theorem ...
note: this linter can be disabled with `set_option linter.unusedSectionVars false`
warning: ././././CyclicBell/GeneralSupportAlgebra.lean:153:8: automatically included section variable(s) unused in theorem 'CyclicBell.General.amplitude_sub':
  [Fintype ι]
  [Fintype κ]
  [Fintype ε]
  [DecidableEq ι]
  [DecidableEq κ]
  [DecidableEq ε]
consider restructuring your `variable` declarations so that the variables are not in scope or explicitly omit them:
  omit [Fintype ι] [Fintype κ] [Fintype ε] [DecidableEq ι] [DecidableEq κ] [DecidableEq ε] in theorem ...
note: this linter can be disabled with `set_option linter.unusedSectionVars false`
warning: ././././CyclicBell/GeneralSupportAlgebra.lean:155:8: automatically included section variable(s) unused in theorem 'CyclicBell.General.amplitude_zero':
  [Fintype ι]
  [Fintype κ]
  [Fintype ε]
  [DecidableEq ι]
  [DecidableEq κ]
  [DecidableEq ε]
consider restructuring your `variable` declarations so that the variables are not in scope or explicitly omit them:
  omit [Fintype ι] [Fintype κ] [Fintype ε] [DecidableEq ι] [DecidableEq κ] [DecidableEq ε] in theorem ...
note: this linter can be disabled with `set_option linter.unusedSectionVars false`
warning: ././././CyclicBell/GeneralSupportAlgebra.lean:157:0: automatically included section variable(s) unused in theorem 'CyclicBell.General.amplitude_injective':
  [Fintype ι]
  [Fintype κ]
  [Fintype ε]
  [DecidableEq ι]
  [DecidableEq κ]
  [DecidableEq ε]
consider restructuring your `variable` declarations so that the variables are not in scope or explicitly omit them:
  omit [Fintype ι] [Fintype κ] [Fintype ε] [DecidableEq ι] [DecidableEq κ] [DecidableEq ε] in theorem ...
note: this linter can be disabled with `set_option linter.unusedSectionVars false`
warning: ././././CyclicBell/GeneralSupportAlgebra.lean:202:0: automatically included section variable(s) unused in theorem 'CyclicBell.General.preserves_of_intertwiner':
  [DecidableEq ι]
  [DecidableEq ν]
consider restructuring your `variable` declarations so that the variables are not in scope or explicitly omit them:
  omit [DecidableEq ι] [DecidableEq ν] in theorem ...
note: this linter can be disabled with `set_option linter.unusedSectionVars false`
warning: ././././CyclicBell/GeneralSupportAlgebra.lean:212:0: automatically included section variable(s) unused in theorem 'CyclicBell.General.supported_kernel_cancel':
  [Fintype ν]
  [DecidableEq ι]
  [DecidableEq ν]
consider restructuring your `variable` declarations so that the variables are not in scope or explicitly omit them:
  omit [Fintype ν] [DecidableEq ι] [DecidableEq ν] in theorem ...
note: this linter can be disabled with `set_option linter.unusedSectionVars false`
✔ [6689/6763] Built CyclicBell.GeneralCoverageSourcePolar
⚠ [6690/6763] Built CyclicBell.GeneralPermutation
warning: ././././CyclicBell/GeneralPermutation.lean:139:4: 'congr 1' tactic does nothing
note: this linter can be disabled with `set_option linter.unusedTactic false`
warning: ././././CyclicBell/GeneralPermutation.lean:242:41: unused variable `hd`
note: this linter can be disabled with `set_option linter.unusedVariables false`
✔ [6691/6763] Built CyclicBell.GeneralCoverageSpectralMeasurement
✔ [6692/6763] Built CyclicBell.GeneralFirstWitness
⚠ [6693/6763] Built CyclicBell.GeneralExposure
warning: ././././CyclicBell/GeneralExposure.lean:55:0: automatically included section variable(s) unused in theorem 'CyclicBell.General.exposure_constant_diagonal':
  [NeZero d]
consider restructuring your `variable` declarations so that the variables are not in scope or explicitly omit them:
  omit [NeZero d] in theorem ...
note: this linter can be disabled with `set_option linter.unusedSectionVars false`
warning: ././././CyclicBell/GeneralExposure.lean:95:53: unused variable `j`
note: this linter can be disabled with `set_option linter.unusedVariables false`
⚠ [6694/6763] Built CyclicBell.GeneralAnchoredTables
warning: ././././CyclicBell/GeneralAnchoredTables.lean:34:33: 'push_cast' tactic does nothing
note: this linter can be disabled with `set_option linter.unusedTactic false`
warning: ././././CyclicBell/GeneralAnchoredTables.lean:36:33: 'push_cast' tactic does nothing
note: this linter can be disabled with `set_option linter.unusedTactic false`
warning: ././././CyclicBell/GeneralAnchoredTables.lean:36:47: 'ring' tactic does nothing
note: this linter can be disabled with `set_option linter.unusedTactic false`
warning: ././././CyclicBell/GeneralAnchoredTables.lean:36:33: this tactic is never executed
note: this linter can be disabled with `set_option linter.unreachableTactic false`
warning: ././././CyclicBell/GeneralAnchoredTables.lean:36:47: this tactic is never executed
note: this linter can be disabled with `set_option linter.unreachableTactic false`
warning: ././././CyclicBell/GeneralAnchoredTables.lean:34:29: Used `tac1 <;> tac2` where `(tac1; tac2)` would suffice
note: this linter can be disabled with `set_option linter.unnecessarySeqFocus false`
warning: ././././CyclicBell/GeneralAnchoredTables.lean:34:43: Used `tac1 <;> tac2` where `(tac1; tac2)` would suffice
note: this linter can be disabled with `set_option linter.unnecessarySeqFocus false`
warning: ././././CyclicBell/GeneralAnchoredTables.lean:88:74: Used `tac1 <;> tac2` where `(tac1; tac2)` would suffice
note: this linter can be disabled with `set_option linter.unnecessarySeqFocus false`
warning: ././././CyclicBell/GeneralAnchoredTables.lean:123:6: 'rw [show Real.pi * (-(1 / 2) : ℝ) / 2 = -(Real.pi / 4) by ring, Real.sin_neg, neg_sq,
  Real.sin_pi_div_four]' tactic does nothing
note: this linter can be disabled with `set_option linter.unusedTactic false`
warning: ././././CyclicBell/GeneralAnchoredTables.lean:123:103: 'norm_num' tactic does nothing
note: this linter can be disabled with `set_option linter.unusedTactic false`
warning: ././././CyclicBell/GeneralAnchoredTables.lean:126:6: 'rw [show Real.pi * (-(3 / 2) : ℝ) / 2 = -(Real.pi - Real.pi / 4) by ring, Real.sin_neg, neg_sq, Real.sin_pi_sub,
  Real.sin_pi_div_four]' tactic does nothing
note: this linter can be disabled with `set_option linter.unusedTactic false`
warning: ././././CyclicBell/GeneralAnchoredTables.lean:126:127: 'norm_num' tactic does nothing
note: this linter can be disabled with `set_option linter.unusedTactic false`
warning: ././././CyclicBell/GeneralAnchoredTables.lean:123:55: this tactic is never executed
note: this linter can be disabled with `set_option linter.unreachableTactic false`
warning: ././././CyclicBell/GeneralAnchoredTables.lean:123:103: this tactic is never executed
note: this linter can be disabled with `set_option linter.unreachableTactic false`
warning: ././././CyclicBell/GeneralAnchoredTables.lean:126:6: this tactic is never executed
note: this linter can be disabled with `set_option linter.unreachableTactic false`
warning: ././././CyclicBell/GeneralAnchoredTables.lean:126:127: this tactic is never executed
note: this linter can be disabled with `set_option linter.unreachableTactic false`
⚠ [6695/6763] Built CyclicBell.GeneralSecondCoefficients
warning: ././././CyclicBell/GeneralSecondCoefficients.lean:36:0: automatically included section variable(s) unused in theorem 'CyclicBell.General.generalLambda_literal':
  [NeZero d]
consider restructuring your `variable` declarations so that the variables are not in scope or explicitly omit them:
  omit [NeZero d] in theorem ...
note: this linter can be disabled with `set_option linter.unusedSectionVars false`
warning: ././././CyclicBell/GeneralSecondCoefficients.lean:50:36: try 'simp' instead of 'simpa'
note: this linter can be disabled with `set_option linter.unnecessarySimpa false`
warning: ././././CyclicBell/GeneralSecondCoefficients.lean:53:8: automatically included section variable(s) unused in theorem 'CyclicBell.General.secondPrefactor_norm':
  [NeZero d]
consider restructuring your `variable` declarations so that the variables are not in scope or explicitly omit them:
  omit [NeZero d] in theorem ...
note: this linter can be disabled with `set_option linter.unusedSectionVars false`
warning: ././././CyclicBell/GeneralSecondCoefficients.lean:54:8: automatically included section variable(s) unused in theorem 'CyclicBell.General.secondPrefactor_unit':
  [NeZero d]
consider restructuring your `variable` declarations so that the variables are not in scope or explicitly omit them:
  omit [NeZero d] in theorem ...
note: this linter can be disabled with `set_option linter.unusedSectionVars false`
info: ././././CyclicBell/GeneralSecondCoefficients.lean:136:62: Try this: ring_nf
info: ././././CyclicBell/GeneralSecondCoefficients.lean:145:4: Try this: ring_nf
warning: ././././CyclicBell/GeneralSecondCoefficients.lean:144:4: 'push_cast' tactic does nothing
note: this linter can be disabled with `set_option linter.unusedTactic false`
warning: ././././CyclicBell/GeneralSecondCoefficients.lean:191:2: 'push_cast only [Complex.ofReal_mul, Complex.ofReal_ofNat]' tactic does nothing
note: this linter can be disabled with `set_option linter.unusedTactic false`
✔ [6696/6763] Built CyclicBell.GeneralCoverageWitness
✔ [6697/6763] Built CyclicBell.GeneralSupportSaturation
✔ [6698/6763] Built CyclicBell.GeneralCoverageExposure
✔ [6699/6763] Built CyclicBell.GeneralCoverageSourceWeyl
✔ [6700/6763] Built CyclicBell.GeneralSecondBound
⚠ [6701/6763] Built CyclicBell.GeneralPhaseEntropy
warning: ././././CyclicBell/GeneralPhaseEntropy.lean:80:6: Used `tac1 <;> tac2` where `(tac1; tac2)` would suffice
note: this linter can be disabled with `set_option linter.unnecessarySeqFocus false`
✔ [6702/6763] Built CyclicBell.GeneralCoveragePolarCanonical
✔ [6703/6763] Built CyclicBell.GeneralCoveragePermutation
⚠ [6704/6763] Built CyclicBell.GeneralCoverageSourceInterpolation
warning: ././././CyclicBell/GeneralCoverageSourceInterpolation.lean:23:0: automatically included section variable(s) unused in theorem 'CyclicBell.General.sourcePolarCoefficient_literal':
  [NeZero d]
consider restructuring your `variable` declarations so that the variables are not in scope or explicitly omit them:
  omit [NeZero d] in theorem ...
note: this linter can be disabled with `set_option linter.unusedSectionVars false`
✔ [6705/6763] Built CyclicBell.PhaseTableStatements
⚠ [6706/6763] Built CyclicBell.GeneralSecondCommuting
warning: ././././CyclicBell/GeneralSecondCommuting.lean:46:0: automatically included section variable(s) unused in theorem 'CyclicBell.General.algebraSecondExpansion':
  [NeZero d]
consider restructuring your `variable` declarations so that the variables are not in scope or explicitly omit them:
  omit [NeZero d] in theorem ...
note: this linter can be disabled with `set_option linter.unusedSectionVars false`
warning: ././././CyclicBell/GeneralSecondCommuting.lean:192:5: unused variable `hc`
note: this linter can be disabled with `set_option linter.unusedVariables false`
⚠ [6707/6763] Built CyclicBell.GeneralBehavior
warning: ././././CyclicBell/GeneralBehavior.lean:46:0: automatically included section variable(s) unused in theorem 'CyclicBell.General.pullBehavior_continuous':
  [NeZero d]
consider restructuring your `variable` declarations so that the variables are not in scope or explicitly omit them:
  omit [NeZero d] in theorem ...
note: this linter can be disabled with `set_option linter.unusedSectionVars false`
⚠ [6708/6763] Built CyclicBell.GeneralSecondWitness
warning: ././././CyclicBell/GeneralSecondWitness.lean:76:0: automatically included section variable(s) unused in theorem 'CyclicBell.General.weighted_sum':
  [NeZero d]
consider restructuring your `variable` declarations so that the variables are not in scope or explicitly omit them:
  omit [NeZero d] in theorem ...
note: this linter can be disabled with `set_option linter.unusedSectionVars false`
⚠ [6709/6763] Built CyclicBell.GeneralSupportedPhases
warning: ././././CyclicBell/GeneralSupportedPhases.lean:29:0: automatically included section variable(s) unused in theorem 'CyclicBell.General.equalitySupport_from_gap':
  [DecidableEq ν]
consider restructuring your `variable` declarations so that the variables are not in scope or explicitly omit them:
  omit [DecidableEq ν] in theorem ...
note: this linter can be disabled with `set_option linter.unusedSectionVars false`
warning: ././././CyclicBell/GeneralSupportedPhases.lean:40:0: automatically included section variable(s) unused in theorem 'CyclicBell.General.equality_supported_action':
  [Fintype ν]
  [DecidableEq ν]
consider restructuring your `variable` declarations so that the variables are not in scope or explicitly omit them:
  omit [Fintype ν] [DecidableEq ν] in theorem ...
note: this linter can be disabled with `set_option linter.unusedSectionVars false`
warning: ././././CyclicBell/GeneralSupportedPhases.lean:40:35: unused variable `hd`
note: this linter can be disabled with `set_option linter.unusedVariables false`
✔ [6710/6763] Built CyclicBell.GeneralExtendedBehavior
✔ [6711/6763] Built CyclicBell.GeneralSecondResiduals
✔ [6712/6763] Built CyclicBell.GeneralSecondMoments
⚠ [6713/6763] Built CyclicBell.GeneralOrbitConsequences
warning: ././././CyclicBell/GeneralOrbitConsequences.lean:11:0: automatically included section variable(s) unused in theorem 'CyclicBell.General.recurrence_nat_product':
  [NeZero d]
consider restructuring your `variable` declarations so that the variables are not in scope or explicitly omit them:
  omit [NeZero d] in theorem ...
note: this linter can be disabled with `set_option linter.unusedSectionVars false`
✔ [6714/6763] Built CyclicBell.GeneralCoverageSourceLiteralInterpolation
⚠ [6715/6763] Built CyclicBell.GeneralCommutingModel
warning: ././././CyclicBell/GeneralCommutingModel.lean:26:0: automatically included section variable(s) unused in theorem 'CyclicBell.General.hilbertMoment_add':
  [CompleteSpace H]
consider restructuring your `variable` declarations so that the variables are not in scope or explicitly omit them:
  omit [CompleteSpace H] in theorem ...
note: this linter can be disabled with `set_option linter.unusedSectionVars false`
warning: ././././CyclicBell/GeneralCommutingModel.lean:30:0: automatically included section variable(s) unused in theorem 'CyclicBell.General.hilbertMoment_smul':
  [CompleteSpace H]
consider restructuring your `variable` declarations so that the variables are not in scope or explicitly omit them:
  omit [CompleteSpace H] in theorem ...
note: this linter can be disabled with `set_option linter.unusedSectionVars false`
warning: ././././CyclicBell/GeneralCommutingModel.lean:34:0: automatically included section variable(s) unused in theorem 'CyclicBell.General.hilbertMoment_sum':
  [CompleteSpace H]
consider restructuring your `variable` declarations so that the variables are not in scope or explicitly omit them:
  omit [CompleteSpace H] in theorem ...
note: this linter can be disabled with `set_option linter.unusedSectionVars false`
⚠ [6716/6763] Built CyclicBell.GeneralReflectionRank
warning: ././././CyclicBell/GeneralReflectionRank.lean:12:0: automatically included section variable(s) unused in theorem 'CyclicBell.General.matrix_rank_add_le':
  [DecidableEq ι]
  [DecidableEq ν]
consider restructuring your `variable` declarations so that the variables are not in scope or explicitly omit them:
  omit [DecidableEq ι] [DecidableEq ν] in theorem ...
note: this linter can be disabled with `set_option linter.unusedSectionVars false`
warning: ././././CyclicBell/GeneralReflectionRank.lean:24:0: automatically included section variable(s) unused in theorem 'CyclicBell.General.matrix_rank_smul_le':
  [Fintype ι]
  [DecidableEq ι]
  [DecidableEq ν]
consider restructuring your `variable` declarations so that the variables are not in scope or explicitly omit them:
  omit [Fintype ι] [DecidableEq ι] [DecidableEq ν] in theorem ...
note: this linter can be disabled with `set_option linter.unusedSectionVars false`
warning: ././././CyclicBell/GeneralReflectionRank.lean:123:0: automatically included section variable(s) unused in theorem 'CyclicBell.General.sum_supported_projection_ranks':
  [DecidableEq ι]
  [DecidableEq ν]
consider restructuring your `variable` declarations so that the variables are not in scope or explicitly omit them:
  omit [DecidableEq ι] [DecidableEq ν] in theorem ...
note: this linter can be disabled with `set_option linter.unusedSectionVars false`
✔ [6717/6763] Built CyclicBell.GeneralCoverageSourceFactors
✔ [6718/6763] Built CyclicBell.GeneralCoverageMomentModel
⚠ [6719/6763] Built CyclicBell.GeneralHilbertBridge
warning: ././././CyclicBell/GeneralHilbertBridge.lean:24:0: automatically included section variable(s) unused in theorem 'CyclicBell.General.euclidVector_surjective':
  [Fintype ι]
  [DecidableEq ι]
consider restructuring your `variable` declarations so that the variables are not in scope or explicitly omit them:
  omit [Fintype ι] [DecidableEq ι] in theorem ...
note: this linter can be disabled with `set_option linter.unusedSectionVars false`
warning: ././././CyclicBell/GeneralHilbertBridge.lean:27:0: automatically included section variable(s) unused in theorem 'CyclicBell.General.euclidVector_inner':
  [DecidableEq ι]
consider restructuring your `variable` declarations so that the variables are not in scope or explicitly omit them:
  omit [DecidableEq ι] in theorem ...
note: this linter can be disabled with `set_option linter.unusedSectionVars false`
warning: ././././CyclicBell/GeneralHilbertBridge.lean:77:0: automatically included section variable(s) unused in theorem 'CyclicBell.General.vectorize_ip_trace':
  [DecidableEq ι]
  [DecidableEq ν]
consider restructuring your `variable` declarations so that the variables are not in scope or explicitly omit them:
  omit [DecidableEq ι] [DecidableEq ν] in theorem ...
note: this linter can be disabled with `set_option linter.unusedSectionVars false`
warning: ././././CyclicBell/GeneralHilbertBridge.lean:83:0: automatically included section variable(s) unused in theorem 'CyclicBell.General.kron_one_vectorize':
  [DecidableEq ι]
consider restructuring your `variable` declarations so that the variables are not in scope or explicitly omit them:
  omit [DecidableEq ι] in theorem ...
note: this linter can be disabled with `set_option linter.unusedSectionVars false`
warning: ././././CyclicBell/GeneralHilbertBridge.lean:127:0: automatically included section variable(s) unused in theorem 'CyclicBell.General.hermitian_idempotent_positive':
  [DecidableEq ι]
consider restructuring your `variable` declarations so that the variables are not in scope or explicitly omit them:
  omit [DecidableEq ι] in theorem ...
note: this linter can be disabled with `set_option linter.unusedSectionVars false`
✔ [6720/6763] Built CyclicBell.GeneralRigidity
✔ [6721/6763] Built CyclicBell.GeneralCorrelationValues
✔ [6722/6763] Built CyclicBell.GeneralCoverageSourceOrbit
✔ [6723/6763] Built CyclicBell.GeneralCoverageSourceCanonical
⚠ [6724/6763] Built CyclicBell.GeneralCoverageClosureSequence
warning: ././././CyclicBell/GeneralCoverageClosureSequence.lean:27:0: automatically included section variable(s) unused in theorem 'CyclicBell.General.Coverage.behavior_coordinate_complex_tendsto':
  [NeZero d]
  [Finite α]
  [Finite β]
consider restructuring your `variable` declarations so that the variables are not in scope or explicitly omit them:
  omit [NeZero d] [Finite α] [Finite β] in theorem ...
note: this linter can be disabled with `set_option linter.unusedSectionVars false`
✔ [6725/6763] Built CyclicBell.GeneralCoverageReconstruction
✔ [6726/6763] Built CyclicBell.GeneralExactValues
✔ [6727/6763] Built CyclicBell.GeneralCoverageSourceOrder
✔ [6728/6763] Built CyclicBell.GeneralCoverageClosureContainment
✔ [6729/6763] Built CyclicBell.GeneralCoverageSourceStrategy
✔ [6730/6763] Built CyclicBell.GeneralCoverageSourceSpectrum
✔ [6731/6763] Built CyclicBell.D4
✔ [6732/6763] Built CyclicBell.Phases
✔ [6733/6763] Built CyclicBell.Cycle4
✔ [6734/6763] Built CyclicBell.Witness
⚠ [6735/6763] Built CyclicBell.Attainment
warning: ././././CyclicBell/Attainment.lean:88:20: Used `tac1 <;> tac2` where `(tac1; tac2)` would suffice
note: this linter can be disabled with `set_option linter.unnecessarySeqFocus false`
⚠ [6736/6763] Built CyclicBell.Guessing
warning: ././././CyclicBell/Guessing.lean:50:16: Used `tac1 <;> tac2` where `(tac1; tac2)` would suffice
note: this linter can be disabled with `set_option linter.unnecessarySeqFocus false`
warning: ././././CyclicBell/Guessing.lean:50:32: Used `tac1 <;> tac2` where `(tac1; tac2)` would suffice
note: this linter can be disabled with `set_option linter.unnecessarySeqFocus false`
warning: ././././CyclicBell/Guessing.lean:86:0: automatically included section variable(s) unused in theorem 'CyclicBell.adjoinTrivialEve_projector':
  [Fintype ι]
  [DecidableEq ι]
consider restructuring your `variable` declarations so that the variables are not in scope or explicitly omit them:
  omit [Fintype ι] [DecidableEq ι] in theorem ...
note: this linter can be disabled with `set_option linter.unusedSectionVars false`
warning: ././././CyclicBell/Guessing.lean:89:0: automatically included section variable(s) unused in theorem 'CyclicBell.adjoinTrivialEve_mul':
  [DecidableEq ι]
consider restructuring your `variable` declarations so that the variables are not in scope or explicitly omit them:
  omit [DecidableEq ι] in theorem ...
note: this linter can be disabled with `set_option linter.unusedSectionVars false`
warning: ././././CyclicBell/Guessing.lean:94:0: automatically included section variable(s) unused in theorem 'CyclicBell.adjoinTrivialEve_adjoint':
  [Fintype ι]
  [DecidableEq ι]
consider restructuring your `variable` declarations so that the variables are not in scope or explicitly omit them:
  omit [Fintype ι] [DecidableEq ι] in theorem ...
note: this linter can be disabled with `set_option linter.unusedSectionVars false`
warning: ././././CyclicBell/Guessing.lean:99:0: automatically included section variable(s) unused in theorem 'CyclicBell.adjoinTrivialEve_positive':
  [DecidableEq ι]
consider restructuring your `variable` declarations so that the variables are not in scope or explicitly omit them:
  omit [DecidableEq ι] in theorem ...
note: this linter can be disabled with `set_option linter.unusedSectionVars false`
warning: ././././CyclicBell/Guessing.lean:103:0: automatically included section variable(s) unused in theorem 'CyclicBell.adjoinTrivialEve_trace':
  [DecidableEq ι]
consider restructuring your `variable` declarations so that the variables are not in scope or explicitly omit them:
  omit [DecidableEq ι] in theorem ...
note: this linter can be disabled with `set_option linter.unusedSectionVars false`
warning: ././././CyclicBell/Guessing.lean:108:0: automatically included section variable(s) unused in theorem 'CyclicBell.partialTrace_adjoin':
  [DecidableEq ι]
consider restructuring your `variable` declarations so that the variables are not in scope or explicitly omit them:
  omit [DecidableEq ι] in theorem ...
note: this linter can be disabled with `set_option linter.unusedSectionVars false`
warning: ././././CyclicBell/Guessing.lean:111:14: Used `tac1 <;> tac2` where `(tac1; tac2)` would suffice
note: this linter can be disabled with `set_option linter.unnecessarySeqFocus false`
✔ [6737/6763] Built CyclicBell.Endpoints
⚠ [6738/6763] Built CyclicBell.GeneralOperational
warning: ././././CyclicBell/GeneralOperational.lean:24:0: automatically included section variable(s) unused in theorem 'CyclicBell.General.matrix_map_star_mul':
  [Fintype ι]
  [Fintype ε]
  [DecidableEq ι]
  [DecidableEq κ]
  [DecidableEq ε]
consider restructuring your `variable` declarations so that the variables are not in scope or explicitly omit them:
  omit [Fintype ι] [Fintype ε] [DecidableEq ι] [DecidableEq κ] [DecidableEq ε] in theorem ...
note: this linter can be disabled with `set_option linter.unusedSectionVars false`
warning: ././././CyclicBell/GeneralOperational.lean:31:0: automatically included section variable(s) unused in theorem 'CyclicBell.General.reducedE_partialTrace':
  [Fintype ε]
  [DecidableEq ι]
  [DecidableEq ε]
consider restructuring your `variable` declarations so that the variables are not in scope or explicitly omit them:
  omit [Fintype ε] [DecidableEq ι] [DecidableEq ε] in theorem ...
note: this linter can be disabled with `set_option linter.unusedSectionVars false`
warning: ././././CyclicBell/GeneralOperational.lean:36:0: automatically included section variable(s) unused in theorem 'CyclicBell.General.reducedE_positive':
  [DecidableEq ι]
  [DecidableEq ε]
consider restructuring your `variable` declarations so that the variables are not in scope or explicitly omit them:
  omit [DecidableEq ι] [DecidableEq ε] in theorem ...
note: this linter can be disabled with `set_option linter.unusedSectionVars false`
info: ././././CyclicBell/GeneralOperational.lean:52:2: Try this: ring_nf
warning: ././././CyclicBell/GeneralOperational.lean:66:0: automatically included section variable(s) unused in theorem 'CyclicBell.General.effectKernelE_on_state':
  [Fintype ε]
  [DecidableEq ι]
  [DecidableEq ε]
consider restructuring your `variable` declarations so that the variables are not in scope or explicitly omit them:
  omit [Fintype ε] [DecidableEq ι] [DecidableEq ε] in theorem ...
note: this linter can be disabled with `set_option linter.unusedSectionVars false`
warning: ././././CyclicBell/GeneralOperational.lean:71:0: automatically included section variable(s) unused in theorem 'CyclicBell.General.effectKernelE_smul':
  [Fintype ε]
  [DecidableEq ι]
  [DecidableEq ε]
consider restructuring your `variable` declarations so that the variables are not in scope or explicitly omit them:
  omit [Fintype ε] [DecidableEq ι] [DecidableEq ε] in theorem ...
note: this linter can be disabled with `set_option linter.unusedSectionVars false`
warning: ././././CyclicBell/GeneralOperational.lean:80:47: unused variable `hQ`
note: this linter can be disabled with `set_option linter.unusedVariables false`
warning: ././././CyclicBell/GeneralOperational.lean:81:31: unused variable `hq`
note: this linter can be disabled with `set_option linter.unusedVariables false`
warning: ././././CyclicBell/GeneralOperational.lean:81:44: unused variable `hRQ`
note: this linter can be disabled with `set_option linter.unusedVariables false`
warning: ././././CyclicBell/GeneralOperational.lean:131:0: automatically included section variable(s) unused in theorem 'CyclicBell.General.fixedGuess_positive':
  [NeZero d]
consider restructuring your `variable` declarations so that the variables are not in scope or explicitly omit them:
  omit [NeZero d] in theorem ...
note: this linter can be disabled with `set_option linter.unusedSectionVars false`
⚠ [6739/6763] Built CyclicBell.GeneralOutcomeRelabeling
warning: ././././CyclicBell/GeneralOutcomeRelabeling.lean:50:0: automatically included section variable(s) unused in theorem 'CyclicBell.General.secondAdjointFourier_opposite_mode':
  [Fintype κ]
  [DecidableEq κ]
consider restructuring your `variable` declarations so that the variables are not in scope or explicitly omit them:
  omit [Fintype κ] [DecidableEq κ] in theorem ...
note: this linter can be disabled with `set_option linter.unusedSectionVars false`
warning: ././././CyclicBell/GeneralOutcomeRelabeling.lean:109:0: automatically included section variable(s) unused in theorem 'CyclicBell.General.relabelOutcomeTable_range':
  [NeZero d]
consider restructuring your `variable` declarations so that the variables are not in scope or explicitly omit them:
  omit [NeZero d] in theorem ...
note: this linter can be disabled with `set_option linter.unusedSectionVars false`
warning: ././././CyclicBell/GeneralOutcomeRelabeling.lean:138:0: automatically included section variable(s) unused in theorem 'CyclicBell.General.relabelOutcomeTable_uniform_iff':
  [NeZero d]
consider restructuring your `variable` declarations so that the variables are not in scope or explicitly omit them:
  omit [NeZero d] in theorem ...
note: this linter can be disabled with `set_option linter.unusedSectionVars false`
⚠ [6740/6763] Built CyclicBell.GeneralTripartite
warning: ././././CyclicBell/GeneralTripartite.lean:37:0: automatically included section variable(s) unused in theorem 'CyclicBell.General.advKron_trace':
  [DecidableEq ι]
  [DecidableEq κ]
consider restructuring your `variable` declarations so that the variables are not in scope or explicitly omit them:
  omit [DecidableEq ι] [DecidableEq κ] in theorem ...
note: this linter can be disabled with `set_option linter.unusedSectionVars false`
warning: ././././CyclicBell/GeneralTripartite.lean:84:0: automatically included section variable(s) unused in theorem 'CyclicBell.General.partialE_pairing':
  [DecidableEq ε]
consider restructuring your `variable` declarations so that the variables are not in scope or explicitly omit them:
  omit [DecidableEq ε] in theorem ...
note: this linter can be disabled with `set_option linter.unusedSectionVars false`
⚠ [6741/6763] Built CyclicBell.GeneralOneInput
warning: ././././CyclicBell/GeneralOneInput.lean:28:0: automatically included section variable(s) unused in theorem 'CyclicBell.General.oneConditional_nonnegative':
  [DecidableEq Y]
  [DecidableEq O]
consider restructuring your `variable` declarations so that the variables are not in scope or explicitly omit them:
  omit [DecidableEq Y] [DecidableEq O] in theorem ...
note: this linter can be disabled with `set_option linter.unusedSectionVars false`
warning: ././././CyclicBell/GeneralOneInput.lean:33:0: automatically included section variable(s) unused in theorem 'CyclicBell.General.oneConditional_normalized':
  [DecidableEq Y]
  [DecidableEq O]
consider restructuring your `variable` declarations so that the variables are not in scope or explicitly omit them:
  omit [DecidableEq Y] [DecidableEq O] in theorem ...
note: this linter can be disabled with `set_option linter.unusedSectionVars false`
warning: ././././CyclicBell/GeneralOneInput.lean:40:0: automatically included section variable(s) unused in theorem 'CyclicBell.General.zero_marginal_joint':
  [DecidableEq Y]
  [DecidableEq O]
  [(y : Y) → DecidableEq (B y)]
  [∀ (y : Y), Nonempty (B y)]
consider restructuring your `variable` declarations so that the variables are not in scope or explicitly omit them:
  omit [DecidableEq Y] [DecidableEq O] [(y : Y) → DecidableEq (B y)] [∀ (y : Y), Nonempty (B y)] in theorem ...
note: this linter can be disabled with `set_option linter.unusedSectionVars false`
warning: ././././CyclicBell/GeneralOneInput.lean:51:0: automatically included section variable(s) unused in theorem 'CyclicBell.General.dependent_product_normalization':
  [(y : Y) → DecidableEq (B y)]
  [∀ (y : Y), Nonempty (B y)]
consider restructuring your `variable` declarations so that the variables are not in scope or explicitly omit them:
  omit [(y : Y) → DecidableEq (B y)] [∀ (y : Y), Nonempty (B y)] in theorem ...
note: this linter can be disabled with `set_option linter.unusedSectionVars false`
warning: ././././CyclicBell/GeneralOneInput.lean:68:0: automatically included section variable(s) unused in theorem 'CyclicBell.General.assignment_product_split':
  [(y : Y) → Fintype (B y)]
  [(y : Y) → DecidableEq (B y)]
  [∀ (y : Y), Nonempty (B y)]
consider restructuring your `variable` declarations so that the variables are not in scope or explicitly omit them:
  omit [(y : Y) → Fintype (B y)] [(y : Y) → DecidableEq (B y)] [∀ (y : Y), Nonempty (B y)] in theorem ...
note: this linter can be disabled with `set_option linter.unusedSectionVars false`
warning: ././././CyclicBell/GeneralOneInput.lean:138:0: automatically included section variable(s) unused in theorem 'CyclicBell.General.grouping_positive':
  [Fintype Aout]
consider restructuring your `variable` declarations so that the variables are not in scope or explicitly omit them:
  omit [Fintype Aout] in theorem ...
note: this linter can be disabled with `set_option linter.unusedSectionVars false`
warning: ././././CyclicBell/GeneralOneInput.lean:144:0: automatically included section variable(s) unused in theorem 'CyclicBell.General.grouping_idempotent':
  [Fintype Aout]
consider restructuring your `variable` declarations so that the variables are not in scope or explicitly omit them:
  omit [Fintype Aout] in theorem ...
note: this linter can be disabled with `set_option linter.unusedSectionVars false`
warning: ././././CyclicBell/GeneralOneInput.lean:152:0: automatically included section variable(s) unused in theorem 'CyclicBell.General.grouping_orthogonal':
  [Fintype Aout]
consider restructuring your `variable` declarations so that the variables are not in scope or explicitly omit them:
  omit [Fintype Aout] in theorem ...
note: this linter can be disabled with `set_option linter.unusedSectionVars false`
warning: ././././CyclicBell/GeneralOneInput.lean:159:0: automatically included section variable(s) unused in theorem 'CyclicBell.General.grouping_complete':
  [Fintype L]
consider restructuring your `variable` declarations so that the variables are not in scope or explicitly omit them:
  omit [Fintype L] in theorem ...
note: this linter can be disabled with `set_option linter.unusedSectionVars false`
warning: ././././CyclicBell/GeneralOneInput.lean:172:0: automatically included section variable(s) unused in theorem 'CyclicBell.General.storedPurification_born':
  [Fintype Aout]
  [Fintype Bout]
consider restructuring your `variable` declarations so that the variables are not in scope or explicitly omit them:
  omit [Fintype Aout] [Fintype Bout] in theorem ...
note: this linter can be disabled with `set_option linter.unusedSectionVars false`
warning: ././././CyclicBell/GeneralOneInput.lean:192:0: automatically included section variable(s) unused in theorem 'CyclicBell.General.storedPurification_conditional':
  [Fintype Aout]
  [Fintype Bout]
consider restructuring your `variable` declarations so that the variables are not in scope or explicitly omit them:
  omit [Fintype Aout] [Fintype Bout] in theorem ...
note: this linter can be disabled with `set_option linter.unusedSectionVars false`
✔ [6742/6763] Built CyclicBell.GeneralSecondCompletionStatements
⚠ [6743/6763] Built CyclicBell.GeneralPOVMMaximum
warning: ././././CyclicBell/GeneralPOVMMaximum.lean:32:0: automatically included section variable(s) unused in theorem 'CyclicBell.General.eveGram_trace':
  [DecidableEq ε]
consider restructuring your `variable` declarations so that the variables are not in scope or explicitly omit them:
  omit [DecidableEq ε] in theorem ...
note: this linter can be disabled with `set_option linter.unusedSectionVars false`
warning: ././././CyclicBell/GeneralPOVMMaximum.lean:51:0: automatically included section variable(s) unused in theorem 'CyclicBell.General.eveGramBox_compact':
  [DecidableEq ε]
consider restructuring your `variable` declarations so that the variables are not in scope or explicitly omit them:
  omit [DecidableEq ε] in theorem ...
note: this linter can be disabled with `set_option linter.unusedSectionVars false`
warning: ././././CyclicBell/GeneralPOVMMaximum.lean:96:0: automatically included section variable(s) unused in theorem 'CyclicBell.General.eveGramObjective_continuous':
  [DecidableEq ε]
consider restructuring your `variable` declarations so that the variables are not in scope or explicitly omit them:
  omit [DecidableEq ε] in theorem ...
note: this linter can be disabled with `set_option linter.unusedSectionVars false`
⚠ [6744/6763] Built CyclicBell.GeneralPartySwap
warning: ././././CyclicBell/GeneralPartySwap.lean:74:0: automatically included section variable(s) unused in theorem 'CyclicBell.General.right_one_input_measurement_validity':
  [∀ (x : X), Nonempty (A x)]
consider restructuring your `variable` declarations so that the variables are not in scope or explicitly omit them:
  omit [∀ (x : X), Nonempty (A x)] in theorem ...
note: this linter can be disabled with `set_option linter.unusedSectionVars false`
warning: ././././CyclicBell/GeneralPartySwap.lean:74:46: unused variable `p`
note: this linter can be disabled with `set_option linter.unusedVariables false`
✔ [6745/6763] Built CyclicBell.GeneralCommutingGuessing
⚠ [6746/6763] Built CyclicBell.GeneralBinary
warning: ././././CyclicBell/GeneralBinary.lean:117:0: automatically included section variable(s) unused in theorem 'CyclicBell.General.effectKernelE_add':
  [Fintype ε]
  [DecidableEq ι]
  [DecidableEq ε]
consider restructuring your `variable` declarations so that the variables are not in scope or explicitly omit them:
  omit [Fintype ε] [DecidableEq ι] [DecidableEq ε] in theorem ...
note: this linter can be disabled with `set_option linter.unusedSectionVars false`
warning: ././././CyclicBell/GeneralBinary.lean:121:0: automatically included section variable(s) unused in theorem 'CyclicBell.General.effectKernelE_adjoint':
  [Fintype ε]
  [DecidableEq ι]
  [DecidableEq ε]
consider restructuring your `variable` declarations so that the variables are not in scope or explicitly omit them:
  omit [Fintype ε] [DecidableEq ι] [DecidableEq ε] in theorem ...
note: this linter can be disabled with `set_option linter.unusedSectionVars false`
warning: ././././CyclicBell/GeneralBinary.lean:132:0: automatically included section variable(s) unused in theorem 'CyclicBell.General.effectKernelE_left_stabilizer':
  [Fintype ε]
  [DecidableEq ι]
  [DecidableEq ε]
consider restructuring your `variable` declarations so that the variables are not in scope or explicitly omit them:
  omit [Fintype ε] [DecidableEq ι] [DecidableEq ε] in theorem ...
note: this linter can be disabled with `set_option linter.unusedSectionVars false`
warning: ././././CyclicBell/GeneralBinary.lean:167:0: automatically included section variable(s) unused in theorem 'CyclicBell.General.binary_on_state_structure':
  [Fintype ε]
  [DecidableEq ε]
consider restructuring your `variable` declarations so that the variables are not in scope or explicitly omit them:
  omit [Fintype ε] [DecidableEq ε] in theorem ...
note: this linter can be disabled with `set_option linter.unusedSectionVars false`
warning: ././././CyclicBell/GeneralBinary.lean:291:0: automatically included section variable(s) unused in theorem 'CyclicBell.General.binaryEffect_hermitian':
  [Fintype ι]
consider restructuring your `variable` declarations so that the variables are not in scope or explicitly omit them:
  omit [Fintype ι] in theorem ...
note: this linter can be disabled with `set_option linter.unusedSectionVars false`
warning: ././././CyclicBell/GeneralBinary.lean:306:0: automatically included section variable(s) unused in theorem 'CyclicBell.General.binaryEffect_complete':
  [Fintype ι]
consider restructuring your `variable` declarations so that the variables are not in scope or explicitly omit them:
  omit [Fintype ι] in theorem ...
note: this linter can be disabled with `set_option linter.unusedSectionVars false`
⚠ [6747/6763] Built CyclicBell.GeneralConsequences
warning: ././././CyclicBell/GeneralConsequences.lean:19:0: automatically included section variable(s) unused in theorem 'CyclicBell.General.effectKernelE_sum':
  [Fintype ε]
  [DecidableEq ι]
  [DecidableEq ε]
consider restructuring your `variable` declarations so that the variables are not in scope or explicitly omit them:
  omit [Fintype ε] [DecidableEq ι] [DecidableEq ε] in theorem ...
note: this linter can be disabled with `set_option linter.unusedSectionVars false`
warning: ././././CyclicBell/GeneralConsequences.lean:48:0: automatically included section variable(s) unused in theorem 'CyclicBell.General.reducedE_trace':
  [DecidableEq ι]
  [DecidableEq ε]
consider restructuring your `variable` declarations so that the variables are not in scope or explicitly omit them:
  omit [DecidableEq ι] [DecidableEq ε] in theorem ...
note: this linter can be disabled with `set_option linter.unusedSectionVars false`
✔ [6748/6763] Built CyclicBell.GeneralBinaryWitness
✔ [6749/6763] Built CyclicBell.GeneralModelCounterexamples
⚠ [6750/6763] Built CyclicBell.GeneralBinaryModels
warning: ././././CyclicBell/GeneralBinaryModels.lean:40:28: Used `tac1 <;> tac2` where `(tac1; tac2)` would suffice
note: this linter can be disabled with `set_option linter.unnecessarySeqFocus false`
✔ [6751/6763] Built CyclicBell.GeneralBinaryCertification
⚠ [6752/6763] Built CyclicBell.Regression
warning: ././././CyclicBell/Regression.lean:68:2: 'norm_num [zeta_components] at hi' tactic does nothing
note: this linter can be disabled with `set_option linter.unusedTactic false`
✔ [6753/6763] Built CyclicBell.ModelValueStatements
✔ [6754/6763] Built CyclicBell.GeneralAdversarialValues
✔ [6755/6763] Built CyclicBell.GeneralAdversarialEntropy
✔ [6756/6763] Built CyclicBell.GeneralNestedGuessing
⚠ [6757/6763] Built CyclicBell.GeneralAdversarialRegression
warning: ././././CyclicBell/GeneralAdversarialRegression.lean:51:6: try 'simp at hx' instead of 'simpa using hx'
note: this linter can be disabled with `set_option linter.unnecessarySimpa false`
⚠ [6758/6763] Built CyclicBell.AdversarialStatements
warning: ././././CyclicBell/AdversarialStatements.lean:61:36: unused variable `x`
note: this linter can be disabled with `set_option linter.unusedVariables false`
warning: ././././CyclicBell/AdversarialStatements.lean:61:44: unused variable `y`
note: this linter can be disabled with `set_option linter.unusedVariables false`
⚠ [6759/6763] Built CyclicBell.GeneralStatements
warning: ././././CyclicBell/GeneralStatements.lean:118:28: unused variable `hd`
note: this linter can be disabled with `set_option linter.unusedVariables false`
✔ [6760/6763] Built CyclicBell.Statements
ℹ [6761/6763] Built CyclicBell.AxiomAudit
info: ././././CyclicBell/AxiomAudit.lean:114:0: 'CyclicBell.D4.witness_fourier_weights' depends on axioms: [propext, Classical.choice, Quot.sound]
info: ././././CyclicBell/AxiomAudit.lean:115:0: 'CyclicBell.D4.witness_fourier_compression' depends on axioms: [propext, Classical.choice, Quot.sound]
info: ././././CyclicBell/AxiomAudit.lean:116:0: 'CyclicBell.D4.witness_source_fourier_compression' depends on axioms: [propext, Classical.choice, Quot.sound]
info: ././././CyclicBell/AxiomAudit.lean:117:0: 'CyclicBell.D4.witness_source_D_compression' depends on axioms: [propext, Classical.choice, Quot.sound]
info: ././././CyclicBell/AxiomAudit.lean:118:0: 'CyclicBell.D4.witness_compressed_correlator' depends on axioms: [propext, Classical.choice, Quot.sound]
info: ././././CyclicBell/AxiomAudit.lean:119:0: 'CyclicBell.D4.witness_source_compressed_correlator' depends on axioms: [propext, Classical.choice, Quot.sound]
info: ././././CyclicBell/AxiomAudit.lean:120:0: 'CyclicBell.D4.first_witness_operator_collection' depends on axioms: [propext, Classical.choice, Quot.sound]
info: ././././CyclicBell/AxiomAudit.lean:121:0: 'CyclicBell.D4.first_reduced_attainment_complex' depends on axioms: [propext, Classical.choice, Quot.sound]
info: ././././CyclicBell/AxiomAudit.lean:122:0: 'CyclicBell.D4.first_reduced_attainment' depends on axioms: [propext, Classical.choice, Quot.sound]
info: ././././CyclicBell/AxiomAudit.lean:123:0: 'CyclicBell.D4.aligned_witness_expectation' depends on axioms: [propext, Classical.choice, Quot.sound]
info: ././././CyclicBell/AxiomAudit.lean:124:0: 'CyclicBell.D4.first_aligned_attainment' depends on axioms: [propext, Classical.choice, Quot.sound]
info: ././././CyclicBell/AxiomAudit.lean:125:0: 'CyclicBell.D4.first_attainment' depends on axioms: [propext, Classical.choice, Quot.sound]
info: ././././CyclicBell/AxiomAudit.lean:126:0: 'CyclicBell.D4.second_bob_fourier' depends on axioms: [propext, Classical.choice, Quot.sound]
info: ././././CyclicBell/AxiomAudit.lean:127:0: 'CyclicBell.D4.second_reduced_attainment_complex' depends on axioms: [propext, Classical.choice, Quot.sound]
info: ././././CyclicBell/AxiomAudit.lean:128:0: 'CyclicBell.D4.second_reduced_attainment' depends on axioms: [propext, Classical.choice, Quot.sound]
info: ././././CyclicBell/AxiomAudit.lean:129:0: 'CyclicBell.D4.second_aligned_attainment' depends on axioms: [propext, Classical.choice, Quot.sound]
info: ././././CyclicBell/AxiomAudit.lean:130:0: 'CyclicBell.D4.second_attainment' depends on axioms: [propext, Classical.choice, Quot.sound]
info: ././././CyclicBell/AxiomAudit.lean:131:0: 'CyclicBell.D4.phi_unitary_invariance' depends on axioms: [propext, Classical.choice, Quot.sound]
info: ././././CyclicBell/AxiomAudit.lean:132:0: 'CyclicBell.D4.second_witness_residual_zero' depends on axioms: [propext, Classical.choice, Quot.sound]
info: ././././CyclicBell/AxiomAudit.lean:133:0: 'CyclicBell.D4.weighted' depends on axioms: [propext, Classical.choice, Quot.sound]
info: ././././CyclicBell/AxiomAudit.lean:134:0: 'CyclicBell.D4.entryConj' depends on axioms: [propext, Classical.choice, Quot.sound]
info: ././././CyclicBell/AxiomAudit.lean:135:0: 'CyclicBell.D4.entryConj_involutive' depends on axioms: [propext, Classical.choice, Quot.sound]
info: ././././CyclicBell/AxiomAudit.lean:136:0: 'CyclicBell.D4.phasedVector' depends on axioms: [propext, Classical.choice, Quot.sound]
info: ././././CyclicBell/AxiomAudit.lean:137:0: 'CyclicBell.D4.phase_mul_unit' depends on axioms: [propext, Classical.choice, Quot.sound]
info: ././././CyclicBell/AxiomAudit.lean:138:0: 'CyclicBell.D4.phased_orthonormal' depends on axioms: [propext, Classical.choice, Quot.sound]
info: ././././CyclicBell/AxiomAudit.lean:139:0: 'CyclicBell.D4.phased_complete' depends on axioms: [propext, Classical.choice, Quot.sound]
info: ././././CyclicBell/AxiomAudit.lean:140:0: 'CyclicBell.D4.phasedPVM' depends on axioms: [propext, Classical.choice, Quot.sound]
info: ././././CyclicBell/AxiomAudit.lean:141:0: 'CyclicBell.D4.phased_encoding' depends on axioms: [propext, Classical.choice, Quot.sound]
info: ././././CyclicBell/AxiomAudit.lean:142:0: 'CyclicBell.D4.cyclePrefix' depends on axioms: [propext, Classical.choice, Quot.sound]
info: ././././CyclicBell/AxiomAudit.lean:143:0: 'CyclicBell.D4.cyclePrefix_unit' depends on axioms: [propext, Classical.choice, Quot.sound]
info: ././././CyclicBell/AxiomAudit.lean:144:0: 'CyclicBell.D4.cyclePrefix_recurrence' depends on axioms: [propext, Classical.choice, Quot.sound]
info: ././././CyclicBell/AxiomAudit.lean:145:0: 'CyclicBell.D4.shift_entry' depends on axioms: [propext, Classical.choice, Quot.sound]
info: ././././CyclicBell/AxiomAudit.lean:146:0: 'CyclicBell.D4.cycle_diagonalization' depends on axioms: [propext, Classical.choice, Quot.sound]
info: ././././CyclicBell/AxiomAudit.lean:147:0: 'CyclicBell.D4.cyclePVM' depends on axioms: [propext, Classical.choice, Quot.sound]
info: ././././CyclicBell/AxiomAudit.lean:148:0: 'CyclicBell.D4.cyclePVM_encoding' depends on axioms: [propext, Classical.choice, Quot.sound]
info: ././././CyclicBell/AxiomAudit.lean:149:0: 'CyclicBell.D4.weighted_unitary' depends on axioms: [propext, Classical.choice, Quot.sound]
info: ././././CyclicBell/AxiomAudit.lean:150:0: 'CyclicBell.D4.weighted_fourth_power' depends on axioms: [propext, Classical.choice, Quot.sound]
info: ././././CyclicBell/AxiomAudit.lean:151:0: 'CyclicBell.D4.weighted_entry' depends on axioms: [propext, Classical.choice, Quot.sound]
info: ././././CyclicBell/AxiomAudit.lean:152:0: 'CyclicBell.D4.weighted_linear' depends on axioms: [propext, Classical.choice, Quot.sound]
info: ././././CyclicBell/AxiomAudit.lean:153:0: 'CyclicBell.D4.weighted_conjugate' depends on axioms: [propext, Classical.choice, Quot.sound]
info: ././././CyclicBell/AxiomAudit.lean:154:0: 'CyclicBell.D4.phi_trace' depends on axioms: [propext, Classical.choice, Quot.sound]
info: ././././CyclicBell/AxiomAudit.lean:155:0: 'CyclicBell.D4.phi_weighted' depends on axioms: [propext, Classical.choice, Quot.sound]
info: ././././CyclicBell/AxiomAudit.lean:156:0: 'CyclicBell.D4.phi_unitary_pair' depends on axioms: [propext, Classical.choice, Quot.sound]
info: ././././CyclicBell/AxiomAudit.lean:157:0: 'CyclicBell.D4.Q' does not depend on any axioms
info: ././././CyclicBell/AxiomAudit.lean:158:0: 'CyclicBell.D4.q' depends on axioms: [propext, Classical.choice, Quot.sound]
info: ././././CyclicBell/AxiomAudit.lean:159:0: 'CyclicBell.D4.fourier' depends on axioms: [propext, Classical.choice, Quot.sound]
info: ././././CyclicBell/AxiomAudit.lean:160:0: 'CyclicBell.D4.u' depends on axioms: [propext, Classical.choice, Quot.sound]
info: ././././CyclicBell/AxiomAudit.lean:161:0: 'CyclicBell.D4.v' depends on axioms: [propext, Classical.choice, Quot.sound]
info: ././././CyclicBell/AxiomAudit.lean:162:0: 'CyclicBell.D4.phi' depends on axioms: [propext, Classical.choice, Quot.sound]
info: ././././CyclicBell/AxiomAudit.lean:163:0: 'CyclicBell.D4.aliceEffect' depends on axioms: [propext, Classical.choice, Quot.sound]
info: ././././CyclicBell/AxiomAudit.lean:164:0: 'CyclicBell.D4.bobEffect' depends on axioms: [propext, Classical.choice, Quot.sound]
info: ././././CyclicBell/AxiomAudit.lean:165:0: 'CyclicBell.D4.targetBorn' depends on axioms: [propext, Classical.choice, Quot.sound]
info: ././././CyclicBell/AxiomAudit.lean:166:0: 'CyclicBell.D4.table' depends on axioms: [propext, Classical.choice, Quot.sound]
info: ././././CyclicBell/AxiomAudit.lean:167:0: 'CyclicBell.D4.shift' depends on axioms: [propext, Classical.choice, Quot.sound]
info: ././././CyclicBell/AxiomAudit.lean:168:0: 'CyclicBell.D4.swappedWeights' depends on axioms: [propext, Classical.choice, Quot.sound]
info: ././././CyclicBell/AxiomAudit.lean:169:0: 'CyclicBell.D4.swappedObservable' depends on axioms: [propext, Classical.choice, Quot.sound]
info: ././././CyclicBell/AxiomAudit.lean:170:0: 'CyclicBell.D4.kappa' depends on axioms: [propext]
info: ././././CyclicBell/AxiomAudit.lean:171:0: 'CyclicBell.D4.equalityRoots' depends on axioms: [propext, Classical.choice, Quot.sound]
info: ././././CyclicBell/AxiomAudit.lean:172:0: 'CyclicBell.D4.kappa_values' depends on axioms: [propext, Quot.sound]
info: ././././CyclicBell/AxiomAudit.lean:173:0: 'CyclicBell.D4.weights_are_final_swap' depends on axioms: [propext, Classical.choice, Quot.sound]
info: ././././CyclicBell/AxiomAudit.lean:174:0: 'CyclicBell.D4.q_recurrence' depends on axioms: [propext, Classical.choice, Quot.sound]
info: ././././CyclicBell/AxiomAudit.lean:175:0: 'CyclicBell.D4.q_unit_modulus' depends on axioms: [propext, Classical.choice, Quot.sound]
info: ././././CyclicBell/AxiomAudit.lean:176:0: 'CyclicBell.D4.phi_normalized' depends on axioms: [propext, Classical.choice, Quot.sound]
info: ././././CyclicBell/AxiomAudit.lean:177:0: 'CyclicBell.D4.u_orthonormal' depends on axioms: [propext, Classical.choice, Quot.sound]
info: ././././CyclicBell/AxiomAudit.lean:178:0: 'CyclicBell.D4.v_orthonormal' depends on axioms: [propext, Classical.choice, Quot.sound]
info: ././././CyclicBell/AxiomAudit.lean:179:0: 'CyclicBell.D4.u_complete' depends on axioms: [propext, Classical.choice, Quot.sound]
info: ././././CyclicBell/AxiomAudit.lean:180:0: 'CyclicBell.D4.v_complete' depends on axioms: [propext, Classical.choice, Quot.sound]
info: ././././CyclicBell/AxiomAudit.lean:181:0: 'CyclicBell.D4.aliceTargetPVM' depends on axioms: [propext, Classical.choice, Quot.sound]
info: ././././CyclicBell/AxiomAudit.lean:182:0: 'CyclicBell.D4.bobTargetPVM' depends on axioms: [propext, Classical.choice, Quot.sound]
info: ././././CyclicBell/AxiomAudit.lean:183:0: 'CyclicBell.D4.targetState' depends on axioms: [propext, Classical.choice, Quot.sound]
info: ././././CyclicBell/AxiomAudit.lean:184:0: 'CyclicBell.D4.bob_encoding' depends on axioms: [propext, Classical.choice, Quot.sound]
info: ././././CyclicBell/AxiomAudit.lean:185:0: 'CyclicBell.D4.alice_encoding' depends on axioms: [propext, Classical.choice, Quot.sound]
info: ././././CyclicBell/AxiomAudit.lean:186:0: 'CyclicBell.D4.targetBorn_eq_table' depends on axioms: [propext, Classical.choice, Quot.sound]
info: ././././CyclicBell/AxiomAudit.lean:187:0: 'CyclicBell.D4.mixed_targetBorn_eq_table' depends on axioms: [propext, Classical.choice, Quot.sound]
info: ././././CyclicBell/AxiomAudit.lean:188:0: 'CyclicBell.D4.target_nonnegative' depends on axioms: [propext, Classical.choice, Quot.sound]
info: ././././CyclicBell/AxiomAudit.lean:189:0: 'CyclicBell.D4.alice_marginal' depends on axioms: [propext, Classical.choice, Quot.sound]
info: ././././CyclicBell/AxiomAudit.lean:190:0: 'CyclicBell.D4.bob_marginal' depends on axioms: [propext, Classical.choice, Quot.sound]
info: ././././CyclicBell/AxiomAudit.lean:191:0: 'CyclicBell.D4.target_normalized' depends on axioms: [propext, Classical.choice, Quot.sound]
info: ././././CyclicBell/AxiomAudit.lean:192:0: 'CyclicBell.D4.target_le_three_thirtyseconds' depends on axioms: [propext, Classical.choice, Quot.sound]
info: ././././CyclicBell/AxiomAudit.lean:193:0: 'CyclicBell.D4.target_01' depends on axioms: [propext, Classical.choice, Quot.sound]
info: ././././CyclicBell/AxiomAudit.lean:194:0: 'CyclicBell.D4.guessing_gap' depends on axioms: [propext, Classical.choice, Quot.sound]
info: ././././CyclicBell/AxiomAudit.lean:195:0: 'CyclicBell.D4.target_not_uniform' depends on axioms: [propext, Classical.choice, Quot.sound]
info: ././././CyclicBell/AxiomAudit.lean:196:0: 'CyclicBell.D4.wrong_state_normalization' depends on axioms: [propext, Classical.choice, Quot.sound]
info: ././././CyclicBell/AxiomAudit.lean:197:0: 'CyclicBell.D4.target_measurement_package' depends on axioms: [propext, Classical.choice, Quot.sound]
info: ././././CyclicBell/AxiomAudit.lean:198:0: 'CyclicBell.IsFirstMaximizer' depends on axioms: [propext, Classical.choice, Quot.sound]
info: ././././CyclicBell/AxiomAudit.lean:199:0: 'CyclicBell.IsSecondMaximizer' depends on axioms: [propext, Classical.choice, Quot.sound]
info: ././././CyclicBell/AxiomAudit.lean:200:0: 'CyclicBell.D4.first_is_maximizer' depends on axioms: [propext, Classical.choice, Quot.sound]
info: ././././CyclicBell/AxiomAudit.lean:201:0: 'CyclicBell.D4.second_is_maximizer' depends on axioms: [propext, Classical.choice, Quot.sound]
info: ././././CyclicBell/AxiomAudit.lean:202:0: 'CyclicBell.D4.first_behavior_table' depends on axioms: [propext, Classical.choice, Quot.sound]
info: ././././CyclicBell/AxiomAudit.lean:203:0: 'CyclicBell.D4.second_behavior_table' depends on axioms: [propext, Classical.choice, Quot.sound]
info: ././././CyclicBell/AxiomAudit.lean:204:0: 'CyclicBell.D4.first_target_eq' depends on axioms: [propext, Classical.choice, Quot.sound]
info: ././././CyclicBell/AxiomAudit.lean:205:0: 'CyclicBell.D4.second_target_eq' depends on axioms: [propext, Classical.choice, Quot.sound]
info: ././././CyclicBell/AxiomAudit.lean:206:0: 'CyclicBell.D4.first_even_probability' depends on axioms: [propext, Classical.choice, Quot.sound]
info: ././././CyclicBell/AxiomAudit.lean:207:0: 'CyclicBell.D4.first_odd_probability' depends on axioms: [propext, Classical.choice, Quot.sound]
info: ././././CyclicBell/AxiomAudit.lean:208:0: 'CyclicBell.D4.second_even_probability' depends on axioms: [propext, Classical.choice, Quot.sound]
info: ././././CyclicBell/AxiomAudit.lean:209:0: 'CyclicBell.D4.second_odd_probability' depends on axioms: [propext, Classical.choice, Quot.sound]
info: ././././CyclicBell/AxiomAudit.lean:210:0: 'CyclicBell.D4.first_target_maximum' depends on axioms: [propext, Classical.choice, Quot.sound]
info: ././././CyclicBell/AxiomAudit.lean:211:0: 'CyclicBell.D4.second_target_maximum' depends on axioms: [propext, Classical.choice, Quot.sound]
info: ././././CyclicBell/AxiomAudit.lean:212:0: 'CyclicBell.D4.first_target_normalization_and_marginals' depends on axioms: [propext, Classical.choice, Quot.sound]
info: ././././CyclicBell/AxiomAudit.lean:213:0: 'CyclicBell.D4.second_target_normalization_and_marginals' depends on axioms: [propext, Classical.choice, Quot.sound]
info: ././././CyclicBell/AxiomAudit.lean:214:0: 'CyclicBell.D4.first_nonuniform' depends on axioms: [propext, Classical.choice, Quot.sound]
info: ././././CyclicBell/AxiomAudit.lean:215:0: 'CyclicBell.D4.second_nonuniform' depends on axioms: [propext, Classical.choice, Quot.sound]
info: ././././CyclicBell/AxiomAudit.lean:216:0: 'CyclicBell.D4.first_trivialEve_gap' depends on axioms: [propext, Classical.choice, Quot.sound]
info: ././././CyclicBell/AxiomAudit.lean:217:0: 'CyclicBell.D4.second_trivialEve_gap' depends on axioms: [propext, Classical.choice, Quot.sound]
info: ././././CyclicBell/AxiomAudit.lean:218:0: 'CyclicBell.D4.witness_trivialEve_validity' depends on axioms: [propext, Classical.choice, Quot.sound]
info: ././././CyclicBell/AxiomAudit.lean:219:0: 'CyclicBell.D4.first_physical_Eve_bridge' depends on axioms: [propext, Classical.choice, Quot.sound]
info: ././././CyclicBell/AxiomAudit.lean:220:0: 'CyclicBell.D4.second_physical_Eve_bridge' depends on axioms: [propext, Classical.choice, Quot.sound]
info: ././././CyclicBell/AxiomAudit.lean:221:0: 'CyclicBell.D4.adjoined_witness_states_valid' depends on axioms: [propext, Classical.choice, Quot.sound]
info: ././././CyclicBell/AxiomAudit.lean:222:0: 'CyclicBell.D4.trivialEve_purification' depends on axioms: [propext, Classical.choice, Quot.sound]
info: ././././CyclicBell/AxiomAudit.lean:223:0: 'CyclicBell.D4.first_counterexample' depends on axioms: [propext, Classical.choice, Quot.sound]
info: ././././CyclicBell/AxiomAudit.lean:224:0: 'CyclicBell.D4.second_counterexample' depends on axioms: [propext, Classical.choice, Quot.sound]
info: ././././CyclicBell/AxiomAudit.lean:225:0: 'CyclicBell.D4.exists_first_nonuniform_maximizer' depends on axioms: [propext, Classical.choice, Quot.sound]
info: ././././CyclicBell/AxiomAudit.lean:226:0: 'CyclicBell.D4.exists_second_nonuniform_maximizer' depends on axioms: [propext, Classical.choice, Quot.sound]
info: ././././CyclicBell/AxiomAudit.lean:227:0: 'CyclicBell.D4.first_scalar_value_does_not_force_uniform' depends on axioms: [propext, Classical.choice, Quot.sound]
info: ././././CyclicBell/AxiomAudit.lean:228:0: 'CyclicBell.D4.second_scalar_value_does_not_force_uniform' depends on axioms: [propext, Classical.choice, Quot.sound]
info: ././././CyclicBell/AxiomAudit.lean:229:0: 'CyclicBell.D4.main_d4_counterexamples' depends on axioms: [propext, Classical.choice, Quot.sound]
info: ././././CyclicBell/AxiomAudit.lean:230:0: 'CyclicBell.FirstSOS.pCoefficients' depends on axioms: [propext, Classical.choice, Quot.sound]
info: ././././CyclicBell/AxiomAudit.lean:231:0: 'CyclicBell.FirstSOS.qCoefficients' depends on axioms: [propext, Classical.choice, Quot.sound]
info: ././././CyclicBell/AxiomAudit.lean:232:0: 'CyclicBell.FirstSOS.P' depends on axioms: [propext, Classical.choice, Quot.sound]
info: ././././CyclicBell/AxiomAudit.lean:233:0: 'CyclicBell.FirstSOS.Q' depends on axioms: [propext, Classical.choice, Quot.sound]
info: ././././CyclicBell/AxiomAudit.lean:234:0: 'CyclicBell.FirstSOS.F' depends on axioms: [propext, Classical.choice, Quot.sound]
info: ././././CyclicBell/AxiomAudit.lean:235:0: 'CyclicBell.FirstSOS.G' depends on axioms: [propext, Classical.choice, Quot.sound]
info: ././././CyclicBell/AxiomAudit.lean:236:0: 'CyclicBell.FirstSOS.rawTerm' depends on axioms: [propext, Classical.choice, Quot.sound]
info: ././././CyclicBell/AxiomAudit.lean:237:0: 'CyclicBell.FirstSOS.reducedOperator' depends on axioms: [propext, Classical.choice, Quot.sound]
info: ././././CyclicBell/AxiomAudit.lean:238:0: 'CyclicBell.FirstSOS.squareSum' depends on axioms: [propext, Classical.choice, Quot.sound]
info: ././././CyclicBell/AxiomAudit.lean:239:0: 'CyclicBell.FirstSOS.M' depends on axioms: [propext, Classical.choice, Quot.sound]
info: ././././CyclicBell/AxiomAudit.lean:240:0: 'CyclicBell.FirstSOS.M_eq' depends on axioms: [propext, Classical.choice, Quot.sound]
info: ././././CyclicBell/AxiomAudit.lean:241:0: 'CyclicBell.FirstSOS.P_expand' depends on axioms: [propext, Classical.choice, Quot.sound]
info: ././././CyclicBell/AxiomAudit.lean:242:0: 'CyclicBell.FirstSOS.Q_expand' depends on axioms: [propext, Classical.choice, Quot.sound]
info: ././././CyclicBell/AxiomAudit.lean:243:0: 'CyclicBell.FirstSOS.coefficient_zero' depends on axioms: [propext, Classical.choice, Quot.sound]
info: ././././CyclicBell/AxiomAudit.lean:244:0: 'CyclicBell.FirstSOS.coefficient_one' depends on axioms: [propext, Classical.choice, Quot.sound]
info: ././././CyclicBell/AxiomAudit.lean:245:0: 'CyclicBell.FirstSOS.cross_factorization' depends on axioms: [propext, Classical.choice, Quot.sound]
info: ././././CyclicBell/AxiomAudit.lean:246:0: 'CyclicBell.FirstSOS.p_coefficient_energy' depends on axioms: [propext, Classical.choice, Quot.sound]
info: ././././CyclicBell/AxiomAudit.lean:247:0: 'CyclicBell.FirstSOS.q_coefficient_energy' depends on axioms: [propext, Classical.choice, Quot.sound]
info: ././././CyclicBell/AxiomAudit.lean:248:0: 'CyclicBell.FirstSOS.P_energy' depends on axioms: [propext, Classical.choice, Quot.sound]
info: ././././CyclicBell/AxiomAudit.lean:249:0: 'CyclicBell.FirstSOS.Q_energy' depends on axioms: [propext, Classical.choice, Quot.sound]
info: ././././CyclicBell/AxiomAudit.lean:250:0: 'CyclicBell.FirstSOS.top_energy' depends on axioms: [propext, Classical.choice, Quot.sound]
info: ././././CyclicBell/AxiomAudit.lean:251:0: 'CyclicBell.FirstSOS.rotated_energy' depends on axioms: [propext, Classical.choice, Quot.sound]
info: ././././CyclicBell/AxiomAudit.lean:252:0: 'CyclicBell.FirstSOS.two_square_expansion' depends on axioms: [propext, Classical.choice, Quot.sound]
info: ././././CyclicBell/AxiomAudit.lean:253:0: 'CyclicBell.FirstSOS.row_cross' depends on axioms: [propext, Classical.choice, Quot.sound]
info: ././././CyclicBell/AxiomAudit.lean:254:0: 'CyclicBell.FirstSOS.right_energy_sum' depends on axioms: [propext, Classical.choice, Quot.sound]
info: ././././CyclicBell/AxiomAudit.lean:255:0: 'CyclicBell.FirstSOS.first_diagonal_sum' depends on axioms: [propext, Classical.choice, Quot.sound]
info: ././././CyclicBell/AxiomAudit.lean:256:0: 'CyclicBell.FirstSOS.second_diagonal_sum' depends on axioms: [propext, Classical.choice, Quot.sound]
info: ././././CyclicBell/AxiomAudit.lean:257:0: 'CyclicBell.FirstSOS.reduced_gap_identity' depends on axioms: [propext, Classical.choice, Quot.sound]
info: ././././CyclicBell/AxiomAudit.lean:258:0: 'CyclicBell.FirstSOS.augmented_gap_identity' depends on axioms: [propext, Classical.choice, Quot.sound]
info: ././././CyclicBell/AxiomAudit.lean:259:0: 'CyclicBell.FirstSOS.reduced_upper' depends on axioms: [propext, Classical.choice, Quot.sound]
info: ././././CyclicBell/AxiomAudit.lean:260:0: 'CyclicBell.FirstSOS.augmented_upper' depends on axioms: [propext, Classical.choice, Quot.sound]
info: ././././CyclicBell/AxiomAudit.lean:261:0: 'CyclicBell.fourier4' depends on axioms: [propext, Classical.choice, Quot.sound]
info: ././././CyclicBell/AxiomAudit.lean:262:0: 'CyclicBell.fourth_root_unit' depends on axioms: [propext, Classical.choice, Quot.sound]
info: ././././CyclicBell/AxiomAudit.lean:263:0: 'CyclicBell.fourth_root_orthogonality' depends on axioms: [propext, Classical.choice, Quot.sound]
info: ././././CyclicBell/AxiomAudit.lean:264:0: 'CyclicBell.fourier4_parseval' depends on axioms: [propext, Classical.choice, Quot.sound]
info: ././././CyclicBell/AxiomAudit.lean:265:0: 'CyclicBell.fourier4_unitary_energy' depends on axioms: [propext, Classical.choice, Quot.sound]
info: ././././CyclicBell/AxiomAudit.lean:266:0: 'CyclicBell.rotated' depends on axioms: [propext, Classical.choice, Quot.sound]
info: ././././CyclicBell/AxiomAudit.lean:267:0: 'CyclicBell.rotated_unitary' depends on axioms: [propext, Classical.choice, Quot.sound]
info: ././././CyclicBell/AxiomAudit.lean:268:0: 'CyclicBell.cyclePoly' depends on axioms: [propext, Classical.choice, Quot.sound]
info: ././././CyclicBell/AxiomAudit.lean:269:0: 'CyclicBell.cyclePoly_eq' depends on axioms: [propext, Classical.choice, Quot.sound]
info: ././././CyclicBell/AxiomAudit.lean:270:0: 'CyclicBell.cyclePoly_energy' depends on axioms: [propext, Classical.choice, Quot.sound]
info: ././././CyclicBell/AxiomAudit.lean:271:0: 'CyclicBell.power_commute' depends on axioms: [propext, Classical.choice, Quot.sound]
info: ././././CyclicBell/AxiomAudit.lean:272:0: 'CyclicBell.cyclePoly_commute' depends on axioms: [propext, Classical.choice, Quot.sound]
info: ././././CyclicBell/AxiomAudit.lean:273:0: 'CyclicBell.commuting_right_energy' depends on axioms: [propext, Classical.choice, Quot.sound]
info: ././././CyclicBell/AxiomAudit.lean:274:0: 'CyclicBell.fourth_root_power_orthogonality' depends on axioms: [propext, Classical.choice, Quot.sound]
info: ././././CyclicBell/AxiomAudit.lean:275:0: 'CyclicBell.pvm_fourier_reconstruction' depends on axioms: [propext, Classical.choice, Quot.sound]
info: ././././CyclicBell/AxiomAudit.lean:276:0: 'CyclicBell.fourth_root_negative_exponent' depends on axioms: [propext, Classical.choice, Quot.sound]
info: ././././CyclicBell/AxiomAudit.lean:277:0: 'CyclicBell.pvm_source_fourier_reconstruction' depends on axioms: [propext, Classical.choice, Quot.sound]
info: ././././CyclicBell/AxiomAudit.lean:278:0: 'CyclicBell.reducedBob' does not depend on any axioms
info: ././././CyclicBell/AxiomAudit.lean:279:0: 'CyclicBell.firstReducedValue' depends on axioms: [propext, Classical.choice, Quot.sound]
info: ././././CyclicBell/AxiomAudit.lean:280:0: 'CyclicBell.firstAugmentedValue' depends on axioms: [propext, Classical.choice, Quot.sound]
info: ././././CyclicBell/AxiomAudit.lean:281:0: 'CyclicBell.firstTargetValue' depends on axioms: [propext, Classical.choice, Quot.sound]
info: ././././CyclicBell/AxiomAudit.lean:282:0: 'CyclicBell.sourceLambda' depends on axioms: [propext, Classical.choice, Quot.sound]
info: ././././CyclicBell/AxiomAudit.lean:283:0: 'CyclicBell.bobFourier' depends on axioms: [propext, Classical.choice, Quot.sound]
info: ././././CyclicBell/AxiomAudit.lean:284:0: 'CyclicBell.secondReducedValue' depends on axioms: [propext, Classical.choice, Quot.sound]
info: ././././CyclicBell/AxiomAudit.lean:285:0: 'CyclicBell.secondAugmentedValue' depends on axioms: [propext, Classical.choice, Quot.sound]
info: ././././CyclicBell/AxiomAudit.lean:286:0: 'CyclicBell.FirstUpperBound' depends on axioms: [propext, Classical.choice, Quot.sound]
info: ././././CyclicBell/AxiomAudit.lean:287:0: 'CyclicBell.SecondUpperBound' depends on axioms: [propext, Classical.choice, Quot.sound]
info: ././././CyclicBell/AxiomAudit.lean:288:0: 'CyclicBell.General.four_swappedTarget_three32' depends on axioms: [propext, Classical.choice, Quot.sound]
info: ././././CyclicBell/AxiomAudit.lean:289:0: 'CyclicBell.General.first_four_Gval_three32' depends on axioms: [propext, Classical.choice, Quot.sound]
info: ././././CyclicBell/AxiomAudit.lean:290:0: 'CyclicBell.General.second_four_Gval_three32' depends on axioms: [propext, Classical.choice, Quot.sound]
info: ././././CyclicBell/AxiomAudit.lean:291:0: 'CyclicBell.General.guessingMinEntropy' depends on axioms: [propext, Classical.choice, Quot.sound]
info: ././././CyclicBell/AxiomAudit.lean:292:0: 'CyclicBell.General.guessingMinEntropy_antitone' depends on axioms: [propext, Classical.choice, Quot.sound]
info: ././././CyclicBell/AxiomAudit.lean:293:0: 'CyclicBell.General.first_four_value_entropy_upper' depends on axioms: [propext, Classical.choice, Quot.sound]
info: ././././CyclicBell/AxiomAudit.lean:294:0: 'CyclicBell.General.second_four_value_entropy_upper' depends on axioms: [propext, Classical.choice, Quot.sound]
info: ././././CyclicBell/AxiomAudit.lean:295:0: 'CyclicBell.General.first_four_value_entropy_strict' depends on axioms: [propext, Classical.choice, Quot.sound]
info: ././././CyclicBell/AxiomAudit.lean:296:0: 'CyclicBell.General.second_four_value_entropy_strict' depends on axioms: [propext, Classical.choice, Quot.sound]
info: ././././CyclicBell/AxiomAudit.lean:297:0: 'CyclicBell.General.uniformOneDimensionalGuess' depends on axioms: [propext, Classical.choice, Quot.sound]
info: ././././CyclicBell/AxiomAudit.lean:298:0: 'CyclicBell.General.uniformGuess_not_projective' depends on axioms: [propext, Classical.choice, Quot.sound]
info: ././././CyclicBell/AxiomAudit.lean:299:0: 'CyclicBell.General.closure_before_slice_control' depends on axioms: [propext, Classical.choice, Quot.sound]
info: ././././CyclicBell/AxiomAudit.lean:300:0: 'CyclicBell.General.general_floor_not_four_peak' depends on axioms: [propext, Classical.choice, Quot.sound]
info: ././././CyclicBell/AxiomAudit.lean:301:0: 'CyclicBell.General.GuessQ' depends on axioms: [propext, Classical.choice, Quot.sound]
info: ././././CyclicBell/AxiomAudit.lean:302:0: 'CyclicBell.General.GuessQa' depends on axioms: [propext, Classical.choice, Quot.sound]
info: ././././CyclicBell/AxiomAudit.lean:303:0: 'CyclicBell.General.GuessQc' depends on axioms: [propext, Classical.choice, Quot.sound]
info: ././././CyclicBell/AxiomAudit.lean:304:0: 'CyclicBell.General.GvalQ' depends on axioms: [propext, Classical.choice, Quot.sound]
info: ././././CyclicBell/AxiomAudit.lean:305:0: 'CyclicBell.General.GvalQa' depends on axioms: [propext, Classical.choice, Quot.sound]
info: ././././CyclicBell/AxiomAudit.lean:306:0: 'CyclicBell.General.GvalQc' depends on axioms: [propext, Classical.choice, Quot.sound]
info: ././././CyclicBell/AxiomAudit.lean:307:0: 'CyclicBell.General.tripartiteBehavior_mem_GuessQ' depends on axioms: [propext, Classical.choice, Quot.sound]
info: ././././CyclicBell/AxiomAudit.lean:308:0: 'CyclicBell.General.commutingExtended_mem_GuessQc' depends on axioms: [propext, Classical.choice, Quot.sound]
info: ././././CyclicBell/AxiomAudit.lean:309:0: 'CyclicBell.General.GuessQ_subset_GuessQa' depends on axioms: [propext, Classical.choice, Quot.sound]
info: ././././CyclicBell/AxiomAudit.lean:310:0: 'CyclicBell.General.GuessQ_subset_GuessQc' depends on axioms: [propext, Classical.choice, Quot.sound]
info: ././././CyclicBell/AxiomAudit.lean:311:0: 'CyclicBell.General.GuessQ_normalized' depends on axioms: [propext, Classical.choice, Quot.sound]
info: ././././CyclicBell/AxiomAudit.lean:312:0: 'CyclicBell.General.GuessQa_normalized' depends on axioms: [propext, Classical.choice, Quot.sound]
info: ././././CyclicBell/AxiomAudit.lean:313:0: 'CyclicBell.General.GuessQc_normalized' depends on axioms: [propext, Classical.choice, Quot.sound]
info: ././././CyclicBell/AxiomAudit.lean:314:0: 'CyclicBell.General.forgetTripartite' depends on axioms: [propext, Classical.choice, Quot.sound]
info: ././././CyclicBell/AxiomAudit.lean:315:0: 'CyclicBell.General.forgetTripartite_behavior' depends on axioms: [propext, Classical.choice, Quot.sound]
info: ././././CyclicBell/AxiomAudit.lean:316:0: 'CyclicBell.General.GuessQ_marginal' depends on axioms: [propext, Classical.choice, Quot.sound]
info: ././././CyclicBell/AxiomAudit.lean:317:0: 'CyclicBell.General.GuessQa_marginal' depends on axioms: [propext, Classical.choice, Quot.sound]
info: ././././CyclicBell/AxiomAudit.lean:318:0: 'CyclicBell.General.GuessQc_marginal' depends on axioms: [propext, Classical.choice, Quot.sound]
info: ././././CyclicBell/AxiomAudit.lean:319:0: 'CyclicBell.General.finite_fixed_guess_three_models' depends on axioms: [propext, Classical.choice, Quot.sound]
info: ././././CyclicBell/AxiomAudit.lean:320:0: 'CyclicBell.General.three_model_Gval_interval' depends on axioms: [propext, Classical.choice, Quot.sound]
info: ././././CyclicBell/AxiomAudit.lean:321:0: 'CyclicBell.General.paperGuessFloor' depends on axioms: [propext, Classical.choice, Quot.sound]
info: ././././CyclicBell/AxiomAudit.lean:322:0: 'CyclicBell.General.first_value_conditioned_guessing_bounds' depends on axioms: [propext, Classical.choice, Quot.sound]
info: ././././CyclicBell/AxiomAudit.lean:323:0: 'CyclicBell.General.second_value_conditioned_guessing_bounds' depends on axioms: [propext, Classical.choice, Quot.sound]
info: ././././CyclicBell/AxiomAudit.lean:324:0: 'CyclicBell.General.first_value_conditioned_strict_gap' depends on axioms: [propext, Classical.choice, Quot.sound]
info: ././././CyclicBell/AxiomAudit.lean:325:0: 'CyclicBell.General.second_value_conditioned_strict_gap' depends on axioms: [propext, Classical.choice, Quot.sound]
info: ././././CyclicBell/AxiomAudit.lean:326:0: 'CyclicBell.General.paperGuessFloor_four' depends on axioms: [propext, Classical.choice, Quot.sound]
info: ././././CyclicBell/AxiomAudit.lean:327:0: 'CyclicBell.General.anchoredStandardStrategy' depends on axioms: [propext, Classical.choice, Quot.sound]
info: ././././CyclicBell/AxiomAudit.lean:328:0: 'CyclicBell.General.anchored_preserves_standard' depends on axioms: [propext, Classical.choice, Quot.sound]
info: ././././CyclicBell/AxiomAudit.lean:329:0: 'CyclicBell.General.anchored_matching' depends on axioms: [propext, Classical.choice, Quot.sound]
info: ././././CyclicBell/AxiomAudit.lean:330:0: 'CyclicBell.General.anchor_displacement_rep' depends on axioms: [propext, Classical.choice, Quot.sound]
info: ././././CyclicBell/AxiomAudit.lean:331:0: 'CyclicBell.General.anchored_cross_formula' depends on axioms: [propext, Classical.choice, Quot.sound]
info: ././././CyclicBell/AxiomAudit.lean:332:0: 'CyclicBell.General.anchored_cross_le_peak' depends on axioms: [propext, Classical.choice, Quot.sound]
info: ././././CyclicBell/AxiomAudit.lean:333:0: 'CyclicBell.General.anchored_cross_hits_peak' depends on axioms: [propext, Classical.choice, Quot.sound]
info: ././././CyclicBell/AxiomAudit.lean:334:0: 'CyclicBell.General.anchorPeak_gt_uniform' depends on axioms: [propext, Classical.choice, Quot.sound]
info: ././././CyclicBell/AxiomAudit.lean:335:0: 'CyclicBell.General.anchored_cross_nonuniform' depends on axioms: [propext, Classical.choice, Quot.sound]
info: ././././CyclicBell/AxiomAudit.lean:336:0: 'CyclicBell.General.anchored_qubit_cross_uniform' depends on axioms: [propext, Classical.choice, Quot.sound]
info: ././././CyclicBell/AxiomAudit.lean:337:0: 'CyclicBell.General.BellBehavior' depends on axioms: [propext, Classical.choice, Quot.sound]
info: ././././CyclicBell/AxiomAudit.lean:338:0: 'CyclicBell.General.probabilityCorrelator' depends on axioms: [propext, Classical.choice, Quot.sound]
info: ././././CyclicBell/AxiomAudit.lean:339:0: 'CyclicBell.General.pullBehavior' depends on axioms: [propext, Classical.choice, Quot.sound]
info: ././././CyclicBell/AxiomAudit.lean:340:0: 'CyclicBell.General.firstReducedBell' depends on axioms: [propext, Classical.choice, Quot.sound]
info: ././././CyclicBell/AxiomAudit.lean:341:0: 'CyclicBell.General.firstAugmentedBell' depends on axioms: [propext, Classical.choice, Quot.sound]
info: ././././CyclicBell/AxiomAudit.lean:342:0: 'CyclicBell.General.secondReducedBell' depends on axioms: [propext, Classical.choice, Quot.sound]
info: ././././CyclicBell/AxiomAudit.lean:343:0: 'CyclicBell.General.secondAugmentedBell' depends on axioms: [propext, Classical.choice, Quot.sound]
info: ././././CyclicBell/AxiomAudit.lean:344:0: 'CyclicBell.General.probabilityCorrelator_pull' depends on axioms: [propext, Classical.choice, Quot.sound]
info: ././././CyclicBell/AxiomAudit.lean:345:0: 'CyclicBell.General.probabilityCorrelator_continuous' depends on axioms: [propext, Classical.choice, Quot.sound]
info: ././././CyclicBell/AxiomAudit.lean:346:0: 'CyclicBell.General.pullBehavior_continuous' depends on axioms: [propext, Classical.choice, Quot.sound]
info: ././././CyclicBell/AxiomAudit.lean:347:0: 'CyclicBell.General.firstReducedBell_continuous' depends on axioms: [propext, Classical.choice, Quot.sound]
info: ././././CyclicBell/AxiomAudit.lean:348:0: 'CyclicBell.General.firstAugmentedBell_continuous' depends on axioms: [propext, Classical.choice, Quot.sound]
info: ././././CyclicBell/AxiomAudit.lean:349:0: 'CyclicBell.General.secondReducedBell_continuous' depends on axioms: [propext, Classical.choice, Quot.sound]
info: ././././CyclicBell/AxiomAudit.lean:350:0: 'CyclicBell.General.secondAugmentedBell_continuous' depends on axioms: [propext, Classical.choice, Quot.sound]
info: ././././CyclicBell/AxiomAudit.lean:351:0: 'CyclicBell.General.pullStrategy' depends on axioms: [propext, Classical.choice, Quot.sound]
info: ././././CyclicBell/AxiomAudit.lean:352:0: 'CyclicBell.General.behavior_pullStrategy' depends on axioms: [propext, Classical.choice, Quot.sound]
info: ././././CyclicBell/AxiomAudit.lean:353:0: 'CyclicBell.General.probabilityCorrelator_behavior' depends on axioms: [propext, Classical.choice, Quot.sound]
info: ././././CyclicBell/AxiomAudit.lean:354:0: 'CyclicBell.General.firstAugmentedBell_behavior' depends on axioms: [propext, Classical.choice, Quot.sound]
info: ././././CyclicBell/AxiomAudit.lean:355:0: 'CyclicBell.General.secondAugmentedBell_behavior' depends on axioms: [propext, Classical.choice, Quot.sound]
info: ././././CyclicBell/AxiomAudit.lean:356:0: 'CyclicBell.General.continuous_bound_on_closure' depends on axioms: [propext, Classical.choice, Quot.sound]
info: ././././CyclicBell/AxiomAudit.lean:357:0: 'CyclicBell.General.bellSupremum' depends on axioms: [propext, Classical.choice, Quot.sound]
info: ././././CyclicBell/AxiomAudit.lean:358:0: 'CyclicBell.General.bellSupremum_of_attained_bound' depends on axioms: [propext, Classical.choice, Quot.sound]
info: ././././CyclicBell/AxiomAudit.lean:359:0: 'CyclicBell.General.three_model_suprema' depends on axioms: [propext, Classical.choice, Quot.sound]
info: ././././CyclicBell/AxiomAudit.lean:360:0: 'CyclicBell.General.HermitianInvolution' depends on axioms: [propext, Classical.choice, Quot.sound]
info: ././././CyclicBell/AxiomAudit.lean:361:0: 'CyclicBell.General.binaryScoreOperator' depends on axioms: [propext, Classical.choice, Quot.sound]
info: ././././CyclicBell/AxiomAudit.lean:362:0: 'CyclicBell.General.binaryResidual₀' depends on axioms: [propext, Classical.choice, Quot.sound]
info: ././././CyclicBell/AxiomAudit.lean:363:0: 'CyclicBell.General.binaryResidual₁' depends on axioms: [propext, Classical.choice, Quot.sound]
info: ././././CyclicBell/AxiomAudit.lean:364:0: 'CyclicBell.General.BinaryCross' depends on axioms: [propext, Classical.choice, Quot.sound]
info: ././././CyclicBell/AxiomAudit.lean:365:0: 'CyclicBell.General.sqrt_three_positive' depends on axioms: [propext, Classical.choice, Quot.sound]
info: ././././CyclicBell/AxiomAudit.lean:366:0: 'CyclicBell.General.sqrt_three_square' depends on axioms: [propext, Classical.choice, Quot.sound]
info: ././././CyclicBell/AxiomAudit.lean:367:0: 'CyclicBell.General.binary_operator_sos' depends on axioms: [propext, Classical.choice, Quot.sound]
info: ././././CyclicBell/AxiomAudit.lean:368:0: 'CyclicBell.General.amplitudeState' depends on axioms: [propext, Classical.choice, Quot.sound]
info: ././././CyclicBell/AxiomAudit.lean:369:0: 'CyclicBell.General.amplitude_square' depends on axioms: [propext, Classical.choice, Quot.sound]
info: ././././CyclicBell/AxiomAudit.lean:370:0: 'CyclicBell.General.binary_mixed_upper' depends on axioms: [propext, Classical.choice, Quot.sound]
info: ././././CyclicBell/AxiomAudit.lean:371:0: 'CyclicBell.General.binary_saturation_residuals' depends on axioms: [propext, Classical.choice, Quot.sound]
info: ././././CyclicBell/AxiomAudit.lean:372:0: 'CyclicBell.General.effectKernelE_add' depends on axioms: [propext, Classical.choice, Quot.sound]
info: ././././CyclicBell/AxiomAudit.lean:373:0: 'CyclicBell.General.effectKernelE_adjoint' depends on axioms: [propext, Classical.choice, Quot.sound]
info: ././././CyclicBell/AxiomAudit.lean:374:0: 'CyclicBell.General.effectKernelE_left_stabilizer' depends on axioms: [propext, Classical.choice, Quot.sound]
info: ././././CyclicBell/AxiomAudit.lean:375:0: 'CyclicBell.General.effectKernelE_anti_stabilizer' depends on axioms: [propext, Classical.choice, Quot.sound]
info: ././././CyclicBell/AxiomAudit.lean:376:0: 'CyclicBell.General.binaryXA' depends on axioms: [propext, Classical.choice, Quot.sound]
info: ././././CyclicBell/AxiomAudit.lean:377:0: 'CyclicBell.General.binaryZB' depends on axioms: [propext, Classical.choice, Quot.sound]
info: ././././CyclicBell/AxiomAudit.lean:378:0: 'CyclicBell.General.binary_on_state_structure' depends on axioms: [propext, Classical.choice, Quot.sound]
info: ././././CyclicBell/AxiomAudit.lean:379:0: 'CyclicBell.General.binary_private_moments' depends on axioms: [propext, Classical.choice, Quot.sound]
info: ././././CyclicBell/AxiomAudit.lean:380:0: 'CyclicBell.General.binaryEffect' depends on axioms: [propext, Classical.choice, Quot.sound]
info: ././././CyclicBell/AxiomAudit.lean:381:0: 'CyclicBell.General.binaryEffect_hermitian' depends on axioms: [propext, Classical.choice, Quot.sound]
info: ././././CyclicBell/AxiomAudit.lean:382:0: 'CyclicBell.General.binaryEffect_idempotent' depends on axioms: [propext, Classical.choice, Quot.sound]
info: ././././CyclicBell/AxiomAudit.lean:383:0: 'CyclicBell.General.binaryEffect_positive' depends on axioms: [propext, Classical.choice, Quot.sound]
info: ././././CyclicBell/AxiomAudit.lean:384:0: 'CyclicBell.General.binaryEffect_complete' depends on axioms: [propext, Classical.choice, Quot.sound]
info: ././././CyclicBell/AxiomAudit.lean:385:0: 'CyclicBell.General.binaryEffect_orthogonal' depends on axioms: [propext, Classical.choice, Quot.sound]
info: ././././CyclicBell/AxiomAudit.lean:386:0: 'CyclicBell.General.binary_saturation_privacy' depends on axioms: [propext, Classical.choice, Quot.sound]
info: ././././CyclicBell/AxiomAudit.lean:387:0: 'CyclicBell.General.PurifiedStrategyOn' depends on axioms: [propext, Classical.choice, Quot.sound]
info: ././././CyclicBell/AxiomAudit.lean:388:0: 'CyclicBell.General.purifiedToStrategy' depends on axioms: [propext, Classical.choice, Quot.sound]
info: ././././CyclicBell/AxiomAudit.lean:389:0: 'CyclicBell.General.purifiedBehavior' depends on axioms: [propext, Classical.choice, Quot.sound]
info: ././././CyclicBell/AxiomAudit.lean:390:0: 'CyclicBell.General.purifiedInstrument' depends on axioms: [propext, Classical.choice, Quot.sound]
info: ././././CyclicBell/AxiomAudit.lean:391:0: 'CyclicBell.General.purifyStrategy' depends on axioms: [propext, Classical.choice, Quot.sound]
info: ././././CyclicBell/AxiomAudit.lean:392:0: 'CyclicBell.General.purifyStrategy_behavior' depends on axioms: [propext, Classical.choice, Quot.sound]
info: ././././CyclicBell/AxiomAudit.lean:393:0: 'CyclicBell.General.encoded_two_eq_sub' depends on axioms: [propext, Classical.choice, Quot.sound]
info: ././././CyclicBell/AxiomAudit.lean:394:0: 'CyclicBell.General.encoded_two_involution' depends on axioms: [propext, Classical.choice, Quot.sound]
info: ././././CyclicBell/AxiomAudit.lean:395:0: 'CyclicBell.General.measurement_two_effect' depends on axioms: [propext, Classical.choice, Quot.sound]
info: ././././CyclicBell/AxiomAudit.lean:396:0: 'CyclicBell.General.binary_involution_leftLift' depends on axioms: [propext, Classical.choice, Quot.sound]
info: ././././CyclicBell/AxiomAudit.lean:397:0: 'CyclicBell.General.binary_involution_rightLift' depends on axioms: [propext, Classical.choice, Quot.sound]
info: ././././CyclicBell/AxiomAudit.lean:398:0: 'CyclicBell.General.binaryEffect_leftLift' depends on axioms: [propext, Classical.choice, Quot.sound]
info: ././././CyclicBell/AxiomAudit.lean:399:0: 'CyclicBell.General.binaryEffect_rightLift' depends on axioms: [propext, Classical.choice, Quot.sound]
info: ././././CyclicBell/AxiomAudit.lean:400:0: 'CyclicBell.General.binary_purified_saturation' depends on axioms: [propext, Classical.choice, Quot.sound]
info: ././././CyclicBell/AxiomAudit.lean:401:0: 'CyclicBell.General.BinaryPrivacyAt' depends on axioms: [propext, Classical.choice, Quot.sound]
info: ././././CyclicBell/AxiomAudit.lean:402:0: 'CyclicBell.General.binary_maximum_certifies_privacy' depends on axioms: [propext, Classical.choice, Quot.sound]
info: ././././CyclicBell/AxiomAudit.lean:403:0: 'CyclicBell.General.binary_two_input_private_achievable' depends on axioms: [propext, Classical.choice, Quot.sound]
info: ././././CyclicBell/AxiomAudit.lean:404:0: 'CyclicBell.General.groupingBinaryMeasurement' depends on axioms: [propext, Classical.choice, Quot.sound]
info: ././././CyclicBell/AxiomAudit.lean:405:0: 'CyclicBell.General.perfect_guess_not_private' depends on axioms: [propext, Classical.choice, Quot.sound]
info: ././././CyclicBell/AxiomAudit.lean:406:0: 'CyclicBell.General.oneInputPurifiedStrategy' depends on axioms: [propext, Classical.choice, Quot.sound]
info: ././././CyclicBell/AxiomAudit.lean:407:0: 'CyclicBell.General.oneInputPurifiedStrategy_behavior' depends on axioms: [propext, Classical.choice, Quot.sound]
info: ././././CyclicBell/AxiomAudit.lean:408:0: 'CyclicBell.General.oneInputPurifiedStrategy_not_private' depends on axioms: [propext, Classical.choice, Quot.sound]
info: ././././CyclicBell/AxiomAudit.lean:409:0: 'CyclicBell.General.left_one_input_no_binary_privacy' depends on axioms: [propext, Classical.choice, Quot.sound]
info: ././././CyclicBell/AxiomAudit.lean:410:0: 'CyclicBell.General.rightInputPurifiedStrategy' depends on axioms: [propext, Classical.choice, Quot.sound]
info: ././././CyclicBell/AxiomAudit.lean:411:0: 'CyclicBell.General.rightInputPurifiedStrategy_behavior' depends on axioms: [propext, Classical.choice, Quot.sound]
info: ././././CyclicBell/AxiomAudit.lean:412:0: 'CyclicBell.General.rightInputPurifiedStrategy_not_private' depends on axioms: [propext, Classical.choice, Quot.sound]
info: ././././CyclicBell/AxiomAudit.lean:413:0: 'CyclicBell.General.right_one_input_no_binary_privacy' depends on axioms: [propext, Classical.choice, Quot.sound]
info: ././././CyclicBell/AxiomAudit.lean:414:0: 'CyclicBell.General.binary_componentwise_minimality' depends on axioms: [propext, Classical.choice, Quot.sound]
info: ././././CyclicBell/AxiomAudit.lean:415:0: 'CyclicBell.General.AlgebraInvolution' depends on axioms: [propext, Classical.choice, Quot.sound]
info: ././././CyclicBell/AxiomAudit.lean:416:0: 'CyclicBell.General.algebraBinaryScore' depends on axioms: [propext, Classical.choice, Quot.sound]
info: ././././CyclicBell/AxiomAudit.lean:417:0: 'CyclicBell.General.algebraBinaryResidual0' depends on axioms: [propext, Classical.choice, Quot.sound]
info: ././././CyclicBell/AxiomAudit.lean:418:0: 'CyclicBell.General.algebraBinaryResidual1' depends on axioms: [propext, Classical.choice, Quot.sound]
info: ././././CyclicBell/AxiomAudit.lean:419:0: 'CyclicBell.General.algebraBinary_scaled_sos' depends on axioms: [propext, Classical.choice, Quot.sound]
info: ././././CyclicBell/AxiomAudit.lean:420:0: 'CyclicBell.General.binary_cstar_sos' depends on axioms: [propext, Classical.choice, Quot.sound]
info: ././././CyclicBell/AxiomAudit.lean:421:0: 'CyclicBell.General.binary_commuting_hilbert_upper' depends on axioms: [propext, Classical.choice, Quot.sound]
info: ././././CyclicBell/AxiomAudit.lean:422:0: 'CyclicBell.General.chi_two_one' depends on axioms: [propext, Classical.choice, Quot.sound]
info: ././././CyclicBell/AxiomAudit.lean:423:0: 'CyclicBell.General.algebraEncoded_two_involution' depends on axioms: [propext, Classical.choice, Quot.sound]
info: ././././CyclicBell/AxiomAudit.lean:424:0: 'CyclicBell.General.binaryBell' depends on axioms: [propext, Classical.choice, Quot.sound]
info: ././././CyclicBell/AxiomAudit.lean:425:0: 'CyclicBell.General.binaryBell_continuous' depends on axioms: [propext, Classical.choice, Quot.sound]
info: ././././CyclicBell/AxiomAudit.lean:426:0: 'CyclicBell.General.binaryBell_commuting' depends on axioms: [propext, Classical.choice, Quot.sound]
info: ././././CyclicBell/AxiomAudit.lean:427:0: 'CyclicBell.General.binaryBell_commuting_upper' depends on axioms: [propext, Classical.choice, Quot.sound]
info: ././././CyclicBell/AxiomAudit.lean:428:0: 'CyclicBell.General.binaryBell_Qqc_upper' depends on axioms: [propext, Classical.choice, Quot.sound]
info: ././././CyclicBell/AxiomAudit.lean:429:0: 'CyclicBell.General.binaryOutcome' depends on axioms: [propext]
info: ././././CyclicBell/AxiomAudit.lean:430:0: 'CyclicBell.General.binaryOutcome_injective' depends on axioms: [propext, Classical.choice, Quot.sound]
info: ././././CyclicBell/AxiomAudit.lean:431:0: 'CyclicBell.General.binaryMeasurement' depends on axioms: [propext, Classical.choice, Quot.sound]
info: ././././CyclicBell/AxiomAudit.lean:432:0: 'CyclicBell.General.binaryMeasurement_encoded' depends on axioms: [propext, Classical.choice, Quot.sound]
info: ././././CyclicBell/AxiomAudit.lean:433:0: 'CyclicBell.General.binaryIdealStrategy' depends on axioms: [propext, Classical.choice, Quot.sound]
info: ././././CyclicBell/AxiomAudit.lean:434:0: 'CyclicBell.General.binaryBell_behavior' depends on axioms: [propext, Classical.choice, Quot.sound]
info: ././././CyclicBell/AxiomAudit.lean:435:0: 'CyclicBell.General.binaryIdealStrategy_attains' depends on axioms: [propext, Classical.choice, Quot.sound]
info: ././././CyclicBell/AxiomAudit.lean:436:0: 'CyclicBell.General.binary_values_q_qa_qc' depends on axioms: [propext, Classical.choice, Quot.sound]
info: ././././CyclicBell/AxiomAudit.lean:437:0: 'CyclicBell.General.sum_zmod_two' depends on axioms: [propext, Classical.choice, Quot.sound]
info: ././././CyclicBell/AxiomAudit.lean:438:0: 'CyclicBell.General.binaryX' depends on axioms: [propext, Classical.choice, Quot.sound]
info: ././././CyclicBell/AxiomAudit.lean:439:0: 'CyclicBell.General.binaryZ' depends on axioms: [propext, Classical.choice, Quot.sound]
info: ././././CyclicBell/AxiomAudit.lean:440:0: 'CyclicBell.General.binaryIdealAlice' depends on axioms: [propext, Classical.choice, Quot.sound]
info: ././././CyclicBell/AxiomAudit.lean:441:0: 'CyclicBell.General.binaryIdealBob' depends on axioms: [propext, Classical.choice, Quot.sound]
info: ././././CyclicBell/AxiomAudit.lean:442:0: 'CyclicBell.General.binaryPauli_relations' depends on axioms: [propext, Classical.choice, Quot.sound]
info: ././././CyclicBell/AxiomAudit.lean:443:0: 'CyclicBell.General.binaryIdealAlice_involution' depends on axioms: [propext, Classical.choice, Quot.sound]
info: ././././CyclicBell/AxiomAudit.lean:444:0: 'CyclicBell.General.binaryIdealBob_involution' depends on axioms: [propext, Classical.choice, Quot.sound]
info: ././././CyclicBell/AxiomAudit.lean:445:0: 'CyclicBell.General.binary_physical_attainment' depends on axioms: [propext, Classical.choice, Quot.sound]
info: ././././CyclicBell/AxiomAudit.lean:446:0: 'CyclicBell.General.binary_physical_measurement_package' depends on axioms: [propext, Classical.choice, Quot.sound]
info: ././././CyclicBell/AxiomAudit.lean:447:0: 'CyclicBell.General.chirpNat' depends on axioms: [propext, Classical.choice, Quot.sound]
info: ././././CyclicBell/AxiomAudit.lean:448:0: 'CyclicBell.General.canonicalPhase' depends on axioms: [propext, Classical.choice, Quot.sound]
info: ././././CyclicBell/AxiomAudit.lean:449:0: 'CyclicBell.General.canonicalPhase_zero' depends on axioms: [propext, Classical.choice, Quot.sound]
info: ././././CyclicBell/AxiomAudit.lean:450:0: 'CyclicBell.General.canonicalPhase_unit' depends on axioms: [propext, Classical.choice, Quot.sound]
info: ././././CyclicBell/AxiomAudit.lean:451:0: 'CyclicBell.General.chirpNat_period' depends on axioms: [propext, Classical.choice, Quot.sound]
info: ././././CyclicBell/AxiomAudit.lean:452:0: 'CyclicBell.General.chirpNat_mod' depends on axioms: [propext, Classical.choice, Quot.sound]
info: ././././CyclicBell/AxiomAudit.lean:453:0: 'CyclicBell.General.residue_add_val' depends on axioms: [propext, Quot.sound]
info: ././././CyclicBell/AxiomAudit.lean:454:0: 'CyclicBell.General.canonical_ratio' depends on axioms: [propext, Classical.choice, Quot.sound]
info: ././././CyclicBell/AxiomAudit.lean:455:0: 'CyclicBell.General.canonical_first_phase' depends on axioms: [propext, Classical.choice, Quot.sound]
info: ././././CyclicBell/AxiomAudit.lean:456:0: 'CyclicBell.General.canonical_recurrence' depends on axioms: [propext, Classical.choice, Quot.sound]
info: ././././CyclicBell/AxiomAudit.lean:457:0: 'CyclicBell.General.equalityRoot_product' depends on axioms: [propext, Classical.choice, Quot.sound]
info: ././././CyclicBell/AxiomAudit.lean:458:0: 'CyclicBell.General.canonical_autocorrelation' depends on axioms: [propext, Classical.choice, Quot.sound]
info: ././././CyclicBell/AxiomAudit.lean:459:0: 'CyclicBell.General.canonical_flat' depends on axioms: [propext, Classical.choice, Quot.sound]
info: ././././CyclicBell/AxiomAudit.lean:460:0: 'CyclicBell.General.canonical_uniform' depends on axioms: [propext, Classical.choice, Quot.sound]
info: ././././CyclicBell/AxiomAudit.lean:461:0: 'CyclicBell.General.equalityRoot_sum_zero' depends on axioms: [propext, Classical.choice, Quot.sound]
info: ././././CyclicBell/AxiomAudit.lean:462:0: 'CyclicBell.General.equalityRoot_pair_sum_zero' depends on axioms: [propext, Classical.choice, Quot.sound]
info: ././././CyclicBell/AxiomAudit.lean:463:0: 'CyclicBell.General.permutation_lag_one' depends on axioms: [propext, Classical.choice, Quot.sound]
info: ././././CyclicBell/AxiomAudit.lean:464:0: 'CyclicBell.General.algebraHerm' depends on axioms: [propext, Classical.choice, Quot.sound]
info: ././././CyclicBell/AxiomAudit.lean:465:0: 'CyclicBell.General.starUnitary_star' depends on axioms: [propext, Classical.choice, Quot.sound]
info: ././././CyclicBell/AxiomAudit.lean:466:0: 'CyclicBell.General.starUnitary_mul' depends on axioms: [propext, Classical.choice, Quot.sound]
info: ././././CyclicBell/AxiomAudit.lean:467:0: 'CyclicBell.General.star_commute_of_unitary' depends on axioms: [propext, Classical.choice, Quot.sound]
info: ././././CyclicBell/AxiomAudit.lean:468:0: 'CyclicBell.General.algebraModulusCM' depends on axioms: [propext, Classical.choice, Quot.sound]
info: ././././CyclicBell/AxiomAudit.lean:469:0: 'CyclicBell.General.algebraRootCM' depends on axioms: [propext, Classical.choice, Quot.sound]
info: ././././CyclicBell/AxiomAudit.lean:470:0: 'CyclicBell.General.algebraPolarRootCM' depends on axioms: [propext, Classical.choice, Quot.sound]
info: ././././CyclicBell/AxiomAudit.lean:471:0: 'CyclicBell.General.algebraGapCM' depends on axioms: [propext, Classical.choice, Quot.sound]
info: ././././CyclicBell/AxiomAudit.lean:472:0: 'CyclicBell.General.algebra_functional_factors' depends on axioms: [propext, Classical.choice, Quot.sound]
info: ././././CyclicBell/AxiomAudit.lean:473:0: 'CyclicBell.General.operatorFirst' depends on axioms: [propext, Classical.choice, Quot.sound]
info: ././././CyclicBell/AxiomAudit.lean:474:0: 'CyclicBell.General.algebra_halfPolar_gap' depends on axioms: [propext, Classical.choice, Quot.sound]
info: ././././CyclicBell/AxiomAudit.lean:475:0: 'CyclicBell.General.first_cstar_sos' depends on axioms: [propext, Classical.choice, Quot.sound]
info: ././././CyclicBell/AxiomAudit.lean:476:0: 'CyclicBell.General.algebra_aligned_gap' depends on axioms: [propext, Classical.choice, Quot.sound]
info: ././././CyclicBell/AxiomAudit.lean:477:0: 'CyclicBell.General.vectorEval' depends on axioms: [propext, Classical.choice, Quot.sound]
info: ././././CyclicBell/AxiomAudit.lean:478:0: 'CyclicBell.General.vectorEval_add' depends on axioms: [propext, Classical.choice, Quot.sound]
info: ././././CyclicBell/AxiomAudit.lean:479:0: 'CyclicBell.General.vectorEval_sub' depends on axioms: [propext, Classical.choice, Quot.sound]
info: ././././CyclicBell/AxiomAudit.lean:480:0: 'CyclicBell.General.vectorEval_real_smul' depends on axioms: [propext, Classical.choice, Quot.sound]
info: ././././CyclicBell/AxiomAudit.lean:481:0: 'CyclicBell.General.vectorEval_sum' depends on axioms: [propext, Classical.choice, Quot.sound]
info: ././././CyclicBell/AxiomAudit.lean:482:0: 'CyclicBell.General.vectorEval_one' depends on axioms: [propext, Classical.choice, Quot.sound]
info: ././././CyclicBell/AxiomAudit.lean:483:0: 'CyclicBell.General.vectorEval_square' depends on axioms: [propext, Classical.choice, Quot.sound]
info: ././././CyclicBell/AxiomAudit.lean:484:0: 'CyclicBell.General.first_commuting_hilbert_bound' depends on axioms: [propext, Classical.choice, Quot.sound]
info: ././././CyclicBell/AxiomAudit.lean:485:0: 'CyclicBell.General.aligned_commuting_hilbert_bound' depends on axioms: [propext, Classical.choice, Quot.sound]
info: ././././CyclicBell/AxiomAudit.lean:486:0: 'CyclicBell.General.first_augmented_commuting_hilbert_bound' depends on axioms: [propext, Classical.choice, Quot.sound]
info: ././././CyclicBell/AxiomAudit.lean:487:0: 'CyclicBell.General.HilbertGuessPOVM' depends on axioms: [propext, Classical.choice, Quot.sound]
info: ././././CyclicBell/AxiomAudit.lean:488:0: 'CyclicBell.General.CommutingEveOn' depends on axioms: [propext, Classical.choice, Quot.sound]
info: ././././CyclicBell/AxiomAudit.lean:489:0: 'CyclicBell.General.commutingExtendedBehavior' depends on axioms: [propext, Classical.choice, Quot.sound]
info: ././././CyclicBell/AxiomAudit.lean:490:0: 'CyclicBell.General.commuting_projection_positive' depends on axioms: [propext, Classical.choice, Quot.sound]
info: ././././CyclicBell/AxiomAudit.lean:491:0: 'CyclicBell.General.commutingExtended_nonnegative' depends on axioms: [propext, Classical.choice, Quot.sound]
info: ././././CyclicBell/AxiomAudit.lean:492:0: 'CyclicBell.General.forgetE_commutingExtended' depends on axioms: [propext, Classical.choice, Quot.sound]
info: ././././CyclicBell/AxiomAudit.lean:493:0: 'CyclicBell.General.commutingExtended_normalized' depends on axioms: [propext, Classical.choice, Quot.sound]
info: ././././CyclicBell/AxiomAudit.lean:494:0: 'CyclicBell.General.matrixCLM_quadratic_positive' depends on axioms: [propext, Classical.choice, Quot.sound]
info: ././././CyclicBell/AxiomAudit.lean:495:0: 'CyclicBell.General.tripartiteToCommuting' depends on axioms: [propext, Classical.choice, Quot.sound]
info: ././././CyclicBell/AxiomAudit.lean:496:0: 'CyclicBell.General.tripartiteToCommuting_behavior' depends on axioms: [propext, Classical.choice, Quot.sound]
info: ././././CyclicBell/AxiomAudit.lean:497:0: 'CyclicBell.General.CommutingOn' depends on axioms: [propext, Classical.choice, Quot.sound]
info: ././././CyclicBell/AxiomAudit.lean:498:0: 'CyclicBell.General.hilbertMoment' depends on axioms: [propext, Classical.choice, Quot.sound]
info: ././././CyclicBell/AxiomAudit.lean:499:0: 'CyclicBell.General.hilbertMoment_add' depends on axioms: [propext, Classical.choice, Quot.sound]
info: ././././CyclicBell/AxiomAudit.lean:500:0: 'CyclicBell.General.hilbertMoment_smul' depends on axioms: [propext, Classical.choice, Quot.sound]
info: ././././CyclicBell/AxiomAudit.lean:501:0: 'CyclicBell.General.hilbertMoment_sum' depends on axioms: [propext, Classical.choice, Quot.sound]
info: ././././CyclicBell/AxiomAudit.lean:502:0: 'CyclicBell.General.hilbertMoment_star' depends on axioms: [propext, Classical.choice, Quot.sound]
info: ././././CyclicBell/AxiomAudit.lean:503:0: 'CyclicBell.General.hilbertMoment_selfadjoint' depends on axioms: [propext, Classical.choice, Quot.sound]
info: ././././CyclicBell/AxiomAudit.lean:504:0: 'CyclicBell.General.vectorEval_hermitianPart' depends on axioms: [propext, Classical.choice, Quot.sound]
info: ././././CyclicBell/AxiomAudit.lean:505:0: 'CyclicBell.General.commutingBehavior' depends on axioms: [propext, Classical.choice, Quot.sound]
info: ././././CyclicBell/AxiomAudit.lean:506:0: 'CyclicBell.General.commuting_joint_selfadjoint' depends on axioms: [propext, Classical.choice, Quot.sound]
info: ././././CyclicBell/AxiomAudit.lean:507:0: 'CyclicBell.General.commuting_joint_square' depends on axioms: [propext, Classical.choice, Quot.sound]
info: ././././CyclicBell/AxiomAudit.lean:508:0: 'CyclicBell.General.commutingBehavior_nonnegative' depends on axioms: [propext, Classical.choice, Quot.sound]
info: ././././CyclicBell/AxiomAudit.lean:509:0: 'CyclicBell.General.commutingBehavior_left_marginal' depends on axioms: [propext, Classical.choice, Quot.sound]
info: ././././CyclicBell/AxiomAudit.lean:510:0: 'CyclicBell.General.commutingBehavior_right_marginal' depends on axioms: [propext, Classical.choice, Quot.sound]
info: ././././CyclicBell/AxiomAudit.lean:511:0: 'CyclicBell.General.commutingBehavior_normalized' depends on axioms: [propext, Classical.choice, Quot.sound]
info: ././././CyclicBell/AxiomAudit.lean:512:0: 'CyclicBell.General.commutingBehavior_complex' depends on axioms: [propext, Classical.choice, Quot.sound]
info: ././././CyclicBell/AxiomAudit.lean:513:0: 'CyclicBell.General.probabilityCorrelator_commuting' depends on axioms: [propext, Classical.choice, Quot.sound]
info: ././././CyclicBell/AxiomAudit.lean:514:0: 'CyclicBell.General.pullCommuting' depends on axioms: [propext, Classical.choice, Quot.sound]
info: ././././CyclicBell/AxiomAudit.lean:515:0: 'CyclicBell.General.commutingBehavior_pull' depends on axioms: [propext, Classical.choice, Quot.sound]
info: ././././CyclicBell/AxiomAudit.lean:516:0: 'CyclicBell.General.firstReducedBell_commuting' depends on axioms: [propext, Classical.choice, Quot.sound]
info: ././././CyclicBell/AxiomAudit.lean:517:0: 'CyclicBell.General.secondReducedBell_commuting' depends on axioms: [propext, Classical.choice, Quot.sound]
info: ././././CyclicBell/AxiomAudit.lean:518:0: 'CyclicBell.General.firstAugmentedBell_commuting' depends on axioms: [propext, Classical.choice, Quot.sound]
info: ././././CyclicBell/AxiomAudit.lean:519:0: 'CyclicBell.General.secondAugmentedBell_commuting' depends on axioms: [propext, Classical.choice, Quot.sound]
info: ././././CyclicBell/AxiomAudit.lean:520:0: 'CyclicBell.General.firstReducedBell_commuting_upper' depends on axioms: [propext, Classical.choice, Quot.sound]
info: ././././CyclicBell/AxiomAudit.lean:521:0: 'CyclicBell.General.secondReducedBell_commuting_upper' depends on axioms: [propext, Classical.choice, Quot.sound]
info: ././././CyclicBell/AxiomAudit.lean:522:0: 'CyclicBell.General.firstAugmentedBell_commuting_upper' depends on axioms: [propext, Classical.choice, Quot.sound]
info: ././././CyclicBell/AxiomAudit.lean:523:0: 'CyclicBell.General.secondAugmentedBell_commuting_upper' depends on axioms: [propext, Classical.choice, Quot.sound]
info: ././././CyclicBell/AxiomAudit.lean:524:0: 'CyclicBell.General.jointInstrument' depends on axioms: [propext, Classical.choice, Quot.sound]
info: ././././CyclicBell/AxiomAudit.lean:525:0: 'CyclicBell.General.effectKernelE_sum' depends on axioms: [propext, Classical.choice, Quot.sound]
info: ././././CyclicBell/AxiomAudit.lean:526:0: 'CyclicBell.General.jointInstrument_total' depends on axioms: [propext, Classical.choice, Quot.sound]
info: ././././CyclicBell/AxiomAudit.lean:527:0: 'CyclicBell.General.physical_private_iff_fourier' depends on axioms: [propext, Classical.choice, Quot.sound]
info: ././././CyclicBell/AxiomAudit.lean:528:0: 'CyclicBell.General.reducedE_trace' depends on axioms: [propext, Classical.choice, Quot.sound]
info: ././././CyclicBell/AxiomAudit.lean:529:0: 'CyclicBell.General.operator_uniform_guess_success' depends on axioms: [propext, Classical.choice, Quot.sound]
info: ././././CyclicBell/AxiomAudit.lean:530:0: 'CyclicBell.General.binary_private_guess_success' depends on axioms: [propext, Classical.choice, Quot.sound]
info: ././././CyclicBell/AxiomAudit.lean:531:0: 'CyclicBell.General.second_all_dimension_physical_Eve_gap' depends on axioms: [propext, Classical.choice, Quot.sound]
info: ././././CyclicBell/AxiomAudit.lean:532:0: 'CyclicBell.General.first_no_value_only_endpoint_robustness' depends on axioms: [propext, Classical.choice, Quot.sound]
info: ././././CyclicBell/AxiomAudit.lean:533:0: 'CyclicBell.General.second_no_value_only_endpoint_robustness' depends on axioms: [propext, Classical.choice, Quot.sound]
info: ././././CyclicBell/AxiomAudit.lean:534:0: 'CyclicBell.General.binary_entropy_exact' depends on axioms: [propext, Classical.choice, Quot.sound]
info: ././././CyclicBell/AxiomAudit.lean:535:0: 'CyclicBell.General.d4_entropy_exact' depends on axioms: [propext, Classical.choice, Quot.sound]
info: ././././CyclicBell/AxiomAudit.lean:536:0: 'CyclicBell.General.d4_entropy_less_than_four' depends on axioms: [propext, Classical.choice, Quot.sound]
info: ././././CyclicBell/AxiomAudit.lean:537:0: 'CyclicBell.General.Qq' depends on axioms: [propext, Classical.choice, Quot.sound]
info: ././././CyclicBell/AxiomAudit.lean:538:0: 'CyclicBell.General.Qqa' depends on axioms: [propext, Classical.choice, Quot.sound]
info: ././././CyclicBell/AxiomAudit.lean:539:0: 'CyclicBell.General.Qqc' depends on axioms: [propext, Classical.choice, Quot.sound]
info: ././././CyclicBell/AxiomAudit.lean:540:0: 'CyclicBell.General.betaQ' depends on axioms: [propext, Classical.choice, Quot.sound]
info: ././././CyclicBell/AxiomAudit.lean:541:0: 'CyclicBell.General.betaQa' depends on axioms: [propext, Classical.choice, Quot.sound]
info: ././././CyclicBell/AxiomAudit.lean:542:0: 'CyclicBell.General.betaQc' depends on axioms: [propext, Classical.choice, Quot.sound]
info: ././././CyclicBell/AxiomAudit.lean:543:0: 'CyclicBell.General.behavior_mem_Qq' depends on axioms: [propext, Classical.choice, Quot.sound]
info: ././././CyclicBell/AxiomAudit.lean:544:0: 'CyclicBell.General.commutingBehavior_mem_Qqc' depends on axioms: [propext, Classical.choice, Quot.sound]
info: ././././CyclicBell/AxiomAudit.lean:545:0: 'CyclicBell.General.Qq_subset_Qqa' depends on axioms: [propext, Classical.choice, Quot.sound]
info: ././././CyclicBell/AxiomAudit.lean:546:0: 'CyclicBell.General.Qq_subset_Qqc' depends on axioms: [propext, Classical.choice, Quot.sound]
info: ././././CyclicBell/AxiomAudit.lean:547:0: 'CyclicBell.General.Qqc_probability_nonnegative' depends on axioms: [propext, Classical.choice, Quot.sound]
info: ././././CyclicBell/AxiomAudit.lean:548:0: 'CyclicBell.General.Qqc_probability_normalized' depends on axioms: [propext, Classical.choice, Quot.sound]
info: ././././CyclicBell/AxiomAudit.lean:549:0: 'CyclicBell.General.firstReducedBell_Qqc_upper' depends on axioms: [propext, Classical.choice, Quot.sound]
info: ././././CyclicBell/AxiomAudit.lean:550:0: 'CyclicBell.General.firstAugmentedBell_Qqc_upper' depends on axioms: [propext, Classical.choice, Quot.sound]
info: ././././CyclicBell/AxiomAudit.lean:551:0: 'CyclicBell.General.secondReducedBell_Qqc_upper' depends on axioms: [propext, Classical.choice, Quot.sound]
info: ././././CyclicBell/AxiomAudit.lean:552:0: 'CyclicBell.General.secondAugmentedBell_Qqc_upper' depends on axioms: [propext, Classical.choice, Quot.sound]
info: ././././CyclicBell/AxiomAudit.lean:553:0: 'CyclicBell.General.firstReducedStrategy' depends on axioms: [propext, Classical.choice, Quot.sound]
info: ././././CyclicBell/AxiomAudit.lean:554:0: 'CyclicBell.General.secondReducedStrategy' depends on axioms: [propext, Classical.choice, Quot.sound]
info: ././././CyclicBell/AxiomAudit.lean:555:0: 'CyclicBell.General.firstPermutation_aligned_correlator' depends on axioms: [propext, Classical.choice, Quot.sound]
info: ././././CyclicBell/AxiomAudit.lean:556:0: 'CyclicBell.General.secondPermutation_aligned_correlator' depends on axioms: [propext, Classical.choice, Quot.sound]
info: ././././CyclicBell/AxiomAudit.lean:557:0: 'CyclicBell.General.firstReducedStrategy_attains' depends on axioms: [propext, Classical.choice, Quot.sound]
info: ././././CyclicBell/AxiomAudit.lean:558:0: 'CyclicBell.General.secondReducedStrategy_attains' depends on axioms: [propext, Classical.choice, Quot.sound]
info: ././././CyclicBell/AxiomAudit.lean:559:0: 'CyclicBell.General.first_reduced_values_q_qa_qc' depends on axioms: [propext, Classical.choice, Quot.sound]
info: ././././CyclicBell/AxiomAudit.lean:560:0: 'CyclicBell.General.first_augmented_values_q_qa_qc' depends on axioms: [propext, Classical.choice, Quot.sound]
info: ././././CyclicBell/AxiomAudit.lean:561:0: 'CyclicBell.General.second_reduced_values_q_qa_qc' depends on axioms: [propext, Classical.choice, Quot.sound]
info: ././././CyclicBell/AxiomAudit.lean:562:0: 'CyclicBell.General.second_augmented_values_q_qa_qc' depends on axioms: [propext, Classical.choice, Quot.sound]
info: ././././CyclicBell/AxiomAudit.lean:563:0: 'CyclicBell.General.Qqc_isSeqClosed' depends on axioms: [propext, Classical.choice, Quot.sound]
info: ././././CyclicBell/AxiomAudit.lean:564:0: 'CyclicBell.General.Qqc_isClosed' depends on axioms: [propext, Classical.choice, Quot.sound]
info: ././././CyclicBell/AxiomAudit.lean:565:0: 'CyclicBell.General.Qqa_subset_Qqc' depends on axioms: [propext, Classical.choice, Quot.sound]
info: ././././CyclicBell/AxiomAudit.lean:566:0: 'CyclicBell.General.quantum_model_inclusions' depends on axioms: [propext, Classical.choice, Quot.sound]
info: ././././CyclicBell/AxiomAudit.lean:567:0: 'CyclicBell.General.Coverage.Qqa_approximating_commuting_sequence' depends on axioms: [propext,
 Classical.choice,
 Quot.sound]
info: ././././CyclicBell/AxiomAudit.lean:568:0: 'CyclicBell.General.Coverage.behavior_coordinate_complex_tendsto' depends on axioms: [propext,
 Classical.choice,
 Quot.sound]
info: ././././CyclicBell/AxiomAudit.lean:569:0: 'CyclicBell.General.Coverage.completionOperator' depends on axioms: [propext, Classical.choice, Quot.sound]
info: ././././CyclicBell/AxiomAudit.lean:570:0: 'CyclicBell.General.Coverage.completionOperator_coe' depends on axioms: [propext, Classical.choice, Quot.sound]
info: ././././CyclicBell/AxiomAudit.lean:571:0: 'CyclicBell.General.Coverage.completionOperator_ext' depends on axioms: [propext, Classical.choice, Quot.sound]
info: ././././CyclicBell/AxiomAudit.lean:572:0: 'CyclicBell.General.Coverage.completionOperator_zero' depends on axioms: [propext, Classical.choice, Quot.sound]
info: ././././CyclicBell/AxiomAudit.lean:573:0: 'CyclicBell.General.Coverage.completionOperator_one' depends on axioms: [propext, Classical.choice, Quot.sound]
info: ././././CyclicBell/AxiomAudit.lean:574:0: 'CyclicBell.General.Coverage.completionOperator_mul' depends on axioms: [propext, Classical.choice, Quot.sound]
info: ././././CyclicBell/AxiomAudit.lean:575:0: 'CyclicBell.General.Coverage.completionOperator_comp' depends on axioms: [propext, Classical.choice, Quot.sound]
info: ././././CyclicBell/AxiomAudit.lean:576:0: 'CyclicBell.General.Coverage.completionOperator_add' depends on axioms: [propext, Classical.choice, Quot.sound]
info: ././././CyclicBell/AxiomAudit.lean:577:0: 'CyclicBell.General.Coverage.completionOperator_smul' depends on axioms: [propext, Classical.choice, Quot.sound]
info: ././././CyclicBell/AxiomAudit.lean:578:0: 'CyclicBell.General.Coverage.completionOperator_sum' depends on axioms: [propext, Classical.choice, Quot.sound]
info: ././././CyclicBell/AxiomAudit.lean:579:0: 'CyclicBell.General.Coverage.completionOperator_bound' depends on axioms: [propext, Classical.choice, Quot.sound]
info: ././././CyclicBell/AxiomAudit.lean:580:0: 'CyclicBell.General.Coverage.completionOfBounded' depends on axioms: [propext, Classical.choice, Quot.sound]
info: ././././CyclicBell/AxiomAudit.lean:581:0: 'CyclicBell.General.Coverage.completionOfBounded_coe' depends on axioms: [propext, Classical.choice, Quot.sound]
info: ././././CyclicBell/AxiomAudit.lean:582:0: 'CyclicBell.General.Coverage.completionOperator_idempotent' depends on axioms: [propext, Classical.choice, Quot.sound]
info: ././././CyclicBell/AxiomAudit.lean:583:0: 'CyclicBell.General.Coverage.completionOperator_commute' depends on axioms: [propext, Classical.choice, Quot.sound]
info: ././././CyclicBell/AxiomAudit.lean:584:0: 'CyclicBell.General.Coverage.completionOperator_orthogonal' depends on axioms: [propext, Classical.choice, Quot.sound]
info: ././././CyclicBell/AxiomAudit.lean:585:0: 'CyclicBell.General.Coverage.completionOperator_complete' depends on axioms: [propext, Classical.choice, Quot.sound]
info: ././././CyclicBell/AxiomAudit.lean:586:0: 'CyclicBell.General.Coverage.completionOperator_inner_symmetry' depends on axioms: [propext,
 Classical.choice,
 Quot.sound]
info: ././././CyclicBell/AxiomAudit.lean:587:0: 'CyclicBell.General.Coverage.completionOperator_selfadjoint' depends on axioms: [propext, Classical.choice, Quot.sound]
info: ././././CyclicBell/AxiomAudit.lean:588:0: 'CyclicBell.General.finiteCalc_toCMatrix' depends on axioms: [propext, Classical.choice, Quot.sound]
info: ././././CyclicBell/AxiomAudit.lean:589:0: 'CyclicBell.General.finiteCalc_unitary_conjugation' depends on axioms: [propext, Classical.choice, Quot.sound]
info: ././././CyclicBell/AxiomAudit.lean:590:0: 'CyclicBell.General.finiteCalc_scalar_argument' depends on axioms: [propext, Classical.choice, Quot.sound]
info: ././././CyclicBell/AxiomAudit.lean:591:0: 'CyclicBell.General.finiteCalc_operator_congr' depends on axioms: [propext, Classical.choice, Quot.sound]
info: ././././CyclicBell/AxiomAudit.lean:592:0: 'CyclicBell.General.finiteCalc_covariance' depends on axioms: [propext, Classical.choice, Quot.sound]
info: ././././CyclicBell/AxiomAudit.lean:593:0: 'CyclicBell.General.hermitian_spectral_upper_psd' depends on axioms: [propext, Classical.choice, Quot.sound]
info: ././././CyclicBell/AxiomAudit.lean:594:0: 'CyclicBell.General.hermitian_spectral_lower_psd' depends on axioms: [propext, Classical.choice, Quot.sound]
info: ././././CyclicBell/AxiomAudit.lean:595:0: 'CyclicBell.General.fourierBasisMatrix' depends on axioms: [propext, Classical.choice, Quot.sound]
info: ././././CyclicBell/AxiomAudit.lean:596:0: 'CyclicBell.General.fourierCoefficientOperator' depends on axioms: [propext, Classical.choice, Quot.sound]
info: ././././CyclicBell/AxiomAudit.lean:597:0: 'CyclicBell.General.fourierCoefficientKernel' depends on axioms: [propext, Classical.choice, Quot.sound]
info: ././././CyclicBell/AxiomAudit.lean:598:0: 'CyclicBell.General.fourierCoefficient_circulant' depends on axioms: [propext, Classical.choice, Quot.sound]
info: ././././CyclicBell/AxiomAudit.lean:599:0: 'CyclicBell.General.MUBSpaceOperator' depends on axioms: [propext, Classical.choice, Quot.sound]
info: ././././CyclicBell/AxiomAudit.lean:600:0: 'CyclicBell.General.MUBSpace_representation' depends on axioms: [propext, Classical.choice, Quot.sound]
info: ././././CyclicBell/AxiomAudit.lean:601:0: 'CyclicBell.General.MUBSpace_hermitian' depends on axioms: [propext, Classical.choice, Quot.sound]
info: ././././CyclicBell/AxiomAudit.lean:602:0: 'CyclicBell.General.computational_MUB_spectral_obstruction' depends on axioms: [propext, Classical.choice, Quot.sound]
info: ././././CyclicBell/AxiomAudit.lean:603:0: 'CyclicBell.General.phi_computational_projector' depends on axioms: [propext, Classical.choice, Quot.sound]
info: ././././CyclicBell/AxiomAudit.lean:604:0: 'CyclicBell.General.computational_PVM_coefficientwise_saturation' depends on axioms: [propext,
 Classical.choice,
 Quot.sound]
info: ././././CyclicBell/AxiomAudit.lean:605:0: 'CyclicBell.General.Coverage.kernelInner' depends on axioms: [propext, Classical.choice, Quot.sound]
info: ././././CyclicBell/AxiomAudit.lean:606:0: 'CyclicBell.General.Coverage.kernelInner_add_left' depends on axioms: [propext, Classical.choice, Quot.sound]
info: ././././CyclicBell/AxiomAudit.lean:607:0: 'CyclicBell.General.Coverage.kernelInner_smul_left' depends on axioms: [propext, Classical.choice, Quot.sound]
info: ././././CyclicBell/AxiomAudit.lean:608:0: 'CyclicBell.General.Coverage.kernelInner_hermitian' depends on axioms: [propext, Classical.choice, Quot.sound]
info: ././././CyclicBell/AxiomAudit.lean:609:0: 'CyclicBell.General.Coverage.kernelInner_single' depends on axioms: [propext, Classical.choice, Quot.sound]
info: ././././CyclicBell/AxiomAudit.lean:610:0: 'CyclicBell.General.Coverage.PositiveKernel' depends on axioms: [propext, Classical.choice, Quot.sound]
info: ././././CyclicBell/AxiomAudit.lean:611:0: 'CyclicBell.General.Coverage.KernelSpan' depends on axioms: [propext, Classical.choice, Quot.sound]
info: ././././CyclicBell/AxiomAudit.lean:612:0: 'CyclicBell.General.Coverage.kernelSpanAddCommGroup' depends on axioms: [propext, Classical.choice, Quot.sound]
info: ././././CyclicBell/AxiomAudit.lean:613:0: 'CyclicBell.General.Coverage.kernelSpanModule' depends on axioms: [propext, Classical.choice, Quot.sound]
info: ././././CyclicBell/AxiomAudit.lean:614:0: 'CyclicBell.General.Coverage.kernelSpanCore' depends on axioms: [propext, Classical.choice, Quot.sound]
info: ././././CyclicBell/AxiomAudit.lean:615:0: 'CyclicBell.General.Coverage.kernelSpanSeminorm' depends on axioms: [propext, Classical.choice, Quot.sound]
info: ././././CyclicBell/AxiomAudit.lean:616:0: 'CyclicBell.General.Coverage.kernelSpanNormedSpace' depends on axioms: [propext, Classical.choice, Quot.sound]
info: ././././CyclicBell/AxiomAudit.lean:617:0: 'CyclicBell.General.Coverage.kernelSpanInnerProduct' depends on axioms: [propext, Classical.choice, Quot.sound]
info: ././././CyclicBell/AxiomAudit.lean:618:0: 'CyclicBell.General.Coverage.kernelSpan_norm_sq' depends on axioms: [propext, Classical.choice, Quot.sound]
info: ././././CyclicBell/AxiomAudit.lean:619:0: 'CyclicBell.General.Coverage.kernelSpan_contraction' depends on axioms: [propext, Classical.choice, Quot.sound]
info: ././././CyclicBell/AxiomAudit.lean:620:0: 'CyclicBell.General.Coverage.KernelHilbert' depends on axioms: [propext, Classical.choice, Quot.sound]
info: ././././CyclicBell/AxiomAudit.lean:621:0: 'CyclicBell.General.Coverage.kernelEmbed' depends on axioms: [propext, Classical.choice, Quot.sound]
info: ././././CyclicBell/AxiomAudit.lean:622:0: 'CyclicBell.General.Coverage.kernelEmbed_dense' depends on axioms: [propext, Classical.choice, Quot.sound]
info: ././././CyclicBell/AxiomAudit.lean:623:0: 'CyclicBell.General.Coverage.kernelEmbed_inner' depends on axioms: [propext, Classical.choice, Quot.sound]
info: ././././CyclicBell/AxiomAudit.lean:624:0: 'CyclicBell.General.Coverage.kernelVector' depends on axioms: [propext, Classical.choice, Quot.sound]
info: ././././CyclicBell/AxiomAudit.lean:625:0: 'CyclicBell.General.Coverage.kernelVector_inner' depends on axioms: [propext, Classical.choice, Quot.sound]
info: ././././CyclicBell/AxiomAudit.lean:626:0: 'CyclicBell.General.Coverage.kernelCombination_eq' depends on axioms: [propext, Classical.choice, Quot.sound]
info: ././././CyclicBell/AxiomAudit.lean:627:0: 'CyclicBell.General.Coverage.kernelVector_dense_span' depends on axioms: [propext, Classical.choice, Quot.sound]
info: ././././CyclicBell/AxiomAudit.lean:628:0: 'CyclicBell.General.Coverage.positiveKernel_realization' depends on axioms: [propext, Classical.choice, Quot.sound]
info: ././././CyclicBell/AxiomAudit.lean:629:0: 'CyclicBell.General.Coverage.WordGenerator' does not depend on any axioms
info: ././././CyclicBell/AxiomAudit.lean:630:0: 'CyclicBell.General.Coverage.MomentWord' does not depend on any axioms
info: ././././CyclicBell/AxiomAudit.lean:631:0: 'CyclicBell.General.Coverage.sourceGenerator' depends on axioms: [propext, Classical.choice, Quot.sound]
info: ././././CyclicBell/AxiomAudit.lean:632:0: 'CyclicBell.General.Coverage.sourceWordAction' depends on axioms: [propext, Classical.choice, Quot.sound]
info: ././././CyclicBell/AxiomAudit.lean:633:0: 'CyclicBell.General.Coverage.sourceWordVector' depends on axioms: [propext, Classical.choice, Quot.sound]
info: ././././CyclicBell/AxiomAudit.lean:634:0: 'CyclicBell.General.Coverage.sourceKernel' depends on axioms: [propext, Classical.choice, Quot.sound]
info: ././././CyclicBell/AxiomAudit.lean:635:0: 'CyclicBell.General.Coverage.sourcePolynomialVector' depends on axioms: [propext, Classical.choice, Quot.sound]
info: ././././CyclicBell/AxiomAudit.lean:636:0: 'CyclicBell.General.Coverage.sourceGenerator_selfadjoint' depends on axioms: [propext, Classical.choice, Quot.sound]
info: ././././CyclicBell/AxiomAudit.lean:637:0: 'CyclicBell.General.Coverage.sourceGenerator_idempotent' depends on axioms: [propext, Classical.choice, Quot.sound]
info: ././././CyclicBell/AxiomAudit.lean:638:0: 'CyclicBell.General.Coverage.sourceGenerator_contract' depends on axioms: [propext, Classical.choice, Quot.sound]
info: ././././CyclicBell/AxiomAudit.lean:639:0: 'CyclicBell.General.Coverage.sourceWordVector_nil' depends on axioms: [propext, Classical.choice, Quot.sound]
info: ././././CyclicBell/AxiomAudit.lean:640:0: 'CyclicBell.General.Coverage.sourceWordVector_cons' depends on axioms: [propext, Classical.choice, Quot.sound]
info: ././././CyclicBell/AxiomAudit.lean:641:0: 'CyclicBell.General.Coverage.sourceWordVector_norm_le_one' depends on axioms: [propext, Classical.choice, Quot.sound]
info: ././././CyclicBell/AxiomAudit.lean:642:0: 'CyclicBell.General.Coverage.sourceKernel_bound' depends on axioms: [propext, Classical.choice, Quot.sound]
info: ././././CyclicBell/AxiomAudit.lean:643:0: 'CyclicBell.General.Coverage.sourceKernel_hermitian' depends on axioms: [propext, Classical.choice, Quot.sound]
info: ././././CyclicBell/AxiomAudit.lean:644:0: 'CyclicBell.General.Coverage.sourceKernel_normalized' depends on axioms: [propext, Classical.choice, Quot.sound]
info: ././././CyclicBell/AxiomAudit.lean:645:0: 'CyclicBell.General.Coverage.sourceKernel_move_generator' depends on axioms: [propext, Classical.choice, Quot.sound]
info: ././././CyclicBell/AxiomAudit.lean:646:0: 'CyclicBell.General.Coverage.sourceKernel_idempotent' depends on axioms: [propext, Classical.choice, Quot.sound]
info: ././././CyclicBell/AxiomAudit.lean:647:0: 'CyclicBell.General.Coverage.sourceKernel_alice_orthogonal' depends on axioms: [propext, Classical.choice, Quot.sound]
info: ././././CyclicBell/AxiomAudit.lean:648:0: 'CyclicBell.General.Coverage.sourceKernel_bob_orthogonal' depends on axioms: [propext, Classical.choice, Quot.sound]
info: ././././CyclicBell/AxiomAudit.lean:649:0: 'CyclicBell.General.Coverage.sourceKernel_alice_complete' depends on axioms: [propext, Classical.choice, Quot.sound]
info: ././././CyclicBell/AxiomAudit.lean:650:0: 'CyclicBell.General.Coverage.sourceKernel_bob_complete' depends on axioms: [propext, Classical.choice, Quot.sound]
info: ././././CyclicBell/AxiomAudit.lean:651:0: 'CyclicBell.General.Coverage.sourceKernel_cross' depends on axioms: [propext, Classical.choice, Quot.sound]
info: ././././CyclicBell/AxiomAudit.lean:652:0: 'CyclicBell.General.Coverage.sourceKernel_behavior' depends on axioms: [propext, Classical.choice, Quot.sound]
info: ././././CyclicBell/AxiomAudit.lean:653:0: 'CyclicBell.General.Coverage.wordPrepend' depends on axioms: [propext, Classical.choice, Quot.sound]
info: ././././CyclicBell/AxiomAudit.lean:654:0: 'CyclicBell.General.Coverage.sourceKernel_quadratic' depends on axioms: [propext, Classical.choice, Quot.sound]
info: ././././CyclicBell/AxiomAudit.lean:655:0: 'CyclicBell.General.Coverage.sourceKernel_positive' depends on axioms: [propext, Classical.choice, Quot.sound]
info: ././././CyclicBell/AxiomAudit.lean:656:0: 'CyclicBell.General.Coverage.sourcePolynomial_prepend' depends on axioms: [propext, Classical.choice, Quot.sound]
info: ././././CyclicBell/AxiomAudit.lean:657:0: 'CyclicBell.General.Coverage.sourceKernel_prepend_contract' depends on axioms: [propext, Classical.choice, Quot.sound]
info: ././././CyclicBell/AxiomAudit.lean:658:0: 'CyclicBell.General.Coverage.sourceKernel_bounded' depends on axioms: [propext, Classical.choice, Quot.sound]
info: ././././CyclicBell/AxiomAudit.lean:659:0: 'CyclicBell.General.Coverage.limitEntry' depends on axioms: [propext, Classical.choice, Quot.sound]
info: ././././CyclicBell/AxiomAudit.lean:660:0: 'CyclicBell.General.Coverage.sourceQuadratic_bounded' depends on axioms: [propext, Classical.choice, Quot.sound]
info: ././././CyclicBell/AxiomAudit.lean:661:0: 'CyclicBell.General.Coverage.limitEntry_quadratic' depends on axioms: [propext, Classical.choice, Quot.sound]
info: ././././CyclicBell/AxiomAudit.lean:662:0: 'CyclicBell.General.Coverage.limitingKernel' depends on axioms: [propext, Classical.choice, Quot.sound]
info: ././././CyclicBell/AxiomAudit.lean:663:0: 'CyclicBell.General.Coverage.limitEntry_normalized' depends on axioms: [propext, Classical.choice, Quot.sound]
info: ././././CyclicBell/AxiomAudit.lean:664:0: 'CyclicBell.General.Coverage.limitEntry_prepend_contract' depends on axioms: [propext, Classical.choice, Quot.sound]
info: ././././CyclicBell/AxiomAudit.lean:665:0: 'CyclicBell.General.Coverage.limitEntry_move_generator' depends on axioms: [propext, Classical.choice, Quot.sound]
info: ././././CyclicBell/AxiomAudit.lean:666:0: 'CyclicBell.General.Coverage.limitEntry_idempotent' depends on axioms: [propext, Classical.choice, Quot.sound]
info: ././././CyclicBell/AxiomAudit.lean:667:0: 'CyclicBell.General.Coverage.limitEntry_alice_orthogonal' depends on axioms: [propext, Classical.choice, Quot.sound]
info: ././././CyclicBell/AxiomAudit.lean:668:0: 'CyclicBell.General.Coverage.limitEntry_bob_orthogonal' depends on axioms: [propext, Classical.choice, Quot.sound]
info: ././././CyclicBell/AxiomAudit.lean:669:0: 'CyclicBell.General.Coverage.limitEntry_alice_complete' depends on axioms: [propext, Classical.choice, Quot.sound]
info: ././././CyclicBell/AxiomAudit.lean:670:0: 'CyclicBell.General.Coverage.limitEntry_bob_complete' depends on axioms: [propext, Classical.choice, Quot.sound]
info: ././././CyclicBell/AxiomAudit.lean:671:0: 'CyclicBell.General.Coverage.limitEntry_cross' depends on axioms: [propext, Classical.choice, Quot.sound]
info: ././././CyclicBell/AxiomAudit.lean:672:0: 'CyclicBell.General.Coverage.limitEntry_behavior_of_tendsto' depends on axioms: [propext, Classical.choice, Quot.sound]
info: ././././CyclicBell/AxiomAudit.lean:673:0: 'CyclicBell.General.linearAlgebraModulusCM' depends on axioms: [propext, Classical.choice, Quot.sound]
info: ././././CyclicBell/AxiomAudit.lean:674:0: 'CyclicBell.General.linearAlgebraRootCM' depends on axioms: [propext, Classical.choice, Quot.sound]
info: ././././CyclicBell/AxiomAudit.lean:675:0: 'CyclicBell.General.linearAlgebraPolarRootCM' depends on axioms: [propext, Classical.choice, Quot.sound]
info: ././././CyclicBell/AxiomAudit.lean:676:0: 'CyclicBell.General.linearAlgebraGapCM' depends on axioms: [propext, Classical.choice, Quot.sound]
info: ././././CyclicBell/AxiomAudit.lean:677:0: 'CyclicBell.General.linear_algebra_functional_factors' depends on axioms: [propext, Classical.choice, Quot.sound]
info: ././././CyclicBell/AxiomAudit.lean:678:0: 'CyclicBell.General.linearAlgebraOperator' depends on axioms: [propext, Classical.choice, Quot.sound]
info: ././././CyclicBell/AxiomAudit.lean:679:0: 'CyclicBell.General.linear_cstar_sos' depends on axioms: [propext, Classical.choice, Quot.sound]
info: ././././CyclicBell/AxiomAudit.lean:680:0: 'CyclicBell.General.linear_commuting_hilbert_bound' depends on axioms: [propext, Classical.choice, Quot.sound]
info: ././././CyclicBell/AxiomAudit.lean:681:0: 'CyclicBell.General.linear_augmented_commuting_hilbert_bound' depends on axioms: [propext, Classical.choice, Quot.sound]
info: ././././CyclicBell/AxiomAudit.lean:682:0: 'CyclicBell.General.linear_permutation_local_moments_zero' depends on axioms: [propext, Classical.choice, Quot.sound]
info: ././././CyclicBell/AxiomAudit.lean:683:0: 'CyclicBell.General.linear_permutation_all_harmonics_invariant' depends on axioms: [propext,
 Classical.choice,
 Quot.sound]
info: ././././CyclicBell/AxiomAudit.lean:684:0: 'CyclicBell.General.Coverage.triangular' does not depend on any axioms
info: ././././CyclicBell/AxiomAudit.lean:685:0: 'CyclicBell.General.Coverage.triangular_zero' does not depend on any axioms
info: ././././CyclicBell/AxiomAudit.lean:686:0: 'CyclicBell.General.Coverage.triangular_succ' does not depend on any axioms
info: ././././CyclicBell/AxiomAudit.lean:687:0: 'CyclicBell.General.Coverage.triangular_double_succ' depends on axioms: [propext]
info: ././././CyclicBell/AxiomAudit.lean:688:0: 'CyclicBell.General.Coverage.triangular_succ_eq' depends on axioms: [propext, Quot.sound]
info: ././././CyclicBell/AxiomAudit.lean:689:0: 'CyclicBell.General.Coverage.weyl_pow_commute' depends on axioms: [propext, Classical.choice, Quot.sound]
info: ././././CyclicBell/AxiomAudit.lean:690:0: 'CyclicBell.General.Coverage.weyl_commute_pow' depends on axioms: [propext, Classical.choice, Quot.sound]
info: ././././CyclicBell/AxiomAudit.lean:691:0: 'CyclicBell.General.Coverage.weyl_mul_pow' depends on axioms: [propext, Classical.choice, Quot.sound]
info: ././././CyclicBell/AxiomAudit.lean:692:0: 'CyclicBell.General.Coverage.transportedRoot' does not depend on any axioms
info: ././././CyclicBell/AxiomAudit.lean:693:0: 'CyclicBell.General.Coverage.transportedRoot_star' depends on axioms: [propext]
info: ././././CyclicBell/AxiomAudit.lean:694:0: 'CyclicBell.General.Coverage.transportedRoot_square' depends on axioms: [propext]
info: ././././CyclicBell/AxiomAudit.lean:695:0: 'CyclicBell.General.Coverage.supportedPolarFactor_square' depends on axioms: [propext]
info: ././././CyclicBell/AxiomAudit.lean:696:0: 'CyclicBell.General.Coverage.supportedPolarFactor_cross' depends on axioms: [propext]
info: ././././CyclicBell/AxiomAudit.lean:697:0: 'CyclicBell.General.Coverage.supportedPolarResidual_square' depends on axioms: [propext, Quot.sound]
info: ././././CyclicBell/AxiomAudit.lean:698:0: 'CyclicBell.General.Coverage.sqrt_unitary_conjugation' depends on axioms: [propext, Classical.choice, Quot.sound]
info: ././././CyclicBell/AxiomAudit.lean:699:0: 'CyclicBell.General.Coverage.sqrt_commutes_unitary' depends on axioms: [propext, Classical.choice, Quot.sound]
info: ././././CyclicBell/AxiomAudit.lean:700:0: 'CyclicBell.General.Coverage.initial_isometry_sqrt' depends on axioms: [propext, Classical.choice, Quot.sound]
info: ././././CyclicBell/AxiomAudit.lean:701:0: 'CyclicBell.General.Coverage.polar_left_modulus' depends on axioms: [propext, Classical.choice, Quot.sound]
info: ././././CyclicBell/AxiomAudit.lean:702:0: 'CyclicBell.General.Coverage.polar_left_half_modulus' depends on axioms: [propext, Classical.choice, Quot.sound]
info: ././././CyclicBell/AxiomAudit.lean:703:0: 'CyclicBell.General.Coverage.canonical_polar_positive_factor_identity' depends on axioms: [propext,
 Classical.choice,
 Quot.sound]
info: ././././CyclicBell/AxiomAudit.lean:704:0: 'CyclicBell.General.Coverage.canonical_polar_hilbert_positive_factor_identity' depends on axioms: [propext,
 Classical.choice,
 Quot.sound]
info: ././././CyclicBell/AxiomAudit.lean:705:0: 'CyclicBell.General.Coverage.LimitHilbert' depends on axioms: [propext, Classical.choice, Quot.sound]
info: ././././CyclicBell/AxiomAudit.lean:706:0: 'CyclicBell.General.Coverage.limitVector' depends on axioms: [propext, Classical.choice, Quot.sound]
info: ././././CyclicBell/AxiomAudit.lean:707:0: 'CyclicBell.General.Coverage.limitVector_inner' depends on axioms: [propext, Classical.choice, Quot.sound]
info: ././././CyclicBell/AxiomAudit.lean:708:0: 'CyclicBell.General.Coverage.limitGenerator' depends on axioms: [propext, Classical.choice, Quot.sound]
info: ././././CyclicBell/AxiomAudit.lean:709:0: 'CyclicBell.General.Coverage.limitGenerator_vector' depends on axioms: [propext, Classical.choice, Quot.sound]
info: ././././CyclicBell/AxiomAudit.lean:710:0: 'CyclicBell.General.Coverage.limitVector_ext' depends on axioms: [propext, Classical.choice, Quot.sound]
info: ././././CyclicBell/AxiomAudit.lean:711:0: 'CyclicBell.General.Coverage.limitOperator_ext' depends on axioms: [propext, Classical.choice, Quot.sound]
info: ././././CyclicBell/AxiomAudit.lean:712:0: 'CyclicBell.General.Coverage.limitGenerator_selfadjoint' depends on axioms: [propext, Classical.choice, Quot.sound]
info: ././././CyclicBell/AxiomAudit.lean:713:0: 'CyclicBell.General.Coverage.limitGenerator_idempotent' depends on axioms: [propext, Classical.choice, Quot.sound]
info: ././././CyclicBell/AxiomAudit.lean:714:0: 'CyclicBell.General.Coverage.limitGenerator_alice_orthogonal' depends on axioms: [propext, Classical.choice, Quot.sound]
info: ././././CyclicBell/AxiomAudit.lean:715:0: 'CyclicBell.General.Coverage.limitGenerator_bob_orthogonal' depends on axioms: [propext, Classical.choice, Quot.sound]
info: ././././CyclicBell/AxiomAudit.lean:716:0: 'CyclicBell.General.Coverage.limitGenerator_alice_complete' depends on axioms: [propext, Classical.choice, Quot.sound]
info: ././././CyclicBell/AxiomAudit.lean:717:0: 'CyclicBell.General.Coverage.limitGenerator_bob_complete' depends on axioms: [propext, Classical.choice, Quot.sound]
info: ././././CyclicBell/AxiomAudit.lean:718:0: 'CyclicBell.General.Coverage.limitGenerator_cross' depends on axioms: [propext, Classical.choice, Quot.sound]
info: ././././CyclicBell/AxiomAudit.lean:719:0: 'CyclicBell.General.Coverage.reconstructedModel' depends on axioms: [propext, Classical.choice, Quot.sound]
info: ././././CyclicBell/AxiomAudit.lean:720:0: 'CyclicBell.General.Coverage.reconstructedModel_behavior' depends on axioms: [propext, Classical.choice, Quot.sound]
info: ././././CyclicBell/AxiomAudit.lean:721:0: 'CyclicBell.General.sourcePencil' depends on axioms: [propext, Classical.choice, Quot.sound]
info: ././././CyclicBell/AxiomAudit.lean:722:0: 'CyclicBell.General.sourceModulus' depends on axioms: [propext, Classical.choice, Quot.sound]
info: ././././CyclicBell/AxiomAudit.lean:723:0: 'CyclicBell.General.sourceCanonicalPolar' depends on axioms: [propext, Classical.choice, Quot.sound]
info: ././././CyclicBell/AxiomAudit.lean:724:0: 'CyclicBell.General.sourcePencil_relative' depends on axioms: [propext, Classical.choice, Quot.sound]
info: ././././CyclicBell/AxiomAudit.lean:725:0: 'CyclicBell.General.sourceModulus_star' depends on axioms: [propext, Classical.choice, Quot.sound]
info: ././././CyclicBell/AxiomAudit.lean:726:0: 'CyclicBell.General.sourceModulus_gram' depends on axioms: [propext, Classical.choice, Quot.sound]
info: ././././CyclicBell/AxiomAudit.lean:727:0: 'CyclicBell.General.sourceModulus_positive' depends on axioms: [propext, Classical.choice, Quot.sound]
info: ././././CyclicBell/AxiomAudit.lean:728:0: 'CyclicBell.General.sourceCanonicalPolar_unitary' depends on axioms: [propext, Classical.choice, Quot.sound]
info: ././././CyclicBell/AxiomAudit.lean:729:0: 'CyclicBell.General.sourceLiteralInversePolar_modulus' depends on axioms: [propext, Classical.choice, Quot.sound]
info: ././././CyclicBell/AxiomAudit.lean:730:0: 'CyclicBell.General.sourceCanonicalPolar_factor' depends on axioms: [propext, Classical.choice, Quot.sound]
info: ././././CyclicBell/AxiomAudit.lean:731:0: 'CyclicBell.General.sourceModulus_square' depends on axioms: [propext, Classical.choice, Quot.sound]
info: ././././CyclicBell/AxiomAudit.lean:732:0: 'CyclicBell.General.sourceModulus_eq_canonical' depends on axioms: [propext, Classical.choice, Quot.sound]
info: ././././CyclicBell/AxiomAudit.lean:733:0: 'CyclicBell.General.sourceModulus_inverse' depends on axioms: [propext, Classical.choice, Quot.sound]
info: ././././CyclicBell/AxiomAudit.lean:734:0: 'CyclicBell.General.sourceModulus_eq_relative_modulus' depends on axioms: [propext, Classical.choice, Quot.sound]
info: ././././CyclicBell/AxiomAudit.lean:735:0: 'CyclicBell.General.sourceBob_transpose_inverse_formula' depends on axioms: [propext, Classical.choice, Quot.sound]
info: ././././CyclicBell/AxiomAudit.lean:736:0: 'CyclicBell.General.sourceBob_canonical_polar' depends on axioms: [propext, Classical.choice, Quot.sound]
info: ././././CyclicBell/AxiomAudit.lean:737:0: 'CyclicBell.General.source_relative_spectral_root' depends on axioms: [propext, Classical.choice, Quot.sound]
info: ././././CyclicBell/AxiomAudit.lean:738:0: 'CyclicBell.General.sourceLiteralInversePolar_unit_on_spectrum' depends on axioms: [propext,
 Classical.choice,
 Quot.sound]
info: ././././CyclicBell/AxiomAudit.lean:739:0: 'CyclicBell.General.sourceLiteralInversePolar_finiteCalc' depends on axioms: [propext, Classical.choice, Quot.sound]
info: ././././CyclicBell/AxiomAudit.lean:740:0: 'CyclicBell.General.sourceBob_transpose_finiteCalc' depends on axioms: [propext, Classical.choice, Quot.sound]
info: ././././CyclicBell/AxiomAudit.lean:741:0: 'CyclicBell.General.sourceLiteralInversePolar_finiteCalc_unitary' depends on axioms: [propext,
 Classical.choice,
 Quot.sound]
info: ././././CyclicBell/AxiomAudit.lean:742:0: 'CyclicBell.General.sourceBob_unitary' depends on axioms: [propext, Classical.choice, Quot.sound]
info: ././././CyclicBell/AxiomAudit.lean:743:0: 'CyclicBell.General.sourcePolarCoefficient' depends on axioms: [propext, Classical.choice, Quot.sound]
info: ././././CyclicBell/AxiomAudit.lean:744:0: 'CyclicBell.General.sourceInversePolarPolynomial' depends on axioms: [propext, Classical.choice, Quot.sound]
info: ././././CyclicBell/AxiomAudit.lean:745:0: 'CyclicBell.General.sourcePolarCoefficient_literal' depends on axioms: [propext, Classical.choice, Quot.sound]
info: ././././CyclicBell/AxiomAudit.lean:746:0: 'CyclicBell.General.sourceRoot_inverse_character' depends on axioms: [propext, Classical.choice, Quot.sound]
info: ././././CyclicBell/AxiomAudit.lean:747:0: 'CyclicBell.General.sourceInversePolarPolynomial_at_root' depends on axioms: [propext, Classical.choice, Quot.sound]
info: ././././CyclicBell/AxiomAudit.lean:748:0: 'CyclicBell.General.sourceInversePolarPolynomial_unit' depends on axioms: [propext, Classical.choice, Quot.sound]
info: ././././CyclicBell/AxiomAudit.lean:749:0: 'CyclicBell.General.sourceInversePolarPolynomial_quotient' depends on axioms: [propext, Classical.choice, Quot.sound]
info: ././././CyclicBell/AxiomAudit.lean:750:0: 'CyclicBell.General.sourceLiteralInversePolar' depends on axioms: [propext, Classical.choice, Quot.sound]
info: ././././CyclicBell/AxiomAudit.lean:751:0: 'CyclicBell.General.sourcePolarCoefficient_zero' depends on axioms: [propext, Classical.choice, Quot.sound]
info: ././././CyclicBell/AxiomAudit.lean:752:0: 'CyclicBell.General.sourceCosecantCoefficient_last' depends on axioms: [propext, Classical.choice, Quot.sound]
info: ././././CyclicBell/AxiomAudit.lean:753:0: 'CyclicBell.General.sourcePolarCoefficient_successor' depends on axioms: [propext, Classical.choice, Quot.sound]
info: ././././CyclicBell/AxiomAudit.lean:754:0: 'CyclicBell.General.sourceLiteralInversePolar_term' depends on axioms: [propext, Classical.choice, Quot.sound]
info: ././././CyclicBell/AxiomAudit.lean:755:0: 'CyclicBell.General.sourceLiteralInversePolar_at_root' depends on axioms: [propext, Classical.choice, Quot.sound]
info: ././././CyclicBell/AxiomAudit.lean:756:0: 'CyclicBell.General.sourceLiteralInversePolar_quotient' depends on axioms: [propext, Classical.choice, Quot.sound]
info: ././././CyclicBell/AxiomAudit.lean:757:0: 'CyclicBell.General.source_relative_clock_conjugation' depends on axioms: [propext, Classical.choice, Quot.sound]
info: ././././CyclicBell/AxiomAudit.lean:758:0: 'CyclicBell.General.source_finiteCalc_clock_covariance' depends on axioms: [propext, Classical.choice, Quot.sound]
info: ././././CyclicBell/AxiomAudit.lean:759:0: 'CyclicBell.General.source_root_rotated' depends on axioms: [propext, Classical.choice, Quot.sound]
info: ././././CyclicBell/AxiomAudit.lean:760:0: 'CyclicBell.General.source_polar_product_reindex' depends on axioms: [propext, Classical.choice, Quot.sound]
info: ././././CyclicBell/AxiomAudit.lean:761:0: 'CyclicBell.General.sourceLiteralInversePolar_orbit_product' depends on axioms: [propext, Classical.choice, Quot.sound]
info: ././././CyclicBell/AxiomAudit.lean:762:0: 'CyclicBell.General.finiteCalc_orderedProduct' depends on axioms: [propext, Classical.choice, Quot.sound]
info: ././././CyclicBell/AxiomAudit.lean:763:0: 'CyclicBell.General.scalar_orderedProduct_range' depends on axioms: [propext, Classical.choice, Quot.sound]
info: ././././CyclicBell/AxiomAudit.lean:764:0: 'CyclicBell.General.source_finEquiv_apply' depends on axioms: [propext, Quot.sound]
info: ././././CyclicBell/AxiomAudit.lean:765:0: 'CyclicBell.General.source_product_range' depends on axioms: [propext, Classical.choice, Quot.sound]
info: ././././CyclicBell/AxiomAudit.lean:766:0: 'CyclicBell.General.source_inverse_polar_ordered_product' depends on axioms: [propext, Classical.choice, Quot.sound]
info: ././././CyclicBell/AxiomAudit.lean:767:0: 'CyclicBell.General.sourceBob_order' depends on axioms: [propext, Classical.choice, Quot.sound]
info: ././././CyclicBell/AxiomAudit.lean:768:0: 'CyclicBell.General.sourceRelative' depends on axioms: [propext, Classical.choice, Quot.sound]
info: ././././CyclicBell/AxiomAudit.lean:769:0: 'CyclicBell.General.source_clock_unitary' depends on axioms: [propext, Classical.choice, Quot.sound]
info: ././././CyclicBell/AxiomAudit.lean:770:0: 'CyclicBell.General.source_shift_unitary' depends on axioms: [propext, Classical.choice, Quot.sound]
info: ././././CyclicBell/AxiomAudit.lean:771:0: 'CyclicBell.General.source_relative_unitary' depends on axioms: [propext, Classical.choice, Quot.sound]
info: ././././CyclicBell/AxiomAudit.lean:772:0: 'CyclicBell.General.source_clock_shift' depends on axioms: [propext, Classical.choice, Quot.sound]
info: ././././CyclicBell/AxiomAudit.lean:773:0: 'CyclicBell.General.source_relative_weights' depends on axioms: [propext, Classical.choice, Quot.sound]
info: ././././CyclicBell/AxiomAudit.lean:774:0: 'CyclicBell.General.source_equalityBase_power' depends on axioms: [propext, Classical.choice, Quot.sound]
info: ././././CyclicBell/AxiomAudit.lean:775:0: 'CyclicBell.General.source_clock_root_product' depends on axioms: [propext, Classical.choice, Quot.sound]
info: ././././CyclicBell/AxiomAudit.lean:776:0: 'CyclicBell.General.source_character_product_reindex' depends on axioms: [propext, Classical.choice, Quot.sound]
info: ././././CyclicBell/AxiomAudit.lean:777:0: 'CyclicBell.General.source_relative_weight_product' depends on axioms: [propext, Classical.choice, Quot.sound]
info: ././././CyclicBell/AxiomAudit.lean:778:0: 'CyclicBell.General.source_relative_power' depends on axioms: [propext, Classical.choice, Quot.sound]
info: ././././CyclicBell/AxiomAudit.lean:779:0: 'CyclicBell.General.source_relative_spectral_power' depends on axioms: [propext, Classical.choice, Quot.sound]
info: ././././CyclicBell/AxiomAudit.lean:780:0: 'CyclicBell.General.sourceNormalizedWeights' depends on axioms: [propext, Classical.choice, Quot.sound]
info: ././././CyclicBell/AxiomAudit.lean:781:0: 'CyclicBell.General.sourceNormalizedWeights_unit' depends on axioms: [propext, Classical.choice, Quot.sound]
info: ././././CyclicBell/AxiomAudit.lean:782:0: 'CyclicBell.General.sourceNormalizedWeights_product' depends on axioms: [propext, Classical.choice, Quot.sound]
info: ././././CyclicBell/AxiomAudit.lean:783:0: 'CyclicBell.General.sourceNormalizedWeights_matrix' depends on axioms: [propext, Classical.choice, Quot.sound]
info: ././././CyclicBell/AxiomAudit.lean:784:0: 'CyclicBell.General.source_relative_eigenspace_eq_normalized' depends on axioms: [propext, Classical.choice, Quot.sound]
info: ././././CyclicBell/AxiomAudit.lean:785:0: 'CyclicBell.General.source_relative_eigenspace_finrank' depends on axioms: [propext, Classical.choice, Quot.sound]
info: ././././CyclicBell/AxiomAudit.lean:786:0: 'CyclicBell.General.source_relative_charpoly' depends on axioms: [propext, Classical.choice, Quot.sound]
info: ././././CyclicBell/AxiomAudit.lean:787:0: 'CyclicBell.General.sourceRelativeBasisMatrix' depends on axioms: [propext, Classical.choice, Quot.sound]
info: ././././CyclicBell/AxiomAudit.lean:788:0: 'CyclicBell.General.sourceRelativeBasisMatrix_unitary' depends on axioms: [propext, Classical.choice, Quot.sound]
info: ././././CyclicBell/AxiomAudit.lean:789:0: 'CyclicBell.General.source_relative_basis_eigen' depends on axioms: [propext, Classical.choice, Quot.sound]
info: ././././CyclicBell/AxiomAudit.lean:790:0: 'CyclicBell.General.source_clock_adjoint_phasedVector' depends on axioms: [propext, Classical.choice, Quot.sound]
info: ././././CyclicBell/AxiomAudit.lean:791:0: 'CyclicBell.General.sourceBobCycleWeights' depends on axioms: [propext, Classical.choice, Quot.sound]
info: ././././CyclicBell/AxiomAudit.lean:792:0: 'CyclicBell.General.sourceBobCycleWeights_unit' depends on axioms: [propext, Classical.choice, Quot.sound]
info: ././././CyclicBell/AxiomAudit.lean:793:0: 'CyclicBell.General.sourceBobCycleWeights_product' depends on axioms: [propext, Classical.choice, Quot.sound]
info: ././././CyclicBell/AxiomAudit.lean:794:0: 'CyclicBell.General.sourceBob_transpose_basis_action' depends on axioms: [propext, Classical.choice, Quot.sound]
info: ././././CyclicBell/AxiomAudit.lean:795:0: 'CyclicBell.General.sourceBob_transpose_similarity' depends on axioms: [propext, Classical.choice, Quot.sound]
info: ././././CyclicBell/AxiomAudit.lean:796:0: 'CyclicBell.General.matrix_eigenspace_eq_kernel' depends on axioms: [propext, Classical.choice, Quot.sound]
info: ././././CyclicBell/AxiomAudit.lean:797:0: 'CyclicBell.General.matrix_eigenspace_finrank_of_rank' depends on axioms: [propext, Classical.choice, Quot.sound]
info: ././././CyclicBell/AxiomAudit.lean:798:0: 'CyclicBell.General.matrix_eigenspace_finrank_transpose' depends on axioms: [propext, Classical.choice, Quot.sound]
info: ././././CyclicBell/AxiomAudit.lean:799:0: 'CyclicBell.General.matrix_rank_mul_unitary_right' depends on axioms: [propext, Classical.choice, Quot.sound]
info: ././././CyclicBell/AxiomAudit.lean:800:0: 'CyclicBell.General.matrix_rank_mul_unitary_left' depends on axioms: [propext, Classical.choice, Quot.sound]
info: ././././CyclicBell/AxiomAudit.lean:801:0: 'CyclicBell.General.matrix_eigenspace_finrank_unitary_intertwiner' depends on axioms: [propext,
 Classical.choice,
 Quot.sound]
info: ././././CyclicBell/AxiomAudit.lean:802:0: 'CyclicBell.General.sourceBob_eigenspace_finrank' depends on axioms: [propext, Classical.choice, Quot.sound]
info: ././././CyclicBell/AxiomAudit.lean:803:0: 'CyclicBell.General.matrix_mem_spectrum_of_eigenspace_finrank_one' depends on axioms: [propext,
 Classical.choice,
 Quot.sound]
info: ././././CyclicBell/AxiomAudit.lean:804:0: 'CyclicBell.General.source_relative_full_simple_spectrum' depends on axioms: [propext, Classical.choice, Quot.sound]
info: ././././CyclicBell/AxiomAudit.lean:805:0: 'CyclicBell.General.sourceBob_full_simple_spectrum' depends on axioms: [propext, Classical.choice, Quot.sound]
info: ././././CyclicBell/AxiomAudit.lean:806:0: 'CyclicBell.General.sourceBobMeasurement' depends on axioms: [propext, Classical.choice, Quot.sound]
info: ././././CyclicBell/AxiomAudit.lean:807:0: 'CyclicBell.General.sourceBobMeasurement_encoding' depends on axioms: [propext, Classical.choice, Quot.sound]
info: ././././CyclicBell/AxiomAudit.lean:808:0: 'CyclicBell.General.source_clock_adjoint_order' depends on axioms: [propext, Classical.choice, Quot.sound]
info: ././././CyclicBell/AxiomAudit.lean:809:0: 'CyclicBell.General.sourceAliceMeasurement' depends on axioms: [propext, Classical.choice, Quot.sound]
info: ././././CyclicBell/AxiomAudit.lean:810:0: 'CyclicBell.General.sourceAugmentedBob' depends on axioms: [propext, Classical.choice, Quot.sound]
info: ././././CyclicBell/AxiomAudit.lean:811:0: 'CyclicBell.General.sourcePhysicalStrategy' depends on axioms: [propext, Classical.choice, Quot.sound]
info: ././././CyclicBell/AxiomAudit.lean:812:0: 'CyclicBell.General.sourcePhysicalStrategy_encodings' depends on axioms: [propext, Classical.choice, Quot.sound]
info: ././././CyclicBell/AxiomAudit.lean:813:0: 'CyclicBell.General.source_bell_operator_sum' depends on axioms: [propext, Classical.choice, Quot.sound]
info: ././././CyclicBell/AxiomAudit.lean:814:0: 'CyclicBell.General.source_phi_clock' depends on axioms: [propext, Classical.choice, Quot.sound]
info: ././././CyclicBell/AxiomAudit.lean:815:0: 'CyclicBell.General.source_phi_shift' depends on axioms: [propext, Classical.choice, Quot.sound]
info: ././././CyclicBell/AxiomAudit.lean:816:0: 'CyclicBell.General.source_reduced_expectation' depends on axioms: [propext, Classical.choice, Quot.sound]
info: ././././CyclicBell/AxiomAudit.lean:817:0: 'CyclicBell.General.sourcePhysicalStrategy_attains' depends on axioms: [propext, Classical.choice, Quot.sound]
info: ././././CyclicBell/AxiomAudit.lean:818:0: 'CyclicBell.General.source_clock_transpose' depends on axioms: [propext, Classical.choice, Quot.sound]
info: ././././CyclicBell/AxiomAudit.lean:819:0: 'CyclicBell.General.source_shift_adjoint' depends on axioms: [propext, Classical.choice, Quot.sound]
info: ././././CyclicBell/AxiomAudit.lean:820:0: 'CyclicBell.General.source_inverse_shift_clock' depends on axioms: [propext, Classical.choice, Quot.sound]
info: ././././CyclicBell/AxiomAudit.lean:821:0: 'CyclicBell.General.source_relative_adjoint' depends on axioms: [propext, Classical.choice, Quot.sound]
info: ././././CyclicBell/AxiomAudit.lean:822:0: 'CyclicBell.General.source_relative_adjoint_power_clock' depends on axioms: [propext, Classical.choice, Quot.sound]
info: ././././CyclicBell/AxiomAudit.lean:823:0: 'CyclicBell.General.sourceCosecantCoefficient' depends on axioms: [propext, Classical.choice, Quot.sound]
info: ././././CyclicBell/AxiomAudit.lean:824:0: 'CyclicBell.General.sourceCoeff_weyl_phase' depends on axioms: [propext, Classical.choice, Quot.sound]
info: ././././CyclicBell/AxiomAudit.lean:825:0: 'CyclicBell.General.sourceMode_transpose' depends on axioms: [propext, Classical.choice, Quot.sound]
info: ././././CyclicBell/AxiomAudit.lean:826:0: 'CyclicBell.General.sourceBob_transpose_polynomial' depends on axioms: [propext, Classical.choice, Quot.sound]
info: ././././CyclicBell/AxiomAudit.lean:827:0: 'CyclicBell.General.finite_order_spectral_root' depends on axioms: [propext, Classical.choice, Quot.sound]
info: ././././CyclicBell/AxiomAudit.lean:828:0: 'CyclicBell.General.finite_order_spectral_complete' depends on axioms: [propext, Classical.choice, Quot.sound]
info: ././././CyclicBell/AxiomAudit.lean:829:0: 'CyclicBell.General.finiteOrderMeasurement' depends on axioms: [propext, Classical.choice, Quot.sound]
info: ././././CyclicBell/AxiomAudit.lean:830:0: 'CyclicBell.General.finiteOrderMeasurement_encoding' depends on axioms: [propext, Classical.choice, Quot.sound]
info: ././././CyclicBell/AxiomAudit.lean:831:0: 'CyclicBell.General.Coverage.orderedProduct' does not depend on any axioms
info: ././././CyclicBell/AxiomAudit.lean:832:0: 'CyclicBell.General.Coverage.orderedProduct_zero' does not depend on any axioms
info: ././././CyclicBell/AxiomAudit.lean:833:0: 'CyclicBell.General.Coverage.orderedProduct_succ' depends on axioms: [propext, Quot.sound]
info: ././././CyclicBell/AxiomAudit.lean:834:0: 'CyclicBell.General.Coverage.shift_power' depends on axioms: [propext]
info: ././././CyclicBell/AxiomAudit.lean:835:0: 'CyclicBell.General.Coverage.twisted_power_ordered' depends on axioms: [propext, Quot.sound]
info: ././././CyclicBell/AxiomAudit.lean:836:0: 'CyclicBell.General.Coverage.conjugate_twisted_power' depends on axioms: [propext, Quot.sound]
info: ././././CyclicBell/AxiomAudit.lean:837:0: 'CyclicBell.General.Coverage.BoundedFamily' depends on axioms: [propext, Classical.choice, Quot.sound]
info: ././././CyclicBell/AxiomAudit.lean:838:0: 'CyclicBell.General.Coverage.BoundedFamily.const' depends on axioms: [propext, Classical.choice, Quot.sound]
info: ././././CyclicBell/AxiomAudit.lean:839:0: 'CyclicBell.General.Coverage.BoundedFamily.add' depends on axioms: [propext, Classical.choice, Quot.sound]
info: ././././CyclicBell/AxiomAudit.lean:840:0: 'CyclicBell.General.Coverage.BoundedFamily.neg' depends on axioms: [propext, Classical.choice, Quot.sound]
info: ././././CyclicBell/AxiomAudit.lean:841:0: 'CyclicBell.General.Coverage.BoundedFamily.sub' depends on axioms: [propext, Classical.choice, Quot.sound]
info: ././././CyclicBell/AxiomAudit.lean:842:0: 'CyclicBell.General.Coverage.BoundedFamily.mul' depends on axioms: [propext, Classical.choice, Quot.sound]
info: ././././CyclicBell/AxiomAudit.lean:843:0: 'CyclicBell.General.Coverage.BoundedFamily.smul' depends on axioms: [propext, Classical.choice, Quot.sound]
info: ././././CyclicBell/AxiomAudit.lean:844:0: 'CyclicBell.General.Coverage.BoundedFamily.star' depends on axioms: [propext, Classical.choice, Quot.sound]
info: ././././CyclicBell/AxiomAudit.lean:845:0: 'CyclicBell.General.Coverage.BoundedFamily.sum' depends on axioms: [propext, Classical.choice, Quot.sound]
info: ././././CyclicBell/AxiomAudit.lean:846:0: 'CyclicBell.General.Coverage.ultraLimit' depends on axioms: [propext, Classical.choice, Quot.sound]
info: ././././CyclicBell/AxiomAudit.lean:847:0: 'CyclicBell.General.Coverage.exists_ultra_tendsto_of_eventually_bounded' depends on axioms: [propext,
 Classical.choice,
 Quot.sound]
info: ././././CyclicBell/AxiomAudit.lean:848:0: 'CyclicBell.General.Coverage.ultraLimit_tendsto' depends on axioms: [propext, Classical.choice, Quot.sound]
info: ././././CyclicBell/AxiomAudit.lean:849:0: 'CyclicBell.General.Coverage.ultraLimit_eq_of_tendsto' depends on axioms: [propext, Classical.choice, Quot.sound]
info: ././././CyclicBell/AxiomAudit.lean:850:0: 'CyclicBell.General.Coverage.ultraLimit_const' depends on axioms: [propext, Classical.choice, Quot.sound]
info: ././././CyclicBell/AxiomAudit.lean:851:0: 'CyclicBell.General.Coverage.ultraLimit_congr' depends on axioms: [propext, Classical.choice, Quot.sound]
info: ././././CyclicBell/AxiomAudit.lean:852:0: 'CyclicBell.General.Coverage.ultraLimit_add' depends on axioms: [propext, Classical.choice, Quot.sound]
info: ././././CyclicBell/AxiomAudit.lean:853:0: 'CyclicBell.General.Coverage.ultraLimit_neg' depends on axioms: [propext, Classical.choice, Quot.sound]
info: ././././CyclicBell/AxiomAudit.lean:854:0: 'CyclicBell.General.Coverage.ultraLimit_sub' depends on axioms: [propext, Classical.choice, Quot.sound]
info: ././././CyclicBell/AxiomAudit.lean:855:0: 'CyclicBell.General.Coverage.ultraLimit_mul' depends on axioms: [propext, Classical.choice, Quot.sound]
info: ././././CyclicBell/AxiomAudit.lean:856:0: 'CyclicBell.General.Coverage.ultraLimit_smul' depends on axioms: [propext, Classical.choice, Quot.sound]
info: ././././CyclicBell/AxiomAudit.lean:857:0: 'CyclicBell.General.Coverage.ultraLimit_star' depends on axioms: [propext, Classical.choice, Quot.sound]
info: ././././CyclicBell/AxiomAudit.lean:858:0: 'CyclicBell.General.Coverage.ultraLimit_sum' depends on axioms: [propext, Classical.choice, Quot.sound]
info: ././././CyclicBell/AxiomAudit.lean:859:0: 'CyclicBell.General.Coverage.ultraLimit_norm_le' depends on axioms: [propext, Classical.choice, Quot.sound]
info: ././././CyclicBell/AxiomAudit.lean:860:0: 'CyclicBell.General.Coverage.ultraLimit_re_nonneg' depends on axioms: [propext, Classical.choice, Quot.sound]
info: ././././CyclicBell/AxiomAudit.lean:861:0: 'CyclicBell.General.Coverage.ultraLimit_nonneg' depends on axioms: [propext, Classical.choice, Quot.sound]
info: ././././CyclicBell/AxiomAudit.lean:862:0: 'CyclicBell.General.Coverage.ultraLimit_gram_nonneg' depends on axioms: [propext, Classical.choice, Quot.sound]
info: ././././CyclicBell/AxiomAudit.lean:863:0: 'CyclicBell.General.Coverage.ultraLimit_gram_re_nonneg' depends on axioms: [propext, Classical.choice, Quot.sound]
info: ././././CyclicBell/AxiomAudit.lean:864:0: 'CyclicBell.General.Coverage.ultraLimit_kernel_star' depends on axioms: [propext, Classical.choice, Quot.sound]
info: ././././CyclicBell/AxiomAudit.lean:865:0: 'CyclicBell.General.Coverage.naturalUltrafilter' depends on axioms: [propext, Classical.choice, Quot.sound]
info: ././././CyclicBell/AxiomAudit.lean:866:0: 'CyclicBell.General.Coverage.naturalUltrafilter_le_atTop' depends on axioms: [propext, Classical.choice, Quot.sound]
info: ././././CyclicBell/AxiomAudit.lean:867:0: 'CyclicBell.General.Coverage.ultraLimit_natural_of_tendsto' depends on axioms: [propext, Classical.choice, Quot.sound]
info: ././././CyclicBell/AxiomAudit.lean:868:0: 'CyclicBell.General.measurement_effect_encoded' depends on axioms: [propext, Classical.choice, Quot.sound]
info: ././././CyclicBell/AxiomAudit.lean:869:0: 'CyclicBell.General.phase_eigenspace_eq_span' depends on axioms: [propext, Classical.choice, Quot.sound]
info: ././././CyclicBell/AxiomAudit.lean:870:0: 'CyclicBell.General.weighted_cycle_eigenspace_finrank' depends on axioms: [propext, Classical.choice, Quot.sound]
info: ././././CyclicBell/AxiomAudit.lean:871:0: 'CyclicBell.General.phi_local_left' depends on axioms: [propext, Classical.choice, Quot.sound]
info: ././././CyclicBell/AxiomAudit.lean:872:0: 'CyclicBell.General.phi_local_right' depends on axioms: [propext, Classical.choice, Quot.sound]
info: ././././CyclicBell/AxiomAudit.lean:873:0: 'CyclicBell.General.conditional_permutation_complete_harmonics' depends on axioms: [propext,
 Classical.choice,
 Quot.sound]
info: ././././CyclicBell/AxiomAudit.lean:874:0: 'CyclicBell.General.conditional_permutation_simple_spectra' depends on axioms: [propext, Classical.choice, Quot.sound]
info: ././././CyclicBell/AxiomAudit.lean:875:0: 'CyclicBell.General.cyclePrefixProduct' depends on axioms: [propext, Classical.choice, Quot.sound]
info: ././././CyclicBell/AxiomAudit.lean:876:0: 'CyclicBell.General.cyclePrefixProduct_nonzero' depends on axioms: [propext, Classical.choice, Quot.sound]
info: ././././CyclicBell/AxiomAudit.lean:877:0: 'CyclicBell.General.cycle_natCast_eq_iff' depends on axioms: [propext, Quot.sound]
info: ././././CyclicBell/AxiomAudit.lean:878:0: 'CyclicBell.General.weighted_power_zero_column' depends on axioms: [propext, Classical.choice, Quot.sound]
info: ././././CyclicBell/AxiomAudit.lean:879:0: 'CyclicBell.General.short_polynomial_column' depends on axioms: [propext, Classical.choice, Quot.sound]
info: ././././CyclicBell/AxiomAudit.lean:880:0: 'CyclicBell.General.charpoly_coefficient_expansion' depends on axioms: [propext, Classical.choice, Quot.sound]
info: ././././CyclicBell/AxiomAudit.lean:881:0: 'CyclicBell.General.cycle_charpoly_top_coefficient' depends on axioms: [propext, Classical.choice, Quot.sound]
info: ././././CyclicBell/AxiomAudit.lean:882:0: 'CyclicBell.General.cycle_charpoly_low_coefficient' depends on axioms: [propext, Classical.choice, Quot.sound]
info: ././././CyclicBell/AxiomAudit.lean:883:0: 'CyclicBell.General.weighted_cycle_charpoly' depends on axioms: [propext, Classical.choice, Quot.sound]
info: ././././CyclicBell/AxiomAudit.lean:884:0: 'CyclicBell.General.phase_cycle_charpoly' depends on axioms: [propext, Classical.choice, Quot.sound]
info: ././././CyclicBell/AxiomAudit.lean:885:0: 'CyclicBell.General.weighted_power_entry' depends on axioms: [propext, Classical.choice, Quot.sound]
info: ././././CyclicBell/AxiomAudit.lean:886:0: 'CyclicBell.General.weighted_full_power' depends on axioms: [propext, Classical.choice, Quot.sound]
info: ././././CyclicBell/AxiomAudit.lean:887:0: 'CyclicBell.General.weighted_entry_conjugate' depends on axioms: [propext, Classical.choice, Quot.sound]
info: ././././CyclicBell/AxiomAudit.lean:888:0: 'CyclicBell.General.weighted_linear' depends on axioms: [propext, Classical.choice, Quot.sound]
info: ././././CyclicBell/AxiomAudit.lean:889:0: 'CyclicBell.General.phi_weighted' depends on axioms: [propext, Classical.choice, Quot.sound]
info: ././././CyclicBell/AxiomAudit.lean:890:0: 'CyclicBell.General.natCast_ne_zero_of_lt' depends on axioms: [propext, Quot.sound]
info: ././././CyclicBell/AxiomAudit.lean:891:0: 'CyclicBell.General.weighted_trace_zero' depends on axioms: [propext, Classical.choice, Quot.sound]
info: ././././CyclicBell/AxiomAudit.lean:892:0: 'CyclicBell.General.product_from_recurrence' depends on axioms: [propext, Classical.choice, Quot.sound]
info: ././././CyclicBell/AxiomAudit.lean:893:0: 'CyclicBell.General.phases_permuted' depends on axioms: [propext, Classical.choice, Quot.sound]
info: ././././CyclicBell/AxiomAudit.lean:894:0: 'CyclicBell.General.product_permuted' depends on axioms: [propext, Classical.choice, Quot.sound]
info: ././././CyclicBell/AxiomAudit.lean:895:0: 'CyclicBell.General.sum_permuted' depends on axioms: [propext, Classical.choice, Quot.sound]
info: ././././CyclicBell/AxiomAudit.lean:896:0: 'CyclicBell.General.first_harmonic_permutation' depends on axioms: [propext, Classical.choice, Quot.sound]
info: ././././CyclicBell/AxiomAudit.lean:897:0: 'CyclicBell.General.added_first_harmonics' depends on axioms: [propext, Classical.choice, Quot.sound]
info: ././././CyclicBell/AxiomAudit.lean:898:0: 'CyclicBell.General.recurrence_lag_one' depends on axioms: [propext, Classical.choice, Quot.sound]
info: ././././CyclicBell/AxiomAudit.lean:899:0: 'CyclicBell.General.recurrence_lag_two' depends on axioms: [propext, Classical.choice, Quot.sound]
info: ././././CyclicBell/AxiomAudit.lean:900:0: 'CyclicBell.General.conjugate_measurement_encoding' depends on axioms: [propext, Classical.choice, Quot.sound]
info: ././././CyclicBell/AxiomAudit.lean:901:0: 'CyclicBell.General.cis_eq_one_iff' depends on axioms: [propext, Classical.choice, Quot.sound]
info: ././././CyclicBell/AxiomAudit.lean:902:0: 'CyclicBell.General.unit_power_root_character' depends on axioms: [propext, Classical.choice, Quot.sound]
info: ././././CyclicBell/AxiomAudit.lean:903:0: 'CyclicBell.General.equalityBase_power' depends on axioms: [propext, Classical.choice, Quot.sound]
info: ././././CyclicBell/AxiomAudit.lean:904:0: 'CyclicBell.General.equalityRoot_complete' depends on axioms: [propext, Classical.choice, Quot.sound]
info: ././././CyclicBell/AxiomAudit.lean:905:0: 'CyclicBell.General.equalityRoot_complete_iff' depends on axioms: [propext, Classical.choice, Quot.sound]
info: ././././CyclicBell/AxiomAudit.lean:906:0: 'CyclicBell.General.equalityIndicator' depends on axioms: [propext, Classical.choice, Quot.sound]
info: ././././CyclicBell/AxiomAudit.lean:907:0: 'CyclicBell.General.scalarPolarPhase' depends on axioms: [propext, Classical.choice, Quot.sound]
info: ././././CyclicBell/AxiomAudit.lean:908:0: 'CyclicBell.General.scalarPolarPhase_at_root' depends on axioms: [propext, Classical.choice, Quot.sound]
info: ././././CyclicBell/AxiomAudit.lean:909:0: 'CyclicBell.General.good_phase_nonzero' depends on axioms: [propext, Classical.choice, Quot.sound]
info: ././././CyclicBell/AxiomAudit.lean:910:0: 'CyclicBell.General.polarPhase_square' depends on axioms: [propext, Classical.choice, Quot.sound]
info: ././././CyclicBell/AxiomAudit.lean:911:0: 'CyclicBell.General.polarBase_adjacent' depends on axioms: [propext, Classical.choice, Quot.sound]
info: ././././CyclicBell/AxiomAudit.lean:912:0: 'CyclicBell.General.polarPhase_adjacent' depends on axioms: [propext, Classical.choice, Quot.sound]
info: ././././CyclicBell/AxiomAudit.lean:913:0: 'CyclicBell.General.reflection_phase_power' depends on axioms: [propext, Classical.choice, Quot.sound]
info: ././././CyclicBell/AxiomAudit.lean:914:0: 'CyclicBell.General.scalarMaximum_two' depends on axioms: [propext, Classical.choice, Quot.sound]
info: ././././CyclicBell/AxiomAudit.lean:915:0: 'CyclicBell.General.scalarMaximum_three' depends on axioms: [propext, Classical.choice, Quot.sound]
info: ././././CyclicBell/AxiomAudit.lean:916:0: 'CyclicBell.General.sqrt_four_radical_product' depends on axioms: [propext, Classical.choice, Quot.sound]
info: ././././CyclicBell/AxiomAudit.lean:917:0: 'CyclicBell.General.scalarMaximum_four' depends on axioms: [propext, Classical.choice, Quot.sound]
info: ././././CyclicBell/AxiomAudit.lean:918:0: 'CyclicBell.General.sin_pi_div_ten_exact' depends on axioms: [propext, Classical.choice, Quot.sound]
info: ././././CyclicBell/AxiomAudit.lean:919:0: 'CyclicBell.General.scalarMaximum_five' depends on axioms: [propext, Classical.choice, Quot.sound]
info: ././././CyclicBell/AxiomAudit.lean:920:0: 'CyclicBell.General.sin_pi_div_twelve_exact' depends on axioms: [propext, Classical.choice, Quot.sound]
info: ././././CyclicBell/AxiomAudit.lean:921:0: 'CyclicBell.General.scalarMaximum_six' depends on axioms: [propext, Classical.choice, Quot.sound]
info: ././././CyclicBell/AxiomAudit.lean:922:0: 'CyclicBell.General.small_dimension_exact_value_table' depends on axioms: [propext, Classical.choice, Quot.sound]
info: ././././CyclicBell/AxiomAudit.lean:923:0: 'CyclicBell.General.first_four_augmented_radical_values' depends on axioms: [propext, Classical.choice, Quot.sound]
info: ././././CyclicBell/AxiomAudit.lean:924:0: 'CyclicBell.General.positive_zero_diagonal' depends on axioms: [propext, Classical.choice, Quot.sound]
info: ././././CyclicBell/AxiomAudit.lean:925:0: 'CyclicBell.General.constant_diagonal_extremal_scalar' depends on axioms: [propext, Classical.choice, Quot.sound]
info: ././././CyclicBell/AxiomAudit.lean:926:0: 'CyclicBell.General.constant_diagonal_no_extremum' depends on axioms: [propext, Classical.choice, Quot.sound]
info: ././././CyclicBell/AxiomAudit.lean:927:0: 'CyclicBell.General.circulantOperator' depends on axioms: [propext, Classical.choice, Quot.sound]
info: ././././CyclicBell/AxiomAudit.lean:928:0: 'CyclicBell.General.diagonalConjugatedCirculant' depends on axioms: [propext, Classical.choice, Quot.sound]
info: ././././CyclicBell/AxiomAudit.lean:929:0: 'CyclicBell.General.exposureOperator' depends on axioms: [propext, Classical.choice, Quot.sound]
info: ././././CyclicBell/AxiomAudit.lean:930:0: 'CyclicBell.General.exposure_constant_diagonal' depends on axioms: [propext, Classical.choice, Quot.sound]
info: ././././CyclicBell/AxiomAudit.lean:931:0: 'CyclicBell.General.exposure_eigenvalue_diagonal' depends on axioms: [propext, Classical.choice, Quot.sound]
info: ././././CyclicBell/AxiomAudit.lean:932:0: 'CyclicBell.General.computational_MUB_exposure_obstruction' depends on axioms: [propext, Classical.choice, Quot.sound]
info: ././././CyclicBell/AxiomAudit.lean:933:0: 'CyclicBell.General.source_computational_MUB_exposure' depends on axioms: [propext, Classical.choice, Quot.sound]
info: ././././CyclicBell/AxiomAudit.lean:934:0: 'CyclicBell.General.GuessLabel' does not depend on any axioms
info: ././././CyclicBell/AxiomAudit.lean:935:0: 'CyclicBell.General.ExtendedBehavior' depends on axioms: [propext, Classical.choice, Quot.sound]
info: ././././CyclicBell/AxiomAudit.lean:936:0: 'CyclicBell.General.forgetE' depends on axioms: [propext, Classical.choice, Quot.sound]
info: ././././CyclicBell/AxiomAudit.lean:937:0: 'CyclicBell.General.guessingSuccess' depends on axioms: [propext, Classical.choice, Quot.sound]
info: ././././CyclicBell/AxiomAudit.lean:938:0: 'CyclicBell.General.ExtendedNormalized' depends on axioms: [propext, Classical.choice, Quot.sound]
info: ././././CyclicBell/AxiomAudit.lean:939:0: 'CyclicBell.General.forgetE_continuous' depends on axioms: [propext, Classical.choice, Quot.sound]
info: ././././CyclicBell/AxiomAudit.lean:940:0: 'CyclicBell.General.guessingSuccess_continuous' depends on axioms: [propext, Classical.choice, Quot.sound]
info: ././././CyclicBell/AxiomAudit.lean:941:0: 'CyclicBell.General.extendedNormalized_isClosed' depends on axioms: [propext, Classical.choice, Quot.sound]
info: ././././CyclicBell/AxiomAudit.lean:942:0: 'CyclicBell.General.extendedNormalized_closure' depends on axioms: [propext, Classical.choice, Quot.sound]
info: ././././CyclicBell/AxiomAudit.lean:943:0: 'CyclicBell.General.guessingSuccess_nonnegative' depends on axioms: [propext, Classical.choice, Quot.sound]
info: ././././CyclicBell/AxiomAudit.lean:944:0: 'CyclicBell.General.guessingSuccess_le_one' depends on axioms: [propext, Classical.choice, Quot.sound]
info: ././././CyclicBell/AxiomAudit.lean:945:0: 'CyclicBell.General.extended_marginal_normalized' depends on axioms: [propext, Classical.choice, Quot.sound]
info: ././././CyclicBell/AxiomAudit.lean:946:0: 'CyclicBell.General.attachFixedGuess' depends on axioms: [propext, Classical.choice, Quot.sound]
info: ././././CyclicBell/AxiomAudit.lean:947:0: 'CyclicBell.General.forgetE_attachFixedGuess' depends on axioms: [propext, Classical.choice, Quot.sound]
info: ././././CyclicBell/AxiomAudit.lean:948:0: 'CyclicBell.General.guessingSuccess_attachFixedGuess' depends on axioms: [propext, Classical.choice, Quot.sound]
info: ././././CyclicBell/AxiomAudit.lean:949:0: 'CyclicBell.General.valueSlice' depends on axioms: [propext, Classical.choice, Quot.sound]
info: ././././CyclicBell/AxiomAudit.lean:950:0: 'CyclicBell.General.valueGuessing' depends on axioms: [propext, Classical.choice, Quot.sound]
info: ././././CyclicBell/AxiomAudit.lean:951:0: 'CyclicBell.General.valueGuessing_bddAbove' depends on axioms: [propext, Classical.choice, Quot.sound]
info: ././././CyclicBell/AxiomAudit.lean:952:0: 'CyclicBell.General.le_valueGuessing_of_member' depends on axioms: [propext, Classical.choice, Quot.sound]
info: ././././CyclicBell/AxiomAudit.lean:953:0: 'CyclicBell.General.valueGuessing_le_one_of_nonempty' depends on axioms: [propext, Classical.choice, Quot.sound]
info: ././././CyclicBell/AxiomAudit.lean:954:0: 'CyclicBell.General.valueGuessing_interval_from_witness' depends on axioms: [propext, Classical.choice, Quot.sound]
info: ././././CyclicBell/AxiomAudit.lean:955:0: 'CyclicBell.General.valueGuessing_mono' depends on axioms: [propext, Classical.choice, Quot.sound]
info: ././././CyclicBell/AxiomAudit.lean:956:0: 'CyclicBell.General.MatrixSpectrum' depends on axioms: [propext, Classical.choice, Quot.sound]
info: ././././CyclicBell/AxiomAudit.lean:957:0: 'CyclicBell.General.matrixSpectrum_finite' depends on axioms: [propext, Classical.choice, Quot.sound]
info: ././././CyclicBell/AxiomAudit.lean:958:0: 'CyclicBell.General.finiteMatrixSpectrum' depends on axioms: [propext, Classical.choice, Quot.sound]
info: ././././CyclicBell/AxiomAudit.lean:959:0: 'CyclicBell.General.discreteMatrixSpectrum' depends on axioms: [propext, Classical.choice, Quot.sound]
info: ././././CyclicBell/AxiomAudit.lean:960:0: 'CyclicBell.General.finiteCM' depends on axioms: [propext, Classical.choice, Quot.sound]
info: ././././CyclicBell/AxiomAudit.lean:961:0: 'CyclicBell.General.finiteCalc' depends on axioms: [propext, Classical.choice, Quot.sound]
info: ././././CyclicBell/AxiomAudit.lean:962:0: 'CyclicBell.General.finiteCalc_congr' depends on axioms: [propext, Classical.choice, Quot.sound]
info: ././././CyclicBell/AxiomAudit.lean:963:0: 'CyclicBell.General.finiteCalc_zero' depends on axioms: [propext, Classical.choice, Quot.sound]
info: ././././CyclicBell/AxiomAudit.lean:964:0: 'CyclicBell.General.finiteCalc_one' depends on axioms: [propext, Classical.choice, Quot.sound]
info: ././././CyclicBell/AxiomAudit.lean:965:0: 'CyclicBell.General.finiteCalc_const' depends on axioms: [propext, Classical.choice, Quot.sound]
info: ././././CyclicBell/AxiomAudit.lean:966:0: 'CyclicBell.General.finiteCalc_coordinate' depends on axioms: [propext, Classical.choice, Quot.sound]
info: ././././CyclicBell/AxiomAudit.lean:967:0: 'CyclicBell.General.finiteCalc_add' depends on axioms: [propext, Classical.choice, Quot.sound]
info: ././././CyclicBell/AxiomAudit.lean:968:0: 'CyclicBell.General.finiteCalc_sub' depends on axioms: [propext, Classical.choice, Quot.sound]
info: ././././CyclicBell/AxiomAudit.lean:969:0: 'CyclicBell.General.finiteCalc_mul' depends on axioms: [propext, Classical.choice, Quot.sound]
info: ././././CyclicBell/AxiomAudit.lean:970:0: 'CyclicBell.General.finiteCalc_smul' depends on axioms: [propext, Classical.choice, Quot.sound]
info: ././././CyclicBell/AxiomAudit.lean:971:0: 'CyclicBell.General.finiteCalc_star' depends on axioms: [propext, Classical.choice, Quot.sound]
info: ././././CyclicBell/AxiomAudit.lean:972:0: 'CyclicBell.General.finiteCalc_pow' depends on axioms: [propext, Classical.choice, Quot.sound]
info: ././././CyclicBell/AxiomAudit.lean:973:0: 'CyclicBell.General.finiteCalc_sum' depends on axioms: [propext, Classical.choice, Quot.sound]
info: ././././CyclicBell/AxiomAudit.lean:974:0: 'CyclicBell.General.finiteCalc_commute' depends on axioms: [propext, Classical.choice, Quot.sound]
info: ././././CyclicBell/AxiomAudit.lean:975:0: 'CyclicBell.General.finiteCalc_zero_transfer' depends on axioms: [propext, Classical.choice, Quot.sound]
info: ././././CyclicBell/AxiomAudit.lean:976:0: 'CyclicBell.General.finiteCalc_supported_congr' depends on axioms: [propext, Classical.choice, Quot.sound]
info: ././././CyclicBell/AxiomAudit.lean:977:0: 'CyclicBell.General.finiteSpectralProjection' depends on axioms: [propext, Classical.choice, Quot.sound]
info: ././././CyclicBell/AxiomAudit.lean:978:0: 'CyclicBell.General.finiteSpectralProjection_star' depends on axioms: [propext, Classical.choice, Quot.sound]
info: ././././CyclicBell/AxiomAudit.lean:979:0: 'CyclicBell.General.finiteSpectralProjection_mul' depends on axioms: [propext, Classical.choice, Quot.sound]
info: ././././CyclicBell/AxiomAudit.lean:980:0: 'CyclicBell.General.finiteSpectralProjection_eigen' depends on axioms: [propext, Classical.choice, Quot.sound]
info: ././././CyclicBell/AxiomAudit.lean:981:0: 'CyclicBell.General.firstReducedOperator' depends on axioms: [propext, Classical.choice, Quot.sound]
info: ././././CyclicBell/AxiomAudit.lean:982:0: 'CyclicBell.General.halfPolarResidual' depends on axioms: [propext, Classical.choice, Quot.sound]
info: ././././CyclicBell/AxiomAudit.lean:983:0: 'CyclicBell.General.halfPolar_gap_identity' depends on axioms: [propext, Classical.choice, Quot.sound]
info: ././././CyclicBell/AxiomAudit.lean:984:0: 'CyclicBell.General.first_matrix_sos' depends on axioms: [propext, Classical.choice, Quot.sound]
info: ././././CyclicBell/AxiomAudit.lean:985:0: 'CyclicBell.General.first_matrix_upper' depends on axioms: [propext, Classical.choice, Quot.sound]
info: ././././CyclicBell/AxiomAudit.lean:986:0: 'CyclicBell.General.firstValue' depends on axioms: [propext, Classical.choice, Quot.sound]
info: ././././CyclicBell/AxiomAudit.lean:987:0: 'CyclicBell.General.first_physical_upper' depends on axioms: [propext, Classical.choice, Quot.sound]
info: ././././CyclicBell/AxiomAudit.lean:988:0: 'CyclicBell.General.first_physical_upper_expanded' depends on axioms: [propext, Classical.choice, Quot.sound]
info: ././././CyclicBell/AxiomAudit.lean:989:0: 'CyclicBell.General.permutationAlice' depends on axioms: [propext, Classical.choice, Quot.sound]
info: ././././CyclicBell/AxiomAudit.lean:990:0: 'CyclicBell.General.permutationBob' depends on axioms: [propext, Classical.choice, Quot.sound]
info: ././././CyclicBell/AxiomAudit.lean:991:0: 'CyclicBell.General.firstPermutationStrategy' depends on axioms: [propext, Classical.choice, Quot.sound]
info: ././././CyclicBell/AxiomAudit.lean:992:0: 'CyclicBell.General.permutationAlice_zero' depends on axioms: [propext, Classical.choice, Quot.sound]
info: ././././CyclicBell/AxiomAudit.lean:993:0: 'CyclicBell.General.permutationAlice_one' depends on axioms: [propext, Classical.choice, Quot.sound]
info: ././././CyclicBell/AxiomAudit.lean:994:0: 'CyclicBell.General.permutationBob_none' depends on axioms: [propext, Classical.choice, Quot.sound]
info: ././././CyclicBell/AxiomAudit.lean:995:0: 'CyclicBell.General.permutationBob_some' depends on axioms: [propext, Classical.choice, Quot.sound]
info: ././././CyclicBell/AxiomAudit.lean:996:0: 'CyclicBell.General.entangled_stateEval' depends on axioms: [propext, Classical.choice, Quot.sound]
info: ././././CyclicBell/AxiomAudit.lean:997:0: 'CyclicBell.General.firstPermutation_term' depends on axioms: [propext, Classical.choice, Quot.sound]
info: ././././CyclicBell/AxiomAudit.lean:998:0: 'CyclicBell.General.firstPermutation_attains' depends on axioms: [propext, Classical.choice, Quot.sound]
info: ././././CyclicBell/AxiomAudit.lean:999:0: 'CyclicBell.General.firstPermutation_harmonics' depends on axioms: [propext, Classical.choice, Quot.sound]
info: ././././CyclicBell/AxiomAudit.lean:1000:0: 'CyclicBell.General.firstPermutation_target' depends on axioms: [propext, Classical.choice, Quot.sound]
info: ././././CyclicBell/AxiomAudit.lean:1001:0: 'CyclicBell.General.firstSwap_target' depends on axioms: [propext, Classical.choice, Quot.sound]
info: ././././CyclicBell/AxiomAudit.lean:1002:0: 'CyclicBell.General.firstPermutation_maximal' depends on axioms: [propext, Classical.choice, Quot.sound]
info: ././././CyclicBell/AxiomAudit.lean:1003:0: 'CyclicBell.General.first_all_dimension_counterexample' depends on axioms: [propext, Classical.choice, Quot.sound]
info: ././././CyclicBell/AxiomAudit.lean:1004:0: 'CyclicBell.General.Ix' does not depend on any axioms
info: ././././CyclicBell/AxiomAudit.lean:1005:0: 'CyclicBell.General.dimension_pos' depends on axioms: [propext, Classical.choice, Quot.sound]
info: ././././CyclicBell/AxiomAudit.lean:1006:0: 'CyclicBell.General.chi' depends on axioms: [propext, Classical.choice, Quot.sound]
info: ././././CyclicBell/AxiomAudit.lean:1007:0: 'CyclicBell.General.chi_zero' depends on axioms: [propext, Classical.choice, Quot.sound]
info: ././././CyclicBell/AxiomAudit.lean:1008:0: 'CyclicBell.General.chi_add' depends on axioms: [propext, Classical.choice, Quot.sound]
info: ././././CyclicBell/AxiomAudit.lean:1009:0: 'CyclicBell.General.chi_norm' depends on axioms: [propext, Classical.choice, Quot.sound]
info: ././././CyclicBell/AxiomAudit.lean:1010:0: 'CyclicBell.General.chi_ne_zero' depends on axioms: [propext, Classical.choice, Quot.sound]
info: ././././CyclicBell/AxiomAudit.lean:1011:0: 'CyclicBell.General.chi_normSq' depends on axioms: [propext, Classical.choice, Quot.sound]
info: ././././CyclicBell/AxiomAudit.lean:1012:0: 'CyclicBell.General.chi_star_mul' depends on axioms: [propext, Classical.choice, Quot.sound]
info: ././././CyclicBell/AxiomAudit.lean:1013:0: 'CyclicBell.General.chi_star' depends on axioms: [propext, Classical.choice, Quot.sound]
info: ././././CyclicBell/AxiomAudit.lean:1014:0: 'CyclicBell.General.chi_sub' depends on axioms: [propext, Classical.choice, Quot.sound]
info: ././././CyclicBell/AxiomAudit.lean:1015:0: 'CyclicBell.General.chi_pow' depends on axioms: [propext, Classical.choice, Quot.sound]
info: ././././CyclicBell/AxiomAudit.lean:1016:0: 'CyclicBell.General.chi_injective' depends on axioms: [propext, Classical.choice, Quot.sound]
info: ././././CyclicBell/AxiomAudit.lean:1017:0: 'CyclicBell.General.chi_eq_one_iff' depends on axioms: [propext, Classical.choice, Quot.sound]
info: ././././CyclicBell/AxiomAudit.lean:1018:0: 'CyclicBell.General.chi_intCast' depends on axioms: [propext, Classical.choice, Quot.sound]
info: ././././CyclicBell/AxiomAudit.lean:1019:0: 'CyclicBell.General.chi_natCast' depends on axioms: [propext, Classical.choice, Quot.sound]
info: ././././CyclicBell/AxiomAudit.lean:1020:0: 'CyclicBell.General.chi_val' depends on axioms: [propext, Classical.choice, Quot.sound]
info: ././././CyclicBell/AxiomAudit.lean:1021:0: 'CyclicBell.General.character_sum' depends on axioms: [propext, Classical.choice, Quot.sound]
info: ././././CyclicBell/AxiomAudit.lean:1022:0: 'CyclicBell.General.sum_translate' depends on axioms: [propext, Classical.choice, Quot.sound]
info: ././././CyclicBell/AxiomAudit.lean:1023:0: 'CyclicBell.General.sum_negate' depends on axioms: [propext, Classical.choice, Quot.sound]
info: ././././CyclicBell/AxiomAudit.lean:1024:0: 'CyclicBell.General.fourier' depends on axioms: [propext, Classical.choice, Quot.sound]
info: ././././CyclicBell/AxiomAudit.lean:1025:0: 'CyclicBell.General.autocorrelation' depends on axioms: [propext, Classical.choice, Quot.sound]
info: ././././CyclicBell/AxiomAudit.lean:1026:0: 'CyclicBell.General.powerSpectrum' depends on axioms: [propext, Classical.choice, Quot.sound]
info: ././././CyclicBell/AxiomAudit.lean:1027:0: 'CyclicBell.General.UnitPhases' depends on axioms: [propext, Classical.choice, Quot.sound]
info: ././././CyclicBell/AxiomAudit.lean:1028:0: 'CyclicBell.General.FourierFlat' depends on axioms: [propext, Classical.choice, Quot.sound]
info: ././././CyclicBell/AxiomAudit.lean:1029:0: 'CyclicBell.General.fourier_eq_dft_neg' depends on axioms: [propext, Classical.choice, Quot.sound]
info: ././././CyclicBell/AxiomAudit.lean:1030:0: 'CyclicBell.General.fourier_inversion' depends on axioms: [propext, Classical.choice, Quot.sound]
info: ././././CyclicBell/AxiomAudit.lean:1031:0: 'CyclicBell.General.fourier_zero' depends on axioms: [propext, Classical.choice, Quot.sound]
info: ././././CyclicBell/AxiomAudit.lean:1032:0: 'CyclicBell.General.fourier_autocorrelation' depends on axioms: [propext, Classical.choice, Quot.sound]
info: ././././CyclicBell/AxiomAudit.lean:1033:0: 'CyclicBell.General.autocorrelation_inversion' depends on axioms: [propext, Classical.choice, Quot.sound]
info: ././././CyclicBell/AxiomAudit.lean:1034:0: 'CyclicBell.General.autocorrelation_zero' depends on axioms: [propext, Classical.choice, Quot.sound]
info: ././././CyclicBell/AxiomAudit.lean:1035:0: 'CyclicBell.General.autocorrelation_neg' depends on axioms: [propext, Classical.choice, Quot.sound]
info: ././././CyclicBell/AxiomAudit.lean:1036:0: 'CyclicBell.General.parseval' depends on axioms: [propext, Classical.choice, Quot.sound]
info: ././././CyclicBell/AxiomAudit.lean:1037:0: 'CyclicBell.General.flat_iff_autocorrelation' depends on axioms: [propext, Classical.choice, Quot.sound]
info: ././././CyclicBell/AxiomAudit.lean:1038:0: 'CyclicBell.General.fourierTable' depends on axioms: [propext, Classical.choice, Quot.sound]
info: ././././CyclicBell/AxiomAudit.lean:1039:0: 'CyclicBell.General.table_nonnegative' depends on axioms: [propext, Classical.choice, Quot.sound]
info: ././././CyclicBell/AxiomAudit.lean:1040:0: 'CyclicBell.General.table_row_sum' depends on axioms: [propext, Classical.choice, Quot.sound]
info: ././././CyclicBell/AxiomAudit.lean:1041:0: 'CyclicBell.General.table_column_sum' depends on axioms: [propext, Classical.choice, Quot.sound]
info: ././././CyclicBell/AxiomAudit.lean:1042:0: 'CyclicBell.General.table_normalized' depends on axioms: [propext, Classical.choice, Quot.sound]
info: ././././CyclicBell/AxiomAudit.lean:1043:0: 'CyclicBell.General.table_uniform_iff' depends on axioms: [propext, Classical.choice, Quot.sound]
info: ././././CyclicBell/AxiomAudit.lean:1044:0: 'CyclicBell.General.nonzero_lag_not_uniform' depends on axioms: [propext, Classical.choice, Quot.sound]
info: ././././CyclicBell/AxiomAudit.lean:1045:0: 'CyclicBell.General.moduleFourier' depends on axioms: [propext, Classical.choice, Quot.sound]
info: ././././CyclicBell/AxiomAudit.lean:1046:0: 'CyclicBell.General.moduleFourier_eq_dft' depends on axioms: [propext, Classical.choice, Quot.sound]
info: ././././CyclicBell/AxiomAudit.lean:1047:0: 'CyclicBell.General.moduleFourier_inversion' depends on axioms: [propext, Classical.choice, Quot.sound]
info: ././././CyclicBell/AxiomAudit.lean:1048:0: 'CyclicBell.General.operatorFourier' depends on axioms: [propext, Classical.choice, Quot.sound]
info: ././././CyclicBell/AxiomAudit.lean:1049:0: 'CyclicBell.General.operatorFourier_nested' depends on axioms: [propext, Classical.choice, Quot.sound]
info: ././././CyclicBell/AxiomAudit.lean:1050:0: 'CyclicBell.General.operatorFourier_inversion' depends on axioms: [propext, Classical.choice, Quot.sound]
info: ././././CyclicBell/AxiomAudit.lean:1051:0: 'CyclicBell.General.operator_uniform_iff' depends on axioms: [propext, Classical.choice, Quot.sound]
info: ././././CyclicBell/AxiomAudit.lean:1052:0: 'CyclicBell.General.squareRootNorm' depends on axioms: [propext, Classical.choice, Quot.sound]
info: ././././CyclicBell/AxiomAudit.lean:1053:0: 'CyclicBell.General.continuousPolarRoot' depends on axioms: [propext, Classical.choice, Quot.sound]
info: ././././CyclicBell/AxiomAudit.lean:1054:0: 'CyclicBell.General.squareRootNorm_zero' depends on axioms: [propext, Classical.choice, Quot.sound]
info: ././././CyclicBell/AxiomAudit.lean:1055:0: 'CyclicBell.General.continuousPolarRoot_zero' depends on axioms: [propext, Classical.choice, Quot.sound]
info: ././././CyclicBell/AxiomAudit.lean:1056:0: 'CyclicBell.General.squareRootNorm_continuous' depends on axioms: [propext, Classical.choice, Quot.sound]
info: ././././CyclicBell/AxiomAudit.lean:1057:0: 'CyclicBell.General.squareRootNorm_square' depends on axioms: [propext, Classical.choice, Quot.sound]
info: ././././CyclicBell/AxiomAudit.lean:1058:0: 'CyclicBell.General.squareRootNorm_ne_zero' depends on axioms: [propext, Classical.choice, Quot.sound]
info: ././././CyclicBell/AxiomAudit.lean:1059:0: 'CyclicBell.General.continuousPolarRoot_norm' depends on axioms: [propext, Classical.choice, Quot.sound]
info: ././././CyclicBell/AxiomAudit.lean:1060:0: 'CyclicBell.General.continuousPolarRoot_continuous' depends on axioms: [propext, Classical.choice, Quot.sound]
info: ././././CyclicBell/AxiomAudit.lean:1061:0: 'CyclicBell.General.continuousPolarRoot_cross' depends on axioms: [propext, Classical.choice, Quot.sound]
info: ././././CyclicBell/AxiomAudit.lean:1062:0: 'CyclicBell.General.continuousPolarRoot_square' depends on axioms: [propext, Classical.choice, Quot.sound]
info: ././././CyclicBell/AxiomAudit.lean:1063:0: 'CyclicBell.General.StarUnitary' does not depend on any axioms
info: ././././CyclicBell/AxiomAudit.lean:1064:0: 'CyclicBell.General.starUnitary_normal' does not depend on any axioms
info: ././././CyclicBell/AxiomAudit.lean:1065:0: 'CyclicBell.General.conjugationHom' depends on axioms: [propext, Classical.choice, Quot.sound]
info: ././././CyclicBell/AxiomAudit.lean:1066:0: 'CyclicBell.General.conjugationHom_continuous' depends on axioms: [propext, Classical.choice, Quot.sound]
info: ././././CyclicBell/AxiomAudit.lean:1067:0: 'CyclicBell.General.cfcHom_commute_unitary' depends on axioms: [propext, Classical.choice, Quot.sound]
info: ././././CyclicBell/AxiomAudit.lean:1068:0: 'CyclicBell.General.spectrum_unit_norm' depends on axioms: [propext, Classical.choice, Quot.sound]
info: ././././CyclicBell/AxiomAudit.lean:1069:0: 'CyclicBell.General.CMat' depends on axioms: [propext, Classical.choice, Quot.sound]
info: ././././CyclicBell/AxiomAudit.lean:1070:0: 'CyclicBell.General.toCMatrix' depends on axioms: [propext, Classical.choice, Quot.sound]
info: ././././CyclicBell/AxiomAudit.lean:1071:0: 'CyclicBell.General.toCMatrix_unitary' depends on axioms: [propext, Classical.choice, Quot.sound]
info: ././././CyclicBell/AxiomAudit.lean:1072:0: 'CyclicBell.General.matrixCfc' depends on axioms: [propext, Classical.choice, Quot.sound]
info: ././././CyclicBell/AxiomAudit.lean:1073:0: 'CyclicBell.General.matrixCfc_coordinate' depends on axioms: [propext, Classical.choice, Quot.sound]
info: ././././CyclicBell/AxiomAudit.lean:1074:0: 'CyclicBell.General.matrixCfc_commute' depends on axioms: [propext, Classical.choice, Quot.sound]
info: ././././CyclicBell/AxiomAudit.lean:1075:0: 'CyclicBell.General.modulusCM' depends on axioms: [propext, Classical.choice, Quot.sound]
info: ././././CyclicBell/AxiomAudit.lean:1076:0: 'CyclicBell.General.rootCM' depends on axioms: [propext, Classical.choice, Quot.sound]
info: ././././CyclicBell/AxiomAudit.lean:1077:0: 'CyclicBell.General.polarRootCM' depends on axioms: [propext, Classical.choice, Quot.sound]
info: ././././CyclicBell/AxiomAudit.lean:1078:0: 'CyclicBell.General.scalarGapCM' depends on axioms: [propext, Classical.choice, Quot.sound]
info: ././././CyclicBell/AxiomAudit.lean:1079:0: 'CyclicBell.General.rootCM_square' depends on axioms: [propext, Classical.choice, Quot.sound]
info: ././././CyclicBell/AxiomAudit.lean:1080:0: 'CyclicBell.General.polarRootCM_square' depends on axioms: [propext, Classical.choice, Quot.sound]
info: ././././CyclicBell/AxiomAudit.lean:1081:0: 'CyclicBell.General.rootCM_cross' depends on axioms: [propext, Classical.choice, Quot.sound]
info: ././././CyclicBell/AxiomAudit.lean:1082:0: 'CyclicBell.General.scalarGapCM_square' depends on axioms: [propext, Classical.choice, Quot.sound]
info: ././././CyclicBell/AxiomAudit.lean:1083:0: 'CyclicBell.General.matrix_functional_factors' depends on axioms: [propext, Classical.choice, Quot.sound]
info: ././././CyclicBell/AxiomAudit.lean:1084:0: 'CyclicBell.General.cis_chord_identity' depends on axioms: [propext, Classical.choice, Quot.sound]
info: ././././CyclicBell/AxiomAudit.lean:1085:0: 'CyclicBell.General.cis_chord_norm' depends on axioms: [propext, Classical.choice, Quot.sound]
info: ././././CyclicBell/AxiomAudit.lean:1086:0: 'CyclicBell.General.root_difference_norm' depends on axioms: [propext, Classical.choice, Quot.sound]
info: ././././CyclicBell/AxiomAudit.lean:1087:0: 'CyclicBell.General.short_chord' depends on axioms: [propext, Classical.choice, Quot.sound]
info: ././././CyclicBell/AxiomAudit.lean:1088:0: 'CyclicBell.General.negative_chord' depends on axioms: [propext, Classical.choice, Quot.sound]
info: ././././CyclicBell/AxiomAudit.lean:1089:0: 'CyclicBell.General.sine_step_positive' depends on axioms: [propext, Classical.choice, Quot.sound]
info: ././././CyclicBell/AxiomAudit.lean:1090:0: 'CyclicBell.General.swapped_R2_norm' depends on axioms: [propext, Classical.choice, Quot.sound]
info: ././././CyclicBell/AxiomAudit.lean:1091:0: 'CyclicBell.General.autocorrelation_le_peak_excess' depends on axioms: [propext, Classical.choice, Quot.sound]
info: ././././CyclicBell/AxiomAudit.lean:1092:0: 'CyclicBell.General.exists_power_peak' depends on axioms: [propext, Classical.choice, Quot.sound]
info: ././././CyclicBell/AxiomAudit.lean:1093:0: 'CyclicBell.General.exists_table_peak' depends on axioms: [propext, Classical.choice, Quot.sound]
info: ././././CyclicBell/AxiomAudit.lean:1094:0: 'CyclicBell.General.swappedTarget_quantitative' depends on axioms: [propext, Classical.choice, Quot.sound]
info: ././././CyclicBell/AxiomAudit.lean:1095:0: 'CyclicBell.General.quantitative_gap_positive' depends on axioms: [propext, Classical.choice, Quot.sound]
info: ././././CyclicBell/AxiomAudit.lean:1096:0: 'CyclicBell.General.no_uniform_relabeling' depends on axioms: [propext, Classical.choice, Quot.sound]
info: ././././CyclicBell/AxiomAudit.lean:1097:0: 'CyclicBell.General.euclidVector' depends on axioms: [propext, Classical.choice, Quot.sound]
info: ././././CyclicBell/AxiomAudit.lean:1098:0: 'CyclicBell.General.matrixCLM' depends on axioms: [propext, Classical.choice, Quot.sound]
info: ././././CyclicBell/AxiomAudit.lean:1099:0: 'CyclicBell.General.euclidVector_surjective' depends on axioms: [propext, Classical.choice, Quot.sound]
info: ././././CyclicBell/AxiomAudit.lean:1100:0: 'CyclicBell.General.euclidVector_inner' depends on axioms: [propext, Classical.choice, Quot.sound]
info: ././././CyclicBell/AxiomAudit.lean:1101:0: 'CyclicBell.General.matrixCLM_on_vector' depends on axioms: [propext, Classical.choice, Quot.sound]
info: ././././CyclicBell/AxiomAudit.lean:1102:0: 'CyclicBell.General.matrixCLM_mul' depends on axioms: [propext, Classical.choice, Quot.sound]
info: ././././CyclicBell/AxiomAudit.lean:1103:0: 'CyclicBell.General.matrixCLM_add' depends on axioms: [propext, Classical.choice, Quot.sound]
info: ././././CyclicBell/AxiomAudit.lean:1104:0: 'CyclicBell.General.matrixCLM_smul' depends on axioms: [propext, Classical.choice, Quot.sound]
info: ././././CyclicBell/AxiomAudit.lean:1105:0: 'CyclicBell.General.matrixCLM_one' depends on axioms: [propext, Classical.choice, Quot.sound]
info: ././././CyclicBell/AxiomAudit.lean:1106:0: 'CyclicBell.General.matrixCLM_zero' depends on axioms: [propext, Classical.choice, Quot.sound]
info: ././././CyclicBell/AxiomAudit.lean:1107:0: 'CyclicBell.General.matrixCLM_sum' depends on axioms: [propext, Classical.choice, Quot.sound]
info: ././././CyclicBell/AxiomAudit.lean:1108:0: 'CyclicBell.General.matrixCLM_star' depends on axioms: [propext, Classical.choice, Quot.sound]
info: ././././CyclicBell/AxiomAudit.lean:1109:0: 'CyclicBell.General.vectorize' depends on axioms: [propext, Classical.choice, Quot.sound]
info: ././././CyclicBell/AxiomAudit.lean:1110:0: 'CyclicBell.General.vectorize_ip_trace' depends on axioms: [propext, Classical.choice, Quot.sound]
info: ././././CyclicBell/AxiomAudit.lean:1111:0: 'CyclicBell.General.kron_one_vectorize' depends on axioms: [propext, Classical.choice, Quot.sound]
info: ././././CyclicBell/AxiomAudit.lean:1112:0: 'CyclicBell.General.vectorize_moment' depends on axioms: [propext, Classical.choice, Quot.sound]
info: ././././CyclicBell/AxiomAudit.lean:1113:0: 'CyclicBell.General.purificationVector' depends on axioms: [propext, Classical.choice, Quot.sound]
info: ././././CyclicBell/AxiomAudit.lean:1114:0: 'CyclicBell.General.purificationVector_inner' depends on axioms: [propext, Classical.choice, Quot.sound]
info: ././././CyclicBell/AxiomAudit.lean:1115:0: 'CyclicBell.General.purificationVector_normalized' depends on axioms: [propext, Classical.choice, Quot.sound]
info: ././././CyclicBell/AxiomAudit.lean:1116:0: 'CyclicBell.General.purification_moment' depends on axioms: [propext, Classical.choice, Quot.sound]
info: ././././CyclicBell/AxiomAudit.lean:1117:0: 'CyclicBell.General.purification_stateEval' depends on axioms: [propext, Classical.choice, Quot.sound]
info: ././././CyclicBell/AxiomAudit.lean:1118:0: 'CyclicBell.General.hermitian_idempotent_positive' depends on axioms: [propext, Classical.choice, Quot.sound]
info: ././././CyclicBell/AxiomAudit.lean:1119:0: 'CyclicBell.General.leftMeasurement' depends on axioms: [propext, Classical.choice, Quot.sound]
info: ././././CyclicBell/AxiomAudit.lean:1120:0: 'CyclicBell.General.rightMeasurement' depends on axioms: [propext, Classical.choice, Quot.sound]
info: ././././CyclicBell/AxiomAudit.lean:1121:0: 'CyclicBell.General.coordinateMeasurement' depends on axioms: [propext, Classical.choice, Quot.sound]
info: ././././CyclicBell/AxiomAudit.lean:1122:0: 'CyclicBell.General.finiteToCommuting' depends on axioms: [propext, Classical.choice, Quot.sound]
info: ././././CyclicBell/AxiomAudit.lean:1123:0: 'CyclicBell.General.finiteToCommuting_behavior' depends on axioms: [propext, Classical.choice, Quot.sound]
info: ././././CyclicBell/AxiomAudit.lean:1124:0: 'CyclicBell.General.StateOn' depends on axioms: [propext, Classical.choice, Quot.sound]
info: ././././CyclicBell/AxiomAudit.lean:1125:0: 'CyclicBell.General.Measurement' depends on axioms: [propext, Classical.choice, Quot.sound]
info: ././././CyclicBell/AxiomAudit.lean:1126:0: 'CyclicBell.General.encoded' depends on axioms: [propext, Classical.choice, Quot.sound]
info: ././././CyclicBell/AxiomAudit.lean:1127:0: 'CyclicBell.General.kron' depends on axioms: [propext, Classical.choice, Quot.sound]
info: ././././CyclicBell/AxiomAudit.lean:1128:0: 'CyclicBell.General.vectorTensor' depends on axioms: [propext, Classical.choice, Quot.sound]
info: ././././CyclicBell/AxiomAudit.lean:1129:0: 'CyclicBell.General.bornProbability' depends on axioms: [propext, Classical.choice, Quot.sound]
info: ././././CyclicBell/AxiomAudit.lean:1130:0: 'CyclicBell.General.AugmentedInputs' does not depend on any axioms
info: ././././CyclicBell/AxiomAudit.lean:1131:0: 'CyclicBell.General.StrategyOn' depends on axioms: [propext, Classical.choice, Quot.sound]
info: ././././CyclicBell/AxiomAudit.lean:1132:0: 'CyclicBell.General.behavior' depends on axioms: [propext, Classical.choice, Quot.sound]
info: ././././CyclicBell/AxiomAudit.lean:1133:0: 'CyclicBell.General.kron_eq_tensor' depends on axioms: [propext, Classical.choice, Quot.sound]
info: ././././CyclicBell/AxiomAudit.lean:1134:0: 'CyclicBell.General.kron_mul' depends on axioms: [propext, Classical.choice, Quot.sound]
info: ././././CyclicBell/AxiomAudit.lean:1135:0: 'CyclicBell.General.kron_star' depends on axioms: [propext, Classical.choice, Quot.sound]
info: ././././CyclicBell/AxiomAudit.lean:1136:0: 'CyclicBell.General.kron_one' depends on axioms: [propext, Classical.choice, Quot.sound]
info: ././././CyclicBell/AxiomAudit.lean:1137:0: 'CyclicBell.General.kron_add_left' depends on axioms: [propext, Classical.choice, Quot.sound]
info: ././././CyclicBell/AxiomAudit.lean:1138:0: 'CyclicBell.General.kron_add_right' depends on axioms: [propext, Classical.choice, Quot.sound]
info: ././././CyclicBell/AxiomAudit.lean:1139:0: 'CyclicBell.General.kron_smul_left' depends on axioms: [propext, Classical.choice, Quot.sound]
info: ././././CyclicBell/AxiomAudit.lean:1140:0: 'CyclicBell.General.kron_smul_right' depends on axioms: [propext, Classical.choice, Quot.sound]
info: ././././CyclicBell/AxiomAudit.lean:1141:0: 'CyclicBell.General.kron_sum_left' depends on axioms: [propext, Classical.choice, Quot.sound]
info: ././././CyclicBell/AxiomAudit.lean:1142:0: 'CyclicBell.General.kron_sum_right' depends on axioms: [propext, Classical.choice, Quot.sound]
info: ././././CyclicBell/AxiomAudit.lean:1143:0: 'CyclicBell.General.kron_unitary' depends on axioms: [propext, Classical.choice, Quot.sound]
info: ././././CyclicBell/AxiomAudit.lean:1144:0: 'CyclicBell.General.aliceLift' depends on axioms: [propext, Classical.choice, Quot.sound]
info: ././././CyclicBell/AxiomAudit.lean:1145:0: 'CyclicBell.General.bobLift' depends on axioms: [propext, Classical.choice, Quot.sound]
info: ././././CyclicBell/AxiomAudit.lean:1146:0: 'CyclicBell.General.lift_product' depends on axioms: [propext, Classical.choice, Quot.sound]
info: ././././CyclicBell/AxiomAudit.lean:1147:0: 'CyclicBell.General.lift_commute' depends on axioms: [propext, Classical.choice, Quot.sound]
info: ././././CyclicBell/AxiomAudit.lean:1148:0: 'CyclicBell.General.measurement_spectral_mul' depends on axioms: [propext, Classical.choice, Quot.sound]
info: ././././CyclicBell/AxiomAudit.lean:1149:0: 'CyclicBell.General.measurement_spectral_star' depends on axioms: [propext, Classical.choice, Quot.sound]
info: ././././CyclicBell/AxiomAudit.lean:1150:0: 'CyclicBell.General.encoded_unitary' depends on axioms: [propext, Classical.choice, Quot.sound]
info: ././././CyclicBell/AxiomAudit.lean:1151:0: 'CyclicBell.General.encoded_pow' depends on axioms: [propext, Classical.choice, Quot.sound]
info: ././././CyclicBell/AxiomAudit.lean:1152:0: 'CyclicBell.General.encoded_order' depends on axioms: [propext, Classical.choice, Quot.sound]
info: ././././CyclicBell/AxiomAudit.lean:1153:0: 'CyclicBell.General.operatorPowers' depends on axioms: [propext, Classical.choice, Quot.sound]
info: ././././CyclicBell/AxiomAudit.lean:1154:0: 'CyclicBell.General.measurement_reconstruction' depends on axioms: [propext, Classical.choice, Quot.sound]
info: ././././CyclicBell/AxiomAudit.lean:1155:0: 'CyclicBell.General.bornProbability_nonnegative' depends on axioms: [propext, Classical.choice, Quot.sound]
info: ././././CyclicBell/AxiomAudit.lean:1156:0: 'CyclicBell.General.bornProbability_left_marginal' depends on axioms: [propext, Classical.choice, Quot.sound]
info: ././././CyclicBell/AxiomAudit.lean:1157:0: 'CyclicBell.General.bornProbability_right_marginal' depends on axioms: [propext, Classical.choice, Quot.sound]
info: ././././CyclicBell/AxiomAudit.lean:1158:0: 'CyclicBell.General.bornProbability_normalized' depends on axioms: [propext, Classical.choice, Quot.sound]
info: ././././CyclicBell/AxiomAudit.lean:1159:0: 'CyclicBell.General.stateOnOfPure' depends on axioms: [propext, Classical.choice, Quot.sound]
info: ././././CyclicBell/AxiomAudit.lean:1160:0: 'CyclicBell.General.measurementOfBasis' depends on axioms: [propext, Classical.choice, Quot.sound]
info: ././././CyclicBell/AxiomAudit.lean:1161:0: 'CyclicBell.General.kron_projector' depends on axioms: [propext, Classical.choice, Quot.sound]
info: ././././CyclicBell/AxiomAudit.lean:1162:0: 'CyclicBell.General.physical_rank_one_born' depends on axioms: [propext, Classical.choice, Quot.sound]
info: ././././CyclicBell/AxiomAudit.lean:1163:0: 'CyclicBell.General.correlator_from_born' depends on axioms: [propext, Classical.choice, Quot.sound]
info: ././././CyclicBell/AxiomAudit.lean:1164:0: 'CyclicBell.General.trace_hermitian_product_real' depends on axioms: [propext, Classical.choice, Quot.sound]
info: ././././CyclicBell/AxiomAudit.lean:1165:0: 'CyclicBell.General.bornProbability_complex_trace' depends on axioms: [propext, Classical.choice, Quot.sound]
info: ././././CyclicBell/AxiomAudit.lean:1166:0: 'CyclicBell.General.correlator_from_probabilities' depends on axioms: [propext, Classical.choice, Quot.sound]
info: ././././CyclicBell/AxiomAudit.lean:1167:0: 'CyclicBell.General.finite_behavior_in_three_models' depends on axioms: [propext, Classical.choice, Quot.sound]
info: ././././CyclicBell/AxiomAudit.lean:1168:0: 'CyclicBell.General.first_three_model_counterexample' depends on axioms: [propext, Classical.choice, Quot.sound]
info: ././././CyclicBell/AxiomAudit.lean:1169:0: 'CyclicBell.General.second_three_model_counterexample' depends on axioms: [propext, Classical.choice, Quot.sound]
info: ././././CyclicBell/AxiomAudit.lean:1170:0: 'CyclicBell.General.first_three_model_physical_guessing_gap' depends on axioms: [propext, Classical.choice, Quot.sound]
info: ././././CyclicBell/AxiomAudit.lean:1171:0: 'CyclicBell.General.second_three_model_physical_guessing_gap' depends on axioms: [propext, Classical.choice, Quot.sound]
info: ././././CyclicBell/AxiomAudit.lean:1172:0: 'CyclicBell.General.optimizedFiniteScores' depends on axioms: [propext, Classical.choice, Quot.sound]
info: ././././CyclicBell/AxiomAudit.lean:1173:0: 'CyclicBell.General.optimizedFiniteScore_realized' depends on axioms: [propext, Classical.choice, Quot.sound]
info: ././././CyclicBell/AxiomAudit.lean:1174:0: 'CyclicBell.General.optimizedFiniteScores_bddAbove' depends on axioms: [propext, Classical.choice, Quot.sound]
info: ././././CyclicBell/AxiomAudit.lean:1175:0: 'CyclicBell.General.finitePOVMValue_mem_optimized' depends on axioms: [propext, Classical.choice, Quot.sound]
info: ././././CyclicBell/AxiomAudit.lean:1176:0: 'CyclicBell.General.success_le_fixedPOVMValue' depends on axioms: [propext, Classical.choice, Quot.sound]
info: ././././CyclicBell/AxiomAudit.lean:1177:0: 'CyclicBell.General.finite_nested_supremum_eq' depends on axioms: [propext, Classical.choice, Quot.sound]
info: ././././CyclicBell/AxiomAudit.lean:1178:0: 'CyclicBell.General.first_GvalQ_nested' depends on axioms: [propext, Classical.choice, Quot.sound]
info: ././././CyclicBell/AxiomAudit.lean:1179:0: 'CyclicBell.General.second_GvalQ_nested' depends on axioms: [propext, Classical.choice, Quot.sound]
info: ././././CyclicBell/AxiomAudit.lean:1180:0: 'CyclicBell.General.OneInputBehavior' depends on axioms: [propext, Classical.choice, Quot.sound]
info: ././././CyclicBell/AxiomAudit.lean:1181:0: 'CyclicBell.General.oneConditional' depends on axioms: [propext, Classical.choice, Quot.sound]
info: ././././CyclicBell/AxiomAudit.lean:1182:0: 'CyclicBell.General.oneConditional_nonnegative' depends on axioms: [propext, Classical.choice, Quot.sound]
info: ././././CyclicBell/AxiomAudit.lean:1183:0: 'CyclicBell.General.oneConditional_normalized' depends on axioms: [propext, Classical.choice, Quot.sound]
info: ././././CyclicBell/AxiomAudit.lean:1184:0: 'CyclicBell.General.zero_marginal_joint' depends on axioms: [propext, Classical.choice, Quot.sound]
info: ././././CyclicBell/AxiomAudit.lean:1185:0: 'CyclicBell.General.marginal_times_conditional' depends on axioms: [propext, Classical.choice, Quot.sound]
info: ././././CyclicBell/AxiomAudit.lean:1186:0: 'CyclicBell.General.dependent_product_normalization' depends on axioms: [propext, Classical.choice, Quot.sound]
info: ././././CyclicBell/AxiomAudit.lean:1187:0: 'CyclicBell.General.assignmentSplit' depends on axioms: [propext, Quot.sound]
info: ././././CyclicBell/AxiomAudit.lean:1188:0: 'CyclicBell.General.assignment_product_split' depends on axioms: [propext, Classical.choice, Quot.sound]
info: ././././CyclicBell/AxiomAudit.lean:1189:0: 'CyclicBell.General.dependent_product_marginal' depends on axioms: [propext, Classical.choice, Quot.sound]
info: ././././CyclicBell/AxiomAudit.lean:1190:0: 'CyclicBell.General.StoredAssignments' does not depend on any axioms
info: ././././CyclicBell/AxiomAudit.lean:1191:0: 'CyclicBell.General.hiddenWeight' depends on axioms: [propext, Classical.choice, Quot.sound]
info: ././././CyclicBell/AxiomAudit.lean:1192:0: 'CyclicBell.General.hiddenWeight_nonnegative' depends on axioms: [propext, Classical.choice, Quot.sound]
info: ././././CyclicBell/AxiomAudit.lean:1193:0: 'CyclicBell.General.hiddenWeight_normalized' depends on axioms: [propext, Classical.choice, Quot.sound]
info: ././././CyclicBell/AxiomAudit.lean:1194:0: 'CyclicBell.General.one_input_local' depends on axioms: [propext, Classical.choice, Quot.sound]
info: ././././CyclicBell/AxiomAudit.lean:1195:0: 'CyclicBell.General.groupingProjector' depends on axioms: [propext, Classical.choice, Quot.sound]
info: ././././CyclicBell/AxiomAudit.lean:1196:0: 'CyclicBell.General.grouping_positive' depends on axioms: [propext, Classical.choice, Quot.sound]
info: ././././CyclicBell/AxiomAudit.lean:1197:0: 'CyclicBell.General.grouping_idempotent' depends on axioms: [propext, Classical.choice, Quot.sound]
info: ././././CyclicBell/AxiomAudit.lean:1198:0: 'CyclicBell.General.grouping_orthogonal' depends on axioms: [propext, Classical.choice, Quot.sound]
info: ././././CyclicBell/AxiomAudit.lean:1199:0: 'CyclicBell.General.grouping_complete' depends on axioms: [propext, Classical.choice, Quot.sound]
info: ././././CyclicBell/AxiomAudit.lean:1200:0: 'CyclicBell.General.storedPurification' depends on axioms: [propext, Classical.choice, Quot.sound]
info: ././././CyclicBell/AxiomAudit.lean:1201:0: 'CyclicBell.General.storedPurification_normalized' depends on axioms: [propext, Classical.choice, Quot.sound]
info: ././././CyclicBell/AxiomAudit.lean:1202:0: 'CyclicBell.General.storedPurification_born' depends on axioms: [propext, Classical.choice, Quot.sound]
info: ././././CyclicBell/AxiomAudit.lean:1203:0: 'CyclicBell.General.storedPurification_conditional' depends on axioms: [propext, Classical.choice, Quot.sound]
info: ././././CyclicBell/AxiomAudit.lean:1204:0: 'CyclicBell.General.storedEveGuess' depends on axioms: [propext, Classical.choice, Quot.sound]
info: ././././CyclicBell/AxiomAudit.lean:1205:0: 'CyclicBell.General.storedEve_complete' depends on axioms: [propext, Classical.choice, Quot.sound]
info: ././././CyclicBell/AxiomAudit.lean:1206:0: 'CyclicBell.General.storedEve_success_one' depends on axioms: [propext, Classical.choice, Quot.sound]
info: ././././CyclicBell/AxiomAudit.lean:1207:0: 'CyclicBell.General.one_input_pure_projective_perfect_guess' depends on axioms: [propext, Classical.choice, Quot.sound]
info: ././././CyclicBell/AxiomAudit.lean:1208:0: 'CyclicBell.General.reducedE' depends on axioms: [propext, Classical.choice, Quot.sound]
info: ././././CyclicBell/AxiomAudit.lean:1209:0: 'CyclicBell.General.partialE' depends on axioms: [propext, Classical.choice, Quot.sound]
info: ././././CyclicBell/AxiomAudit.lean:1210:0: 'CyclicBell.General.conditionalE' depends on axioms: [propext, Classical.choice, Quot.sound]
info: ././././CyclicBell/AxiomAudit.lean:1211:0: 'CyclicBell.General.effectKernelE' depends on axioms: [propext, Classical.choice, Quot.sound]
info: ././././CyclicBell/AxiomAudit.lean:1212:0: 'CyclicBell.General.matrix_map_star_mul' depends on axioms: [propext, Classical.choice, Quot.sound]
info: ././././CyclicBell/AxiomAudit.lean:1213:0: 'CyclicBell.General.reducedE_partialTrace' depends on axioms: [propext, Classical.choice, Quot.sound]
info: ././././CyclicBell/AxiomAudit.lean:1214:0: 'CyclicBell.General.reducedE_positive' depends on axioms: [propext, Classical.choice, Quot.sound]
info: ././././CyclicBell/AxiomAudit.lean:1215:0: 'CyclicBell.General.conditionalE_actual_sandwich' depends on axioms: [propext, Classical.choice, Quot.sound]
info: ././././CyclicBell/AxiomAudit.lean:1216:0: 'CyclicBell.General.conditionalE_effectKernel' depends on axioms: [propext, Classical.choice, Quot.sound]
info: ././././CyclicBell/AxiomAudit.lean:1217:0: 'CyclicBell.General.effectKernelE_on_state' depends on axioms: [propext, Classical.choice, Quot.sound]
info: ././././CyclicBell/AxiomAudit.lean:1218:0: 'CyclicBell.General.effectKernelE_smul' depends on axioms: [propext, Classical.choice, Quot.sound]
info: ././././CyclicBell/AxiomAudit.lean:1219:0: 'CyclicBell.General.privateMUB_sandwich' depends on axioms: [propext, Classical.choice, Quot.sound]
info: ././././CyclicBell/AxiomAudit.lean:1220:0: 'CyclicBell.General.privateMUB_composition' depends on axioms: [propext, Classical.choice, Quot.sound]
info: ././././CyclicBell/AxiomAudit.lean:1221:0: 'CyclicBell.General.fixedGuessEffect' depends on axioms: [propext, Classical.choice, Quot.sound]
info: ././././CyclicBell/AxiomAudit.lean:1222:0: 'CyclicBell.General.fixedGuess_positive' depends on axioms: [propext, Classical.choice, Quot.sound]
info: ././././CyclicBell/AxiomAudit.lean:1223:0: 'CyclicBell.General.fixedGuess_complete' depends on axioms: [propext, Classical.choice, Quot.sound]
info: ././././CyclicBell/AxiomAudit.lean:1224:0: 'CyclicBell.General.fixedGuessSuccess' depends on axioms: [propext, Classical.choice, Quot.sound]
info: ././././CyclicBell/AxiomAudit.lean:1225:0: 'CyclicBell.General.general_trivialEve_instrument' depends on axioms: [propext, Classical.choice, Quot.sound]
info: ././././CyclicBell/AxiomAudit.lean:1226:0: 'CyclicBell.General.fixedGuessSuccess_eq' depends on axioms: [propext, Classical.choice, Quot.sound]
info: ././././CyclicBell/AxiomAudit.lean:1227:0: 'CyclicBell.General.first_all_dimension_physical_Eve_gap' depends on axioms: [propext, Classical.choice, Quot.sound]
info: ././././CyclicBell/AxiomAudit.lean:1228:0: 'CyclicBell.General.no_endpoint_modulus' depends on axioms: [propext, Classical.choice, Quot.sound]
info: ././././CyclicBell/AxiomAudit.lean:1229:0: 'CyclicBell.General.recurrence_nat_product' depends on axioms: [propext, Classical.choice, Quot.sound]
info: ././././CyclicBell/AxiomAudit.lean:1230:0: 'CyclicBell.General.prefix_reconstruct' depends on axioms: [propext, Classical.choice, Quot.sound]
info: ././././CyclicBell/AxiomAudit.lean:1231:0: 'CyclicBell.General.canonical_prefix' depends on axioms: [propext, Classical.choice, Quot.sound]
info: ././././CyclicBell/AxiomAudit.lean:1232:0: 'CyclicBell.General.first_canonical_target' depends on axioms: [propext, Classical.choice, Quot.sound]
info: ././././CyclicBell/AxiomAudit.lean:1233:0: 'CyclicBell.General.second_canonical_target' depends on axioms: [propext, Classical.choice, Quot.sound]
info: ././././CyclicBell/AxiomAudit.lean:1234:0: 'CyclicBell.General.low_two_permutation_flat' depends on axioms: [propext, Classical.choice, Quot.sound]
info: ././././CyclicBell/AxiomAudit.lean:1235:0: 'CyclicBell.General.low_three_permutation_flat' depends on axioms: [propext, Classical.choice, Quot.sound]
info: ././././CyclicBell/AxiomAudit.lean:1236:0: 'CyclicBell.General.low_dimension_orbit_uniform' depends on axioms: [propext, Classical.choice, Quot.sound]
info: ././././CyclicBell/AxiomAudit.lean:1237:0: 'CyclicBell.General.first_behavior_nonuniqueness' depends on axioms: [propext, Classical.choice, Quot.sound]
info: ././././CyclicBell/AxiomAudit.lean:1238:0: 'CyclicBell.General.second_behavior_nonuniqueness' depends on axioms: [propext, Classical.choice, Quot.sound]
info: ././././CyclicBell/AxiomAudit.lean:1239:0: 'CyclicBell.General.negateMeasurement_encoded' depends on axioms: [propext, Classical.choice, Quot.sound]
info: ././././CyclicBell/AxiomAudit.lean:1240:0: 'CyclicBell.General.negateMeasurement_involutive' depends on axioms: [propext, Classical.choice, Quot.sound]
info: ././././CyclicBell/AxiomAudit.lean:1241:0: 'CyclicBell.General.negateBobOutcomes' depends on axioms: [propext, Classical.choice, Quot.sound]
info: ././././CyclicBell/AxiomAudit.lean:1242:0: 'CyclicBell.General.negateBobOutcomes_behavior' depends on axioms: [propext, Classical.choice, Quot.sound]
info: ././././CyclicBell/AxiomAudit.lean:1243:0: 'CyclicBell.General.negateBobOutcomes_involutive' depends on axioms: [propext, Classical.choice, Quot.sound]
info: ././././CyclicBell/AxiomAudit.lean:1244:0: 'CyclicBell.General.secondAdjointFourier' depends on axioms: [propext, Classical.choice, Quot.sound]
info: ././././CyclicBell/AxiomAudit.lean:1245:0: 'CyclicBell.General.secondAdjointFourier_opposite_mode' depends on axioms: [propext, Classical.choice, Quot.sound]
info: ././././CyclicBell/AxiomAudit.lean:1246:0: 'CyclicBell.General.secondAdjointValue' depends on axioms: [propext, Classical.choice, Quot.sound]
info: ././././CyclicBell/AxiomAudit.lean:1247:0: 'CyclicBell.General.secondAdjointValue_eq_relabel' depends on axioms: [propext, Classical.choice, Quot.sound]
info: ././././CyclicBell/AxiomAudit.lean:1248:0: 'CyclicBell.General.secondAdjointValue_negateBob' depends on axioms: [propext, Classical.choice, Quot.sound]
info: ././././CyclicBell/AxiomAudit.lean:1249:0: 'CyclicBell.General.secondAdjointValue_upper' depends on axioms: [propext, Classical.choice, Quot.sound]
info: ././././CyclicBell/AxiomAudit.lean:1250:0: 'CyclicBell.General.secondAdjointPermutationStrategy' depends on axioms: [propext, Classical.choice, Quot.sound]
info: ././././CyclicBell/AxiomAudit.lean:1251:0: 'CyclicBell.General.secondAdjointPermutation_bob_encoded' depends on axioms: [propext, Classical.choice, Quot.sound]
info: ././././CyclicBell/AxiomAudit.lean:1252:0: 'CyclicBell.General.secondAdjointPermutation_behavior' depends on axioms: [propext, Classical.choice, Quot.sound]
info: ././././CyclicBell/AxiomAudit.lean:1253:0: 'CyclicBell.General.secondAdjointPermutation_attains' depends on axioms: [propext, Classical.choice, Quot.sound]
info: ././././CyclicBell/AxiomAudit.lean:1254:0: 'CyclicBell.General.secondAdjointPermutation_maximal' depends on axioms: [propext, Classical.choice, Quot.sound]
info: ././././CyclicBell/AxiomAudit.lean:1255:0: 'CyclicBell.General.relabelOutcomeTable' depends on axioms: [propext, Classical.choice, Quot.sound]
info: ././././CyclicBell/AxiomAudit.lean:1256:0: 'CyclicBell.General.relabelOutcomeTable_range' depends on axioms: [propext, Classical.choice, Quot.sound]
info: ././././CyclicBell/AxiomAudit.lean:1257:0: 'CyclicBell.General.observedMaxEntry' depends on axioms: [propext, Classical.choice, Quot.sound]
info: ././././CyclicBell/AxiomAudit.lean:1258:0: 'CyclicBell.General.observedMaxEntry_attained' depends on axioms: [propext, Classical.choice, Quot.sound]
info: ././././CyclicBell/AxiomAudit.lean:1259:0: 'CyclicBell.General.le_observedMaxEntry' depends on axioms: [propext, Classical.choice, Quot.sound]
info: ././././CyclicBell/AxiomAudit.lean:1260:0: 'CyclicBell.General.observedMaxEntry_relabel' depends on axioms: [propext, Classical.choice, Quot.sound]
info: ././././CyclicBell/AxiomAudit.lean:1261:0: 'CyclicBell.General.relabelOutcomeTable_uniform_iff' depends on axioms: [propext, Classical.choice, Quot.sound]
info: ././././CyclicBell/AxiomAudit.lean:1262:0: 'CyclicBell.General.negateBob_observedMaxEntry' depends on axioms: [propext, Classical.choice, Quot.sound]
info: ././././CyclicBell/AxiomAudit.lean:1263:0: 'CyclicBell.General.negateBob_fixedGuessSuccess' depends on axioms: [propext, Classical.choice, Quot.sound]
info: ././././CyclicBell/AxiomAudit.lean:1264:0: 'CyclicBell.General.observedMaxEntry_eq_bestFixedGuess' depends on axioms: [propext, Classical.choice, Quot.sound]
info: ././././CyclicBell/AxiomAudit.lean:1265:0: 'CyclicBell.General.negateBob_bestFixedGuess' depends on axioms: [propext, Classical.choice, Quot.sound]
info: ././././CyclicBell/AxiomAudit.lean:1266:0: 'CyclicBell.General.secondAdjointSwap_nonuniform' depends on axioms: [propext, Classical.choice, Quot.sound]
info: ././././CyclicBell/AxiomAudit.lean:1267:0: 'CyclicBell.General.secondAdjointSwap_observedMaxEntry' depends on axioms: [propext, Classical.choice, Quot.sound]
info: ././././CyclicBell/AxiomAudit.lean:1268:0: 'CyclicBell.General.secondAdjointSwap_quantitative' depends on axioms: [propext, Classical.choice, Quot.sound]
info: ././././CyclicBell/AxiomAudit.lean:1269:0: 'CyclicBell.General.eveGram' depends on axioms: [propext, Classical.choice, Quot.sound]
info: ././././CyclicBell/AxiomAudit.lean:1270:0: 'CyclicBell.General.EveGramValid' depends on axioms: [propext, Classical.choice, Quot.sound]
info: ././././CyclicBell/AxiomAudit.lean:1271:0: 'CyclicBell.General.eveGramPOVM' depends on axioms: [propext, Classical.choice, Quot.sound]
info: ././././CyclicBell/AxiomAudit.lean:1272:0: 'CyclicBell.General.everyPOVM_has_Gram' depends on axioms: [propext, Classical.choice, Quot.sound]
info: ././././CyclicBell/AxiomAudit.lean:1273:0: 'CyclicBell.General.eveGram_trace' depends on axioms: [propext, Classical.choice, Quot.sound]
info: ././././CyclicBell/AxiomAudit.lean:1274:0: 'CyclicBell.General.eveGram_entry_le' depends on axioms: [propext, Classical.choice, Quot.sound]
info: ././././CyclicBell/AxiomAudit.lean:1275:0: 'CyclicBell.General.EveGramBox' depends on axioms: [propext, Classical.choice, Quot.sound]
info: ././././CyclicBell/AxiomAudit.lean:1276:0: 'CyclicBell.General.eveGramBox_compact' depends on axioms: [propext, Classical.choice, Quot.sound]
info: ././././CyclicBell/AxiomAudit.lean:1277:0: 'CyclicBell.General.eveGramValid_box' depends on axioms: [propext, Classical.choice, Quot.sound]
info: ././././CyclicBell/AxiomAudit.lean:1278:0: 'CyclicBell.General.eveGramValid_closed' depends on axioms: [propext, Classical.choice, Quot.sound]
info: ././././CyclicBell/AxiomAudit.lean:1279:0: 'CyclicBell.General.eveGramValid_compact' depends on axioms: [propext, Classical.choice, Quot.sound]
info: ././././CyclicBell/AxiomAudit.lean:1280:0: 'CyclicBell.General.eveGramValid_nonempty' depends on axioms: [propext, Classical.choice, Quot.sound]
info: ././././CyclicBell/AxiomAudit.lean:1281:0: 'CyclicBell.General.povmObjective' depends on axioms: [propext, Classical.choice, Quot.sound]
info: ././././CyclicBell/AxiomAudit.lean:1282:0: 'CyclicBell.General.eveGramObjective' depends on axioms: [propext, Classical.choice, Quot.sound]
info: ././././CyclicBell/AxiomAudit.lean:1283:0: 'CyclicBell.General.eveGramObjective_continuous' depends on axioms: [propext, Classical.choice, Quot.sound]
info: ././././CyclicBell/AxiomAudit.lean:1284:0: 'CyclicBell.General.finitePOVM_maximum_exists' depends on axioms: [propext, Classical.choice, Quot.sound]
info: ././././CyclicBell/AxiomAudit.lean:1285:0: 'CyclicBell.General.finitePOVMValue' depends on axioms: [propext, Classical.choice, Quot.sound]
info: ././././CyclicBell/AxiomAudit.lean:1286:0: 'CyclicBell.General.finitePOVMValue_attained' depends on axioms: [propext, Classical.choice, Quot.sound]
info: ././././CyclicBell/AxiomAudit.lean:1287:0: 'CyclicBell.General.povmObjective_dual_bound' depends on axioms: [propext, Classical.choice, Quot.sound]
info: ././././CyclicBell/AxiomAudit.lean:1288:0: 'CyclicBell.General.finitePOVMValue_of_dual_attainment' depends on axioms: [propext, Classical.choice, Quot.sound]
info: ././././CyclicBell/AxiomAudit.lean:1289:0: 'CyclicBell.General.withEve' depends on axioms: [propext, Classical.choice, Quot.sound]
info: ././././CyclicBell/AxiomAudit.lean:1290:0: 'CyclicBell.General.tripartiteConditionals' depends on axioms: [propext, Classical.choice, Quot.sound]
info: ././././CyclicBell/AxiomAudit.lean:1291:0: 'CyclicBell.General.withEve_marginal' depends on axioms: [propext, Classical.choice, Quot.sound]
info: ././././CyclicBell/AxiomAudit.lean:1292:0: 'CyclicBell.General.guessingSuccess_objective' depends on axioms: [propext, Classical.choice, Quot.sound]
info: ././././CyclicBell/AxiomAudit.lean:1293:0: 'CyclicBell.General.fixed_realization_guessing_maximum' depends on axioms: [propext, Classical.choice, Quot.sound]
info: ././././CyclicBell/AxiomAudit.lean:1294:0: 'CyclicBell.General.RightOneInputBehavior' depends on axioms: [propext, Classical.choice, Quot.sound]
info: ././././CyclicBell/AxiomAudit.lean:1295:0: 'CyclicBell.General.reversedOneInput' depends on axioms: [propext, Classical.choice, Quot.sound]
info: ././././CyclicBell/AxiomAudit.lean:1296:0: 'CyclicBell.General.rightHiddenWeight' depends on axioms: [propext, Classical.choice, Quot.sound]
info: ././././CyclicBell/AxiomAudit.lean:1297:0: 'CyclicBell.General.rightHiddenWeight_nonnegative' depends on axioms: [propext, Classical.choice, Quot.sound]
info: ././././CyclicBell/AxiomAudit.lean:1298:0: 'CyclicBell.General.rightHiddenWeight_normalized' depends on axioms: [propext, Classical.choice, Quot.sound]
info: ././././CyclicBell/AxiomAudit.lean:1299:0: 'CyclicBell.General.right_one_input_local' depends on axioms: [propext, Classical.choice, Quot.sound]
info: ././././CyclicBell/AxiomAudit.lean:1300:0: 'CyclicBell.General.right_one_input_pure_projective_perfect_guess' depends on axioms: [propext,
 Classical.choice,
 Quot.sound]
info: ././././CyclicBell/AxiomAudit.lean:1301:0: 'CyclicBell.General.right_one_input_measurement_validity' depends on axioms: [propext, Classical.choice, Quot.sound]
info: ././././CyclicBell/AxiomAudit.lean:1302:0: 'CyclicBell.General.linearScalar' depends on axioms: [propext, Classical.choice, Quot.sound]
info: ././././CyclicBell/AxiomAudit.lean:1303:0: 'CyclicBell.General.linearOperator' depends on axioms: [propext, Classical.choice, Quot.sound]
info: ././././CyclicBell/AxiomAudit.lean:1304:0: 'CyclicBell.General.linearValue' depends on axioms: [propext, Classical.choice, Quot.sound]
info: ././././CyclicBell/AxiomAudit.lean:1305:0: 'CyclicBell.General.linearModulusCM' depends on axioms: [propext, Classical.choice, Quot.sound]
info: ././././CyclicBell/AxiomAudit.lean:1306:0: 'CyclicBell.General.linearRootCM' depends on axioms: [propext, Classical.choice, Quot.sound]
info: ././././CyclicBell/AxiomAudit.lean:1307:0: 'CyclicBell.General.linearPolarRootCM' depends on axioms: [propext, Classical.choice, Quot.sound]
info: ././././CyclicBell/AxiomAudit.lean:1308:0: 'CyclicBell.General.linearGapCM' depends on axioms: [propext, Classical.choice, Quot.sound]
info: ././././CyclicBell/AxiomAudit.lean:1309:0: 'CyclicBell.General.linear_factor_relations' depends on axioms: [propext, Classical.choice, Quot.sound]
info: ././././CyclicBell/AxiomAudit.lean:1310:0: 'CyclicBell.General.linear_matrix_sos' depends on axioms: [propext, Classical.choice, Quot.sound]
info: ././././CyclicBell/AxiomAudit.lean:1311:0: 'CyclicBell.General.linear_matrix_upper' depends on axioms: [propext, Classical.choice, Quot.sound]
info: ././././CyclicBell/AxiomAudit.lean:1312:0: 'CyclicBell.General.linear_physical_upper' depends on axioms: [propext, Classical.choice, Quot.sound]
info: ././././CyclicBell/AxiomAudit.lean:1313:0: 'CyclicBell.General.PermutationData' depends on axioms: [propext, Classical.choice, Quot.sound]
info: ././././CyclicBell/AxiomAudit.lean:1314:0: 'CyclicBell.General.linearPermutationAlice' depends on axioms: [propext, Classical.choice, Quot.sound]
info: ././././CyclicBell/AxiomAudit.lean:1315:0: 'CyclicBell.General.linearPermutationBob' depends on axioms: [propext, Classical.choice, Quot.sound]
info: ././././CyclicBell/AxiomAudit.lean:1316:0: 'CyclicBell.General.linearPermutationStrategy' depends on axioms: [propext, Classical.choice, Quot.sound]
info: ././././CyclicBell/AxiomAudit.lean:1317:0: 'CyclicBell.General.aligned_phase_conjugate' depends on axioms: [propext, Classical.choice, Quot.sound]
info: ././././CyclicBell/AxiomAudit.lean:1318:0: 'CyclicBell.General.linear_permutation_encodings' depends on axioms: [propext, Classical.choice, Quot.sound]
info: ././././CyclicBell/AxiomAudit.lean:1319:0: 'CyclicBell.General.linear_permutation_attains' depends on axioms: [propext, Classical.choice, Quot.sound]
info: ././././CyclicBell/AxiomAudit.lean:1320:0: 'CyclicBell.General.linear_permutation_harmonics' depends on axioms: [propext, Classical.choice, Quot.sound]
info: ././././CyclicBell/AxiomAudit.lean:1321:0: 'CyclicBell.General.conditional_permutation_theorem' depends on axioms: [propext, Classical.choice, Quot.sound]
info: ././././CyclicBell/AxiomAudit.lean:1322:0: 'CyclicBell.General.phase_sin_sq_integer_shift' depends on axioms: [propext, Classical.choice, Quot.sound]
info: ././././CyclicBell/AxiomAudit.lean:1323:0: 'CyclicBell.General.phase_fractional_sine_lower' depends on axioms: [propext, Classical.choice, Quot.sound]
info: ././././CyclicBell/AxiomAudit.lean:1324:0: 'CyclicBell.General.standardAlpha' depends on axioms: [propext, Classical.choice, Quot.sound]
info: ././././CyclicBell/AxiomAudit.lean:1325:0: 'CyclicBell.General.standardBeta' depends on axioms: [propext, Classical.choice, Quot.sound]
info: ././././CyclicBell/AxiomAudit.lean:1326:0: 'CyclicBell.General.standardDelta' depends on axioms: [propext, Classical.choice, Quot.sound]
info: ././././CyclicBell/AxiomAudit.lean:1327:0: 'CyclicBell.General.standardPhaseStrategy' depends on axioms: [propext, Classical.choice, Quot.sound]
info: ././././CyclicBell/AxiomAudit.lean:1328:0: 'CyclicBell.General.standardPeak' depends on axioms: [propext, Classical.choice, Quot.sound]
info: ././././CyclicBell/AxiomAudit.lean:1329:0: 'CyclicBell.General.anchorPeak' depends on axioms: [propext, Classical.choice, Quot.sound]
info: ././././CyclicBell/AxiomAudit.lean:1330:0: 'CyclicBell.General.standard_delta_table' depends on axioms: [propext, Classical.choice, Quot.sound]
info: ././././CyclicBell/AxiomAudit.lean:1331:0: 'CyclicBell.General.standard_displacement_rep' depends on axioms: [propext, Classical.choice, Quot.sound]
info: ././././CyclicBell/AxiomAudit.lean:1332:0: 'CyclicBell.General.standard_denominator_positive' depends on axioms: [propext, Classical.choice, Quot.sound]
info: ././././CyclicBell/AxiomAudit.lean:1333:0: 'CyclicBell.General.standard_numerator' depends on axioms: [propext, Classical.choice, Quot.sound]
info: ././././CyclicBell/AxiomAudit.lean:1334:0: 'CyclicBell.General.standard_behavior_formula' depends on axioms: [propext, Classical.choice, Quot.sound]
info: ././././CyclicBell/AxiomAudit.lean:1335:0: 'CyclicBell.General.standard_behavior_le_peak' depends on axioms: [propext, Classical.choice, Quot.sound]
info: ././././CyclicBell/AxiomAudit.lean:1336:0: 'CyclicBell.General.standard_behavior_hits_peak' depends on axioms: [propext, Classical.choice, Quot.sound]
info: ././././CyclicBell/AxiomAudit.lean:1337:0: 'CyclicBell.General.standardPeak_gt_uniform' depends on axioms: [propext, Classical.choice, Quot.sound]
info: ././././CyclicBell/AxiomAudit.lean:1338:0: 'CyclicBell.General.standard_tables_nonuniform' depends on axioms: [propext, Classical.choice, Quot.sound]
info: ././././CyclicBell/AxiomAudit.lean:1339:0: 'CyclicBell.General.standardJointMinEntropy' depends on axioms: [propext, Classical.choice, Quot.sound]
info: ././././CyclicBell/AxiomAudit.lean:1340:0: 'CyclicBell.General.standard_peak_literal' depends on axioms: [propext, Classical.choice, Quot.sound]
info: ././././CyclicBell/AxiomAudit.lean:1341:0: 'CyclicBell.General.standard_entropy_exact' depends on axioms: [propext, Classical.choice, Quot.sound]
info: ././././CyclicBell/AxiomAudit.lean:1342:0: 'CyclicBell.General.standard_table_entropy_package' depends on axioms: [propext, Classical.choice, Quot.sound]
info: ././././CyclicBell/AxiomAudit.lean:1343:0: 'CyclicBell.General.standard_entropy_gap_identity' depends on axioms: [propext, Classical.choice, Quot.sound]
info: ././././CyclicBell/AxiomAudit.lean:1344:0: 'CyclicBell.General.phase_sine_over_argument_limit' depends on axioms: [propext, Classical.choice, Quot.sound]
info: ././././CyclicBell/AxiomAudit.lean:1345:0: 'CyclicBell.General.phase_scaled_sine_limit' depends on axioms: [propext, Classical.choice, Quot.sound]
info: ././././CyclicBell/AxiomAudit.lean:1346:0: 'CyclicBell.General.standard_entropy_asymptotic' depends on axioms: [propext, Classical.choice, Quot.sound]
info: ././././CyclicBell/AxiomAudit.lean:1347:0: 'CyclicBell.General.offsetPhase' depends on axioms: [propext, Classical.choice, Quot.sound]
info: ././././CyclicBell/AxiomAudit.lean:1348:0: 'CyclicBell.General.offsetPhase_unit' depends on axioms: [propext, Classical.choice, Quot.sound]
info: ././././CyclicBell/AxiomAudit.lean:1349:0: 'CyclicBell.General.negateMeasurement' depends on axioms: [propext, Classical.choice, Quot.sound]
info: ././././CyclicBell/AxiomAudit.lean:1350:0: 'CyclicBell.General.phaseAlice' depends on axioms: [propext, Classical.choice, Quot.sound]
info: ././././CyclicBell/AxiomAudit.lean:1351:0: 'CyclicBell.General.phaseBob' depends on axioms: [propext, Classical.choice, Quot.sound]
info: ././././CyclicBell/AxiomAudit.lean:1352:0: 'CyclicBell.General.offsetAliceVector' depends on axioms: [propext, Classical.choice, Quot.sound]
info: ././././CyclicBell/AxiomAudit.lean:1353:0: 'CyclicBell.General.offsetBobVector' depends on axioms: [propext, Classical.choice, Quot.sound]
info: ././././CyclicBell/AxiomAudit.lean:1354:0: 'CyclicBell.General.phasePairProbability' depends on axioms: [propext, Classical.choice, Quot.sound]
info: ././././CyclicBell/AxiomAudit.lean:1355:0: 'CyclicBell.General.phaseGeometricSum' depends on axioms: [propext, Classical.choice, Quot.sound]
info: ././././CyclicBell/AxiomAudit.lean:1356:0: 'CyclicBell.General.sineKernel' depends on axioms: [propext, Classical.choice, Quot.sound]
info: ././././CyclicBell/AxiomAudit.lean:1357:0: 'CyclicBell.General.phase_sum_representatives' depends on axioms: [propext, Classical.choice, Quot.sound]
info: ././././CyclicBell/AxiomAudit.lean:1358:0: 'CyclicBell.General.chi_product_representatives' depends on axioms: [propext, Classical.choice, Quot.sound]
info: ././././CyclicBell/AxiomAudit.lean:1359:0: 'CyclicBell.General.offsetAliceVector_formula' depends on axioms: [propext, Classical.choice, Quot.sound]
info: ././././CyclicBell/AxiomAudit.lean:1360:0: 'CyclicBell.General.offsetBobVector_formula' depends on axioms: [propext, Classical.choice, Quot.sound]
info: ././././CyclicBell/AxiomAudit.lean:1361:0: 'CyclicBell.General.phasePair_amplitude' depends on axioms: [propext, Classical.choice, Quot.sound]
info: ././././CyclicBell/AxiomAudit.lean:1362:0: 'CyclicBell.General.phasePair_from_geometric' depends on axioms: [propext, Classical.choice, Quot.sound]
info: ././././CyclicBell/AxiomAudit.lean:1363:0: 'CyclicBell.General.phaseGeometric_telescoping' depends on axioms: [propext, Classical.choice, Quot.sound]
info: ././././CyclicBell/AxiomAudit.lean:1364:0: 'CyclicBell.General.normSq_one_sub_cis_double' depends on axioms: [propext, Classical.choice, Quot.sound]
info: ././././CyclicBell/AxiomAudit.lean:1365:0: 'CyclicBell.General.phaseGeometric_squared_identity' depends on axioms: [propext, Classical.choice, Quot.sound]
info: ././././CyclicBell/AxiomAudit.lean:1366:0: 'CyclicBell.General.phasePair_sine_formula' depends on axioms: [propext, Classical.choice, Quot.sound]
info: ././././CyclicBell/AxiomAudit.lean:1367:0: 'CyclicBell.General.phasePair_nonnegative' depends on axioms: [propext, Classical.choice, Quot.sound]
info: ././././CyclicBell/AxiomAudit.lean:1368:0: 'CyclicBell.General.phasePair_normalized' depends on axioms: [propext, Classical.choice, Quot.sound]
info: ././././CyclicBell/AxiomAudit.lean:1369:0: 'CyclicBell.General.phasePair_marginals' depends on axioms: [propext, Classical.choice, Quot.sound]
info: ././././CyclicBell/AxiomAudit.lean:1370:0: 'CyclicBell.General.phasePair_equal_offsets' depends on axioms: [propext, Classical.choice, Quot.sound]
info: ././././CyclicBell/AxiomAudit.lean:1371:0: 'CyclicBell.General.cis' depends on axioms: [propext, Classical.choice, Quot.sound]
info: ././././CyclicBell/AxiomAudit.lean:1372:0: 'CyclicBell.General.cis_exp' depends on axioms: [propext, Classical.choice, Quot.sound]
info: ././././CyclicBell/AxiomAudit.lean:1373:0: 'CyclicBell.General.cis_zero' depends on axioms: [propext, Classical.choice, Quot.sound]
info: ././././CyclicBell/AxiomAudit.lean:1374:0: 'CyclicBell.General.cis_add' depends on axioms: [propext, Classical.choice, Quot.sound]
info: ././././CyclicBell/AxiomAudit.lean:1375:0: 'CyclicBell.General.cis_norm' depends on axioms: [propext, Classical.choice, Quot.sound]
info: ././././CyclicBell/AxiomAudit.lean:1376:0: 'CyclicBell.General.cis_normSq' depends on axioms: [propext, Classical.choice, Quot.sound]
info: ././././CyclicBell/AxiomAudit.lean:1377:0: 'CyclicBell.General.cis_unit' depends on axioms: [propext, Classical.choice, Quot.sound]
info: ././././CyclicBell/AxiomAudit.lean:1378:0: 'CyclicBell.General.cis_ne_zero' depends on axioms: [propext, Classical.choice, Quot.sound]
info: ././././CyclicBell/AxiomAudit.lean:1379:0: 'CyclicBell.General.cis_neg' depends on axioms: [propext, Classical.choice, Quot.sound]
info: ././././CyclicBell/AxiomAudit.lean:1380:0: 'CyclicBell.General.cis_sub' depends on axioms: [propext, Classical.choice, Quot.sound]
info: ././././CyclicBell/AxiomAudit.lean:1381:0: 'CyclicBell.General.cis_period_int' depends on axioms: [propext, Classical.choice, Quot.sound]
info: ././././CyclicBell/AxiomAudit.lean:1382:0: 'CyclicBell.General.cis_pi' depends on axioms: [propext, Classical.choice, Quot.sound]
info: ././././CyclicBell/AxiomAudit.lean:1383:0: 'CyclicBell.General.cis_pow' depends on axioms: [propext, Classical.choice, Quot.sound]
info: ././././CyclicBell/AxiomAudit.lean:1384:0: 'CyclicBell.General.chi_cis_int' depends on axioms: [propext, Classical.choice, Quot.sound]
info: ././././CyclicBell/AxiomAudit.lean:1385:0: 'CyclicBell.General.chi_cis_val' depends on axioms: [propext, Classical.choice, Quot.sound]
info: ././././CyclicBell/AxiomAudit.lean:1386:0: 'CyclicBell.General.parityDelta' depends on axioms: [propext]
info: ././././CyclicBell/AxiomAudit.lean:1387:0: 'CyclicBell.General.parityDelta_cases' depends on axioms: [propext]
info: ././././CyclicBell/AxiomAudit.lean:1388:0: 'CyclicBell.General.parity_shift_even' depends on axioms: [propext, Classical.choice, Quot.sound]
info: ././././CyclicBell/AxiomAudit.lean:1389:0: 'CyclicBell.General.equalityBase' depends on axioms: [propext, Classical.choice, Quot.sound]
info: ././././CyclicBell/AxiomAudit.lean:1390:0: 'CyclicBell.General.equalityRoot' depends on axioms: [propext, Classical.choice, Quot.sound]
info: ././././CyclicBell/AxiomAudit.lean:1391:0: 'CyclicBell.General.equalityRoot_unit' depends on axioms: [propext, Classical.choice, Quot.sound]
info: ././././CyclicBell/AxiomAudit.lean:1392:0: 'CyclicBell.General.equalityRoot_injective' depends on axioms: [propext, Classical.choice, Quot.sound]
info: ././././CyclicBell/AxiomAudit.lean:1393:0: 'CyclicBell.General.equalityRoot_cis' depends on axioms: [propext, Classical.choice, Quot.sound]
info: ././././CyclicBell/AxiomAudit.lean:1394:0: 'CyclicBell.General.phaseCut' does not depend on any axioms
info: ././././CyclicBell/AxiomAudit.lean:1395:0: 'CyclicBell.General.halfRootAngle' depends on axioms: [propext, Classical.choice, Quot.sound]
info: ././././CyclicBell/AxiomAudit.lean:1396:0: 'CyclicBell.General.halfRootSign' depends on axioms: [propext, Classical.choice, Quot.sound]
info: ././././CyclicBell/AxiomAudit.lean:1397:0: 'CyclicBell.General.polarBase' depends on axioms: [propext, Classical.choice, Quot.sound]
info: ././././CyclicBell/AxiomAudit.lean:1398:0: 'CyclicBell.General.polarPhase' depends on axioms: [propext, Classical.choice, Quot.sound]
info: ././././CyclicBell/AxiomAudit.lean:1399:0: 'CyclicBell.General.parity_half_dimension' depends on axioms: [propext, Classical.choice, Quot.sound]
info: ././././CyclicBell/AxiomAudit.lean:1400:0: 'CyclicBell.General.phaseCut_formula' depends on axioms: [propext, Classical.choice, Quot.sound]
info: ././././CyclicBell/AxiomAudit.lean:1401:0: 'CyclicBell.General.halfRootAngle_bounds' depends on axioms: [propext, Classical.choice, Quot.sound]
info: ././././CyclicBell/AxiomAudit.lean:1402:0: 'CyclicBell.General.halfRootAngle_sides' depends on axioms: [propext, Classical.choice, Quot.sound]
info: ././././CyclicBell/AxiomAudit.lean:1403:0: 'CyclicBell.General.halfRoot_cos_sign' depends on axioms: [propext, Classical.choice, Quot.sound]
info: ././././CyclicBell/AxiomAudit.lean:1404:0: 'CyclicBell.General.equalityRoot_halfAngle' depends on axioms: [propext, Classical.choice, Quot.sound]
info: ././././CyclicBell/AxiomAudit.lean:1405:0: 'CyclicBell.General.polarBase_unit' depends on axioms: [propext, Classical.choice, Quot.sound]
info: ././././CyclicBell/AxiomAudit.lean:1406:0: 'CyclicBell.General.polarPhase_unit' depends on axioms: [propext, Classical.choice, Quot.sound]
info: ././././CyclicBell/AxiomAudit.lean:1407:0: 'CyclicBell.General.polarBase_factor' depends on axioms: [propext, Classical.choice, Quot.sound]
info: ././././CyclicBell/AxiomAudit.lean:1408:0: 'CyclicBell.General.linear_at_root' depends on axioms: [propext, Classical.choice, Quot.sound]
info: ././././CyclicBell/AxiomAudit.lean:1409:0: 'CyclicBell.General.polarPhase_factor' depends on axioms: [propext, Classical.choice, Quot.sound]
info: ././././CyclicBell/AxiomAudit.lean:1410:0: 'CyclicBell.General.polarPhase_eq_quotient' depends on axioms: [propext, Classical.choice, Quot.sound]
info: ././././CyclicBell/AxiomAudit.lean:1411:0: 'CyclicBell.General.polarPhase_conjugate_factor' depends on axioms: [propext, Classical.choice, Quot.sound]
info: ././././CyclicBell/AxiomAudit.lean:1412:0: 'CyclicBell.General.sum_natCast_range' depends on axioms: [propext, Classical.choice, Quot.sound]
info: ././././CyclicBell/AxiomAudit.lean:1413:0: 'CyclicBell.General.prod_cis_range' depends on axioms: [propext, Classical.choice, Quot.sound]
info: ././././CyclicBell/AxiomAudit.lean:1414:0: 'CyclicBell.General.prod_sign_range' depends on axioms: [propext, Classical.choice, Quot.sound]
info: ././././CyclicBell/AxiomAudit.lean:1415:0: 'CyclicBell.General.polarBase_product' depends on axioms: [propext, Classical.choice, Quot.sound]
info: ././././CyclicBell/AxiomAudit.lean:1416:0: 'CyclicBell.General.polarPhase_product' depends on axioms: [propext, Classical.choice, Quot.sound]
info: ././././CyclicBell/AxiomAudit.lean:1417:0: 'CyclicBell.General.reflectionLabel' depends on axioms: [propext, Quot.sound]
info: ././././CyclicBell/AxiomAudit.lean:1418:0: 'CyclicBell.General.matrix_rank_add_le' depends on axioms: [propext, Classical.choice, Quot.sound]
info: ././././CyclicBell/AxiomAudit.lean:1419:0: 'CyclicBell.General.matrix_rank_smul_le' depends on axioms: [propext, Classical.choice, Quot.sound]
info: ././././CyclicBell/AxiomAudit.lean:1420:0: 'CyclicBell.General.matrix_rank_smul' depends on axioms: [propext, Classical.choice, Quot.sound]
info: ././././CyclicBell/AxiomAudit.lean:1421:0: 'CyclicBell.General.relative_reflection_rank_step' depends on axioms: [propext, Classical.choice, Quot.sound]
info: ././././CyclicBell/AxiomAudit.lean:1422:0: 'CyclicBell.General.relative_reflection_rank' depends on axioms: [propext, Classical.choice, Quot.sound]
info: ././././CyclicBell/AxiomAudit.lean:1423:0: 'CyclicBell.General.projectionRangeEquiv' depends on axioms: [propext, Classical.choice, Quot.sound]
info: ././././CyclicBell/AxiomAudit.lean:1424:0: 'CyclicBell.General.sum_supported_projection_ranks' depends on axioms: [propext, Classical.choice, Quot.sound]
info: ././././CyclicBell/AxiomAudit.lean:1425:0: 'CyclicBell.General.equal_ranks_from_lower_bounds' depends on axioms: [propext, Classical.choice, Quot.sound]
info: ././././CyclicBell/AxiomAudit.lean:1426:0: 'CyclicBell.General.rootFilter' depends on axioms: [propext, Classical.choice, Quot.sound]
info: ././././CyclicBell/AxiomAudit.lean:1427:0: 'CyclicBell.General.rootFilter_at_root' depends on axioms: [propext, Classical.choice, Quot.sound]
info: ././././CyclicBell/AxiomAudit.lean:1428:0: 'CyclicBell.General.rootProjection_filter_on_support' depends on axioms: [propext, Classical.choice, Quot.sound]
info: ././././CyclicBell/AxiomAudit.lean:1429:0: 'CyclicBell.General.rootFilter_intertwines' depends on axioms: [propext, Classical.choice, Quot.sound]
info: ././././CyclicBell/AxiomAudit.lean:1430:0: 'CyclicBell.General.rootProjection_preserves_support' depends on axioms: [propext, Classical.choice, Quot.sound]
info: ././././CyclicBell/AxiomAudit.lean:1431:0: 'CyclicBell.General.rootProjection_sum_on_support' depends on axioms: [propext, Classical.choice, Quot.sound]
info: ././././CyclicBell/AxiomAudit.lean:1432:0: 'CyclicBell.General.rootProjection_orthogonal' depends on axioms: [propext, Classical.choice, Quot.sound]
info: ././././CyclicBell/AxiomAudit.lean:1433:0: 'CyclicBell.General.supportedEigenspace' depends on axioms: [propext, Classical.choice, Quot.sound]
info: ././././CyclicBell/AxiomAudit.lean:1434:0: 'CyclicBell.General.finiteCalc_eigenvector' depends on axioms: [propext, Classical.choice, Quot.sound]
info: ././././CyclicBell/AxiomAudit.lean:1435:0: 'CyclicBell.General.rootProjection_range_eigenspace' depends on axioms: [propext, Classical.choice, Quot.sound]
info: ././././CyclicBell/AxiomAudit.lean:1436:0: 'CyclicBell.General.adjoint_intertwiner' depends on axioms: [propext, Classical.choice, Quot.sound]
info: ././././CyclicBell/AxiomAudit.lean:1437:0: 'CyclicBell.General.quantum_root_rank_lower' depends on axioms: [propext, Classical.choice, Quot.sound]
info: ././././CyclicBell/AxiomAudit.lean:1438:0: 'CyclicBell.General.supported_multiplicity_rigidity' depends on axioms: [propext, Classical.choice, Quot.sound]
info: ././././CyclicBell/AxiomAudit.lean:1439:0: 'CyclicBell.General.supported_dimension_divisible' depends on axioms: [propext, Classical.choice, Quot.sound]
info: ././././CyclicBell/AxiomAudit.lean:1440:0: 'CyclicBell.General.halfMesh' depends on axioms: [propext, Classical.choice, Quot.sound]
info: ././././CyclicBell/AxiomAudit.lean:1441:0: 'CyclicBell.General.mesh' depends on axioms: [propext, Classical.choice, Quot.sound]
info: ././././CyclicBell/AxiomAudit.lean:1442:0: 'CyclicBell.General.scalarMaximum' depends on axioms: [propext, Classical.choice, Quot.sound]
info: ././././CyclicBell/AxiomAudit.lean:1443:0: 'CyclicBell.General.cosineGrid' depends on axioms: [propext, Classical.choice, Quot.sound]
info: ././././CyclicBell/AxiomAudit.lean:1444:0: 'CyclicBell.General.scalarSum' depends on axioms: [propext, Classical.choice, Quot.sound]
info: ././././CyclicBell/AxiomAudit.lean:1445:0: 'CyclicBell.General.mesh_pos' depends on axioms: [propext, Classical.choice, Quot.sound]
info: ././././CyclicBell/AxiomAudit.lean:1446:0: 'CyclicBell.General.halfMesh_pos' depends on axioms: [propext, Classical.choice, Quot.sound]
info: ././././CyclicBell/AxiomAudit.lean:1447:0: 'CyclicBell.General.sin_halfMesh_pos' depends on axioms: [propext, Classical.choice, Quot.sound]
info: ././././CyclicBell/AxiomAudit.lean:1448:0: 'CyclicBell.General.halfMesh_eq' depends on axioms: [propext, Classical.choice, Quot.sound]
info: ././././CyclicBell/AxiomAudit.lean:1449:0: 'CyclicBell.General.mesh_mul_dimension' depends on axioms: [propext, Classical.choice, Quot.sound]
info: ././././CyclicBell/AxiomAudit.lean:1450:0: 'CyclicBell.General.sum_range_successor_sub' depends on axioms: [propext, Classical.choice, Quot.sound]
info: ././././CyclicBell/AxiomAudit.lean:1451:0: 'CyclicBell.General.abs_cos_add_pi' depends on axioms: [propext, Classical.choice, Quot.sound]
info: ././././CyclicBell/AxiomAudit.lean:1452:0: 'CyclicBell.General.cosineGrid_period' depends on axioms: [propext, Classical.choice, Quot.sound]
info: ././././CyclicBell/AxiomAudit.lean:1453:0: 'CyclicBell.General.cosineGrid_nat_period' depends on axioms: [propext, Classical.choice, Quot.sound]
info: ././././CyclicBell/AxiomAudit.lean:1454:0: 'CyclicBell.General.cosineGrid_int_period' depends on axioms: [propext, Classical.choice, Quot.sound]
info: ././././CyclicBell/AxiomAudit.lean:1455:0: 'CyclicBell.General.centered_grid_nonnegative' depends on axioms: [propext, Classical.choice, Quot.sound]
info: ././././CyclicBell/AxiomAudit.lean:1456:0: 'CyclicBell.General.centered_grid_sum' depends on axioms: [propext, Classical.choice, Quot.sound]
info: ././././CyclicBell/AxiomAudit.lean:1457:0: 'CyclicBell.General.cosineGrid_sector' depends on axioms: [propext, Classical.choice, Quot.sound]
info: ././././CyclicBell/AxiomAudit.lean:1458:0: 'CyclicBell.General.sectorIndex' depends on axioms: [propext, Classical.choice, Quot.sound]
info: ././././CyclicBell/AxiomAudit.lean:1459:0: 'CyclicBell.General.sectorOffset' depends on axioms: [propext, Classical.choice, Quot.sound]
info: ././././CyclicBell/AxiomAudit.lean:1460:0: 'CyclicBell.General.sectorOffset_bounds' depends on axioms: [propext, Classical.choice, Quot.sound]
info: ././././CyclicBell/AxiomAudit.lean:1461:0: 'CyclicBell.General.cosineGrid_reduced' depends on axioms: [propext, Classical.choice, Quot.sound]
info: ././././CyclicBell/AxiomAudit.lean:1462:0: 'CyclicBell.General.cis_double_plus_one' depends on axioms: [propext, Classical.choice, Quot.sound]
info: ././././CyclicBell/AxiomAudit.lean:1463:0: 'CyclicBell.General.norm_one_add_cis_double' depends on axioms: [propext, Classical.choice, Quot.sound]
info: ././././CyclicBell/AxiomAudit.lean:1464:0: 'CyclicBell.General.sum_representatives' depends on axioms: [propext, Classical.choice, Quot.sound]
info: ././././CyclicBell/AxiomAudit.lean:1465:0: 'CyclicBell.General.scalarSum_angle' depends on axioms: [propext, Classical.choice, Quot.sound]
info: ././././CyclicBell/AxiomAudit.lean:1466:0: 'CyclicBell.General.scalar_angle_bound' depends on axioms: [propext, Classical.choice, Quot.sound]
info: ././././CyclicBell/AxiomAudit.lean:1467:0: 'CyclicBell.General.scalar_bound' depends on axioms: [propext, Classical.choice, Quot.sound]
info: ././././CyclicBell/AxiomAudit.lean:1468:0: 'CyclicBell.General.equalityRoot_scalar_attainment' depends on axioms: [propext, Classical.choice, Quot.sound]
info: ././././CyclicBell/AxiomAudit.lean:1469:0: 'CyclicBell.General.cis_re' depends on axioms: [propext, Classical.choice, Quot.sound]
info: ././././CyclicBell/AxiomAudit.lean:1470:0: 'CyclicBell.General.cis_eq_one_small' depends on axioms: [propext, Classical.choice, Quot.sound]
info: ././././CyclicBell/AxiomAudit.lean:1471:0: 'CyclicBell.General.parity_constant' depends on axioms: [propext, Classical.choice, Quot.sound]
info: ././././CyclicBell/AxiomAudit.lean:1472:0: 'CyclicBell.General.sector_power_equation' depends on axioms: [propext, Classical.choice, Quot.sound]
info: ././././CyclicBell/AxiomAudit.lean:1473:0: 'CyclicBell.General.sector_power_iff' depends on axioms: [propext, Classical.choice, Quot.sound]
info: ././././CyclicBell/AxiomAudit.lean:1474:0: 'CyclicBell.General.scalar_equality_iff' depends on axioms: [propext, Classical.choice, Quot.sound]
info: ././././CyclicBell/AxiomAudit.lean:1475:0: 'CyclicBell.General.equalityRoot_power' depends on axioms: [propext, Classical.choice, Quot.sound]
info: ././././CyclicBell/AxiomAudit.lean:1476:0: 'CyclicBell.General.equalityRoot_no_bad_phase' depends on axioms: [propext, Classical.choice, Quot.sound]
info: ././././CyclicBell/AxiomAudit.lean:1477:0: 'CyclicBell.General.secondValue' depends on axioms: [propext, Classical.choice, Quot.sound]
info: ././././CyclicBell/AxiomAudit.lean:1478:0: 'CyclicBell.General.secondFourier_bobLift' depends on axioms: [propext, Classical.choice, Quot.sound]
info: ././././CyclicBell/AxiomAudit.lean:1479:0: 'CyclicBell.General.second_physical_upper' depends on axioms: [propext, Classical.choice, Quot.sound]
info: ././././CyclicBell/AxiomAudit.lean:1480:0: 'CyclicBell.General.second_source_sos' depends on axioms: [propext, Classical.choice, Quot.sound]
info: ././././CyclicBell/AxiomAudit.lean:1481:0: 'CyclicBell.General.coefficientAngle' depends on axioms: [propext, Classical.choice, Quot.sound]
info: ././././CyclicBell/AxiomAudit.lean:1482:0: 'CyclicBell.General.generalLambda' depends on axioms: [propext, Classical.choice, Quot.sound]
info: ././././CyclicBell/AxiomAudit.lean:1483:0: 'CyclicBell.General.secondPrefactor' depends on axioms: [propext, Classical.choice, Quot.sound]
info: ././././CyclicBell/AxiomAudit.lean:1484:0: 'CyclicBell.General.geometricRatio' depends on axioms: [propext, Classical.choice, Quot.sound]
info: ././././CyclicBell/AxiomAudit.lean:1485:0: 'CyclicBell.General.polarTransform' depends on axioms: [propext, Classical.choice, Quot.sound]
info: ././././CyclicBell/AxiomAudit.lean:1486:0: 'CyclicBell.General.sign_exponent_bridge' depends on axioms: [propext, Classical.choice, Quot.sound]
info: ././././CyclicBell/AxiomAudit.lean:1487:0: 'CyclicBell.General.generalLambda_literal' depends on axioms: [propext, Classical.choice, Quot.sound]
info: ././././CyclicBell/AxiomAudit.lean:1488:0: 'CyclicBell.General.sign_cis_bridge' depends on axioms: [propext, Classical.choice, Quot.sound]
info: ././././CyclicBell/AxiomAudit.lean:1489:0: 'CyclicBell.General.secondPrefactor_norm' depends on axioms: [propext, Classical.choice, Quot.sound]
info: ././././CyclicBell/AxiomAudit.lean:1490:0: 'CyclicBell.General.secondPrefactor_unit' depends on axioms: [propext, Classical.choice, Quot.sound]
info: ././././CyclicBell/AxiomAudit.lean:1491:0: 'CyclicBell.General.coefficientAngle_sin_ne_zero' depends on axioms: [propext, Classical.choice, Quot.sound]
info: ././././CyclicBell/AxiomAudit.lean:1492:0: 'CyclicBell.General.geometricRatio_power' depends on axioms: [propext, Classical.choice, Quot.sound]
info: ././././CyclicBell/AxiomAudit.lean:1493:0: 'CyclicBell.General.geometricRatio_ne_one' depends on axioms: [propext, Classical.choice, Quot.sound]
info: ././././CyclicBell/AxiomAudit.lean:1494:0: 'CyclicBell.General.geometric_sum_mul' depends on axioms: [propext, Classical.choice, Quot.sound]
info: ././././CyclicBell/AxiomAudit.lean:1495:0: 'CyclicBell.General.signed_geometric_mul' depends on axioms: [propext, Classical.choice, Quot.sound]
info: ././././CyclicBell/AxiomAudit.lean:1496:0: 'CyclicBell.General.polarTransform_signed_geometric' depends on axioms: [propext, Classical.choice, Quot.sound]
info: ././././CyclicBell/AxiomAudit.lean:1497:0: 'CyclicBell.General.polarTransform_mul_ratio' depends on axioms: [propext, Classical.choice, Quot.sound]
info: ././././CyclicBell/AxiomAudit.lean:1498:0: 'CyclicBell.General.d_lambda_prefactor' depends on axioms: [propext, Classical.choice, Quot.sound]
info: ././././CyclicBell/AxiomAudit.lean:1499:0: 'CyclicBell.General.d_lambda_prefactor_mul_ratio' depends on axioms: [propext, Classical.choice, Quot.sound]
info: ././././CyclicBell/AxiomAudit.lean:1500:0: 'CyclicBell.General.polarTransform_compression' depends on axioms: [propext, Classical.choice, Quot.sound]
info: ././././CyclicBell/AxiomAudit.lean:1501:0: 'CyclicBell.General.generalLambda_normalization' depends on axioms: [propext, Classical.choice, Quot.sound]
info: ././././CyclicBell/AxiomAudit.lean:1502:0: 'CyclicBell.General.generalLambda_ne_zero' depends on axioms: [propext, Classical.choice, Quot.sound]
info: ././././CyclicBell/AxiomAudit.lean:1503:0: 'CyclicBell.General.algebraFourier' depends on axioms: [propext, Classical.choice, Quot.sound]
info: ././././CyclicBell/AxiomAudit.lean:1504:0: 'CyclicBell.General.algebraFourier_energy' depends on axioms: [propext, Classical.choice, Quot.sound]
info: ././././CyclicBell/AxiomAudit.lean:1505:0: 'CyclicBell.General.operatorSecond' depends on axioms: [propext, Classical.choice, Quot.sound]
info: ././././CyclicBell/AxiomAudit.lean:1506:0: 'CyclicBell.General.algebraSecondResidual' depends on axioms: [propext, Classical.choice, Quot.sound]
info: ././././CyclicBell/AxiomAudit.lean:1507:0: 'CyclicBell.General.algebraSecondExpansion' depends on axioms: [propext, Classical.choice, Quot.sound]
info: ././././CyclicBell/AxiomAudit.lean:1508:0: 'CyclicBell.General.second_cstar_sos' depends on axioms: [propext, Classical.choice, Quot.sound]
info: ././././CyclicBell/AxiomAudit.lean:1509:0: 'CyclicBell.General.second_commuting_hilbert_bound' depends on axioms: [propext, Classical.choice, Quot.sound]
info: ././././CyclicBell/AxiomAudit.lean:1510:0: 'CyclicBell.General.second_augmented_commuting_hilbert_bound' depends on axioms: [propext, Classical.choice, Quot.sound]
info: ././././CyclicBell/AxiomAudit.lean:1511:0: 'CyclicBell.General.AlgebraPVM' depends on axioms: [propext, Classical.choice, Quot.sound]
info: ././././CyclicBell/AxiomAudit.lean:1512:0: 'CyclicBell.General.algebraEncoded' depends on axioms: [propext, Classical.choice, Quot.sound]
info: ././././CyclicBell/AxiomAudit.lean:1513:0: 'CyclicBell.General.algebraPVM_mul' depends on axioms: [propext, Classical.choice, Quot.sound]
info: ././././CyclicBell/AxiomAudit.lean:1514:0: 'CyclicBell.General.algebraEncoded_unitary' depends on axioms: [propext, Classical.choice, Quot.sound]
info: ././././CyclicBell/AxiomAudit.lean:1515:0: 'CyclicBell.General.algebraEncoded_power' depends on axioms: [propext, Classical.choice, Quot.sound]
info: ././././CyclicBell/AxiomAudit.lean:1516:0: 'CyclicBell.General.algebraEncoded_order' depends on axioms: [propext, Classical.choice, Quot.sound]
info: ././././CyclicBell/AxiomAudit.lean:1517:0: 'CyclicBell.General.algebraPVM_cross_commute' depends on axioms: [propext, Classical.choice, Quot.sound]
info: ././././CyclicBell/AxiomAudit.lean:1518:0: 'CyclicBell.General.first_commuting_PVM_upper' depends on axioms: [propext, Classical.choice, Quot.sound]
info: ././././CyclicBell/AxiomAudit.lean:1519:0: 'CyclicBell.General.second_commuting_PVM_upper' depends on axioms: [propext, Classical.choice, Quot.sound]
info: ././././CyclicBell/AxiomAudit.lean:1520:0: 'CyclicBell.General.secondPermutation_correlator' depends on axioms: [propext, Classical.choice, Quot.sound]
info: ././././CyclicBell/AxiomAudit.lean:1521:0: 'CyclicBell.General.secondPermutation_extra_correlator' depends on axioms: [propext, Classical.choice, Quot.sound]
info: ././././CyclicBell/AxiomAudit.lean:1522:0: 'CyclicBell.General.secondPermutation_local_moments_zero' depends on axioms: [propext, Classical.choice, Quot.sound]
info: ././././CyclicBell/AxiomAudit.lean:1523:0: 'CyclicBell.General.secondPermutation_first_harmonic_matrix' depends on axioms: [propext, Classical.choice, Quot.sound]
info: ././././CyclicBell/AxiomAudit.lean:1524:0: 'CyclicBell.General.secondPermutation_first_harmonic_matrix_invariant' depends on axioms: [propext,
 Classical.choice,
 Quot.sound]
info: ././././CyclicBell/AxiomAudit.lean:1525:0: 'CyclicBell.General.secondPermutation_behavior_correlator' depends on axioms: [propext, Classical.choice, Quot.sound]
info: ././././CyclicBell/AxiomAudit.lean:1526:0: 'CyclicBell.General.secondPermutation_behavior_correlators_invariant' depends on axioms: [propext,
 Classical.choice,
 Quot.sound]
info: ././././CyclicBell/AxiomAudit.lean:1527:0: 'CyclicBell.General.secondPermutation_physical_local_moments_zero' depends on axioms: [propext,
 Classical.choice,
 Quot.sound]
info: ././././CyclicBell/AxiomAudit.lean:1528:0: 'CyclicBell.General.secondPermutation_complete_first_moments' depends on axioms: [propext, Classical.choice, Quot.sound]
info: ././././CyclicBell/AxiomAudit.lean:1529:0: 'CyclicBell.General.phi_unitary_conjugate_invariance' depends on axioms: [propext, Classical.choice, Quot.sound]
info: ././././CyclicBell/AxiomAudit.lean:1530:0: 'CyclicBell.General.secondPermutation_residual_zero' depends on axioms: [propext, Classical.choice, Quot.sound]
info: ././././CyclicBell/AxiomAudit.lean:1531:0: 'CyclicBell.General.secondPermutation_aligned_residual_zero' depends on axioms: [propext, Classical.choice, Quot.sound]
info: ././././CyclicBell/AxiomAudit.lean:1532:0: 'CyclicBell.General.secondFourier' depends on axioms: [propext, Classical.choice, Quot.sound]
info: ././././CyclicBell/AxiomAudit.lean:1533:0: 'CyclicBell.General.fourier_character_orthogonality' depends on axioms: [propext, Classical.choice, Quot.sound]
info: ././././CyclicBell/AxiomAudit.lean:1534:0: 'CyclicBell.General.secondFourier_energy' depends on axioms: [propext, Classical.choice, Quot.sound]
info: ././././CyclicBell/AxiomAudit.lean:1535:0: 'CyclicBell.General.secondFourier_unitary_energy' depends on axioms: [propext, Classical.choice, Quot.sound]
info: ././././CyclicBell/AxiomAudit.lean:1536:0: 'CyclicBell.General.secondReducedOperator' depends on axioms: [propext, Classical.choice, Quot.sound]
info: ././././CyclicBell/AxiomAudit.lean:1537:0: 'CyclicBell.General.secondResidual' depends on axioms: [propext, Classical.choice, Quot.sound]
info: ././././CyclicBell/AxiomAudit.lean:1538:0: 'CyclicBell.General.secondScalarExpansion' depends on axioms: [propext, Classical.choice, Quot.sound]
info: ././././CyclicBell/AxiomAudit.lean:1539:0: 'CyclicBell.General.second_general_sos' depends on axioms: [propext, Classical.choice, Quot.sound]
info: ././././CyclicBell/AxiomAudit.lean:1540:0: 'CyclicBell.General.second_general_upper' depends on axioms: [propext, Classical.choice, Quot.sound]
info: ././././CyclicBell/AxiomAudit.lean:1541:0: 'CyclicBell.General.secondTwist' depends on axioms: [propext, Classical.choice, Quot.sound]
info: ././././CyclicBell/AxiomAudit.lean:1542:0: 'CyclicBell.General.secondWeight' depends on axioms: [propext, Classical.choice, Quot.sound]
info: ././././CyclicBell/AxiomAudit.lean:1543:0: 'CyclicBell.General.consecutive_integer_phase' depends on axioms: [propext, Classical.choice, Quot.sound]
info: ././././CyclicBell/AxiomAudit.lean:1544:0: 'CyclicBell.General.secondTwist_power' depends on axioms: [propext, Classical.choice, Quot.sound]
info: ././././CyclicBell/AxiomAudit.lean:1545:0: 'CyclicBell.General.secondWeight_factor' depends on axioms: [propext, Classical.choice, Quot.sound]
info: ././././CyclicBell/AxiomAudit.lean:1546:0: 'CyclicBell.General.secondWeight_unit' depends on axioms: [propext, Classical.choice, Quot.sound]
info: ././././CyclicBell/AxiomAudit.lean:1547:0: 'CyclicBell.General.secondWeight_product' depends on axioms: [propext, Classical.choice, Quot.sound]
info: ././././CyclicBell/AxiomAudit.lean:1548:0: 'CyclicBell.General.secondAlice' depends on axioms: [propext, Classical.choice, Quot.sound]
info: ././././CyclicBell/AxiomAudit.lean:1549:0: 'CyclicBell.General.secondPermutationStrategy' depends on axioms: [propext, Classical.choice, Quot.sound]
info: ././././CyclicBell/AxiomAudit.lean:1550:0: 'CyclicBell.General.secondAlice_encoding' depends on axioms: [propext, Classical.choice, Quot.sound]
info: ././././CyclicBell/AxiomAudit.lean:1551:0: 'CyclicBell.General.weighted_sum' depends on axioms: [propext, Classical.choice, Quot.sound]
info: ././././CyclicBell/AxiomAudit.lean:1552:0: 'CyclicBell.General.polarTransform_shift' depends on axioms: [propext, Classical.choice, Quot.sound]
info: ././././CyclicBell/AxiomAudit.lean:1553:0: 'CyclicBell.General.secondPermutation_compression' depends on axioms: [propext, Classical.choice, Quot.sound]
info: ././././CyclicBell/AxiomAudit.lean:1554:0: 'CyclicBell.General.secondWeight_zero' depends on axioms: [propext, Classical.choice, Quot.sound]
info: ././././CyclicBell/AxiomAudit.lean:1555:0: 'CyclicBell.General.secondWeight_one_conjugate' depends on axioms: [propext, Classical.choice, Quot.sound]
info: ././././CyclicBell/AxiomAudit.lean:1556:0: 'CyclicBell.General.secondAlice_zero' depends on axioms: [propext, Classical.choice, Quot.sound]
info: ././././CyclicBell/AxiomAudit.lean:1557:0: 'CyclicBell.General.secondAlice_one' depends on axioms: [propext, Classical.choice, Quot.sound]
info: ././././CyclicBell/AxiomAudit.lean:1558:0: 'CyclicBell.General.secondPermutation_term' depends on axioms: [propext, Classical.choice, Quot.sound]
info: ././././CyclicBell/AxiomAudit.lean:1559:0: 'CyclicBell.General.secondPermutation_attains' depends on axioms: [propext, Classical.choice, Quot.sound]
info: ././././CyclicBell/AxiomAudit.lean:1560:0: 'CyclicBell.General.measurement_effect_eq_of_encoded_eq' depends on axioms: [propext, Classical.choice, Quot.sound]
info: ././././CyclicBell/AxiomAudit.lean:1561:0: 'CyclicBell.General.second_first_target_same' depends on axioms: [propext, Classical.choice, Quot.sound]
info: ././././CyclicBell/AxiomAudit.lean:1562:0: 'CyclicBell.General.secondPermutation_maximal' depends on axioms: [propext, Classical.choice, Quot.sound]
info: ././././CyclicBell/AxiomAudit.lean:1563:0: 'CyclicBell.General.second_all_dimension_counterexample' depends on axioms: [propext, Classical.choice, Quot.sound]
info: ././././CyclicBell/AxiomAudit.lean:1564:0: 'CyclicBell.General.sourceClock' depends on axioms: [propext, Classical.choice, Quot.sound]
info: ././././CyclicBell/AxiomAudit.lean:1565:0: 'CyclicBell.General.sourceTriangular' does not depend on any axioms
info: ././././CyclicBell/AxiomAudit.lean:1566:0: 'CyclicBell.General.sourceTriangular_double' depends on axioms: [propext, Quot.sound]
info: ././././CyclicBell/AxiomAudit.lean:1567:0: 'CyclicBell.General.sourceCoeffBase' depends on axioms: [propext, Classical.choice, Quot.sound]
info: ././././CyclicBell/AxiomAudit.lean:1568:0: 'CyclicBell.General.sourceCoeff' depends on axioms: [propext, Classical.choice, Quot.sound]
info: ././././CyclicBell/AxiomAudit.lean:1569:0: 'CyclicBell.General.sourceMode' depends on axioms: [propext, Classical.choice, Quot.sound]
info: ././././CyclicBell/AxiomAudit.lean:1570:0: 'CyclicBell.General.sourceBob' depends on axioms: [propext, Classical.choice, Quot.sound]
info: ././././CyclicBell/AxiomAudit.lean:1571:0: 'CyclicBell.General.source_triangular_phase' depends on axioms: [propext, Classical.choice, Quot.sound]
info: ././././CyclicBell/AxiomAudit.lean:1572:0: 'CyclicBell.General.sourceCoeff_literal' depends on axioms: [propext, Classical.choice, Quot.sound]
info: ././././CyclicBell/AxiomAudit.lean:1573:0: 'CyclicBell.General.source_sine_positive' depends on axioms: [propext, Classical.choice, Quot.sound]
info: ././././CyclicBell/AxiomAudit.lean:1574:0: 'CyclicBell.General.sourceCoeffBase_nonzero' depends on axioms: [propext, Classical.choice, Quot.sound]
info: ././././CyclicBell/AxiomAudit.lean:1575:0: 'CyclicBell.General.source_coefficient_DFT' depends on axioms: [propext, Classical.choice, Quot.sound]
info: ././././CyclicBell/AxiomAudit.lean:1576:0: 'CyclicBell.General.source_operator_DFT' depends on axioms: [propext, Classical.choice, Quot.sound]
info: ././././CyclicBell/AxiomAudit.lean:1577:0: 'CyclicBell.General.sourceCoeffBase_zero' depends on axioms: [propext, Classical.choice, Quot.sound]
info: ././././CyclicBell/AxiomAudit.lean:1578:0: 'CyclicBell.General.source_shift_order' depends on axioms: [propext, Classical.choice, Quot.sound]
info: ././././CyclicBell/AxiomAudit.lean:1579:0: 'CyclicBell.General.source_clock_power' depends on axioms: [propext, Classical.choice, Quot.sound]
info: ././././CyclicBell/AxiomAudit.lean:1580:0: 'CyclicBell.General.source_clock_order' depends on axioms: [propext, Classical.choice, Quot.sound]
info: ././././CyclicBell/AxiomAudit.lean:1581:0: 'CyclicBell.General.source_clock_last' depends on axioms: [propext, Classical.choice, Quot.sound]
info: ././././CyclicBell/AxiomAudit.lean:1582:0: 'CyclicBell.General.sourceMode_zero' depends on axioms: [propext, Classical.choice, Quot.sound]
info: ././././CyclicBell/AxiomAudit.lean:1583:0: 'CyclicBell.General.source_neg_one_val' depends on axioms: [propext, Quot.sound]
info: ././././CyclicBell/AxiomAudit.lean:1584:0: 'CyclicBell.General.sourceMode_last' depends on axioms: [propext, Classical.choice, Quot.sound]
info: ././././CyclicBell/AxiomAudit.lean:1585:0: 'CyclicBell.General.sourceCoeffBase_last' depends on axioms: [propext, Classical.choice, Quot.sound]
info: ././././CyclicBell/AxiomAudit.lean:1586:0: 'CyclicBell.General.source_fourier_zero' depends on axioms: [propext, Classical.choice, Quot.sound]
info: ././././CyclicBell/AxiomAudit.lean:1587:0: 'CyclicBell.General.source_fourier_one' depends on axioms: [propext, Classical.choice, Quot.sound]
info: ././././CyclicBell/AxiomAudit.lean:1588:0: 'CyclicBell.General.source_qutrit_coefficients' depends on axioms: [propext, Classical.choice, Quot.sound]
info: ././././CyclicBell/AxiomAudit.lean:1589:0: 'CyclicBell.General.source_qutrit_operator' depends on axioms: [propext, Classical.choice, Quot.sound]
info: ././././CyclicBell/AxiomAudit.lean:1590:0: 'CyclicBell.General.matrixRange' depends on axioms: [propext, Classical.choice, Quot.sound]
info: ././././CyclicBell/AxiomAudit.lean:1591:0: 'CyclicBell.General.frobeniusSq' depends on axioms: [propext, Classical.choice, Quot.sound]
info: ././././CyclicBell/AxiomAudit.lean:1592:0: 'CyclicBell.General.frobeniusSq_nonnegative' depends on axioms: [propext, Classical.choice, Quot.sound]
info: ././././CyclicBell/AxiomAudit.lean:1593:0: 'CyclicBell.General.frobeniusSq_eq_zero' depends on axioms: [propext, Classical.choice, Quot.sound]
info: ././././CyclicBell/AxiomAudit.lean:1594:0: 'CyclicBell.General.trace_gram_frobenius' depends on axioms: [propext, Classical.choice, Quot.sound]
info: ././././CyclicBell/AxiomAudit.lean:1595:0: 'CyclicBell.General.matrixRange_mul_le' depends on axioms: [propext, Classical.choice, Quot.sound]
info: ././././CyclicBell/AxiomAudit.lean:1596:0: 'CyclicBell.General.matrixRange_gram' depends on axioms: [propext, Classical.choice, Quot.sound]
info: ././././CyclicBell/AxiomAudit.lean:1597:0: 'CyclicBell.General.support_cancellation' depends on axioms: [propext, Classical.choice, Quot.sound]
info: ././././CyclicBell/AxiomAudit.lean:1598:0: 'CyclicBell.General.range_intertwiner' depends on axioms: [propext, Classical.choice, Quot.sound]
info: ././././CyclicBell/AxiomAudit.lean:1599:0: 'CyclicBell.General.unitary_transpose' depends on axioms: [propext, Classical.choice, Quot.sound]
info: ././././CyclicBell/AxiomAudit.lean:1600:0: 'CyclicBell.General.stateFactor' depends on axioms: [propext, Classical.choice, Quot.sound]
info: ././././CyclicBell/AxiomAudit.lean:1601:0: 'CyclicBell.General.stateFactor_gram' depends on axioms: [propext, Classical.choice, Quot.sound]
info: ././././CyclicBell/AxiomAudit.lean:1602:0: 'CyclicBell.General.stateFactor_normalized' depends on axioms: [propext, Classical.choice, Quot.sound]
info: ././././CyclicBell/AxiomAudit.lean:1603:0: 'CyclicBell.General.state_square_frobenius' depends on axioms: [propext, Classical.choice, Quot.sound]
info: ././././CyclicBell/AxiomAudit.lean:1604:0: 'CyclicBell.General.state_square_zero_iff' depends on axioms: [propext, Classical.choice, Quot.sound]
info: ././././CyclicBell/AxiomAudit.lean:1605:0: 'CyclicBell.General.finite_positive_sum_zero' depends on axioms: [propext, Classical.choice, Quot.sound]
info: ././././CyclicBell/AxiomAudit.lean:1606:0: 'CyclicBell.General.aliceAmplitude' depends on axioms: [propext, Classical.choice, Quot.sound]
info: ././././CyclicBell/AxiomAudit.lean:1607:0: 'CyclicBell.General.bobRight' depends on axioms: [propext, Classical.choice, Quot.sound]
info: ././././CyclicBell/AxiomAudit.lean:1608:0: 'CyclicBell.General.partialTraceBob' depends on axioms: [propext, Classical.choice, Quot.sound]
info: ././././CyclicBell/AxiomAudit.lean:1609:0: 'CyclicBell.General.amplitude_reduced' depends on axioms: [propext, Classical.choice, Quot.sound]
info: ././././CyclicBell/AxiomAudit.lean:1610:0: 'CyclicBell.General.amplitude_left' depends on axioms: [propext, Classical.choice, Quot.sound]
info: ././././CyclicBell/AxiomAudit.lean:1611:0: 'CyclicBell.General.amplitude_right' depends on axioms: [propext, Classical.choice, Quot.sound]
info: ././././CyclicBell/AxiomAudit.lean:1612:0: 'CyclicBell.General.amplitude_tensor' depends on axioms: [propext, Classical.choice, Quot.sound]
info: ././././CyclicBell/AxiomAudit.lean:1613:0: 'CyclicBell.General.amplitude_add' depends on axioms: [propext, Classical.choice, Quot.sound]
info: ././././CyclicBell/AxiomAudit.lean:1614:0: 'CyclicBell.General.amplitude_sub' depends on axioms: [propext, Classical.choice, Quot.sound]
info: ././././CyclicBell/AxiomAudit.lean:1615:0: 'CyclicBell.General.amplitude_zero' depends on axioms: [propext, Classical.choice, Quot.sound]
info: ././././CyclicBell/AxiomAudit.lean:1616:0: 'CyclicBell.General.amplitude_injective' depends on axioms: [propext, Classical.choice, Quot.sound]
info: ././././CyclicBell/AxiomAudit.lean:1617:0: 'CyclicBell.General.bobRight_unitary' depends on axioms: [propext, Classical.choice, Quot.sound]
info: ././././CyclicBell/AxiomAudit.lean:1618:0: 'CyclicBell.General.kron_pow' depends on axioms: [propext, Classical.choice, Quot.sound]
info: ././././CyclicBell/AxiomAudit.lean:1619:0: 'CyclicBell.General.bobRight_order' depends on axioms: [propext, Classical.choice, Quot.sound]
info: ././././CyclicBell/AxiomAudit.lean:1620:0: 'CyclicBell.General.aliceSupport' depends on axioms: [propext, Classical.choice, Quot.sound]
info: ././././CyclicBell/AxiomAudit.lean:1621:0: 'CyclicBell.General.aliceSupport_amplitude' depends on axioms: [propext, Classical.choice, Quot.sound]
info: ././././CyclicBell/AxiomAudit.lean:1622:0: 'CyclicBell.General.aliceSupport_nonzero' depends on axioms: [propext, Classical.choice, Quot.sound]
info: ././././CyclicBell/AxiomAudit.lean:1623:0: 'CyclicBell.General.preservesRange' depends on axioms: [propext, Classical.choice, Quot.sound]
info: ././././CyclicBell/AxiomAudit.lean:1624:0: 'CyclicBell.General.restrictMatrix' depends on axioms: [propext, Classical.choice, Quot.sound]
info: ././././CyclicBell/AxiomAudit.lean:1625:0: 'CyclicBell.General.preserves_of_intertwiner' depends on axioms: [propext, Classical.choice, Quot.sound]
info: ././././CyclicBell/AxiomAudit.lean:1626:0: 'CyclicBell.General.supported_kernel_cancel' depends on axioms: [propext, Classical.choice, Quot.sound]
info: ././././CyclicBell/AxiomAudit.lean:1627:0: 'CyclicBell.General.localH' depends on axioms: [propext, Classical.choice, Quot.sound]
info: ././././CyclicBell/AxiomAudit.lean:1628:0: 'CyclicBell.General.localK' depends on axioms: [propext, Classical.choice, Quot.sound]
info: ././././CyclicBell/AxiomAudit.lean:1629:0: 'CyclicBell.General.localD' depends on axioms: [propext, Classical.choice, Quot.sound]
info: ././././CyclicBell/AxiomAudit.lean:1630:0: 'CyclicBell.General.localG' depends on axioms: [propext, Classical.choice, Quot.sound]
info: ././././CyclicBell/AxiomAudit.lean:1631:0: 'CyclicBell.General.localH_square' depends on axioms: [propext, Classical.choice, Quot.sound]
info: ././././CyclicBell/AxiomAudit.lean:1632:0: 'CyclicBell.General.localK_square' depends on axioms: [propext, Classical.choice, Quot.sound]
info: ././././CyclicBell/AxiomAudit.lean:1633:0: 'CyclicBell.General.localHK_cross' depends on axioms: [propext, Classical.choice, Quot.sound]
info: ././././CyclicBell/AxiomAudit.lean:1634:0: 'CyclicBell.General.localG_square' depends on axioms: [propext, Classical.choice, Quot.sound]
info: ././././CyclicBell/AxiomAudit.lean:1635:0: 'CyclicBell.General.firstLocalOperator' depends on axioms: [propext, Classical.choice, Quot.sound]
info: ././././CyclicBell/AxiomAudit.lean:1636:0: 'CyclicBell.General.firstLocalResidual' depends on axioms: [propext, Classical.choice, Quot.sound]
info: ././././CyclicBell/AxiomAudit.lean:1637:0: 'CyclicBell.General.first_local_sos' depends on axioms: [propext, Classical.choice, Quot.sound]
info: ././././CyclicBell/AxiomAudit.lean:1638:0: 'CyclicBell.General.firstValue_operator' depends on axioms: [propext, Classical.choice, Quot.sound]
info: ././././CyclicBell/AxiomAudit.lean:1639:0: 'CyclicBell.General.first_saturation_equations' depends on axioms: [propext, Classical.choice, Quot.sound]
info: ././././CyclicBell/AxiomAudit.lean:1640:0: 'CyclicBell.General.equalitySupport' depends on axioms: [propext, Classical.choice, Quot.sound]
info: ././././CyclicBell/AxiomAudit.lean:1641:0: 'CyclicBell.General.supportedPhase' depends on axioms: [propext, Classical.choice, Quot.sound]
info: ././././CyclicBell/AxiomAudit.lean:1642:0: 'CyclicBell.General.rootProjection' depends on axioms: [propext, Classical.choice, Quot.sound]
info: ././././CyclicBell/AxiomAudit.lean:1643:0: 'CyclicBell.General.scalarGap_zero_root' depends on axioms: [propext, Classical.choice, Quot.sound]
info: ././././CyclicBell/AxiomAudit.lean:1644:0: 'CyclicBell.General.equalitySupport_from_gap' depends on axioms: [propext, Classical.choice, Quot.sound]
info: ././././CyclicBell/AxiomAudit.lean:1645:0: 'CyclicBell.General.equality_supported_action' depends on axioms: [propext, Classical.choice, Quot.sound]
info: ././././CyclicBell/AxiomAudit.lean:1646:0: 'CyclicBell.General.equality_power_on_support' depends on axioms: [propext, Classical.choice, Quot.sound]
info: ././././CyclicBell/AxiomAudit.lean:1647:0: 'CyclicBell.General.halfRoot_times_phase' depends on axioms: [propext, Classical.choice, Quot.sound]
info: ././././CyclicBell/AxiomAudit.lean:1648:0: 'CyclicBell.General.localH_phase' depends on axioms: [propext, Classical.choice, Quot.sound]
info: ././././CyclicBell/AxiomAudit.lean:1649:0: 'CyclicBell.General.supportedHalfInverse' depends on axioms: [propext, Classical.choice, Quot.sound]
info: ././././CyclicBell/AxiomAudit.lean:1650:0: 'CyclicBell.General.supportedHalfInverse_cancel' depends on axioms: [propext, Classical.choice, Quot.sound]
info: ././././CyclicBell/AxiomAudit.lean:1651:0: 'CyclicBell.General.phase_square_on_support' depends on axioms: [propext, Classical.choice, Quot.sound]
info: ././././CyclicBell/AxiomAudit.lean:1652:0: 'CyclicBell.General.phase_isometry_on_support' depends on axioms: [propext, Classical.choice, Quot.sound]
info: ././././CyclicBell/AxiomAudit.lean:1653:0: 'CyclicBell.General.polar_cancel_on_support' depends on axioms: [propext, Classical.choice, Quot.sound]
info: ././././CyclicBell/AxiomAudit.lean:1654:0: 'CyclicBell.General.matrix_intertwiner_pow' depends on axioms: [propext, Classical.choice, Quot.sound]
info: ././././CyclicBell/AxiomAudit.lean:1655:0: 'CyclicBell.General.quantum_supported_routing' depends on axioms: [propext, Classical.choice, Quot.sound]
info: ././././CyclicBell/AxiomAudit.lean:1656:0: 'CyclicBell.General.supported_adjacent_reflection' depends on axioms: [propext, Classical.choice, Quot.sound]
info: ././././CyclicBell/AxiomAudit.lean:1657:0: 'CyclicBell.General.finalSwap' depends on axioms: [propext, Quot.sound]
info: ././././CyclicBell/AxiomAudit.lean:1658:0: 'CyclicBell.General.swappedWeight' depends on axioms: [propext, Classical.choice, Quot.sound]
info: ././././CyclicBell/AxiomAudit.lean:1659:0: 'CyclicBell.General.swappedPhase' depends on axioms: [propext, Classical.choice, Quot.sound]
info: ././././CyclicBell/AxiomAudit.lean:1660:0: 'CyclicBell.General.negative_representative' depends on axioms: [propext, Quot.sound]
info: ././././CyclicBell/AxiomAudit.lean:1661:0: 'CyclicBell.General.finalSwap_representatives' depends on axioms: [propext, Quot.sound]
info: ././././CyclicBell/AxiomAudit.lean:1662:0: 'CyclicBell.General.finalSwap_away' depends on axioms: [propext, Quot.sound]
info: ././././CyclicBell/AxiomAudit.lean:1663:0: 'CyclicBell.General.swappedWeight_unit' depends on axioms: [propext, Classical.choice, Quot.sound]
info: ././././CyclicBell/AxiomAudit.lean:1664:0: 'CyclicBell.General.swappedWeight_product' depends on axioms: [propext, Classical.choice, Quot.sound]
info: ././././CyclicBell/AxiomAudit.lean:1665:0: 'CyclicBell.General.swappedPhase_unit' depends on axioms: [propext, Classical.choice, Quot.sound]
info: ././././CyclicBell/AxiomAudit.lean:1666:0: 'CyclicBell.General.swappedPhase_recurrence' depends on axioms: [propext, Classical.choice, Quot.sound]
info: ././././CyclicBell/AxiomAudit.lean:1667:0: 'CyclicBell.General.swap_adjacent_sum' depends on axioms: [propext, Classical.choice, Quot.sound]
info: ././././CyclicBell/AxiomAudit.lean:1668:0: 'CyclicBell.General.swapped_R2' depends on axioms: [propext, Classical.choice, Quot.sound]
info: ././././CyclicBell/AxiomAudit.lean:1669:0: 'CyclicBell.General.swapped_R2_ne_zero' depends on axioms: [propext, Classical.choice, Quot.sound]
info: ././././CyclicBell/AxiomAudit.lean:1670:0: 'CyclicBell.General.swapped_target_encoding' depends on axioms: [propext, Classical.choice, Quot.sound]
info: ././././CyclicBell/AxiomAudit.lean:1671:0: 'CyclicBell.General.swappedTarget' depends on axioms: [propext, Classical.choice, Quot.sound]
info: ././././CyclicBell/AxiomAudit.lean:1672:0: 'CyclicBell.General.swappedTarget_fourier' depends on axioms: [propext, Classical.choice, Quot.sound]
info: ././././CyclicBell/AxiomAudit.lean:1673:0: 'CyclicBell.General.swappedTarget_nonnegative' depends on axioms: [propext, Classical.choice, Quot.sound]
info: ././././CyclicBell/AxiomAudit.lean:1674:0: 'CyclicBell.General.swappedTarget_marginals' depends on axioms: [propext, Classical.choice, Quot.sound]
info: ././././CyclicBell/AxiomAudit.lean:1675:0: 'CyclicBell.General.swappedTarget_normalized' depends on axioms: [propext, Classical.choice, Quot.sound]
info: ././././CyclicBell/AxiomAudit.lean:1676:0: 'CyclicBell.General.swappedTarget_not_uniform' depends on axioms: [propext, Classical.choice, Quot.sound]
info: ././././CyclicBell/AxiomAudit.lean:1677:0: 'CyclicBell.General.exists_above_uniform' depends on axioms: [propext, Classical.choice, Quot.sound]
info: ././././CyclicBell/AxiomAudit.lean:1678:0: 'CyclicBell.General.swappedTarget_guessing_gap' depends on axioms: [propext, Classical.choice, Quot.sound]
info: ././././CyclicBell/AxiomAudit.lean:1679:0: 'CyclicBell.General.all_dimension_physical_nonuniformity' depends on axioms: [propext, Classical.choice, Quot.sound]
info: ././././CyclicBell/AxiomAudit.lean:1680:0: 'CyclicBell.General.GuessPOVM' depends on axioms: [propext, Classical.choice, Quot.sound]
info: ././././CyclicBell/AxiomAudit.lean:1681:0: 'CyclicBell.General.TripartiteOn' depends on axioms: [propext, Classical.choice, Quot.sound]
info: ././././CyclicBell/AxiomAudit.lean:1682:0: 'CyclicBell.General.advKron_positive' depends on axioms: [propext, Classical.choice, Quot.sound]
info: ././././CyclicBell/AxiomAudit.lean:1683:0: 'CyclicBell.General.advKron_trace' depends on axioms: [propext, Classical.choice, Quot.sound]
info: ././././CyclicBell/AxiomAudit.lean:1684:0: 'CyclicBell.General.advStateEval_positive' depends on axioms: [propext, Classical.choice, Quot.sound]
info: ././././CyclicBell/AxiomAudit.lean:1685:0: 'CyclicBell.General.tripartiteBehavior' depends on axioms: [propext, Classical.choice, Quot.sound]
info: ././././CyclicBell/AxiomAudit.lean:1686:0: 'CyclicBell.General.tripartiteBehavior_nonnegative' depends on axioms: [propext, Classical.choice, Quot.sound]
info: ././././CyclicBell/AxiomAudit.lean:1687:0: 'CyclicBell.General.tripartiteBehavior_marginal' depends on axioms: [propext, Classical.choice, Quot.sound]
info: ././././CyclicBell/AxiomAudit.lean:1688:0: 'CyclicBell.General.tripartiteBehavior_normalized' depends on axioms: [propext, Classical.choice, Quot.sound]
info: ././././CyclicBell/AxiomAudit.lean:1689:0: 'CyclicBell.General.mixedConditionalE' depends on axioms: [propext, Classical.choice, Quot.sound]
info: ././././CyclicBell/AxiomAudit.lean:1690:0: 'CyclicBell.General.partialE_pairing' depends on axioms: [propext, Classical.choice, Quot.sound]
info: ././././CyclicBell/AxiomAudit.lean:1691:0: 'CyclicBell.General.mixedConditionalE_Born' depends on axioms: [propext, Classical.choice, Quot.sound]
info: ././././CyclicBell/AxiomAudit.lean:1692:0: 'CyclicBell.General.tripartiteBehavior_instrument' depends on axioms: [propext, Classical.choice, Quot.sound]
info: ././././CyclicBell/AxiomAudit.lean:1693:0: 'CyclicBell.General.scalarGuessPOVM' depends on axioms: [propext, Classical.choice, Quot.sound]
info: ././././CyclicBell/AxiomAudit.lean:1694:0: 'CyclicBell.General.trivialTripartite' depends on axioms: [propext, Classical.choice, Quot.sound]
info: ././././CyclicBell/AxiomAudit.lean:1695:0: 'CyclicBell.General.trivialTripartite_behavior' depends on axioms: [propext, Classical.choice, Quot.sound]
info: ././././CyclicBell/AxiomAudit.lean:1696:0: 'CyclicBell.General.trivialTripartite_marginal' depends on axioms: [propext, Classical.choice, Quot.sound]
info: ././././CyclicBell/AxiomAudit.lean:1697:0: 'CyclicBell.General.trivialTripartite_success' depends on axioms: [propext, Classical.choice, Quot.sound]
info: ././././CyclicBell/AxiomAudit.lean:1698:0: 'CyclicBell.General.invSqrtDim' depends on axioms: [propext, Classical.choice, Quot.sound]
info: ././././CyclicBell/AxiomAudit.lean:1699:0: 'CyclicBell.General.invSqrtDim_pos' depends on axioms: [propext, Classical.choice, Quot.sound]
info: ././././CyclicBell/AxiomAudit.lean:1700:0: 'CyclicBell.General.invSqrtDim_sq' depends on axioms: [propext, Classical.choice, Quot.sound]
info: ././././CyclicBell/AxiomAudit.lean:1701:0: 'CyclicBell.General.invSqrtDim_complex_sq' depends on axioms: [propext, Classical.choice, Quot.sound]
info: ././././CyclicBell/AxiomAudit.lean:1702:0: 'CyclicBell.General.maximallyEntangled' depends on axioms: [propext, Classical.choice, Quot.sound]
info: ././././CyclicBell/AxiomAudit.lean:1703:0: 'CyclicBell.General.fourierVector' depends on axioms: [propext, Classical.choice, Quot.sound]
info: ././././CyclicBell/AxiomAudit.lean:1704:0: 'CyclicBell.General.phasedVector' depends on axioms: [propext, Classical.choice, Quot.sound]
info: ././././CyclicBell/AxiomAudit.lean:1705:0: 'CyclicBell.General.weightedCycle' depends on axioms: [propext, Classical.choice, Quot.sound]
info: ././././CyclicBell/AxiomAudit.lean:1706:0: 'CyclicBell.General.cyclicShift' depends on axioms: [propext, Classical.choice, Quot.sound]
info: ././././CyclicBell/AxiomAudit.lean:1707:0: 'CyclicBell.General.entryConjugate' depends on axioms: [propext, Classical.choice, Quot.sound]
info: ././././CyclicBell/AxiomAudit.lean:1708:0: 'CyclicBell.General.maximallyEntangled_normalized' depends on axioms: [propext, Classical.choice, Quot.sound]
info: ././././CyclicBell/AxiomAudit.lean:1709:0: 'CyclicBell.General.entangledState' depends on axioms: [propext, Classical.choice, Quot.sound]
info: ././././CyclicBell/AxiomAudit.lean:1710:0: 'CyclicBell.General.fourierVector_orthonormal' depends on axioms: [propext, Classical.choice, Quot.sound]
info: ././././CyclicBell/AxiomAudit.lean:1711:0: 'CyclicBell.General.fourierVector_complete' depends on axioms: [propext, Classical.choice, Quot.sound]
info: ././././CyclicBell/AxiomAudit.lean:1712:0: 'CyclicBell.General.phase_orthonormal' depends on axioms: [propext, Classical.choice, Quot.sound]
info: ././././CyclicBell/AxiomAudit.lean:1713:0: 'CyclicBell.General.phase_complete' depends on axioms: [propext, Classical.choice, Quot.sound]
info: ././././CyclicBell/AxiomAudit.lean:1714:0: 'CyclicBell.General.phaseMeasurement' depends on axioms: [propext, Classical.choice, Quot.sound]
info: ././././CyclicBell/AxiomAudit.lean:1715:0: 'CyclicBell.General.fourierMeasurement' depends on axioms: [propext, Classical.choice, Quot.sound]
info: ././././CyclicBell/AxiomAudit.lean:1716:0: 'CyclicBell.General.phase_encoded_entry' depends on axioms: [propext, Classical.choice, Quot.sound]
info: ././././CyclicBell/AxiomAudit.lean:1717:0: 'CyclicBell.General.phaseMeasurement_encoding' depends on axioms: [propext, Classical.choice, Quot.sound]
info: ././././CyclicBell/AxiomAudit.lean:1718:0: 'CyclicBell.General.fourierMeasurement_encoding' depends on axioms: [propext, Classical.choice, Quot.sound]
info: ././././CyclicBell/AxiomAudit.lean:1719:0: 'CyclicBell.General.basis_eigenvector' depends on axioms: [propext, Classical.choice, Quot.sound]
info: ././././CyclicBell/AxiomAudit.lean:1720:0: 'CyclicBell.General.basis_vector_nonzero' depends on axioms: [propext, Classical.choice, Quot.sound]
info: ././././CyclicBell/AxiomAudit.lean:1721:0: 'CyclicBell.General.phi_apply' depends on axioms: [propext, Classical.choice, Quot.sound]
info: ././././CyclicBell/AxiomAudit.lean:1722:0: 'CyclicBell.General.phi_trace' depends on axioms: [propext, Classical.choice, Quot.sound]
info: ././././CyclicBell/AxiomAudit.lean:1723:0: 'CyclicBell.General.target_amplitude' depends on axioms: [propext, Classical.choice, Quot.sound]
info: ././././CyclicBell/AxiomAudit.lean:1724:0: 'CyclicBell.General.target_born_table' depends on axioms: [propext, Classical.choice, Quot.sound]
info: ././././CyclicBell/AxiomAudit.lean:1725:0: 'CyclicBell.General.target_distribution_package' depends on axioms: [propext, Classical.choice, Quot.sound]
info: ././././CyclicBell/AxiomAudit.lean:1726:0: 'CyclicBell.General.prod_representatives' depends on axioms: [propext, Classical.choice, Quot.sound]
info: ././././CyclicBell/AxiomAudit.lean:1727:0: 'CyclicBell.General.prefix' depends on axioms: [propext, Classical.choice, Quot.sound]
info: ././././CyclicBell/AxiomAudit.lean:1728:0: 'CyclicBell.General.phase_prod_unit' depends on axioms: [propext, Classical.choice, Quot.sound]
info: ././././CyclicBell/AxiomAudit.lean:1729:0: 'CyclicBell.General.prefix_unit' depends on axioms: [propext, Classical.choice, Quot.sound]
info: ././././CyclicBell/AxiomAudit.lean:1730:0: 'CyclicBell.General.prefix_zero' depends on axioms: [propext, Classical.choice, Quot.sound]
info: ././././CyclicBell/AxiomAudit.lean:1731:0: 'CyclicBell.General.successor_val' depends on axioms: [propext, Quot.sound]
info: ././././CyclicBell/AxiomAudit.lean:1732:0: 'CyclicBell.General.prefix_recurrence' depends on axioms: [propext, Classical.choice, Quot.sound]
info: ././././CyclicBell/AxiomAudit.lean:1733:0: 'CyclicBell.General.cycleMeasurement' depends on axioms: [propext, Classical.choice, Quot.sound]
info: ././././CyclicBell/AxiomAudit.lean:1734:0: 'CyclicBell.General.cycleMeasurement_encoding' depends on axioms: [propext, Classical.choice, Quot.sound]
info: ././././CyclicBell/AxiomAudit.lean:1735:0: 'CyclicBell.General.weighted_order' depends on axioms: [propext, Classical.choice, Quot.sound]
info: ././././CyclicBell/AxiomAudit.lean:1736:0: 'CyclicBell.General.weighted_unitary' depends on axioms: [propext, Classical.choice, Quot.sound]
info: ././././CyclicBell/AxiomAudit.lean:1737:0: 'CyclicBell.General.weighted_eigenbasis' depends on axioms: [propext, Classical.choice, Quot.sound]
info: ././././CyclicBell/AxiomAudit.lean:1738:0: 'CyclicBell.General.weighted_measurement_package' depends on axioms: [propext, Classical.choice, Quot.sound]
info: ././././CyclicBell/AxiomAudit.lean:1739:0: 'CyclicBell.behavior' depends on axioms: [propext, Classical.choice, Quot.sound]
info: ././././CyclicBell/AxiomAudit.lean:1740:0: 'CyclicBell.targetDistribution' depends on axioms: [propext, Classical.choice, Quot.sound]
info: ././././CyclicBell/AxiomAudit.lean:1741:0: 'CyclicBell.trivialEveEffect' depends on axioms: [propext, Classical.choice, Quot.sound]
info: ././././CyclicBell/AxiomAudit.lean:1742:0: 'CyclicBell.trivialConditional' depends on axioms: [propext, Classical.choice, Quot.sound]
info: ././././CyclicBell/AxiomAudit.lean:1743:0: 'CyclicBell.trivialEveSuccess' depends on axioms: [propext, Classical.choice, Quot.sound]
info: ././././CyclicBell/AxiomAudit.lean:1744:0: 'CyclicBell.trivialEve_positive' depends on axioms: [propext, Classical.choice, Quot.sound]
info: ././././CyclicBell/AxiomAudit.lean:1745:0: 'CyclicBell.trivialEve_complete' depends on axioms: [propext, Classical.choice, Quot.sound]
info: ././././CyclicBell/AxiomAudit.lean:1746:0: 'CyclicBell.trivialConditional_trace' depends on axioms: [propext, Classical.choice, Quot.sound]
info: ././././CyclicBell/AxiomAudit.lean:1747:0: 'CyclicBell.trivialConditional_positive' depends on axioms: [propext, Classical.choice, Quot.sound]
info: ././././CyclicBell/AxiomAudit.lean:1748:0: 'CyclicBell.trivialEve_success_eq' depends on axioms: [propext, Classical.choice, Quot.sound]
info: ././././CyclicBell/AxiomAudit.lean:1749:0: 'CyclicBell.trivialConditional_total' depends on axioms: [propext, Classical.choice, Quot.sound]
info: ././././CyclicBell/AxiomAudit.lean:1750:0: 'CyclicBell.adjoinTrivialEve' depends on axioms: [propext, Classical.choice, Quot.sound]
info: ././././CyclicBell/AxiomAudit.lean:1751:0: 'CyclicBell.partialTraceToTrivialEve' depends on axioms: [propext, Classical.choice, Quot.sound]
info: ././././CyclicBell/AxiomAudit.lean:1752:0: 'CyclicBell.actualTrivialConditional' depends on axioms: [propext, Classical.choice, Quot.sound]
info: ././././CyclicBell/AxiomAudit.lean:1753:0: 'CyclicBell.adjoinTrivialEve_projector' depends on axioms: [propext, Classical.choice, Quot.sound]
info: ././././CyclicBell/AxiomAudit.lean:1754:0: 'CyclicBell.adjoinTrivialEve_mul' depends on axioms: [propext, Classical.choice, Quot.sound]
info: ././././CyclicBell/AxiomAudit.lean:1755:0: 'CyclicBell.adjoinTrivialEve_adjoint' depends on axioms: [propext, Classical.choice, Quot.sound]
info: ././././CyclicBell/AxiomAudit.lean:1756:0: 'CyclicBell.adjoinTrivialEve_positive' depends on axioms: [propext, Classical.choice, Quot.sound]
info: ././././CyclicBell/AxiomAudit.lean:1757:0: 'CyclicBell.adjoinTrivialEve_trace' depends on axioms: [propext, Classical.choice, Quot.sound]
info: ././././CyclicBell/AxiomAudit.lean:1758:0: 'CyclicBell.partialTrace_adjoin' depends on axioms: [propext, Classical.choice, Quot.sound]
info: ././././CyclicBell/AxiomAudit.lean:1759:0: 'CyclicBell.actualTrivialConditional_eq' depends on axioms: [propext, Classical.choice, Quot.sound]
info: ././././CyclicBell/AxiomAudit.lean:1760:0: 'CyclicBell.pvm_trivialEve_Born_bridge' depends on axioms: [propext, Classical.choice, Quot.sound]
info: ././././CyclicBell/AxiomAudit.lean:1761:0: 'CyclicBell.Mat' depends on axioms: [propext, Classical.choice, Quot.sound]
info: ././././CyclicBell/AxiomAudit.lean:1762:0: 'CyclicBell.star_real' depends on axioms: [propext, Classical.choice, Quot.sound]
info: ././././CyclicBell/AxiomAudit.lean:1763:0: 'CyclicBell.UnitaryRel' depends on axioms: [propext, Classical.choice, Quot.sound]
info: ././././CyclicBell/AxiomAudit.lean:1764:0: 'CyclicBell.UnitaryRel.one' depends on axioms: [propext, Classical.choice, Quot.sound]
info: ././././CyclicBell/AxiomAudit.lean:1765:0: 'CyclicBell.UnitaryRel.adjoint' depends on axioms: [propext, Classical.choice, Quot.sound]
info: ././././CyclicBell/AxiomAudit.lean:1766:0: 'CyclicBell.UnitaryRel.mul' depends on axioms: [propext, Classical.choice, Quot.sound]
info: ././././CyclicBell/AxiomAudit.lean:1767:0: 'CyclicBell.UnitaryRel.pow' depends on axioms: [propext, Classical.choice, Quot.sound]
info: ././././CyclicBell/AxiomAudit.lean:1768:0: 'CyclicBell.UnitaryRel.cancel_left' depends on axioms: [propext, Classical.choice, Quot.sound]
info: ././././CyclicBell/AxiomAudit.lean:1769:0: 'CyclicBell.UnitaryRel.cancel_right' depends on axioms: [propext, Classical.choice, Quot.sound]
info: ././././CyclicBell/AxiomAudit.lean:1770:0: 'CyclicBell.UnitaryRel.scalar' depends on axioms: [propext, Classical.choice, Quot.sound]
info: ././././CyclicBell/AxiomAudit.lean:1771:0: 'CyclicBell.UnitaryRel.commute_adjoint_right' depends on axioms: [propext, Classical.choice, Quot.sound]
info: ././././CyclicBell/AxiomAudit.lean:1772:0: 'CyclicBell.herm' depends on axioms: [propext, Classical.choice, Quot.sound]
info: ././././CyclicBell/AxiomAudit.lean:1773:0: 'CyclicBell.stateEval' depends on axioms: [propext, Classical.choice, Quot.sound]
info: ././././CyclicBell/AxiomAudit.lean:1774:0: 'CyclicBell.stateEval_add' depends on axioms: [propext, Classical.choice, Quot.sound]
info: ././././CyclicBell/AxiomAudit.lean:1775:0: 'CyclicBell.stateEval_sub' depends on axioms: [propext, Classical.choice, Quot.sound]
info: ././././CyclicBell/AxiomAudit.lean:1776:0: 'CyclicBell.stateEval_zero' depends on axioms: [propext, Classical.choice, Quot.sound]
info: ././././CyclicBell/AxiomAudit.lean:1777:0: 'CyclicBell.stateEval_real_smul' depends on axioms: [propext, Classical.choice, Quot.sound]
info: ././././CyclicBell/AxiomAudit.lean:1778:0: 'CyclicBell.stateEval_sum' depends on axioms: [propext, Classical.choice, Quot.sound]
info: ././././CyclicBell/AxiomAudit.lean:1779:0: 'CyclicBell.stateEval_adjoint' depends on axioms: [propext, Classical.choice, Quot.sound]
info: ././././CyclicBell/AxiomAudit.lean:1780:0: 'CyclicBell.stateEval_herm' depends on axioms: [propext, Classical.choice, Quot.sound]
info: ././././CyclicBell/AxiomAudit.lean:1781:0: 'CyclicBell.posSemidef_trace_re_nonnegative' depends on axioms: [propext, Classical.choice, Quot.sound]
info: ././././CyclicBell/AxiomAudit.lean:1782:0: 'CyclicBell.stateEval_square_nonnegative' depends on axioms: [propext, Classical.choice, Quot.sound]
info: ././././CyclicBell/AxiomAudit.lean:1783:0: 'CyclicBell.stateEval_one' depends on axioms: [propext, Classical.choice, Quot.sound]
info: ././././CyclicBell/AxiomAudit.lean:1784:0: 'CyclicBell.aligned_gap_identity' depends on axioms: [propext, Classical.choice, Quot.sound]
info: ././././CyclicBell/AxiomAudit.lean:1785:0: 'CyclicBell.aligned_upper' depends on axioms: [propext, Classical.choice, Quot.sound]
info: ././././CyclicBell/AxiomAudit.lean:1786:0: 'CyclicBell.tensor_add_left' depends on axioms: [propext, Classical.choice, Quot.sound]
info: ././././CyclicBell/AxiomAudit.lean:1787:0: 'CyclicBell.tensor_add_right' depends on axioms: [propext, Classical.choice, Quot.sound]
info: ././././CyclicBell/AxiomAudit.lean:1788:0: 'CyclicBell.tensor_smul_left' depends on axioms: [propext, Classical.choice, Quot.sound]
info: ././././CyclicBell/AxiomAudit.lean:1789:0: 'CyclicBell.tensor_smul_right' depends on axioms: [propext, Classical.choice, Quot.sound]
info: ././././CyclicBell/AxiomAudit.lean:1790:0: 'CyclicBell.tensor_mul' depends on axioms: [propext, Classical.choice, Quot.sound]
info: ././././CyclicBell/AxiomAudit.lean:1791:0: 'CyclicBell.tensor_adjoint' depends on axioms: [propext, Classical.choice, Quot.sound]
info: ././././CyclicBell/AxiomAudit.lean:1792:0: 'CyclicBell.tensor_one' depends on axioms: [propext, Classical.choice, Quot.sound]
info: ././././CyclicBell/AxiomAudit.lean:1793:0: 'CyclicBell.tensor_unitary' depends on axioms: [propext, Classical.choice, Quot.sound]
info: ././././CyclicBell/AxiomAudit.lean:1794:0: 'CyclicBell.liftAlice' depends on axioms: [propext, Classical.choice, Quot.sound]
info: ././././CyclicBell/AxiomAudit.lean:1795:0: 'CyclicBell.liftBob' depends on axioms: [propext, Classical.choice, Quot.sound]
info: ././././CyclicBell/AxiomAudit.lean:1796:0: 'CyclicBell.liftAlice_mul_liftBob' depends on axioms: [propext, Classical.choice, Quot.sound]
info: ././././CyclicBell/AxiomAudit.lean:1797:0: 'CyclicBell.liftBob_mul_liftAlice' depends on axioms: [propext, Classical.choice, Quot.sound]
info: ././././CyclicBell/AxiomAudit.lean:1798:0: 'CyclicBell.tensor_cross_commute' depends on axioms: [propext, Classical.choice, Quot.sound]
info: ././././CyclicBell/AxiomAudit.lean:1799:0: 'CyclicBell.spectralSum' depends on axioms: [propext, Classical.choice, Quot.sound]
info: ././././CyclicBell/AxiomAudit.lean:1800:0: 'CyclicBell.effect_mul' depends on axioms: [propext, Classical.choice, Quot.sound]
info: ././././CyclicBell/AxiomAudit.lean:1801:0: 'CyclicBell.spectralSum_one' depends on axioms: [propext, Classical.choice, Quot.sound]
info: ././././CyclicBell/AxiomAudit.lean:1802:0: 'CyclicBell.spectralSum_mul' depends on axioms: [propext, Classical.choice, Quot.sound]
info: ././././CyclicBell/AxiomAudit.lean:1803:0: 'CyclicBell.spectralSum_adjoint' depends on axioms: [propext, Classical.choice, Quot.sound]
info: ././././CyclicBell/AxiomAudit.lean:1804:0: 'CyclicBell.observable_unitary' depends on axioms: [propext, Classical.choice, Quot.sound]
info: ././././CyclicBell/AxiomAudit.lean:1805:0: 'CyclicBell.observable_power' depends on axioms: [propext, Classical.choice, Quot.sound]
info: ././././CyclicBell/AxiomAudit.lean:1806:0: 'CyclicBell.observable_fourth_power' depends on axioms: [propext, Classical.choice, Quot.sound]
info: ././././CyclicBell/AxiomAudit.lean:1807:0: 'CyclicBell.Vec' depends on axioms: [propext, Classical.choice, Quot.sound]
info: ././././CyclicBell/AxiomAudit.lean:1808:0: 'CyclicBell.Op' depends on axioms: [propext, Classical.choice, Quot.sound]
info: ././././CyclicBell/AxiomAudit.lean:1809:0: 'CyclicBell.Joint' does not depend on any axioms
info: ././././CyclicBell/AxiomAudit.lean:1810:0: 'CyclicBell.JointOp' depends on axioms: [propext, Classical.choice, Quot.sound]
info: ././././CyclicBell/AxiomAudit.lean:1811:0: 'CyclicBell.ip' depends on axioms: [propext, Classical.choice, Quot.sound]
info: ././././CyclicBell/AxiomAudit.lean:1812:0: 'CyclicBell.applyOp' depends on axioms: [propext, Classical.choice, Quot.sound]
info: ././././CyclicBell/AxiomAudit.lean:1813:0: 'CyclicBell.expectation' depends on axioms: [propext, Classical.choice, Quot.sound]
info: ././././CyclicBell/AxiomAudit.lean:1814:0: 'CyclicBell.projector' depends on axioms: [propext, Classical.choice, Quot.sound]
info: ././././CyclicBell/AxiomAudit.lean:1815:0: 'CyclicBell.tensor' depends on axioms: [propext, Classical.choice, Quot.sound]
info: ././././CyclicBell/AxiomAudit.lean:1816:0: 'CyclicBell.tensorVec' depends on axioms: [propext, Classical.choice, Quot.sound]
info: ././././CyclicBell/AxiomAudit.lean:1817:0: 'CyclicBell.State' depends on axioms: [propext, Classical.choice, Quot.sound]
info: ././././CyclicBell/AxiomAudit.lean:1818:0: 'CyclicBell.PVM' depends on axioms: [propext, Classical.choice, Quot.sound]
info: ././././CyclicBell/AxiomAudit.lean:1819:0: 'CyclicBell.observable' depends on axioms: [propext, Classical.choice, Quot.sound]
info: ././././CyclicBell/AxiomAudit.lean:1820:0: 'CyclicBell.Strategy' depends on axioms: [propext, Classical.choice, Quot.sound]
info: ././././CyclicBell/AxiomAudit.lean:1821:0: 'CyclicBell.born' depends on axioms: [propext, Classical.choice, Quot.sound]
info: ././././CyclicBell/AxiomAudit.lean:1822:0: 'CyclicBell.pureBorn' depends on axioms: [propext, Classical.choice, Quot.sound]
info: ././././CyclicBell/AxiomAudit.lean:1823:0: 'CyclicBell.fixedGuessSuccess' depends on axioms: [propext, Classical.choice, Quot.sound]
info: ././././CyclicBell/AxiomAudit.lean:1824:0: 'CyclicBell.ip_star' depends on axioms: [propext, Classical.choice, Quot.sound]
info: ././././CyclicBell/AxiomAudit.lean:1825:0: 'CyclicBell.ip_mul_right' depends on axioms: [propext, Classical.choice, Quot.sound]
info: ././././CyclicBell/AxiomAudit.lean:1826:0: 'CyclicBell.projector_apply' depends on axioms: [propext, Classical.choice, Quot.sound]
info: ././././CyclicBell/AxiomAudit.lean:1827:0: 'CyclicBell.expectation_projector' depends on axioms: [propext, Classical.choice, Quot.sound]
info: ././././CyclicBell/AxiomAudit.lean:1828:0: 'CyclicBell.tensor_projectors' depends on axioms: [propext, Classical.choice, Quot.sound]
info: ././././CyclicBell/AxiomAudit.lean:1829:0: 'CyclicBell.pureBorn_projectors' depends on axioms: [propext, Classical.choice, Quot.sound]
info: ././././CyclicBell/AxiomAudit.lean:1830:0: 'CyclicBell.expectation_eq_trace' depends on axioms: [propext, Classical.choice, Quot.sound]
info: ././././CyclicBell/AxiomAudit.lean:1831:0: 'CyclicBell.pureBorn_eq_born' depends on axioms: [propext, Classical.choice, Quot.sound]
info: ././././CyclicBell/AxiomAudit.lean:1832:0: 'CyclicBell.projector_positive' depends on axioms: [propext, Classical.choice, Quot.sound]
info: ././././CyclicBell/AxiomAudit.lean:1833:0: 'CyclicBell.projector_mul' depends on axioms: [propext, Classical.choice, Quot.sound]
info: ././././CyclicBell/AxiomAudit.lean:1834:0: 'CyclicBell.pvmOfBasis' depends on axioms: [propext, Classical.choice, Quot.sound]
info: ././././CyclicBell/AxiomAudit.lean:1835:0: 'CyclicBell.stateOfPure' depends on axioms: [propext, Classical.choice, Quot.sound]
info: ././././CyclicBell/AxiomAudit.lean:1836:0: 'CyclicBell.D4.old_weights_phase_bridge' depends on axioms: [propext, Classical.choice, Quot.sound]
info: ././././CyclicBell/AxiomAudit.lean:1837:0: 'CyclicBell.D4.old_q_phase_bridge' depends on axioms: [propext, Classical.choice, Quot.sound]
info: ././././CyclicBell/AxiomAudit.lean:1838:0: 'CyclicBell.firstA₀' depends on axioms: [propext, Classical.choice, Quot.sound]
info: ././././CyclicBell/AxiomAudit.lean:1839:0: 'CyclicBell.firstA₁' depends on axioms: [propext, Classical.choice, Quot.sound]
info: ././././CyclicBell/AxiomAudit.lean:1840:0: 'CyclicBell.firstU' depends on axioms: [propext, Classical.choice, Quot.sound]
info: ././././CyclicBell/AxiomAudit.lean:1841:0: 'CyclicBell.firstB' depends on axioms: [propext, Classical.choice, Quot.sound]
info: ././././CyclicBell/AxiomAudit.lean:1842:0: 'CyclicBell.firstBstar' depends on axioms: [propext, Classical.choice, Quot.sound]
info: ././././CyclicBell/AxiomAudit.lean:1843:0: 'CyclicBell.firstA₀_unitary' depends on axioms: [propext, Classical.choice, Quot.sound]
info: ././././CyclicBell/AxiomAudit.lean:1844:0: 'CyclicBell.firstA₁_unitary' depends on axioms: [propext, Classical.choice, Quot.sound]
info: ././././CyclicBell/AxiomAudit.lean:1845:0: 'CyclicBell.firstU_unitary' depends on axioms: [propext, Classical.choice, Quot.sound]
info: ././././CyclicBell/AxiomAudit.lean:1846:0: 'CyclicBell.firstB_unitary' depends on axioms: [propext, Classical.choice, Quot.sound]
info: ././././CyclicBell/AxiomAudit.lean:1847:0: 'CyclicBell.firstBstar_unitary' depends on axioms: [propext, Classical.choice, Quot.sound]
info: ././././CyclicBell/AxiomAudit.lean:1848:0: 'CyclicBell.first_cross_commutation' depends on axioms: [propext, Classical.choice, Quot.sound]
info: ././././CyclicBell/AxiomAudit.lean:1849:0: 'CyclicBell.first_raw_term_bridge' depends on axioms: [propext, Classical.choice, Quot.sound]
info: ././././CyclicBell/AxiomAudit.lean:1850:0: 'CyclicBell.first_reduced_value_bridge' depends on axioms: [propext, Classical.choice, Quot.sound]
info: ././././CyclicBell/AxiomAudit.lean:1851:0: 'CyclicBell.first_augmented_value_bridge' depends on axioms: [propext, Classical.choice, Quot.sound]
info: ././././CyclicBell/AxiomAudit.lean:1852:0: 'CyclicBell.first_physical_sos' depends on axioms: [propext, Classical.choice, Quot.sound]
info: ././././CyclicBell/AxiomAudit.lean:1853:0: 'CyclicBell.first_universal_upper' depends on axioms: [propext, Classical.choice, Quot.sound]
info: ././././CyclicBell/AxiomAudit.lean:1854:0: 'CyclicBell.first_upper_bound' depends on axioms: [propext, Classical.choice, Quot.sound]
info: ././././CyclicBell/AxiomAudit.lean:1855:0: 'CyclicBell.secondA' depends on axioms: [propext, Classical.choice, Quot.sound]
info: ././././CyclicBell/AxiomAudit.lean:1856:0: 'CyclicBell.secondB' depends on axioms: [propext, Classical.choice, Quot.sound]
info: ././././CyclicBell/AxiomAudit.lean:1857:0: 'CyclicBell.secondBstar' depends on axioms: [propext, Classical.choice, Quot.sound]
info: ././././CyclicBell/AxiomAudit.lean:1858:0: 'CyclicBell.secondA_unitary' depends on axioms: [propext, Classical.choice, Quot.sound]
info: ././././CyclicBell/AxiomAudit.lean:1859:0: 'CyclicBell.secondB_unitary' depends on axioms: [propext, Classical.choice, Quot.sound]
info: ././././CyclicBell/AxiomAudit.lean:1860:0: 'CyclicBell.secondBstar_unitary' depends on axioms: [propext, Classical.choice, Quot.sound]
info: ././././CyclicBell/AxiomAudit.lean:1861:0: 'CyclicBell.second_fourier_lift' depends on axioms: [propext, Classical.choice, Quot.sound]
info: ././././CyclicBell/AxiomAudit.lean:1862:0: 'CyclicBell.second_reduced_value_bridge' depends on axioms: [propext, Classical.choice, Quot.sound]
info: ././././CyclicBell/AxiomAudit.lean:1863:0: 'CyclicBell.second_augmented_value_bridge' depends on axioms: [propext, Classical.choice, Quot.sound]
info: ././././CyclicBell/AxiomAudit.lean:1864:0: 'CyclicBell.second_physical_sos' depends on axioms: [propext, Classical.choice, Quot.sound]
info: ././././CyclicBell/AxiomAudit.lean:1865:0: 'CyclicBell.second_universal_upper' depends on axioms: [propext, Classical.choice, Quot.sound]
info: ././././CyclicBell/AxiomAudit.lean:1866:0: 'CyclicBell.second_upper_bound' depends on axioms: [propext, Classical.choice, Quot.sound]
info: ././././CyclicBell/AxiomAudit.lean:1867:0: 'CyclicBell.D4.canonicalQ' depends on axioms: [propext, Classical.choice, Quot.sound]
info: ././././CyclicBell/AxiomAudit.lean:1868:0: 'CyclicBell.D4.canonicalQ_unit' depends on axioms: [propext, Classical.choice, Quot.sound]
info: ././././CyclicBell/AxiomAudit.lean:1869:0: 'CyclicBell.D4.canonicalTargetPVM' depends on axioms: [propext, Classical.choice, Quot.sound]
info: ././././CyclicBell/AxiomAudit.lean:1870:0: 'CyclicBell.D4.canonicalTargetBorn' depends on axioms: [propext, Classical.choice, Quot.sound]
info: ././././CyclicBell/AxiomAudit.lean:1871:0: 'CyclicBell.D4.canonical_target_uniform' depends on axioms: [propext, Classical.choice, Quot.sound]
info: ././././CyclicBell/AxiomAudit.lean:1872:0: 'CyclicBell.D4.altered_witness_changes_target' depends on axioms: [propext, Classical.choice, Quot.sound]
info: ././././CyclicBell/AxiomAudit.lean:1873:0: 'CyclicBell.D4.swapped_q_is_not_canonical' depends on axioms: [propext, Classical.choice, Quot.sound]
info: ././././CyclicBell/AxiomAudit.lean:1874:0: 'CyclicBell.D4.bob_conjugation_is_essential' depends on axioms: [propext, Classical.choice, Quot.sound]
info: ././././CyclicBell/AxiomAudit.lean:1875:0: 'CyclicBell.D4.bob_adjoint_is_wrong' depends on axioms: [propext, Classical.choice, Quot.sound]
info: ././././CyclicBell/AxiomAudit.lean:1876:0: 'CyclicBell.D4.first_target_positive' depends on axioms: [propext, Classical.choice, Quot.sound]
info: ././././CyclicBell/AxiomAudit.lean:1877:0: 'CyclicBell.D4.extra_factor_four_is_wrong' depends on axioms: [propext, Classical.choice, Quot.sound]
info: ././././CyclicBell/AxiomAudit.lean:1878:0: 'CyclicBell.D4.h' depends on axioms: [propext, Classical.choice, Quot.sound]
info: ././././CyclicBell/AxiomAudit.lean:1879:0: 'CyclicBell.D4.h_sq' depends on axioms: [propext, Classical.choice, Quot.sound]
info: ././././CyclicBell/AxiomAudit.lean:1880:0: 'CyclicBell.D4.k' depends on axioms: [propext, Classical.choice, Quot.sound]
info: ././././CyclicBell/AxiomAudit.lean:1881:0: 'CyclicBell.D4.s' depends on axioms: [propext, Classical.choice, Quot.sound]
info: ././././CyclicBell/AxiomAudit.lean:1882:0: 'CyclicBell.D4.c' depends on axioms: [propext, Classical.choice, Quot.sound]
info: ././././CyclicBell/AxiomAudit.lean:1883:0: 'CyclicBell.D4.zeta' depends on axioms: [propext, Classical.choice, Quot.sound]
info: ././././CyclicBell/AxiomAudit.lean:1884:0: 'CyclicBell.D4.h_eq_k' depends on axioms: [propext, Classical.choice, Quot.sound]
info: ././././CyclicBell/AxiomAudit.lean:1885:0: 'CyclicBell.D4.alpha' depends on axioms: [propext, Classical.choice, Quot.sound]
info: ././././CyclicBell/AxiomAudit.lean:1886:0: 'CyclicBell.D4.beta' depends on axioms: [propext, Classical.choice, Quot.sound]
info: ././././CyclicBell/AxiomAudit.lean:1887:0: 'CyclicBell.D4.k_sq' depends on axioms: [propext, Classical.choice, Quot.sound]
info: ././././CyclicBell/AxiomAudit.lean:1888:0: 'CyclicBell.D4.k_nonneg' depends on axioms: [propext, Classical.choice, Quot.sound]
info: ././././CyclicBell/AxiomAudit.lean:1889:0: 'CyclicBell.D4.k_pos' depends on axioms: [propext, Classical.choice, Quot.sound]
info: ././././CyclicBell/AxiomAudit.lean:1890:0: 'CyclicBell.D4.k_lt_two' depends on axioms: [propext, Classical.choice, Quot.sound]
info: ././././CyclicBell/AxiomAudit.lean:1891:0: 'CyclicBell.D4.s_pos' depends on axioms: [propext, Classical.choice, Quot.sound]
info: ././././CyclicBell/AxiomAudit.lean:1892:0: 'CyclicBell.D4.c_pos' depends on axioms: [propext, Classical.choice, Quot.sound]
info: ././././CyclicBell/AxiomAudit.lean:1893:0: 'CyclicBell.D4.s_sq' depends on axioms: [propext, Classical.choice, Quot.sound]
info: ././././CyclicBell/AxiomAudit.lean:1894:0: 'CyclicBell.D4.c_sq' depends on axioms: [propext, Classical.choice, Quot.sound]
info: ././././CyclicBell/AxiomAudit.lean:1895:0: 'CyclicBell.D4.sc_product' depends on axioms: [propext, Classical.choice, Quot.sound]
info: ././././CyclicBell/AxiomAudit.lean:1896:0: 'CyclicBell.D4.c_eq' depends on axioms: [propext, Classical.choice, Quot.sound]
info: ././././CyclicBell/AxiomAudit.lean:1897:0: 'CyclicBell.D4.alpha_times_s' depends on axioms: [propext, Classical.choice, Quot.sound]
info: ././././CyclicBell/AxiomAudit.lean:1898:0: 'CyclicBell.D4.beta_times_c' depends on axioms: [propext, Classical.choice, Quot.sound]
info: ././././CyclicBell/AxiomAudit.lean:1899:0: 'CyclicBell.D4.alpha_source' depends on axioms: [propext, Classical.choice, Quot.sound]
info: ././././CyclicBell/AxiomAudit.lean:1900:0: 'CyclicBell.D4.beta_source' depends on axioms: [propext, Classical.choice, Quot.sound]
info: ././././CyclicBell/AxiomAudit.lean:1901:0: 'CyclicBell.D4.alpha_sq' depends on axioms: [propext, Classical.choice, Quot.sound]
info: ././././CyclicBell/AxiomAudit.lean:1902:0: 'CyclicBell.D4.beta_sq' depends on axioms: [propext, Classical.choice, Quot.sound]
info: ././././CyclicBell/AxiomAudit.lean:1903:0: 'CyclicBell.D4.alpha_beta' depends on axioms: [propext, Classical.choice, Quot.sound]
info: ././././CyclicBell/AxiomAudit.lean:1904:0: 'CyclicBell.D4.alpha_in_s' depends on axioms: [propext, Classical.choice, Quot.sound]
info: ././././CyclicBell/AxiomAudit.lean:1905:0: 'CyclicBell.D4.beta_in_s' depends on axioms: [propext, Classical.choice, Quot.sound]
info: ././././CyclicBell/AxiomAudit.lean:1906:0: 'CyclicBell.D4.s_quadratic_certificate' depends on axioms: [propext, Classical.choice, Quot.sound]
info: ././././CyclicBell/AxiomAudit.lean:1907:0: 'CyclicBell.D4.first_constant_bridge' depends on axioms: [propext, Classical.choice, Quot.sound]
info: ././././CyclicBell/AxiomAudit.lean:1908:0: 'CyclicBell.D4.zeta_components' depends on axioms: [propext, Classical.choice, Quot.sound]
info: ././././CyclicBell/AxiomAudit.lean:1909:0: 'CyclicBell.D4.zeta_unit' depends on axioms: [propext, Classical.choice, Quot.sound]
info: ././././CyclicBell/AxiomAudit.lean:1910:0: 'CyclicBell.D4.zeta_normSq' depends on axioms: [propext, Classical.choice, Quot.sound]
info: ././././CyclicBell/AxiomAudit.lean:1911:0: 'CyclicBell.D4.zeta_sq' depends on axioms: [propext, Classical.choice, Quot.sound]
info: ././././CyclicBell/AxiomAudit.lean:1912:0: 'CyclicBell.D4.zeta_cube' depends on axioms: [propext, Classical.choice, Quot.sound]
info: ././././CyclicBell/AxiomAudit.lean:1913:0: 'CyclicBell.D4.zeta_four' depends on axioms: [propext, Classical.choice, Quot.sound]
info: ././././CyclicBell/AxiomAudit.lean:1914:0: 'CyclicBell.D4.zeta_eight' depends on axioms: [propext, Classical.choice, Quot.sound]
info: ././././CyclicBell/AxiomAudit.lean:1915:0: 'CyclicBell.D4.zeta_sixteen' depends on axioms: [propext, Classical.choice, Quot.sound]
info: ././././CyclicBell/AxiomAudit.lean:1916:0: 'CyclicBell.D4.zeta_ne_zero' depends on axioms: [propext, Classical.choice, Quot.sound]
info: ././././CyclicBell/AxiomAudit.lean:1917:0: 'CyclicBell.D4.star_zeta' depends on axioms: [propext, Classical.choice, Quot.sound]
info: ././././CyclicBell/AxiomAudit.lean:1918:0: 'CyclicBell.D4.zeta_pow_exp' depends on axioms: [propext, Classical.choice, Quot.sound]
info: ././././CyclicBell/AxiomAudit.lean:1919:0: 'CyclicBell.D4.eta_bridge' depends on axioms: [propext, Classical.choice, Quot.sound]
info: ././././CyclicBell/AxiomAudit.lean:1920:0: 'CyclicBell.D4.phaseTable' depends on axioms: [propext, Classical.choice, Quot.sound]
info: ././././CyclicBell/AxiomAudit.lean:1921:0: 'CyclicBell.D4.zeta_phaseTable' depends on axioms: [propext, Classical.choice, Quot.sound]
info: ././././CyclicBell/AxiomAudit.lean:1922:0: 'CyclicBell.D4.zeta_pow_5' depends on axioms: [propext, Classical.choice, Quot.sound]
info: ././././CyclicBell/AxiomAudit.lean:1923:0: 'CyclicBell.D4.zeta_pow_6' depends on axioms: [propext, Classical.choice, Quot.sound]
info: ././././CyclicBell/AxiomAudit.lean:1924:0: 'CyclicBell.D4.zeta_pow_7' depends on axioms: [propext, Classical.choice, Quot.sound]
info: ././././CyclicBell/AxiomAudit.lean:1925:0: 'CyclicBell.D4.zeta_pow_9' depends on axioms: [propext, Classical.choice, Quot.sound]
info: ././././CyclicBell/AxiomAudit.lean:1926:0: 'CyclicBell.D4.zeta_pow_10' depends on axioms: [propext, Classical.choice, Quot.sound]
info: ././././CyclicBell/AxiomAudit.lean:1927:0: 'CyclicBell.D4.zeta_pow_11' depends on axioms: [propext, Classical.choice, Quot.sound]
info: ././././CyclicBell/AxiomAudit.lean:1928:0: 'CyclicBell.D4.zeta_pow_12' depends on axioms: [propext, Classical.choice, Quot.sound]
info: ././././CyclicBell/AxiomAudit.lean:1929:0: 'CyclicBell.D4.zeta_pow_13' depends on axioms: [propext, Classical.choice, Quot.sound]
info: ././././CyclicBell/AxiomAudit.lean:1930:0: 'CyclicBell.D4.zeta_pow_14' depends on axioms: [propext, Classical.choice, Quot.sound]
info: ././././CyclicBell/AxiomAudit.lean:1931:0: 'CyclicBell.D4.zeta_pow_15' depends on axioms: [propext, Classical.choice, Quot.sound]
info: ././././CyclicBell/AxiomAudit.lean:1932:0: 'CyclicBell.D4.zeta_pow_mod' depends on axioms: [propext, Classical.choice, Quot.sound]
info: ././././CyclicBell/AxiomAudit.lean:1933:0: 'CyclicBell.D4.zeta_pow_unit' depends on axioms: [propext, Classical.choice, Quot.sound]
info: ././././CyclicBell/AxiomAudit.lean:1934:0: 'CyclicBell.D4.lambda' depends on axioms: [propext, Classical.choice, Quot.sound]
info: ././././CyclicBell/AxiomAudit.lean:1935:0: 'CyclicBell.D4.sourceLambda_eq' depends on axioms: [propext, Classical.choice, Quot.sound]
info: ././././CyclicBell/AxiomAudit.lean:1936:0: 'CyclicBell.D4.lambda_normalization' depends on axioms: [propext, Classical.choice, Quot.sound]
info: ././././CyclicBell/AxiomAudit.lean:1937:0: 'CyclicBell.D4.sourceLambda_normalization' depends on axioms: [propext, Classical.choice, Quot.sound]
info: ././././CyclicBell/AxiomAudit.lean:1938:0: 'CyclicBell.D4.k_alpha' depends on axioms: [propext, Classical.choice, Quot.sound]
info: ././././CyclicBell/AxiomAudit.lean:1939:0: 'CyclicBell.D4.k_beta' depends on axioms: [propext, Classical.choice, Quot.sound]
info: ././././CyclicBell/AxiomAudit.lean:1940:0: 'CyclicBell.SecondSOS.reducedOperator' depends on axioms: [propext, Classical.choice, Quot.sound]
info: ././././CyclicBell/AxiomAudit.lean:1941:0: 'CyclicBell.SecondSOS.residual' depends on axioms: [propext, Classical.choice, Quot.sound]
info: ././././CyclicBell/AxiomAudit.lean:1942:0: 'CyclicBell.SecondSOS.squareSum' depends on axioms: [propext, Classical.choice, Quot.sound]
info: ././././CyclicBell/AxiomAudit.lean:1943:0: 'CyclicBell.SecondSOS.scalar_gap_expansion' depends on axioms: [propext, Classical.choice, Quot.sound]
info: ././././CyclicBell/AxiomAudit.lean:1944:0: 'CyclicBell.SecondSOS.reduced_gap_identity' depends on axioms: [propext, Classical.choice, Quot.sound]
info: ././././CyclicBell/AxiomAudit.lean:1945:0: 'CyclicBell.SecondSOS.augmented_gap_identity' depends on axioms: [propext, Classical.choice, Quot.sound]
info: ././././CyclicBell/AxiomAudit.lean:1946:0: 'CyclicBell.SecondSOS.reduced_upper' depends on axioms: [propext, Classical.choice, Quot.sound]
info: ././././CyclicBell/AxiomAudit.lean:1947:0: 'CyclicBell.SecondSOS.augmented_upper' depends on axioms: [propext, Classical.choice, Quot.sound]
info: ././././CyclicBell/AxiomAudit.lean:1948:0: 'CyclicBell.SecondSOS.source_reduced_gap' depends on axioms: [propext, Classical.choice, Quot.sound]
info: ././././CyclicBell/AxiomAudit.lean:1949:0: 'CyclicBell.expectation_add' depends on axioms: [propext, Classical.choice, Quot.sound]
info: ././././CyclicBell/AxiomAudit.lean:1950:0: 'CyclicBell.expectation_smul' depends on axioms: [propext, Classical.choice, Quot.sound]
info: ././././CyclicBell/AxiomAudit.lean:1951:0: 'CyclicBell.expectation_sum' depends on axioms: [propext, Classical.choice, Quot.sound]
info: ././././CyclicBell/AxiomAudit.lean:1952:0: 'CyclicBell.tensor_sum_left' depends on axioms: [propext, Classical.choice, Quot.sound]
info: ././././CyclicBell/AxiomAudit.lean:1953:0: 'CyclicBell.tensor_sum_right' depends on axioms: [propext, Classical.choice, Quot.sound]
info: ././././CyclicBell/AxiomAudit.lean:1954:0: 'CyclicBell.trace_pure_tensor' depends on axioms: [propext, Classical.choice, Quot.sound]
info: ././././CyclicBell/AxiomAudit.lean:1955:0: 'CyclicBell.born_nonnegative' depends on axioms: [propext, Classical.choice, Quot.sound]
info: ././././CyclicBell/AxiomAudit.lean:1956:0: 'CyclicBell.born_left_marginal' depends on axioms: [propext, Classical.choice, Quot.sound]
info: ././././CyclicBell/AxiomAudit.lean:1957:0: 'CyclicBell.born_right_marginal' depends on axioms: [propext, Classical.choice, Quot.sound]
info: ././././CyclicBell/AxiomAudit.lean:1958:0: 'CyclicBell.born_normalized' depends on axioms: [propext, Classical.choice, Quot.sound]
info: ././././CyclicBell/AxiomAudit.lean:1959:0: 'CyclicBell.D4.aliceExponents' depends on axioms: [propext, Quot.sound]
info: ././././CyclicBell/AxiomAudit.lean:1960:0: 'CyclicBell.D4.polarExponents' depends on axioms: [propext, Quot.sound]
info: ././././CyclicBell/AxiomAudit.lean:1961:0: 'CyclicBell.D4.bobExponents' depends on axioms: [propext, Quot.sound]
info: ././././CyclicBell/AxiomAudit.lean:1962:0: 'CyclicBell.D4.aliceWeights' depends on axioms: [propext, Classical.choice, Quot.sound]
info: ././././CyclicBell/AxiomAudit.lean:1963:0: 'CyclicBell.D4.bobWeights' depends on axioms: [propext, Classical.choice, Quot.sound]
info: ././././CyclicBell/AxiomAudit.lean:1964:0: 'CyclicBell.D4.witnessA' depends on axioms: [propext, Classical.choice, Quot.sound]
info: ././././CyclicBell/AxiomAudit.lean:1965:0: 'CyclicBell.D4.witnessB' depends on axioms: [propext, Classical.choice, Quot.sound]
info: ././././CyclicBell/AxiomAudit.lean:1966:0: 'CyclicBell.D4.aliceWeights_unit' depends on axioms: [propext, Classical.choice, Quot.sound]
info: ././././CyclicBell/AxiomAudit.lean:1967:0: 'CyclicBell.D4.bobWeights_unit' depends on axioms: [propext, Classical.choice, Quot.sound]
info: ././././CyclicBell/AxiomAudit.lean:1968:0: 'CyclicBell.D4.zeta_pow_32' depends on axioms: [propext, Classical.choice, Quot.sound]
info: ././././CyclicBell/AxiomAudit.lean:1969:0: 'CyclicBell.D4.aliceWeights_product' depends on axioms: [propext, Classical.choice, Quot.sound]
info: ././././CyclicBell/AxiomAudit.lean:1970:0: 'CyclicBell.D4.bobWeights_product' depends on axioms: [propext, Classical.choice, Quot.sound]
info: ././././CyclicBell/AxiomAudit.lean:1971:0: 'CyclicBell.D4.aliceCyclePVM' depends on axioms: [propext, Classical.choice, Quot.sound]
info: ././././CyclicBell/AxiomAudit.lean:1972:0: 'CyclicBell.D4.bobCyclePVM' depends on axioms: [propext, Classical.choice, Quot.sound]
info: ././././CyclicBell/AxiomAudit.lean:1973:0: 'CyclicBell.D4.aliceCycle_encoding' depends on axioms: [propext, Classical.choice, Quot.sound]
info: ././././CyclicBell/AxiomAudit.lean:1974:0: 'CyclicBell.D4.bobCycle_encoding' depends on axioms: [propext, Classical.choice, Quot.sound]
info: ././././CyclicBell/AxiomAudit.lean:1975:0: 'CyclicBell.D4.weighted_one' depends on axioms: [propext, Classical.choice, Quot.sound]
info: ././././CyclicBell/AxiomAudit.lean:1976:0: 'CyclicBell.D4.witnessA_zero' depends on axioms: [propext, Classical.choice, Quot.sound]
info: ././././CyclicBell/AxiomAudit.lean:1977:0: 'CyclicBell.D4.witnessA_one' depends on axioms: [propext, Classical.choice, Quot.sound]
info: ././././CyclicBell/AxiomAudit.lean:1978:0: 'CyclicBell.D4.secondAlicePVM' depends on axioms: [propext, Classical.choice, Quot.sound]
info: ././././CyclicBell/AxiomAudit.lean:1979:0: 'CyclicBell.D4.firstAlicePVM' depends on axioms: [propext, Classical.choice, Quot.sound]
info: ././././CyclicBell/AxiomAudit.lean:1980:0: 'CyclicBell.D4.allBobPVM' depends on axioms: [propext, Classical.choice, Quot.sound]
info: ././././CyclicBell/AxiomAudit.lean:1981:0: 'CyclicBell.D4.firstStrategy' depends on axioms: [propext, Classical.choice, Quot.sound]
info: ././././CyclicBell/AxiomAudit.lean:1982:0: 'CyclicBell.D4.secondStrategy' depends on axioms: [propext, Classical.choice, Quot.sound]
info: ././././CyclicBell/AxiomAudit.lean:1983:0: 'CyclicBell.D4.secondAlice_encoding' depends on axioms: [propext, Classical.choice, Quot.sound]
info: ././././CyclicBell/AxiomAudit.lean:1984:0: 'CyclicBell.D4.firstAlice_zero_encoding' depends on axioms: [propext, Classical.choice, Quot.sound]
info: ././././CyclicBell/AxiomAudit.lean:1985:0: 'CyclicBell.D4.firstAlice_one_encoding' depends on axioms: [propext, Classical.choice, Quot.sound]
info: ././././CyclicBell/AxiomAudit.lean:1986:0: 'CyclicBell.D4.allBob_reduced_encoding' depends on axioms: [propext, Classical.choice, Quot.sound]
info: ././././CyclicBell/AxiomAudit.lean:1987:0: 'CyclicBell.D4.firstBob_encoding' depends on axioms: [propext, Classical.choice, Quot.sound]
info: ././././CyclicBell/AxiomAudit.lean:1988:0: 'CyclicBell.D4.secondBob_encoding' depends on axioms: [propext, Classical.choice, Quot.sound]
info: ././././CyclicBell/AxiomAudit.lean:1989:0: 'CyclicBell.D4.firstBob_added_encoding' depends on axioms: [propext, Classical.choice, Quot.sound]
info: ././././CyclicBell/AxiomAudit.lean:1990:0: 'CyclicBell.D4.secondBob_added_encoding' depends on axioms: [propext, Classical.choice, Quot.sound]
info: ././././CyclicBell/AxiomAudit.lean:1991:0: 'CyclicBell.D4.witnessA_unitary' depends on axioms: [propext, Classical.choice, Quot.sound]
info: ././././CyclicBell/AxiomAudit.lean:1992:0: 'CyclicBell.D4.witnessB_unitary' depends on axioms: [propext, Classical.choice, Quot.sound]
info: ././././CyclicBell/AxiomAudit.lean:1993:0: 'CyclicBell.D4.witnessA_fourth' depends on axioms: [propext, Classical.choice, Quot.sound]
info: ././././CyclicBell/AxiomAudit.lean:1994:0: 'CyclicBell.D4.witnessB_fourth' depends on axioms: [propext, Classical.choice, Quot.sound]
info: ././././CyclicBell/AxiomAudit.lean:1995:0: 'CyclicBell.D4.shift_unitary' depends on axioms: [propext, Classical.choice, Quot.sound]
info: ././././CyclicBell/AxiomAudit.lean:1996:0: 'CyclicBell.D4.shift_conjugate' depends on axioms: [propext, Classical.choice, Quot.sound]
info: ././././CyclicBell/AxiomAudit.lean:1997:0: 'CyclicBell.D4.root_product_with_polar' depends on axioms: [propext, Classical.choice, Quot.sound]
info: ././././CyclicBell/AxiomAudit.lean:1998:0: 'CyclicBell.D4.bobWeights_are_polar_conjugates' depends on axioms: [propext, Classical.choice, Quot.sound]
info: ././././CyclicBell/AxiomAudit.lean:1999:0: 'CyclicBell.D4.bob_manuscript_bridge' depends on axioms: [propext, Classical.choice, Quot.sound]
info: ././././CyclicBell/AxiomAudit.lean:2000:0: 'CyclicBell.D4.eta' depends on axioms: [propext, Classical.choice, Quot.sound]
info: ././././CyclicBell/AxiomAudit.lean:2001:0: 'CyclicBell.D4.sourceD' depends on axioms: [propext, Classical.choice, Quot.sound]
info: ././././CyclicBell/AxiomAudit.lean:2002:0: 'CyclicBell.D4.inv_eq_star_of_unit' depends on axioms: [propext, Classical.choice, Quot.sound]
info: ././././CyclicBell/AxiomAudit.lean:2003:0: 'CyclicBell.D4.eta_unit' depends on axioms: [propext, Classical.choice, Quot.sound]
info: ././././CyclicBell/AxiomAudit.lean:2004:0: 'CyclicBell.D4.star_neg_power' depends on axioms: [propext, Classical.choice, Quot.sound]
info: ././././CyclicBell/AxiomAudit.lean:2005:0: 'CyclicBell.D4.secondAlice_manuscript_bridge' depends on axioms: [propext, Classical.choice, Quot.sound]
info: ././././CyclicBell/AxiomAudit.lean:2006:0: 'CyclicBell.D4.witness_target_projectors' depends on axioms: [propext, Classical.choice, Quot.sound]
info: ././././CyclicBell/AxiomAudit.lean:2007:0: 'CyclicBell.D4.complete_witness_validity' depends on axioms: [propext, Classical.choice, Quot.sound]
✔ [6762/6763] Built CyclicBell
Build completed successfully.
