source_index	target_index	relation
0	5526	equal
0	5528	strict
0	6004	strict
0	6006	strict
0	20934	strict
0	20936	strict
0	20938	strict
0	20942	strict
1	5527	equal
1	20942	strict
2	5581	equal
2	5596	strict
2	6226	strict
2	6234	strict
2	79707	strict
2	79715	strict
2	79723	strict
2	79739	strict
3	5594	equal
3	79739	strict
4	5931	equal
4	5933	strict
4	6082	strict
4	6084	strict
4	21063	strict
4	21065	strict
4	21067	strict
4	21071	strict
5	5932	equal
5	21071	strict
6	5957	equal
7	5958	equal
8	5982	equal
9	5983	equal
10	6004	equal
10	6006	strict
10	20934	strict
10	20936	strict
10	20938	strict
10	20942	strict
11	6005	equal
11	20942	strict
12	6011	equal
12	6028	strict
12	6030	strict
12	20949	strict
12	20951	strict
12	20963	strict
12	20965	strict
12	20967	strict
12	20971	strict
13	6024	equal
13	20971	strict
14	6028	equal
14	6030	strict
14	20963	strict
14	20965	strict
14	20967	strict
14	20971	strict
15	6029	equal
15	20971	strict
16	6043	equal
16	6094	strict
16	6096	strict
16	20996	strict
16	20998	strict
16	21074	strict
16	21076	strict
16	21078	strict
16	21082	strict
17	6049	equal
18	6068	equal
18	21082	strict
19	6070	equal
20	6082	equal
20	6084	strict
20	21063	strict
20	21065	strict
20	21067	strict
20	21071	strict
21	6083	equal
21	21071	strict
22	6094	equal
22	6096	strict
22	21074	strict
22	21076	strict
22	21078	strict
22	21082	strict
23	6095	equal
23	21082	strict
24	6103	equal
24	6137	strict
24	6505	strict
24	6519	strict
24	127082	strict
24	127092	strict
24	127164	strict
24	127186	strict
25	6125	equal
25	127186	strict
26	6164	equal
26	6248	strict
26	6250	strict
26	79681	strict
26	79683	strict
26	79756	strict
26	79758	strict
26	79760	strict
26	79764	strict
27	6166	equal
27	6344	strict
27	6346	strict
27	79684	strict
27	79686	strict
27	79840	strict
27	79842	strict
27	79844	strict
27	79848	strict
28	6203	equal
28	6205	strict
28	6338	strict
28	6340	strict
28	79830	strict
28	79832	strict
28	79834	strict
28	79838	strict
29	6204	equal
29	79838	strict
30	6226	equal
30	6234	strict
30	79707	strict
30	79715	strict
30	79723	strict
30	79739	strict
31	6233	equal
31	79739	strict
32	6244	equal
32	79764	strict
33	6248	equal
33	6250	strict
33	79756	strict
33	79758	strict
33	79760	strict
33	79764	strict
34	6249	equal
34	79764	strict
35	6252	equal
36	6301	equal
37	6308	equal
38	6318	equal
39	6319	equal
40	6333	equal
40	79848	strict
41	6335	equal
42	6338	equal
42	6340	strict
42	79830	strict
42	79832	strict
42	79834	strict
42	79838	strict
43	6339	equal
43	79838	strict
44	6344	equal
44	6346	strict
44	79840	strict
44	79842	strict
44	79844	strict
44	79848	strict
45	6345	equal
45	79848	strict
46	6365	equal
46	6399	strict
46	6589	strict
46	6662	strict
46	127102	strict
46	127118	strict
46	127207	strict
46	127244	strict
47	6387	equal
47	127244	strict
48	6452	equal
48	6528	strict
48	6535	strict
48	127072	strict
48	127093	strict
48	127098	strict
48	127141	strict
48	127188	strict
48	127199	strict
49	6453	equal
49	6590	strict
49	6669	strict
49	127073	strict
49	127103	strict
49	127123	strict
49	127143	strict
49	127209	strict
49	127255	strict
50	6501	equal
51	6505	equal
51	6519	strict
51	127082	strict
51	127092	strict
51	127164	strict
51	127186	strict
52	6516	equal
52	127186	strict
53	6528	equal
53	6535	strict
53	127093	strict
53	127098	strict
53	127188	strict
53	127199	strict
54	6531	equal
54	127199	strict
55	6532	equal
55	127199	strict
56	6541	equal
57	6553	equal
58	6564	equal
59	6571	equal
60	6589	equal
60	6662	strict
60	127102	strict
60	127118	strict
60	127207	strict
60	127244	strict
61	6590	equal
61	6669	strict
61	127103	strict
61	127123	strict
61	127209	strict
61	127255	strict
62	6655	equal
63	6659	equal
63	127244	strict
64	6665	equal
64	127255	strict
65	6666	equal
65	127255	strict
66	7009	equal
66	7011	strict
66	78973	strict
66	78975	strict
66	79185	strict
66	79187	strict
66	79189	strict
66	79193	strict
67	7010	equal
67	79193	strict
68	7018	equal
68	7052	strict
68	117598	strict
68	117606	strict
68	120332	strict
68	120334	strict
68	120350	strict
68	120358	strict
69	7040	equal
69	120358	strict
70	7284	equal
70	7286	strict
70	78988	strict
70	78990	strict
70	80049	strict
70	80051	strict
70	80053	strict
70	80057	strict
71	7285	equal
71	80057	strict
72	7293	equal
72	7327	strict
72	117613	strict
72	117621	strict
72	127420	strict
72	127428	strict
72	127436	strict
72	127464	strict
73	7315	equal
73	127464	strict
74	7417	equal
74	7419	strict
74	13406	strict
74	13408	strict
74	21192	strict
74	21194	strict
74	21196	strict
74	21200	strict
75	7418	equal
75	21200	strict
76	7526	equal
76	7541	strict
76	37977	strict
76	37985	strict
76	79069	strict
76	79077	strict
76	79085	strict
76	79101	strict
77	7539	equal
77	79101	strict
78	7970	equal
78	7972	strict
78	21221	strict
78	21223	strict
78	21309	strict
78	21311	strict
78	21313	strict
78	21317	strict
79	7971	equal
79	21317	strict
80	7979	equal
80	8013	strict
80	25867	strict
80	25875	strict
80	112793	strict
80	112801	strict
80	112809	strict
80	112825	strict
81	8001	equal
81	112825	strict
82	8327	equal
82	8329	strict
82	21388	strict
82	21390	strict
82	21682	strict
82	21684	strict
82	21686	strict
82	21690	strict
83	8328	equal
83	21690	strict
84	8336	equal
84	8370	strict
84	25913	strict
84	25921	strict
84	128610	strict
84	128618	strict
84	128630	strict
84	128651	strict
85	8358	equal
85	128651	strict
86	8647	equal
86	11394	strict
86	188960	strict
86	188964	strict
86	189848	strict
86	189864	strict
86	189865	strict
86	189868	strict
87	8648	equal
87	189868	strict
88	8649	equal
88	11395	strict
88	188962	strict
88	188965	strict
88	189098	strict
88	189114	strict
88	189115	strict
88	189118	strict
89	8650	equal
89	189118	strict
90	8653	equal
90	11398	strict
90	42167	strict
90	42229	strict
90	48542	strict
90	48559	strict
90	48560	strict
90	48563	strict
91	8654	equal
91	48563	strict
92	8657	equal
92	11401	strict
92	42171	strict
92	42232	strict
92	43291	strict
92	43923	strict
92	43925	strict
92	43927	strict
93	8658	equal
93	43927	strict
94	8661	equal
94	11406	strict
94	14116	strict
94	14178	strict
94	151075	strict
94	151092	strict
94	151093	strict
94	151096	strict
95	8662	equal
95	151096	strict
96	8665	equal
96	11409	strict
96	14120	strict
96	14181	strict
96	43435	strict
96	44122	strict
96	44124	strict
96	44126	strict
97	8666	equal
97	44126	strict
98	8953	equal
98	8955	strict
98	9053	strict
98	9055	strict
98	24058	strict
98	24059	strict
98	24064	strict
98	24066	strict
99	8954	equal
99	24066	strict
100	8989	equal
100	8991	strict
100	9124	strict
100	9126	strict
100	24181	strict
100	24182	strict
100	24187	strict
100	24189	strict
101	8990	equal
101	24189	strict
102	9011	equal
103	9012	equal
104	9032	equal
105	9033	equal
106	9053	equal
106	9055	strict
106	24058	strict
106	24059	strict
106	24064	strict
106	24066	strict
107	9054	equal
107	24066	strict
108	9060	equal
108	9077	strict
108	9079	strict
108	24073	strict
108	24074	strict
108	24085	strict
108	24086	strict
108	24091	strict
108	24093	strict
109	9073	equal
109	24093	strict
110	9077	equal
110	9079	strict
110	24085	strict
110	24086	strict
110	24091	strict
110	24093	strict
111	9078	equal
111	24093	strict
112	9090	equal
112	9133	strict
112	9135	strict
112	24118	strict
112	24119	strict
112	24190	strict
112	24191	strict
112	24196	strict
112	24198	strict
113	9093	equal
114	9112	equal
114	24198	strict
115	9114	equal
116	9124	equal
116	9126	strict
116	24181	strict
116	24182	strict
116	24187	strict
116	24189	strict
117	9125	equal
117	24189	strict
118	9133	equal
118	9135	strict
118	24190	strict
118	24191	strict
118	24196	strict
118	24198	strict
119	9134	equal
119	24198	strict
120	9210	equal
120	9225	strict
120	9295	strict
120	9303	strict
120	88227	strict
120	88228	strict
120	88254	strict
120	88256	strict
121	9223	equal
121	88256	strict
122	9249	equal
122	9317	strict
122	9319	strict
122	88203	strict
122	88204	strict
122	88272	strict
122	88273	strict
122	88278	strict
122	88280	strict
123	9251	equal
123	9403	strict
123	9405	strict
123	88206	strict
123	88207	strict
123	88350	strict
123	88351	strict
123	88356	strict
123	88358	strict
124	9277	equal
124	9279	strict
124	9397	strict
124	9399	strict
124	88341	strict
124	88342	strict
124	88347	strict
124	88349	strict
125	9278	equal
125	88349	strict
126	9295	equal
126	9303	strict
126	88227	strict
126	88228	strict
126	88254	strict
126	88256	strict
127	9302	equal
127	88256	strict
128	9313	equal
128	88280	strict
129	9317	equal
129	9319	strict
129	88272	strict
129	88273	strict
129	88278	strict
129	88280	strict
130	9318	equal
130	88280	strict
131	9321	equal
132	9360	equal
133	9367	equal
134	9377	equal
135	9378	equal
136	9392	equal
136	88358	strict
137	9394	equal
138	9397	equal
138	9399	strict
138	88341	strict
138	88342	strict
138	88347	strict
138	88349	strict
139	9398	equal
139	88349	strict
140	9403	equal
140	9405	strict
140	88350	strict
140	88351	strict
140	88356	strict
140	88358	strict
141	9404	equal
141	88358	strict
142	10072	equal
142	10087	strict
142	10157	strict
142	10169	strict
142	110519	strict
142	110520	strict
142	110554	strict
142	110556	strict
143	10085	equal
143	110556	strict
144	10100	equal
144	10115	strict
144	10224	strict
144	10249	strict
144	110582	strict
144	110583	strict
144	110631	strict
144	110633	strict
145	10113	equal
145	110633	strict
146	10146	equal
146	10177	strict
146	10183	strict
146	110487	strict
146	110489	strict
146	110557	strict
146	110558	strict
146	110573	strict
146	110575	strict
147	10147	equal
147	10225	strict
147	10255	strict
147	110488	strict
147	110490	strict
147	110584	strict
147	110585	strict
147	110648	strict
147	110650	strict
148	10153	equal
149	10157	equal
149	10169	strict
149	110519	strict
149	110520	strict
149	110554	strict
149	110556	strict
150	10167	equal
150	110556	strict
151	10177	equal
151	10183	strict
151	110557	strict
151	110558	strict
151	110573	strict
151	110575	strict
152	10180	equal
152	110575	strict
153	10181	equal
153	110575	strict
154	10189	equal
155	10200	equal
156	10210	equal
157	10216	equal
158	10224	equal
158	10249	strict
158	110582	strict
158	110583	strict
158	110631	strict
158	110633	strict
159	10225	equal
159	10255	strict
159	110584	strict
159	110585	strict
159	110648	strict
159	110650	strict
160	10243	equal
161	10247	equal
161	110633	strict
162	10252	equal
162	110650	strict
163	10253	equal
163	110650	strict
164	10751	equal
164	10753	strict
164	13776	strict
164	13778	strict
164	30691	strict
164	30692	strict
164	30697	strict
164	30699	strict
165	10752	equal
165	30699	strict
166	10810	equal
166	10825	strict
166	38343	strict
166	38351	strict
166	145466	strict
166	145467	strict
166	145493	strict
166	145495	strict
167	10823	equal
167	145495	strict
168	11943	equal
168	11945	strict
168	110887	strict
168	110889	strict
168	110895	strict
168	110896	strict
168	110905	strict
168	110907	strict
169	11944	equal
169	11946	strict
169	110888	strict
169	110890	strict
169	110908	strict
169	110909	strict
169	110920	strict
169	110922	strict
170	11947	equal
170	110907	strict
171	11948	equal
171	110922	strict
172	11956	equal
172	11957	strict
172	117664	strict
172	117665	strict
172	120625	strict
172	120626	strict
172	120631	strict
172	120633	strict
173	11958	equal
173	120633	strict
174	11966	equal
174	11967	strict
174	117674	strict
174	117675	strict
174	128098	strict
174	128099	strict
174	128110	strict
174	128112	strict
175	11968	equal
175	128112	strict
176	11976	equal
176	11977	strict
176	25902	strict
176	25903	strict
176	113005	strict
176	113006	strict
176	113011	strict
176	113013	strict
177	11978	equal
177	113013	strict
178	11986	equal
178	11987	strict
178	25948	strict
178	25949	strict
178	128779	strict
178	128780	strict
178	128791	strict
178	128793	strict
179	11988	equal
179	128793	strict
180	12249	equal
180	31163	strict
180	31168	strict
180	147510	strict
180	147514	strict
180	189660	strict
180	189668	strict
180	189669	strict
180	189672	strict
181	12250	equal
181	14110	strict
181	14173	strict
181	147512	strict
181	147515	strict
181	150919	strict
181	150936	strict
181	150937	strict
181	150940	strict
182	12251	equal
182	31165	strict
182	31171	strict
182	42392	strict
182	42458	strict
182	48274	strict
182	48334	strict
182	48336	strict
182	48338	strict
183	12252	equal
183	14112	strict
183	14176	strict
183	42394	strict
183	42459	strict
183	43407	strict
183	44063	strict
183	44065	strict
183	44067	strict
184	13269	equal
184	13271	strict
184	21083	strict
184	21085	strict
184	21095	strict
184	21097	strict
184	21099	strict
184	21103	strict
185	13270	equal
185	21103	strict
186	13272	equal
186	13274	strict
186	21104	strict
186	21106	strict
186	21122	strict
186	21124	strict
186	21126	strict
186	21130	strict
187	13273	equal
187	21130	strict
188	13303	equal
188	13305	strict
188	13508	strict
188	13510	strict
188	21594	strict
188	21596	strict
188	21598	strict
188	21602	strict
189	13304	equal
189	21602	strict
190	13345	equal
191	13346	equal
192	13376	equal
193	13377	equal
194	13406	equal
194	13408	strict
194	21192	strict
194	21194	strict
194	21196	strict
194	21200	strict
195	13407	equal
195	21200	strict
196	13415	equal
196	13442	strict
196	13444	strict
196	21224	strict
196	21226	strict
196	21318	strict
196	21320	strict
196	21322	strict
196	21326	strict
197	13438	equal
197	21326	strict
198	13442	equal
198	13444	strict
198	21318	strict
198	21320	strict
198	21322	strict
198	21326	strict
199	13443	equal
199	21326	strict
200	13459	equal
200	13528	strict
200	13530	strict
200	21391	strict
200	21393	strict
200	21701	strict
200	21703	strict
200	21705	strict
200	21709	strict
201	13469	equal
202	13494	equal
202	21709	strict
203	13496	equal
204	13508	equal
204	13510	strict
204	21594	strict
204	21596	strict
204	21598	strict
204	21602	strict
205	13509	equal
205	21602	strict
206	13528	equal
206	13530	strict
206	21701	strict
206	21703	strict
206	21705	strict
206	21709	strict
207	13529	equal
207	21709	strict
208	13543	equal
208	13609	strict
208	34713	strict
208	34736	strict
208	71054	strict
208	71064	strict
208	71118	strict
208	71173	strict
209	13544	equal
209	13612	strict
209	34714	strict
209	34739	strict
209	164489	strict
209	164499	strict
209	166072	strict
209	166128	strict
210	13587	equal
210	71173	strict
211	13588	equal
211	166128	strict
212	13625	equal
212	13659	strict
212	39435	strict
212	39449	strict
212	98450	strict
212	98502	strict
212	101064	strict
212	101102	strict
213	13647	equal
213	101102	strict
214	13703	equal
214	13705	strict
214	13854	strict
214	13856	strict
214	30941	strict
214	30942	strict
214	30947	strict
214	30949	strict
215	13704	equal
215	30949	strict
216	13729	equal
217	13730	equal
218	13754	equal
219	13755	equal
220	13776	equal
220	13778	strict
220	30691	strict
220	30692	strict
220	30697	strict
220	30699	strict
221	13777	equal
221	30699	strict
222	13783	equal
222	13800	strict
222	13802	strict
222	30709	strict
222	30710	strict
222	30725	strict
222	30726	strict
222	30731	strict
222	30733	strict
223	13796	equal
223	30733	strict
224	13800	equal
224	13802	strict
224	30725	strict
224	30726	strict
224	30731	strict
224	30733	strict
225	13801	equal
225	30733	strict
226	13815	equal
226	13866	strict
226	13868	strict
226	30788	strict
226	30789	strict
226	30976	strict
226	30977	strict
226	30982	strict
226	30984	strict
227	13821	equal
228	13840	equal
228	30984	strict
229	13842	equal
230	13854	equal
230	13856	strict
230	30941	strict
230	30942	strict
230	30947	strict
230	30949	strict
231	13855	equal
231	30949	strict
232	13866	equal
232	13868	strict
232	30976	strict
232	30977	strict
232	30982	strict
232	30984	strict
233	13867	equal
233	30984	strict
234	13875	equal
234	13909	strict
234	39728	strict
234	39742	strict
234	69252	strict
234	69253	strict
234	69338	strict
234	69340	strict
235	13897	equal
235	69340	strict
236	14100	equal
236	150940	strict
237	14101	equal
238	14104	equal
238	44067	strict
239	14105	equal
240	14110	equal
240	14173	strict
240	150919	strict
240	150936	strict
240	150937	strict
240	150940	strict
241	14111	equal
241	150940	strict
242	14112	equal
242	14176	strict
242	43407	strict
242	44063	strict
242	44065	strict
242	44067	strict
243	14113	equal
243	44067	strict
244	14116	equal
244	14178	strict
244	151075	strict
244	151092	strict
244	151093	strict
244	151096	strict
245	14117	equal
245	151096	strict
246	14120	equal
246	14181	strict
246	43435	strict
246	44122	strict
246	44124	strict
246	44126	strict
247	14121	equal
247	44126	strict
248	15072	equal
248	15074	strict
248	91690	strict
248	91692	strict
248	91784	strict
248	91786	strict
248	91788	strict
248	91792	strict
249	15073	equal
249	91792	strict
250	15114	equal
250	15116	strict
250	91706	strict
250	91708	strict
250	91892	strict
250	91893	strict
250	91898	strict
250	91900	strict
251	15115	equal
251	91900	strict
252	15432	equal
252	15447	strict
252	107781	strict
252	107789	strict
252	112531	strict
252	112533	strict
252	112549	strict
252	112557	strict
253	15445	equal
253	112557	strict
254	15474	equal
254	15489	strict
254	107797	strict
254	107805	strict
254	112636	strict
254	112637	strict
254	112663	strict
254	112665	strict
255	15487	equal
255	112665	strict
256	16176	equal
256	25876	strict
256	25878	strict
256	107821	strict
256	107823	strict
256	112826	strict
256	112828	strict
256	112830	strict
256	112834	strict
257	16178	equal
257	25892	strict
257	25893	strict
257	107835	strict
257	107837	strict
257	112961	strict
257	112962	strict
257	112967	strict
257	112969	strict
258	16180	equal
258	25922	strict
258	25924	strict
258	118438	strict
258	118440	strict
258	128655	strict
258	128657	strict
258	128661	strict
258	128671	strict
259	16182	equal
259	25938	strict
259	25939	strict
259	118444	strict
259	118446	strict
259	128719	strict
259	128720	strict
259	128731	strict
259	128733	strict
260	16551	equal
260	16553	strict
260	83394	strict
260	83396	strict
260	83565	strict
260	83567	strict
260	83569	strict
260	83573	strict
261	16552	equal
261	83573	strict
262	16560	equal
262	16594	strict
262	129809	strict
262	129817	strict
262	130573	strict
262	130575	strict
262	130591	strict
262	130599	strict
263	16582	equal
263	130599	strict
264	16892	equal
264	16894	strict
264	17296	strict
264	17298	strict
264	20939	strict
264	20940	strict
264	20941	strict
264	20942	strict
265	16893	equal
265	20942	strict
266	16971	equal
266	16986	strict
266	17593	strict
266	17601	strict
266	84006	strict
266	84014	strict
266	84022	strict
266	84038	strict
267	16976	equal
267	84038	strict
268	17275	equal
269	17276	equal
270	17296	equal
270	17298	strict
270	20939	strict
270	20940	strict
270	20941	strict
270	20942	strict
271	17297	equal
271	20942	strict
272	17308	equal
272	20971	strict
273	17313	equal
273	17320	strict
273	17322	strict
273	20960	strict
273	20961	strict
273	20968	strict
273	20969	strict
273	20970	strict
273	20971	strict
274	17320	equal
274	17322	strict
274	20968	strict
274	20969	strict
274	20970	strict
274	20971	strict
275	17321	equal
275	20971	strict
276	17340	equal
276	21082	strict
277	17343	equal
278	17372	equal
278	17374	strict
278	17439	strict
278	17441	strict
278	21068	strict
278	21069	strict
278	21070	strict
278	21071	strict
279	17373	equal
279	21071	strict
280	17402	equal
281	17403	equal
282	17424	equal
282	17451	strict
282	17453	strict
282	21027	strict
282	21028	strict
282	21079	strict
282	21080	strict
282	21081	strict
282	21082	strict
283	17427	equal
284	17439	equal
284	17441	strict
284	21068	strict
284	21069	strict
284	21070	strict
284	21071	strict
285	17440	equal
285	21071	strict
286	17451	equal
286	17453	strict
286	21079	strict
286	21080	strict
286	21081	strict
286	21082	strict
287	17452	equal
287	21082	strict
288	17466	equal
288	17500	strict
288	17888	strict
288	17900	strict
288	131999	strict
288	132009	strict
288	132089	strict
288	132111	strict
289	17472	equal
289	132111	strict
290	17541	equal
290	17615	strict
290	17617	strict
290	83983	strict
290	83985	strict
290	84055	strict
290	84057	strict
290	84059	strict
290	84063	strict
291	17543	equal
291	17701	strict
291	17703	strict
291	83986	strict
291	83988	strict
291	84136	strict
291	84138	strict
291	84140	strict
291	84144	strict
292	17575	equal
292	17577	strict
292	17695	strict
292	17697	strict
292	84127	strict
292	84129	strict
292	84131	strict
292	84135	strict
293	17576	equal
293	84135	strict
294	17593	equal
294	17601	strict
294	84006	strict
294	84014	strict
294	84022	strict
294	84038	strict
295	17597	equal
295	84038	strict
296	17611	equal
296	84063	strict
297	17615	equal
297	17617	strict
297	84055	strict
297	84057	strict
297	84059	strict
297	84063	strict
298	17616	equal
298	84063	strict
299	17619	equal
300	17663	equal
301	17667	equal
302	17676	equal
302	84144	strict
303	17681	equal
304	17692	equal
305	17693	equal
306	17695	equal
306	17697	strict
306	84127	strict
306	84129	strict
306	84131	strict
306	84135	strict
307	17696	equal
307	84135	strict
308	17701	equal
308	17703	strict
308	84136	strict
308	84138	strict
308	84140	strict
308	84144	strict
309	17702	equal
309	84144	strict
310	17710	equal
310	17756	strict
310	17844	strict
310	18040	strict
310	131994	strict
310	132030	strict
310	132073	strict
310	132156	strict
311	17744	equal
311	132156	strict
312	17809	equal
312	17912	strict
312	17916	strict
312	131984	strict
312	132010	strict
312	132015	strict
312	132053	strict
312	132113	strict
312	132124	strict
313	17810	equal
313	17845	strict
313	18043	strict
313	131985	strict
313	131995	strict
313	132035	strict
313	132055	strict
313	132075	strict
313	132167	strict
314	17824	equal
315	17830	equal
316	17844	equal
316	18040	strict
316	131994	strict
316	132030	strict
316	132073	strict
316	132156	strict
317	17845	equal
317	18043	strict
317	131995	strict
317	132035	strict
317	132075	strict
317	132167	strict
318	17888	equal
318	17900	strict
318	131999	strict
318	132009	strict
318	132089	strict
318	132111	strict
319	17892	equal
319	132111	strict
320	17911	equal
320	132124	strict
321	17912	equal
321	17916	strict
321	132010	strict
321	132015	strict
321	132113	strict
321	132124	strict
322	17913	equal
322	132124	strict
323	17930	equal
324	17934	equal
325	17945	equal
326	17986	equal
327	17990	equal
327	132167	strict
328	17993	equal
328	132156	strict
329	17994	equal
329	132167	strict
330	18345	equal
330	18347	strict
330	83409	strict
330	83411	strict
330	84255	strict
330	84257	strict
330	84259	strict
330	84263	strict
331	18346	equal
331	84263	strict
332	18354	equal
332	18388	strict
332	129824	strict
332	129832	strict
332	132242	strict
332	132250	strict
332	132258	strict
332	132286	strict
333	18376	equal
333	132286	strict
334	18487	equal
334	18489	strict
334	20046	strict
334	20048	strict
334	21197	strict
334	21198	strict
334	21199	strict
334	21200	strict
335	18488	equal
335	21200	strict
336	18770	equal
336	18772	strict
336	21262	strict
336	21263	strict
336	21314	strict
336	21315	strict
336	21316	strict
336	21317	strict
337	18771	equal
337	21317	strict
338	18779	equal
338	18813	strict
338	30526	strict
338	30534	strict
338	114963	strict
338	114971	strict
338	114979	strict
338	114995	strict
339	18785	equal
339	114995	strict
340	18868	equal
340	18883	strict
340	40571	strict
340	40579	strict
340	83448	strict
340	83456	strict
340	83464	strict
340	83480	strict
341	18873	equal
341	83480	strict
342	19410	equal
342	19412	strict
342	21496	strict
342	21497	strict
342	21687	strict
342	21688	strict
342	21689	strict
342	21690	strict
343	19411	equal
343	21690	strict
344	19419	equal
344	19453	strict
344	30572	strict
344	30580	strict
344	133467	strict
344	133475	strict
344	133487	strict
344	133508	strict
345	19425	equal
345	133508	strict
346	19708	equal
346	27536	strict
346	189222	strict
346	189226	strict
346	190131	strict
346	190139	strict
346	190140	strict
346	190143	strict
347	19709	equal
347	190143	strict
348	19710	equal
348	27537	strict
348	189224	strict
348	189227	strict
348	189310	strict
348	189326	strict
348	189327	strict
348	189330	strict
349	19711	equal
349	189330	strict
350	19714	equal
350	27540	strict
350	44901	strict
350	46181	strict
350	48589	strict
350	48595	strict
350	48596	strict
350	48599	strict
351	19715	equal
351	48599	strict
352	19718	equal
352	27543	strict
352	44905	strict
352	45263	strict
352	46184	strict
352	46542	strict
352	46544	strict
352	46546	strict
353	19719	equal
353	46546	strict
354	19722	equal
354	20444	strict
354	27545	strict
354	28627	strict
354	178894	strict
354	178911	strict
354	178912	strict
354	178915	strict
355	19723	equal
355	178915	strict
356	19726	equal
356	20458	strict
356	27548	strict
356	28633	strict
356	45383	strict
356	46736	strict
356	46738	strict
356	46740	strict
357	19727	equal
357	46740	strict
358	19858	equal
358	31181	strict
358	31184	strict
358	177802	strict
358	177806	strict
358	190054	strict
358	190060	strict
358	190061	strict
358	190064	strict
359	19859	equal
359	20440	strict
359	28625	strict
359	177804	strict
359	177807	strict
359	178825	strict
359	178842	strict
359	178843	strict
359	178846	strict
360	19860	equal
360	31189	strict
360	31193	strict
360	44975	strict
360	46245	strict
360	48445	strict
360	48476	strict
360	48478	strict
360	48480	strict
361	19861	equal
361	20454	strict
361	28630	strict
361	44977	strict
361	45375	strict
361	46246	strict
361	46704	strict
361	46706	strict
361	46708	strict
362	19998	equal
362	20000	strict
362	21090	strict
362	21091	strict
362	21100	strict
362	21101	strict
362	21102	strict
362	21103	strict
363	19999	equal
363	21103	strict
364	20001	equal
364	20003	strict
364	21111	strict
364	21112	strict
364	21127	strict
364	21128	strict
364	21129	strict
364	21130	strict
365	20002	equal
365	21130	strict
366	20019	equal
367	20020	equal
368	20046	equal
368	20048	strict
368	21197	strict
368	21198	strict
368	21199	strict
368	21200	strict
369	20047	equal
369	21200	strict
370	20062	equal
370	21326	strict
371	20069	equal
371	20082	strict
371	20084	strict
371	21265	strict
371	21266	strict
371	21323	strict
371	21324	strict
371	21325	strict
371	21326	strict
372	20082	equal
372	20084	strict
372	21323	strict
372	21324	strict
372	21325	strict
372	21326	strict
373	20083	equal
373	21326	strict
374	20106	equal
374	21709	strict
375	20111	equal
376	20140	equal
376	20142	strict
376	20237	strict
376	20239	strict
376	21599	strict
376	21600	strict
376	21601	strict
376	21602	strict
377	20141	equal
377	21602	strict
378	20186	equal
379	20187	equal
380	20220	equal
380	20257	strict
380	20259	strict
380	21499	strict
380	21500	strict
380	21706	strict
380	21707	strict
380	21708	strict
380	21709	strict
381	20225	equal
382	20237	equal
382	20239	strict
382	21599	strict
382	21600	strict
382	21601	strict
382	21602	strict
383	20238	equal
383	21602	strict
384	20257	equal
384	20259	strict
384	21706	strict
384	21707	strict
384	21708	strict
384	21709	strict
385	20258	equal
385	21709	strict
386	20272	equal
386	20338	strict
386	34750	strict
386	34764	strict
386	73024	strict
386	73032	strict
386	73096	strict
386	73142	strict
387	20273	equal
387	20341	strict
387	34751	strict
387	34767	strict
387	164505	strict
387	164513	strict
387	184034	strict
387	184080	strict
388	20284	equal
388	73142	strict
389	20285	equal
389	184080	strict
390	20360	equal
390	20394	strict
390	41024	strict
390	41036	strict
390	98855	strict
390	98865	strict
390	105437	strict
390	105465	strict
391	20366	equal
391	105465	strict
392	20436	equal
392	178846	strict
393	20437	equal
394	20440	equal
394	28625	strict
394	178825	strict
394	178842	strict
394	178843	strict
394	178846	strict
395	20441	equal
395	178846	strict
396	20444	equal
396	28627	strict
396	178894	strict
396	178911	strict
396	178912	strict
396	178915	strict
397	20445	equal
397	178915	strict
398	20450	equal
398	46708	strict
399	20451	equal
400	20454	equal
400	28630	strict
400	45375	strict
400	46704	strict
400	46706	strict
400	46708	strict
401	20455	equal
401	46708	strict
402	20458	equal
402	28633	strict
402	45383	strict
402	46736	strict
402	46738	strict
402	46740	strict
403	20459	equal
403	46740	strict
404	20934	equal
404	20936	strict
404	20938	strict
404	20942	strict
405	20935	equal
405	20942	strict
406	20937	equal
406	20942	strict
407	20939	equal
407	20940	strict
407	20941	strict
407	20942	strict
408	20949	equal
408	20951	strict
408	20963	strict
408	20965	strict
408	20967	strict
408	20971	strict
409	20950	equal
409	20971	strict
410	20959	equal
410	20971	strict
411	20960	equal
411	20961	strict
411	20968	strict
411	20969	strict
411	20970	strict
411	20971	strict
412	20963	equal
412	20965	strict
412	20967	strict
412	20971	strict
413	20964	equal
413	20971	strict
414	20966	equal
414	20971	strict
415	20968	equal
415	20969	strict
415	20970	strict
415	20971	strict
416	20996	equal
416	20998	strict
416	21074	strict
416	21076	strict
416	21078	strict
416	21082	strict
417	20997	equal
417	21082	strict
418	20999	equal
419	21000	equal
420	21026	equal
420	21082	strict
421	21027	equal
421	21028	strict
421	21079	strict
421	21080	strict
421	21081	strict
421	21082	strict
422	21029	equal
423	21030	equal
424	21063	equal
424	21065	strict
424	21067	strict
424	21071	strict
425	21064	equal
425	21071	strict
426	21066	equal
426	21071	strict
427	21068	equal
427	21069	strict
427	21070	strict
427	21071	strict
428	21074	equal
428	21076	strict
428	21078	strict
428	21082	strict
429	21075	equal
429	21082	strict
430	21077	equal
430	21082	strict
431	21079	equal
431	21080	strict
431	21081	strict
431	21082	strict
432	21083	equal
432	21085	strict
432	21095	strict
432	21097	strict
432	21099	strict
432	21103	strict
433	21084	equal
433	21103	strict
434	21089	equal
434	21103	strict
435	21090	equal
435	21091	strict
435	21100	strict
435	21101	strict
435	21102	strict
435	21103	strict
436	21095	equal
436	21097	strict
436	21099	strict
436	21103	strict
437	21096	equal
437	21103	strict
438	21098	equal
438	21103	strict
439	21100	equal
439	21101	strict
439	21102	strict
439	21103	strict
440	21104	equal
440	21106	strict
440	21122	strict
440	21124	strict
440	21126	strict
440	21130	strict
441	21105	equal
441	21130	strict
442	21107	equal
443	21108	equal
444	21110	equal
444	21130	strict
445	21111	equal
445	21112	strict
445	21127	strict
445	21128	strict
445	21129	strict
445	21130	strict
446	21113	equal
447	21114	equal
448	21122	equal
448	21124	strict
448	21126	strict
448	21130	strict
449	21123	equal
449	21130	strict
450	21125	equal
450	21130	strict
451	21127	equal
451	21128	strict
451	21129	strict
451	21130	strict
452	21192	equal
452	21194	strict
452	21196	strict
452	21200	strict
453	21193	equal
453	21200	strict
454	21195	equal
454	21200	strict
455	21197	equal
455	21198	strict
455	21199	strict
455	21200	strict
456	21221	equal
456	21223	strict
456	21309	strict
456	21311	strict
456	21313	strict
456	21317	strict
457	21222	equal
457	21317	strict
458	21224	equal
458	21226	strict
458	21318	strict
458	21320	strict
458	21322	strict
458	21326	strict
459	21225	equal
459	21326	strict
460	21261	equal
460	21317	strict
461	21262	equal
461	21263	strict
461	21314	strict
461	21315	strict
461	21316	strict
461	21317	strict
462	21264	equal
462	21326	strict
463	21265	equal
463	21266	strict
463	21323	strict
463	21324	strict
463	21325	strict
463	21326	strict
464	21309	equal
464	21311	strict
464	21313	strict
464	21317	strict
465	21310	equal
465	21317	strict
466	21312	equal
466	21317	strict
467	21314	equal
467	21315	strict
467	21316	strict
467	21317	strict
468	21318	equal
468	21320	strict
468	21322	strict
468	21326	strict
469	21319	equal
469	21326	strict
470	21321	equal
470	21326	strict
471	21323	equal
471	21324	strict
471	21325	strict
471	21326	strict
472	21388	equal
472	21390	strict
472	21682	strict
472	21684	strict
472	21686	strict
472	21690	strict
473	21389	equal
473	21690	strict
474	21391	equal
474	21393	strict
474	21701	strict
474	21703	strict
474	21705	strict
474	21709	strict
475	21392	equal
475	21709	strict
476	21417	equal
477	21418	equal
478	21420	equal
479	21421	equal
480	21495	equal
480	21690	strict
481	21496	equal
481	21497	strict
481	21687	strict
481	21688	strict
481	21689	strict
481	21690	strict
482	21498	equal
482	21709	strict
483	21499	equal
483	21500	strict
483	21706	strict
483	21707	strict
483	21708	strict
483	21709	strict
484	21513	equal
485	21514	equal
486	21516	equal
487	21517	equal
488	21594	equal
488	21596	strict
488	21598	strict
488	21602	strict
489	21595	equal
489	21602	strict
490	21597	equal
490	21602	strict
491	21599	equal
491	21600	strict
491	21601	strict
491	21602	strict
492	21682	equal
492	21684	strict
492	21686	strict
492	21690	strict
493	21683	equal
493	21690	strict
494	21685	equal
494	21690	strict
495	21687	equal
495	21688	strict
495	21689	strict
495	21690	strict
496	21701	equal
496	21703	strict
496	21705	strict
496	21709	strict
497	21702	equal
497	21709	strict
498	21704	equal
498	21709	strict
499	21706	equal
499	21707	strict
499	21708	strict
499	21709	strict
500	21751	equal
501	21752	equal
502	21756	equal
503	21759	equal
504	21760	equal
505	21761	equal
506	21771	equal
507	21772	equal
508	21781	equal
509	21782	equal
510	21792	equal
511	21793	equal
512	21795	equal
513	21796	equal
514	21816	equal
515	21817	equal
516	21837	equal
517	21838	equal
518	21976	equal
519	21977	equal
520	21979	equal
521	21980	equal
522	21995	equal
523	21996	equal
524	22002	equal
525	22007	equal
526	22014	equal
527	22015	equal
528	22029	equal
529	22035	equal
530	22046	equal
531	22049	equal
532	22061	equal
533	22062	equal
534	22073	equal
535	22074	equal
536	22114	equal
536	190064	strict
537	22115	equal
538	22118	equal
539	22119	equal
540	22122	equal
540	48480	strict
541	22123	equal
542	22126	equal
543	22127	equal
544	22408	equal
544	22410	strict
544	22459	strict
544	22461	strict
544	24060	strict
544	24063	strict
544	24065	strict
544	24066	strict
545	22409	equal
545	24066	strict
546	22438	equal
547	22439	equal
548	22459	equal
548	22461	strict
548	24060	strict
548	24063	strict
548	24065	strict
548	24066	strict
549	22460	equal
549	24066	strict
550	22471	equal
550	24093	strict
551	22476	equal
551	22483	strict
551	22485	strict
551	24082	strict
551	24084	strict
551	24087	strict
551	24090	strict
551	24092	strict
551	24093	strict
552	22483	equal
552	22485	strict
552	24087	strict
552	24090	strict
552	24092	strict
552	24093	strict
553	22484	equal
553	24093	strict
554	22503	equal
554	24198	strict
555	22506	equal
556	22528	equal
556	22530	strict
556	22579	strict
556	22581	strict
556	24183	strict
556	24186	strict
556	24188	strict
556	24189	strict
557	22529	equal
557	24189	strict
558	22550	equal
559	22551	equal
560	22566	equal
560	22588	strict
560	22590	strict
560	24148	strict
560	24150	strict
560	24192	strict
560	24195	strict
560	24197	strict
560	24198	strict
561	22569	equal
562	22579	equal
562	22581	strict
562	24183	strict
562	24186	strict
562	24188	strict
562	24189	strict
563	22580	equal
563	24189	strict
564	22588	equal
564	22590	strict
564	24192	strict
564	24195	strict
564	24197	strict
564	24198	strict
565	22589	equal
565	24198	strict
566	22641	equal
566	22656	strict
566	22726	strict
566	22734	strict
566	95065	strict
566	95085	strict
566	95095	strict
566	95097	strict
567	22646	equal
567	95097	strict
568	22680	equal
568	22748	strict
568	22750	strict
568	95044	strict
568	95045	strict
568	95113	strict
568	95117	strict
568	95119	strict
568	95121	strict
569	22682	equal
569	22834	strict
569	22836	strict
569	95047	strict
569	95048	strict
569	95191	strict
569	95192	strict
569	95197	strict
569	95199	strict
570	22708	equal
570	22710	strict
570	22828	strict
570	22830	strict
570	95182	strict
570	95183	strict
570	95188	strict
570	95190	strict
571	22709	equal
571	95190	strict
572	22726	equal
572	22734	strict
572	95065	strict
572	95085	strict
572	95095	strict
572	95097	strict
573	22730	equal
573	95097	strict
574	22744	equal
574	95121	strict
575	22748	equal
575	22750	strict
575	95113	strict
575	95117	strict
575	95119	strict
575	95121	strict
576	22749	equal
576	95121	strict
577	22752	equal
578	22796	equal
579	22800	equal
580	22809	equal
580	95199	strict
581	22814	equal
582	22825	equal
583	22826	equal
584	22828	equal
584	22830	strict
584	95182	strict
584	95183	strict
584	95188	strict
584	95190	strict
585	22829	equal
585	95190	strict
586	22834	equal
586	22836	strict
586	95191	strict
586	95192	strict
586	95197	strict
586	95199	strict
587	22835	equal
587	95199	strict
588	23423	equal
588	23425	strict
588	95916	strict
588	95918	strict
588	96034	strict
588	96036	strict
588	96038	strict
588	96042	strict
589	23424	equal
589	96042	strict
590	23465	equal
590	23467	strict
590	95928	strict
590	95930	strict
590	96094	strict
590	96095	strict
590	96100	strict
590	96102	strict
591	23466	equal
591	96102	strict
592	23785	equal
593	23786	equal
594	23790	equal
595	23793	equal
596	23794	equal
597	23795	equal
598	23805	equal
599	23806	equal
600	23815	equal
601	23816	equal
602	23826	equal
603	23827	equal
604	23829	equal
605	23830	equal
606	23850	equal
607	23851	equal
608	23871	equal
609	23872	equal
610	24058	equal
610	24059	strict
610	24064	strict
610	24066	strict
611	24060	equal
611	24063	strict
611	24065	strict
611	24066	strict
612	24061	equal
612	24066	strict
613	24062	equal
613	24066	strict
614	24073	equal
614	24074	strict
614	24085	strict
614	24086	strict
614	24091	strict
614	24093	strict
615	24075	equal
615	24093	strict
616	24082	equal
616	24084	strict
616	24087	strict
616	24090	strict
616	24092	strict
616	24093	strict
617	24083	equal
617	24093	strict
618	24085	equal
618	24086	strict
618	24091	strict
618	24093	strict
619	24087	equal
619	24090	strict
619	24092	strict
619	24093	strict
620	24088	equal
620	24093	strict
621	24089	equal
621	24093	strict
622	24118	equal
622	24119	strict
622	24190	strict
622	24191	strict
622	24196	strict
622	24198	strict
623	24120	equal
623	24198	strict
624	24121	equal
625	24123	equal
626	24148	equal
626	24150	strict
626	24192	strict
626	24195	strict
626	24197	strict
626	24198	strict
627	24149	equal
627	24198	strict
628	24151	equal
629	24153	equal
630	24181	equal
630	24182	strict
630	24187	strict
630	24189	strict
631	24183	equal
631	24186	strict
631	24188	strict
631	24189	strict
632	24184	equal
632	24189	strict
633	24185	equal
633	24189	strict
634	24190	equal
634	24191	strict
634	24196	strict
634	24198	strict
635	24192	equal
635	24195	strict
635	24197	strict
635	24198	strict
636	24193	equal
636	24198	strict
637	24194	equal
637	24198	strict
638	24290	equal
638	24291	strict
638	24476	strict
638	24477	strict
638	24482	strict
638	24483	strict
638	24488	strict
638	24490	strict
639	24292	equal
639	24490	strict
640	24293	equal
640	24294	strict
640	24491	strict
640	24492	strict
640	24503	strict
640	24504	strict
640	24509	strict
640	24511	strict
641	24295	equal
641	24511	strict
642	24378	equal
642	24380	strict
642	24479	strict
642	24481	strict
642	24484	strict
642	24487	strict
642	24489	strict
642	24490	strict
643	24379	equal
643	24490	strict
644	24381	equal
644	24383	strict
644	24497	strict
644	24499	strict
644	24505	strict
644	24508	strict
644	24510	strict
644	24511	strict
645	24382	equal
645	24511	strict
646	24476	equal
646	24477	strict
646	24482	strict
646	24483	strict
646	24488	strict
646	24490	strict
647	24478	equal
647	24490	strict
648	24479	equal
648	24481	strict
648	24484	strict
648	24487	strict
648	24489	strict
648	24490	strict
649	24480	equal
649	24490	strict
650	24482	equal
650	24483	strict
650	24488	strict
650	24490	strict
651	24484	equal
651	24487	strict
651	24489	strict
651	24490	strict
652	24485	equal
652	24490	strict
653	24486	equal
653	24490	strict
654	24491	equal
654	24492	strict
654	24503	strict
654	24504	strict
654	24509	strict
654	24511	strict
655	24493	equal
655	24511	strict
656	24494	equal
657	24496	equal
658	24497	equal
658	24499	strict
658	24505	strict
658	24508	strict
658	24510	strict
658	24511	strict
659	24498	equal
659	24511	strict
660	24500	equal
661	24502	equal
662	24503	equal
662	24504	strict
662	24509	strict
662	24511	strict
663	24505	equal
663	24508	strict
663	24510	strict
663	24511	strict
664	24506	equal
664	24511	strict
665	24507	equal
665	24511	strict
666	24954	equal
667	24956	equal
668	24957	equal
669	24959	equal
670	24981	equal
670	24982	strict
670	31220	strict
670	31221	strict
670	31273	strict
670	31274	strict
670	31279	strict
670	31281	strict
671	24983	equal
671	31281	strict
672	24993	equal
673	24995	equal
674	25031	equal
674	25032	strict
674	31295	strict
674	31296	strict
674	31434	strict
674	31435	strict
674	31440	strict
674	31442	strict
675	25033	equal
675	31442	strict
676	25047	equal
677	25049	equal
678	25074	equal
678	25103	strict
678	36855	strict
678	36861	strict
678	196675	strict
678	196687	strict
678	196688	strict
678	196691	strict
679	25075	equal
679	196691	strict
680	25076	equal
680	25105	strict
680	36859	strict
680	36862	strict
680	49754	strict
680	49770	strict
680	49771	strict
680	49774	strict
681	25077	equal
681	49774	strict
682	25154	equal
682	25185	strict
682	31606	strict
682	31621	strict
682	212072	strict
682	212084	strict
682	212085	strict
682	212088	strict
683	25155	equal
683	212088	strict
684	25158	equal
684	25188	strict
684	31610	strict
684	31624	strict
684	48791	strict
684	48902	strict
684	48904	strict
684	48906	strict
685	25159	equal
685	48906	strict
686	25424	equal
687	25425	equal
688	25436	equal
689	25437	equal
690	25492	equal
691	25494	equal
692	25502	equal
693	25504	equal
694	25863	equal
694	112834	strict
695	25867	equal
695	25875	strict
695	112793	strict
695	112801	strict
695	112809	strict
695	112825	strict
696	25874	equal
696	112825	strict
697	25876	equal
697	25878	strict
697	112826	strict
697	112828	strict
697	112830	strict
697	112834	strict
698	25877	equal
698	112834	strict
699	25881	equal
700	25884	equal
700	112969	strict
701	25889	equal
702	25892	equal
702	25893	strict
702	112961	strict
702	112962	strict
702	112967	strict
702	112969	strict
703	25894	equal
703	112969	strict
704	25902	equal
704	25903	strict
704	113005	strict
704	113006	strict
704	113011	strict
704	113013	strict
705	25904	equal
705	113013	strict
706	25909	equal
706	128671	strict
707	25913	equal
707	25921	strict
707	128610	strict
707	128618	strict
707	128630	strict
707	128651	strict
708	25920	equal
708	128651	strict
709	25922	equal
709	25924	strict
709	128655	strict
709	128657	strict
709	128661	strict
709	128671	strict
710	25923	equal
710	128671	strict
711	25927	equal
712	25930	equal
712	128733	strict
713	25935	equal
714	25938	equal
714	25939	strict
714	128719	strict
714	128720	strict
714	128731	strict
714	128733	strict
715	25940	equal
715	128733	strict
716	25948	equal
716	25949	strict
716	128779	strict
716	128780	strict
716	128791	strict
716	128793	strict
717	25950	equal
717	128793	strict
718	26107	equal
719	26108	equal
720	26119	equal
721	26120	equal
722	26211	equal
722	26226	strict
722	26310	strict
722	26320	strict
722	113945	strict
722	113965	strict
722	113977	strict
722	113979	strict
723	26216	equal
723	113979	strict
724	26239	equal
724	26254	strict
724	26303	strict
724	26392	strict
724	113920	strict
724	113922	strict
724	114054	strict
724	114056	strict
725	26252	equal
725	114056	strict
726	26285	equal
726	26331	strict
726	26334	strict
726	113900	strict
726	113902	strict
726	113987	strict
726	113991	strict
726	113996	strict
726	113998	strict
727	26286	equal
727	26304	strict
727	26394	strict
727	113901	strict
727	113903	strict
727	113921	strict
727	113923	strict
727	114061	strict
727	114063	strict
728	26292	equal
729	26298	equal
730	26303	equal
730	26392	strict
730	113920	strict
730	113922	strict
730	114054	strict
730	114056	strict
731	26304	equal
731	26394	strict
731	113921	strict
731	113923	strict
731	114061	strict
731	114063	strict
732	26310	equal
732	26320	strict
732	113945	strict
732	113965	strict
732	113977	strict
732	113979	strict
733	26314	equal
733	113979	strict
734	26330	equal
734	113998	strict
735	26331	equal
735	26334	strict
735	113987	strict
735	113991	strict
735	113996	strict
735	113998	strict
736	26332	equal
736	113998	strict
737	26347	equal
738	26351	equal
739	26360	equal
740	26382	equal
741	26386	equal
741	114063	strict
742	26389	equal
742	114056	strict
743	26390	equal
743	114063	strict
744	26899	equal
744	26901	strict
744	28314	strict
744	28316	strict
744	30693	strict
744	30696	strict
744	30698	strict
744	30699	strict
745	26900	equal
745	30699	strict
746	26998	equal
746	27013	strict
746	41272	strict
746	41280	strict
746	176559	strict
746	176579	strict
746	176589	strict
746	176591	strict
747	27003	equal
747	176591	strict
748	28082	equal
748	28084	strict
748	114294	strict
748	114296	strict
748	114307	strict
748	114311	strict
748	114314	strict
748	114316	strict
749	28083	equal
749	28085	strict
749	114295	strict
749	114297	strict
749	114300	strict
749	114301	strict
749	114327	strict
749	114329	strict
750	28086	equal
750	114316	strict
751	28087	equal
751	114329	strict
752	28095	equal
752	28096	strict
752	30552	strict
752	30553	strict
752	115047	strict
752	115048	strict
752	115053	strict
752	115055	strict
753	28097	equal
753	115055	strict
754	28105	equal
754	28106	strict
754	129875	strict
754	129876	strict
754	130861	strict
754	130865	strict
754	130867	strict
754	130869	strict
755	28107	equal
755	130869	strict
756	28115	equal
756	28116	strict
756	129885	strict
756	129886	strict
756	133281	strict
756	133282	strict
756	133293	strict
756	133295	strict
757	28117	equal
757	133295	strict
758	28125	equal
758	28126	strict
758	30598	strict
758	30599	strict
758	133601	strict
758	133602	strict
758	133613	strict
758	133615	strict
759	28127	equal
759	133615	strict
760	28293	equal
761	28294	equal
762	28314	equal
762	28316	strict
762	30693	strict
762	30696	strict
762	30698	strict
762	30699	strict
763	28315	equal
763	30699	strict
764	28326	equal
764	30733	strict
765	28331	equal
765	28338	strict
765	28340	strict
765	30721	strict
765	30723	strict
765	30727	strict
765	30730	strict
765	30732	strict
765	30733	strict
766	28338	equal
766	28340	strict
766	30727	strict
766	30730	strict
766	30732	strict
766	30733	strict
767	28339	equal
767	30733	strict
768	28358	equal
768	30984	strict
769	28361	equal
770	28390	equal
770	28392	strict
770	28457	strict
770	28459	strict
770	30943	strict
770	30946	strict
770	30948	strict
770	30949	strict
771	28391	equal
771	30949	strict
772	28420	equal
773	28421	equal
774	28442	equal
774	28469	strict
774	28471	strict
774	30869	strict
774	30871	strict
774	30978	strict
774	30981	strict
774	30983	strict
774	30984	strict
775	28445	equal
776	28457	equal
776	28459	strict
776	30943	strict
776	30946	strict
776	30948	strict
776	30949	strict
777	28458	equal
777	30949	strict
778	28469	equal
778	28471	strict
778	30978	strict
778	30981	strict
778	30983	strict
778	30984	strict
779	28470	equal
779	30984	strict
780	28484	equal
780	28518	strict
780	41629	strict
780	41641	strict
780	72069	strict
780	72089	strict
780	72126	strict
780	72128	strict
781	28490	equal
781	72128	strict
782	28676	equal
782	28691	strict
782	113735	strict
782	113743	strict
782	114621	strict
782	114623	strict
782	114639	strict
782	114647	strict
783	28689	equal
783	114647	strict
784	28718	equal
784	28733	strict
784	113747	strict
784	113755	strict
784	114678	strict
784	114679	strict
784	114705	strict
784	114707	strict
785	28731	equal
785	114707	strict
786	29420	equal
786	30535	strict
786	30537	strict
786	113779	strict
786	113781	strict
786	114996	strict
786	114998	strict
786	115000	strict
786	115004	strict
787	29422	equal
787	30544	strict
787	30545	strict
787	113785	strict
787	113787	strict
787	115023	strict
787	115024	strict
787	115029	strict
787	115031	strict
788	29424	equal
788	30581	strict
788	30583	strict
788	130191	strict
788	130193	strict
788	133512	strict
788	133514	strict
788	133518	strict
788	133528	strict
789	29426	equal
789	30590	strict
789	30591	strict
789	130197	strict
789	130199	strict
789	133553	strict
789	133554	strict
789	133565	strict
789	133567	strict
790	29538	equal
791	29539	equal
792	29541	equal
793	29542	equal
794	29557	equal
795	29558	equal
796	29564	equal
797	29569	equal
798	29576	equal
799	29577	equal
800	29589	equal
801	29592	equal
802	29608	equal
803	29611	equal
804	29623	equal
805	29624	equal
806	29635	equal
807	29636	equal
808	29676	equal
808	189672	strict
809	29677	equal
810	29680	equal
810	48338	strict
811	29681	equal
812	29684	equal
813	29685	equal
814	29688	equal
815	29689	equal
816	30039	equal
817	30041	equal
818	30042	equal
819	30044	equal
820	30068	equal
820	30070	strict
820	31245	strict
820	31247	strict
820	31275	strict
820	31278	strict
820	31280	strict
820	31281	strict
821	30069	equal
821	31281	strict
822	30078	equal
823	30080	equal
824	30120	equal
824	30122	strict
824	31359	strict
824	31361	strict
824	31436	strict
824	31439	strict
824	31441	strict
824	31442	strict
825	30121	equal
825	31442	strict
826	30132	equal
827	30134	equal
828	30159	equal
828	30188	strict
828	36895	strict
828	36897	strict
828	197134	strict
828	197142	strict
828	197143	strict
828	197146	strict
829	30160	equal
829	197146	strict
830	30161	equal
830	30190	strict
830	36900	strict
830	36902	strict
830	50218	strict
830	50226	strict
830	50227	strict
830	50230	strict
831	30162	equal
831	50230	strict
832	30237	equal
832	30252	strict
832	31720	strict
832	31727	strict
832	216848	strict
832	216856	strict
832	216857	strict
832	216860	strict
833	30238	equal
833	216860	strict
834	30275	equal
834	30291	strict
834	31774	strict
834	31782	strict
834	49825	strict
834	49867	strict
834	49869	strict
834	49871	strict
835	30276	equal
835	49871	strict
836	30408	equal
837	30410	equal
838	30418	equal
839	30420	equal
840	30516	equal
840	115004	strict
841	30518	equal
841	115031	strict
842	30526	equal
842	30534	strict
842	114963	strict
842	114971	strict
842	114979	strict
842	114995	strict
843	30533	equal
843	114995	strict
844	30535	equal
844	30537	strict
844	114996	strict
844	114998	strict
844	115000	strict
844	115004	strict
845	30536	equal
845	115004	strict
846	30540	equal
847	30543	equal
848	30544	equal
848	30545	strict
848	115023	strict
848	115024	strict
848	115029	strict
848	115031	strict
849	30546	equal
849	115031	strict
850	30552	equal
850	30553	strict
850	115047	strict
850	115048	strict
850	115053	strict
850	115055	strict
851	30554	equal
851	115055	strict
852	30562	equal
852	133528	strict
853	30564	equal
853	133567	strict
854	30572	equal
854	30580	strict
854	133467	strict
854	133475	strict
854	133487	strict
854	133508	strict
855	30579	equal
855	133508	strict
856	30581	equal
856	30583	strict
856	133512	strict
856	133514	strict
856	133518	strict
856	133528	strict
857	30582	equal
857	133528	strict
858	30586	equal
859	30589	equal
860	30590	equal
860	30591	strict
860	133553	strict
860	133554	strict
860	133565	strict
860	133567	strict
861	30592	equal
861	133567	strict
862	30598	equal
862	30599	strict
862	133601	strict
862	133602	strict
862	133613	strict
862	133615	strict
863	30600	equal
863	133615	strict
864	30691	equal
864	30692	strict
864	30697	strict
864	30699	strict
865	30693	equal
865	30696	strict
865	30698	strict
865	30699	strict
866	30694	equal
866	30699	strict
867	30695	equal
867	30699	strict
868	30709	equal
868	30710	strict
868	30725	strict
868	30726	strict
868	30731	strict
868	30733	strict
869	30711	equal
869	30733	strict
870	30721	equal
870	30723	strict
870	30727	strict
870	30730	strict
870	30732	strict
870	30733	strict
871	30722	equal
871	30733	strict
872	30725	equal
872	30726	strict
872	30731	strict
872	30733	strict
873	30727	equal
873	30730	strict
873	30732	strict
873	30733	strict
874	30728	equal
874	30733	strict
875	30729	equal
875	30733	strict
876	30788	equal
876	30789	strict
876	30976	strict
876	30977	strict
876	30982	strict
876	30984	strict
877	30790	equal
877	30984	strict
878	30802	equal
879	30804	equal
880	30869	equal
880	30871	strict
880	30978	strict
880	30981	strict
880	30983	strict
880	30984	strict
881	30870	equal
881	30984	strict
882	30873	equal
883	30875	equal
884	30941	equal
884	30942	strict
884	30947	strict
884	30949	strict
885	30943	equal
885	30946	strict
885	30948	strict
885	30949	strict
886	30944	equal
886	30949	strict
887	30945	equal
887	30949	strict
888	30976	equal
888	30977	strict
888	30982	strict
888	30984	strict
889	30978	equal
889	30981	strict
889	30983	strict
889	30984	strict
890	30979	equal
890	30984	strict
891	30980	equal
891	30984	strict
892	31163	equal
892	31168	strict
892	189660	strict
892	189668	strict
892	189669	strict
892	189672	strict
893	31164	equal
893	189672	strict
894	31165	equal
894	31171	strict
894	48274	strict
894	48334	strict
894	48336	strict
894	48338	strict
895	31166	equal
895	48338	strict
896	31181	equal
896	31184	strict
896	190054	strict
896	190060	strict
896	190061	strict
896	190064	strict
897	31182	equal
897	190064	strict
898	31189	equal
898	31193	strict
898	48445	strict
898	48476	strict
898	48478	strict
898	48480	strict
899	31190	equal
899	48480	strict
900	31220	equal
900	31221	strict
900	31273	strict
900	31274	strict
900	31279	strict
900	31281	strict
901	31222	equal
901	31281	strict
902	31245	equal
902	31247	strict
902	31275	strict
902	31278	strict
902	31280	strict
902	31281	strict
903	31246	equal
903	31281	strict
904	31273	equal
904	31274	strict
904	31279	strict
904	31281	strict
905	31275	equal
905	31278	strict
905	31280	strict
905	31281	strict
906	31276	equal
906	31281	strict
907	31277	equal
907	31281	strict
908	31295	equal
908	31296	strict
908	31434	strict
908	31435	strict
908	31440	strict
908	31442	strict
909	31297	equal
909	31442	strict
910	31325	equal
911	31327	equal
912	31359	equal
912	31361	strict
912	31436	strict
912	31439	strict
912	31441	strict
912	31442	strict
913	31360	equal
913	31442	strict
914	31371	equal
915	31373	equal
916	31434	equal
916	31435	strict
916	31440	strict
916	31442	strict
917	31436	equal
917	31439	strict
917	31441	strict
917	31442	strict
918	31437	equal
918	31442	strict
919	31438	equal
919	31442	strict
920	31606	equal
920	31621	strict
920	212072	strict
920	212084	strict
920	212085	strict
920	212088	strict
921	31607	equal
921	212088	strict
922	31610	equal
922	31624	strict
922	48791	strict
922	48902	strict
922	48904	strict
922	48906	strict
923	31611	equal
923	48906	strict
924	31679	equal
925	31680	equal
926	31683	equal
927	31684	equal
928	31720	equal
928	31727	strict
928	216848	strict
928	216856	strict
928	216857	strict
928	216860	strict
929	31721	equal
929	216860	strict
930	31754	equal
931	31755	equal
932	31774	equal
932	31782	strict
932	49825	strict
932	49867	strict
932	49869	strict
932	49871	strict
933	31775	equal
933	49871	strict
934	31813	equal
935	31814	equal
936	31969	equal
936	36620	strict
936	36624	strict
936	145865	strict
936	145873	strict
936	188708	strict
936	188716	strict
936	188717	strict
936	188720	strict
937	31970	equal
937	36622	strict
937	36625	strict
937	42161	strict
937	42221	strict
937	48196	strict
937	48213	strict
937	48214	strict
937	48217	strict
938	31971	equal
938	33316	strict
938	33382	strict
938	145867	strict
938	145876	strict
938	150434	strict
938	150565	strict
938	150567	strict
938	150569	strict
939	31972	equal
939	33318	strict
939	33383	strict
939	42163	strict
939	42224	strict
939	43263	strict
939	43863	strict
939	43865	strict
939	43867	strict
940	32480	equal
940	32998	strict
940	188121	strict
940	188131	strict
940	188431	strict
940	188491	strict
940	188493	strict
940	188495	strict
941	32481	equal
941	188495	strict
942	32482	equal
942	32999	strict
942	188123	strict
942	188132	strict
942	188171	strict
942	188232	strict
942	188234	strict
942	188236	strict
943	32483	equal
943	188236	strict
944	32484	equal
944	33000	strict
944	42380	strict
944	42452	strict
944	47928	strict
944	47988	strict
944	47990	strict
944	47992	strict
945	32485	equal
945	47992	strict
946	32486	equal
946	33001	strict
946	42382	strict
946	42453	strict
946	43351	strict
946	43994	strict
946	43996	strict
946	43998	strict
947	32487	equal
947	43998	strict
948	32488	equal
948	33003	strict
948	33304	strict
948	33376	strict
948	150418	strict
948	150506	strict
948	150508	strict
948	150510	strict
949	32489	equal
949	150510	strict
950	32490	equal
950	33004	strict
950	33306	strict
950	33377	strict
950	43247	strict
950	43804	strict
950	43806	strict
950	43808	strict
951	32491	equal
951	43808	strict
952	32708	equal
952	32720	strict
952	69789	strict
952	69791	strict
952	69804	strict
952	69805	strict
952	69897	strict
952	69899	strict
953	32709	equal
953	32721	strict
953	69790	strict
953	69792	strict
953	69938	strict
953	69939	strict
953	70033	strict
953	70035	strict
954	32710	equal
954	32722	strict
954	147157	strict
954	147159	strict
954	160378	strict
954	160379	strict
954	160475	strict
954	160477	strict
955	32711	equal
955	32723	strict
955	147158	strict
955	147160	strict
955	184393	strict
955	184394	strict
955	198194	strict
955	198196	strict
956	32712	equal
956	32724	strict
956	36267	strict
956	36269	strict
956	73905	strict
956	73906	strict
956	74157	strict
956	74159	strict
957	32713	equal
957	32725	strict
957	36268	strict
957	36270	strict
957	184578	strict
957	184579	strict
957	199211	strict
957	199213	strict
958	33143	equal
958	69899	strict
959	33144	equal
959	70035	strict
960	33145	equal
960	160477	strict
961	33146	equal
961	198196	strict
962	33147	equal
962	74159	strict
963	33148	equal
963	199213	strict
964	33304	equal
964	33376	strict
964	150418	strict
964	150506	strict
964	150508	strict
964	150510	strict
965	33305	equal
965	150510	strict
966	33306	equal
966	33377	strict
966	43247	strict
966	43804	strict
966	43806	strict
966	43808	strict
967	33307	equal
967	43808	strict
968	33312	equal
968	150569	strict
969	33313	equal
969	43867	strict
970	33314	equal
971	33315	equal
972	33316	equal
972	33382	strict
972	150434	strict
972	150565	strict
972	150567	strict
972	150569	strict
973	33317	equal
973	150569	strict
974	33318	equal
974	33383	strict
974	43263	strict
974	43863	strict
974	43865	strict
974	43867	strict
975	33319	equal
975	43867	strict
976	33581	equal
976	34770	strict
976	34776	strict
976	66932	strict
976	66943	strict
976	71181	strict
976	71184	strict
976	71235	strict
976	71263	strict
977	33582	equal
977	34771	strict
977	34778	strict
977	156502	strict
977	157831	strict
977	165407	strict
977	165410	strict
977	166588	strict
977	166617	strict
978	33587	equal
978	36263	strict
978	36265	strict
978	66933	strict
978	66950	strict
978	73903	strict
978	73904	strict
978	74050	strict
978	74052	strict
979	33588	equal
979	36264	strict
979	36266	strict
979	156503	strict
979	157838	strict
979	184576	strict
979	184577	strict
979	199104	strict
979	199106	strict
980	33772	equal
981	33773	equal
982	33812	equal
983	33813	equal
984	33814	equal
985	33815	equal
986	33857	equal
987	33858	equal
988	33883	equal
988	36626	strict
988	36628	strict
988	176924	strict
988	176932	strict
988	188747	strict
988	188753	strict
988	188754	strict
988	188757	strict
989	33884	equal
989	36629	strict
989	36631	strict
989	44895	strict
989	46173	strict
989	48243	strict
989	48249	strict
989	48250	strict
989	48253	strict
990	33885	equal
990	34115	strict
990	36025	strict
990	176926	strict
990	176935	strict
990	178253	strict
990	178384	strict
990	178386	strict
990	178388	strict
991	33886	equal
991	34117	strict
991	36026	strict
991	44897	strict
991	45235	strict
991	46176	strict
991	46482	strict
991	46484	strict
991	46486	strict
992	33991	equal
992	35807	strict
992	188245	strict
992	188320	strict
992	188602	strict
992	188633	strict
992	188635	strict
992	188637	strict
993	33992	equal
993	188637	strict
994	33993	equal
994	35808	strict
994	188247	strict
994	188273	strict
994	188321	strict
994	188377	strict
994	188379	strict
994	188381	strict
995	33994	equal
995	188381	strict
996	33995	equal
996	35809	strict
996	44963	strict
996	46239	strict
996	48099	strict
996	48130	strict
996	48132	strict
996	48134	strict
997	33996	equal
997	48134	strict
998	33997	equal
998	35810	strict
998	44965	strict
998	45299	strict
998	46240	strict
998	46608	strict
998	46610	strict
998	46612	strict
999	33998	equal
999	46612	strict
1000	33999	equal
1000	34111	strict
1000	35811	strict
1000	36022	strict
1000	178249	strict
1000	178352	strict
1000	178354	strict
1000	178356	strict
1001	34000	equal
1001	178356	strict
1002	34001	equal
1002	34113	strict
1002	35812	strict
1002	36023	strict
1002	45231	strict
1002	46450	strict
1002	46452	strict
1002	46454	strict
1003	34002	equal
1003	46454	strict
1004	34097	equal
1004	178388	strict
1005	34098	equal
1005	46486	strict
1006	34105	equal
1007	34106	equal
1008	34111	equal
1008	36022	strict
1008	178249	strict
1008	178352	strict
1008	178354	strict
1008	178356	strict
1009	34112	equal
1009	178356	strict
1010	34113	equal
1010	36023	strict
1010	45231	strict
1010	46450	strict
1010	46452	strict
1010	46454	strict
1011	34114	equal
1011	46454	strict
1012	34115	equal
1012	36025	strict
1012	178253	strict
1012	178384	strict
1012	178386	strict
1012	178388	strict
1013	34116	equal
1013	178388	strict
1014	34117	equal
1014	36026	strict
1014	45235	strict
1014	46482	strict
1014	46484	strict
1014	46486	strict
1015	34118	equal
1015	46486	strict
1016	34245	equal
1017	34246	equal
1018	34247	equal
1019	34248	equal
1020	34249	equal
1020	188757	strict
1021	34250	equal
1022	34251	equal
1022	48253	strict
1023	34252	equal
1024	34448	equal
1024	34460	strict
1024	72563	strict
1024	72565	strict
1024	72639	strict
1024	72658	strict
1024	72675	strict
1024	72677	strict
1025	34449	equal
1025	34461	strict
1025	72564	strict
1025	72566	strict
1025	72569	strict
1025	72570	strict
1025	72819	strict
1025	72821	strict
1026	34450	equal
1026	34462	strict
1026	34922	strict
1026	34932	strict
1026	73900	strict
1026	73902	strict
1026	74573	strict
1026	74575	strict
1027	34451	equal
1027	34463	strict
1027	162766	strict
1027	162768	strict
1027	182793	strict
1027	182812	strict
1027	182834	strict
1027	182836	strict
1028	34452	equal
1028	34464	strict
1028	162767	strict
1028	162769	strict
1028	166624	strict
1028	166625	strict
1028	198686	strict
1028	198688	strict
1029	34453	equal
1029	34465	strict
1029	34923	strict
1029	34933	strict
1029	166629	strict
1029	166631	strict
1029	199627	strict
1029	199629	strict
1030	34540	equal
1030	34781	strict
1030	34784	strict
1030	71907	strict
1030	71922	strict
1030	73150	strict
1030	73152	strict
1030	73208	strict
1030	73232	strict
1031	34541	equal
1031	34782	strict
1031	34786	strict
1031	163525	strict
1031	165416	strict
1031	165418	strict
1031	181764	strict
1031	184547	strict
1031	184571	strict
1032	34546	equal
1032	34920	strict
1032	34930	strict
1032	71908	strict
1032	71925	strict
1032	73899	strict
1032	73901	strict
1032	74543	strict
1032	74545	strict
1033	34547	equal
1033	34921	strict
1033	34931	strict
1033	163526	strict
1033	166628	strict
1033	166630	strict
1033	181767	strict
1033	199597	strict
1033	199599	strict
1034	34593	equal
1035	34594	equal
1036	34713	equal
1036	34736	strict
1036	71054	strict
1036	71064	strict
1036	71118	strict
1036	71173	strict
1037	34714	equal
1037	34739	strict
1037	164489	strict
1037	164499	strict
1037	166072	strict
1037	166128	strict
1038	34735	equal
1038	71173	strict
1039	34738	equal
1039	166128	strict
1040	34750	equal
1040	34764	strict
1040	73024	strict
1040	73032	strict
1040	73096	strict
1040	73142	strict
1041	34751	equal
1041	34767	strict
1041	164505	strict
1041	164513	strict
1041	184034	strict
1041	184080	strict
1042	34763	equal
1042	73142	strict
1043	34766	equal
1043	184080	strict
1044	34770	equal
1044	34776	strict
1044	71181	strict
1044	71184	strict
1044	71235	strict
1044	71263	strict
1045	34771	equal
1045	34778	strict
1045	165407	strict
1045	165410	strict
1045	166588	strict
1045	166617	strict
1046	34773	equal
1047	34774	equal
1048	34775	equal
1048	71263	strict
1049	34777	equal
1049	166617	strict
1050	34779	equal
1051	34780	equal
1052	34781	equal
1052	34784	strict
1052	73150	strict
1052	73152	strict
1052	73208	strict
1052	73232	strict
1053	34782	equal
1053	34786	strict
1053	165416	strict
1053	165418	strict
1053	184547	strict
1053	184571	strict
1054	34783	equal
1054	73232	strict
1055	34785	equal
1055	184571	strict
1056	34912	equal
1056	71263	strict
1057	34913	equal
1057	166617	strict
1058	34920	equal
1058	34930	strict
1058	73899	strict
1058	73901	strict
1058	74543	strict
1058	74545	strict
1059	34921	equal
1059	34931	strict
1059	166628	strict
1059	166630	strict
1059	199597	strict
1059	199599	strict
1060	34922	equal
1060	34932	strict
1060	73900	strict
1060	73902	strict
1060	74573	strict
1060	74575	strict
1061	34923	equal
1061	34933	strict
1061	166629	strict
1061	166631	strict
1061	199627	strict
1061	199629	strict
1062	35534	equal
1063	35535	equal
1064	35536	equal
1065	35537	equal
1066	35951	equal
1066	72677	strict
1067	35952	equal
1067	72821	strict
1068	35953	equal
1068	74575	strict
1069	35954	equal
1069	182836	strict
1070	35955	equal
1070	198688	strict
1071	35956	equal
1071	199629	strict
1072	36102	equal
1073	36103	equal
1074	36146	equal
1075	36147	equal
1076	36148	equal
1077	36149	equal
1078	36154	equal
1078	188720	strict
1079	36155	equal
1080	36156	equal
1080	48217	strict
1081	36157	equal
1082	36263	equal
1082	36265	strict
1082	73903	strict
1082	73904	strict
1082	74050	strict
1082	74052	strict
1083	36264	equal
1083	36266	strict
1083	184576	strict
1083	184577	strict
1083	199104	strict
1083	199106	strict
1084	36267	equal
1084	36269	strict
1084	73905	strict
1084	73906	strict
1084	74157	strict
1084	74159	strict
1085	36268	equal
1085	36270	strict
1085	184578	strict
1085	184579	strict
1085	199211	strict
1085	199213	strict
1086	36275	equal
1086	73232	strict
1087	36276	equal
1087	184571	strict
1088	36620	equal
1088	36624	strict
1088	188708	strict
1088	188716	strict
1088	188717	strict
1088	188720	strict
1089	36621	equal
1089	188720	strict
1090	36622	equal
1090	36625	strict
1090	48196	strict
1090	48213	strict
1090	48214	strict
1090	48217	strict
1091	36623	equal
1091	48217	strict
1092	36626	equal
1092	36628	strict
1092	188747	strict
1092	188753	strict
1092	188754	strict
1092	188757	strict
1093	36627	equal
1093	188757	strict
1094	36629	equal
1094	36631	strict
1094	48243	strict
1094	48249	strict
1094	48250	strict
1094	48253	strict
1095	36630	equal
1095	48253	strict
1096	36684	equal
1097	36685	equal
1098	36686	equal
1099	36687	equal
1100	36741	equal
1100	74052	strict
1101	36742	equal
1101	199106	strict
1102	36750	equal
1103	36751	equal
1104	36756	equal
1104	74052	strict
1105	36757	equal
1105	199106	strict
1106	36765	equal
1106	74159	strict
1107	36766	equal
1107	199213	strict
1108	36775	equal
1109	36776	equal
1110	36777	equal
1111	36778	equal
1112	36811	equal
1112	74545	strict
1113	36812	equal
1113	199599	strict
1114	36819	equal
1115	36820	equal
1116	36823	equal
1116	74545	strict
1117	36824	equal
1117	199599	strict
1118	36829	equal
1118	74575	strict
1119	36830	equal
1119	199629	strict
1120	36855	equal
1120	36861	strict
1120	196675	strict
1120	196687	strict
1120	196688	strict
1120	196691	strict
1121	36856	equal
1121	196691	strict
1122	36859	equal
1122	36862	strict
1122	49754	strict
1122	49770	strict
1122	49771	strict
1122	49774	strict
1123	36860	equal
1123	49774	strict
1124	36895	equal
1124	36897	strict
1124	197134	strict
1124	197142	strict
1124	197143	strict
1124	197146	strict
1125	36896	equal
1125	197146	strict
1126	36900	equal
1126	36902	strict
1126	50218	strict
1126	50226	strict
1126	50227	strict
1126	50230	strict
1127	36901	equal
1127	50230	strict
1128	37775	equal
1128	37999	strict
1128	38001	strict
1128	78976	strict
1128	78978	strict
1128	79194	strict
1128	79196	strict
1128	79198	strict
1128	79202	strict
1129	37777	equal
1129	38123	strict
1129	38125	strict
1129	78991	strict
1129	78993	strict
1129	80068	strict
1129	80070	strict
1129	80072	strict
1129	80076	strict
1130	37925	equal
1130	37927	strict
1130	79849	strict
1130	79851	strict
1130	79864	strict
1130	79866	strict
1130	79868	strict
1130	79872	strict
1131	37926	equal
1131	79872	strict
1132	37928	equal
1132	37930	strict
1132	79852	strict
1132	79854	strict
1132	79888	strict
1132	79890	strict
1132	79892	strict
1132	79896	strict
1133	37929	equal
1133	79896	strict
1134	37940	equal
1134	37942	strict
1134	38117	strict
1134	38119	strict
1134	79983	strict
1134	79985	strict
1134	79987	strict
1134	79991	strict
1135	37941	equal
1135	79991	strict
1136	37977	equal
1136	37985	strict
1136	79069	strict
1136	79077	strict
1136	79085	strict
1136	79101	strict
1137	37984	equal
1137	79101	strict
1138	37995	equal
1138	79202	strict
1139	37999	equal
1139	38001	strict
1139	79194	strict
1139	79196	strict
1139	79198	strict
1139	79202	strict
1140	38000	equal
1140	79202	strict
1141	38003	equal
1142	38080	equal
1143	38087	equal
1144	38097	equal
1145	38098	equal
1146	38112	equal
1146	80076	strict
1147	38114	equal
1148	38117	equal
1148	38119	strict
1148	79983	strict
1148	79985	strict
1148	79987	strict
1148	79991	strict
1149	38118	equal
1149	79991	strict
1150	38123	equal
1150	38125	strict
1150	80068	strict
1150	80070	strict
1150	80072	strict
1150	80076	strict
1151	38124	equal
1151	80076	strict
1152	38155	equal
1152	38242	strict
1152	89843	strict
1152	89866	strict
1152	94431	strict
1152	94453	strict
1152	94497	strict
1152	94518	strict
1153	38156	equal
1153	38245	strict
1153	89844	strict
1153	89869	strict
1153	105229	strict
1153	105365	strict
1153	106379	strict
1153	106484	strict
1154	38160	equal
1154	38266	strict
1154	39519	strict
1154	39592	strict
1154	98920	strict
1154	99269	strict
1154	101249	strict
1154	101366	strict
1155	38220	equal
1155	94518	strict
1156	38221	equal
1156	106484	strict
1157	38254	equal
1157	101366	strict
1158	38281	equal
1158	38365	strict
1158	38367	strict
1158	145406	strict
1158	145407	strict
1158	145534	strict
1158	145535	strict
1158	145540	strict
1158	145542	strict
1159	38283	equal
1159	38461	strict
1159	38463	strict
1159	145409	strict
1159	145410	strict
1159	145730	strict
1159	145731	strict
1159	145736	strict
1159	145738	strict
1160	38320	equal
1160	38322	strict
1160	38455	strict
1160	38457	strict
1160	145701	strict
1160	145702	strict
1160	145707	strict
1160	145709	strict
1161	38321	equal
1161	145709	strict
1162	38343	equal
1162	38351	strict
1162	145466	strict
1162	145467	strict
1162	145493	strict
1162	145495	strict
1163	38350	equal
1163	145495	strict
1164	38361	equal
1164	145542	strict
1165	38365	equal
1165	38367	strict
1165	145534	strict
1165	145535	strict
1165	145540	strict
1165	145542	strict
1166	38366	equal
1166	145542	strict
1167	38369	equal
1168	38418	equal
1169	38425	equal
1170	38435	equal
1171	38436	equal
1172	38450	equal
1172	145738	strict
1173	38452	equal
1174	38455	equal
1174	38457	strict
1174	145701	strict
1174	145702	strict
1174	145707	strict
1174	145709	strict
1175	38456	equal
1175	145709	strict
1176	38461	equal
1176	38463	strict
1176	145730	strict
1176	145731	strict
1176	145736	strict
1176	145738	strict
1177	38462	equal
1177	145738	strict
1178	38482	equal
1178	38516	strict
1178	39812	strict
1178	39885	strict
1178	69438	strict
1178	69439	strict
1178	69557	strict
1178	69559	strict
1179	38504	equal
1179	69559	strict
1180	39382	equal
1180	39458	strict
1180	39465	strict
1180	98193	strict
1180	98503	strict
1180	98553	strict
1180	100960	strict
1180	101107	strict
1180	101127	strict
1181	39383	equal
1181	39520	strict
1181	39599	strict
1181	98194	strict
1181	98921	strict
1181	99319	strict
1181	100962	strict
1181	101252	strict
1181	101388	strict
1182	39431	equal
1183	39435	equal
1183	39449	strict
1183	98450	strict
1183	98502	strict
1183	101064	strict
1183	101102	strict
1184	39446	equal
1184	101102	strict
1185	39458	equal
1185	39465	strict
1185	98503	strict
1185	98553	strict
1185	101107	strict
1185	101127	strict
1186	39461	equal
1186	101127	strict
1187	39462	equal
1187	101127	strict
1188	39471	equal
1189	39483	equal
1190	39494	equal
1191	39501	equal
1192	39519	equal
1192	39592	strict
1192	98920	strict
1192	99269	strict
1192	101249	strict
1192	101366	strict
1193	39520	equal
1193	39599	strict
1193	98921	strict
1193	99319	strict
1193	101252	strict
1193	101388	strict
1194	39585	equal
1195	39589	equal
1195	101366	strict
1196	39595	equal
1196	101388	strict
1197	39596	equal
1197	101388	strict
1198	39675	equal
1198	39751	strict
1198	39758	strict
1198	69214	strict
1198	69216	strict
1198	69354	strict
1198	69355	strict
1198	69387	strict
1198	69389	strict
1199	39676	equal
1199	39813	strict
1199	39892	strict
1199	69215	strict
1199	69217	strict
1199	69440	strict
1199	69441	strict
1199	69604	strict
1199	69606	strict
1200	39724	equal
1201	39728	equal
1201	39742	strict
1201	69252	strict
1201	69253	strict
1201	69338	strict
1201	69340	strict
1202	39739	equal
1202	69340	strict
1203	39751	equal
1203	39758	strict
1203	69354	strict
1203	69355	strict
1203	69387	strict
1203	69389	strict
1204	39754	equal
1204	69389	strict
1205	39755	equal
1205	69389	strict
1206	39764	equal
1207	39776	equal
1208	39787	equal
1209	39794	equal
1210	39812	equal
1210	39885	strict
1210	69438	strict
1210	69439	strict
1210	69557	strict
1210	69559	strict
1211	39813	equal
1211	39892	strict
1211	69440	strict
1211	69441	strict
1211	69604	strict
1211	69606	strict
1212	39878	equal
1213	39882	equal
1213	69559	strict
1214	39888	equal
1214	69606	strict
1215	39889	equal
1215	69606	strict
1216	40189	equal
1216	40191	strict
1216	156879	strict
1216	156881	strict
1216	157044	strict
1216	157046	strict
1216	157048	strict
1216	157052	strict
1217	40190	equal
1217	157052	strict
1218	40201	equal
1218	40203	strict
1218	156884	strict
1218	156886	strict
1218	157092	strict
1218	157093	strict
1218	157098	strict
1218	157100	strict
1219	40202	equal
1219	157100	strict
1220	40215	equal
1220	40270	strict
1220	66882	strict
1220	66907	strict
1220	70933	strict
1220	70936	strict
1220	71017	strict
1220	71043	strict
1221	40218	equal
1221	40288	strict
1221	66883	strict
1221	66914	strict
1221	73374	strict
1221	73375	strict
1221	73630	strict
1221	73632	strict
1222	40258	equal
1222	71043	strict
1223	40276	equal
1223	73632	strict
1224	40397	equal
1224	40593	strict
1224	40595	strict
1224	83397	strict
1224	83399	strict
1224	83574	strict
1224	83576	strict
1224	83578	strict
1224	83582	strict
1225	40399	equal
1225	40703	strict
1225	40705	strict
1225	83412	strict
1225	83414	strict
1225	84274	strict
1225	84276	strict
1225	84278	strict
1225	84282	strict
1226	40532	equal
1226	40534	strict
1226	84151	strict
1226	84153	strict
1226	84163	strict
1226	84165	strict
1226	84167	strict
1226	84171	strict
1227	40533	equal
1227	84171	strict
1228	40535	equal
1228	40537	strict
1228	84154	strict
1228	84156	strict
1228	84184	strict
1228	84186	strict
1228	84188	strict
1228	84192	strict
1229	40536	equal
1229	84192	strict
1230	40541	equal
1230	40543	strict
1230	40697	strict
1230	40699	strict
1230	84207	strict
1230	84209	strict
1230	84211	strict
1230	84215	strict
1231	40542	equal
1231	84215	strict
1232	40571	equal
1232	40579	strict
1232	83448	strict
1232	83456	strict
1232	83464	strict
1232	83480	strict
1233	40575	equal
1233	83480	strict
1234	40589	equal
1234	83582	strict
1235	40593	equal
1235	40595	strict
1235	83574	strict
1235	83576	strict
1235	83578	strict
1235	83582	strict
1236	40594	equal
1236	83582	strict
1237	40597	equal
1238	40665	equal
1239	40669	equal
1240	40678	equal
1240	84282	strict
1241	40683	equal
1242	40694	equal
1243	40695	equal
1244	40697	equal
1244	40699	strict
1244	84207	strict
1244	84209	strict
1244	84211	strict
1244	84215	strict
1245	40698	equal
1245	84215	strict
1246	40703	equal
1246	40705	strict
1246	84274	strict
1246	84276	strict
1246	84278	strict
1246	84282	strict
1247	40704	equal
1247	84282	strict
1248	40723	equal
1248	40831	strict
1248	95735	strict
1248	95758	strict
1248	104035	strict
1248	104038	strict
1248	104087	strict
1248	104103	strict
1249	40724	equal
1249	40834	strict
1249	95736	strict
1249	95761	strict
1249	101133	strict
1249	101292	strict
1249	106410	strict
1249	106572	strict
1250	40728	equal
1250	40846	strict
1250	40980	strict
1250	41176	strict
1250	98572	strict
1250	99516	strict
1250	105381	strict
1250	105560	strict
1251	40802	equal
1251	104103	strict
1252	40803	equal
1252	106572	strict
1253	40804	equal
1253	105560	strict
1254	40945	equal
1254	41048	strict
1254	41052	strict
1254	98562	strict
1254	98911	strict
1254	98916	strict
1254	105159	strict
1254	105475	strict
1254	105490	strict
1255	40946	equal
1255	40981	strict
1255	41179	strict
1255	98563	strict
1255	98573	strict
1255	99521	strict
1255	105161	strict
1255	105383	strict
1255	105577	strict
1256	40960	equal
1257	40966	equal
1258	40980	equal
1258	41176	strict
1258	98572	strict
1258	99516	strict
1258	105381	strict
1258	105560	strict
1259	40981	equal
1259	41179	strict
1259	98573	strict
1259	99521	strict
1259	105383	strict
1259	105577	strict
1260	41024	equal
1260	41036	strict
1260	98855	strict
1260	98865	strict
1260	105437	strict
1260	105465	strict
1261	41028	equal
1261	105465	strict
1262	41047	equal
1262	105490	strict
1263	41048	equal
1263	41052	strict
1263	98911	strict
1263	98916	strict
1263	105475	strict
1263	105490	strict
1264	41049	equal
1264	105490	strict
1265	41066	equal
1266	41070	equal
1267	41081	equal
1268	41122	equal
1269	41126	equal
1269	105577	strict
1270	41129	equal
1270	105560	strict
1271	41130	equal
1271	105577	strict
1272	41220	equal
1272	41294	strict
1272	41296	strict
1272	176524	strict
1272	176525	strict
1272	176625	strict
1272	176629	strict
1272	176631	strict
1272	176633	strict
1273	41222	equal
1273	41380	strict
1273	41382	strict
1273	176527	strict
1273	176528	strict
1273	176789	strict
1273	176790	strict
1273	176795	strict
1273	176797	strict
1274	41254	equal
1274	41256	strict
1274	41374	strict
1274	41376	strict
1274	176762	strict
1274	176763	strict
1274	176768	strict
1274	176770	strict
1275	41255	equal
1275	176770	strict
1276	41272	equal
1276	41280	strict
1276	176559	strict
1276	176579	strict
1276	176589	strict
1276	176591	strict
1277	41276	equal
1277	176591	strict
1278	41290	equal
1278	176633	strict
1279	41294	equal
1279	41296	strict
1279	176625	strict
1279	176629	strict
1279	176631	strict
1279	176633	strict
1280	41295	equal
1280	176633	strict
1281	41298	equal
1282	41342	equal
1283	41346	equal
1284	41355	equal
1284	176797	strict
1285	41360	equal
1286	41371	equal
1287	41372	equal
1288	41374	equal
1288	41376	strict
1288	176762	strict
1288	176763	strict
1288	176768	strict
1288	176770	strict
1289	41375	equal
1289	176770	strict
1290	41380	equal
1290	41382	strict
1290	176789	strict
1290	176790	strict
1290	176795	strict
1290	176797	strict
1291	41381	equal
1291	176797	strict
1292	41389	equal
1292	41435	strict
1292	41585	strict
1292	41781	strict
1292	72008	strict
1292	72010	strict
1292	72388	strict
1292	72390	strict
1293	41423	equal
1293	72390	strict
1294	41550	equal
1294	41653	strict
1294	41657	strict
1294	71988	strict
1294	71990	strict
1294	72157	strict
1294	72161	strict
1294	72173	strict
1294	72175	strict
1295	41551	equal
1295	41586	strict
1295	41784	strict
1295	71989	strict
1295	71991	strict
1295	72009	strict
1295	72011	strict
1295	72413	strict
1295	72415	strict
1296	41565	equal
1297	41571	equal
1298	41585	equal
1298	41781	strict
1298	72008	strict
1298	72010	strict
1298	72388	strict
1298	72390	strict
1299	41586	equal
1299	41784	strict
1299	72009	strict
1299	72011	strict
1299	72413	strict
1299	72415	strict
1300	41629	equal
1300	41641	strict
1300	72069	strict
1300	72089	strict
1300	72126	strict
1300	72128	strict
1301	41633	equal
1301	72128	strict
1302	41652	equal
1302	72175	strict
1303	41653	equal
1303	41657	strict
1303	72157	strict
1303	72161	strict
1303	72173	strict
1303	72175	strict
1304	41654	equal
1304	72175	strict
1305	41671	equal
1306	41675	equal
1307	41686	equal
1308	41727	equal
1309	41731	equal
1309	72415	strict
1310	41734	equal
1310	72390	strict
1311	41735	equal
1311	72415	strict
1312	41893	equal
1312	41895	strict
1312	180850	strict
1312	180852	strict
1312	180992	strict
1312	180994	strict
1312	180996	strict
1312	181000	strict
1313	41894	equal
1313	181000	strict
1314	41899	equal
1314	41901	strict
1314	180853	strict
1314	180855	strict
1314	181021	strict
1314	181022	strict
1314	181027	strict
1314	181029	strict
1315	41900	equal
1315	181029	strict
1316	41913	equal
1316	41977	strict
1316	71857	strict
1316	71886	strict
1316	72902	strict
1316	72904	strict
1316	72990	strict
1316	73012	strict
1317	41916	equal
1317	41986	strict
1317	71858	strict
1317	71889	strict
1317	73366	strict
1317	73367	strict
1317	73708	strict
1317	73710	strict
1318	41958	equal
1318	73012	strict
1319	41959	equal
1319	73710	strict
1320	42151	equal
1320	48217	strict
1321	42152	equal
1322	42155	equal
1322	43867	strict
1323	42156	equal
1324	42161	equal
1324	42221	strict
1324	48196	strict
1324	48213	strict
1324	48214	strict
1324	48217	strict
1325	42162	equal
1325	48217	strict
1326	42163	equal
1326	42224	strict
1326	43263	strict
1326	43863	strict
1326	43865	strict
1326	43867	strict
1327	42164	equal
1327	43867	strict
1328	42167	equal
1328	42229	strict
1328	48542	strict
1328	48559	strict
1328	48560	strict
1328	48563	strict
1329	42168	equal
1329	48563	strict
1330	42171	equal
1330	42232	strict
1330	43291	strict
1330	43923	strict
1330	43925	strict
1330	43927	strict
1331	42172	equal
1331	43927	strict
1332	42380	equal
1332	42452	strict
1332	47928	strict
1332	47988	strict
1332	47990	strict
1332	47992	strict
1333	42381	equal
1333	47992	strict
1334	42382	equal
1334	42453	strict
1334	43351	strict
1334	43994	strict
1334	43996	strict
1334	43998	strict
1335	42383	equal
1335	43998	strict
1336	42388	equal
1336	48338	strict
1337	42389	equal
1337	44067	strict
1338	42390	equal
1339	42391	equal
1340	42392	equal
1340	42458	strict
1340	48274	strict
1340	48334	strict
1340	48336	strict
1340	48338	strict
1341	42393	equal
1341	48338	strict
1342	42394	equal
1342	42459	strict
1342	43407	strict
1342	44063	strict
1342	44065	strict
1342	44067	strict
1343	42395	equal
1343	44067	strict
1344	43119	equal
1345	43120	equal
1346	43121	equal
1347	43122	equal
1348	43147	equal
1349	43148	equal
1350	43149	equal
1351	43150	equal
1352	43171	equal
1352	43191	strict
1352	43248	strict
1352	43795	strict
1352	43797	strict
1352	43805	strict
1352	43807	strict
1352	43808	strict
1353	43172	equal
1353	43808	strict
1354	43173	equal
1355	43174	equal
1356	43191	equal
1356	43248	strict
1356	43797	strict
1356	43805	strict
1356	43807	strict
1356	43808	strict
1357	43192	equal
1357	43808	strict
1358	43193	equal
1359	43194	equal
1360	43201	equal
1360	43211	strict
1360	43259	strict
1360	43264	strict
1360	43831	strict
1360	43856	strict
1360	43864	strict
1360	43866	strict
1360	43867	strict
1361	43202	equal
1362	43205	equal
1363	43206	equal
1364	43211	equal
1364	43264	strict
1364	43856	strict
1364	43864	strict
1364	43866	strict
1364	43867	strict
1365	43212	equal
1365	43867	strict
1366	43213	equal
1367	43214	equal
1368	43247	equal
1368	43804	strict
1368	43806	strict
1368	43808	strict
1369	43248	equal
1369	43805	strict
1369	43807	strict
1369	43808	strict
1370	43249	equal
1370	43808	strict
1371	43250	equal
1371	43808	strict
1372	43259	equal
1372	43264	strict
1372	43831	strict
1372	43864	strict
1372	43866	strict
1372	43867	strict
1373	43260	equal
1373	43867	strict
1374	43261	equal
1375	43262	equal
1376	43263	equal
1376	43863	strict
1376	43865	strict
1376	43867	strict
1377	43264	equal
1377	43864	strict
1377	43866	strict
1377	43867	strict
1378	43265	equal
1378	43867	strict
1379	43266	equal
1379	43867	strict
1380	43273	equal
1380	43281	strict
1380	43292	strict
1380	43887	strict
1380	43893	strict
1380	43924	strict
1380	43926	strict
1380	43927	strict
1381	43274	equal
1381	43927	strict
1382	43277	equal
1383	43278	equal
1384	43281	equal
1384	43292	strict
1384	43893	strict
1384	43924	strict
1384	43926	strict
1384	43927	strict
1385	43282	equal
1385	43927	strict
1386	43285	equal
1387	43286	equal
1388	43291	equal
1388	43923	strict
1388	43925	strict
1388	43927	strict
1389	43292	equal
1389	43924	strict
1389	43926	strict
1389	43927	strict
1390	43293	equal
1390	43927	strict
1391	43294	equal
1391	43927	strict
1392	43307	equal
1392	43335	strict
1392	43352	strict
1392	43985	strict
1392	43988	strict
1392	43995	strict
1392	43997	strict
1392	43998	strict
1393	43308	equal
1393	43998	strict
1394	43309	equal
1395	43310	equal
1396	43335	equal
1396	43352	strict
1396	43988	strict
1396	43995	strict
1396	43997	strict
1396	43998	strict
1397	43336	equal
1397	43998	strict
1398	43337	equal
1399	43338	equal
1400	43351	equal
1400	43994	strict
1400	43996	strict
1400	43998	strict
1401	43352	equal
1401	43995	strict
1401	43997	strict
1401	43998	strict
1402	43353	equal
1402	43998	strict
1403	43354	equal
1403	43998	strict
1404	43369	equal
1404	43379	strict
1404	43403	strict
1404	43408	strict
1404	44030	strict
1404	44057	strict
1404	44064	strict
1404	44066	strict
1404	44067	strict
1405	43370	equal
1406	43373	equal
1407	43374	equal
1408	43379	equal
1408	43408	strict
1408	44057	strict
1408	44064	strict
1408	44066	strict
1408	44067	strict
1409	43380	equal
1409	44067	strict
1410	43381	equal
1411	43382	equal
1412	43403	equal
1412	43408	strict
1412	44030	strict
1412	44064	strict
1412	44066	strict
1412	44067	strict
1413	43404	equal
1413	44067	strict
1414	43405	equal
1415	43406	equal
1416	43407	equal
1416	44063	strict
1416	44065	strict
1416	44067	strict
1417	43408	equal
1417	44064	strict
1417	44066	strict
1417	44067	strict
1418	43409	equal
1418	44067	strict
1419	43410	equal
1419	44067	strict
1420	43417	equal
1420	43425	strict
1420	43436	strict
1420	44086	strict
1420	44089	strict
1420	44123	strict
1420	44125	strict
1420	44126	strict
1421	43418	equal
1421	44126	strict
1422	43421	equal
1423	43422	equal
1424	43425	equal
1424	43436	strict
1424	44089	strict
1424	44123	strict
1424	44125	strict
1424	44126	strict
1425	43426	equal
1425	44126	strict
1426	43429	equal
1427	43430	equal
1428	43435	equal
1428	44122	strict
1428	44124	strict
1428	44126	strict
1429	43436	equal
1429	44123	strict
1429	44125	strict
1429	44126	strict
1430	43437	equal
1430	44126	strict
1431	43438	equal
1431	44126	strict
1432	44243	equal
1432	44274	strict
1432	151929	strict
1432	151947	strict
1432	205159	strict
1432	205259	strict
1432	205261	strict
1432	205262	strict
1433	44244	equal
1433	205262	strict
1434	44407	equal
1434	44413	strict
1434	50421	strict
1434	50423	strict
1434	218764	strict
1434	218768	strict
1434	218770	strict
1434	218771	strict
1435	44408	equal
1435	218771	strict
1436	44488	equal
1436	44519	strict
1436	49405	strict
1436	49423	strict
1436	214516	strict
1436	214616	strict
1436	214618	strict
1436	214619	strict
1437	44489	equal
1437	214619	strict
1438	44652	equal
1438	44658	strict
1438	152954	strict
1438	152956	strict
1438	218512	strict
1438	218516	strict
1438	218518	strict
1438	218519	strict
1439	44653	equal
1439	218519	strict
1440	44885	equal
1440	48253	strict
1441	44886	equal
1442	44889	equal
1442	46486	strict
1443	44890	equal
1444	44895	equal
1444	46173	strict
1444	48243	strict
1444	48249	strict
1444	48250	strict
1444	48253	strict
1445	44896	equal
1445	48253	strict
1446	44897	equal
1446	45235	strict
1446	46176	strict
1446	46482	strict
1446	46484	strict
1446	46486	strict
1447	44898	equal
1447	46486	strict
1448	44901	equal
1448	46181	strict
1448	48589	strict
1448	48595	strict
1448	48596	strict
1448	48599	strict
1449	44902	equal
1449	48599	strict
1450	44905	equal
1450	45263	strict
1450	46184	strict
1450	46542	strict
1450	46544	strict
1450	46546	strict
1451	44906	equal
1451	46546	strict
1452	44963	equal
1452	46239	strict
1452	48099	strict
1452	48130	strict
1452	48132	strict
1452	48134	strict
1453	44964	equal
1453	48134	strict
1454	44965	equal
1454	45299	strict
1454	46240	strict
1454	46608	strict
1454	46610	strict
1454	46612	strict
1455	44966	equal
1455	46612	strict
1456	44971	equal
1456	48480	strict
1457	44972	equal
1457	46708	strict
1458	44973	equal
1459	44974	equal
1460	44975	equal
1460	46245	strict
1460	48445	strict
1460	48476	strict
1460	48478	strict
1460	48480	strict
1461	44976	equal
1461	48480	strict
1462	44977	equal
1462	45375	strict
1462	46246	strict
1462	46704	strict
1462	46706	strict
1462	46708	strict
1463	44978	equal
1463	46708	strict
1464	45067	equal
1465	45068	equal
1466	45069	equal
1467	45070	equal
1468	45091	equal
1468	45135	strict
1468	45217	strict
1468	45236	strict
1468	46402	strict
1468	46475	strict
1468	46483	strict
1468	46485	strict
1468	46486	strict
1469	45092	equal
1470	45101	equal
1471	45102	equal
1472	45119	equal
1472	45127	strict
1472	45232	strict
1472	46441	strict
1472	46443	strict
1472	46451	strict
1472	46453	strict
1472	46454	strict
1473	45120	equal
1473	46454	strict
1474	45121	equal
1475	45122	equal
1476	45127	equal
1476	45232	strict
1476	46443	strict
1476	46451	strict
1476	46453	strict
1476	46454	strict
1477	45128	equal
1477	46454	strict
1478	45129	equal
1479	45130	equal
1480	45135	equal
1480	45236	strict
1480	46475	strict
1480	46483	strict
1480	46485	strict
1480	46486	strict
1481	45136	equal
1481	46486	strict
1482	45137	equal
1483	45138	equal
1484	45163	equal
1484	45295	strict
1484	45300	strict
1484	46599	strict
1484	46602	strict
1484	46609	strict
1484	46611	strict
1484	46612	strict
1485	45164	equal
1485	46612	strict
1486	45165	equal
1487	45166	equal
1488	45195	equal
1489	45196	equal
1490	45197	equal
1491	45198	equal
1492	45217	equal
1492	45236	strict
1492	46402	strict
1492	46483	strict
1492	46485	strict
1492	46486	strict
1493	45218	equal
1493	46486	strict
1494	45225	equal
1495	45226	equal
1496	45231	equal
1496	46450	strict
1496	46452	strict
1496	46454	strict
1497	45232	equal
1497	46451	strict
1497	46453	strict
1497	46454	strict
1498	45233	equal
1498	46454	strict
1499	45234	equal
1499	46454	strict
1500	45235	equal
1500	46482	strict
1500	46484	strict
1500	46486	strict
1501	45236	equal
1501	46483	strict
1501	46485	strict
1501	46486	strict
1502	45237	equal
1502	46486	strict
1503	45238	equal
1503	46486	strict
1504	45245	equal
1504	45253	strict
1504	45264	strict
1504	46505	strict
1504	46511	strict
1504	46543	strict
1504	46545	strict
1504	46546	strict
1505	45246	equal
1505	46546	strict
1506	45249	equal
1507	45250	equal
1508	45253	equal
1508	45264	strict
1508	46511	strict
1508	46543	strict
1508	46545	strict
1508	46546	strict
1509	45254	equal
1509	46546	strict
1510	45257	equal
1511	45258	equal
1512	45263	equal
1512	46542	strict
1512	46544	strict
1512	46546	strict
1513	45264	equal
1513	46543	strict
1513	46545	strict
1513	46546	strict
1514	45265	equal
1514	46546	strict
1515	45266	equal
1515	46546	strict
1516	45295	equal
1516	45300	strict
1516	46602	strict
1516	46609	strict
1516	46611	strict
1516	46612	strict
1517	45296	equal
1517	46612	strict
1518	45297	equal
1519	45298	equal
1520	45299	equal
1520	46608	strict
1520	46610	strict
1520	46612	strict
1521	45300	equal
1521	46609	strict
1521	46611	strict
1521	46612	strict
1522	45301	equal
1522	46612	strict
1523	45302	equal
1523	46612	strict
1524	45311	equal
1524	45343	strict
1524	45384	strict
1524	46648	strict
1524	46659	strict
1524	46737	strict
1524	46739	strict
1524	46740	strict
1525	45312	equal
1525	46740	strict
1526	45321	equal
1527	45322	equal
1528	45335	equal
1528	45339	strict
1528	45367	strict
1528	45376	strict
1528	46657	strict
1528	46698	strict
1528	46705	strict
1528	46707	strict
1528	46708	strict
1529	45336	equal
1530	45339	equal
1530	45376	strict
1530	46657	strict
1530	46705	strict
1530	46707	strict
1530	46708	strict
1531	45340	equal
1531	46708	strict
1532	45343	equal
1532	45384	strict
1532	46659	strict
1532	46737	strict
1532	46739	strict
1532	46740	strict
1533	45344	equal
1533	46740	strict
1534	45349	equal
1535	45350	equal
1536	45353	equal
1537	45354	equal
1538	45357	equal
1539	45358	equal
1540	45367	equal
1540	45376	strict
1540	46698	strict
1540	46705	strict
1540	46707	strict
1540	46708	strict
1541	45368	equal
1541	46708	strict
1542	45369	equal
1543	45370	equal
1544	45375	equal
1544	46704	strict
1544	46706	strict
1544	46708	strict
1545	45376	equal
1545	46705	strict
1545	46707	strict
1545	46708	strict
1546	45377	equal
1546	46708	strict
1547	45378	equal
1547	46708	strict
1548	45383	equal
1548	46736	strict
1548	46738	strict
1548	46740	strict
1549	45384	equal
1549	46737	strict
1549	46739	strict
1549	46740	strict
1550	45385	equal
1550	46740	strict
1551	45386	equal
1551	46740	strict
1552	45665	equal
1552	45709	strict
1552	48100	strict
1552	48122	strict
1552	48128	strict
1552	48131	strict
1552	48133	strict
1552	48134	strict
1553	45666	equal
1553	48134	strict
1554	45667	equal
1555	45668	equal
1556	45673	equal
1556	45713	strict
1556	48237	strict
1556	48238	strict
1556	48246	strict
1556	48247	strict
1556	48251	strict
1556	48252	strict
1556	48253	strict
1557	45674	equal
1558	45675	equal
1559	45676	equal
1560	45709	equal
1560	48100	strict
1560	48128	strict
1560	48131	strict
1560	48133	strict
1560	48134	strict
1561	45710	equal
1561	48134	strict
1562	45711	equal
1563	45712	equal
1564	45713	equal
1564	48246	strict
1564	48247	strict
1564	48251	strict
1564	48252	strict
1564	48253	strict
1565	45714	equal
1565	48253	strict
1566	45715	equal
1567	45716	equal
1568	45727	equal
1568	45745	strict
1568	48394	strict
1568	48397	strict
1568	48446	strict
1568	48474	strict
1568	48477	strict
1568	48479	strict
1568	48480	strict
1569	45728	equal
1570	45731	equal
1570	45753	strict
1570	48403	strict
1570	48592	strict
1570	48593	strict
1570	48597	strict
1570	48598	strict
1570	48599	strict
1571	45732	equal
1571	48599	strict
1572	45735	equal
1573	45736	equal
1574	45739	equal
1575	45740	equal
1576	45745	equal
1576	48446	strict
1576	48474	strict
1576	48477	strict
1576	48479	strict
1576	48480	strict
1577	45746	equal
1577	48480	strict
1578	45747	equal
1579	45748	equal
1580	45753	equal
1580	48592	strict
1580	48593	strict
1580	48597	strict
1580	48598	strict
1580	48599	strict
1581	45754	equal
1581	48599	strict
1582	45755	equal
1583	45756	equal
1584	45963	equal
1585	45964	equal
1586	46118	equal
1587	46119	equal
1588	46857	equal
1588	46888	strict
1588	179933	strict
1588	179951	strict
1588	208733	strict
1588	208833	strict
1588	208835	strict
1588	208836	strict
1589	46858	equal
1589	208836	strict
1590	47023	equal
1590	47029	strict
1590	50411	strict
1590	50414	strict
1590	218714	strict
1590	218723	strict
1590	218725	strict
1590	218726	strict
1591	47024	equal
1591	218726	strict
1592	47100	equal
1592	47131	strict
1592	49184	strict
1592	49355	strict
1592	213349	strict
1592	214065	strict
1592	214067	strict
1592	214068	strict
1593	47101	equal
1593	214068	strict
1594	47266	equal
1594	47272	strict
1594	180773	strict
1594	180775	strict
1594	218602	strict
1594	218606	strict
1594	218608	strict
1594	218609	strict
1595	47267	equal
1595	218609	strict
1596	47441	equal
1596	47481	strict
1596	47929	strict
1596	47980	strict
1596	47986	strict
1596	47989	strict
1596	47991	strict
1596	47992	strict
1597	47442	equal
1597	47992	strict
1598	47443	equal
1599	47444	equal
1600	47453	equal
1600	47493	strict
1600	48193	strict
1600	48199	strict
1600	48208	strict
1600	48211	strict
1600	48215	strict
1600	48216	strict
1600	48217	strict
1601	47454	equal
1602	47455	equal
1603	47456	equal
1604	47481	equal
1604	47929	strict
1604	47986	strict
1604	47989	strict
1604	47991	strict
1604	47992	strict
1605	47482	equal
1605	47992	strict
1606	47483	equal
1607	47484	equal
1608	47493	equal
1608	48199	strict
1608	48211	strict
1608	48215	strict
1608	48216	strict
1608	48217	strict
1609	47494	equal
1609	48217	strict
1610	47495	equal
1611	47496	equal
1612	47503	equal
1612	47513	strict
1612	48270	strict
1612	48275	strict
1612	48302	strict
1612	48332	strict
1612	48335	strict
1612	48337	strict
1612	48338	strict
1613	47504	equal
1614	47507	equal
1615	47508	equal
1616	47513	equal
1616	48275	strict
1616	48332	strict
1616	48335	strict
1616	48337	strict
1616	48338	strict
1617	47514	equal
1617	48338	strict
1618	47515	equal
1619	47516	equal
1620	47523	equal
1620	47533	strict
1620	48497	strict
1620	48545	strict
1620	48557	strict
1620	48561	strict
1620	48562	strict
1620	48563	strict
1621	47524	equal
1621	48563	strict
1622	47527	equal
1623	47528	equal
1624	47533	equal
1624	48545	strict
1624	48557	strict
1624	48561	strict
1624	48562	strict
1624	48563	strict
1625	47534	equal
1625	48563	strict
1626	47535	equal
1627	47536	equal
1628	47667	equal
1629	47668	equal
1630	47742	equal
1631	47743	equal
1632	47928	equal
1632	47988	strict
1632	47990	strict
1632	47992	strict
1633	47929	equal
1633	47989	strict
1633	47991	strict
1633	47992	strict
1634	47930	equal
1634	47992	strict
1635	47931	equal
1635	47992	strict
1636	48099	equal
1636	48130	strict
1636	48132	strict
1636	48134	strict
1637	48100	equal
1637	48131	strict
1637	48133	strict
1637	48134	strict
1638	48101	equal
1638	48134	strict
1639	48102	equal
1639	48134	strict
1640	48192	equal
1640	48217	strict
1641	48193	equal
1641	48199	strict
1641	48208	strict
1641	48215	strict
1641	48216	strict
1641	48217	strict
1642	48194	equal
1643	48195	equal
1644	48196	equal
1644	48213	strict
1644	48214	strict
1644	48217	strict
1645	48197	equal
1645	48217	strict
1646	48198	equal
1646	48217	strict
1647	48199	equal
1647	48215	strict
1647	48216	strict
1647	48217	strict
1648	48236	equal
1648	48253	strict
1649	48237	equal
1649	48238	strict
1649	48246	strict
1649	48251	strict
1649	48252	strict
1649	48253	strict
1650	48239	equal
1651	48240	equal
1652	48243	equal
1652	48249	strict
1652	48250	strict
1652	48253	strict
1653	48244	equal
1653	48253	strict
1654	48245	equal
1654	48253	strict
1655	48246	equal
1655	48251	strict
1655	48252	strict
1655	48253	strict
1656	48270	equal
1656	48275	strict
1656	48302	strict
1656	48335	strict
1656	48337	strict
1656	48338	strict
1657	48271	equal
1657	48338	strict
1658	48272	equal
1659	48273	equal
1660	48274	equal
1660	48334	strict
1660	48336	strict
1660	48338	strict
1661	48275	equal
1661	48335	strict
1661	48337	strict
1661	48338	strict
1662	48276	equal
1662	48338	strict
1663	48277	equal
1663	48338	strict
1664	48394	equal
1664	48397	strict
1664	48446	strict
1664	48477	strict
1664	48479	strict
1664	48480	strict
1665	48395	equal
1665	48480	strict
1666	48404	equal
1667	48405	equal
1668	48445	equal
1668	48476	strict
1668	48478	strict
1668	48480	strict
1669	48446	equal
1669	48477	strict
1669	48479	strict
1669	48480	strict
1670	48447	equal
1670	48480	strict
1671	48448	equal
1671	48480	strict
1672	48542	equal
1672	48559	strict
1672	48560	strict
1672	48563	strict
1673	48543	equal
1673	48563	strict
1674	48544	equal
1674	48563	strict
1675	48545	equal
1675	48561	strict
1675	48562	strict
1675	48563	strict
1676	48589	equal
1676	48595	strict
1676	48596	strict
1676	48599	strict
1677	48590	equal
1677	48599	strict
1678	48591	equal
1678	48599	strict
1679	48592	equal
1679	48597	strict
1679	48598	strict
1679	48599	strict
1680	48773	equal
1680	48781	strict
1680	48792	strict
1680	48863	strict
1680	48872	strict
1680	48903	strict
1680	48905	strict
1680	48906	strict
1681	48774	equal
1681	48906	strict
1682	48777	equal
1683	48778	equal
1684	48781	equal
1684	48792	strict
1684	48872	strict
1684	48903	strict
1684	48905	strict
1684	48906	strict
1685	48782	equal
1685	48906	strict
1686	48785	equal
1687	48786	equal
1688	48791	equal
1688	48902	strict
1688	48904	strict
1688	48906	strict
1689	48792	equal
1689	48903	strict
1689	48905	strict
1689	48906	strict
1690	48793	equal
1690	48906	strict
1691	48794	equal
1691	48906	strict
1692	48957	equal
1692	48976	strict
1692	49386	strict
1692	49393	strict
1692	49826	strict
1692	49868	strict
1692	49870	strict
1692	49871	strict
1693	48958	equal
1693	49871	strict
1694	49121	equal
1694	49127	strict
1694	212740	strict
1694	212742	strict
1694	218874	strict
1694	218877	strict
1694	218878	strict
1694	218879	strict
1695	49122	equal
1695	218879	strict
1696	49164	equal
1696	214330	strict
1697	49165	equal
1697	214036	strict
1698	49176	equal
1698	49180	strict
1698	49353	strict
1698	213332	strict
1698	213341	strict
1698	214030	strict
1698	214033	strict
1698	214035	strict
1698	214036	strict
1699	49177	equal
1700	49180	equal
1700	49353	strict
1700	213341	strict
1700	214033	strict
1700	214035	strict
1700	214036	strict
1701	49181	equal
1701	214036	strict
1702	49184	equal
1702	49355	strict
1702	213349	strict
1702	214065	strict
1702	214067	strict
1702	214068	strict
1703	49185	equal
1703	214068	strict
1704	49222	equal
1704	49369	strict
1704	49373	strict
1704	213380	strict
1704	214282	strict
1704	214324	strict
1704	214327	strict
1704	214329	strict
1704	214330	strict
1705	49223	equal
1706	49226	equal
1706	49377	strict
1706	213388	strict
1706	214411	strict
1706	214416	strict
1706	214419	strict
1706	214420	strict
1706	214421	strict
1707	49227	equal
1707	214421	strict
1708	49270	equal
1709	49271	equal
1710	49369	equal
1710	49373	strict
1710	214282	strict
1710	214327	strict
1710	214329	strict
1710	214330	strict
1711	49370	equal
1711	214330	strict
1712	49386	equal
1712	49393	strict
1712	49826	strict
1712	49868	strict
1712	49870	strict
1712	49871	strict
1713	49387	equal
1713	49871	strict
1714	49405	equal
1714	49423	strict
1714	214516	strict
1714	214616	strict
1714	214618	strict
1714	214619	strict
1715	49406	equal
1715	214619	strict
1716	49462	equal
1717	49463	equal
1718	49576	equal
1718	50409	strict
1718	50413	strict
1718	216301	strict
1718	216303	strict
1718	218710	strict
1718	218718	strict
1718	218720	strict
1718	218721	strict
1719	49587	equal
1719	218753	strict
1720	49600	equal
1720	49745	strict
1720	49757	strict
1720	49759	strict
1720	49763	strict
1720	49772	strict
1720	49773	strict
1720	49774	strict
1721	49601	equal
1721	49774	strict
1722	49602	equal
1723	49603	equal
1724	49666	equal
1725	49744	equal
1725	49774	strict
1726	49745	equal
1726	49757	strict
1726	49763	strict
1726	49772	strict
1726	49773	strict
1726	49774	strict
1727	49748	equal
1728	49749	equal
1729	49754	equal
1729	49770	strict
1729	49771	strict
1729	49774	strict
1730	49755	equal
1730	49774	strict
1731	49756	equal
1731	49774	strict
1732	49757	equal
1732	49772	strict
1732	49773	strict
1732	49774	strict
1733	49825	equal
1733	49867	strict
1733	49869	strict
1733	49871	strict
1734	49826	equal
1734	49868	strict
1734	49870	strict
1734	49871	strict
1735	49827	equal
1735	49871	strict
1736	49828	equal
1736	49871	strict
1737	49946	equal
1737	49952	strict
1737	217082	strict
1737	217084	strict
1737	218757	strict
1737	218760	strict
1737	218761	strict
1737	218762	strict
1738	49947	equal
1738	218762	strict
1739	49987	equal
1739	50024	strict
1739	217176	strict
1739	217350	strict
1739	217373	strict
1739	217376	strict
1739	217377	strict
1739	217378	strict
1740	49988	equal
1740	217378	strict
1741	50116	equal
1741	50418	strict
1741	50420	strict
1741	217983	strict
1741	217985	strict
1741	218746	strict
1741	218750	strict
1741	218752	strict
1741	218753	strict
1742	50126	equal
1742	218721	strict
1743	50135	equal
1743	50194	strict
1743	50203	strict
1743	50205	strict
1743	50221	strict
1743	50228	strict
1743	50229	strict
1743	50230	strict
1744	50136	equal
1744	50230	strict
1745	50137	equal
1746	50138	equal
1747	50181	equal
1748	50202	equal
1748	50230	strict
1749	50203	equal
1749	50205	strict
1749	50221	strict
1749	50228	strict
1749	50229	strict
1749	50230	strict
1750	50210	equal
1751	50211	equal
1752	50218	equal
1752	50226	strict
1752	50227	strict
1752	50230	strict
1753	50219	equal
1753	50230	strict
1754	50220	equal
1754	50230	strict
1755	50221	equal
1755	50228	strict
1755	50229	strict
1755	50230	strict
1756	50409	equal
1756	50413	strict
1756	218710	strict
1756	218718	strict
1756	218720	strict
1756	218721	strict
1757	50410	equal
1757	218721	strict
1758	50411	equal
1758	50414	strict
1758	218714	strict
1758	218723	strict
1758	218725	strict
1758	218726	strict
1759	50412	equal
1759	218726	strict
1760	50418	equal
1760	50420	strict
1760	218746	strict
1760	218750	strict
1760	218752	strict
1760	218753	strict
1761	50419	equal
1761	218753	strict
1762	50421	equal
1762	50423	strict
1762	218764	strict
1762	218768	strict
1762	218770	strict
1762	218771	strict
1763	50422	equal
1763	218771	strict
1764	51264	equal
1764	51266	strict
1764	58728	strict
1764	58730	strict
1764	58828	strict
1764	58830	strict
1764	58832	strict
1764	58836	strict
1765	51265	equal
1765	58836	strict
1766	51354	equal
1766	51356	strict
1766	58746	strict
1766	58748	strict
1766	58990	strict
1766	58991	strict
1766	58996	strict
1766	58998	strict
1767	51355	equal
1767	58998	strict
1768	51671	equal
1768	51686	strict
1768	60741	strict
1768	60749	strict
1768	120055	strict
1768	120063	strict
1768	120071	strict
1768	120087	strict
1769	51684	equal
1769	120087	strict
1770	51840	equal
1770	51855	strict
1770	60759	strict
1770	60767	strict
1770	120202	strict
1770	120203	strict
1770	120229	strict
1770	120231	strict
1771	51853	equal
1771	120231	strict
1772	52393	equal
1772	60781	strict
1772	60783	strict
1772	117607	strict
1772	117609	strict
1772	120359	strict
1772	120361	strict
1772	120363	strict
1772	120367	strict
1773	52395	equal
1773	61193	strict
1773	61195	strict
1773	117622	strict
1773	117624	strict
1773	127465	strict
1773	127467	strict
1773	127469	strict
1773	127483	strict
1774	52397	equal
1774	60797	strict
1774	60799	strict
1774	117651	strict
1774	117652	strict
1774	120559	strict
1774	120560	strict
1774	120565	strict
1774	120567	strict
1775	52399	equal
1775	61245	strict
1775	61247	strict
1775	117654	strict
1775	117655	strict
1775	128006	strict
1775	128007	strict
1775	128018	strict
1775	128020	strict
1776	52593	equal
1776	56977	strict
1776	56984	strict
1776	89900	strict
1776	89906	strict
1776	94527	strict
1776	94577	strict
1776	94589	strict
1776	94608	strict
1777	52594	equal
1777	64786	strict
1777	66106	strict
1777	89901	strict
1777	89908	strict
1777	105695	strict
1777	105740	strict
1777	106805	strict
1777	107093	strict
1778	52599	equal
1778	56985	strict
1778	56992	strict
1778	147153	strict
1778	147155	strict
1778	160329	strict
1778	160330	strict
1778	160365	strict
1778	160367	strict
1779	52600	equal
1779	64794	strict
1779	66176	strict
1779	147154	strict
1779	147156	strict
1779	184391	strict
1779	184392	strict
1779	198042	strict
1779	198044	strict
1780	52853	equal
1780	52855	strict
1780	65151	strict
1780	65153	strict
1780	65247	strict
1780	65249	strict
1780	65251	strict
1780	65255	strict
1781	52854	equal
1781	65255	strict
1782	52884	equal
1782	52886	strict
1782	65165	strict
1782	65167	strict
1782	65373	strict
1782	65374	strict
1782	65379	strict
1782	65381	strict
1783	52885	equal
1783	65381	strict
1784	52893	equal
1784	52927	strict
1784	56924	strict
1784	56938	strict
1784	94271	strict
1784	94323	strict
1784	94351	strict
1784	94388	strict
1785	52915	equal
1785	94388	strict
1786	52937	equal
1786	52971	strict
1786	56942	strict
1786	56956	strict
1786	159751	strict
1786	159752	strict
1786	159840	strict
1786	159842	strict
1787	52959	equal
1787	159842	strict
1788	54629	equal
1788	54631	strict
1788	59154	strict
1788	59156	strict
1788	59242	strict
1788	59244	strict
1788	59246	strict
1788	59250	strict
1789	54630	equal
1789	59250	strict
1790	54638	equal
1790	54672	strict
1790	92082	strict
1790	92090	strict
1790	92317	strict
1790	92325	strict
1790	92333	strict
1790	92349	strict
1791	54660	equal
1791	92349	strict
1792	55130	equal
1792	56679	strict
1792	99634	strict
1792	99681	strict
1792	99703	strict
1792	101439	strict
1792	101517	strict
1792	101539	strict
1793	55131	equal
1793	56680	strict
1793	99635	strict
1793	99755	strict
1793	99809	strict
1793	101441	strict
1793	101611	strict
1793	101665	strict
1794	55135	equal
1794	56701	strict
1794	64785	strict
1794	66099	strict
1794	105694	strict
1794	105737	strict
1794	106755	strict
1794	107071	strict
1795	55138	equal
1795	56719	strict
1795	64793	strict
1795	66169	strict
1795	184389	strict
1795	184390	strict
1795	197995	strict
1795	197997	strict
1796	55142	equal
1796	56748	strict
1796	156500	strict
1796	157814	strict
1796	165403	strict
1796	165406	strict
1796	166508	strict
1796	166535	strict
1797	55145	equal
1797	56766	strict
1797	156501	strict
1797	157821	strict
1797	184574	strict
1797	184575	strict
1797	198842	strict
1797	198844	strict
1798	55778	equal
1798	55780	strict
1798	60085	strict
1798	60087	strict
1798	65630	strict
1798	65632	strict
1798	65634	strict
1798	65638	strict
1799	55779	equal
1799	65638	strict
1800	55787	equal
1800	55821	strict
1800	93091	strict
1800	93099	strict
1800	157414	strict
1800	157422	strict
1800	157430	strict
1800	157446	strict
1801	55809	equal
1801	157446	strict
1802	56575	equal
1802	56579	strict
1802	127256	strict
1802	127259	strict
1802	127262	strict
1802	127269	strict
1802	127278	strict
1802	127287	strict
1803	56576	equal
1803	56580	strict
1803	127257	strict
1803	127263	strict
1803	127267	strict
1803	127271	strict
1803	127289	strict
1803	127303	strict
1804	56577	equal
1804	127287	strict
1805	56578	equal
1805	127303	strict
1806	56590	equal
1806	56592	strict
1806	61187	strict
1806	61189	strict
1806	127380	strict
1806	127382	strict
1806	127384	strict
1806	127398	strict
1807	56591	equal
1807	127398	strict
1808	56602	equal
1808	56604	strict
1808	61239	strict
1808	61241	strict
1808	127977	strict
1808	127978	strict
1808	127989	strict
1808	127991	strict
1809	56603	equal
1809	127991	strict
1810	56614	equal
1810	56616	strict
1810	118427	strict
1810	118429	strict
1810	128503	strict
1810	128505	strict
1810	128511	strict
1810	128519	strict
1811	56615	equal
1811	128519	strict
1812	56626	equal
1812	56628	strict
1812	118432	strict
1812	118434	strict
1812	128551	strict
1812	128552	strict
1812	128563	strict
1812	128565	strict
1813	56627	equal
1813	128565	strict
1814	56655	equal
1814	101539	strict
1815	56656	equal
1815	101665	strict
1816	56689	equal
1816	107071	strict
1817	56707	equal
1817	197997	strict
1818	56736	equal
1818	166535	strict
1819	56754	equal
1819	198844	strict
1820	56876	equal
1821	56877	equal
1822	56924	equal
1822	56938	strict
1822	94271	strict
1822	94323	strict
1822	94351	strict
1822	94388	strict
1823	56935	equal
1823	94388	strict
1824	56942	equal
1824	56956	strict
1824	159751	strict
1824	159752	strict
1824	159840	strict
1824	159842	strict
1825	56953	equal
1825	159842	strict
1826	56977	equal
1826	56984	strict
1826	94527	strict
1826	94577	strict
1826	94589	strict
1826	94608	strict
1827	56980	equal
1827	94608	strict
1828	56981	equal
1828	94608	strict
1829	56985	equal
1829	56992	strict
1829	160329	strict
1829	160330	strict
1829	160365	strict
1829	160367	strict
1830	56988	equal
1830	160367	strict
1831	56989	equal
1831	160367	strict
1832	57109	equal
1833	57110	equal
1834	57127	equal
1835	57128	equal
1836	57167	equal
1837	57168	equal
1838	57189	equal
1839	57190	equal
1840	57313	equal
1840	57315	strict
1840	58764	strict
1840	58766	strict
1840	58833	strict
1840	58834	strict
1840	58835	strict
1840	58836	strict
1841	57314	equal
1841	58836	strict
1842	57403	equal
1842	57405	strict
1842	58904	strict
1842	58906	strict
1842	58992	strict
1842	58995	strict
1842	58997	strict
1842	58998	strict
1843	57404	equal
1843	58998	strict
1844	57705	equal
1844	63980	strict
1844	63984	strict
1844	95792	strict
1844	95798	strict
1844	104157	strict
1844	104162	strict
1844	104179	strict
1844	104193	strict
1845	57706	equal
1845	60567	strict
1845	66263	strict
1845	95793	strict
1845	95800	strict
1845	101543	strict
1845	101629	strict
1845	107007	strict
1845	107195	strict
1846	57711	equal
1846	63988	strict
1846	63992	strict
1846	162762	strict
1846	162764	strict
1846	182704	strict
1846	182708	strict
1846	182725	strict
1846	182727	strict
1847	57712	equal
1847	60575	strict
1847	66333	strict
1847	162763	strict
1847	162765	strict
1847	166621	strict
1847	166623	strict
1847	198557	strict
1847	198559	strict
1848	58141	equal
1848	58143	strict
1848	59195	strict
1848	59196	strict
1848	59247	strict
1848	59248	strict
1848	59249	strict
1848	59250	strict
1849	58142	equal
1849	59250	strict
1850	58150	equal
1850	58184	strict
1850	96293	strict
1850	96301	strict
1850	96647	strict
1850	96655	strict
1850	96663	strict
1850	96679	strict
1851	58156	equal
1851	96679	strict
1852	58606	equal
1852	63807	strict
1852	99704	strict
1852	99751	strict
1852	99754	strict
1852	105630	strict
1852	105806	strict
1852	105823	strict
1853	58607	equal
1853	63808	strict
1853	99705	strict
1853	99707	strict
1853	99840	strict
1853	105632	strict
1853	105780	strict
1853	105854	strict
1854	58611	equal
1854	60566	strict
1854	63820	strict
1854	66260	strict
1854	101542	strict
1854	101627	strict
1854	107002	strict
1854	107178	strict
1855	58614	equal
1855	60574	strict
1855	63838	strict
1855	66330	strict
1855	166620	strict
1855	166622	strict
1855	198532	strict
1855	198534	strict
1856	58617	equal
1856	63865	strict
1856	163523	strict
1856	165412	strict
1856	165414	strict
1856	181747	strict
1856	184467	strict
1856	184489	strict
1857	58620	equal
1857	63874	strict
1857	163524	strict
1857	166626	strict
1857	166627	strict
1857	181750	strict
1857	198920	strict
1857	198922	strict
1858	58649	equal
1859	58650	equal
1860	58666	equal
1861	58667	equal
1862	58684	equal
1863	58685	equal
1864	58728	equal
1864	58730	strict
1864	58828	strict
1864	58830	strict
1864	58832	strict
1864	58836	strict
1865	58729	equal
1865	58836	strict
1866	58746	equal
1866	58748	strict
1866	58990	strict
1866	58991	strict
1866	58996	strict
1866	58998	strict
1867	58747	equal
1867	58998	strict
1868	58764	equal
1868	58766	strict
1868	58833	strict
1868	58834	strict
1868	58835	strict
1868	58836	strict
1869	58765	equal
1869	58836	strict
1870	58828	equal
1870	58830	strict
1870	58832	strict
1870	58836	strict
1871	58829	equal
1871	58836	strict
1872	58831	equal
1872	58836	strict
1873	58833	equal
1873	58834	strict
1873	58835	strict
1873	58836	strict
1874	58856	equal
1875	58857	equal
1876	58904	equal
1876	58906	strict
1876	58992	strict
1876	58995	strict
1876	58997	strict
1876	58998	strict
1877	58905	equal
1877	58998	strict
1878	58920	equal
1879	58921	equal
1880	58990	equal
1880	58991	strict
1880	58996	strict
1880	58998	strict
1881	58992	equal
1881	58995	strict
1881	58997	strict
1881	58998	strict
1882	58993	equal
1882	58998	strict
1883	58994	equal
1883	58998	strict
1884	59032	equal
1884	59059	strict
1884	59061	strict
1884	59157	strict
1884	59159	strict
1884	59251	strict
1884	59253	strict
1884	59255	strict
1884	59259	strict
1885	59055	equal
1885	59259	strict
1886	59059	equal
1886	59061	strict
1886	59251	strict
1886	59253	strict
1886	59255	strict
1886	59259	strict
1887	59060	equal
1887	59259	strict
1888	59066	equal
1888	59083	strict
1888	59085	strict
1888	59523	strict
1888	59524	strict
1888	59539	strict
1888	59540	strict
1888	59545	strict
1888	59547	strict
1889	59079	equal
1889	59547	strict
1890	59083	equal
1890	59085	strict
1890	59539	strict
1890	59540	strict
1890	59545	strict
1890	59547	strict
1891	59084	equal
1891	59547	strict
1892	59111	equal
1892	59259	strict
1893	59118	equal
1893	59131	strict
1893	59133	strict
1893	59198	strict
1893	59199	strict
1893	59256	strict
1893	59257	strict
1893	59258	strict
1893	59259	strict
1894	59131	equal
1894	59133	strict
1894	59256	strict
1894	59257	strict
1894	59258	strict
1894	59259	strict
1895	59132	equal
1895	59259	strict
1896	59154	equal
1896	59156	strict
1896	59242	strict
1896	59244	strict
1896	59246	strict
1896	59250	strict
1897	59155	equal
1897	59250	strict
1898	59157	equal
1898	59159	strict
1898	59251	strict
1898	59253	strict
1898	59255	strict
1898	59259	strict
1899	59158	equal
1899	59259	strict
1900	59194	equal
1900	59250	strict
1901	59195	equal
1901	59196	strict
1901	59247	strict
1901	59248	strict
1901	59249	strict
1901	59250	strict
1902	59197	equal
1902	59259	strict
1903	59198	equal
1903	59199	strict
1903	59256	strict
1903	59257	strict
1903	59258	strict
1903	59259	strict
1904	59242	equal
1904	59244	strict
1904	59246	strict
1904	59250	strict
1905	59243	equal
1905	59250	strict
1906	59245	equal
1906	59250	strict
1907	59247	equal
1907	59248	strict
1907	59249	strict
1907	59250	strict
1908	59251	equal
1908	59253	strict
1908	59255	strict
1908	59259	strict
1909	59252	equal
1909	59259	strict
1910	59254	equal
1910	59259	strict
1911	59256	equal
1911	59257	strict
1911	59258	strict
1911	59259	strict
1912	59273	equal
1913	59274	equal
1914	59286	equal
1915	59291	equal
1916	59298	equal
1917	59299	equal
1918	59323	equal
1919	59324	equal
1920	59385	equal
1920	59386	strict
1920	59559	strict
1920	59560	strict
1920	59612	strict
1920	59613	strict
1920	59618	strict
1920	59620	strict
1921	59387	equal
1921	59620	strict
1922	59397	equal
1923	59399	equal
1924	59409	equal
1924	59547	strict
1925	59414	equal
1925	59421	strict
1925	59423	strict
1925	59535	strict
1925	59537	strict
1925	59541	strict
1925	59544	strict
1925	59546	strict
1925	59547	strict
1926	59421	equal
1926	59423	strict
1926	59541	strict
1926	59544	strict
1926	59546	strict
1926	59547	strict
1927	59422	equal
1927	59547	strict
1928	59440	equal
1929	59445	equal
1930	59452	equal
1931	59453	equal
1932	59501	equal
1932	59503	strict
1932	59584	strict
1932	59586	strict
1932	59614	strict
1932	59617	strict
1932	59619	strict
1932	59620	strict
1933	59502	equal
1933	59620	strict
1934	59511	equal
1935	59513	equal
1936	59523	equal
1936	59524	strict
1936	59539	strict
1936	59540	strict
1936	59545	strict
1936	59547	strict
1937	59525	equal
1937	59547	strict
1938	59535	equal
1938	59537	strict
1938	59541	strict
1938	59544	strict
1938	59546	strict
1938	59547	strict
1939	59536	equal
1939	59547	strict
1940	59539	equal
1940	59540	strict
1940	59545	strict
1940	59547	strict
1941	59541	equal
1941	59544	strict
1941	59546	strict
1941	59547	strict
1942	59542	equal
1942	59547	strict
1943	59543	equal
1943	59547	strict
1944	59559	equal
1944	59560	strict
1944	59612	strict
1944	59613	strict
1944	59618	strict
1944	59620	strict
1945	59561	equal
1945	59620	strict
1946	59584	equal
1946	59586	strict
1946	59614	strict
1946	59617	strict
1946	59619	strict
1946	59620	strict
1947	59585	equal
1947	59620	strict
1948	59612	equal
1948	59613	strict
1948	59618	strict
1948	59620	strict
1949	59614	equal
1949	59617	strict
1949	59619	strict
1949	59620	strict
1950	59615	equal
1950	59620	strict
1951	59616	equal
1951	59620	strict
1952	59780	equal
1953	59781	equal
1954	59782	equal
1955	59783	equal
1956	60013	equal
1956	60088	strict
1956	60090	strict
1956	65520	strict
1956	65522	strict
1956	65651	strict
1956	65653	strict
1956	65655	strict
1956	65659	strict
1957	60023	equal
1958	60028	equal
1958	60282	strict
1958	60283	strict
1958	65532	strict
1958	65534	strict
1958	65743	strict
1958	65744	strict
1958	65749	strict
1958	65751	strict
1959	60034	equal
1960	60054	equal
1960	65659	strict
1961	60059	equal
1962	60085	equal
1962	60087	strict
1962	65630	strict
1962	65632	strict
1962	65634	strict
1962	65638	strict
1963	60086	equal
1963	65638	strict
1964	60088	equal
1964	60090	strict
1964	65651	strict
1964	65653	strict
1964	65655	strict
1964	65659	strict
1965	60089	equal
1965	65659	strict
1966	60114	equal
1967	60115	equal
1968	60117	equal
1969	60118	equal
1970	60124	equal
1971	60130	equal
1972	60149	equal
1973	60150	equal
1974	60220	equal
1974	60221	strict
1974	60312	strict
1974	60313	strict
1974	65826	strict
1974	65827	strict
1974	65832	strict
1974	65834	strict
1975	60222	equal
1975	65834	strict
1976	60236	equal
1977	60238	equal
1978	60248	equal
1978	65751	strict
1979	60251	equal
1980	60262	equal
1981	60265	equal
1982	60282	equal
1982	60283	strict
1982	65743	strict
1982	65744	strict
1982	65749	strict
1982	65751	strict
1983	60284	equal
1983	65751	strict
1984	60296	equal
1985	60298	equal
1986	60312	equal
1986	60313	strict
1986	65826	strict
1986	65827	strict
1986	65832	strict
1986	65834	strict
1987	60314	equal
1987	65834	strict
1988	60342	equal
1989	60344	equal
1990	60427	equal
1990	60458	strict
1990	100808	strict
1990	100823	strict
1990	214362	strict
1990	214379	strict
1990	214380	strict
1990	214383	strict
1991	60428	equal
1991	214383	strict
1992	60431	equal
1992	60461	strict
1992	100812	strict
1992	100826	strict
1992	195708	strict
1992	195819	strict
1992	195821	strict
1992	195823	strict
1993	60432	equal
1993	195823	strict
1994	60509	equal
1995	60520	equal
1996	60527	equal
1997	60538	equal
1998	60550	equal
1999	60558	equal
2000	60566	equal
2000	66260	strict
2000	101542	strict
2000	101627	strict
2000	107002	strict
2000	107178	strict
2001	60567	equal
2001	66263	strict
2001	101543	strict
2001	101629	strict
2001	107007	strict
2001	107195	strict
2002	60574	equal
2002	66330	strict
2002	166620	strict
2002	166622	strict
2002	198532	strict
2002	198534	strict
2003	60575	equal
2003	66333	strict
2003	166621	strict
2003	166623	strict
2003	198557	strict
2003	198559	strict
2004	60741	equal
2004	60749	strict
2004	120055	strict
2004	120063	strict
2004	120071	strict
2004	120087	strict
2005	60748	equal
2005	120087	strict
2006	60759	equal
2006	60767	strict
2006	120202	strict
2006	120203	strict
2006	120229	strict
2006	120231	strict
2007	60766	equal
2007	120231	strict
2008	60777	equal
2008	120367	strict
2009	60781	equal
2009	60783	strict
2009	120359	strict
2009	120361	strict
2009	120363	strict
2009	120367	strict
2010	60782	equal
2010	120367	strict
2011	60785	equal
2012	60793	equal
2012	120567	strict
2013	60797	equal
2013	60799	strict
2013	120559	strict
2013	120560	strict
2013	120565	strict
2013	120567	strict
2014	60798	equal
2014	120567	strict
2015	60801	equal
2016	61150	equal
2017	61157	equal
2018	61167	equal
2019	61168	equal
2020	61182	equal
2020	127483	strict
2021	61184	equal
2022	61187	equal
2022	61189	strict
2022	127380	strict
2022	127382	strict
2022	127384	strict
2022	127398	strict
2023	61188	equal
2023	127398	strict
2024	61193	equal
2024	61195	strict
2024	127465	strict
2024	127467	strict
2024	127469	strict
2024	127483	strict
2025	61194	equal
2025	127483	strict
2026	61202	equal
2027	61209	equal
2028	61219	equal
2029	61220	equal
2030	61234	equal
2030	128020	strict
2031	61236	equal
2032	61239	equal
2032	61241	strict
2032	127977	strict
2032	127978	strict
2032	127989	strict
2032	127991	strict
2033	61240	equal
2033	127991	strict
2034	61245	equal
2034	61247	strict
2034	128006	strict
2034	128007	strict
2034	128018	strict
2034	128020	strict
2035	61246	equal
2035	128020	strict
2036	61284	equal
2036	61299	strict
2036	64861	strict
2036	64869	strict
2036	130295	strict
2036	130303	strict
2036	130311	strict
2036	130327	strict
2037	61289	equal
2037	130327	strict
2038	61453	equal
2038	61468	strict
2038	64879	strict
2038	64887	strict
2038	130439	strict
2038	130459	strict
2038	130469	strict
2038	130471	strict
2039	61458	equal
2039	130471	strict
2040	62006	equal
2040	64901	strict
2040	64903	strict
2040	129818	strict
2040	129820	strict
2040	130600	strict
2040	130602	strict
2040	130604	strict
2040	130608	strict
2041	62008	equal
2041	65083	strict
2041	65085	strict
2041	129833	strict
2041	129835	strict
2041	132287	strict
2041	132289	strict
2041	132291	strict
2041	132305	strict
2042	62010	equal
2042	64917	strict
2042	64919	strict
2042	129862	strict
2042	129863	strict
2042	130794	strict
2042	130798	strict
2042	130800	strict
2042	130802	strict
2043	62012	equal
2043	65135	strict
2043	65137	strict
2043	129865	strict
2043	129866	strict
2043	133189	strict
2043	133190	strict
2043	133201	strict
2043	133203	strict
2044	62085	equal
2044	62087	strict
2044	65179	strict
2044	65181	strict
2044	65252	strict
2044	65253	strict
2044	65254	strict
2044	65255	strict
2045	62086	equal
2045	65255	strict
2046	62116	equal
2046	62118	strict
2046	65291	strict
2046	65293	strict
2046	65375	strict
2046	65378	strict
2046	65380	strict
2046	65381	strict
2047	62117	equal
2047	65381	strict
2048	62125	equal
2048	62159	strict
2048	63926	strict
2048	63938	strict
2048	103898	strict
2048	103908	strict
2048	103946	strict
2048	103973	strict
2049	62131	equal
2049	103973	strict
2050	62169	equal
2050	62203	strict
2050	63944	strict
2050	63956	strict
2050	182140	strict
2050	182160	strict
2050	182201	strict
2050	182203	strict
2051	62175	equal
2051	182203	strict
2052	62914	equal
2052	62916	strict
2052	64334	strict
2052	64335	strict
2052	65635	strict
2052	65636	strict
2052	65637	strict
2052	65638	strict
2053	62915	equal
2053	65638	strict
2054	62923	equal
2054	62957	strict
2054	103444	strict
2054	103452	strict
2054	181378	strict
2054	181386	strict
2054	181394	strict
2054	181410	strict
2055	62929	equal
2055	181410	strict
2056	63689	equal
2056	63693	strict
2056	132168	strict
2056	132172	strict
2056	132175	strict
2056	132181	strict
2056	132195	strict
2056	132204	strict
2057	63690	equal
2057	63694	strict
2057	132169	strict
2057	132171	strict
2057	132179	strict
2057	132183	strict
2057	132187	strict
2057	132215	strict
2058	63691	equal
2058	132204	strict
2059	63692	equal
2059	132215	strict
2060	63698	equal
2060	63700	strict
2060	65077	strict
2060	65079	strict
2060	132220	strict
2060	132222	strict
2060	132224	strict
2060	132238	strict
2061	63699	equal
2061	132238	strict
2062	63710	equal
2062	63712	strict
2062	65129	strict
2062	65131	strict
2062	133162	strict
2062	133163	strict
2062	133174	strict
2062	133176	strict
2063	63711	equal
2063	133176	strict
2064	63728	equal
2064	63730	strict
2064	130182	strict
2064	130184	strict
2064	133344	strict
2064	133346	strict
2064	133352	strict
2064	133360	strict
2065	63729	equal
2065	133360	strict
2066	63734	equal
2066	63736	strict
2066	130185	strict
2066	130187	strict
2066	133373	strict
2066	133374	strict
2066	133385	strict
2066	133387	strict
2067	63735	equal
2067	133387	strict
2068	63776	equal
2068	105823	strict
2069	63777	equal
2069	105854	strict
2070	63778	equal
2070	107178	strict
2071	63826	equal
2071	198534	strict
2072	63846	equal
2072	184489	strict
2073	63847	equal
2073	198922	strict
2074	63926	equal
2074	63938	strict
2074	103898	strict
2074	103908	strict
2074	103946	strict
2074	103973	strict
2075	63930	equal
2075	103973	strict
2076	63944	equal
2076	63956	strict
2076	182140	strict
2076	182160	strict
2076	182201	strict
2076	182203	strict
2077	63948	equal
2077	182203	strict
2078	63979	equal
2078	104193	strict
2079	63980	equal
2079	63984	strict
2079	104157	strict
2079	104162	strict
2079	104179	strict
2079	104193	strict
2080	63981	equal
2080	104193	strict
2081	63987	equal
2081	182727	strict
2082	63988	equal
2082	63992	strict
2082	182704	strict
2082	182708	strict
2082	182725	strict
2082	182727	strict
2083	63989	equal
2083	182727	strict
2084	64012	equal
2085	64013	equal
2086	64034	equal
2087	64035	equal
2088	64258	equal
2088	65659	strict
2089	64260	equal
2090	64271	equal
2090	65751	strict
2091	64273	equal
2092	64291	equal
2092	64337	strict
2092	64338	strict
2092	65560	strict
2092	65562	strict
2092	65656	strict
2092	65657	strict
2092	65658	strict
2092	65659	strict
2093	64296	equal
2094	64333	equal
2094	65638	strict
2095	64334	equal
2095	64335	strict
2095	65635	strict
2095	65636	strict
2095	65637	strict
2095	65638	strict
2096	64336	equal
2096	65659	strict
2097	64337	equal
2097	64338	strict
2097	65656	strict
2097	65657	strict
2097	65658	strict
2097	65659	strict
2098	64351	equal
2099	64352	equal
2100	64354	equal
2101	64355	equal
2102	64369	equal
2103	64370	equal
2104	64382	equal
2105	64385	equal
2106	64397	equal
2106	64527	strict
2106	64529	strict
2106	65700	strict
2106	65702	strict
2106	65745	strict
2106	65748	strict
2106	65750	strict
2106	65751	strict
2107	64400	equal
2108	64414	equal
2109	64417	equal
2110	64490	equal
2110	64492	strict
2110	64565	strict
2110	64567	strict
2110	65828	strict
2110	65831	strict
2110	65833	strict
2110	65834	strict
2111	64491	equal
2111	65834	strict
2112	64502	equal
2113	64504	equal
2114	64527	equal
2114	64529	strict
2114	65745	strict
2114	65748	strict
2114	65750	strict
2114	65751	strict
2115	64528	equal
2115	65751	strict
2116	64531	equal
2117	64533	equal
2118	64565	equal
2118	64567	strict
2118	65828	strict
2118	65831	strict
2118	65833	strict
2118	65834	strict
2119	64566	equal
2119	65834	strict
2120	64577	equal
2121	64579	equal
2122	64660	equal
2122	64675	strict
2122	104995	strict
2122	105002	strict
2122	217323	strict
2122	217336	strict
2122	217337	strict
2122	217340	strict
2123	64661	equal
2123	217340	strict
2124	64698	equal
2124	64714	strict
2124	105049	strict
2124	105057	strict
2124	196742	strict
2124	196784	strict
2124	196786	strict
2124	196788	strict
2125	64699	equal
2125	196788	strict
2126	64748	equal
2127	64752	equal
2128	64766	equal
2129	64770	equal
2130	64785	equal
2130	66099	strict
2130	105694	strict
2130	105737	strict
2130	106755	strict
2130	107071	strict
2131	64786	equal
2131	66106	strict
2131	105695	strict
2131	105740	strict
2131	106805	strict
2131	107093	strict
2132	64793	equal
2132	66169	strict
2132	184389	strict
2132	184390	strict
2132	197995	strict
2132	197997	strict
2133	64794	equal
2133	66176	strict
2133	184391	strict
2133	184392	strict
2133	198042	strict
2133	198044	strict
2134	64800	equal
2135	64808	equal
2136	64861	equal
2136	64869	strict
2136	130295	strict
2136	130303	strict
2136	130311	strict
2136	130327	strict
2137	64865	equal
2137	130327	strict
2138	64879	equal
2138	64887	strict
2138	130439	strict
2138	130459	strict
2138	130469	strict
2138	130471	strict
2139	64883	equal
2139	130471	strict
2140	64897	equal
2140	130608	strict
2141	64901	equal
2141	64903	strict
2141	130600	strict
2141	130602	strict
2141	130604	strict
2141	130608	strict
2142	64902	equal
2142	130608	strict
2143	64905	equal
2144	64913	equal
2144	130802	strict
2145	64917	equal
2145	64919	strict
2145	130794	strict
2145	130798	strict
2145	130800	strict
2145	130802	strict
2146	64918	equal
2146	130802	strict
2147	64921	equal
2148	65045	equal
2149	65049	equal
2150	65058	equal
2150	132305	strict
2151	65063	equal
2152	65074	equal
2153	65075	equal
2154	65077	equal
2154	65079	strict
2154	132220	strict
2154	132222	strict
2154	132224	strict
2154	132238	strict
2155	65078	equal
2155	132238	strict
2156	65083	equal
2156	65085	strict
2156	132287	strict
2156	132289	strict
2156	132291	strict
2156	132305	strict
2157	65084	equal
2157	132305	strict
2158	65097	equal
2159	65101	equal
2160	65110	equal
2160	133203	strict
2161	65115	equal
2162	65126	equal
2163	65127	equal
2164	65129	equal
2164	65131	strict
2164	133162	strict
2164	133163	strict
2164	133174	strict
2164	133176	strict
2165	65130	equal
2165	133176	strict
2166	65135	equal
2166	65137	strict
2166	133189	strict
2166	133190	strict
2166	133201	strict
2166	133203	strict
2167	65136	equal
2167	133203	strict
2168	65151	equal
2168	65153	strict
2168	65247	strict
2168	65249	strict
2168	65251	strict
2168	65255	strict
2169	65152	equal
2169	65255	strict
2170	65165	equal
2170	65167	strict
2170	65373	strict
2170	65374	strict
2170	65379	strict
2170	65381	strict
2171	65166	equal
2171	65381	strict
2172	65179	equal
2172	65181	strict
2172	65252	strict
2172	65253	strict
2172	65254	strict
2172	65255	strict
2173	65180	equal
2173	65255	strict
2174	65247	equal
2174	65249	strict
2174	65251	strict
2174	65255	strict
2175	65248	equal
2175	65255	strict
2176	65250	equal
2176	65255	strict
2177	65252	equal
2177	65253	strict
2177	65254	strict
2177	65255	strict
2178	65277	equal
2179	65278	equal
2180	65291	equal
2180	65293	strict
2180	65375	strict
2180	65378	strict
2180	65380	strict
2180	65381	strict
2181	65292	equal
2181	65381	strict
2182	65305	equal
2183	65306	equal
2184	65373	equal
2184	65374	strict
2184	65379	strict
2184	65381	strict
2185	65375	equal
2185	65378	strict
2185	65380	strict
2185	65381	strict
2186	65376	equal
2186	65381	strict
2187	65377	equal
2187	65381	strict
2188	65520	equal
2188	65522	strict
2188	65651	strict
2188	65653	strict
2188	65655	strict
2188	65659	strict
2189	65521	equal
2189	65659	strict
2190	65532	equal
2190	65534	strict
2190	65743	strict
2190	65744	strict
2190	65749	strict
2190	65751	strict
2191	65533	equal
2191	65751	strict
2192	65560	equal
2192	65562	strict
2192	65656	strict
2192	65657	strict
2192	65658	strict
2192	65659	strict
2193	65561	equal
2193	65659	strict
2194	65630	equal
2194	65632	strict
2194	65634	strict
2194	65638	strict
2195	65631	equal
2195	65638	strict
2196	65633	equal
2196	65638	strict
2197	65635	equal
2197	65636	strict
2197	65637	strict
2197	65638	strict
2198	65651	equal
2198	65653	strict
2198	65655	strict
2198	65659	strict
2199	65652	equal
2199	65659	strict
2200	65654	equal
2200	65659	strict
2201	65656	equal
2201	65657	strict
2201	65658	strict
2201	65659	strict
2202	65680	equal
2203	65681	equal
2204	65700	equal
2204	65702	strict
2204	65745	strict
2204	65748	strict
2204	65750	strict
2204	65751	strict
2205	65701	equal
2205	65751	strict
2206	65720	equal
2207	65721	equal
2208	65743	equal
2208	65744	strict
2208	65749	strict
2208	65751	strict
2209	65745	equal
2209	65748	strict
2209	65750	strict
2209	65751	strict
2210	65746	equal
2210	65751	strict
2211	65747	equal
2211	65751	strict
2212	65826	equal
2212	65827	strict
2212	65832	strict
2212	65834	strict
2213	65828	equal
2213	65831	strict
2213	65833	strict
2213	65834	strict
2214	65829	equal
2214	65834	strict
2215	65830	equal
2215	65834	strict
2216	66092	equal
2217	66096	equal
2217	107071	strict
2218	66102	equal
2218	107093	strict
2219	66103	equal
2219	107093	strict
2220	66162	equal
2221	66166	equal
2221	197997	strict
2222	66172	equal
2222	198044	strict
2223	66173	equal
2223	198044	strict
2224	66206	equal
2225	66210	equal
2225	107195	strict
2226	66213	equal
2226	107178	strict
2227	66214	equal
2227	107195	strict
2228	66276	equal
2229	66280	equal
2229	198559	strict
2230	66283	equal
2230	198534	strict
2231	66284	equal
2231	198559	strict
2232	66641	equal
2233	66642	equal
2234	66681	equal
2235	66682	equal
2236	66683	equal
2237	66684	equal
2238	66726	equal
2239	66727	equal
2240	66834	equal
2241	66835	equal
2242	66882	equal
2242	66907	strict
2242	70933	strict
2242	70936	strict
2242	71017	strict
2242	71043	strict
2243	66883	equal
2243	66914	strict
2243	73374	strict
2243	73375	strict
2243	73630	strict
2243	73632	strict
2244	66904	equal
2244	71043	strict
2245	66911	equal
2245	73632	strict
2246	66932	equal
2246	66943	strict
2246	71181	strict
2246	71184	strict
2246	71235	strict
2246	71263	strict
2247	66933	equal
2247	66950	strict
2247	73903	strict
2247	73904	strict
2247	74050	strict
2247	74052	strict
2248	66939	equal
2248	71263	strict
2249	66940	equal
2249	71263	strict
2250	66946	equal
2250	74052	strict
2251	66947	equal
2251	74052	strict
2252	67128	equal
2252	69389	strict
2253	67129	equal
2253	69606	strict
2254	67190	equal
2254	67284	strict
2254	67694	strict
2254	67700	strict
2254	72079	strict
2254	72125	strict
2254	72127	strict
2254	72128	strict
2255	67191	equal
2255	72128	strict
2256	67260	equal
2256	67280	strict
2256	67378	strict
2256	67380	strict
2256	69326	strict
2256	69337	strict
2256	69339	strict
2256	69340	strict
2257	67261	equal
2257	69340	strict
2258	67333	equal
2259	67334	equal
2260	67378	equal
2260	67380	strict
2260	69326	strict
2260	69337	strict
2260	69339	strict
2260	69340	strict
2261	67379	equal
2261	69340	strict
2262	67407	equal
2262	67417	strict
2262	67423	strict
2262	69372	strict
2262	69375	strict
2262	69385	strict
2262	69386	strict
2262	69388	strict
2262	69389	strict
2263	67408	equal
2264	67417	equal
2264	67423	strict
2264	69375	strict
2264	69386	strict
2264	69388	strict
2264	69389	strict
2265	67418	equal
2265	69389	strict
2266	67463	equal
2266	158662	strict
2267	67464	equal
2267	158742	strict
2268	67471	equal
2268	67807	strict
2268	68241	strict
2268	158520	strict
2268	158558	strict
2268	158658	strict
2268	158659	strict
2268	158661	strict
2268	158662	strict
2269	67472	equal
2270	67481	equal
2270	67552	strict
2270	68295	strict
2270	158523	strict
2270	158538	strict
2270	158738	strict
2270	158739	strict
2270	158741	strict
2270	158742	strict
2271	67482	equal
2272	67525	equal
2272	67546	strict
2272	68264	strict
2272	68289	strict
2272	158535	strict
2272	158714	strict
2272	158716	strict
2272	158717	strict
2273	67526	equal
2273	158717	strict
2274	67539	equal
2275	67540	equal
2276	67546	equal
2276	68289	strict
2276	158535	strict
2276	158714	strict
2276	158716	strict
2276	158717	strict
2277	67547	equal
2277	158717	strict
2278	67552	equal
2278	68295	strict
2278	158538	strict
2278	158739	strict
2278	158741	strict
2278	158742	strict
2279	67553	equal
2279	158742	strict
2280	67587	equal
2281	67588	equal
2282	67657	equal
2282	72175	strict
2283	67658	equal
2283	72415	strict
2284	67694	equal
2284	67700	strict
2284	72079	strict
2284	72125	strict
2284	72127	strict
2284	72128	strict
2285	67695	equal
2285	72128	strict
2286	67727	equal
2286	67737	strict
2286	67743	strict
2286	72154	strict
2286	72158	strict
2286	72171	strict
2286	72172	strict
2286	72174	strict
2286	72175	strict
2287	67728	equal
2288	67737	equal
2288	67743	strict
2288	72158	strict
2288	72172	strict
2288	72174	strict
2288	72175	strict
2289	67738	equal
2289	72175	strict
2290	67780	equal
2290	67801	strict
2290	68016	strict
2290	68235	strict
2290	158555	strict
2290	158633	strict
2290	158635	strict
2290	158636	strict
2291	67781	equal
2291	158636	strict
2292	67794	equal
2293	67795	equal
2294	67801	equal
2294	68235	strict
2294	158555	strict
2294	158633	strict
2294	158635	strict
2294	158636	strict
2295	67802	equal
2295	158636	strict
2296	67807	equal
2296	68241	strict
2296	158558	strict
2296	158659	strict
2296	158661	strict
2296	158662	strict
2297	67808	equal
2297	158662	strict
2298	67992	equal
2298	68012	strict
2298	68066	strict
2298	68068	strict
2298	69545	strict
2298	69556	strict
2298	69558	strict
2298	69559	strict
2299	67993	equal
2299	69559	strict
2300	68041	equal
2301	68042	equal
2302	68066	equal
2302	68068	strict
2302	69545	strict
2302	69556	strict
2302	69558	strict
2302	69559	strict
2303	68067	equal
2303	69559	strict
2304	68095	equal
2304	68105	strict
2304	68111	strict
2304	69589	strict
2304	69592	strict
2304	69602	strict
2304	69603	strict
2304	69605	strict
2304	69606	strict
2305	68096	equal
2306	68105	equal
2306	68111	strict
2306	69592	strict
2306	69603	strict
2306	69605	strict
2306	69606	strict
2307	68106	equal
2307	69606	strict
2308	68131	equal
2308	68182	strict
2308	68279	strict
2308	72362	strict
2308	72372	strict
2308	72411	strict
2308	72412	strict
2308	72414	strict
2308	72415	strict
2309	68132	equal
2310	68160	equal
2310	68176	strict
2310	68260	strict
2310	68274	strict
2310	72369	strict
2310	72387	strict
2310	72389	strict
2310	72390	strict
2311	68161	equal
2311	72390	strict
2312	68172	equal
2313	68173	equal
2314	68176	equal
2314	68274	strict
2314	72369	strict
2314	72387	strict
2314	72389	strict
2314	72390	strict
2315	68177	equal
2315	72390	strict
2316	68182	equal
2316	68279	strict
2316	72372	strict
2316	72412	strict
2316	72414	strict
2316	72415	strict
2317	68183	equal
2317	72415	strict
2318	68736	equal
2318	68830	strict
2318	159249	strict
2318	159260	strict
2318	159331	strict
2318	159332	strict
2318	159333	strict
2318	159334	strict
2319	68737	equal
2319	159334	strict
2320	68806	equal
2320	68826	strict
2320	72976	strict
2320	72982	strict
2320	73009	strict
2320	73010	strict
2320	73011	strict
2320	73012	strict
2321	68807	equal
2321	73012	strict
2322	68921	equal
2323	68940	equal
2324	68998	equal
2325	68999	equal
2326	69036	equal
2327	69037	equal
2328	69042	equal
2329	69043	equal
2330	69044	equal
2331	69045	equal
2332	69086	equal
2333	69087	equal
2334	69092	equal
2335	69093	equal
2336	69094	equal
2337	69095	equal
2338	69214	equal
2338	69216	strict
2338	69354	strict
2338	69355	strict
2338	69387	strict
2338	69389	strict
2339	69215	equal
2339	69217	strict
2339	69440	strict
2339	69441	strict
2339	69604	strict
2339	69606	strict
2340	69231	equal
2340	69389	strict
2341	69232	equal
2341	69606	strict
2342	69241	equal
2343	69252	equal
2343	69253	strict
2343	69338	strict
2343	69340	strict
2344	69326	equal
2344	69337	strict
2344	69339	strict
2344	69340	strict
2345	69327	equal
2345	69340	strict
2346	69328	equal
2346	69340	strict
2347	69354	equal
2347	69355	strict
2347	69387	strict
2347	69389	strict
2348	69372	equal
2348	69375	strict
2348	69385	strict
2348	69386	strict
2348	69388	strict
2348	69389	strict
2349	69373	equal
2349	69389	strict
2350	69374	equal
2351	69375	equal
2351	69386	strict
2351	69388	strict
2351	69389	strict
2352	69376	equal
2352	69389	strict
2353	69377	equal
2353	69389	strict
2354	69417	equal
2354	69654	strict
2354	159918	strict
2354	159922	strict
2354	160012	strict
2354	160033	strict
2354	160035	strict
2354	160036	strict
2355	69418	equal
2355	160036	strict
2356	69438	equal
2356	69439	strict
2356	69557	strict
2356	69559	strict
2357	69440	equal
2357	69441	strict
2357	69604	strict
2357	69606	strict
2358	69517	equal
2359	69545	equal
2359	69556	strict
2359	69558	strict
2359	69559	strict
2360	69546	equal
2360	69559	strict
2361	69547	equal
2361	69559	strict
2362	69589	equal
2362	69592	strict
2362	69602	strict
2362	69603	strict
2362	69605	strict
2362	69606	strict
2363	69590	equal
2363	69606	strict
2364	69591	equal
2365	69592	equal
2365	69603	strict
2365	69605	strict
2365	69606	strict
2366	69593	equal
2366	69606	strict
2367	69594	equal
2367	69606	strict
2368	69628	equal
2368	69650	strict
2368	73674	strict
2368	73678	strict
2368	73694	strict
2368	73707	strict
2368	73709	strict
2368	73710	strict
2369	69629	equal
2369	73710	strict
2370	69789	equal
2370	69791	strict
2370	69804	strict
2370	69805	strict
2370	69897	strict
2370	69899	strict
2371	69790	equal
2371	69792	strict
2371	69938	strict
2371	69939	strict
2371	70033	strict
2371	70035	strict
2372	69800	equal
2372	69899	strict
2373	69801	equal
2373	70035	strict
2374	69802	equal
2375	69804	equal
2375	69805	strict
2375	69897	strict
2375	69899	strict
2376	69840	equal
2376	69862	strict
2376	69869	strict
2376	69894	strict
2376	69895	strict
2376	69896	strict
2376	69898	strict
2376	69899	strict
2377	69841	equal
2377	69899	strict
2378	69842	equal
2379	69862	equal
2379	69869	strict
2379	69895	strict
2379	69896	strict
2379	69898	strict
2379	69899	strict
2380	69863	equal
2380	69899	strict
2381	69864	equal
2382	69869	equal
2382	69896	strict
2382	69898	strict
2382	69899	strict
2383	69870	equal
2383	69899	strict
2384	69871	equal
2384	69899	strict
2385	69924	equal
2385	69927	strict
2385	206598	strict
2385	206600	strict
2385	218790	strict
2385	218794	strict
2385	218795	strict
2385	218798	strict
2386	69925	equal
2386	218798	strict
2387	69938	equal
2387	69939	strict
2387	70033	strict
2387	70035	strict
2388	69940	equal
2389	69976	equal
2389	69998	strict
2389	70005	strict
2389	70030	strict
2389	70031	strict
2389	70032	strict
2389	70034	strict
2389	70035	strict
2390	69977	equal
2390	70035	strict
2391	69978	equal
2392	69998	equal
2392	70005	strict
2392	70031	strict
2392	70032	strict
2392	70034	strict
2392	70035	strict
2393	69999	equal
2393	70035	strict
2394	70000	equal
2395	70005	equal
2395	70032	strict
2395	70034	strict
2395	70035	strict
2396	70006	equal
2396	70035	strict
2397	70007	equal
2397	70035	strict
2398	70060	equal
2398	70063	strict
2398	215428	strict
2398	215430	strict
2398	218538	strict
2398	218542	strict
2398	218543	strict
2398	218546	strict
2399	70061	equal
2399	218546	strict
2400	70188	equal
2401	70189	equal
2402	70219	equal
2403	70220	equal
2404	70289	equal
2404	70383	strict
2404	163613	strict
2404	163620	strict
2404	163698	strict
2404	163699	strict
2404	163701	strict
2404	163702	strict
2405	70290	equal
2405	163702	strict
2406	70359	equal
2406	70379	strict
2406	71008	strict
2406	71011	strict
2406	71040	strict
2406	71041	strict
2406	71042	strict
2406	71043	strict
2407	70360	equal
2407	71043	strict
2408	70497	equal
2409	70499	equal
2410	70665	equal
2410	70760	strict
2410	73135	strict
2410	73136	strict
2410	73138	strict
2410	73139	strict
2410	73141	strict
2410	73142	strict
2411	70666	equal
2411	73142	strict
2412	70735	equal
2412	70756	strict
2412	71166	strict
2412	71167	strict
2412	71170	strict
2412	71171	strict
2412	71172	strict
2412	71173	strict
2413	70736	equal
2413	71173	strict
2414	70765	equal
2415	70774	equal
2416	70781	equal
2417	70788	equal
2418	70816	equal
2419	70817	equal
2420	70818	equal
2421	70820	equal
2422	70821	equal
2423	70822	equal
2424	70859	equal
2425	70860	equal
2426	70933	equal
2426	70936	strict
2426	71017	strict
2426	71043	strict
2427	70934	equal
2428	70935	equal
2428	71043	strict
2429	71008	equal
2429	71011	strict
2429	71040	strict
2429	71041	strict
2429	71042	strict
2429	71043	strict
2430	71009	equal
2430	71043	strict
2431	71016	equal
2431	71043	strict
2432	71030	equal
2433	71040	equal
2433	71041	strict
2433	71042	strict
2433	71043	strict
2434	71054	equal
2434	71064	strict
2434	71118	strict
2434	71173	strict
2435	71063	equal
2435	71173	strict
2436	71115	equal
2437	71116	equal
2437	71173	strict
2438	71117	equal
2438	71173	strict
2439	71157	equal
2440	71166	equal
2440	71167	strict
2440	71170	strict
2440	71171	strict
2440	71172	strict
2440	71173	strict
2441	71170	equal
2441	71171	strict
2441	71172	strict
2441	71173	strict
2442	71181	equal
2442	71184	strict
2442	71235	strict
2442	71263	strict
2443	71182	equal
2444	71183	equal
2444	71263	strict
2445	71211	equal
2445	71221	strict
2445	71228	strict
2445	71258	strict
2445	71259	strict
2445	71260	strict
2445	71261	strict
2445	71262	strict
2445	71263	strict
2446	71212	equal
2447	71221	equal
2447	71228	strict
2447	71260	strict
2447	71261	strict
2447	71262	strict
2447	71263	strict
2448	71222	equal
2448	71263	strict
2449	71233	equal
2449	71263	strict
2450	71234	equal
2450	71263	strict
2451	71247	equal
2452	71248	equal
2453	71258	equal
2453	71259	strict
2453	71260	strict
2453	71261	strict
2453	71262	strict
2453	71263	strict
2454	71260	equal
2454	71261	strict
2454	71262	strict
2454	71263	strict
2455	71267	equal
2456	71268	equal
2457	71397	equal
2458	71398	equal
2459	71399	equal
2460	71400	equal
2461	71487	equal
2462	71488	equal
2463	71501	equal
2464	71502	equal
2465	71511	equal
2466	71512	equal
2467	71513	equal
2468	71514	equal
2469	71537	equal
2470	71538	equal
2471	71541	equal
2472	71542	equal
2473	71543	equal
2474	71544	equal
2475	71639	equal
2476	71640	equal
2477	71711	equal
2478	71712	equal
2479	71809	equal
2480	71810	equal
2481	71857	equal
2481	71886	strict
2481	72902	strict
2481	72904	strict
2481	72990	strict
2481	73012	strict
2482	71858	equal
2482	71889	strict
2482	73366	strict
2482	73367	strict
2482	73708	strict
2482	73710	strict
2483	71882	equal
2483	73012	strict
2484	71883	equal
2484	73710	strict
2485	71907	equal
2485	71922	strict
2485	73150	strict
2485	73152	strict
2485	73208	strict
2485	73232	strict
2486	71908	equal
2486	71925	strict
2486	73899	strict
2486	73901	strict
2486	74543	strict
2486	74545	strict
2487	71916	equal
2487	73232	strict
2488	71917	equal
2488	74545	strict
2489	71918	equal
2489	73232	strict
2490	71919	equal
2490	74545	strict
2491	71988	equal
2491	71990	strict
2491	72157	strict
2491	72161	strict
2491	72173	strict
2491	72175	strict
2492	71989	equal
2492	71991	strict
2492	72009	strict
2492	72011	strict
2492	72413	strict
2492	72415	strict
2493	72000	equal
2494	72008	equal
2494	72010	strict
2494	72388	strict
2494	72390	strict
2495	72009	equal
2495	72011	strict
2495	72413	strict
2495	72415	strict
2496	72025	equal
2496	72175	strict
2497	72026	equal
2497	72415	strict
2498	72069	equal
2498	72089	strict
2498	72126	strict
2498	72128	strict
2499	72079	equal
2499	72125	strict
2499	72127	strict
2499	72128	strict
2500	72080	equal
2500	72128	strict
2501	72081	equal
2501	72128	strict
2502	72154	equal
2502	72158	strict
2502	72171	strict
2502	72172	strict
2502	72174	strict
2502	72175	strict
2503	72155	equal
2503	72175	strict
2504	72156	equal
2505	72157	equal
2505	72161	strict
2505	72173	strict
2505	72175	strict
2506	72158	equal
2506	72172	strict
2506	72174	strict
2506	72175	strict
2507	72159	equal
2507	72175	strict
2508	72160	equal
2508	72175	strict
2509	72201	equal
2509	72338	strict
2509	182296	strict
2509	182300	strict
2509	182314	strict
2509	182366	strict
2509	182368	strict
2509	182369	strict
2510	72202	equal
2510	182369	strict
2511	72314	equal
2511	72334	strict
2511	73580	strict
2511	73583	strict
2511	73618	strict
2511	73629	strict
2511	73631	strict
2511	73632	strict
2512	72315	equal
2512	73632	strict
2513	72352	equal
2514	72362	equal
2514	72372	strict
2514	72411	strict
2514	72412	strict
2514	72414	strict
2514	72415	strict
2515	72363	equal
2515	72415	strict
2516	72364	equal
2517	72369	equal
2517	72387	strict
2517	72389	strict
2517	72390	strict
2518	72370	equal
2518	72390	strict
2519	72371	equal
2519	72390	strict
2520	72372	equal
2520	72412	strict
2520	72414	strict
2520	72415	strict
2521	72373	equal
2521	72415	strict
2522	72374	equal
2522	72415	strict
2523	72563	equal
2523	72565	strict
2523	72639	strict
2523	72658	strict
2523	72675	strict
2523	72677	strict
2524	72564	equal
2524	72566	strict
2524	72569	strict
2524	72570	strict
2524	72819	strict
2524	72821	strict
2525	72567	equal
2526	72569	equal
2526	72570	strict
2526	72819	strict
2526	72821	strict
2527	72578	equal
2527	72677	strict
2528	72579	equal
2528	72821	strict
2529	72614	equal
2529	72636	strict
2529	72644	strict
2529	72672	strict
2529	72673	strict
2529	72674	strict
2529	72676	strict
2529	72677	strict
2530	72615	equal
2530	72677	strict
2531	72616	equal
2532	72636	equal
2532	72644	strict
2532	72673	strict
2532	72674	strict
2532	72676	strict
2532	72677	strict
2533	72637	equal
2533	72677	strict
2534	72638	equal
2535	72639	equal
2535	72658	strict
2535	72675	strict
2535	72677	strict
2536	72644	equal
2536	72674	strict
2536	72676	strict
2536	72677	strict
2537	72645	equal
2537	72677	strict
2538	72646	equal
2538	72677	strict
2539	72700	equal
2539	72703	strict
2539	209631	strict
2539	209633	strict
2539	218853	strict
2539	218857	strict
2539	218858	strict
2539	218861	strict
2540	72701	equal
2540	218861	strict
2541	72760	equal
2541	72783	strict
2541	72790	strict
2541	72816	strict
2541	72817	strict
2541	72818	strict
2541	72820	strict
2541	72821	strict
2542	72761	equal
2542	72821	strict
2543	72762	equal
2544	72778	equal
2545	72783	equal
2545	72790	strict
2545	72817	strict
2545	72818	strict
2545	72820	strict
2545	72821	strict
2546	72784	equal
2546	72821	strict
2547	72785	equal
2548	72790	equal
2548	72818	strict
2548	72820	strict
2548	72821	strict
2549	72791	equal
2549	72821	strict
2550	72792	equal
2550	72821	strict
2551	72846	equal
2551	72849	strict
2551	217635	strict
2551	217637	strict
2551	218628	strict
2551	218632	strict
2551	218633	strict
2551	218636	strict
2552	72847	equal
2552	218636	strict
2553	72901	equal
2554	72902	equal
2554	72904	strict
2554	72990	strict
2554	73012	strict
2555	72903	equal
2555	73012	strict
2556	72976	equal
2556	72982	strict
2556	73009	strict
2556	73010	strict
2556	73011	strict
2556	73012	strict
2557	72977	equal
2557	73012	strict
2558	72980	equal
2559	72989	equal
2559	73012	strict
2560	73009	equal
2560	73010	strict
2560	73011	strict
2560	73012	strict
2561	73024	equal
2561	73032	strict
2561	73096	strict
2561	73142	strict
2562	73031	equal
2562	73142	strict
2563	73074	equal
2564	73078	equal
2565	73094	equal
2565	73142	strict
2566	73095	equal
2566	73142	strict
2567	73135	equal
2567	73136	strict
2567	73138	strict
2567	73139	strict
2567	73141	strict
2567	73142	strict
2568	73138	equal
2568	73139	strict
2568	73141	strict
2568	73142	strict
2569	73149	equal
2570	73150	equal
2570	73152	strict
2570	73208	strict
2570	73232	strict
2571	73151	equal
2571	73232	strict
2572	73178	equal
2572	73191	strict
2572	73199	strict
2572	73227	strict
2572	73228	strict
2572	73229	strict
2572	73230	strict
2572	73231	strict
2572	73232	strict
2573	73179	equal
2574	73186	equal
2575	73191	equal
2575	73199	strict
2575	73229	strict
2575	73230	strict
2575	73231	strict
2575	73232	strict
2576	73192	equal
2576	73232	strict
2577	73193	equal
2578	73206	equal
2578	73232	strict
2579	73207	equal
2579	73232	strict
2580	73227	equal
2580	73228	strict
2580	73229	strict
2580	73230	strict
2580	73231	strict
2580	73232	strict
2581	73229	equal
2581	73230	strict
2581	73231	strict
2581	73232	strict
2582	73235	equal
2583	73237	equal
2584	73284	equal
2585	73285	equal
2586	73366	equal
2586	73367	strict
2586	73708	strict
2586	73710	strict
2587	73374	equal
2587	73375	strict
2587	73630	strict
2587	73632	strict
2588	73580	equal
2588	73583	strict
2588	73618	strict
2588	73629	strict
2588	73631	strict
2588	73632	strict
2589	73581	equal
2589	73632	strict
2590	73591	equal
2591	73592	equal
2592	73618	equal
2592	73629	strict
2592	73631	strict
2592	73632	strict
2593	73619	equal
2593	73632	strict
2594	73620	equal
2594	73632	strict
2595	73674	equal
2595	73678	strict
2595	73694	strict
2595	73707	strict
2595	73709	strict
2595	73710	strict
2596	73675	equal
2596	73710	strict
2597	73676	equal
2598	73677	equal
2599	73678	equal
2599	73707	strict
2599	73709	strict
2599	73710	strict
2600	73679	equal
2600	73710	strict
2601	73680	equal
2601	73710	strict
2602	73899	equal
2602	73901	strict
2602	74543	strict
2602	74545	strict
2603	73900	equal
2603	73902	strict
2603	74573	strict
2603	74575	strict
2604	73903	equal
2604	73904	strict
2604	74050	strict
2604	74052	strict
2605	73905	equal
2605	73906	strict
2605	74157	strict
2605	74159	strict
2606	73938	equal
2606	73948	strict
2606	73955	strict
2606	74034	strict
2606	74038	strict
2606	74048	strict
2606	74049	strict
2606	74051	strict
2606	74052	strict
2607	73939	equal
2608	73948	equal
2608	73955	strict
2608	74038	strict
2608	74049	strict
2608	74051	strict
2608	74052	strict
2609	73949	equal
2609	74052	strict
2610	73988	equal
2611	74002	equal
2612	74003	equal
2613	74004	equal
2614	74005	equal
2615	74034	equal
2615	74038	strict
2615	74048	strict
2615	74049	strict
2615	74051	strict
2615	74052	strict
2616	74035	equal
2616	74052	strict
2617	74036	equal
2618	74038	equal
2618	74049	strict
2618	74051	strict
2618	74052	strict
2619	74039	equal
2619	74052	strict
2620	74040	equal
2620	74052	strict
2621	74100	equal
2621	74111	strict
2621	74129	strict
2621	74153	strict
2621	74155	strict
2621	74156	strict
2621	74158	strict
2621	74159	strict
2622	74101	equal
2622	74159	strict
2623	74102	equal
2624	74111	equal
2624	74129	strict
2624	74155	strict
2624	74156	strict
2624	74158	strict
2624	74159	strict
2625	74112	equal
2625	74159	strict
2626	74113	equal
2627	74129	equal
2627	74156	strict
2627	74158	strict
2627	74159	strict
2628	74130	equal
2628	74159	strict
2629	74131	equal
2629	74159	strict
2630	74184	equal
2630	74187	strict
2630	74726	strict
2630	74728	strict
2630	218898	strict
2630	218902	strict
2630	218903	strict
2630	218906	strict
2631	74185	equal
2631	218906	strict
2632	74200	equal
2633	74216	equal
2633	74271	strict
2633	74388	strict
2633	74570	strict
2633	74571	strict
2633	74572	strict
2633	74574	strict
2633	74575	strict
2634	74217	equal
2634	74575	strict
2635	74218	equal
2636	74248	equal
2636	74264	strict
2636	74369	strict
2636	74381	strict
2636	74514	strict
2636	74541	strict
2636	74542	strict
2636	74544	strict
2636	74545	strict
2637	74249	equal
2638	74260	equal
2639	74261	equal
2640	74264	equal
2640	74381	strict
2640	74541	strict
2640	74542	strict
2640	74544	strict
2640	74545	strict
2641	74265	equal
2641	74545	strict
2642	74266	equal
2643	74271	equal
2643	74388	strict
2643	74571	strict
2643	74572	strict
2643	74574	strict
2643	74575	strict
2644	74272	equal
2644	74575	strict
2645	74273	equal
2646	74359	equal
2647	74360	equal
2648	74369	equal
2648	74381	strict
2648	74514	strict
2648	74542	strict
2648	74544	strict
2648	74545	strict
2649	74370	equal
2649	74545	strict
2650	74377	equal
2651	74378	equal
2652	74381	equal
2652	74542	strict
2652	74544	strict
2652	74545	strict
2653	74382	equal
2653	74545	strict
2654	74383	equal
2654	74545	strict
2655	74388	equal
2655	74572	strict
2655	74574	strict
2655	74575	strict
2656	74389	equal
2656	74575	strict
2657	74390	equal
2657	74575	strict
2658	74397	equal
2658	218825	strict
2659	74442	equal
2659	74723	strict
2659	74725	strict
2659	216381	strict
2659	216383	strict
2659	218862	strict
2659	218866	strict
2659	218867	strict
2659	218870	strict
2660	74469	equal
2661	74600	equal
2661	74603	strict
2661	74716	strict
2661	74719	strict
2661	218826	strict
2661	218830	strict
2661	218831	strict
2661	218834	strict
2662	74601	equal
2662	218834	strict
2663	74620	equal
2664	74621	equal
2665	74630	equal
2665	218870	strict
2666	74662	equal
2666	74714	strict
2666	74718	strict
2666	218053	strict
2666	218055	strict
2666	218817	strict
2666	218821	strict
2666	218822	strict
2666	218825	strict
2667	74670	equal
2668	74714	equal
2668	74718	strict
2668	218817	strict
2668	218821	strict
2668	218822	strict
2668	218825	strict
2669	74715	equal
2669	218825	strict
2670	74716	equal
2670	74719	strict
2670	218826	strict
2670	218830	strict
2670	218831	strict
2670	218834	strict
2671	74717	equal
2671	218834	strict
2672	74723	equal
2672	74725	strict
2672	218862	strict
2672	218866	strict
2672	218867	strict
2672	218870	strict
2673	74724	equal
2673	218870	strict
2674	74726	equal
2674	74728	strict
2674	218898	strict
2674	218902	strict
2674	218903	strict
2674	218906	strict
2675	74727	equal
2675	218906	strict
2676	74874	equal
2676	74878	strict
2676	78344	strict
2676	78346	strict
2676	79098	strict
2676	79099	strict
2676	79100	strict
2676	79101	strict
2677	74875	equal
2677	79101	strict
2678	74901	equal
2678	74920	strict
2678	81151	strict
2678	81156	strict
2678	83476	strict
2678	83477	strict
2678	83479	strict
2678	83480	strict
2679	74902	equal
2679	83480	strict
2680	75239	equal
2680	75241	strict
2680	79153	strict
2680	79154	strict
2680	79190	strict
2680	79191	strict
2680	79192	strict
2680	79193	strict
2681	75240	equal
2681	79193	strict
2682	75248	equal
2682	75282	strict
2682	145238	strict
2682	145246	strict
2682	168353	strict
2682	168361	strict
2682	168369	strict
2682	168385	strict
2683	75254	equal
2683	168385	strict
2684	75586	equal
2684	75588	strict
2684	83533	strict
2684	83534	strict
2684	83570	strict
2684	83571	strict
2684	83572	strict
2684	83573	strict
2685	75587	equal
2685	83573	strict
2686	75595	equal
2686	75629	strict
2686	169630	strict
2686	169638	strict
2686	170540	strict
2686	170542	strict
2686	170558	strict
2686	170566	strict
2687	75601	equal
2687	170566	strict
2688	76044	equal
2688	76048	strict
2688	76454	strict
2688	76456	strict
2688	79736	strict
2688	79737	strict
2688	79738	strict
2688	79739	strict
2689	76045	equal
2689	79739	strict
2690	76071	equal
2690	76090	strict
2690	76725	strict
2690	76730	strict
2690	84034	strict
2690	84035	strict
2690	84037	strict
2690	84038	strict
2691	76072	equal
2691	84038	strict
2692	76411	equal
2692	79764	strict
2693	76414	equal
2693	79848	strict
2694	76435	equal
2695	76436	equal
2696	76454	equal
2696	76456	strict
2696	79736	strict
2696	79737	strict
2696	79738	strict
2696	79739	strict
2697	76455	equal
2697	79739	strict
2698	76463	equal
2698	76470	strict
2698	76472	strict
2698	79754	strict
2698	79755	strict
2698	79761	strict
2698	79762	strict
2698	79763	strict
2698	79764	strict
2699	76470	equal
2699	76472	strict
2699	79761	strict
2699	79762	strict
2699	79763	strict
2699	79764	strict
2700	76471	equal
2700	79764	strict
2701	76475	equal
2702	76533	equal
2702	76535	strict
2702	76569	strict
2702	76571	strict
2702	79835	strict
2702	79836	strict
2702	79837	strict
2702	79838	strict
2703	76534	equal
2703	79838	strict
2704	76549	equal
2705	76550	equal
2706	76563	equal
2706	76578	strict
2706	76580	strict
2706	79818	strict
2706	79819	strict
2706	79845	strict
2706	79846	strict
2706	79847	strict
2706	79848	strict
2707	76566	equal
2708	76569	equal
2708	76571	strict
2708	79835	strict
2708	79836	strict
2708	79837	strict
2708	79838	strict
2709	76570	equal
2709	79838	strict
2710	76578	equal
2710	76580	strict
2710	79845	strict
2710	79846	strict
2710	79847	strict
2710	79848	strict
2711	76579	equal
2711	79848	strict
2712	76593	equal
2712	76627	strict
2712	77051	strict
2712	77125	strict
2712	172710	strict
2712	172720	strict
2712	172800	strict
2712	172822	strict
2713	76599	equal
2713	172822	strict
2714	76685	equal
2715	76686	equal
2716	76711	equal
2716	84063	strict
2717	76714	equal
2717	84144	strict
2718	76725	equal
2718	76730	strict
2718	84034	strict
2718	84035	strict
2718	84037	strict
2718	84038	strict
2719	76726	equal
2719	84038	strict
2720	76737	equal
2720	76744	strict
2720	76746	strict
2720	84053	strict
2720	84054	strict
2720	84060	strict
2720	84061	strict
2720	84062	strict
2720	84063	strict
2721	76744	equal
2721	76746	strict
2721	84060	strict
2721	84061	strict
2721	84062	strict
2721	84063	strict
2722	76745	equal
2722	84063	strict
2723	76749	equal
2724	76778	equal
2724	76828	strict
2724	76830	strict
2724	84107	strict
2724	84108	strict
2724	84141	strict
2724	84142	strict
2724	84143	strict
2724	84144	strict
2725	76794	equal
2725	76796	strict
2725	76822	strict
2725	76824	strict
2725	84132	strict
2725	84133	strict
2725	84134	strict
2725	84135	strict
2726	76795	equal
2726	84135	strict
2727	76802	equal
2728	76819	equal
2729	76820	equal
2730	76822	equal
2730	76824	strict
2730	84132	strict
2730	84133	strict
2730	84134	strict
2730	84135	strict
2731	76823	equal
2731	84135	strict
2732	76828	equal
2732	76830	strict
2732	84141	strict
2732	84142	strict
2732	84143	strict
2732	84144	strict
2733	76829	equal
2733	84144	strict
2734	76837	equal
2734	76883	strict
2734	76971	strict
2734	77167	strict
2734	172705	strict
2734	172741	strict
2734	172784	strict
2734	172867	strict
2735	76843	equal
2735	172867	strict
2736	76936	equal
2736	77053	strict
2736	77131	strict
2736	172695	strict
2736	172721	strict
2736	172726	strict
2736	172765	strict
2736	172824	strict
2736	172835	strict
2737	76937	equal
2737	76972	strict
2737	77170	strict
2737	172696	strict
2737	172706	strict
2737	172746	strict
2737	172766	strict
2737	172786	strict
2737	172878	strict
2738	76945	equal
2739	76966	equal
2740	76971	equal
2740	77167	strict
2740	172705	strict
2740	172741	strict
2740	172784	strict
2740	172867	strict
2741	76972	equal
2741	77170	strict
2741	172706	strict
2741	172746	strict
2741	172786	strict
2741	172878	strict
2742	76981	equal
2743	76991	equal
2743	172835	strict
2744	76993	equal
2744	172878	strict
2745	77002	equal
2746	77004	equal
2746	172867	strict
2747	77005	equal
2747	172878	strict
2748	77051	equal
2748	77125	strict
2748	172710	strict
2748	172720	strict
2748	172800	strict
2748	172822	strict
2749	77053	equal
2749	77131	strict
2749	172721	strict
2749	172726	strict
2749	172824	strict
2749	172835	strict
2750	77055	equal
2751	77066	equal
2751	172822	strict
2752	77068	equal
2752	172835	strict
2753	77070	equal
2754	77472	equal
2754	77474	strict
2754	83894	strict
2754	83895	strict
2754	84260	strict
2754	84261	strict
2754	84262	strict
2754	84263	strict
2755	77473	equal
2755	84263	strict
2756	77481	equal
2756	77515	strict
2756	169666	strict
2756	169674	strict
2756	172953	strict
2756	172961	strict
2756	172969	strict
2756	172997	strict
2757	77487	equal
2757	172997	strict
2758	77777	equal
2758	77779	strict
2758	79937	strict
2758	79938	strict
2758	80054	strict
2758	80055	strict
2758	80056	strict
2758	80057	strict
2759	77778	equal
2759	80057	strict
2760	77786	equal
2760	77820	strict
2760	145284	strict
2760	145292	strict
2760	173274	strict
2760	173282	strict
2760	173294	strict
2760	173316	strict
2761	77792	equal
2761	173316	strict
2762	78075	equal
2762	142247	strict
2762	189943	strict
2762	189947	strict
2762	190185	strict
2762	190193	strict
2762	190194	strict
2762	190197	strict
2763	78076	equal
2763	190197	strict
2764	78077	equal
2764	142248	strict
2764	189945	strict
2764	189948	strict
2764	189979	strict
2764	189987	strict
2764	189988	strict
2764	189991	strict
2765	78078	equal
2765	189991	strict
2766	78081	equal
2766	78811	strict
2766	142251	strict
2766	143339	strict
2766	178941	strict
2766	178947	strict
2766	178948	strict
2766	178951	strict
2767	78082	equal
2767	178951	strict
2768	78085	equal
2768	81886	strict
2768	142254	strict
2768	148711	strict
2768	151122	strict
2768	151128	strict
2768	151129	strict
2768	151132	strict
2769	78086	equal
2769	151132	strict
2770	78089	equal
2770	81900	strict
2770	82342	strict
2770	142257	strict
2770	148717	strict
2770	149167	strict
2770	149169	strict
2770	149171	strict
2771	78090	equal
2771	149171	strict
2772	78093	equal
2772	78825	strict
2772	82378	strict
2772	142260	strict
2772	143345	strict
2772	149269	strict
2772	149271	strict
2772	149273	strict
2773	78094	equal
2773	149273	strict
2774	78225	equal
2774	145893	strict
2774	145896	strict
2774	177808	strict
2774	177810	strict
2774	190093	strict
2774	190097	strict
2774	190098	strict
2774	190101	strict
2775	78226	equal
2775	78807	strict
2775	143337	strict
2775	177811	strict
2775	177813	strict
2775	178872	strict
2775	178878	strict
2775	178879	strict
2775	178882	strict
2776	78227	equal
2776	81970	strict
2776	145901	strict
2776	145905	strict
2776	148778	strict
2776	150978	strict
2776	151009	strict
2776	151011	strict
2776	151013	strict
2777	78228	equal
2777	78821	strict
2777	81972	strict
2777	82370	strict
2777	143342	strict
2777	148779	strict
2777	149237	strict
2777	149239	strict
2777	149241	strict
2778	78291	equal
2778	79202	strict
2779	78296	equal
2779	80076	strict
2780	78319	equal
2781	78320	equal
2782	78344	equal
2782	78346	strict
2782	79098	strict
2782	79099	strict
2782	79100	strict
2782	79101	strict
2783	78345	equal
2783	79101	strict
2784	78355	equal
2784	78368	strict
2784	78370	strict
2784	79156	strict
2784	79157	strict
2784	79199	strict
2784	79200	strict
2784	79201	strict
2784	79202	strict
2785	78368	equal
2785	78370	strict
2785	79199	strict
2785	79200	strict
2785	79201	strict
2785	79202	strict
2786	78369	equal
2786	79202	strict
2787	78375	equal
2788	78537	equal
2788	78539	strict
2788	79862	strict
2788	79863	strict
2788	79869	strict
2788	79870	strict
2788	79871	strict
2788	79872	strict
2789	78538	equal
2789	79872	strict
2790	78540	equal
2790	78542	strict
2790	79880	strict
2790	79881	strict
2790	79893	strict
2790	79894	strict
2790	79895	strict
2790	79896	strict
2791	78541	equal
2791	79896	strict
2792	78553	equal
2792	78555	strict
2792	78609	strict
2792	78611	strict
2792	79988	strict
2792	79989	strict
2792	79990	strict
2792	79991	strict
2793	78554	equal
2793	79991	strict
2794	78579	equal
2795	78580	equal
2796	78601	equal
2796	78624	strict
2796	78626	strict
2796	79940	strict
2796	79941	strict
2796	80073	strict
2796	80074	strict
2796	80075	strict
2796	80076	strict
2797	78606	equal
2798	78609	equal
2798	78611	strict
2798	79988	strict
2798	79989	strict
2798	79990	strict
2798	79991	strict
2799	78610	equal
2799	79991	strict
2800	78624	equal
2800	78626	strict
2800	80073	strict
2800	80074	strict
2800	80075	strict
2800	80076	strict
2801	78625	equal
2801	80076	strict
2802	78649	equal
2802	78737	strict
2802	89880	strict
2802	89894	strict
2802	159394	strict
2802	159402	strict
2802	159418	strict
2802	159464	strict
2803	78650	equal
2803	78740	strict
2803	89881	strict
2803	89897	strict
2803	105585	strict
2803	105593	strict
2803	184196	strict
2803	184243	strict
2804	78655	equal
2804	78761	strict
2804	81717	strict
2804	81791	strict
2804	99575	strict
2804	99585	strict
2804	165201	strict
2804	165230	strict
2805	78668	equal
2805	159464	strict
2806	78669	equal
2806	184243	strict
2807	78671	equal
2807	165230	strict
2808	78803	equal
2808	178882	strict
2809	78804	equal
2810	78807	equal
2810	143337	strict
2810	178872	strict
2810	178878	strict
2810	178879	strict
2810	178882	strict
2811	78808	equal
2811	178882	strict
2812	78811	equal
2812	143339	strict
2812	178941	strict
2812	178947	strict
2812	178948	strict
2812	178951	strict
2813	78812	equal
2813	178951	strict
2814	78817	equal
2814	149241	strict
2815	78818	equal
2816	78821	equal
2816	82370	strict
2816	143342	strict
2816	149237	strict
2816	149239	strict
2816	149241	strict
2817	78822	equal
2817	149241	strict
2818	78825	equal
2818	82378	strict
2818	143345	strict
2818	149269	strict
2818	149271	strict
2818	149273	strict
2819	78826	equal
2819	149273	strict
2820	78973	equal
2820	78975	strict
2820	79185	strict
2820	79187	strict
2820	79189	strict
2820	79193	strict
2821	78974	equal
2821	79193	strict
2822	78976	equal
2822	78978	strict
2822	79194	strict
2822	79196	strict
2822	79198	strict
2822	79202	strict
2823	78977	equal
2823	79202	strict
2824	78988	equal
2824	78990	strict
2824	80049	strict
2824	80051	strict
2824	80053	strict
2824	80057	strict
2825	78989	equal
2825	80057	strict
2826	78991	equal
2826	78993	strict
2826	80068	strict
2826	80070	strict
2826	80072	strict
2826	80076	strict
2827	78992	equal
2827	80076	strict
2828	79069	equal
2828	79077	strict
2828	79085	strict
2828	79101	strict
2829	79076	equal
2829	79101	strict
2830	79084	equal
2830	79101	strict
2831	79098	equal
2831	79099	strict
2831	79100	strict
2831	79101	strict
2832	79152	equal
2832	79193	strict
2833	79153	equal
2833	79154	strict
2833	79190	strict
2833	79191	strict
2833	79192	strict
2833	79193	strict
2834	79155	equal
2834	79202	strict
2835	79156	equal
2835	79157	strict
2835	79199	strict
2835	79200	strict
2835	79201	strict
2835	79202	strict
2836	79185	equal
2836	79187	strict
2836	79189	strict
2836	79193	strict
2837	79186	equal
2837	79193	strict
2838	79188	equal
2838	79193	strict
2839	79190	equal
2839	79191	strict
2839	79192	strict
2839	79193	strict
2840	79194	equal
2840	79196	strict
2840	79198	strict
2840	79202	strict
2841	79195	equal
2841	79202	strict
2842	79197	equal
2842	79202	strict
2843	79199	equal
2843	79200	strict
2843	79201	strict
2843	79202	strict
2844	79217	equal
2845	79218	equal
2846	79220	equal
2847	79221	equal
2848	79681	equal
2848	79683	strict
2848	79756	strict
2848	79758	strict
2848	79760	strict
2848	79764	strict
2849	79682	equal
2849	79764	strict
2850	79684	equal
2850	79686	strict
2850	79840	strict
2850	79842	strict
2850	79844	strict
2850	79848	strict
2851	79685	equal
2851	79848	strict
2852	79707	equal
2852	79715	strict
2852	79723	strict
2852	79739	strict
2853	79714	equal
2853	79739	strict
2854	79722	equal
2854	79739	strict
2855	79736	equal
2855	79737	strict
2855	79738	strict
2855	79739	strict
2856	79753	equal
2856	79764	strict
2857	79754	equal
2857	79755	strict
2857	79761	strict
2857	79762	strict
2857	79763	strict
2857	79764	strict
2858	79756	equal
2858	79758	strict
2858	79760	strict
2858	79764	strict
2859	79757	equal
2859	79764	strict
2860	79759	equal
2860	79764	strict
2861	79761	equal
2861	79762	strict
2861	79763	strict
2861	79764	strict
2862	79765	equal
2863	79766	equal
2864	79817	equal
2864	79848	strict
2865	79818	equal
2865	79819	strict
2865	79845	strict
2865	79846	strict
2865	79847	strict
2865	79848	strict
2866	79820	equal
2867	79821	equal
2868	79830	equal
2868	79832	strict
2868	79834	strict
2868	79838	strict
2869	79831	equal
2869	79838	strict
2870	79833	equal
2870	79838	strict
2871	79835	equal
2871	79836	strict
2871	79837	strict
2871	79838	strict
2872	79840	equal
2872	79842	strict
2872	79844	strict
2872	79848	strict
2873	79841	equal
2873	79848	strict
2874	79843	equal
2874	79848	strict
2875	79845	equal
2875	79846	strict
2875	79847	strict
2875	79848	strict
2876	79849	equal
2876	79851	strict
2876	79864	strict
2876	79866	strict
2876	79868	strict
2876	79872	strict
2877	79850	equal
2877	79872	strict
2878	79852	equal
2878	79854	strict
2878	79888	strict
2878	79890	strict
2878	79892	strict
2878	79896	strict
2879	79853	equal
2879	79896	strict
2880	79861	equal
2880	79872	strict
2881	79862	equal
2881	79863	strict
2881	79869	strict
2881	79870	strict
2881	79871	strict
2881	79872	strict
2882	79864	equal
2882	79866	strict
2882	79868	strict
2882	79872	strict
2883	79865	equal
2883	79872	strict
2884	79867	equal
2884	79872	strict
2885	79869	equal
2885	79870	strict
2885	79871	strict
2885	79872	strict
2886	79873	equal
2887	79874	equal
2888	79879	equal
2888	79896	strict
2889	79880	equal
2889	79881	strict
2889	79893	strict
2889	79894	strict
2889	79895	strict
2889	79896	strict
2890	79882	equal
2891	79883	equal
2892	79888	equal
2892	79890	strict
2892	79892	strict
2892	79896	strict
2893	79889	equal
2893	79896	strict
2894	79891	equal
2894	79896	strict
2895	79893	equal
2895	79894	strict
2895	79895	strict
2895	79896	strict
2896	79936	equal
2896	80057	strict
2897	79937	equal
2897	79938	strict
2897	80054	strict
2897	80055	strict
2897	80056	strict
2897	80057	strict
2898	79939	equal
2898	80076	strict
2899	79940	equal
2899	79941	strict
2899	80073	strict
2899	80074	strict
2899	80075	strict
2899	80076	strict
2900	79951	equal
2901	79952	equal
2902	79954	equal
2903	79955	equal
2904	79983	equal
2904	79985	strict
2904	79987	strict
2904	79991	strict
2905	79984	equal
2905	79991	strict
2906	79986	equal
2906	79991	strict
2907	79988	equal
2907	79989	strict
2907	79990	strict
2907	79991	strict
2908	80049	equal
2908	80051	strict
2908	80053	strict
2908	80057	strict
2909	80050	equal
2909	80057	strict
2910	80052	equal
2910	80057	strict
2911	80054	equal
2911	80055	strict
2911	80056	strict
2911	80057	strict
2912	80068	equal
2912	80070	strict
2912	80072	strict
2912	80076	strict
2913	80069	equal
2913	80076	strict
2914	80071	equal
2914	80076	strict
2915	80073	equal
2915	80074	strict
2915	80075	strict
2915	80076	strict
2916	80099	equal
2917	80100	equal
2918	80137	equal
2919	80138	equal
2920	80146	equal
2921	80153	equal
2922	80159	equal
2923	80160	equal
2924	80161	equal
2925	80163	equal
2926	80179	equal
2927	80180	equal
2928	80183	equal
2929	80184	equal
2930	80186	equal
2931	80187	equal
2932	80204	equal
2933	80205	equal
2934	80307	equal
2935	80310	equal
2936	80323	equal
2937	80330	equal
2938	80338	equal
2939	80345	equal
2940	80346	equal
2941	80350	equal
2942	80411	equal
2943	80412	equal
2944	80414	equal
2945	80415	equal
2946	80425	equal
2947	80428	equal
2948	80431	equal
2949	80432	equal
2950	80440	equal
2951	80441	equal
2952	80481	equal
2952	190101	strict
2953	80482	equal
2954	80485	equal
2955	80486	equal
2956	80489	equal
2956	151013	strict
2957	80490	equal
2958	80493	equal
2959	80494	equal
2960	80595	equal
2960	147516	strict
2960	147518	strict
2960	176950	strict
2960	176954	strict
2960	189701	strict
2960	189705	strict
2960	189706	strict
2960	189709	strict
2961	80596	equal
2961	81882	strict
2961	147519	strict
2961	147521	strict
2961	148708	strict
2961	150966	strict
2961	150972	strict
2961	150973	strict
2961	150976	strict
2962	80597	equal
2962	80827	strict
2962	146915	strict
2962	176960	strict
2962	176964	strict
2962	178623	strict
2962	178689	strict
2962	178691	strict
2962	178693	strict
2963	80598	equal
2963	80829	strict
2963	81896	strict
2963	82334	strict
2963	146916	strict
2963	148714	strict
2963	149135	strict
2963	149137	strict
2963	149139	strict
2964	80703	equal
2964	146697	strict
2964	189485	strict
2964	189506	strict
2964	189554	strict
2964	189585	strict
2964	189587	strict
2964	189589	strict
2965	80704	equal
2965	189589	strict
2966	80705	equal
2966	146698	strict
2966	189487	strict
2966	189493	strict
2966	189507	strict
2966	189535	strict
2966	189537	strict
2966	189539	strict
2967	80706	equal
2967	189539	strict
2968	80707	equal
2968	80823	strict
2968	146699	strict
2968	146912	strict
2968	178619	strict
2968	178657	strict
2968	178659	strict
2968	178661	strict
2969	80708	equal
2969	178661	strict
2970	80709	equal
2970	81966	strict
2970	146700	strict
2970	148775	strict
2970	150822	strict
2970	150853	strict
2970	150855	strict
2970	150857	strict
2971	80710	equal
2971	150857	strict
2972	80711	equal
2972	81968	strict
2972	82350	strict
2972	146701	strict
2972	148776	strict
2972	149202	strict
2972	149204	strict
2972	149206	strict
2973	80712	equal
2973	149206	strict
2974	80713	equal
2974	80825	strict
2974	82330	strict
2974	146702	strict
2974	146913	strict
2974	149103	strict
2974	149105	strict
2974	149107	strict
2975	80714	equal
2975	149107	strict
2976	80809	equal
2976	178693	strict
2977	80810	equal
2977	149139	strict
2978	80817	equal
2979	80818	equal
2980	80823	equal
2980	146912	strict
2980	178619	strict
2980	178657	strict
2980	178659	strict
2980	178661	strict
2981	80824	equal
2981	178661	strict
2982	80825	equal
2982	82330	strict
2982	146913	strict
2982	149103	strict
2982	149105	strict
2982	149107	strict
2983	80826	equal
2983	149107	strict
2984	80827	equal
2984	146915	strict
2984	178623	strict
2984	178689	strict
2984	178691	strict
2984	178693	strict
2985	80828	equal
2985	178693	strict
2986	80829	equal
2986	82334	strict
2986	146916	strict
2986	149135	strict
2986	149137	strict
2986	149139	strict
2987	80830	equal
2987	149139	strict
2988	80957	equal
2989	80958	equal
2990	80959	equal
2991	80960	equal
2992	80961	equal
2992	189709	strict
2993	80962	equal
2994	80963	equal
2994	150976	strict
2995	80964	equal
2996	81081	equal
2997	81082	equal
2998	81135	equal
2998	83582	strict
2999	81140	equal
2999	84282	strict
3000	81151	equal
3000	81156	strict
3000	83476	strict
3000	83477	strict
3000	83479	strict
3000	83480	strict
3001	81152	equal
3001	83480	strict
3002	81165	equal
3002	81178	strict
3002	81180	strict
3002	83536	strict
3002	83537	strict
3002	83579	strict
3002	83580	strict
3002	83581	strict
3002	83582	strict
3003	81178	equal
3003	81180	strict
3003	83579	strict
3003	83580	strict
3003	83581	strict
3003	83582	strict
3004	81179	equal
3004	83582	strict
3005	81185	equal
3006	81230	equal
3006	81360	strict
3006	81362	strict
3006	83897	strict
3006	83898	strict
3006	84279	strict
3006	84280	strict
3006	84281	strict
3006	84282	strict
3007	81303	equal
3007	81305	strict
3007	84161	strict
3007	84162	strict
3007	84168	strict
3007	84169	strict
3007	84170	strict
3007	84171	strict
3008	81304	equal
3008	84171	strict
3009	81306	equal
3009	81308	strict
3009	84179	strict
3009	84180	strict
3009	84189	strict
3009	84190	strict
3009	84191	strict
3009	84192	strict
3010	81307	equal
3010	84192	strict
3011	81312	equal
3011	81314	strict
3011	81354	strict
3011	81356	strict
3011	84212	strict
3011	84213	strict
3011	84214	strict
3011	84215	strict
3012	81313	equal
3012	84215	strict
3013	81322	equal
3014	81351	equal
3015	81352	equal
3016	81354	equal
3016	81356	strict
3016	84212	strict
3016	84213	strict
3016	84214	strict
3016	84215	strict
3017	81355	equal
3017	84215	strict
3018	81360	equal
3018	81362	strict
3018	84279	strict
3018	84280	strict
3018	84281	strict
3018	84282	strict
3019	81361	equal
3019	84282	strict
3020	81380	equal
3020	81488	strict
3020	95772	strict
3020	95786	strict
3020	163775	strict
3020	163778	strict
3020	163815	strict
3020	163832	strict
3021	81381	equal
3021	81491	strict
3021	95773	strict
3021	95789	strict
3021	101396	strict
3021	101404	strict
3021	166236	strict
3021	166305	strict
3022	81385	equal
3022	81503	strict
3022	81637	strict
3022	81833	strict
3022	99570	strict
3022	99606	strict
3022	165159	strict
3022	165299	strict
3023	81399	equal
3023	163832	strict
3024	81400	equal
3024	166305	strict
3025	81401	equal
3025	165299	strict
3026	81602	equal
3026	81719	strict
3026	81797	strict
3026	99560	strict
3026	99586	strict
3026	99591	strict
3026	165140	strict
3026	165233	strict
3026	165249	strict
3027	81603	equal
3027	81638	strict
3027	81836	strict
3027	99561	strict
3027	99571	strict
3027	99611	strict
3027	165141	strict
3027	165161	strict
3027	165316	strict
3028	81611	equal
3029	81632	equal
3030	81637	equal
3030	81833	strict
3030	99570	strict
3030	99606	strict
3030	165159	strict
3030	165299	strict
3031	81638	equal
3031	81836	strict
3031	99571	strict
3031	99611	strict
3031	165161	strict
3031	165316	strict
3032	81647	equal
3033	81657	equal
3033	165249	strict
3034	81659	equal
3034	165316	strict
3035	81668	equal
3036	81670	equal
3036	165299	strict
3037	81671	equal
3037	165316	strict
3038	81717	equal
3038	81791	strict
3038	99575	strict
3038	99585	strict
3038	165201	strict
3038	165230	strict
3039	81719	equal
3039	81797	strict
3039	99586	strict
3039	99591	strict
3039	165233	strict
3039	165249	strict
3040	81721	equal
3041	81732	equal
3041	165230	strict
3042	81734	equal
3042	165249	strict
3043	81736	equal
3044	81878	equal
3044	150976	strict
3045	81879	equal
3046	81882	equal
3046	148708	strict
3046	150966	strict
3046	150972	strict
3046	150973	strict
3046	150976	strict
3047	81883	equal
3047	150976	strict
3048	81886	equal
3048	148711	strict
3048	151122	strict
3048	151128	strict
3048	151129	strict
3048	151132	strict
3049	81887	equal
3049	151132	strict
3050	81892	equal
3050	149139	strict
3051	81893	equal
3052	81896	equal
3052	82334	strict
3052	148714	strict
3052	149135	strict
3052	149137	strict
3052	149139	strict
3053	81897	equal
3053	149139	strict
3054	81900	equal
3054	82342	strict
3054	148717	strict
3054	149167	strict
3054	149169	strict
3054	149171	strict
3055	81901	equal
3055	149171	strict
3056	81952	equal
3056	151013	strict
3057	81953	equal
3057	149241	strict
3058	81960	equal
3059	81961	equal
3060	81966	equal
3060	148775	strict
3060	150822	strict
3060	150853	strict
3060	150855	strict
3060	150857	strict
3061	81967	equal
3061	150857	strict
3062	81968	equal
3062	82350	strict
3062	148776	strict
3062	149202	strict
3062	149204	strict
3062	149206	strict
3063	81969	equal
3063	149206	strict
3064	81970	equal
3064	148778	strict
3064	150978	strict
3064	151009	strict
3064	151011	strict
3064	151013	strict
3065	81971	equal
3065	151013	strict
3066	81972	equal
3066	82370	strict
3066	148779	strict
3066	149237	strict
3066	149239	strict
3066	149241	strict
3067	81973	equal
3067	149241	strict
3068	82064	equal
3068	82194	strict
3068	82343	strict
3068	148944	strict
3068	149029	strict
3068	149168	strict
3068	149170	strict
3068	149171	strict
3069	82065	equal
3069	149171	strict
3070	82068	equal
3070	82106	strict
3070	82379	strict
3070	148946	strict
3070	148960	strict
3070	149270	strict
3070	149272	strict
3070	149273	strict
3071	82069	equal
3071	149273	strict
3072	82080	equal
3073	82081	equal
3074	82098	equal
3074	82102	strict
3074	82362	strict
3074	82371	strict
3074	148958	strict
3074	149231	strict
3074	149238	strict
3074	149240	strict
3074	149241	strict
3075	82099	equal
3076	82102	equal
3076	82371	strict
3076	148958	strict
3076	149238	strict
3076	149240	strict
3076	149241	strict
3077	82103	equal
3077	149241	strict
3078	82106	equal
3078	82379	strict
3078	148960	strict
3078	149270	strict
3078	149272	strict
3078	149273	strict
3079	82107	equal
3079	149273	strict
3080	82118	equal
3081	82119	equal
3082	82140	equal
3083	82141	equal
3084	82142	equal
3085	82143	equal
3086	82160	equal
3087	82161	equal
3088	82164	equal
3089	82165	equal
3090	82168	equal
3091	82169	equal
3092	82186	equal
3092	82190	strict
3092	82298	strict
3092	82335	strict
3092	149027	strict
3092	149128	strict
3092	149136	strict
3092	149138	strict
3092	149139	strict
3093	82187	equal
3094	82190	equal
3094	82335	strict
3094	149027	strict
3094	149136	strict
3094	149138	strict
3094	149139	strict
3095	82191	equal
3095	149139	strict
3096	82194	equal
3096	82343	strict
3096	149029	strict
3096	149168	strict
3096	149170	strict
3096	149171	strict
3097	82195	equal
3097	149171	strict
3098	82212	equal
3099	82213	equal
3100	82216	equal
3101	82217	equal
3102	82220	equal
3103	82221	equal
3104	82262	equal
3105	82263	equal
3106	82264	equal
3107	82265	equal
3108	82282	equal
3108	82290	strict
3108	82331	strict
3108	149094	strict
3108	149096	strict
3108	149104	strict
3108	149106	strict
3108	149107	strict
3109	82283	equal
3109	149107	strict
3110	82284	equal
3111	82285	equal
3112	82290	equal
3112	82331	strict
3112	149096	strict
3112	149104	strict
3112	149106	strict
3112	149107	strict
3113	82291	equal
3113	149107	strict
3114	82292	equal
3115	82293	equal
3116	82298	equal
3116	82335	strict
3116	149128	strict
3116	149136	strict
3116	149138	strict
3116	149139	strict
3117	82299	equal
3117	149139	strict
3118	82300	equal
3119	82301	equal
3120	82318	equal
3120	82346	strict
3120	82351	strict
3120	149193	strict
3120	149196	strict
3120	149203	strict
3120	149205	strict
3120	149206	strict
3121	82319	equal
3121	149206	strict
3122	82320	equal
3123	82321	equal
3124	82330	equal
3124	149103	strict
3124	149105	strict
3124	149107	strict
3125	82331	equal
3125	149104	strict
3125	149106	strict
3125	149107	strict
3126	82332	equal
3126	149107	strict
3127	82333	equal
3127	149107	strict
3128	82334	equal
3128	149135	strict
3128	149137	strict
3128	149139	strict
3129	82335	equal
3129	149136	strict
3129	149138	strict
3129	149139	strict
3130	82336	equal
3130	149139	strict
3131	82337	equal
3131	149139	strict
3132	82342	equal
3132	149167	strict
3132	149169	strict
3132	149171	strict
3133	82343	equal
3133	149168	strict
3133	149170	strict
3133	149171	strict
3134	82344	equal
3134	149171	strict
3135	82345	equal
3135	149171	strict
3136	82346	equal
3136	82351	strict
3136	149196	strict
3136	149203	strict
3136	149205	strict
3136	149206	strict
3137	82347	equal
3137	149206	strict
3138	82348	equal
3139	82349	equal
3140	82350	equal
3140	149202	strict
3140	149204	strict
3140	149206	strict
3141	82351	equal
3141	149203	strict
3141	149205	strict
3141	149206	strict
3142	82352	equal
3142	149206	strict
3143	82353	equal
3143	149206	strict
3144	82362	equal
3144	82371	strict
3144	149231	strict
3144	149238	strict
3144	149240	strict
3144	149241	strict
3145	82363	equal
3145	149241	strict
3146	82364	equal
3147	82365	equal
3148	82370	equal
3148	149237	strict
3148	149239	strict
3148	149241	strict
3149	82371	equal
3149	149238	strict
3149	149240	strict
3149	149241	strict
3150	82372	equal
3150	149241	strict
3151	82373	equal
3151	149241	strict
3152	82378	equal
3152	149269	strict
3152	149271	strict
3152	149273	strict
3153	82379	equal
3153	149270	strict
3153	149272	strict
3153	149273	strict
3154	82380	equal
3154	149273	strict
3155	82381	equal
3155	149273	strict
3156	82654	equal
3156	82740	strict
3156	150675	strict
3156	150678	strict
3156	150979	strict
3156	151007	strict
3156	151010	strict
3156	151012	strict
3156	151013	strict
3157	82655	equal
3158	82658	equal
3158	82748	strict
3158	150684	strict
3158	151125	strict
3158	151126	strict
3158	151130	strict
3158	151131	strict
3158	151132	strict
3159	82659	equal
3159	151132	strict
3160	82674	equal
3161	82675	equal
3162	82678	equal
3163	82679	equal
3164	82708	equal
3164	82728	strict
3164	150823	strict
3164	150845	strict
3164	150851	strict
3164	150854	strict
3164	150856	strict
3164	150857	strict
3165	82709	equal
3165	150857	strict
3166	82710	equal
3167	82711	equal
3168	82716	equal
3168	82732	strict
3168	150960	strict
3168	150961	strict
3168	150969	strict
3168	150970	strict
3168	150974	strict
3168	150975	strict
3168	150976	strict
3169	82717	equal
3170	82718	equal
3171	82719	equal
3172	82728	equal
3172	150823	strict
3172	150851	strict
3172	150854	strict
3172	150856	strict
3172	150857	strict
3173	82729	equal
3173	150857	strict
3174	82730	equal
3175	82731	equal
3176	82732	equal
3176	150969	strict
3176	150970	strict
3176	150974	strict
3176	150975	strict
3176	150976	strict
3177	82733	equal
3177	150976	strict
3178	82734	equal
3179	82735	equal
3180	82740	equal
3180	150979	strict
3180	151007	strict
3180	151010	strict
3180	151012	strict
3180	151013	strict
3181	82741	equal
3181	151013	strict
3182	82742	equal
3183	82743	equal
3184	82748	equal
3184	151125	strict
3184	151126	strict
3184	151130	strict
3184	151131	strict
3184	151132	strict
3185	82749	equal
3185	151132	strict
3186	82750	equal
3187	82751	equal
3188	82967	equal
3189	82968	equal
3190	82982	equal
3191	82983	equal
3192	83033	equal
3193	83034	equal
3194	83044	equal
3195	83045	equal
3196	83394	equal
3196	83396	strict
3196	83565	strict
3196	83567	strict
3196	83569	strict
3196	83573	strict
3197	83395	equal
3197	83573	strict
3198	83397	equal
3198	83399	strict
3198	83574	strict
3198	83576	strict
3198	83578	strict
3198	83582	strict
3199	83398	equal
3199	83582	strict
3200	83409	equal
3200	83411	strict
3200	84255	strict
3200	84257	strict
3200	84259	strict
3200	84263	strict
3201	83410	equal
3201	84263	strict
3202	83412	equal
3202	83414	strict
3202	84274	strict
3202	84276	strict
3202	84278	strict
3202	84282	strict
3203	83413	equal
3203	84282	strict
3204	83448	equal
3204	83456	strict
3204	83464	strict
3204	83480	strict
3205	83455	equal
3205	83480	strict
3206	83463	equal
3206	83480	strict
3207	83476	equal
3207	83477	strict
3207	83479	strict
3207	83480	strict
3208	83532	equal
3208	83573	strict
3209	83533	equal
3209	83534	strict
3209	83570	strict
3209	83571	strict
3209	83572	strict
3209	83573	strict
3210	83535	equal
3210	83582	strict
3211	83536	equal
3211	83537	strict
3211	83579	strict
3211	83580	strict
3211	83581	strict
3211	83582	strict
3212	83565	equal
3212	83567	strict
3212	83569	strict
3212	83573	strict
3213	83566	equal
3213	83573	strict
3214	83568	equal
3214	83573	strict
3215	83570	equal
3215	83571	strict
3215	83572	strict
3215	83573	strict
3216	83574	equal
3216	83576	strict
3216	83578	strict
3216	83582	strict
3217	83575	equal
3217	83582	strict
3218	83577	equal
3218	83582	strict
3219	83579	equal
3219	83580	strict
3219	83581	strict
3219	83582	strict
3220	83602	equal
3221	83603	equal
3222	83605	equal
3223	83606	equal
3224	83893	equal
3224	84263	strict
3225	83894	equal
3225	83895	strict
3225	84260	strict
3225	84261	strict
3225	84262	strict
3225	84263	strict
3226	83896	equal
3226	84282	strict
3227	83897	equal
3227	83898	strict
3227	84279	strict
3227	84280	strict
3227	84281	strict
3227	84282	strict
3228	83917	equal
3229	83918	equal
3230	83920	equal
3231	83921	equal
3232	83983	equal
3232	83985	strict
3232	84055	strict
3232	84057	strict
3232	84059	strict
3232	84063	strict
3233	83984	equal
3233	84063	strict
3234	83986	equal
3234	83988	strict
3234	84136	strict
3234	84138	strict
3234	84140	strict
3234	84144	strict
3235	83987	equal
3235	84144	strict
3236	84006	equal
3236	84014	strict
3236	84022	strict
3236	84038	strict
3237	84013	equal
3237	84038	strict
3238	84021	equal
3238	84038	strict
3239	84034	equal
3239	84035	strict
3239	84037	strict
3239	84038	strict
3240	84052	equal
3240	84063	strict
3241	84053	equal
3241	84054	strict
3241	84060	strict
3241	84061	strict
3241	84062	strict
3241	84063	strict
3242	84055	equal
3242	84057	strict
3242	84059	strict
3242	84063	strict
3243	84056	equal
3243	84063	strict
3244	84058	equal
3244	84063	strict
3245	84060	equal
3245	84061	strict
3245	84062	strict
3245	84063	strict
3246	84064	equal
3247	84065	equal
3248	84106	equal
3248	84144	strict
3249	84107	equal
3249	84108	strict
3249	84141	strict
3249	84142	strict
3249	84143	strict
3249	84144	strict
3250	84118	equal
3251	84119	equal
3252	84127	equal
3252	84129	strict
3252	84131	strict
3252	84135	strict
3253	84128	equal
3253	84135	strict
3254	84130	equal
3254	84135	strict
3255	84132	equal
3255	84133	strict
3255	84134	strict
3255	84135	strict
3256	84136	equal
3256	84138	strict
3256	84140	strict
3256	84144	strict
3257	84137	equal
3257	84144	strict
3258	84139	equal
3258	84144	strict
3259	84141	equal
3259	84142	strict
3259	84143	strict
3259	84144	strict
3260	84151	equal
3260	84153	strict
3260	84163	strict
3260	84165	strict
3260	84167	strict
3260	84171	strict
3261	84152	equal
3261	84171	strict
3262	84154	equal
3262	84156	strict
3262	84184	strict
3262	84186	strict
3262	84188	strict
3262	84192	strict
3263	84155	equal
3263	84192	strict
3264	84160	equal
3264	84171	strict
3265	84161	equal
3265	84162	strict
3265	84168	strict
3265	84169	strict
3265	84170	strict
3265	84171	strict
3266	84163	equal
3266	84165	strict
3266	84167	strict
3266	84171	strict
3267	84164	equal
3267	84171	strict
3268	84166	equal
3268	84171	strict
3269	84168	equal
3269	84169	strict
3269	84170	strict
3269	84171	strict
3270	84172	equal
3271	84173	equal
3272	84178	equal
3272	84192	strict
3273	84179	equal
3273	84180	strict
3273	84189	strict
3273	84190	strict
3273	84191	strict
3273	84192	strict
3274	84181	equal
3275	84182	equal
3276	84184	equal
3276	84186	strict
3276	84188	strict
3276	84192	strict
3277	84185	equal
3277	84192	strict
3278	84187	equal
3278	84192	strict
3279	84189	equal
3279	84190	strict
3279	84191	strict
3279	84192	strict
3280	84207	equal
3280	84209	strict
3280	84211	strict
3280	84215	strict
3281	84208	equal
3281	84215	strict
3282	84210	equal
3282	84215	strict
3283	84212	equal
3283	84213	strict
3283	84214	strict
3283	84215	strict
3284	84255	equal
3284	84257	strict
3284	84259	strict
3284	84263	strict
3285	84256	equal
3285	84263	strict
3286	84258	equal
3286	84263	strict
3287	84260	equal
3287	84261	strict
3287	84262	strict
3287	84263	strict
3288	84274	equal
3288	84276	strict
3288	84278	strict
3288	84282	strict
3289	84275	equal
3289	84282	strict
3290	84277	equal
3290	84282	strict
3291	84279	equal
3291	84280	strict
3291	84281	strict
3291	84282	strict
3292	84885	equal
3293	84886	equal
3294	84918	equal
3295	84919	equal
3296	84941	equal
3297	84942	equal
3298	84950	equal
3299	84954	equal
3300	84963	equal
3301	84964	equal
3302	84965	equal
3303	84967	equal
3304	84980	equal
3305	84984	equal
3306	84987	equal
3307	84988	equal
3308	84990	equal
3309	84991	equal
3310	85076	equal
3311	85077	equal
3312	85088	equal
3313	85089	equal
3314	85329	equal
3315	85332	equal
3316	85340	equal
3317	85344	equal
3318	85355	equal
3319	85362	equal
3320	85363	equal
3321	85367	equal
3322	85396	equal
3323	85402	equal
3324	85427	equal
3325	85428	equal
3326	85430	equal
3327	85431	equal
3328	85433	equal
3329	85434	equal
3330	85442	equal
3331	85443	equal
3332	85483	equal
3332	189709	strict
3333	85484	equal
3334	85487	equal
3335	85488	equal
3336	85491	equal
3336	178693	strict
3337	85492	equal
3338	85495	equal
3339	85496	equal
3340	85619	equal
3341	85620	equal
3342	85621	equal
3343	85622	equal
3344	85623	equal
3344	190101	strict
3345	85624	equal
3346	85625	equal
3346	178882	strict
3347	85626	equal
3348	85705	equal
3348	85771	strict
3348	178559	strict
3348	178562	strict
3348	178624	strict
3348	178687	strict
3348	178690	strict
3348	178692	strict
3348	178693	strict
3349	85706	equal
3350	85709	equal
3350	85799	strict
3350	178568	strict
3350	178944	strict
3350	178945	strict
3350	178949	strict
3350	178950	strict
3350	178951	strict
3351	85710	equal
3351	178951	strict
3352	85725	equal
3353	85726	equal
3354	85729	equal
3355	85730	equal
3356	85755	equal
3356	85763	strict
3356	178620	strict
3356	178652	strict
3356	178655	strict
3356	178658	strict
3356	178660	strict
3356	178661	strict
3357	85756	equal
3357	178661	strict
3358	85757	equal
3359	85758	equal
3360	85763	equal
3360	178620	strict
3360	178655	strict
3360	178658	strict
3360	178660	strict
3360	178661	strict
3361	85764	equal
3361	178661	strict
3362	85765	equal
3363	85766	equal
3364	85771	equal
3364	178624	strict
3364	178687	strict
3364	178690	strict
3364	178692	strict
3364	178693	strict
3365	85772	equal
3365	178693	strict
3366	85773	equal
3367	85774	equal
3368	85783	equal
3368	85791	strict
3368	178866	strict
3368	178867	strict
3368	178875	strict
3368	178876	strict
3368	178880	strict
3368	178881	strict
3368	178882	strict
3369	85784	equal
3370	85785	equal
3371	85786	equal
3372	85791	equal
3372	178875	strict
3372	178876	strict
3372	178880	strict
3372	178881	strict
3372	178882	strict
3373	85792	equal
3373	178882	strict
3374	85793	equal
3375	85794	equal
3376	85799	equal
3376	178944	strict
3376	178945	strict
3376	178949	strict
3376	178950	strict
3376	178951	strict
3377	85800	equal
3377	178951	strict
3378	85801	equal
3379	85802	equal
3380	85931	equal
3381	85932	equal
3382	85940	equal
3383	85941	equal
3384	86151	equal
3384	189489	strict
3384	189494	strict
3384	189531	strict
3384	189533	strict
3384	189536	strict
3384	189538	strict
3384	189539	strict
3385	86152	equal
3385	189539	strict
3386	86153	equal
3387	86154	equal
3388	86159	equal
3388	189497	strict
3388	189555	strict
3388	189581	strict
3388	189583	strict
3388	189586	strict
3388	189588	strict
3388	189589	strict
3389	86160	equal
3389	189589	strict
3390	86161	equal
3391	86162	equal
3392	86167	equal
3392	189501	strict
3392	189694	strict
3392	189697	strict
3392	189699	strict
3392	189704	strict
3392	189707	strict
3392	189708	strict
3392	189709	strict
3393	86168	equal
3394	86169	equal
3395	86170	equal
3396	86175	equal
3396	189976	strict
3396	189982	strict
3396	189983	strict
3396	189985	strict
3396	189989	strict
3396	189990	strict
3396	189991	strict
3397	86176	equal
3397	189991	strict
3398	86177	equal
3399	86178	equal
3400	86183	equal
3400	190025	strict
3400	190086	strict
3400	190089	strict
3400	190091	strict
3400	190096	strict
3400	190099	strict
3400	190100	strict
3400	190101	strict
3401	86184	equal
3402	86185	equal
3403	86186	equal
3404	86191	equal
3404	190182	strict
3404	190188	strict
3404	190189	strict
3404	190191	strict
3404	190195	strict
3404	190196	strict
3404	190197	strict
3405	86192	equal
3405	190197	strict
3406	86193	equal
3407	86194	equal
3408	86596	equal
3408	86600	strict
3408	86675	strict
3408	86677	strict
3408	88248	strict
3408	88253	strict
3408	88255	strict
3408	88256	strict
3409	86597	equal
3409	88256	strict
3410	86637	equal
3410	88280	strict
3411	86640	equal
3411	88358	strict
3412	86656	equal
3413	86657	equal
3414	86675	equal
3414	86677	strict
3414	88248	strict
3414	88253	strict
3414	88255	strict
3414	88256	strict
3415	86676	equal
3415	88256	strict
3416	86684	equal
3416	86691	strict
3416	86693	strict
3416	88269	strict
3416	88271	strict
3416	88274	strict
3416	88277	strict
3416	88279	strict
3416	88280	strict
3417	86691	equal
3417	86693	strict
3417	88274	strict
3417	88277	strict
3417	88279	strict
3417	88280	strict
3418	86692	equal
3418	88280	strict
3419	86696	equal
3420	86735	equal
3420	86737	strict
3420	86769	strict
3420	86771	strict
3420	88343	strict
3420	88346	strict
3420	88348	strict
3420	88349	strict
3421	86736	equal
3421	88349	strict
3422	86749	equal
3423	86750	equal
3424	86763	equal
3424	86778	strict
3424	86780	strict
3424	88329	strict
3424	88331	strict
3424	88352	strict
3424	88355	strict
3424	88357	strict
3424	88358	strict
3425	86766	equal
3426	86769	equal
3426	86771	strict
3426	88343	strict
3426	88346	strict
3426	88348	strict
3426	88349	strict
3427	86770	equal
3427	88349	strict
3428	86778	equal
3428	86780	strict
3428	88352	strict
3428	88355	strict
3428	88357	strict
3428	88358	strict
3429	86779	equal
3429	88358	strict
3430	86827	equal
3430	86846	strict
3430	86925	strict
3430	86930	strict
3430	95075	strict
3430	95094	strict
3430	95096	strict
3430	95097	strict
3431	86828	equal
3431	95097	strict
3432	86885	equal
3433	86886	equal
3434	86911	equal
3434	95121	strict
3435	86914	equal
3435	95199	strict
3436	86925	equal
3436	86930	strict
3436	95075	strict
3436	95094	strict
3436	95096	strict
3436	95097	strict
3437	86926	equal
3437	95097	strict
3438	86937	equal
3438	86944	strict
3438	86946	strict
3438	95110	strict
3438	95112	strict
3438	95114	strict
3438	95118	strict
3438	95120	strict
3438	95121	strict
3439	86944	equal
3439	86946	strict
3439	95114	strict
3439	95118	strict
3439	95120	strict
3439	95121	strict
3440	86945	equal
3440	95121	strict
3441	86949	equal
3442	86978	equal
3442	87024	strict
3442	87026	strict
3442	95161	strict
3442	95163	strict
3442	95193	strict
3442	95196	strict
3442	95198	strict
3442	95199	strict
3443	86990	equal
3443	86992	strict
3443	87018	strict
3443	87020	strict
3443	95184	strict
3443	95187	strict
3443	95189	strict
3443	95190	strict
3444	86991	equal
3444	95190	strict
3445	86998	equal
3446	87015	equal
3447	87016	equal
3448	87018	equal
3448	87020	strict
3448	95184	strict
3448	95187	strict
3448	95189	strict
3448	95190	strict
3449	87019	equal
3449	95190	strict
3450	87024	equal
3450	87026	strict
3450	95193	strict
3450	95196	strict
3450	95198	strict
3450	95199	strict
3451	87025	equal
3451	95199	strict
3452	87588	equal
3452	87590	strict
3452	95992	strict
3452	95994	strict
3452	96039	strict
3452	96040	strict
3452	96041	strict
3452	96042	strict
3453	87589	equal
3453	96042	strict
3454	87630	equal
3454	87632	strict
3454	96004	strict
3454	96006	strict
3454	96096	strict
3454	96099	strict
3454	96101	strict
3454	96102	strict
3455	87631	equal
3455	96102	strict
3456	87908	equal
3457	87909	equal
3458	87920	equal
3459	87921	equal
3460	87955	equal
3461	87956	equal
3462	87970	equal
3463	87971	equal
3464	87977	equal
3465	87978	equal
3466	87979	equal
3467	87981	equal
3468	87997	equal
3469	87998	equal
3470	88001	equal
3471	88002	equal
3472	88004	equal
3473	88005	equal
3474	88203	equal
3474	88204	strict
3474	88272	strict
3474	88273	strict
3474	88278	strict
3474	88280	strict
3475	88205	equal
3475	88280	strict
3476	88206	equal
3476	88207	strict
3476	88350	strict
3476	88351	strict
3476	88356	strict
3476	88358	strict
3477	88208	equal
3477	88358	strict
3478	88227	equal
3478	88228	strict
3478	88254	strict
3478	88256	strict
3479	88248	equal
3479	88253	strict
3479	88255	strict
3479	88256	strict
3480	88249	equal
3480	88256	strict
3481	88250	equal
3481	88256	strict
3482	88269	equal
3482	88271	strict
3482	88274	strict
3482	88277	strict
3482	88279	strict
3482	88280	strict
3483	88270	equal
3483	88280	strict
3484	88272	equal
3484	88273	strict
3484	88278	strict
3484	88280	strict
3485	88274	equal
3485	88277	strict
3485	88279	strict
3485	88280	strict
3486	88275	equal
3486	88280	strict
3487	88276	equal
3487	88280	strict
3488	88281	equal
3489	88283	equal
3490	88329	equal
3490	88331	strict
3490	88352	strict
3490	88355	strict
3490	88357	strict
3490	88358	strict
3491	88330	equal
3491	88358	strict
3492	88332	equal
3493	88334	equal
3494	88341	equal
3494	88342	strict
3494	88347	strict
3494	88349	strict
3495	88343	equal
3495	88346	strict
3495	88348	strict
3495	88349	strict
3496	88344	equal
3496	88349	strict
3497	88345	equal
3497	88349	strict
3498	88350	equal
3498	88351	strict
3498	88356	strict
3498	88358	strict
3499	88352	equal
3499	88355	strict
3499	88357	strict
3499	88358	strict
3500	88353	equal
3500	88358	strict
3501	88354	equal
3501	88358	strict
3502	88433	equal
3502	88434	strict
3502	88627	strict
3502	88628	strict
3502	88636	strict
3502	88637	strict
3502	88642	strict
3502	88644	strict
3503	88435	equal
3503	88644	strict
3504	88436	equal
3504	88437	strict
3504	88630	strict
3504	88631	strict
3504	88654	strict
3504	88655	strict
3504	88660	strict
3504	88662	strict
3505	88438	equal
3505	88662	strict
3506	88529	equal
3506	88531	strict
3506	88633	strict
3506	88635	strict
3506	88638	strict
3506	88641	strict
3506	88643	strict
3506	88644	strict
3507	88530	equal
3507	88644	strict
3508	88532	equal
3508	88534	strict
3508	88648	strict
3508	88650	strict
3508	88656	strict
3508	88659	strict
3508	88661	strict
3508	88662	strict
3509	88533	equal
3509	88662	strict
3510	88627	equal
3510	88628	strict
3510	88636	strict
3510	88637	strict
3510	88642	strict
3510	88644	strict
3511	88629	equal
3511	88644	strict
3512	88630	equal
3512	88631	strict
3512	88654	strict
3512	88655	strict
3512	88660	strict
3512	88662	strict
3513	88632	equal
3513	88662	strict
3514	88633	equal
3514	88635	strict
3514	88638	strict
3514	88641	strict
3514	88643	strict
3514	88644	strict
3515	88634	equal
3515	88644	strict
3516	88636	equal
3516	88637	strict
3516	88642	strict
3516	88644	strict
3517	88638	equal
3517	88641	strict
3517	88643	strict
3517	88644	strict
3518	88639	equal
3518	88644	strict
3519	88640	equal
3519	88644	strict
3520	88645	equal
3521	88647	equal
3522	88648	equal
3522	88650	strict
3522	88656	strict
3522	88659	strict
3522	88661	strict
3522	88662	strict
3523	88649	equal
3523	88662	strict
3524	88651	equal
3525	88653	equal
3526	88654	equal
3526	88655	strict
3526	88660	strict
3526	88662	strict
3527	88656	equal
3527	88659	strict
3527	88661	strict
3527	88662	strict
3528	88657	equal
3528	88662	strict
3529	88658	equal
3529	88662	strict
3530	89082	equal
3530	89083	strict
3530	145934	strict
3530	145935	strict
3530	146013	strict
3530	146014	strict
3530	146019	strict
3530	146021	strict
3531	89084	equal
3531	146021	strict
3532	89092	equal
3532	89093	strict
3532	145944	strict
3532	145945	strict
3532	146152	strict
3532	146153	strict
3532	146158	strict
3532	146160	strict
3533	89094	equal
3533	146160	strict
3534	89115	equal
3535	89117	equal
3536	89125	equal
3537	89127	equal
3538	89182	equal
3539	89184	equal
3540	89185	equal
3541	89187	equal
3542	89211	equal
3542	89272	strict
3542	147745	strict
3542	147751	strict
3542	210399	strict
3542	210411	strict
3542	210412	strict
3542	210415	strict
3543	89212	equal
3543	210415	strict
3544	89213	equal
3544	89274	strict
3544	147749	strict
3544	147752	strict
3544	152285	strict
3544	152301	strict
3544	152302	strict
3544	152305	strict
3545	89214	equal
3545	152305	strict
3546	89217	equal
3546	89277	strict
3546	146251	strict
3546	146271	strict
3546	195522	strict
3546	195534	strict
3546	195535	strict
3546	195538	strict
3547	89218	equal
3547	195538	strict
3548	89221	equal
3548	89280	strict
3548	146255	strict
3548	146274	strict
3548	151312	strict
3548	151424	strict
3548	151426	strict
3548	151428	strict
3549	89222	equal
3549	151428	strict
3550	89578	equal
3550	89590	strict
3550	159006	strict
3550	159038	strict
3550	159068	strict
3550	159072	strict
3550	159095	strict
3550	159097	strict
3551	89579	equal
3551	89591	strict
3551	159007	strict
3551	159009	strict
3551	159069	strict
3551	159071	strict
3551	159145	strict
3551	159147	strict
3552	89580	equal
3552	89592	strict
3552	90052	strict
3552	90062	strict
3552	160680	strict
3552	160827	strict
3552	160898	strict
3552	160900	strict
3553	89581	equal
3553	89593	strict
3553	103046	strict
3553	103056	strict
3553	183115	strict
3553	183232	strict
3553	183254	strict
3553	183256	strict
3554	89582	equal
3554	89594	strict
3554	103047	strict
3554	103057	strict
3554	107212	strict
3554	107230	strict
3554	212990	strict
3554	212992	strict
3555	89583	equal
3555	89595	strict
3555	90053	strict
3555	90063	strict
3555	107215	strict
3555	107233	strict
3555	213146	strict
3555	213148	strict
3556	89670	equal
3556	89911	strict
3556	89914	strict
3556	158234	strict
3556	158240	strict
3556	159522	strict
3556	159524	strict
3556	159530	strict
3556	159554	strict
3557	89671	equal
3557	89912	strict
3557	89916	strict
3557	103817	strict
3557	105862	strict
3557	105864	strict
3557	181962	strict
3557	184861	strict
3557	184886	strict
3558	89676	equal
3558	90050	strict
3558	90060	strict
3558	158235	strict
3558	158243	strict
3558	160679	strict
3558	160826	strict
3558	160868	strict
3558	160870	strict
3559	89677	equal
3559	90051	strict
3559	90061	strict
3559	103818	strict
3559	107214	strict
3559	107232	strict
3559	181965	strict
3559	213116	strict
3559	213118	strict
3560	89723	equal
3561	89724	equal
3562	89843	equal
3562	89866	strict
3562	94431	strict
3562	94453	strict
3562	94497	strict
3562	94518	strict
3563	89844	equal
3563	89869	strict
3563	105229	strict
3563	105365	strict
3563	106379	strict
3563	106484	strict
3564	89865	equal
3564	94518	strict
3565	89868	equal
3565	106484	strict
3566	89880	equal
3566	89894	strict
3566	159394	strict
3566	159402	strict
3566	159418	strict
3566	159464	strict
3567	89881	equal
3567	89897	strict
3567	105585	strict
3567	105593	strict
3567	184196	strict
3567	184243	strict
3568	89893	equal
3568	159464	strict
3569	89896	equal
3569	184243	strict
3570	89900	equal
3570	89906	strict
3570	94527	strict
3570	94577	strict
3570	94589	strict
3570	94608	strict
3571	89901	equal
3571	89908	strict
3571	105695	strict
3571	105740	strict
3571	106805	strict
3571	107093	strict
3572	89903	equal
3573	89904	equal
3574	89905	equal
3574	94608	strict
3575	89907	equal
3575	107093	strict
3576	89909	equal
3577	89910	equal
3578	89911	equal
3578	89914	strict
3578	159522	strict
3578	159524	strict
3578	159530	strict
3578	159554	strict
3579	89912	equal
3579	89916	strict
3579	105862	strict
3579	105864	strict
3579	184861	strict
3579	184886	strict
3580	89913	equal
3580	159554	strict
3581	89915	equal
3581	184886	strict
3582	90042	equal
3582	94608	strict
3583	90043	equal
3583	107093	strict
3584	90050	equal
3584	90060	strict
3584	160679	strict
3584	160826	strict
3584	160868	strict
3584	160870	strict
3585	90051	equal
3585	90061	strict
3585	107214	strict
3585	107232	strict
3585	213116	strict
3585	213118	strict
3586	90052	equal
3586	90062	strict
3586	160680	strict
3586	160827	strict
3586	160898	strict
3586	160900	strict
3587	90053	equal
3587	90063	strict
3587	107215	strict
3587	107233	strict
3587	213146	strict
3587	213148	strict
3588	90242	equal
3588	90244	strict
3588	91740	strict
3588	91742	strict
3588	91789	strict
3588	91790	strict
3588	91791	strict
3588	91792	strict
3589	90243	equal
3589	91792	strict
3590	90305	equal
3590	90307	strict
3590	91824	strict
3590	91826	strict
3590	91894	strict
3590	91897	strict
3590	91899	strict
3590	91900	strict
3591	90306	equal
3591	91900	strict
3592	90607	equal
3592	95803	strict
3592	95806	strict
3592	155695	strict
3592	155701	strict
3592	163891	strict
3592	163896	strict
3592	163907	strict
3592	163922	strict
3593	90608	equal
3593	93469	strict
3593	95804	strict
3593	95808	strict
3593	101671	strict
3593	101675	strict
3593	158021	strict
3593	166870	strict
3593	166950	strict
3594	90613	equal
3594	103044	strict
3594	103054	strict
3594	155696	strict
3594	155704	strict
3594	183114	strict
3594	183206	strict
3594	183223	strict
3594	183225	strict
3595	90614	equal
3595	93477	strict
3595	103045	strict
3595	103055	strict
3595	107211	strict
3595	107229	strict
3595	158045	strict
3595	212951	strict
3595	212953	strict
3596	91212	equal
3596	91301	strict
3596	96560	strict
3596	96561	strict
3596	96675	strict
3596	96676	strict
3596	96678	strict
3596	96679	strict
3597	91213	equal
3597	96679	strict
3598	91276	equal
3598	91297	strict
3598	92294	strict
3598	92295	strict
3598	92346	strict
3598	92347	strict
3598	92348	strict
3598	92349	strict
3599	91277	equal
3599	92349	strict
3600	91508	equal
3600	99843	strict
3600	99847	strict
3600	99850	strict
3600	155546	strict
3600	165515	strict
3600	165544	strict
3600	165562	strict
3601	91509	equal
3601	99844	strict
3601	99846	strict
3601	99854	strict
3601	155547	strict
3601	165516	strict
3601	165524	strict
3601	165587	strict
3602	91513	equal
3602	93468	strict
3602	101670	strict
3602	101673	strict
3602	155559	strict
3602	158018	strict
3602	166865	strict
3602	166933	strict
3603	91516	equal
3603	93476	strict
3603	107210	strict
3603	107228	strict
3603	155568	strict
3603	158042	strict
3603	212926	strict
3603	212928	strict
3604	91519	equal
3604	103815	strict
3604	105859	strict
3604	105861	strict
3604	155577	strict
3604	181956	strict
3604	184831	strict
3604	184854	strict
3605	91522	equal
3605	103816	strict
3605	107213	strict
3605	107231	strict
3605	155586	strict
3605	181959	strict
3605	213042	strict
3605	213044	strict
3606	91551	equal
3607	91552	equal
3608	91574	equal
3609	91575	equal
3610	91586	equal
3611	91587	equal
3612	91690	equal
3612	91692	strict
3612	91784	strict
3612	91786	strict
3612	91788	strict
3612	91792	strict
3613	91691	equal
3613	91792	strict
3614	91706	equal
3614	91708	strict
3614	91892	strict
3614	91893	strict
3614	91898	strict
3614	91900	strict
3615	91707	equal
3615	91900	strict
3616	91740	equal
3616	91742	strict
3616	91789	strict
3616	91790	strict
3616	91791	strict
3616	91792	strict
3617	91741	equal
3617	91792	strict
3618	91784	equal
3618	91786	strict
3618	91788	strict
3618	91792	strict
3619	91785	equal
3619	91792	strict
3620	91787	equal
3620	91792	strict
3621	91789	equal
3621	91790	strict
3621	91791	strict
3621	91792	strict
3622	91810	equal
3623	91811	equal
3624	91824	equal
3624	91826	strict
3624	91894	strict
3624	91897	strict
3624	91899	strict
3624	91900	strict
3625	91825	equal
3625	91900	strict
3626	91838	equal
3627	91839	equal
3628	91892	equal
3628	91893	strict
3628	91898	strict
3628	91900	strict
3629	91894	equal
3629	91897	strict
3629	91899	strict
3629	91900	strict
3630	91895	equal
3630	91900	strict
3631	91896	equal
3631	91900	strict
3632	91950	equal
3632	91951	strict
3632	92117	strict
3632	92118	strict
3632	92529	strict
3632	92530	strict
3632	92535	strict
3632	92537	strict
3633	91952	equal
3633	92537	strict
3634	91976	equal
3634	92091	strict
3634	92093	strict
3634	92181	strict
3634	92183	strict
3634	92350	strict
3634	92352	strict
3634	92354	strict
3634	92358	strict
3635	91978	equal
3635	92107	strict
3635	92108	strict
3635	92195	strict
3635	92197	strict
3635	92485	strict
3635	92486	strict
3635	92491	strict
3635	92493	strict
3636	91996	equal
3637	91997	equal
3638	92023	equal
3639	92025	equal
3640	92078	equal
3640	92358	strict
3641	92082	equal
3641	92090	strict
3641	92317	strict
3641	92325	strict
3641	92333	strict
3641	92349	strict
3642	92089	equal
3642	92349	strict
3643	92091	equal
3643	92093	strict
3643	92350	strict
3643	92352	strict
3643	92354	strict
3643	92358	strict
3644	92092	equal
3644	92358	strict
3645	92096	equal
3646	92099	equal
3646	92493	strict
3647	92104	equal
3648	92107	equal
3648	92108	strict
3648	92485	strict
3648	92486	strict
3648	92491	strict
3648	92493	strict
3649	92109	equal
3649	92493	strict
3650	92117	equal
3650	92118	strict
3650	92529	strict
3650	92530	strict
3650	92535	strict
3650	92537	strict
3651	92119	equal
3651	92537	strict
3652	92177	equal
3652	92358	strict
3653	92181	equal
3653	92183	strict
3653	92350	strict
3653	92352	strict
3653	92354	strict
3653	92358	strict
3654	92182	equal
3654	92358	strict
3655	92191	equal
3655	92493	strict
3656	92195	equal
3656	92197	strict
3656	92485	strict
3656	92486	strict
3656	92491	strict
3656	92493	strict
3657	92196	equal
3657	92493	strict
3658	92262	equal
3658	92275	strict
3658	92277	strict
3658	92297	strict
3658	92298	strict
3658	92355	strict
3658	92356	strict
3658	92357	strict
3658	92358	strict
3659	92275	equal
3659	92277	strict
3659	92355	strict
3659	92356	strict
3659	92357	strict
3659	92358	strict
3660	92276	equal
3660	92358	strict
3661	92287	equal
3661	92349	strict
3662	92294	equal
3662	92295	strict
3662	92346	strict
3662	92347	strict
3662	92348	strict
3662	92349	strict
3663	92296	equal
3663	92358	strict
3664	92297	equal
3664	92298	strict
3664	92355	strict
3664	92356	strict
3664	92357	strict
3664	92358	strict
3665	92317	equal
3665	92325	strict
3665	92333	strict
3665	92349	strict
3666	92324	equal
3666	92349	strict
3667	92332	equal
3667	92349	strict
3668	92346	equal
3668	92347	strict
3668	92348	strict
3668	92349	strict
3669	92350	equal
3669	92352	strict
3669	92354	strict
3669	92358	strict
3670	92351	equal
3670	92358	strict
3671	92353	equal
3671	92358	strict
3672	92355	equal
3672	92356	strict
3672	92357	strict
3672	92358	strict
3673	92365	equal
3674	92372	equal
3675	92378	equal
3676	92385	equal
3677	92386	equal
3678	92392	equal
3678	92399	strict
3678	92401	strict
3678	92481	strict
3678	92483	strict
3678	92487	strict
3678	92490	strict
3678	92492	strict
3678	92493	strict
3679	92399	equal
3679	92401	strict
3679	92487	strict
3679	92490	strict
3679	92492	strict
3679	92493	strict
3680	92400	equal
3680	92493	strict
3681	92414	equal
3682	92421	equal
3683	92422	equal
3684	92462	equal
3684	92464	strict
3684	92501	strict
3684	92503	strict
3684	92531	strict
3684	92534	strict
3684	92536	strict
3684	92537	strict
3685	92463	equal
3685	92537	strict
3686	92472	equal
3687	92474	equal
3688	92481	equal
3688	92483	strict
3688	92487	strict
3688	92490	strict
3688	92492	strict
3688	92493	strict
3689	92482	equal
3689	92493	strict
3690	92485	equal
3690	92486	strict
3690	92491	strict
3690	92493	strict
3691	92487	equal
3691	92490	strict
3691	92492	strict
3691	92493	strict
3692	92488	equal
3692	92493	strict
3693	92489	equal
3693	92493	strict
3694	92501	equal
3694	92503	strict
3694	92531	strict
3694	92534	strict
3694	92536	strict
3694	92537	strict
3695	92502	equal
3695	92537	strict
3696	92529	equal
3696	92530	strict
3696	92535	strict
3696	92537	strict
3697	92531	equal
3697	92534	strict
3697	92536	strict
3697	92537	strict
3698	92532	equal
3698	92537	strict
3699	92533	equal
3699	92537	strict
3700	92682	equal
3701	92683	equal
3702	92684	equal
3703	92685	equal
3704	92956	equal
3704	92957	strict
3704	93126	strict
3704	93127	strict
3704	157583	strict
3704	157584	strict
3704	157589	strict
3704	157591	strict
3705	92958	equal
3705	157591	strict
3706	92970	equal
3706	93100	strict
3706	93102	strict
3706	157291	strict
3706	157293	strict
3706	157459	strict
3706	157461	strict
3706	157463	strict
3706	157467	strict
3707	92972	equal
3707	93116	strict
3707	93117	strict
3707	157297	strict
3707	157299	strict
3707	157523	strict
3707	157524	strict
3707	157529	strict
3707	157531	strict
3708	92995	equal
3709	92996	equal
3710	93022	equal
3711	93024	equal
3712	93087	equal
3712	157467	strict
3713	93091	equal
3713	93099	strict
3713	157414	strict
3713	157422	strict
3713	157430	strict
3713	157446	strict
3714	93098	equal
3714	157446	strict
3715	93100	equal
3715	93102	strict
3715	157459	strict
3715	157461	strict
3715	157463	strict
3715	157467	strict
3716	93101	equal
3716	157467	strict
3717	93105	equal
3718	93108	equal
3718	157531	strict
3719	93113	equal
3720	93116	equal
3720	93117	strict
3720	157523	strict
3720	157524	strict
3720	157529	strict
3720	157531	strict
3721	93118	equal
3721	157531	strict
3722	93126	equal
3722	93127	strict
3722	157583	strict
3722	157584	strict
3722	157589	strict
3722	157591	strict
3723	93128	equal
3723	157591	strict
3724	93185	equal
3725	93187	equal
3726	93224	equal
3727	93233	equal
3728	93240	equal
3729	93242	equal
3730	93243	equal
3731	93247	equal
3732	93250	equal
3733	93255	equal
3734	93265	equal
3735	93267	equal
3736	93283	equal
3737	93285	equal
3738	93317	equal
3738	93348	strict
3738	100488	strict
3738	100516	strict
3738	204979	strict
3738	204996	strict
3738	204997	strict
3738	205000	strict
3739	93318	equal
3739	205000	strict
3740	93321	equal
3740	93351	strict
3740	100492	strict
3740	100519	strict
3740	193628	strict
3740	193832	strict
3740	193834	strict
3740	193836	strict
3741	93322	equal
3741	193836	strict
3742	93414	equal
3743	93415	equal
3744	93433	equal
3745	93440	equal
3746	93453	equal
3747	93460	equal
3748	93468	equal
3748	101670	strict
3748	101673	strict
3748	158018	strict
3748	166865	strict
3748	166933	strict
3749	93469	equal
3749	101671	strict
3749	101675	strict
3749	158021	strict
3749	166870	strict
3749	166950	strict
3750	93476	equal
3750	107210	strict
3750	107228	strict
3750	158042	strict
3750	212926	strict
3750	212928	strict
3751	93477	equal
3751	107211	strict
3751	107229	strict
3751	158045	strict
3751	212951	strict
3751	212953	strict
3752	93533	equal
3753	93534	equal
3754	93564	equal
3755	93565	equal
3756	93634	equal
3756	93728	strict
3756	103885	strict
3756	103892	strict
3756	103969	strict
3756	103970	strict
3756	103972	strict
3756	103973	strict
3757	93635	equal
3757	103973	strict
3758	93704	equal
3758	93724	strict
3758	94314	strict
3758	94317	strict
3758	94385	strict
3758	94386	strict
3758	94387	strict
3758	94388	strict
3759	93705	equal
3759	94388	strict
3760	93842	equal
3761	93843	equal
3762	93999	equal
3763	94014	equal
3763	94114	strict
3763	159457	strict
3763	159458	strict
3763	159460	strict
3763	159461	strict
3763	159463	strict
3763	159464	strict
3764	94015	equal
3764	159464	strict
3765	94089	equal
3765	94110	strict
3765	94511	strict
3765	94512	strict
3765	94515	strict
3765	94516	strict
3765	94517	strict
3765	94518	strict
3766	94090	equal
3766	94518	strict
3767	94119	equal
3768	94126	equal
3769	94133	equal
3770	94144	equal
3771	94162	equal
3772	94163	equal
3773	94165	equal
3774	94166	equal
3775	94167	equal
3776	94191	equal
3777	94192	equal
3778	94271	equal
3778	94323	strict
3778	94351	strict
3778	94388	strict
3779	94314	equal
3779	94317	strict
3779	94385	strict
3779	94386	strict
3779	94387	strict
3779	94388	strict
3780	94315	equal
3780	94388	strict
3781	94322	equal
3781	94388	strict
3782	94349	equal
3783	94350	equal
3783	94388	strict
3784	94376	equal
3785	94385	equal
3785	94386	strict
3785	94387	strict
3785	94388	strict
3786	94431	equal
3786	94453	strict
3786	94497	strict
3786	94518	strict
3787	94450	equal
3788	94451	equal
3788	94518	strict
3789	94452	equal
3789	94518	strict
3790	94496	equal
3790	94518	strict
3791	94501	equal
3792	94511	equal
3792	94512	strict
3792	94515	strict
3792	94516	strict
3792	94517	strict
3792	94518	strict
3793	94515	equal
3793	94516	strict
3793	94517	strict
3793	94518	strict
3794	94527	equal
3794	94577	strict
3794	94589	strict
3794	94608	strict
3795	94553	equal
3795	94563	strict
3795	94570	strict
3795	94603	strict
3795	94604	strict
3795	94605	strict
3795	94606	strict
3795	94607	strict
3795	94608	strict
3796	94554	equal
3797	94563	equal
3797	94570	strict
3797	94605	strict
3797	94606	strict
3797	94607	strict
3797	94608	strict
3798	94564	equal
3798	94608	strict
3799	94575	equal
3799	94608	strict
3800	94576	equal
3800	94608	strict
3801	94587	equal
3802	94588	equal
3802	94608	strict
3803	94592	equal
3804	94594	equal
3805	94603	equal
3805	94604	strict
3805	94605	strict
3805	94606	strict
3805	94607	strict
3805	94608	strict
3806	94605	equal
3806	94606	strict
3806	94607	strict
3806	94608	strict
3807	94612	equal
3808	94613	equal
3809	94643	equal
3810	94644	equal
3811	94655	equal
3812	94656	equal
3813	94690	equal
3814	94691	equal
3815	94702	equal
3816	94703	equal
3817	94712	equal
3818	94713	equal
3819	94714	equal
3820	94716	equal
3821	94729	equal
3822	94733	equal
3823	94736	equal
3824	94737	equal
3825	94739	equal
3826	94740	equal
3827	94825	equal
3828	94826	equal
3829	94837	equal
3830	94838	equal
3831	95044	equal
3831	95045	strict
3831	95113	strict
3831	95117	strict
3831	95119	strict
3831	95121	strict
3832	95046	equal
3832	95121	strict
3833	95047	equal
3833	95048	strict
3833	95191	strict
3833	95192	strict
3833	95197	strict
3833	95199	strict
3834	95049	equal
3834	95199	strict
3835	95065	equal
3835	95085	strict
3835	95095	strict
3835	95097	strict
3836	95075	equal
3836	95094	strict
3836	95096	strict
3836	95097	strict
3837	95076	equal
3837	95097	strict
3838	95077	equal
3838	95097	strict
3839	95110	equal
3839	95112	strict
3839	95114	strict
3839	95118	strict
3839	95120	strict
3839	95121	strict
3840	95111	equal
3840	95121	strict
3841	95113	equal
3841	95117	strict
3841	95119	strict
3841	95121	strict
3842	95114	equal
3842	95118	strict
3842	95120	strict
3842	95121	strict
3843	95115	equal
3843	95121	strict
3844	95116	equal
3844	95121	strict
3845	95122	equal
3846	95124	equal
3847	95161	equal
3847	95163	strict
3847	95193	strict
3847	95196	strict
3847	95198	strict
3847	95199	strict
3848	95162	equal
3848	95199	strict
3849	95173	equal
3850	95174	equal
3851	95182	equal
3851	95183	strict
3851	95188	strict
3851	95190	strict
3852	95184	equal
3852	95187	strict
3852	95189	strict
3852	95190	strict
3853	95185	equal
3853	95190	strict
3854	95186	equal
3854	95190	strict
3855	95191	equal
3855	95192	strict
3855	95197	strict
3855	95199	strict
3856	95193	equal
3856	95196	strict
3856	95198	strict
3856	95199	strict
3857	95194	equal
3857	95199	strict
3858	95195	equal
3858	95199	strict
3859	95264	equal
3859	95265	strict
3859	95462	strict
3859	95463	strict
3859	95471	strict
3859	95475	strict
3859	95477	strict
3859	95479	strict
3860	95266	equal
3860	95479	strict
3861	95267	equal
3861	95268	strict
3861	95465	strict
3861	95466	strict
3861	95489	strict
3861	95490	strict
3861	95495	strict
3861	95497	strict
3862	95269	equal
3862	95497	strict
3863	95360	equal
3863	95362	strict
3863	95468	strict
3863	95470	strict
3863	95472	strict
3863	95476	strict
3863	95478	strict
3863	95479	strict
3864	95361	equal
3864	95479	strict
3865	95363	equal
3865	95365	strict
3865	95483	strict
3865	95485	strict
3865	95491	strict
3865	95494	strict
3865	95496	strict
3865	95497	strict
3866	95364	equal
3866	95497	strict
3867	95462	equal
3867	95463	strict
3867	95471	strict
3867	95475	strict
3867	95477	strict
3867	95479	strict
3868	95464	equal
3868	95479	strict
3869	95465	equal
3869	95466	strict
3869	95489	strict
3869	95490	strict
3869	95495	strict
3869	95497	strict
3870	95467	equal
3870	95497	strict
3871	95468	equal
3871	95470	strict
3871	95472	strict
3871	95476	strict
3871	95478	strict
3871	95479	strict
3872	95469	equal
3872	95479	strict
3873	95471	equal
3873	95475	strict
3873	95477	strict
3873	95479	strict
3874	95472	equal
3874	95476	strict
3874	95478	strict
3874	95479	strict
3875	95473	equal
3875	95479	strict
3876	95474	equal
3876	95479	strict
3877	95480	equal
3878	95482	equal
3879	95483	equal
3879	95485	strict
3879	95491	strict
3879	95494	strict
3879	95496	strict
3879	95497	strict
3880	95484	equal
3880	95497	strict
3881	95486	equal
3882	95487	equal
3883	95489	equal
3883	95490	strict
3883	95495	strict
3883	95497	strict
3884	95491	equal
3884	95494	strict
3884	95496	strict
3884	95497	strict
3885	95492	equal
3885	95497	strict
3886	95493	equal
3886	95497	strict
3887	95735	equal
3887	95758	strict
3887	104035	strict
3887	104038	strict
3887	104087	strict
3887	104103	strict
3888	95736	equal
3888	95761	strict
3888	101133	strict
3888	101292	strict
3888	106410	strict
3888	106572	strict
3889	95757	equal
3889	104103	strict
3890	95760	equal
3890	106572	strict
3891	95772	equal
3891	95786	strict
3891	163775	strict
3891	163778	strict
3891	163815	strict
3891	163832	strict
3892	95773	equal
3892	95789	strict
3892	101396	strict
3892	101404	strict
3892	166236	strict
3892	166305	strict
3893	95785	equal
3893	163832	strict
3894	95788	equal
3894	166305	strict
3895	95792	equal
3895	95798	strict
3895	104157	strict
3895	104162	strict
3895	104179	strict
3895	104193	strict
3896	95793	equal
3896	95800	strict
3896	101543	strict
3896	101629	strict
3896	107007	strict
3896	107195	strict
3897	95795	equal
3898	95796	equal
3899	95797	equal
3899	104193	strict
3900	95799	equal
3900	107195	strict
3901	95801	equal
3902	95802	equal
3903	95803	equal
3903	95806	strict
3903	163891	strict
3903	163896	strict
3903	163907	strict
3903	163922	strict
3904	95804	equal
3904	95808	strict
3904	101671	strict
3904	101675	strict
3904	166870	strict
3904	166950	strict
3905	95805	equal
3905	163922	strict
3906	95807	equal
3906	166950	strict
3907	95916	equal
3907	95918	strict
3907	96034	strict
3907	96036	strict
3907	96038	strict
3907	96042	strict
3908	95917	equal
3908	96042	strict
3909	95928	equal
3909	95930	strict
3909	96094	strict
3909	96095	strict
3909	96100	strict
3909	96102	strict
3910	95929	equal
3910	96102	strict
3911	95992	equal
3911	95994	strict
3911	96039	strict
3911	96040	strict
3911	96041	strict
3911	96042	strict
3912	95993	equal
3912	96042	strict
3913	96004	equal
3913	96006	strict
3913	96096	strict
3913	96099	strict
3913	96101	strict
3913	96102	strict
3914	96005	equal
3914	96102	strict
3915	96034	equal
3915	96036	strict
3915	96038	strict
3915	96042	strict
3916	96035	equal
3916	96042	strict
3917	96037	equal
3917	96042	strict
3918	96039	equal
3918	96040	strict
3918	96041	strict
3918	96042	strict
3919	96052	equal
3920	96053	equal
3921	96064	equal
3922	96065	equal
3923	96094	equal
3923	96095	strict
3923	96100	strict
3923	96102	strict
3924	96096	equal
3924	96099	strict
3924	96101	strict
3924	96102	strict
3925	96097	equal
3925	96102	strict
3926	96098	equal
3926	96102	strict
3927	96160	equal
3928	96161	equal
3929	96209	equal
3929	96210	strict
3929	96319	strict
3929	96320	strict
3929	96731	strict
3929	96732	strict
3929	96737	strict
3929	96739	strict
3930	96211	equal
3930	96739	strict
3931	96228	equal
3931	96302	strict
3931	96304	strict
3931	96421	strict
3931	96423	strict
3931	96680	strict
3931	96682	strict
3931	96684	strict
3931	96688	strict
3932	96230	equal
3932	96311	strict
3932	96312	strict
3932	96427	strict
3932	96429	strict
3932	96707	strict
3932	96708	strict
3932	96713	strict
3932	96715	strict
3933	96249	equal
3934	96251	equal
3935	96283	equal
3935	96688	strict
3936	96285	equal
3936	96715	strict
3937	96293	equal
3937	96301	strict
3937	96647	strict
3937	96655	strict
3937	96663	strict
3937	96679	strict
3938	96300	equal
3938	96679	strict
3939	96302	equal
3939	96304	strict
3939	96680	strict
3939	96682	strict
3939	96684	strict
3939	96688	strict
3940	96303	equal
3940	96688	strict
3941	96307	equal
3942	96310	equal
3943	96311	equal
3943	96312	strict
3943	96707	strict
3943	96708	strict
3943	96713	strict
3943	96715	strict
3944	96313	equal
3944	96715	strict
3945	96319	equal
3945	96320	strict
3945	96731	strict
3945	96732	strict
3945	96737	strict
3945	96739	strict
3946	96321	equal
3946	96739	strict
3947	96415	equal
3947	96688	strict
3948	96417	equal
3948	96715	strict
3949	96421	equal
3949	96423	strict
3949	96680	strict
3949	96682	strict
3949	96684	strict
3949	96688	strict
3950	96422	equal
3950	96688	strict
3951	96427	equal
3951	96429	strict
3951	96707	strict
3951	96708	strict
3951	96713	strict
3951	96715	strict
3952	96428	equal
3952	96715	strict
3953	96469	equal
3954	96473	equal
3955	96494	equal
3955	96496	strict
3955	96579	strict
3955	96581	strict
3955	96733	strict
3955	96736	strict
3955	96738	strict
3955	96739	strict
3956	96495	equal
3956	96739	strict
3957	96508	equal
3957	96563	strict
3957	96564	strict
3957	96623	strict
3957	96625	strict
3957	96685	strict
3957	96686	strict
3957	96687	strict
3957	96688	strict
3958	96510	equal
3958	96571	strict
3958	96573	strict
3958	96629	strict
3958	96631	strict
3958	96709	strict
3958	96712	strict
3958	96714	strict
3958	96715	strict
3959	96527	equal
3960	96528	equal
3961	96553	equal
3961	96679	strict
3962	96560	equal
3962	96561	strict
3962	96675	strict
3962	96676	strict
3962	96678	strict
3962	96679	strict
3963	96562	equal
3963	96688	strict
3964	96563	equal
3964	96564	strict
3964	96685	strict
3964	96686	strict
3964	96687	strict
3964	96688	strict
3965	96567	equal
3966	96570	equal
3967	96571	equal
3967	96573	strict
3967	96709	strict
3967	96712	strict
3967	96714	strict
3967	96715	strict
3968	96572	equal
3968	96715	strict
3969	96579	equal
3969	96581	strict
3969	96733	strict
3969	96736	strict
3969	96738	strict
3969	96739	strict
3970	96580	equal
3970	96739	strict
3971	96623	equal
3971	96625	strict
3971	96685	strict
3971	96686	strict
3971	96687	strict
3971	96688	strict
3972	96624	equal
3972	96688	strict
3973	96629	equal
3973	96631	strict
3973	96709	strict
3973	96712	strict
3973	96714	strict
3973	96715	strict
3974	96630	equal
3974	96715	strict
3975	96647	equal
3975	96655	strict
3975	96663	strict
3975	96679	strict
3976	96654	equal
3976	96679	strict
3977	96662	equal
3977	96679	strict
3978	96675	equal
3978	96676	strict
3978	96678	strict
3978	96679	strict
3979	96680	equal
3979	96682	strict
3979	96684	strict
3979	96688	strict
3980	96681	equal
3980	96688	strict
3981	96683	equal
3981	96688	strict
3982	96685	equal
3982	96686	strict
3982	96687	strict
3982	96688	strict
3983	96695	equal
3984	96696	equal
3985	96704	equal
3986	96705	equal
3987	96707	equal
3987	96708	strict
3987	96713	strict
3987	96715	strict
3988	96709	equal
3988	96712	strict
3988	96714	strict
3988	96715	strict
3989	96710	equal
3989	96715	strict
3990	96711	equal
3990	96715	strict
3991	96731	equal
3991	96732	strict
3991	96737	strict
3991	96739	strict
3992	96733	equal
3992	96736	strict
3992	96738	strict
3992	96739	strict
3993	96734	equal
3993	96739	strict
3994	96735	equal
3994	96739	strict
3995	96884	equal
3996	96885	equal
3997	96886	equal
3998	96887	equal
3999	97034	equal
4000	97049	equal
4000	97149	strict
4000	163825	strict
4000	163826	strict
4000	163829	strict
4000	163830	strict
4000	163831	strict
4000	163832	strict
4001	97050	equal
4001	163832	strict
4002	97124	equal
4002	97145	strict
4002	104096	strict
4002	104097	strict
4002	104100	strict
4002	104101	strict
4002	104102	strict
4002	104103	strict
4003	97125	equal
4003	104103	strict
4004	97154	equal
4005	97161	equal
4006	97168	equal
4007	97179	equal
4008	97197	equal
4009	97198	equal
4010	97200	equal
4011	97201	equal
4012	97202	equal
4013	98193	equal
4013	98503	strict
4013	98553	strict
4013	100960	strict
4013	101107	strict
4013	101127	strict
4014	98194	equal
4014	98921	strict
4014	99319	strict
4014	100962	strict
4014	101252	strict
4014	101388	strict
4015	98228	equal
4015	101127	strict
4016	98229	equal
4016	101388	strict
4017	98290	equal
4017	98384	strict
4017	98842	strict
4017	98849	strict
4017	105461	strict
4017	105462	strict
4017	105464	strict
4017	105465	strict
4018	98291	equal
4018	105465	strict
4019	98360	equal
4019	98380	strict
4019	98493	strict
4019	98496	strict
4019	101099	strict
4019	101100	strict
4019	101101	strict
4019	101102	strict
4020	98361	equal
4020	101102	strict
4021	98417	equal
4022	98438	equal
4023	98439	equal
4024	98450	equal
4024	98502	strict
4024	101064	strict
4024	101102	strict
4025	98493	equal
4025	98496	strict
4025	101099	strict
4025	101100	strict
4025	101101	strict
4025	101102	strict
4026	98494	equal
4026	101102	strict
4027	98501	equal
4027	101102	strict
4028	98503	equal
4028	98553	strict
4028	101107	strict
4028	101127	strict
4029	98529	equal
4029	98539	strict
4029	98546	strict
4029	101122	strict
4029	101123	strict
4029	101124	strict
4029	101125	strict
4029	101126	strict
4029	101127	strict
4030	98530	equal
4031	98539	equal
4031	98546	strict
4031	101124	strict
4031	101125	strict
4031	101126	strict
4031	101127	strict
4032	98540	equal
4032	101127	strict
4033	98551	equal
4033	101127	strict
4034	98552	equal
4034	101127	strict
4035	98562	equal
4035	98911	strict
4035	98916	strict
4035	105159	strict
4035	105475	strict
4035	105490	strict
4036	98563	equal
4036	98573	strict
4036	99521	strict
4036	105161	strict
4036	105383	strict
4036	105577	strict
4037	98568	equal
4038	98572	equal
4038	99516	strict
4038	105381	strict
4038	105560	strict
4039	98573	equal
4039	99521	strict
4039	105383	strict
4039	105577	strict
4040	98611	equal
4040	165249	strict
4041	98612	equal
4041	165316	strict
4042	98619	equal
4042	98983	strict
4042	99448	strict
4042	165242	strict
4042	165243	strict
4042	165244	strict
4042	165246	strict
4042	165248	strict
4042	165249	strict
4043	98620	equal
4044	98629	equal
4044	98700	strict
4044	99502	strict
4044	165309	strict
4044	165310	strict
4044	165311	strict
4044	165313	strict
4044	165314	strict
4044	165316	strict
4045	98630	equal
4046	98673	equal
4046	98694	strict
4046	99471	strict
4046	99496	strict
4046	165293	strict
4046	165294	strict
4046	165297	strict
4046	165299	strict
4047	98674	equal
4047	165299	strict
4048	98687	equal
4049	98688	equal
4050	98694	equal
4050	99496	strict
4050	165293	strict
4050	165294	strict
4050	165297	strict
4050	165299	strict
4051	98695	equal
4051	165299	strict
4052	98700	equal
4052	99502	strict
4052	165310	strict
4052	165311	strict
4052	165314	strict
4052	165316	strict
4053	98701	equal
4053	165316	strict
4054	98735	equal
4055	98736	equal
4056	98805	equal
4056	105490	strict
4057	98806	equal
4057	105577	strict
4058	98842	equal
4058	98849	strict
4058	105461	strict
4058	105462	strict
4058	105464	strict
4058	105465	strict
4059	98843	equal
4059	105465	strict
4060	98855	equal
4060	98865	strict
4060	105437	strict
4060	105465	strict
4061	98864	equal
4061	105465	strict
4062	98891	equal
4062	98901	strict
4062	98908	strict
4062	105485	strict
4062	105486	strict
4062	105487	strict
4062	105488	strict
4062	105489	strict
4062	105490	strict
4063	98892	equal
4064	98901	equal
4064	98908	strict
4064	105487	strict
4064	105488	strict
4064	105489	strict
4064	105490	strict
4065	98902	equal
4065	105490	strict
4066	98911	equal
4066	98916	strict
4066	105475	strict
4066	105490	strict
4067	98914	equal
4067	105490	strict
4068	98915	equal
4068	105490	strict
4069	98920	equal
4069	99269	strict
4069	101249	strict
4069	101366	strict
4070	98921	equal
4070	99319	strict
4070	101252	strict
4070	101388	strict
4071	98956	equal
4071	98977	strict
4071	99207	strict
4071	99442	strict
4071	165224	strict
4071	165225	strict
4071	165229	strict
4071	165230	strict
4072	98957	equal
4072	165230	strict
4073	98970	equal
4074	98971	equal
4075	98977	equal
4075	99442	strict
4075	165224	strict
4075	165225	strict
4075	165229	strict
4075	165230	strict
4076	98978	equal
4076	165230	strict
4077	98983	equal
4077	99448	strict
4077	165243	strict
4077	165244	strict
4077	165248	strict
4077	165249	strict
4078	98984	equal
4078	165249	strict
4079	99182	equal
4079	99203	strict
4079	99260	strict
4079	99263	strict
4079	101363	strict
4079	101364	strict
4079	101365	strict
4079	101366	strict
4080	99183	equal
4080	101366	strict
4081	99226	equal
4082	99235	equal
4083	99236	equal
4084	99260	equal
4084	99263	strict
4084	101363	strict
4084	101364	strict
4084	101365	strict
4084	101366	strict
4085	99261	equal
4085	101366	strict
4086	99268	equal
4086	101366	strict
4087	99295	equal
4087	99305	strict
4087	99312	strict
4087	101382	strict
4087	101383	strict
4087	101385	strict
4087	101386	strict
4087	101387	strict
4087	101388	strict
4088	99296	equal
4089	99305	equal
4089	99312	strict
4089	101385	strict
4089	101386	strict
4089	101387	strict
4089	101388	strict
4090	99306	equal
4090	101388	strict
4091	99317	equal
4091	101388	strict
4092	99318	equal
4092	101388	strict
4093	99337	equal
4093	99388	strict
4093	99486	strict
4093	105572	strict
4093	105573	strict
4093	105574	strict
4093	105575	strict
4093	105576	strict
4093	105577	strict
4094	99338	equal
4095	99366	equal
4095	99382	strict
4095	99467	strict
4095	99481	strict
4095	105557	strict
4095	105558	strict
4095	105559	strict
4095	105560	strict
4096	99367	equal
4096	105560	strict
4097	99378	equal
4098	99379	equal
4099	99382	equal
4099	99481	strict
4099	105557	strict
4099	105558	strict
4099	105559	strict
4099	105560	strict
4100	99383	equal
4100	105560	strict
4101	99388	equal
4101	99486	strict
4101	105574	strict
4101	105575	strict
4101	105576	strict
4101	105577	strict
4102	99389	equal
4102	105577	strict
4103	99511	equal
4104	99515	equal
4104	105560	strict
4105	99519	equal
4105	105577	strict
4106	99520	equal
4106	105577	strict
4107	99560	equal
4107	99586	strict
4107	99591	strict
4107	165140	strict
4107	165233	strict
4107	165249	strict
4108	99561	equal
4108	99571	strict
4108	99611	strict
4108	165141	strict
4108	165161	strict
4108	165316	strict
4109	99566	equal
4110	99570	equal
4110	99606	strict
4110	165159	strict
4110	165299	strict
4111	99571	equal
4111	99611	strict
4111	165161	strict
4111	165316	strict
4112	99575	equal
4112	99585	strict
4112	165201	strict
4112	165230	strict
4113	99584	equal
4113	165230	strict
4114	99586	equal
4114	99591	strict
4114	165233	strict
4114	165249	strict
4115	99589	equal
4115	165249	strict
4116	99590	equal
4116	165249	strict
4117	99601	equal
4118	99605	equal
4118	165299	strict
4119	99609	equal
4119	165316	strict
4120	99610	equal
4120	165316	strict
4121	99634	equal
4121	99681	strict
4121	99703	strict
4121	101439	strict
4121	101517	strict
4121	101539	strict
4122	99635	equal
4122	99755	strict
4122	99809	strict
4122	101441	strict
4122	101611	strict
4122	101665	strict
4123	99676	equal
4124	99681	equal
4124	99703	strict
4124	101517	strict
4124	101539	strict
4125	99700	equal
4126	99701	equal
4126	101539	strict
4127	99702	equal
4127	101539	strict
4128	99704	equal
4128	99751	strict
4128	99754	strict
4128	105630	strict
4128	105806	strict
4128	105823	strict
4129	99705	equal
4129	99707	strict
4129	99840	strict
4129	105632	strict
4129	105780	strict
4129	105854	strict
4130	99706	equal
4131	99707	equal
4131	99840	strict
4131	105780	strict
4131	105854	strict
4132	99750	equal
4133	99751	equal
4133	99754	strict
4133	105806	strict
4133	105823	strict
4134	99752	equal
4134	105823	strict
4135	99753	equal
4135	105823	strict
4136	99755	equal
4136	99809	strict
4136	101611	strict
4136	101665	strict
4137	99784	equal
4138	99806	equal
4139	99807	equal
4139	101665	strict
4140	99808	equal
4140	101665	strict
4141	99836	equal
4142	99837	equal
4143	99838	equal
4143	105854	strict
4144	99839	equal
4144	105854	strict
4145	99841	equal
4146	99842	equal
4147	99843	equal
4147	99847	strict
4147	99850	strict
4147	165515	strict
4147	165544	strict
4147	165562	strict
4148	99844	equal
4148	99846	strict
4148	99854	strict
4148	165516	strict
4148	165524	strict
4148	165587	strict
4149	99845	equal
4150	99846	equal
4150	99854	strict
4150	165524	strict
4150	165587	strict
4151	99847	equal
4151	99850	strict
4151	165544	strict
4151	165562	strict
4152	99848	equal
4152	165562	strict
4153	99849	equal
4153	165562	strict
4154	99851	equal
4155	99852	equal
4155	165587	strict
4156	99853	equal
4156	165587	strict
4157	99889	equal
4157	101497	strict
4157	206180	strict
4157	206181	strict
4157	206186	strict
4157	206187	strict
4157	206189	strict
4157	206191	strict
4158	99890	equal
4158	206191	strict
4159	99899	equal
4159	101605	strict
4159	209824	strict
4159	209825	strict
4159	209827	strict
4159	209828	strict
4159	209833	strict
4159	209835	strict
4160	99900	equal
4160	209835	strict
4161	100438	equal
4161	100762	strict
4161	100767	strict
4161	203947	strict
4161	203951	strict
4161	210656	strict
4161	210673	strict
4161	210674	strict
4161	210677	strict
4162	100439	equal
4162	100482	strict
4162	100511	strict
4162	203949	strict
4162	203952	strict
4162	204823	strict
4162	204840	strict
4162	204841	strict
4162	204844	strict
4163	100440	equal
4163	100764	strict
4163	100770	strict
4163	193336	strict
4163	193390	strict
4163	195249	strict
4163	195309	strict
4163	195311	strict
4163	195313	strict
4164	100441	equal
4164	100484	strict
4164	100514	strict
4164	193338	strict
4164	193391	strict
4164	193600	strict
4164	193773	strict
4164	193775	strict
4164	193777	strict
4165	100472	equal
4165	204844	strict
4166	100473	equal
4167	100476	equal
4167	193777	strict
4168	100477	equal
4169	100482	equal
4169	100511	strict
4169	204823	strict
4169	204840	strict
4169	204841	strict
4169	204844	strict
4170	100483	equal
4170	204844	strict
4171	100484	equal
4171	100514	strict
4171	193600	strict
4171	193773	strict
4171	193775	strict
4171	193777	strict
4172	100485	equal
4172	193777	strict
4173	100488	equal
4173	100516	strict
4173	204979	strict
4173	204996	strict
4173	204997	strict
4173	205000	strict
4174	100489	equal
4174	205000	strict
4175	100492	equal
4175	100519	strict
4175	193628	strict
4175	193832	strict
4175	193834	strict
4175	193836	strict
4176	100493	equal
4176	193836	strict
4177	100704	equal
4177	210677	strict
4178	100705	equal
4179	100708	equal
4179	195313	strict
4180	100709	equal
4181	100712	equal
4182	100713	equal
4183	100716	equal
4184	100717	equal
4185	100762	equal
4185	100767	strict
4185	210656	strict
4185	210673	strict
4185	210674	strict
4185	210677	strict
4186	100763	equal
4186	210677	strict
4187	100764	equal
4187	100770	strict
4187	195249	strict
4187	195309	strict
4187	195311	strict
4187	195313	strict
4188	100765	equal
4188	195313	strict
4189	100808	equal
4189	100823	strict
4189	214362	strict
4189	214379	strict
4189	214380	strict
4189	214383	strict
4190	100809	equal
4190	214383	strict
4191	100812	equal
4191	100826	strict
4191	195708	strict
4191	195819	strict
4191	195821	strict
4191	195823	strict
4192	100813	equal
4192	195823	strict
4193	100881	equal
4194	100882	equal
4195	100885	equal
4196	100886	equal
4197	100957	equal
4198	100958	equal
4199	100959	equal
4199	101127	strict
4200	100961	equal
4200	101388	strict
4201	101029	equal
4202	101030	equal
4203	101062	equal
4204	101063	equal
4204	101102	strict
4205	101089	equal
4206	101099	equal
4206	101100	strict
4206	101101	strict
4206	101102	strict
4207	101105	equal
4208	101106	equal
4208	101127	strict
4209	101111	equal
4210	101112	equal
4211	101122	equal
4211	101123	strict
4211	101124	strict
4211	101125	strict
4211	101126	strict
4211	101127	strict
4212	101124	equal
4212	101125	strict
4212	101126	strict
4212	101127	strict
4213	101133	equal
4213	101292	strict
4213	106410	strict
4213	106572	strict
4214	101148	equal
4214	101286	strict
4214	166297	strict
4214	166298	strict
4214	166300	strict
4214	166301	strict
4214	166303	strict
4214	166305	strict
4215	101149	equal
4215	166305	strict
4216	101247	equal
4217	101248	equal
4217	101366	strict
4218	101250	equal
4219	101251	equal
4219	101388	strict
4220	101261	equal
4220	101282	strict
4220	106564	strict
4220	106565	strict
4220	106569	strict
4220	106570	strict
4220	106571	strict
4220	106572	strict
4221	101262	equal
4221	106572	strict
4222	101291	equal
4222	106572	strict
4223	101342	equal
4224	101343	equal
4225	101353	equal
4226	101363	equal
4226	101364	strict
4226	101365	strict
4226	101366	strict
4227	101372	equal
4228	101373	equal
4229	101382	equal
4229	101383	strict
4229	101385	strict
4229	101386	strict
4229	101387	strict
4229	101388	strict
4230	101385	equal
4230	101386	strict
4230	101387	strict
4230	101388	strict
4231	101396	equal
4231	101404	strict
4231	166236	strict
4231	166305	strict
4232	101403	equal
4232	166305	strict
4233	101438	equal
4233	101539	strict
4234	101440	equal
4234	101665	strict
4235	101472	equal
4235	101493	strict
4235	101534	strict
4235	101535	strict
4235	101536	strict
4235	101537	strict
4235	101538	strict
4235	101539	strict
4236	101473	equal
4236	101539	strict
4237	101502	equal
4238	101516	equal
4238	101539	strict
4239	101520	equal
4240	101534	equal
4240	101535	strict
4240	101536	strict
4240	101537	strict
4240	101538	strict
4240	101539	strict
4241	101536	equal
4241	101537	strict
4241	101538	strict
4241	101539	strict
4242	101542	equal
4242	101627	strict
4242	107002	strict
4242	107178	strict
4243	101543	equal
4243	101629	strict
4243	107007	strict
4243	107195	strict
4244	101580	equal
4244	101601	strict
4244	101659	strict
4244	101660	strict
4244	101662	strict
4244	101663	strict
4244	101664	strict
4244	101665	strict
4245	101581	equal
4245	101665	strict
4246	101610	equal
4246	101665	strict
4247	101624	equal
4248	101625	equal
4249	101626	equal
4249	107178	strict
4250	101628	equal
4250	107195	strict
4251	101641	equal
4252	101646	equal
4253	101659	equal
4253	101660	strict
4253	101662	strict
4253	101663	strict
4253	101664	strict
4253	101665	strict
4254	101662	equal
4254	101663	strict
4254	101664	strict
4254	101665	strict
4255	101668	equal
4256	101669	equal
4257	101670	equal
4257	101673	strict
4257	166865	strict
4257	166933	strict
4258	101671	equal
4258	101675	strict
4258	166870	strict
4258	166950	strict
4259	101672	equal
4259	166933	strict
4260	101674	equal
4260	166950	strict
4261	101879	equal
4261	105687	strict
4261	206987	strict
4261	206988	strict
4261	206994	strict
4261	206995	strict
4261	206997	strict
4261	206998	strict
4262	101880	equal
4262	206998	strict
4263	101889	equal
4263	105774	strict
4263	207534	strict
4263	207535	strict
4263	207537	strict
4263	207538	strict
4263	207543	strict
4263	207545	strict
4264	101890	equal
4264	207545	strict
4265	101937	equal
4265	207258	strict
4266	101938	equal
4266	207325	strict
4267	101945	equal
4267	105942	strict
4267	106934	strict
4267	207248	strict
4267	207249	strict
4267	207250	strict
4267	207255	strict
4267	207257	strict
4267	207258	strict
4268	101946	equal
4269	101955	equal
4269	102042	strict
4269	106988	strict
4269	207315	strict
4269	207316	strict
4269	207317	strict
4269	207322	strict
4269	207323	strict
4269	207325	strict
4270	101956	equal
4271	102015	equal
4271	102036	strict
4271	106957	strict
4271	106982	strict
4271	207299	strict
4271	207300	strict
4271	207306	strict
4271	207308	strict
4272	102016	equal
4272	207308	strict
4273	102029	equal
4274	102030	equal
4275	102036	equal
4275	106982	strict
4275	207299	strict
4275	207300	strict
4275	207306	strict
4275	207308	strict
4276	102037	equal
4276	207308	strict
4277	102042	equal
4277	106988	strict
4277	207316	strict
4277	207317	strict
4277	207323	strict
4277	207325	strict
4278	102043	equal
4278	207325	strict
4279	102093	equal
4280	102094	equal
4281	102632	equal
4281	102633	strict
4281	177033	strict
4281	177034	strict
4281	177097	strict
4281	177101	strict
4281	177103	strict
4281	177105	strict
4282	102634	equal
4282	177105	strict
4283	102642	equal
4283	102643	strict
4283	177043	strict
4283	177044	strict
4283	177211	strict
4283	177212	strict
4283	177217	strict
4283	177219	strict
4284	102644	equal
4284	177219	strict
4285	102693	equal
4286	102695	equal
4287	102703	equal
4288	102705	equal
4289	102732	equal
4290	102734	equal
4291	102735	equal
4292	102737	equal
4293	102761	equal
4293	102822	strict
4293	178037	strict
4293	178043	strict
4293	210868	strict
4293	210874	strict
4293	210875	strict
4293	210878	strict
4294	102762	equal
4294	210878	strict
4295	102763	equal
4295	102824	strict
4295	178041	strict
4295	178044	strict
4295	180104	strict
4295	180120	strict
4295	180121	strict
4295	180124	strict
4296	102764	equal
4296	180124	strict
4297	102767	equal
4297	102827	strict
4297	177310	strict
4297	177330	strict
4297	195560	strict
4297	195566	strict
4297	195567	strict
4297	195570	strict
4298	102768	equal
4298	195570	strict
4299	102771	equal
4299	102830	strict
4299	177314	strict
4299	177333	strict
4299	179131	strict
4299	179243	strict
4299	179245	strict
4299	179247	strict
4300	102772	equal
4300	179247	strict
4301	103036	equal
4301	104193	strict
4302	103037	equal
4302	107195	strict
4303	103044	equal
4303	103054	strict
4303	183114	strict
4303	183206	strict
4303	183223	strict
4303	183225	strict
4304	103045	equal
4304	103055	strict
4304	107211	strict
4304	107229	strict
4304	212951	strict
4304	212953	strict
4305	103046	equal
4305	103056	strict
4305	183115	strict
4305	183232	strict
4305	183254	strict
4305	183256	strict
4306	103047	equal
4306	103057	strict
4306	107212	strict
4306	107230	strict
4306	212990	strict
4306	212992	strict
4307	103313	equal
4308	103314	equal
4309	103365	equal
4309	103366	strict
4309	103470	strict
4309	103471	strict
4309	181512	strict
4309	181513	strict
4309	181518	strict
4309	181520	strict
4310	103367	equal
4310	181520	strict
4311	103379	equal
4311	103453	strict
4311	103455	strict
4311	181286	strict
4311	181288	strict
4311	181423	strict
4311	181425	strict
4311	181427	strict
4311	181431	strict
4312	103381	equal
4312	103462	strict
4312	103463	strict
4312	181292	strict
4312	181294	strict
4312	181464	strict
4312	181465	strict
4312	181470	strict
4312	181472	strict
4313	103400	equal
4314	103402	equal
4315	103434	equal
4315	181431	strict
4316	103436	equal
4316	181472	strict
4317	103444	equal
4317	103452	strict
4317	181378	strict
4317	181386	strict
4317	181394	strict
4317	181410	strict
4318	103451	equal
4318	181410	strict
4319	103453	equal
4319	103455	strict
4319	181423	strict
4319	181425	strict
4319	181427	strict
4319	181431	strict
4320	103454	equal
4320	181431	strict
4321	103458	equal
4322	103461	equal
4323	103462	equal
4323	103463	strict
4323	181464	strict
4323	181465	strict
4323	181470	strict
4323	181472	strict
4324	103464	equal
4324	181472	strict
4325	103470	equal
4325	103471	strict
4325	181512	strict
4325	181513	strict
4325	181518	strict
4325	181520	strict
4326	103472	equal
4326	181520	strict
4327	103557	equal
4328	103559	equal
4329	103591	equal
4330	103593	equal
4331	103601	equal
4332	103608	equal
4333	103610	equal
4334	103611	equal
4335	103615	equal
4336	103618	equal
4337	103619	equal
4338	103621	equal
4339	103627	equal
4340	103629	equal
4341	103661	equal
4341	103692	strict
4341	104667	strict
4341	104846	strict
4341	208555	strict
4341	208572	strict
4341	208573	strict
4341	208576	strict
4342	103662	equal
4342	208576	strict
4343	103665	equal
4343	103695	strict
4343	104681	strict
4343	104852	strict
4343	194236	strict
4343	194747	strict
4343	194749	strict
4343	194751	strict
4344	103666	equal
4344	194751	strict
4345	103758	equal
4346	103759	equal
4347	103780	equal
4348	103781	equal
4349	103799	equal
4350	103800	equal
4351	103815	equal
4351	105859	strict
4351	105861	strict
4351	181956	strict
4351	184831	strict
4351	184854	strict
4352	103816	equal
4352	107213	strict
4352	107231	strict
4352	181959	strict
4352	213042	strict
4352	213044	strict
4353	103817	equal
4353	105862	strict
4353	105864	strict
4353	181962	strict
4353	184861	strict
4353	184886	strict
4354	103818	equal
4354	107214	strict
4354	107232	strict
4354	181965	strict
4354	213116	strict
4354	213118	strict
4355	103885	equal
4355	103892	strict
4355	103969	strict
4355	103970	strict
4355	103972	strict
4355	103973	strict
4356	103886	equal
4356	103973	strict
4357	103898	equal
4357	103908	strict
4357	103946	strict
4357	103973	strict
4358	103907	equal
4358	103973	strict
4359	103932	equal
4360	103936	equal
4361	103945	equal
4361	103973	strict
4362	103969	equal
4362	103970	strict
4362	103972	strict
4362	103973	strict
4363	104034	equal
4364	104035	equal
4364	104038	strict
4364	104087	strict
4364	104103	strict
4365	104036	equal
4365	104103	strict
4366	104037	equal
4366	104103	strict
4367	104081	equal
4368	104086	equal
4368	104103	strict
4369	104096	equal
4369	104097	strict
4369	104100	strict
4369	104101	strict
4369	104102	strict
4369	104103	strict
4370	104100	equal
4370	104101	strict
4370	104102	strict
4370	104103	strict
4371	104137	equal
4371	104147	strict
4371	104154	strict
4371	104188	strict
4371	104189	strict
4371	104190	strict
4371	104191	strict
4371	104192	strict
4371	104193	strict
4372	104138	equal
4373	104147	equal
4373	104154	strict
4373	104190	strict
4373	104191	strict
4373	104192	strict
4373	104193	strict
4374	104148	equal
4374	104193	strict
4375	104157	equal
4375	104162	strict
4375	104179	strict
4375	104193	strict
4376	104160	equal
4376	104193	strict
4377	104161	equal
4377	104193	strict
4378	104174	equal
4379	104176	equal
4380	104177	equal
4381	104178	equal
4381	104193	strict
4382	104188	equal
4382	104189	strict
4382	104190	strict
4382	104191	strict
4382	104192	strict
4382	104193	strict
4383	104190	equal
4383	104191	strict
4383	104192	strict
4383	104193	strict
4384	104197	equal
4385	104198	equal
4386	104627	equal
4386	104951	strict
4386	104954	strict
4386	208179	strict
4386	208183	strict
4386	210916	strict
4386	210929	strict
4386	210930	strict
4386	210933	strict
4387	104628	equal
4387	104663	strict
4387	104844	strict
4387	208181	strict
4387	208184	strict
4387	208486	strict
4387	208503	strict
4387	208504	strict
4387	208507	strict
4388	104629	equal
4388	104959	strict
4388	104963	strict
4388	194124	strict
4388	194592	strict
4388	195420	strict
4388	195451	strict
4388	195453	strict
4388	195455	strict
4389	104630	equal
4389	104677	strict
4389	104849	strict
4389	194126	strict
4389	194228	strict
4389	194593	strict
4389	194715	strict
4389	194717	strict
4389	194719	strict
4390	104659	equal
4390	208507	strict
4391	104660	equal
4392	104663	equal
4392	104844	strict
4392	208486	strict
4392	208503	strict
4392	208504	strict
4392	208507	strict
4393	104664	equal
4393	208507	strict
4394	104667	equal
4394	104846	strict
4394	208555	strict
4394	208572	strict
4394	208573	strict
4394	208576	strict
4395	104668	equal
4395	208576	strict
4396	104673	equal
4396	194719	strict
4397	104674	equal
4398	104677	equal
4398	104849	strict
4398	194228	strict
4398	194715	strict
4398	194717	strict
4398	194719	strict
4399	104678	equal
4399	194719	strict
4400	104681	equal
4400	104852	strict
4400	194236	strict
4400	194747	strict
4400	194749	strict
4400	194751	strict
4401	104682	equal
4401	194751	strict
4402	104737	equal
4402	210933	strict
4403	104738	equal
4404	104741	equal
4405	104742	equal
4406	104745	equal
4406	195455	strict
4407	104746	equal
4408	104749	equal
4409	104750	equal
4410	104951	equal
4410	104954	strict
4410	210916	strict
4410	210929	strict
4410	210930	strict
4410	210933	strict
4411	104952	equal
4411	210933	strict
4412	104959	equal
4412	104963	strict
4412	195420	strict
4412	195451	strict
4412	195453	strict
4412	195455	strict
4413	104960	equal
4413	195455	strict
4414	104995	equal
4414	105002	strict
4414	217323	strict
4414	217336	strict
4414	217337	strict
4414	217340	strict
4415	104996	equal
4415	217340	strict
4416	105029	equal
4417	105030	equal
4418	105049	equal
4418	105057	strict
4418	196742	strict
4418	196784	strict
4418	196786	strict
4418	196788	strict
4419	105050	equal
4419	196788	strict
4420	105088	equal
4421	105089	equal
4422	105156	equal
4423	105157	equal
4424	105158	equal
4424	105490	strict
4425	105160	equal
4425	105577	strict
4426	105223	equal
4427	105224	equal
4428	105229	equal
4428	105365	strict
4428	106379	strict
4428	106484	strict
4429	105244	equal
4429	105359	strict
4429	184235	strict
4429	184236	strict
4429	184238	strict
4429	184239	strict
4429	184241	strict
4429	184243	strict
4430	105245	equal
4430	184243	strict
4431	105334	equal
4431	105355	strict
4431	106475	strict
4431	106476	strict
4431	106481	strict
4431	106482	strict
4431	106483	strict
4431	106484	strict
4432	105335	equal
4432	106484	strict
4433	105364	equal
4433	106484	strict
4434	105378	equal
4435	105379	equal
4436	105380	equal
4436	105560	strict
4437	105382	equal
4437	105577	strict
4438	105423	equal
4439	105427	equal
4440	105436	equal
4440	105465	strict
4441	105461	equal
4441	105462	strict
4441	105464	strict
4441	105465	strict
4442	105471	equal
4443	105472	equal
4444	105473	equal
4445	105474	equal
4445	105490	strict
4446	105485	equal
4446	105486	strict
4446	105487	strict
4446	105488	strict
4446	105489	strict
4446	105490	strict
4447	105487	equal
4447	105488	strict
4447	105489	strict
4447	105490	strict
4448	105523	equal
4449	105527	equal
4450	105530	equal
4451	105531	equal
4452	105542	equal
4453	105557	equal
4453	105558	strict
4453	105559	strict
4453	105560	strict
4454	105572	equal
4454	105573	strict
4454	105574	strict
4454	105575	strict
4454	105576	strict
4454	105577	strict
4455	105574	equal
4455	105575	strict
4455	105576	strict
4455	105577	strict
4456	105585	equal
4456	105593	strict
4456	184196	strict
4456	184243	strict
4457	105592	equal
4457	184243	strict
4458	105629	equal
4458	105823	strict
4459	105631	equal
4459	105854	strict
4460	105662	equal
4460	105683	strict
4460	105818	strict
4460	105819	strict
4460	105820	strict
4460	105821	strict
4460	105822	strict
4460	105823	strict
4461	105663	equal
4461	105823	strict
4462	105692	equal
4463	105694	equal
4463	105737	strict
4463	106755	strict
4463	107071	strict
4464	105695	equal
4464	105740	strict
4464	106805	strict
4464	107093	strict
4465	105735	equal
4466	105736	equal
4466	107071	strict
4467	105738	equal
4468	105739	equal
4468	107093	strict
4469	105749	equal
4469	105770	strict
4469	105849	strict
4469	105850	strict
4469	105851	strict
4469	105852	strict
4469	105853	strict
4469	105854	strict
4470	105750	equal
4470	105854	strict
4471	105779	equal
4471	105854	strict
4472	105799	equal
4473	105805	equal
4473	105823	strict
4474	105818	equal
4474	105819	strict
4474	105820	strict
4474	105821	strict
4474	105822	strict
4474	105823	strict
4475	105820	equal
4475	105821	strict
4475	105822	strict
4475	105823	strict
4476	105828	equal
4477	105835	equal
4478	105849	equal
4478	105850	strict
4478	105851	strict
4478	105852	strict
4478	105853	strict
4478	105854	strict
4479	105851	equal
4479	105852	strict
4479	105853	strict
4479	105854	strict
4480	105857	equal
4481	105858	equal
4482	105859	equal
4482	105861	strict
4482	184831	strict
4482	184854	strict
4483	105860	equal
4483	184854	strict
4484	105862	equal
4484	105864	strict
4484	184861	strict
4484	184886	strict
4485	105863	equal
4485	184886	strict
4486	105915	equal
4486	105936	strict
4486	106693	strict
4486	106928	strict
4486	207230	strict
4486	207231	strict
4486	207238	strict
4486	207239	strict
4487	105916	equal
4487	207239	strict
4488	105929	equal
4489	105930	equal
4490	105936	equal
4490	106928	strict
4490	207230	strict
4490	207231	strict
4490	207238	strict
4490	207239	strict
4491	105937	equal
4491	207239	strict
4492	105942	equal
4492	106934	strict
4492	207249	strict
4492	207250	strict
4492	207257	strict
4492	207258	strict
4493	105943	equal
4493	207258	strict
4494	106354	equal
4495	106376	equal
4496	106377	equal
4496	106484	strict
4497	106378	equal
4497	106484	strict
4498	106406	equal
4499	106407	equal
4500	106408	equal
4500	106572	strict
4501	106409	equal
4501	106572	strict
4502	106460	equal
4503	106467	equal
4504	106475	equal
4504	106476	strict
4504	106481	strict
4504	106482	strict
4504	106483	strict
4504	106484	strict
4505	106481	equal
4505	106482	strict
4505	106483	strict
4505	106484	strict
4506	106549	equal
4507	106553	equal
4508	106564	equal
4508	106565	strict
4508	106569	strict
4508	106570	strict
4508	106571	strict
4508	106572	strict
4509	106569	equal
4509	106570	strict
4509	106571	strict
4509	106572	strict
4510	106668	equal
4510	106689	strict
4510	106746	strict
4510	106749	strict
4510	107068	strict
4510	107069	strict
4510	107070	strict
4510	107071	strict
4511	106669	equal
4511	107071	strict
4512	106712	equal
4513	106721	equal
4514	106722	equal
4515	106746	equal
4515	106749	strict
4515	107068	strict
4515	107069	strict
4515	107070	strict
4515	107071	strict
4516	106747	equal
4516	107071	strict
4517	106754	equal
4517	107071	strict
4518	106781	equal
4518	106791	strict
4518	106798	strict
4518	107086	strict
4518	107087	strict
4518	107090	strict
4518	107091	strict
4518	107092	strict
4518	107093	strict
4519	106782	equal
4520	106791	equal
4520	106798	strict
4520	107090	strict
4520	107091	strict
4520	107092	strict
4520	107093	strict
4521	106792	equal
4521	107093	strict
4522	106803	equal
4522	107093	strict
4523	106804	equal
4523	107093	strict
4524	106823	equal
4524	106874	strict
4524	106972	strict
4524	107189	strict
4524	107190	strict
4524	107192	strict
4524	107193	strict
4524	107194	strict
4524	107195	strict
4525	106824	equal
4526	106852	equal
4526	106868	strict
4526	106953	strict
4526	106967	strict
4526	107175	strict
4526	107176	strict
4526	107177	strict
4526	107178	strict
4527	106853	equal
4527	107178	strict
4528	106864	equal
4529	106865	equal
4530	106868	equal
4530	106967	strict
4530	107175	strict
4530	107176	strict
4530	107177	strict
4530	107178	strict
4531	106869	equal
4531	107178	strict
4532	106874	equal
4532	106972	strict
4532	107192	strict
4532	107193	strict
4532	107194	strict
4532	107195	strict
4533	106875	equal
4533	107195	strict
4534	106997	equal
4535	107001	equal
4535	107178	strict
4536	107005	equal
4536	107195	strict
4537	107006	equal
4537	107195	strict
4538	107047	equal
4539	107048	equal
4540	107057	equal
4541	107068	equal
4541	107069	strict
4541	107070	strict
4541	107071	strict
4542	107076	equal
4543	107077	equal
4544	107086	equal
4544	107087	strict
4544	107090	strict
4544	107091	strict
4544	107092	strict
4544	107093	strict
4545	107090	equal
4545	107091	strict
4545	107092	strict
4545	107093	strict
4546	107139	equal
4547	107143	equal
4548	107146	equal
4549	107147	equal
4550	107160	equal
4551	107175	equal
4551	107176	strict
4551	107177	strict
4551	107178	strict
4552	107189	equal
4552	107190	strict
4552	107192	strict
4552	107193	strict
4552	107194	strict
4552	107195	strict
4553	107192	equal
4553	107193	strict
4553	107194	strict
4553	107195	strict
4554	107210	equal
4554	107228	strict
4554	212926	strict
4554	212928	strict
4555	107211	equal
4555	107229	strict
4555	212951	strict
4555	212953	strict
4556	107212	equal
4556	107230	strict
4556	212990	strict
4556	212992	strict
4557	107213	equal
4557	107231	strict
4557	213042	strict
4557	213044	strict
4558	107214	equal
4558	107232	strict
4558	213116	strict
4558	213118	strict
4559	107215	equal
4559	107233	strict
4559	213146	strict
4559	213148	strict
4560	107376	equal
4561	107377	equal
4562	107388	equal
4563	107389	equal
4564	107444	equal
4565	107446	equal
4566	107454	equal
4567	107456	equal
4568	107781	equal
4568	107789	strict
4568	112531	strict
4568	112533	strict
4568	112549	strict
4568	112557	strict
4569	107788	equal
4569	112557	strict
4570	107797	equal
4570	107805	strict
4570	112636	strict
4570	112637	strict
4570	112663	strict
4570	112665	strict
4571	107804	equal
4571	112665	strict
4572	107817	equal
4572	112834	strict
4573	107821	equal
4573	107823	strict
4573	112826	strict
4573	112828	strict
4573	112830	strict
4573	112834	strict
4574	107822	equal
4574	112834	strict
4575	107831	equal
4575	112969	strict
4576	107835	equal
4576	107837	strict
4576	112961	strict
4576	112962	strict
4576	112967	strict
4576	112969	strict
4577	107836	equal
4577	112969	strict
4578	107839	equal
4579	107841	equal
4580	108249	equal
4580	110575	strict
4581	108250	equal
4581	110650	strict
4582	108276	equal
4582	108280	strict
4582	108322	strict
4582	108324	strict
4582	110547	strict
4582	110553	strict
4582	110555	strict
4582	110556	strict
4583	108277	equal
4583	110556	strict
4584	108301	equal
4585	108302	equal
4586	108322	equal
4586	108324	strict
4586	110547	strict
4586	110553	strict
4586	110555	strict
4586	110556	strict
4587	108323	equal
4587	110556	strict
4588	108331	equal
4588	108337	strict
4588	108341	strict
4588	110563	strict
4588	110566	strict
4588	110571	strict
4588	110572	strict
4588	110574	strict
4588	110575	strict
4589	108332	equal
4590	108337	equal
4590	108341	strict
4590	110566	strict
4590	110572	strict
4590	110574	strict
4590	110575	strict
4591	108338	equal
4591	110575	strict
4592	108385	equal
4592	108389	strict
4592	108413	strict
4592	108415	strict
4592	110624	strict
4592	110630	strict
4592	110632	strict
4592	110633	strict
4593	108386	equal
4593	110633	strict
4594	108401	equal
4595	108402	equal
4596	108413	equal
4596	108415	strict
4596	110624	strict
4596	110630	strict
4596	110632	strict
4596	110633	strict
4597	108414	equal
4597	110633	strict
4598	108422	equal
4598	108428	strict
4598	108432	strict
4598	110638	strict
4598	110641	strict
4598	110646	strict
4598	110647	strict
4598	110649	strict
4598	110650	strict
4599	108423	equal
4600	108428	equal
4600	108432	strict
4600	110641	strict
4600	110647	strict
4600	110649	strict
4600	110650	strict
4601	108429	equal
4601	110650	strict
4602	108479	equal
4602	108498	strict
4602	108579	strict
4602	108584	strict
4602	113955	strict
4602	113976	strict
4602	113978	strict
4602	113979	strict
4603	108480	equal
4603	113979	strict
4604	108537	equal
4605	108538	equal
4606	108565	equal
4606	113998	strict
4607	108566	equal
4607	114063	strict
4608	108579	equal
4608	108584	strict
4608	113955	strict
4608	113976	strict
4608	113978	strict
4608	113979	strict
4609	108580	equal
4609	113979	strict
4610	108591	equal
4610	108597	strict
4610	108601	strict
4610	113984	strict
4610	113988	strict
4610	113994	strict
4610	113995	strict
4610	113997	strict
4610	113998	strict
4611	108592	equal
4612	108597	equal
4612	108601	strict
4612	113988	strict
4612	113995	strict
4612	113997	strict
4612	113998	strict
4613	108598	equal
4613	113998	strict
4614	108635	equal
4614	108665	strict
4614	108678	strict
4614	114033	strict
4614	114043	strict
4614	114059	strict
4614	114060	strict
4614	114062	strict
4614	114063	strict
4615	108636	equal
4616	108647	equal
4616	108659	strict
4616	108669	strict
4616	108675	strict
4616	114040	strict
4616	114053	strict
4616	114055	strict
4616	114056	strict
4617	108648	equal
4617	114056	strict
4618	108655	equal
4619	108656	equal
4620	108659	equal
4620	108675	strict
4620	114040	strict
4620	114053	strict
4620	114055	strict
4620	114056	strict
4621	108660	equal
4621	114056	strict
4622	108665	equal
4622	108678	strict
4622	114043	strict
4622	114060	strict
4622	114062	strict
4622	114063	strict
4623	108666	equal
4623	114063	strict
4624	108809	equal
4624	167453	strict
4625	108810	equal
4625	167479	strict
4626	108815	equal
4626	108905	strict
4626	108975	strict
4626	167359	strict
4626	167397	strict
4626	167449	strict
4626	167450	strict
4626	167452	strict
4626	167453	strict
4627	108816	equal
4628	108821	equal
4628	108863	strict
4628	108990	strict
4628	167362	strict
4628	167377	strict
4628	167475	strict
4628	167476	strict
4628	167478	strict
4628	167479	strict
4629	108822	equal
4630	108845	equal
4630	108857	strict
4630	108981	strict
4630	108987	strict
4630	167374	strict
4630	167469	strict
4630	167471	strict
4630	167472	strict
4631	108846	equal
4631	167472	strict
4632	108853	equal
4633	108854	equal
4634	108857	equal
4634	108987	strict
4634	167374	strict
4634	167469	strict
4634	167471	strict
4634	167472	strict
4635	108858	equal
4635	167472	strict
4636	108863	equal
4636	108990	strict
4636	167377	strict
4636	167476	strict
4636	167478	strict
4636	167479	strict
4637	108864	equal
4637	167479	strict
4638	108887	equal
4638	108899	strict
4638	108942	strict
4638	108972	strict
4638	167394	strict
4638	167442	strict
4638	167444	strict
4638	167445	strict
4639	108888	equal
4639	167445	strict
4640	108895	equal
4641	108896	equal
4642	108899	equal
4642	108972	strict
4642	167394	strict
4642	167442	strict
4642	167444	strict
4642	167445	strict
4643	108900	equal
4643	167445	strict
4644	108905	equal
4644	108975	strict
4644	167397	strict
4644	167450	strict
4644	167452	strict
4644	167453	strict
4645	108906	equal
4645	167453	strict
4646	109774	equal
4646	109778	strict
4646	114597	strict
4646	114599	strict
4646	114644	strict
4646	114645	strict
4646	114646	strict
4646	114647	strict
4647	109775	equal
4647	114647	strict
4648	109816	equal
4648	109820	strict
4648	114609	strict
4648	114611	strict
4648	114699	strict
4648	114704	strict
4648	114706	strict
4648	114707	strict
4649	109817	equal
4649	114707	strict
4650	109843	equal
4650	109862	strict
4650	167976	strict
4650	167981	strict
4650	168026	strict
4650	168027	strict
4650	168028	strict
4650	168029	strict
4651	109844	equal
4651	168029	strict
4652	109885	equal
4652	109904	strict
4652	167988	strict
4652	167993	strict
4652	168067	strict
4652	168086	strict
4652	168088	strict
4652	168089	strict
4653	109886	equal
4653	168089	strict
4654	110225	equal
4655	110226	equal
4656	110242	equal
4657	110243	equal
4658	110247	equal
4659	110248	equal
4660	110249	equal
4661	110250	equal
4662	110267	equal
4663	110268	equal
4664	110272	equal
4665	110273	equal
4666	110274	equal
4667	110275	equal
4668	110487	equal
4668	110489	strict
4668	110557	strict
4668	110558	strict
4668	110573	strict
4668	110575	strict
4669	110488	equal
4669	110490	strict
4669	110584	strict
4669	110585	strict
4669	110648	strict
4669	110650	strict
4670	110499	equal
4670	110575	strict
4671	110500	equal
4671	110650	strict
4672	110509	equal
4673	110519	equal
4673	110520	strict
4673	110554	strict
4673	110556	strict
4674	110547	equal
4674	110553	strict
4674	110555	strict
4674	110556	strict
4675	110548	equal
4675	110556	strict
4676	110549	equal
4676	110556	strict
4677	110557	equal
4677	110558	strict
4677	110573	strict
4677	110575	strict
4678	110563	equal
4678	110566	strict
4678	110571	strict
4678	110572	strict
4678	110574	strict
4678	110575	strict
4679	110564	equal
4679	110575	strict
4680	110565	equal
4681	110566	equal
4681	110572	strict
4681	110574	strict
4681	110575	strict
4682	110567	equal
4682	110575	strict
4683	110568	equal
4683	110575	strict
4684	110582	equal
4684	110583	strict
4684	110631	strict
4684	110633	strict
4685	110584	equal
4685	110585	strict
4685	110648	strict
4685	110650	strict
4686	110613	equal
4687	110624	equal
4687	110630	strict
4687	110632	strict
4687	110633	strict
4688	110625	equal
4688	110633	strict
4689	110626	equal
4689	110633	strict
4690	110638	equal
4690	110641	strict
4690	110646	strict
4690	110647	strict
4690	110649	strict
4690	110650	strict
4691	110639	equal
4691	110650	strict
4692	110640	equal
4693	110641	equal
4693	110647	strict
4693	110649	strict
4693	110650	strict
4694	110642	equal
4694	110650	strict
4695	110643	equal
4695	110650	strict
4696	110797	equal
4696	110799	strict
4696	110897	strict
4696	110900	strict
4696	110903	strict
4696	110904	strict
4696	110906	strict
4696	110907	strict
4697	110798	equal
4697	110907	strict
4698	110800	equal
4698	110802	strict
4698	110912	strict
4698	110915	strict
4698	110918	strict
4698	110919	strict
4698	110921	strict
4698	110922	strict
4699	110801	equal
4699	110922	strict
4700	110887	equal
4700	110889	strict
4700	110895	strict
4700	110896	strict
4700	110905	strict
4700	110907	strict
4701	110888	equal
4701	110890	strict
4701	110908	strict
4701	110909	strict
4701	110920	strict
4701	110922	strict
4702	110891	equal
4702	110907	strict
4703	110892	equal
4703	110922	strict
4704	110893	equal
4705	110895	equal
4705	110896	strict
4705	110905	strict
4705	110907	strict
4706	110897	equal
4706	110900	strict
4706	110903	strict
4706	110904	strict
4706	110906	strict
4706	110907	strict
4707	110898	equal
4707	110907	strict
4708	110899	equal
4709	110900	equal
4709	110904	strict
4709	110906	strict
4709	110907	strict
4710	110901	equal
4710	110907	strict
4711	110902	equal
4711	110907	strict
4712	110908	equal
4712	110909	strict
4712	110920	strict
4712	110922	strict
4713	110910	equal
4714	110912	equal
4714	110915	strict
4714	110918	strict
4714	110919	strict
4714	110921	strict
4714	110922	strict
4715	110913	equal
4715	110922	strict
4716	110914	equal
4717	110915	equal
4717	110919	strict
4717	110921	strict
4717	110922	strict
4718	110916	equal
4718	110922	strict
4719	110917	equal
4719	110922	strict
4720	110949	equal
4721	110951	equal
4722	110953	equal
4723	110954	equal
4724	111013	equal
4724	111042	strict
4724	203991	strict
4724	203993	strict
4724	214838	strict
4724	214842	strict
4724	214843	strict
4724	214846	strict
4725	111014	equal
4725	214846	strict
4726	111015	equal
4726	111044	strict
4726	203996	strict
4726	203998	strict
4726	205481	strict
4726	205485	strict
4726	205486	strict
4726	205489	strict
4727	111016	equal
4727	205489	strict
4728	111289	equal
4728	111293	strict
4728	112505	strict
4728	112507	strict
4728	112554	strict
4728	112555	strict
4728	112556	strict
4728	112557	strict
4729	111290	equal
4729	112557	strict
4730	111352	equal
4730	111356	strict
4730	112589	strict
4730	112591	strict
4730	112657	strict
4730	112662	strict
4730	112664	strict
4730	112665	strict
4731	111353	equal
4731	112665	strict
4732	111379	equal
4732	111398	strict
4732	170125	strict
4732	170130	strict
4732	170200	strict
4732	170201	strict
4732	170203	strict
4732	170204	strict
4733	111380	equal
4733	170204	strict
4734	111457	equal
4734	111476	strict
4734	170137	strict
4734	170142	strict
4734	170246	strict
4734	170265	strict
4734	170267	strict
4734	170268	strict
4735	111458	equal
4735	170268	strict
4736	111989	equal
4736	112078	strict
4736	114896	strict
4736	114897	strict
4736	114991	strict
4736	114992	strict
4736	114994	strict
4736	114995	strict
4737	111990	equal
4737	114995	strict
4738	112053	equal
4738	112074	strict
4738	112785	strict
4738	112786	strict
4738	112822	strict
4738	112823	strict
4738	112824	strict
4738	112825	strict
4739	112054	equal
4739	112825	strict
4740	112349	equal
4741	112350	equal
4742	112361	equal
4743	112362	equal
4744	112505	equal
4744	112507	strict
4744	112554	strict
4744	112555	strict
4744	112556	strict
4744	112557	strict
4745	112506	equal
4745	112557	strict
4746	112531	equal
4746	112533	strict
4746	112549	strict
4746	112557	strict
4747	112532	equal
4747	112557	strict
4748	112548	equal
4748	112557	strict
4749	112554	equal
4749	112555	strict
4749	112556	strict
4749	112557	strict
4750	112569	equal
4751	112576	equal
4752	112589	equal
4752	112591	strict
4752	112657	strict
4752	112662	strict
4752	112664	strict
4752	112665	strict
4753	112590	equal
4753	112665	strict
4754	112603	equal
4755	112604	equal
4756	112636	equal
4756	112637	strict
4756	112663	strict
4756	112665	strict
4757	112657	equal
4757	112662	strict
4757	112664	strict
4757	112665	strict
4758	112658	equal
4758	112665	strict
4759	112659	equal
4759	112665	strict
4760	112738	equal
4760	112751	strict
4760	112753	strict
4760	112788	strict
4760	112789	strict
4760	112831	strict
4760	112832	strict
4760	112833	strict
4760	112834	strict
4761	112751	equal
4761	112753	strict
4761	112831	strict
4761	112832	strict
4761	112833	strict
4761	112834	strict
4762	112752	equal
4762	112834	strict
4763	112778	equal
4763	112825	strict
4764	112785	equal
4764	112786	strict
4764	112822	strict
4764	112823	strict
4764	112824	strict
4764	112825	strict
4765	112787	equal
4765	112834	strict
4766	112788	equal
4766	112789	strict
4766	112831	strict
4766	112832	strict
4766	112833	strict
4766	112834	strict
4767	112793	equal
4767	112801	strict
4767	112809	strict
4767	112825	strict
4768	112800	equal
4768	112825	strict
4769	112808	equal
4769	112825	strict
4770	112822	equal
4770	112823	strict
4770	112824	strict
4770	112825	strict
4771	112826	equal
4771	112828	strict
4771	112830	strict
4771	112834	strict
4772	112827	equal
4772	112834	strict
4773	112829	equal
4773	112834	strict
4774	112831	equal
4774	112832	strict
4774	112833	strict
4774	112834	strict
4775	112841	equal
4776	112848	equal
4777	112854	equal
4778	112861	equal
4779	112862	equal
4780	112868	equal
4780	112875	strict
4780	112877	strict
4780	112958	strict
4780	112960	strict
4780	112963	strict
4780	112966	strict
4780	112968	strict
4780	112969	strict
4781	112875	equal
4781	112877	strict
4781	112963	strict
4781	112966	strict
4781	112968	strict
4781	112969	strict
4782	112876	equal
4782	112969	strict
4783	112890	equal
4784	112897	equal
4785	112898	equal
4786	112938	equal
4786	112940	strict
4786	112981	strict
4786	112983	strict
4786	113007	strict
4786	113010	strict
4786	113012	strict
4786	113013	strict
4787	112939	equal
4787	113013	strict
4788	112948	equal
4789	112950	equal
4790	112958	equal
4790	112960	strict
4790	112963	strict
4790	112966	strict
4790	112968	strict
4790	112969	strict
4791	112959	equal
4791	112969	strict
4792	112961	equal
4792	112962	strict
4792	112967	strict
4792	112969	strict
4793	112963	equal
4793	112966	strict
4793	112968	strict
4793	112969	strict
4794	112964	equal
4794	112969	strict
4795	112965	equal
4795	112969	strict
4796	112981	equal
4796	112983	strict
4796	113007	strict
4796	113010	strict
4796	113012	strict
4796	113013	strict
4797	112982	equal
4797	113013	strict
4798	113005	equal
4798	113006	strict
4798	113011	strict
4798	113013	strict
4799	113007	equal
4799	113010	strict
4799	113012	strict
4799	113013	strict
4800	113008	equal
4800	113013	strict
4801	113009	equal
4801	113013	strict
4802	113018	equal
4803	113027	equal
4804	113034	equal
4805	113036	equal
4806	113037	equal
4807	113041	equal
4808	113044	equal
4809	113049	equal
4810	113059	equal
4811	113061	equal
4812	113077	equal
4813	113079	equal
4814	113160	equal
4814	113175	strict
4814	115573	strict
4814	115598	strict
4814	217796	strict
4814	217800	strict
4814	217801	strict
4814	217804	strict
4815	113161	equal
4815	217804	strict
4816	113221	equal
4817	113222	equal
4818	113233	equal
4819	113234	equal
4820	113316	equal
4821	113317	equal
4822	113330	equal
4823	113331	equal
4824	113338	equal
4825	113339	equal
4826	113340	equal
4827	113341	equal
4828	113358	equal
4829	113359	equal
4830	113362	equal
4831	113363	equal
4832	113364	equal
4833	113365	equal
4834	113501	equal
4835	113502	equal
4836	113513	equal
4837	113514	equal
4838	113647	equal
4839	113649	equal
4840	113657	equal
4841	113659	equal
4842	113735	equal
4842	113743	strict
4842	114621	strict
4842	114623	strict
4842	114639	strict
4842	114647	strict
4843	113742	equal
4843	114647	strict
4844	113747	equal
4844	113755	strict
4844	114678	strict
4844	114679	strict
4844	114705	strict
4844	114707	strict
4845	113754	equal
4845	114707	strict
4846	113773	equal
4846	115004	strict
4847	113775	equal
4847	115031	strict
4848	113779	equal
4848	113781	strict
4848	114996	strict
4848	114998	strict
4848	115000	strict
4848	115004	strict
4849	113780	equal
4849	115004	strict
4850	113785	equal
4850	113787	strict
4850	115023	strict
4850	115024	strict
4850	115029	strict
4850	115031	strict
4851	113786	equal
4851	115031	strict
4852	113789	equal
4853	113791	equal
4854	113900	equal
4854	113902	strict
4854	113987	strict
4854	113991	strict
4854	113996	strict
4854	113998	strict
4855	113901	equal
4855	113903	strict
4855	113921	strict
4855	113923	strict
4855	114061	strict
4855	114063	strict
4856	113912	equal
4857	113920	equal
4857	113922	strict
4857	114054	strict
4857	114056	strict
4858	113921	equal
4858	113923	strict
4858	114061	strict
4858	114063	strict
4859	113932	equal
4859	113998	strict
4860	113933	equal
4860	114063	strict
4861	113945	equal
4861	113965	strict
4861	113977	strict
4861	113979	strict
4862	113955	equal
4862	113976	strict
4862	113978	strict
4862	113979	strict
4863	113956	equal
4863	113979	strict
4864	113957	equal
4864	113979	strict
4865	113984	equal
4865	113988	strict
4865	113994	strict
4865	113995	strict
4865	113997	strict
4865	113998	strict
4866	113985	equal
4866	113998	strict
4867	113986	equal
4868	113987	equal
4868	113991	strict
4868	113996	strict
4868	113998	strict
4869	113988	equal
4869	113995	strict
4869	113997	strict
4869	113998	strict
4870	113989	equal
4870	113998	strict
4871	113990	equal
4871	113998	strict
4872	114023	equal
4873	114033	equal
4873	114043	strict
4873	114059	strict
4873	114060	strict
4873	114062	strict
4873	114063	strict
4874	114034	equal
4874	114063	strict
4875	114035	equal
4876	114040	equal
4876	114053	strict
4876	114055	strict
4876	114056	strict
4877	114041	equal
4877	114056	strict
4878	114042	equal
4878	114056	strict
4879	114043	equal
4879	114060	strict
4879	114062	strict
4879	114063	strict
4880	114044	equal
4880	114063	strict
4881	114045	equal
4881	114063	strict
4882	114204	equal
4882	114206	strict
4882	114304	strict
4882	114308	strict
4882	114312	strict
4882	114313	strict
4882	114315	strict
4882	114316	strict
4883	114205	equal
4883	114316	strict
4884	114207	equal
4884	114209	strict
4884	114318	strict
4884	114321	strict
4884	114325	strict
4884	114326	strict
4884	114328	strict
4884	114329	strict
4885	114208	equal
4885	114329	strict
4886	114294	equal
4886	114296	strict
4886	114307	strict
4886	114311	strict
4886	114314	strict
4886	114316	strict
4887	114295	equal
4887	114297	strict
4887	114300	strict
4887	114301	strict
4887	114327	strict
4887	114329	strict
4888	114298	equal
4889	114300	equal
4889	114301	strict
4889	114327	strict
4889	114329	strict
4890	114302	equal
4890	114316	strict
4891	114303	equal
4891	114329	strict
4892	114304	equal
4892	114308	strict
4892	114312	strict
4892	114313	strict
4892	114315	strict
4892	114316	strict
4893	114305	equal
4893	114316	strict
4894	114306	equal
4895	114307	equal
4895	114311	strict
4895	114314	strict
4895	114316	strict
4896	114308	equal
4896	114313	strict
4896	114315	strict
4896	114316	strict
4897	114309	equal
4897	114316	strict
4898	114310	equal
4898	114316	strict
4899	114317	equal
4900	114318	equal
4900	114321	strict
4900	114325	strict
4900	114326	strict
4900	114328	strict
4900	114329	strict
4901	114319	equal
4901	114329	strict
4902	114320	equal
4903	114321	equal
4903	114326	strict
4903	114328	strict
4903	114329	strict
4904	114322	equal
4904	114329	strict
4905	114323	equal
4905	114329	strict
4906	114352	equal
4907	114354	equal
4908	114356	equal
4909	114357	equal
4910	114416	equal
4910	114445	strict
4910	208223	strict
4910	208225	strict
4910	216574	strict
4910	216578	strict
4910	216579	strict
4910	216582	strict
4911	114417	equal
4911	216582	strict
4912	114418	equal
4912	114447	strict
4912	208228	strict
4912	208230	strict
4912	209057	strict
4912	209061	strict
4912	209062	strict
4912	209065	strict
4913	114419	equal
4913	209065	strict
4914	114597	equal
4914	114599	strict
4914	114644	strict
4914	114645	strict
4914	114646	strict
4914	114647	strict
4915	114598	equal
4915	114647	strict
4916	114609	equal
4916	114611	strict
4916	114699	strict
4916	114704	strict
4916	114706	strict
4916	114707	strict
4917	114610	equal
4917	114707	strict
4918	114621	equal
4918	114623	strict
4918	114639	strict
4918	114647	strict
4919	114622	equal
4919	114647	strict
4920	114638	equal
4920	114647	strict
4921	114644	equal
4921	114645	strict
4921	114646	strict
4921	114647	strict
4922	114651	equal
4923	114658	equal
4924	114669	equal
4925	114670	equal
4926	114678	equal
4926	114679	strict
4926	114705	strict
4926	114707	strict
4927	114699	equal
4927	114704	strict
4927	114706	strict
4927	114707	strict
4928	114700	equal
4928	114707	strict
4929	114701	equal
4929	114707	strict
4930	114785	equal
4931	114789	equal
4932	114830	equal
4932	114832	strict
4932	114915	strict
4932	114917	strict
4932	115049	strict
4932	115052	strict
4932	115054	strict
4932	115055	strict
4933	114831	equal
4933	115055	strict
4934	114844	equal
4934	114899	strict
4934	114900	strict
4934	114939	strict
4934	114941	strict
4934	115001	strict
4934	115002	strict
4934	115003	strict
4934	115004	strict
4935	114846	equal
4935	114907	strict
4935	114909	strict
4935	114945	strict
4935	114947	strict
4935	115025	strict
4935	115028	strict
4935	115030	strict
4935	115031	strict
4936	114863	equal
4937	114864	equal
4938	114889	equal
4938	114995	strict
4939	114896	equal
4939	114897	strict
4939	114991	strict
4939	114992	strict
4939	114994	strict
4939	114995	strict
4940	114898	equal
4940	115004	strict
4941	114899	equal
4941	114900	strict
4941	115001	strict
4941	115002	strict
4941	115003	strict
4941	115004	strict
4942	114903	equal
4943	114906	equal
4944	114907	equal
4944	114909	strict
4944	115025	strict
4944	115028	strict
4944	115030	strict
4944	115031	strict
4945	114908	equal
4945	115031	strict
4946	114915	equal
4946	114917	strict
4946	115049	strict
4946	115052	strict
4946	115054	strict
4946	115055	strict
4947	114916	equal
4947	115055	strict
4948	114939	equal
4948	114941	strict
4948	115001	strict
4948	115002	strict
4948	115003	strict
4948	115004	strict
4949	114940	equal
4949	115004	strict
4950	114945	equal
4950	114947	strict
4950	115025	strict
4950	115028	strict
4950	115030	strict
4950	115031	strict
4951	114946	equal
4951	115031	strict
4952	114963	equal
4952	114971	strict
4952	114979	strict
4952	114995	strict
4953	114970	equal
4953	114995	strict
4954	114978	equal
4954	114995	strict
4955	114991	equal
4955	114992	strict
4955	114994	strict
4955	114995	strict
4956	114996	equal
4956	114998	strict
4956	115000	strict
4956	115004	strict
4957	114997	equal
4957	115004	strict
4958	114999	equal
4958	115004	strict
4959	115001	equal
4959	115002	strict
4959	115003	strict
4959	115004	strict
4960	115011	equal
4961	115012	equal
4962	115020	equal
4963	115021	equal
4964	115023	equal
4964	115024	strict
4964	115029	strict
4964	115031	strict
4965	115025	equal
4965	115028	strict
4965	115030	strict
4965	115031	strict
4966	115026	equal
4966	115031	strict
4967	115027	equal
4967	115031	strict
4968	115047	equal
4968	115048	strict
4968	115053	strict
4968	115055	strict
4969	115049	equal
4969	115052	strict
4969	115054	strict
4969	115055	strict
4970	115050	equal
4970	115055	strict
4971	115051	equal
4971	115055	strict
4972	115083	equal
4973	115085	equal
4974	115093	equal
4975	115100	equal
4976	115102	equal
4977	115103	equal
4978	115107	equal
4979	115110	equal
4980	115111	equal
4981	115113	equal
4982	115119	equal
4983	115121	equal
4984	115202	equal
4984	115217	strict
4984	115421	strict
4984	115506	strict
4984	216106	strict
4984	216110	strict
4984	216111	strict
4984	216114	strict
4985	115203	equal
4985	216114	strict
4986	115395	equal
4986	115551	strict
4986	115556	strict
4986	215915	strict
4986	215917	strict
4986	216652	strict
4986	216656	strict
4986	216657	strict
4986	216660	strict
4987	115396	equal
4987	115417	strict
4987	115504	strict
4987	215918	strict
4987	215920	strict
4987	216037	strict
4987	216041	strict
4987	216042	strict
4987	216045	strict
4988	115413	equal
4988	216045	strict
4989	115414	equal
4990	115417	equal
4990	115504	strict
4990	216037	strict
4990	216041	strict
4990	216042	strict
4990	216045	strict
4991	115418	equal
4991	216045	strict
4992	115421	equal
4992	115506	strict
4992	216106	strict
4992	216110	strict
4992	216111	strict
4992	216114	strict
4993	115422	equal
4993	216114	strict
4994	115451	equal
4994	216660	strict
4995	115452	equal
4996	115455	equal
4997	115456	equal
4998	115551	equal
4998	115556	strict
4998	216652	strict
4998	216656	strict
4998	216657	strict
4998	216660	strict
4999	115552	equal
4999	216660	strict
5000	115573	equal
5000	115598	strict
5000	217796	strict
5000	217800	strict
5000	217801	strict
5000	217804	strict
5001	115574	equal
5001	217804	strict
5002	115587	equal
5003	115588	equal
5004	115767	equal
5004	169025	strict
5004	185352	strict
5004	201088	strict
5004	205941	strict
5004	205945	strict
5004	205977	strict
5004	205979	strict
5005	115768	equal
5005	169026	strict
5005	169194	strict
5005	201089	strict
5005	205942	strict
5005	205944	strict
5005	206027	strict
5005	206029	strict
5006	115769	equal
5006	115951	strict
5006	169202	strict
5006	201090	strict
5006	201182	strict
5006	206381	strict
5006	206507	strict
5006	206509	strict
5007	115770	equal
5007	116531	strict
5007	185376	strict
5007	201091	strict
5007	201488	strict
5007	209508	strict
5007	209540	strict
5007	209542	strict
5008	115771	equal
5008	116532	strict
5008	116711	strict
5008	201092	strict
5008	201489	strict
5008	201540	strict
5008	215136	strict
5008	215138	strict
5009	115772	equal
5009	115952	strict
5009	116714	strict
5009	201093	strict
5009	201183	strict
5009	201543	strict
5009	215337	strict
5009	215339	strict
5010	115853	equal
5010	169085	strict
5010	186062	strict
5010	201160	strict
5010	201163	strict
5010	206193	strict
5010	206195	strict
5010	206201	strict
5010	206226	strict
5011	115854	equal
5011	116591	strict
5011	186252	strict
5011	201161	strict
5011	201165	strict
5011	201523	strict
5011	201525	strict
5011	209909	strict
5011	209934	strict
5012	115859	equal
5012	115949	strict
5012	169086	strict
5012	169201	strict
5012	186065	strict
5012	201180	strict
5012	206380	strict
5012	206469	strict
5012	206471	strict
5013	115860	equal
5013	115950	strict
5013	116592	strict
5013	116713	strict
5013	186255	strict
5013	201181	strict
5013	201542	strict
5013	215299	strict
5013	215301	strict
5014	115879	equal
5015	115880	equal
5016	115939	equal
5017	115940	equal
5018	115949	equal
5018	169201	strict
5018	201180	strict
5018	206380	strict
5018	206469	strict
5018	206471	strict
5019	115950	equal
5019	116713	strict
5019	201181	strict
5019	201542	strict
5019	215299	strict
5019	215301	strict
5020	115951	equal
5020	169202	strict
5020	201182	strict
5020	206381	strict
5020	206507	strict
5020	206509	strict
5021	115952	equal
5021	116714	strict
5021	201183	strict
5021	201543	strict
5021	215337	strict
5021	215339	strict
5022	116061	equal
5022	170805	strict
5022	174340	strict
5022	201304	strict
5022	201307	strict
5022	207001	strict
5022	207006	strict
5022	207017	strict
5022	207033	strict
5023	116062	equal
5023	116337	strict
5023	174406	strict
5023	201305	strict
5023	201309	strict
5023	201467	strict
5023	201471	strict
5023	207562	strict
5023	207642	strict
5024	116067	equal
5024	116529	strict
5024	170806	strict
5024	174343	strict
5024	185375	strict
5024	201486	strict
5024	209482	strict
5024	209501	strict
5024	209503	strict
5025	116068	equal
5025	116345	strict
5025	116530	strict
5025	116710	strict
5025	174430	strict
5025	201487	strict
5025	201539	strict
5025	215089	strict
5025	215091	strict
5026	116243	equal
5026	173631	strict
5026	201433	strict
5026	201437	strict
5026	201440	strict
5026	207337	strict
5026	207366	strict
5026	207384	strict
5027	116244	equal
5027	173632	strict
5027	201434	strict
5027	201436	strict
5027	201444	strict
5027	207338	strict
5027	207346	strict
5027	207409	strict
5028	116248	equal
5028	116336	strict
5028	173644	strict
5028	174403	strict
5028	201466	strict
5028	201469	strict
5028	207557	strict
5028	207625	strict
5029	116251	equal
5029	116344	strict
5029	116709	strict
5029	173653	strict
5029	174427	strict
5029	201538	strict
5029	215064	strict
5029	215066	strict
5030	116254	equal
5030	116589	strict
5030	173662	strict
5030	186246	strict
5030	201520	strict
5030	201522	strict
5030	209879	strict
5030	209902	strict
5031	116257	equal
5031	116590	strict
5031	116712	strict
5031	173671	strict
5031	186249	strict
5031	201541	strict
5031	215192	strict
5031	215194	strict
5032	116275	equal
5033	116276	equal
5034	116329	equal
5035	116330	equal
5036	116336	equal
5036	174403	strict
5036	201466	strict
5036	201469	strict
5036	207557	strict
5036	207625	strict
5037	116337	equal
5037	174406	strict
5037	201467	strict
5037	201471	strict
5037	207562	strict
5037	207642	strict
5038	116344	equal
5038	116709	strict
5038	174427	strict
5038	201538	strict
5038	215064	strict
5038	215066	strict
5039	116345	equal
5039	116710	strict
5039	174430	strict
5039	201539	strict
5039	215089	strict
5039	215091	strict
5040	116365	equal
5041	116366	equal
5042	116383	equal
5043	116384	equal
5044	116401	equal
5045	116402	equal
5046	116417	equal
5047	116419	equal
5048	116420	equal
5049	116519	equal
5050	116520	equal
5051	116529	equal
5051	185375	strict
5051	201486	strict
5051	209482	strict
5051	209501	strict
5051	209503	strict
5052	116530	equal
5052	116710	strict
5052	201487	strict
5052	201539	strict
5052	215089	strict
5052	215091	strict
5053	116531	equal
5053	185376	strict
5053	201488	strict
5053	209508	strict
5053	209540	strict
5053	209542	strict
5054	116532	equal
5054	116711	strict
5054	201489	strict
5054	201540	strict
5054	215136	strict
5054	215138	strict
5055	116579	equal
5056	116580	equal
5057	116589	equal
5057	186246	strict
5057	201520	strict
5057	201522	strict
5057	209879	strict
5057	209902	strict
5058	116590	equal
5058	116712	strict
5058	186249	strict
5058	201541	strict
5058	215192	strict
5058	215194	strict
5059	116591	equal
5059	186252	strict
5059	201523	strict
5059	201525	strict
5059	209909	strict
5059	209934	strict
5060	116592	equal
5060	116713	strict
5060	186255	strict
5060	201542	strict
5060	215299	strict
5060	215301	strict
5061	116613	equal
5062	116615	equal
5063	116616	equal
5064	116685	equal
5065	116686	equal
5066	116689	equal
5067	116690	equal
5068	116693	equal
5069	116694	equal
5070	116709	equal
5070	201538	strict
5070	215064	strict
5070	215066	strict
5071	116710	equal
5071	201539	strict
5071	215089	strict
5071	215091	strict
5072	116711	equal
5072	201540	strict
5072	215136	strict
5072	215138	strict
5073	116712	equal
5073	201541	strict
5073	215192	strict
5073	215194	strict
5074	116713	equal
5074	201542	strict
5074	215299	strict
5074	215301	strict
5075	116714	equal
5075	201543	strict
5075	215337	strict
5075	215339	strict
5076	116783	equal
5077	116784	equal
5078	116911	equal
5079	116912	equal
5080	116913	equal
5081	116914	equal
5082	116963	equal
5083	116964	equal
5084	117019	equal
5085	117020	equal
5086	117021	equal
5087	117022	equal
5088	117117	equal
5089	117118	equal
5090	117129	equal
5091	117130	equal
5092	117133	equal
5093	117134	equal
5094	117137	equal
5095	117138	equal
5096	117153	equal
5097	117154	equal
5098	117157	equal
5099	117158	equal
5100	117177	equal
5101	117178	equal
5102	117185	equal
5103	117186	equal
5104	117215	equal
5105	117216	equal
5106	117589	equal
5106	120367	strict
5107	117594	equal
5107	127483	strict
5108	117598	equal
5108	117606	strict
5108	120332	strict
5108	120334	strict
5108	120350	strict
5108	120358	strict
5109	117605	equal
5109	120358	strict
5110	117607	equal
5110	117609	strict
5110	120359	strict
5110	120361	strict
5110	120363	strict
5110	120367	strict
5111	117608	equal
5111	120367	strict
5112	117613	equal
5112	117621	strict
5112	127420	strict
5112	127428	strict
5112	127436	strict
5112	127464	strict
5113	117620	equal
5113	127464	strict
5114	117622	equal
5114	117624	strict
5114	127465	strict
5114	127467	strict
5114	127469	strict
5114	127483	strict
5115	117623	equal
5115	127483	strict
5116	117627	equal
5117	117630	equal
5118	117633	equal
5118	120567	strict
5119	117636	equal
5119	128020	strict
5120	117643	equal
5121	117646	equal
5122	117651	equal
5122	117652	strict
5122	120559	strict
5122	120560	strict
5122	120565	strict
5122	120567	strict
5123	117653	equal
5123	120567	strict
5124	117654	equal
5124	117655	strict
5124	128006	strict
5124	128007	strict
5124	128018	strict
5124	128020	strict
5125	117656	equal
5125	128020	strict
5126	117664	equal
5126	117665	strict
5126	120625	strict
5126	120626	strict
5126	120631	strict
5126	120633	strict
5127	117666	equal
5127	120633	strict
5128	117674	equal
5128	117675	strict
5128	128098	strict
5128	128099	strict
5128	128110	strict
5128	128112	strict
5129	117676	equal
5129	128112	strict
5130	118349	equal
5131	118356	equal
5132	118364	equal
5133	118371	equal
5134	118381	equal
5135	118382	equal
5136	118392	equal
5137	118393	equal
5138	118412	equal
5138	128671	strict
5139	118414	equal
5140	118422	equal
5140	128733	strict
5141	118424	equal
5142	118427	equal
5142	118429	strict
5142	128503	strict
5142	128505	strict
5142	128511	strict
5142	128519	strict
5143	118428	equal
5143	128519	strict
5144	118432	equal
5144	118434	strict
5144	128551	strict
5144	128552	strict
5144	128563	strict
5144	128565	strict
5145	118433	equal
5145	128565	strict
5146	118438	equal
5146	118440	strict
5146	128655	strict
5146	128657	strict
5146	128661	strict
5146	128671	strict
5147	118439	equal
5147	128671	strict
5148	118444	equal
5148	118446	strict
5148	128719	strict
5148	128720	strict
5148	128731	strict
5148	128733	strict
5149	118445	equal
5149	128733	strict
5150	118817	equal
5150	118821	strict
5150	120033	strict
5150	120035	strict
5150	120084	strict
5150	120085	strict
5150	120086	strict
5150	120087	strict
5151	118818	equal
5151	120087	strict
5152	118844	equal
5152	118863	strict
5152	130260	strict
5152	130265	strict
5152	130323	strict
5152	130324	strict
5152	130326	strict
5152	130327	strict
5153	118845	equal
5153	130327	strict
5154	118958	equal
5154	118962	strict
5154	120141	strict
5154	120143	strict
5154	120223	strict
5154	120228	strict
5154	120230	strict
5154	120231	strict
5155	118959	equal
5155	120231	strict
5156	118985	equal
5156	119004	strict
5156	130368	strict
5156	130373	strict
5156	130449	strict
5156	130468	strict
5156	130470	strict
5156	130471	strict
5157	118986	equal
5157	130471	strict
5158	119517	equal
5158	119606	strict
5158	168286	strict
5158	168287	strict
5158	168381	strict
5158	168382	strict
5158	168384	strict
5158	168385	strict
5159	119518	equal
5159	168385	strict
5160	119581	equal
5160	119602	strict
5160	120318	strict
5160	120319	strict
5160	120355	strict
5160	120356	strict
5160	120357	strict
5160	120358	strict
5161	119582	equal
5161	120358	strict
5162	119877	equal
5163	119878	equal
5164	119905	equal
5165	119906	equal
5166	120033	equal
5166	120035	strict
5166	120084	strict
5166	120085	strict
5166	120086	strict
5166	120087	strict
5167	120034	equal
5167	120087	strict
5168	120055	equal
5168	120063	strict
5168	120071	strict
5168	120087	strict
5169	120062	equal
5169	120087	strict
5170	120070	equal
5170	120087	strict
5171	120084	equal
5171	120085	strict
5171	120086	strict
5171	120087	strict
5172	120119	equal
5173	120126	equal
5174	120141	equal
5174	120143	strict
5174	120223	strict
5174	120228	strict
5174	120230	strict
5174	120231	strict
5175	120142	equal
5175	120231	strict
5176	120157	equal
5177	120158	equal
5178	120202	equal
5178	120203	strict
5178	120229	strict
5178	120231	strict
5179	120223	equal
5179	120228	strict
5179	120230	strict
5179	120231	strict
5180	120224	equal
5180	120231	strict
5181	120225	equal
5181	120231	strict
5182	120266	equal
5182	120279	strict
5182	120281	strict
5182	120321	strict
5182	120322	strict
5182	120364	strict
5182	120365	strict
5182	120366	strict
5182	120367	strict
5183	120279	equal
5183	120281	strict
5183	120364	strict
5183	120365	strict
5183	120366	strict
5183	120367	strict
5184	120280	equal
5184	120367	strict
5185	120286	equal
5186	120311	equal
5186	120358	strict
5187	120318	equal
5187	120319	strict
5187	120355	strict
5187	120356	strict
5187	120357	strict
5187	120358	strict
5188	120320	equal
5188	120367	strict
5189	120321	equal
5189	120322	strict
5189	120364	strict
5189	120365	strict
5189	120366	strict
5189	120367	strict
5190	120332	equal
5190	120334	strict
5190	120350	strict
5190	120358	strict
5191	120333	equal
5191	120358	strict
5192	120349	equal
5192	120358	strict
5193	120355	equal
5193	120356	strict
5193	120357	strict
5193	120358	strict
5194	120359	equal
5194	120361	strict
5194	120363	strict
5194	120367	strict
5195	120360	equal
5195	120367	strict
5196	120362	equal
5196	120367	strict
5197	120364	equal
5197	120365	strict
5197	120366	strict
5197	120367	strict
5198	120376	equal
5199	120383	equal
5200	120385	equal
5201	120386	equal
5202	120410	equal
5203	120417	equal
5204	120423	equal
5205	120430	equal
5206	120431	equal
5207	120435	equal
5208	120440	equal
5208	120447	strict
5208	120449	strict
5208	120556	strict
5208	120558	strict
5208	120561	strict
5208	120564	strict
5208	120566	strict
5208	120567	strict
5209	120447	equal
5209	120449	strict
5209	120561	strict
5209	120564	strict
5209	120566	strict
5209	120567	strict
5210	120448	equal
5210	120567	strict
5211	120452	equal
5212	120467	equal
5213	120474	equal
5214	120475	equal
5215	120479	equal
5216	120527	equal
5216	120529	strict
5216	120601	strict
5216	120603	strict
5216	120627	strict
5216	120630	strict
5216	120632	strict
5216	120633	strict
5217	120528	equal
5217	120633	strict
5218	120537	equal
5219	120539	equal
5220	120556	equal
5220	120558	strict
5220	120561	strict
5220	120564	strict
5220	120566	strict
5220	120567	strict
5221	120557	equal
5221	120567	strict
5222	120559	equal
5222	120560	strict
5222	120565	strict
5222	120567	strict
5223	120561	equal
5223	120564	strict
5223	120566	strict
5223	120567	strict
5224	120562	equal
5224	120567	strict
5225	120563	equal
5225	120567	strict
5226	120575	equal
5227	120577	equal
5228	120601	equal
5228	120603	strict
5228	120627	strict
5228	120630	strict
5228	120632	strict
5228	120633	strict
5229	120602	equal
5229	120633	strict
5230	120625	equal
5230	120626	strict
5230	120631	strict
5230	120633	strict
5231	120627	equal
5231	120630	strict
5231	120632	strict
5231	120633	strict
5232	120628	equal
5232	120633	strict
5233	120629	equal
5233	120633	strict
5234	120649	equal
5235	120651	equal
5236	120688	equal
5236	120703	strict
5236	168925	strict
5236	168950	strict
5236	217370	strict
5236	217374	strict
5236	217375	strict
5236	217378	strict
5237	120689	equal
5237	217378	strict
5238	120822	equal
5238	130993	strict
5238	134254	strict
5238	201381	strict
5238	201407	strict
5238	201412	strict
5238	207149	strict
5238	207242	strict
5238	207258	strict
5239	120823	equal
5239	121096	strict
5239	134293	strict
5239	201382	strict
5239	201392	strict
5239	201432	strict
5239	207150	strict
5239	207170	strict
5239	207325	strict
5240	120830	equal
5240	131005	strict
5240	134326	strict
5240	169021	strict
5240	185350	strict
5240	205693	strict
5240	205757	strict
5240	205776	strict
5240	205778	strict
5241	120831	equal
5241	121108	strict
5241	134365	strict
5241	169022	strict
5241	169192	strict
5241	205694	strict
5241	205704	strict
5241	205856	strict
5241	205858	strict
5242	121003	equal
5242	133689	strict
5242	201286	strict
5242	201300	strict
5242	206940	strict
5242	206943	strict
5242	206980	strict
5242	206998	strict
5243	121004	equal
5243	133692	strict
5243	201287	strict
5243	201303	strict
5243	201457	strict
5243	201465	strict
5243	207476	strict
5243	207545	strict
5244	121008	equal
5244	121095	strict
5244	133704	strict
5244	134290	strict
5244	201391	strict
5244	201427	strict
5244	207168	strict
5244	207308	strict
5245	121012	equal
5245	121107	strict
5245	133728	strict
5245	134362	strict
5245	169191	strict
5245	205703	strict
5245	205831	strict
5245	205833	strict
5246	121017	equal
5246	133755	strict
5246	169081	strict
5246	186050	strict
5246	206056	strict
5246	206058	strict
5246	206092	strict
5246	206115	strict
5247	121020	equal
5247	133764	strict
5247	169082	strict
5247	169199	strict
5247	186053	strict
5247	206231	strict
5247	206320	strict
5247	206322	strict
5248	121037	equal
5249	121039	equal
5250	121090	equal
5251	121095	equal
5251	134290	strict
5251	201391	strict
5251	201427	strict
5251	207168	strict
5251	207308	strict
5252	121096	equal
5252	134293	strict
5252	201392	strict
5252	201432	strict
5252	207170	strict
5252	207325	strict
5253	121102	equal
5254	121107	equal
5254	134362	strict
5254	169191	strict
5254	205703	strict
5254	205831	strict
5254	205833	strict
5255	121108	equal
5255	134365	strict
5255	169192	strict
5255	205704	strict
5255	205856	strict
5255	205858	strict
5256	121668	equal
5256	121757	strict
5256	170497	strict
5256	170498	strict
5256	170563	strict
5256	170564	strict
5256	170565	strict
5256	170566	strict
5257	121669	equal
5257	170566	strict
5258	121732	equal
5258	121753	strict
5258	130559	strict
5258	130560	strict
5258	130596	strict
5258	130597	strict
5258	130598	strict
5258	130599	strict
5259	121733	equal
5259	130599	strict
5260	122175	equal
5260	128852	strict
5260	201142	strict
5260	201156	strict
5260	206120	strict
5260	206128	strict
5260	206144	strict
5260	206191	strict
5261	122176	equal
5261	128855	strict
5261	201143	strict
5261	201159	strict
5261	201511	strict
5261	201519	strict
5261	209788	strict
5261	209835	strict
5262	122181	equal
5262	128876	strict
5262	130991	strict
5262	134248	strict
5262	201396	strict
5262	201406	strict
5262	207210	strict
5262	207239	strict
5263	122185	equal
5263	128900	strict
5263	131003	strict
5263	134320	strict
5263	185349	strict
5263	205708	strict
5263	205750	strict
5263	205752	strict
5264	122189	equal
5264	128968	strict
5264	170801	strict
5264	174325	strict
5264	206859	strict
5264	206869	strict
5264	206893	strict
5264	206922	strict
5265	122193	equal
5265	128986	strict
5265	170802	strict
5265	174331	strict
5265	185373	strict
5265	209298	strict
5265	209340	strict
5265	209342	strict
5266	122730	equal
5266	127199	strict
5267	122731	equal
5267	127255	strict
5268	122792	equal
5268	122886	strict
5268	123296	strict
5268	123303	strict
5268	132107	strict
5268	132108	strict
5268	132110	strict
5268	132111	strict
5269	122793	equal
5269	132111	strict
5270	122862	equal
5270	122882	strict
5270	122980	strict
5270	122983	strict
5270	127183	strict
5270	127184	strict
5270	127185	strict
5270	127186	strict
5271	122863	equal
5271	127186	strict
5272	122935	equal
5273	122936	equal
5274	122980	equal
5274	122983	strict
5274	127183	strict
5274	127184	strict
5274	127185	strict
5274	127186	strict
5275	122981	equal
5275	127186	strict
5276	123009	equal
5276	123019	strict
5276	123026	strict
5276	127194	strict
5276	127195	strict
5276	127196	strict
5276	127197	strict
5276	127198	strict
5276	127199	strict
5277	123010	equal
5278	123019	equal
5278	123026	strict
5278	127196	strict
5278	127197	strict
5278	127198	strict
5278	127199	strict
5279	123020	equal
5279	127199	strict
5280	123065	equal
5280	172835	strict
5281	123066	equal
5281	172878	strict
5282	123073	equal
5282	123409	strict
5282	123844	strict
5282	172828	strict
5282	172829	strict
5282	172830	strict
5282	172832	strict
5282	172834	strict
5282	172835	strict
5283	123074	equal
5284	123083	equal
5284	123154	strict
5284	123898	strict
5284	172871	strict
5284	172872	strict
5284	172873	strict
5284	172875	strict
5284	172876	strict
5284	172878	strict
5285	123084	equal
5286	123127	equal
5286	123148	strict
5286	123867	strict
5286	123892	strict
5286	172861	strict
5286	172862	strict
5286	172865	strict
5286	172867	strict
5287	123128	equal
5287	172867	strict
5288	123141	equal
5289	123142	equal
5290	123148	equal
5290	123892	strict
5290	172861	strict
5290	172862	strict
5290	172865	strict
5290	172867	strict
5291	123149	equal
5291	172867	strict
5292	123154	equal
5292	123898	strict
5292	172872	strict
5292	172873	strict
5292	172876	strict
5292	172878	strict
5293	123155	equal
5293	172878	strict
5294	123189	equal
5295	123190	equal
5296	123259	equal
5296	132124	strict
5297	123260	equal
5297	132167	strict
5298	123296	equal
5298	123303	strict
5298	132107	strict
5298	132108	strict
5298	132110	strict
5298	132111	strict
5299	123297	equal
5299	132111	strict
5300	123329	equal
5300	123339	strict
5300	123346	strict
5300	132119	strict
5300	132120	strict
5300	132121	strict
5300	132122	strict
5300	132123	strict
5300	132124	strict
5301	123330	equal
5302	123339	equal
5302	123346	strict
5302	132121	strict
5302	132122	strict
5302	132123	strict
5302	132124	strict
5303	123340	equal
5303	132124	strict
5304	123382	equal
5304	123403	strict
5304	123619	strict
5304	123838	strict
5304	172816	strict
5304	172817	strict
5304	172821	strict
5304	172822	strict
5305	123383	equal
5305	172822	strict
5306	123396	equal
5307	123397	equal
5308	123403	equal
5308	123838	strict
5308	172816	strict
5308	172817	strict
5308	172821	strict
5308	172822	strict
5309	123404	equal
5309	172822	strict
5310	123409	equal
5310	123844	strict
5310	172829	strict
5310	172830	strict
5310	172834	strict
5310	172835	strict
5311	123410	equal
5311	172835	strict
5312	123594	equal
5312	123615	strict
5312	123668	strict
5312	123671	strict
5312	127241	strict
5312	127242	strict
5312	127243	strict
5312	127244	strict
5313	123595	equal
5313	127244	strict
5314	123643	equal
5315	123644	equal
5316	123668	equal
5316	123671	strict
5316	127241	strict
5316	127242	strict
5316	127243	strict
5316	127244	strict
5317	123669	equal
5317	127244	strict
5318	123697	equal
5318	123707	strict
5318	123714	strict
5318	127249	strict
5318	127250	strict
5318	127252	strict
5318	127253	strict
5318	127254	strict
5318	127255	strict
5319	123698	equal
5320	123707	equal
5320	123714	strict
5320	127252	strict
5320	127253	strict
5320	127254	strict
5320	127255	strict
5321	123708	equal
5321	127255	strict
5322	123733	equal
5322	123784	strict
5322	123882	strict
5322	132162	strict
5322	132163	strict
5322	132164	strict
5322	132165	strict
5322	132166	strict
5322	132167	strict
5323	123734	equal
5324	123762	equal
5324	123778	strict
5324	123863	strict
5324	123877	strict
5324	132153	strict
5324	132154	strict
5324	132155	strict
5324	132156	strict
5325	123763	equal
5325	132156	strict
5326	123774	equal
5327	123775	equal
5328	123778	equal
5328	123877	strict
5328	132153	strict
5328	132154	strict
5328	132155	strict
5328	132156	strict
5329	123779	equal
5329	132156	strict
5330	123784	equal
5330	123882	strict
5330	132164	strict
5330	132165	strict
5330	132166	strict
5330	132167	strict
5331	123785	equal
5331	132167	strict
5332	124141	equal
5332	124239	strict
5332	172425	strict
5332	172426	strict
5332	172992	strict
5332	172993	strict
5332	172995	strict
5332	172997	strict
5333	124142	equal
5333	172997	strict
5334	124214	equal
5334	124235	strict
5334	131917	strict
5334	131918	strict
5334	132283	strict
5334	132284	strict
5334	132285	strict
5334	132286	strict
5335	124215	equal
5335	132286	strict
5336	124446	equal
5336	124542	strict
5336	171943	strict
5336	171944	strict
5336	173311	strict
5336	173312	strict
5336	173314	strict
5336	173316	strict
5337	124447	equal
5337	173316	strict
5338	124517	equal
5338	124538	strict
5338	127344	strict
5338	127345	strict
5338	127461	strict
5338	127462	strict
5338	127463	strict
5338	127464	strict
5339	124518	equal
5339	127464	strict
5340	125323	equal
5340	125418	strict
5340	133030	strict
5340	133031	strict
5340	133504	strict
5340	133505	strict
5340	133507	strict
5340	133508	strict
5341	125324	equal
5341	133508	strict
5342	125393	equal
5342	125414	strict
5342	128316	strict
5342	128317	strict
5342	128648	strict
5342	128649	strict
5342	128650	strict
5342	128651	strict
5343	125394	equal
5343	128651	strict
5344	125944	equal
5344	206191	strict
5345	125945	equal
5345	209835	strict
5346	125947	equal
5346	207239	strict
5347	125949	equal
5347	205752	strict
5348	125951	equal
5348	206922	strict
5349	125953	equal
5349	209342	strict
5350	126866	equal
5350	126868	strict
5350	127282	strict
5350	127283	strict
5350	127284	strict
5350	127285	strict
5350	127286	strict
5350	127287	strict
5351	126867	equal
5351	127287	strict
5352	126869	equal
5352	126871	strict
5352	127297	strict
5352	127298	strict
5352	127300	strict
5352	127301	strict
5352	127302	strict
5352	127303	strict
5353	126870	equal
5353	127303	strict
5354	126882	equal
5354	126884	strict
5354	126938	strict
5354	126940	strict
5354	127395	strict
5354	127396	strict
5354	127397	strict
5354	127398	strict
5355	126883	equal
5355	127398	strict
5356	126908	equal
5357	126909	equal
5358	126930	equal
5358	126953	strict
5358	126955	strict
5358	127347	strict
5358	127348	strict
5358	127480	strict
5358	127481	strict
5358	127482	strict
5358	127483	strict
5359	126935	equal
5360	126938	equal
5360	126940	strict
5360	127395	strict
5360	127396	strict
5360	127397	strict
5360	127398	strict
5361	126939	equal
5361	127398	strict
5362	126953	equal
5362	126955	strict
5362	127480	strict
5362	127481	strict
5362	127482	strict
5362	127483	strict
5363	126954	equal
5363	127483	strict
5364	127072	equal
5364	127093	strict
5364	127098	strict
5364	127141	strict
5364	127188	strict
5364	127199	strict
5365	127073	equal
5365	127103	strict
5365	127123	strict
5365	127143	strict
5365	127209	strict
5365	127255	strict
5366	127078	equal
5367	127082	equal
5367	127092	strict
5367	127164	strict
5367	127186	strict
5368	127091	equal
5368	127186	strict
5369	127093	equal
5369	127098	strict
5369	127188	strict
5369	127199	strict
5370	127096	equal
5370	127199	strict
5371	127097	equal
5371	127199	strict
5372	127102	equal
5372	127118	strict
5372	127207	strict
5372	127244	strict
5373	127103	equal
5373	127123	strict
5373	127209	strict
5373	127255	strict
5374	127113	equal
5375	127117	equal
5375	127244	strict
5376	127121	equal
5376	127255	strict
5377	127122	equal
5377	127255	strict
5378	127140	equal
5378	127199	strict
5379	127142	equal
5379	127255	strict
5380	127152	equal
5381	127163	equal
5381	127186	strict
5382	127183	equal
5382	127184	strict
5382	127185	strict
5382	127186	strict
5383	127187	equal
5383	127199	strict
5384	127194	equal
5384	127195	strict
5384	127196	strict
5384	127197	strict
5384	127198	strict
5384	127199	strict
5385	127196	equal
5385	127197	strict
5385	127198	strict
5385	127199	strict
5386	127206	equal
5386	127244	strict
5387	127208	equal
5387	127255	strict
5388	127232	equal
5389	127241	equal
5389	127242	strict
5389	127243	strict
5389	127244	strict
5390	127249	equal
5390	127250	strict
5390	127252	strict
5390	127253	strict
5390	127254	strict
5390	127255	strict
5391	127252	equal
5391	127253	strict
5391	127254	strict
5391	127255	strict
5392	127256	equal
5392	127259	strict
5392	127262	strict
5392	127269	strict
5392	127278	strict
5392	127287	strict
5393	127257	equal
5393	127263	strict
5393	127267	strict
5393	127271	strict
5393	127289	strict
5393	127303	strict
5394	127258	equal
5395	127259	equal
5395	127262	strict
5395	127278	strict
5395	127287	strict
5396	127260	equal
5396	127287	strict
5397	127261	equal
5397	127287	strict
5398	127263	equal
5398	127267	strict
5398	127289	strict
5398	127303	strict
5399	127264	equal
5400	127265	equal
5400	127303	strict
5401	127266	equal
5401	127303	strict
5402	127268	equal
5402	127287	strict
5403	127270	equal
5403	127303	strict
5404	127272	equal
5405	127277	equal
5405	127287	strict
5406	127282	equal
5406	127283	strict
5406	127284	strict
5406	127285	strict
5406	127286	strict
5406	127287	strict
5407	127284	equal
5407	127285	strict
5407	127286	strict
5407	127287	strict
5408	127288	equal
5408	127303	strict
5409	127293	equal
5410	127297	equal
5410	127298	strict
5410	127300	strict
5410	127301	strict
5410	127302	strict
5410	127303	strict
5411	127300	equal
5411	127301	strict
5411	127302	strict
5411	127303	strict
5412	127337	equal
5412	127464	strict
5413	127344	equal
5413	127345	strict
5413	127461	strict
5413	127462	strict
5413	127463	strict
5413	127464	strict
5414	127346	equal
5414	127483	strict
5415	127347	equal
5415	127348	strict
5415	127480	strict
5415	127481	strict
5415	127482	strict
5415	127483	strict
5416	127352	equal
5417	127359	equal
5418	127361	equal
5419	127362	equal
5420	127380	equal
5420	127382	strict
5420	127384	strict
5420	127398	strict
5421	127381	equal
5421	127398	strict
5422	127383	equal
5422	127398	strict
5423	127395	equal
5423	127396	strict
5423	127397	strict
5423	127398	strict
5424	127420	equal
5424	127428	strict
5424	127436	strict
5424	127464	strict
5425	127427	equal
5425	127464	strict
5426	127435	equal
5426	127464	strict
5427	127461	equal
5427	127462	strict
5427	127463	strict
5427	127464	strict
5428	127465	equal
5428	127467	strict
5428	127469	strict
5428	127483	strict
5429	127466	equal
5429	127483	strict
5430	127468	equal
5430	127483	strict
5431	127480	equal
5431	127481	strict
5431	127482	strict
5431	127483	strict
5432	127504	equal
5433	127505	equal
5434	127510	equal
5435	127514	equal
5436	127523	equal
5437	127525	equal
5438	127528	equal
5439	127529	equal
5440	127534	equal
5441	127535	equal
5442	127545	equal
5443	127549	equal
5444	127553	equal
5445	127554	equal
5446	127565	equal
5447	127572	equal
5448	127596	equal
5449	127597	equal
5450	127598	equal
5451	127600	equal
5452	127610	equal
5453	127613	equal
5454	127616	equal
5455	127617	equal
5456	127625	equal
5457	127626	equal
5458	127638	equal
5458	127640	strict
5458	127674	strict
5458	127676	strict
5458	127985	strict
5458	127988	strict
5458	127990	strict
5458	127991	strict
5459	127639	equal
5459	127991	strict
5460	127654	equal
5461	127655	equal
5462	127668	equal
5462	127683	strict
5462	127685	strict
5462	127957	strict
5462	127959	strict
5462	128014	strict
5462	128017	strict
5462	128019	strict
5462	128020	strict
5463	127671	equal
5464	127674	equal
5464	127676	strict
5464	127985	strict
5464	127988	strict
5464	127990	strict
5464	127991	strict
5465	127675	equal
5465	127991	strict
5466	127683	equal
5466	127685	strict
5466	128014	strict
5466	128017	strict
5466	128019	strict
5466	128020	strict
5467	127684	equal
5467	128020	strict
5468	127734	equal
5469	127735	equal
5470	127736	equal
5471	127737	equal
5472	127748	equal
5473	127751	equal
5474	127754	equal
5475	127755	equal
5476	127763	equal
5477	127764	equal
5478	127870	equal
5479	127871	equal
5480	127874	equal
5481	127875	equal
5482	127902	equal
5482	127904	strict
5482	128048	strict
5482	128050	strict
5482	128104	strict
5482	128109	strict
5482	128111	strict
5482	128112	strict
5483	127903	equal
5483	128112	strict
5484	127912	equal
5485	127914	equal
5486	127957	equal
5486	127959	strict
5486	128014	strict
5486	128017	strict
5486	128019	strict
5486	128020	strict
5487	127958	equal
5487	128020	strict
5488	127960	equal
5489	127962	equal
5490	127977	equal
5490	127978	strict
5490	127989	strict
5490	127991	strict
5491	127985	equal
5491	127988	strict
5491	127990	strict
5491	127991	strict
5492	127986	equal
5492	127991	strict
5493	127987	equal
5493	127991	strict
5494	128006	equal
5494	128007	strict
5494	128018	strict
5494	128020	strict
5495	128014	equal
5495	128017	strict
5495	128019	strict
5495	128020	strict
5496	128015	equal
5496	128020	strict
5497	128016	equal
5497	128020	strict
5498	128048	equal
5498	128050	strict
5498	128104	strict
5498	128109	strict
5498	128111	strict
5498	128112	strict
5499	128049	equal
5499	128112	strict
5500	128058	equal
5501	128060	equal
5502	128098	equal
5502	128099	strict
5502	128110	strict
5502	128112	strict
5503	128104	equal
5503	128109	strict
5503	128111	strict
5503	128112	strict
5504	128105	equal
5504	128112	strict
5505	128106	equal
5505	128112	strict
5506	128131	equal
5506	128133	strict
5506	128484	strict
5506	128486	strict
5506	128516	strict
5506	128517	strict
5506	128518	strict
5506	128519	strict
5507	128132	equal
5507	128519	strict
5508	128144	equal
5508	128146	strict
5508	128529	strict
5508	128531	strict
5508	128559	strict
5508	128562	strict
5508	128564	strict
5508	128565	strict
5509	128145	equal
5509	128565	strict
5510	128185	equal
5511	128186	equal
5512	128196	equal
5513	128197	equal
5514	128286	equal
5514	128319	strict
5514	128320	strict
5514	128586	strict
5514	128588	strict
5514	128668	strict
5514	128669	strict
5514	128670	strict
5514	128671	strict
5515	128291	equal
5516	128309	equal
5516	128651	strict
5517	128316	equal
5517	128317	strict
5517	128648	strict
5517	128649	strict
5517	128650	strict
5517	128651	strict
5518	128318	equal
5518	128671	strict
5519	128319	equal
5519	128320	strict
5519	128668	strict
5519	128669	strict
5519	128670	strict
5519	128671	strict
5520	128324	equal
5521	128331	equal
5522	128333	equal
5523	128334	equal
5524	128342	equal
5525	128349	equal
5526	128355	equal
5527	128358	equal
5528	128363	equal
5528	128452	strict
5528	128454	strict
5528	128689	strict
5528	128691	strict
5528	128727	strict
5528	128730	strict
5528	128732	strict
5528	128733	strict
5529	128366	equal
5530	128375	equal
5531	128378	equal
5532	128429	equal
5532	128431	strict
5532	128469	strict
5532	128471	strict
5532	128785	strict
5532	128790	strict
5532	128792	strict
5532	128793	strict
5533	128430	equal
5533	128793	strict
5534	128439	equal
5535	128441	equal
5536	128452	equal
5536	128454	strict
5536	128727	strict
5536	128730	strict
5536	128732	strict
5536	128733	strict
5537	128453	equal
5537	128733	strict
5538	128455	equal
5539	128457	equal
5540	128469	equal
5540	128471	strict
5540	128785	strict
5540	128790	strict
5540	128792	strict
5540	128793	strict
5541	128470	equal
5541	128793	strict
5542	128479	equal
5543	128481	equal
5544	128484	equal
5544	128486	strict
5544	128516	strict
5544	128517	strict
5544	128518	strict
5544	128519	strict
5545	128485	equal
5545	128519	strict
5546	128503	equal
5546	128505	strict
5546	128511	strict
5546	128519	strict
5547	128504	equal
5547	128519	strict
5548	128510	equal
5548	128519	strict
5549	128516	equal
5549	128517	strict
5549	128518	strict
5549	128519	strict
5550	128524	equal
5551	128525	equal
5552	128529	equal
5552	128531	strict
5552	128559	strict
5552	128562	strict
5552	128564	strict
5552	128565	strict
5553	128530	equal
5553	128565	strict
5554	128534	equal
5555	128535	equal
5556	128551	equal
5556	128552	strict
5556	128563	strict
5556	128565	strict
5557	128559	equal
5557	128562	strict
5557	128564	strict
5557	128565	strict
5558	128560	equal
5558	128565	strict
5559	128561	equal
5559	128565	strict
5560	128586	equal
5560	128588	strict
5560	128668	strict
5560	128669	strict
5560	128670	strict
5560	128671	strict
5561	128587	equal
5561	128671	strict
5562	128610	equal
5562	128618	strict
5562	128630	strict
5562	128651	strict
5563	128617	equal
5563	128651	strict
5564	128629	equal
5564	128651	strict
5565	128648	equal
5565	128649	strict
5565	128650	strict
5565	128651	strict
5566	128655	equal
5566	128657	strict
5566	128661	strict
5566	128671	strict
5567	128656	equal
5567	128671	strict
5568	128660	equal
5568	128671	strict
5569	128668	equal
5569	128669	strict
5569	128670	strict
5569	128671	strict
5570	128680	equal
5571	128681	equal
5572	128689	equal
5572	128691	strict
5572	128727	strict
5572	128730	strict
5572	128732	strict
5572	128733	strict
5573	128690	equal
5573	128733	strict
5574	128704	equal
5575	128705	equal
5576	128719	equal
5576	128720	strict
5576	128731	strict
5576	128733	strict
5577	128727	equal
5577	128730	strict
5577	128732	strict
5577	128733	strict
5578	128728	equal
5578	128733	strict
5579	128729	equal
5579	128733	strict
5580	128779	equal
5580	128780	strict
5580	128791	strict
5580	128793	strict
5581	128785	equal
5581	128790	strict
5581	128792	strict
5581	128793	strict
5582	128786	equal
5582	128793	strict
5583	128787	equal
5583	128793	strict
5584	128914	equal
5584	128930	strict
5584	174238	strict
5584	174264	strict
5584	205158	strict
5584	205258	strict
5584	205260	strict
5584	205262	strict
5585	128915	equal
5585	205262	strict
5586	129006	equal
5586	129022	strict
5586	134575	strict
5586	134601	strict
5586	214515	strict
5586	214615	strict
5586	214617	strict
5586	214619	strict
5587	129007	equal
5587	214619	strict
5588	129061	equal
5589	129063	equal
5590	129109	equal
5590	206998	strict
5591	129110	equal
5591	207545	strict
5592	129111	equal
5592	207308	strict
5593	129113	equal
5593	205833	strict
5594	129116	equal
5594	206115	strict
5595	129117	equal
5595	206322	strict
5596	129147	equal
5596	207258	strict
5597	129149	equal
5597	207325	strict
5598	129151	equal
5598	205778	strict
5599	129153	equal
5599	205858	strict
5600	129180	equal
5601	129182	equal
5601	207308	strict
5602	129183	equal
5602	207325	strict
5603	129186	equal
5604	129188	equal
5604	205833	strict
5605	129189	equal
5605	205858	strict
5606	129268	equal
5607	129269	equal
5608	129296	equal
5609	129297	equal
5610	129800	equal
5610	130608	strict
5611	129805	equal
5611	132305	strict
5612	129809	equal
5612	129817	strict
5612	130573	strict
5612	130575	strict
5612	130591	strict
5612	130599	strict
5613	129816	equal
5613	130599	strict
5614	129818	equal
5614	129820	strict
5614	130600	strict
5614	130602	strict
5614	130604	strict
5614	130608	strict
5615	129819	equal
5615	130608	strict
5616	129824	equal
5616	129832	strict
5616	132242	strict
5616	132250	strict
5616	132258	strict
5616	132286	strict
5617	129831	equal
5617	132286	strict
5618	129833	equal
5618	129835	strict
5618	132287	strict
5618	132289	strict
5618	132291	strict
5618	132305	strict
5619	129834	equal
5619	132305	strict
5620	129838	equal
5621	129841	equal
5622	129844	equal
5622	130802	strict
5623	129847	equal
5623	133203	strict
5624	129854	equal
5625	129857	equal
5626	129862	equal
5626	129863	strict
5626	130794	strict
5626	130798	strict
5626	130800	strict
5626	130802	strict
5627	129864	equal
5627	130802	strict
5628	129865	equal
5628	129866	strict
5628	133189	strict
5628	133190	strict
5628	133201	strict
5628	133203	strict
5629	129867	equal
5629	133203	strict
5630	129875	equal
5630	129876	strict
5630	130861	strict
5630	130865	strict
5630	130867	strict
5630	130869	strict
5631	129877	equal
5631	130869	strict
5632	129885	equal
5632	129886	strict
5632	133281	strict
5632	133282	strict
5632	133293	strict
5632	133295	strict
5633	129887	equal
5633	133295	strict
5634	130105	equal
5635	130112	equal
5636	130117	equal
5637	130124	equal
5638	130136	equal
5639	130137	equal
5640	130145	equal
5641	130146	equal
5642	130171	equal
5642	133528	strict
5643	130173	equal
5643	133567	strict
5644	130175	equal
5645	130177	equal
5646	130182	equal
5646	130184	strict
5646	133344	strict
5646	133346	strict
5646	133352	strict
5646	133360	strict
5647	130183	equal
5647	133360	strict
5648	130185	equal
5648	130187	strict
5648	133373	strict
5648	133374	strict
5648	133385	strict
5648	133387	strict
5649	130186	equal
5649	133387	strict
5650	130191	equal
5650	130193	strict
5650	133512	strict
5650	133514	strict
5650	133518	strict
5650	133528	strict
5651	130192	equal
5651	133528	strict
5652	130197	equal
5652	130199	strict
5652	133553	strict
5652	133554	strict
5652	133565	strict
5652	133567	strict
5653	130198	equal
5653	133567	strict
5654	130260	equal
5654	130265	strict
5654	130323	strict
5654	130324	strict
5654	130326	strict
5654	130327	strict
5655	130261	equal
5655	130327	strict
5656	130295	equal
5656	130303	strict
5656	130311	strict
5656	130327	strict
5657	130302	equal
5657	130327	strict
5658	130310	equal
5658	130327	strict
5659	130323	equal
5659	130324	strict
5659	130326	strict
5659	130327	strict
5660	130349	equal
5661	130353	equal
5662	130368	equal
5662	130373	strict
5662	130449	strict
5662	130468	strict
5662	130470	strict
5662	130471	strict
5663	130369	equal
5663	130471	strict
5664	130384	equal
5665	130385	equal
5666	130439	equal
5666	130459	strict
5666	130469	strict
5666	130471	strict
5667	130449	equal
5667	130468	strict
5667	130470	strict
5667	130471	strict
5668	130450	equal
5668	130471	strict
5669	130451	equal
5669	130471	strict
5670	130496	equal
5670	130509	strict
5670	130511	strict
5670	130562	strict
5670	130563	strict
5670	130605	strict
5670	130606	strict
5670	130607	strict
5670	130608	strict
5671	130509	equal
5671	130511	strict
5671	130605	strict
5671	130606	strict
5671	130607	strict
5671	130608	strict
5672	130510	equal
5672	130608	strict
5673	130516	equal
5674	130552	equal
5674	130599	strict
5675	130559	equal
5675	130560	strict
5675	130596	strict
5675	130597	strict
5675	130598	strict
5675	130599	strict
5676	130561	equal
5676	130608	strict
5677	130562	equal
5677	130563	strict
5677	130605	strict
5677	130606	strict
5677	130607	strict
5677	130608	strict
5678	130573	equal
5678	130575	strict
5678	130591	strict
5678	130599	strict
5679	130574	equal
5679	130599	strict
5680	130590	equal
5680	130599	strict
5681	130596	equal
5681	130597	strict
5681	130598	strict
5681	130599	strict
5682	130600	equal
5682	130602	strict
5682	130604	strict
5682	130608	strict
5683	130601	equal
5683	130608	strict
5684	130603	equal
5684	130608	strict
5685	130605	equal
5685	130606	strict
5685	130607	strict
5685	130608	strict
5686	130622	equal
5687	130629	equal
5688	130631	equal
5689	130632	equal
5690	130640	equal
5691	130647	equal
5692	130653	equal
5693	130660	equal
5694	130661	equal
5695	130665	equal
5696	130670	equal
5696	130677	strict
5696	130679	strict
5696	130791	strict
5696	130793	strict
5696	130795	strict
5696	130799	strict
5696	130801	strict
5696	130802	strict
5697	130677	equal
5697	130679	strict
5697	130795	strict
5697	130799	strict
5697	130801	strict
5697	130802	strict
5698	130678	equal
5698	130802	strict
5699	130682	equal
5700	130697	equal
5701	130704	equal
5702	130705	equal
5703	130709	equal
5704	130766	equal
5704	130768	strict
5704	130837	strict
5704	130839	strict
5704	130862	strict
5704	130866	strict
5704	130868	strict
5704	130869	strict
5705	130767	equal
5705	130869	strict
5706	130776	equal
5707	130778	equal
5708	130791	equal
5708	130793	strict
5708	130795	strict
5708	130799	strict
5708	130801	strict
5708	130802	strict
5709	130792	equal
5709	130802	strict
5710	130794	equal
5710	130798	strict
5710	130800	strict
5710	130802	strict
5711	130795	equal
5711	130799	strict
5711	130801	strict
5711	130802	strict
5712	130796	equal
5712	130802	strict
5713	130797	equal
5713	130802	strict
5714	130817	equal
5715	130819	equal
5716	130837	equal
5716	130839	strict
5716	130862	strict
5716	130866	strict
5716	130868	strict
5716	130869	strict
5717	130838	equal
5717	130869	strict
5718	130861	equal
5718	130865	strict
5718	130867	strict
5718	130869	strict
5719	130862	equal
5719	130866	strict
5719	130868	strict
5719	130869	strict
5720	130863	equal
5720	130869	strict
5721	130864	equal
5721	130869	strict
5722	130893	equal
5723	130895	equal
5724	130912	equal
5724	130928	strict
5724	185235	strict
5724	185261	strict
5724	214413	strict
5724	214417	strict
5724	214418	strict
5724	214421	strict
5725	130913	equal
5725	214421	strict
5726	130991	equal
5726	134248	strict
5726	201396	strict
5726	201406	strict
5726	207210	strict
5726	207239	strict
5727	130993	equal
5727	134254	strict
5727	201407	strict
5727	201412	strict
5727	207242	strict
5727	207258	strict
5728	130995	equal
5729	131003	equal
5729	134320	strict
5729	185349	strict
5729	205708	strict
5729	205750	strict
5729	205752	strict
5730	131005	equal
5730	134326	strict
5730	185350	strict
5730	205757	strict
5730	205776	strict
5730	205778	strict
5731	131007	equal
5732	131645	equal
5732	131775	strict
5732	131777	strict
5732	131920	strict
5732	131921	strict
5732	132302	strict
5732	132303	strict
5732	132304	strict
5732	132305	strict
5733	131718	equal
5733	131720	strict
5733	132199	strict
5733	132200	strict
5733	132201	strict
5733	132202	strict
5733	132203	strict
5733	132204	strict
5734	131719	equal
5734	132204	strict
5735	131721	equal
5735	131723	strict
5735	132210	strict
5735	132211	strict
5735	132212	strict
5735	132213	strict
5735	132214	strict
5735	132215	strict
5736	131722	equal
5736	132215	strict
5737	131727	equal
5737	131729	strict
5737	131769	strict
5737	131771	strict
5737	132235	strict
5737	132236	strict
5737	132237	strict
5737	132238	strict
5738	131728	equal
5738	132238	strict
5739	131737	equal
5740	131766	equal
5741	131767	equal
5742	131769	equal
5742	131771	strict
5742	132235	strict
5742	132236	strict
5742	132237	strict
5742	132238	strict
5743	131770	equal
5743	132238	strict
5744	131775	equal
5744	131777	strict
5744	132302	strict
5744	132303	strict
5744	132304	strict
5744	132305	strict
5745	131776	equal
5745	132305	strict
5746	131910	equal
5746	132286	strict
5747	131917	equal
5747	131918	strict
5747	132283	strict
5747	132284	strict
5747	132285	strict
5747	132286	strict
5748	131919	equal
5748	132305	strict
5749	131920	equal
5749	131921	strict
5749	132302	strict
5749	132303	strict
5749	132304	strict
5749	132305	strict
5750	131934	equal
5751	131941	equal
5752	131943	equal
5753	131944	equal
5754	131984	equal
5754	132010	strict
5754	132015	strict
5754	132053	strict
5754	132113	strict
5754	132124	strict
5755	131985	equal
5755	131995	strict
5755	132035	strict
5755	132055	strict
5755	132075	strict
5755	132167	strict
5756	131990	equal
5757	131994	equal
5757	132030	strict
5757	132073	strict
5757	132156	strict
5758	131995	equal
5758	132035	strict
5758	132075	strict
5758	132167	strict
5759	131999	equal
5759	132009	strict
5759	132089	strict
5759	132111	strict
5760	132008	equal
5760	132111	strict
5761	132010	equal
5761	132015	strict
5761	132113	strict
5761	132124	strict
5762	132013	equal
5762	132124	strict
5763	132014	equal
5763	132124	strict
5764	132025	equal
5765	132029	equal
5765	132156	strict
5766	132033	equal
5766	132167	strict
5767	132034	equal
5767	132167	strict
5768	132052	equal
5768	132124	strict
5769	132054	equal
5769	132167	strict
5770	132064	equal
5771	132072	equal
5771	132156	strict
5772	132074	equal
5772	132167	strict
5773	132088	equal
5773	132111	strict
5774	132107	equal
5774	132108	strict
5774	132110	strict
5774	132111	strict
5775	132112	equal
5775	132124	strict
5776	132119	equal
5776	132120	strict
5776	132121	strict
5776	132122	strict
5776	132123	strict
5776	132124	strict
5777	132121	equal
5777	132122	strict
5777	132123	strict
5777	132124	strict
5778	132144	equal
5779	132153	equal
5779	132154	strict
5779	132155	strict
5779	132156	strict
5780	132162	equal
5780	132163	strict
5780	132164	strict
5780	132165	strict
5780	132166	strict
5780	132167	strict
5781	132164	equal
5781	132165	strict
5781	132166	strict
5781	132167	strict
5782	132168	equal
5782	132172	strict
5782	132175	strict
5782	132181	strict
5782	132195	strict
5782	132204	strict
5783	132169	equal
5783	132171	strict
5783	132179	strict
5783	132183	strict
5783	132187	strict
5783	132215	strict
5784	132170	equal
5785	132171	equal
5785	132179	strict
5785	132187	strict
5785	132215	strict
5786	132172	equal
5786	132175	strict
5786	132195	strict
5786	132204	strict
5787	132173	equal
5787	132204	strict
5788	132174	equal
5788	132204	strict
5789	132176	equal
5790	132177	equal
5790	132215	strict
5791	132178	equal
5791	132215	strict
5792	132180	equal
5792	132204	strict
5793	132182	equal
5793	132215	strict
5794	132184	equal
5795	132186	equal
5795	132215	strict
5796	132194	equal
5796	132204	strict
5797	132199	equal
5797	132200	strict
5797	132201	strict
5797	132202	strict
5797	132203	strict
5797	132204	strict
5798	132201	equal
5798	132202	strict
5798	132203	strict
5798	132204	strict
5799	132205	equal
5800	132210	equal
5800	132211	strict
5800	132212	strict
5800	132213	strict
5800	132214	strict
5800	132215	strict
5801	132212	equal
5801	132213	strict
5801	132214	strict
5801	132215	strict
5802	132220	equal
5802	132222	strict
5802	132224	strict
5802	132238	strict
5803	132221	equal
5803	132238	strict
5804	132223	equal
5804	132238	strict
5805	132235	equal
5805	132236	strict
5805	132237	strict
5805	132238	strict
5806	132242	equal
5806	132250	strict
5806	132258	strict
5806	132286	strict
5807	132249	equal
5807	132286	strict
5808	132257	equal
5808	132286	strict
5809	132283	equal
5809	132284	strict
5809	132285	strict
5809	132286	strict
5810	132287	equal
5810	132289	strict
5810	132291	strict
5810	132305	strict
5811	132288	equal
5811	132305	strict
5812	132290	equal
5812	132305	strict
5813	132302	equal
5813	132303	strict
5813	132304	strict
5813	132305	strict
5814	132315	equal
5815	132322	equal
5816	132344	equal
5817	132345	equal
5818	132350	equal
5819	132354	equal
5820	132355	equal
5821	132361	equal
5822	132365	equal
5823	132372	equal
5824	132373	equal
5825	132374	equal
5826	132385	equal
5827	132389	equal
5828	132392	equal
5829	132393	equal
5830	132401	equal
5831	132407	equal
5832	132432	equal
5833	132433	equal
5834	132434	equal
5835	132436	equal
5836	132438	equal
5837	132439	equal
5838	132447	equal
5839	132448	equal
5840	132455	equal
5840	132505	strict
5840	132507	strict
5840	133121	strict
5840	133123	strict
5840	133197	strict
5840	133200	strict
5840	133202	strict
5840	133203	strict
5841	132471	equal
5841	132473	strict
5841	132499	strict
5841	132501	strict
5841	133170	strict
5841	133173	strict
5841	133175	strict
5841	133176	strict
5842	132472	equal
5842	133176	strict
5843	132479	equal
5844	132496	equal
5845	132497	equal
5846	132499	equal
5846	132501	strict
5846	133170	strict
5846	133173	strict
5846	133175	strict
5846	133176	strict
5847	132500	equal
5847	133176	strict
5848	132505	equal
5848	132507	strict
5848	133197	strict
5848	133200	strict
5848	133202	strict
5848	133203	strict
5849	132506	equal
5849	133203	strict
5850	132551	equal
5850	132553	strict
5850	133318	strict
5850	133320	strict
5850	133357	strict
5850	133358	strict
5850	133359	strict
5850	133360	strict
5851	132552	equal
5851	133360	strict
5852	132557	equal
5852	132559	strict
5852	133321	strict
5852	133323	strict
5852	133379	strict
5852	133384	strict
5852	133386	strict
5852	133387	strict
5853	132558	equal
5853	133387	strict
5854	132595	equal
5855	132601	equal
5856	132626	equal
5857	132627	equal
5858	132628	equal
5859	132629	equal
5860	132632	equal
5861	132633	equal
5862	132641	equal
5863	132642	equal
5864	132676	equal
5865	132677	equal
5866	132685	equal
5867	132686	equal
5868	132800	equal
5868	132802	strict
5868	133229	strict
5868	133231	strict
5868	133287	strict
5868	133292	strict
5868	133294	strict
5868	133295	strict
5869	132801	equal
5869	133295	strict
5870	132810	equal
5871	132812	equal
5872	132827	equal
5873	132828	equal
5874	132831	equal
5875	132832	equal
5876	132935	equal
5877	132939	equal
5878	132964	equal
5878	132966	strict
5878	133049	strict
5878	133051	strict
5878	133605	strict
5878	133612	strict
5878	133614	strict
5878	133615	strict
5879	132965	equal
5879	133615	strict
5880	132978	equal
5880	133033	strict
5880	133034	strict
5880	133443	strict
5880	133445	strict
5880	133525	strict
5880	133526	strict
5880	133527	strict
5880	133528	strict
5881	132980	equal
5881	133041	strict
5881	133043	strict
5881	133449	strict
5881	133451	strict
5881	133557	strict
5881	133564	strict
5881	133566	strict
5881	133567	strict
5882	132997	equal
5883	132998	equal
5884	133023	equal
5884	133508	strict
5885	133030	equal
5885	133031	strict
5885	133504	strict
5885	133505	strict
5885	133507	strict
5885	133508	strict
5886	133032	equal
5886	133528	strict
5887	133033	equal
5887	133034	strict
5887	133525	strict
5887	133526	strict
5887	133527	strict
5887	133528	strict
5888	133037	equal
5889	133040	equal
5890	133041	equal
5890	133043	strict
5890	133557	strict
5890	133564	strict
5890	133566	strict
5890	133567	strict
5891	133042	equal
5891	133567	strict
5892	133049	equal
5892	133051	strict
5892	133605	strict
5892	133612	strict
5892	133614	strict
5892	133615	strict
5893	133050	equal
5893	133615	strict
5894	133059	equal
5895	133061	equal
5896	133069	equal
5897	133076	equal
5898	133078	equal
5899	133079	equal
5900	133083	equal
5901	133086	equal
5902	133087	equal
5903	133089	equal
5904	133095	equal
5905	133097	equal
5906	133121	equal
5906	133123	strict
5906	133197	strict
5906	133200	strict
5906	133202	strict
5906	133203	strict
5907	133122	equal
5907	133203	strict
5908	133133	equal
5909	133134	equal
5910	133162	equal
5910	133163	strict
5910	133174	strict
5910	133176	strict
5911	133170	equal
5911	133173	strict
5911	133175	strict
5911	133176	strict
5912	133171	equal
5912	133176	strict
5913	133172	equal
5913	133176	strict
5914	133189	equal
5914	133190	strict
5914	133201	strict
5914	133203	strict
5915	133197	equal
5915	133200	strict
5915	133202	strict
5915	133203	strict
5916	133198	equal
5916	133203	strict
5917	133199	equal
5917	133203	strict
5918	133229	equal
5918	133231	strict
5918	133287	strict
5918	133292	strict
5918	133294	strict
5918	133295	strict
5919	133230	equal
5919	133295	strict
5920	133239	equal
5921	133240	equal
5922	133281	equal
5922	133282	strict
5922	133293	strict
5922	133295	strict
5923	133287	equal
5923	133292	strict
5923	133294	strict
5923	133295	strict
5924	133288	equal
5924	133295	strict
5925	133289	equal
5925	133295	strict
5926	133318	equal
5926	133320	strict
5926	133357	strict
5926	133358	strict
5926	133359	strict
5926	133360	strict
5927	133319	equal
5927	133360	strict
5928	133321	equal
5928	133323	strict
5928	133379	strict
5928	133384	strict
5928	133386	strict
5928	133387	strict
5929	133322	equal
5929	133387	strict
5930	133344	equal
5930	133346	strict
5930	133352	strict
5930	133360	strict
5931	133345	equal
5931	133360	strict
5932	133351	equal
5932	133360	strict
5933	133357	equal
5933	133358	strict
5933	133359	strict
5933	133360	strict
5934	133363	equal
5935	133364	equal
5936	133366	equal
5937	133367	equal
5938	133373	equal
5938	133374	strict
5938	133385	strict
5938	133387	strict
5939	133379	equal
5939	133384	strict
5939	133386	strict
5939	133387	strict
5940	133380	equal
5940	133387	strict
5941	133381	equal
5941	133387	strict
5942	133443	equal
5942	133445	strict
5942	133525	strict
5942	133526	strict
5942	133527	strict
5942	133528	strict
5943	133444	equal
5943	133528	strict
5944	133449	equal
5944	133451	strict
5944	133557	strict
5944	133564	strict
5944	133566	strict
5944	133567	strict
5945	133450	equal
5945	133567	strict
5946	133467	equal
5946	133475	strict
5946	133487	strict
5946	133508	strict
5947	133474	equal
5947	133508	strict
5948	133486	equal
5948	133508	strict
5949	133504	equal
5949	133505	strict
5949	133507	strict
5949	133508	strict
5950	133512	equal
5950	133514	strict
5950	133518	strict
5950	133528	strict
5951	133513	equal
5951	133528	strict
5952	133517	equal
5952	133528	strict
5953	133525	equal
5953	133526	strict
5953	133527	strict
5953	133528	strict
5954	133537	equal
5955	133538	equal
5956	133546	equal
5957	133547	equal
5958	133553	equal
5958	133554	strict
5958	133565	strict
5958	133567	strict
5959	133557	equal
5959	133564	strict
5959	133566	strict
5959	133567	strict
5960	133558	equal
5960	133567	strict
5961	133559	equal
5961	133567	strict
5962	133601	equal
5962	133602	strict
5962	133613	strict
5962	133615	strict
5963	133605	equal
5963	133612	strict
5963	133614	strict
5963	133615	strict
5964	133606	equal
5964	133615	strict
5965	133607	equal
5965	133615	strict
5966	133772	equal
5966	133788	strict
5966	186144	strict
5966	186170	strict
5966	208732	strict
5966	208832	strict
5966	208834	strict
5966	208836	strict
5967	133773	equal
5967	208836	strict
5968	133816	equal
5968	133832	strict
5968	134407	strict
5968	134494	strict
5968	213348	strict
5968	214064	strict
5968	214066	strict
5968	214068	strict
5969	133817	equal
5969	214068	strict
5970	133892	equal
5970	207239	strict
5971	133894	equal
5971	207258	strict
5972	133896	equal
5973	133898	equal
5973	205752	strict
5974	133900	equal
5974	205778	strict
5975	133902	equal
5976	134381	equal
5976	134549	strict
5976	134555	strict
5976	213308	strict
5976	213987	strict
5976	214281	strict
5976	214326	strict
5976	214328	strict
5976	214330	strict
5977	134382	equal
5977	134403	strict
5977	134491	strict
5977	213310	strict
5977	213340	strict
5977	213988	strict
5977	214032	strict
5977	214034	strict
5977	214036	strict
5978	134399	equal
5978	214036	strict
5979	134400	equal
5980	134403	equal
5980	134491	strict
5980	213340	strict
5980	214032	strict
5980	214034	strict
5980	214036	strict
5981	134404	equal
5981	214036	strict
5982	134407	equal
5982	134494	strict
5982	213348	strict
5982	214064	strict
5982	214066	strict
5982	214068	strict
5983	134408	equal
5983	214068	strict
5984	134437	equal
5984	214330	strict
5985	134438	equal
5986	134441	equal
5987	134442	equal
5988	134549	equal
5988	134555	strict
5988	214281	strict
5988	214326	strict
5988	214328	strict
5988	214330	strict
5989	134550	equal
5989	214330	strict
5990	134575	equal
5990	134601	strict
5990	214515	strict
5990	214615	strict
5990	214617	strict
5990	214619	strict
5991	134576	equal
5991	214619	strict
5992	134589	equal
5993	134590	equal
5994	134728	equal
5994	165482	strict
5994	207375	strict
5994	207376	strict
5994	207377	strict
5994	207381	strict
5994	207383	strict
5994	207384	strict
5995	134729	equal
5995	207384	strict
5996	134738	equal
5996	165493	strict
5996	207400	strict
5996	207401	strict
5996	207402	strict
5996	207406	strict
5996	207407	strict
5996	207409	strict
5997	134739	equal
5997	207409	strict
5998	134786	equal
5998	207033	strict
5999	134787	equal
5999	207642	strict
6000	134794	equal
6000	165666	strict
6000	166772	strict
6000	207024	strict
6000	207025	strict
6000	207029	strict
6000	207030	strict
6000	207032	strict
6000	207033	strict
6001	134795	equal
6002	134804	equal
6002	134891	strict
6002	166828	strict
6002	207633	strict
6002	207634	strict
6002	207635	strict
6002	207636	strict
6002	207640	strict
6002	207642	strict
6003	134805	equal
6004	134864	equal
6004	134885	strict
6004	166797	strict
6004	166822	strict
6004	207618	strict
6004	207619	strict
6004	207623	strict
6004	207625	strict
6005	134865	equal
6005	207625	strict
6006	134878	equal
6007	134879	equal
6008	134885	equal
6008	166822	strict
6008	207618	strict
6008	207619	strict
6008	207623	strict
6008	207625	strict
6009	134886	equal
6009	207625	strict
6010	134891	equal
6010	166828	strict
6010	207635	strict
6010	207636	strict
6010	207640	strict
6010	207642	strict
6011	134892	equal
6011	207642	strict
6012	134916	equal
6013	134917	equal
6014	134934	equal
6015	134935	equal
6016	134951	equal
6017	134953	equal
6018	134968	equal
6019	134970	equal
6020	134971	equal
6021	134988	equal
6022	134989	equal
6023	135038	equal
6023	207384	strict
6024	135039	equal
6024	207409	strict
6025	135040	equal
6025	207625	strict
6026	135041	equal
6026	215066	strict
6027	135042	equal
6027	209902	strict
6028	135043	equal
6028	215194	strict
6029	135074	equal
6029	207033	strict
6030	135075	equal
6030	209503	strict
6031	135078	equal
6031	207642	strict
6032	135079	equal
6032	215091	strict
6033	135108	equal
6034	135109	equal
6035	135112	equal
6035	207625	strict
6036	135113	equal
6036	207642	strict
6037	135114	equal
6037	215066	strict
6038	135115	equal
6038	215091	strict
6039	135172	equal
6039	206226	strict
6040	135173	equal
6040	209934	strict
6041	135180	equal
6041	174538	strict
6041	184724	strict
6041	206217	strict
6041	206218	strict
6041	206222	strict
6041	206223	strict
6041	206224	strict
6041	206226	strict
6042	135181	equal
6043	135190	equal
6043	135982	strict
6043	184787	strict
6043	209925	strict
6043	209926	strict
6043	209927	strict
6043	209928	strict
6043	209932	strict
6043	209934	strict
6044	135191	equal
6045	135209	equal
6046	135211	equal
6047	135242	equal
6047	206226	strict
6048	135243	equal
6048	206471	strict
6049	135246	equal
6049	209934	strict
6050	135247	equal
6050	215301	strict
6051	135458	equal
6051	205979	strict
6052	135459	equal
6052	206029	strict
6053	135460	equal
6053	206509	strict
6054	135461	equal
6054	209542	strict
6055	135462	equal
6055	215138	strict
6056	135463	equal
6056	215339	strict
6057	135468	equal
6058	135469	equal
6059	135474	equal
6060	135475	equal
6061	135484	equal
6061	174833	strict
6061	186604	strict
6061	205965	strict
6061	205974	strict
6061	205975	strict
6061	205978	strict
6061	205979	strict
6062	135485	equal
6063	135486	equal
6063	205979	strict
6064	135495	equal
6064	174840	strict
6064	175213	strict
6064	206015	strict
6064	206024	strict
6064	206025	strict
6064	206028	strict
6064	206029	strict
6065	135496	equal
6066	135497	equal
6066	206029	strict
6067	135507	equal
6067	135772	strict
6067	175251	strict
6067	206496	strict
6067	206497	strict
6067	206504	strict
6067	206508	strict
6067	206509	strict
6068	135508	equal
6069	135509	equal
6069	206509	strict
6070	135519	equal
6070	136252	strict
6070	186659	strict
6070	209529	strict
6070	209530	strict
6070	209538	strict
6070	209541	strict
6070	209542	strict
6071	135520	equal
6072	135521	equal
6072	209542	strict
6073	135530	equal
6074	135531	equal
6075	135538	equal
6075	136297	strict
6075	136674	strict
6075	215126	strict
6075	215127	strict
6075	215128	strict
6075	215137	strict
6075	215138	strict
6076	135539	equal
6077	135540	equal
6077	215138	strict
6078	135549	equal
6078	135820	strict
6078	136707	strict
6078	215327	strict
6078	215328	strict
6078	215329	strict
6078	215338	strict
6078	215339	strict
6079	135550	equal
6080	135551	equal
6080	215339	strict
6081	135714	equal
6081	206471	strict
6082	135715	equal
6082	215301	strict
6083	135722	equal
6084	135723	equal
6085	135726	equal
6085	206471	strict
6086	135727	equal
6086	215301	strict
6087	135732	equal
6087	206509	strict
6088	135733	equal
6088	215339	strict
6089	135736	equal
6090	135744	equal
6090	135765	strict
6090	175232	strict
6090	175244	strict
6090	206392	strict
6090	206459	strict
6090	206466	strict
6090	206470	strict
6090	206471	strict
6091	135745	equal
6092	135758	equal
6093	135759	equal
6094	135765	equal
6094	175244	strict
6094	206459	strict
6094	206466	strict
6094	206470	strict
6094	206471	strict
6095	135766	equal
6096	135767	equal
6096	206471	strict
6097	135772	equal
6097	175251	strict
6097	206497	strict
6097	206504	strict
6097	206508	strict
6097	206509	strict
6098	135773	equal
6099	135774	equal
6099	206509	strict
6100	135784	equal
6101	135792	equal
6101	135813	strict
6101	136688	strict
6101	136700	strict
6101	215222	strict
6101	215290	strict
6101	215291	strict
6101	215300	strict
6101	215301	strict
6102	135793	equal
6103	135806	equal
6104	135807	equal
6105	135813	equal
6105	136700	strict
6105	215290	strict
6105	215291	strict
6105	215300	strict
6105	215301	strict
6106	135814	equal
6107	135815	equal
6107	215301	strict
6108	135820	equal
6108	136707	strict
6108	215328	strict
6108	215329	strict
6108	215338	strict
6108	215339	strict
6109	135821	equal
6110	135822	equal
6110	215339	strict
6111	135955	equal
6111	135976	strict
6111	184756	strict
6111	184781	strict
6111	209895	strict
6111	209896	strict
6111	209900	strict
6111	209902	strict
6112	135956	equal
6112	209902	strict
6113	135969	equal
6114	135970	equal
6115	135976	equal
6115	184781	strict
6115	209895	strict
6115	209896	strict
6115	209900	strict
6115	209902	strict
6116	135977	equal
6116	209902	strict
6117	135982	equal
6117	184787	strict
6117	209927	strict
6117	209928	strict
6117	209932	strict
6117	209934	strict
6118	135983	equal
6118	209934	strict
6119	136005	equal
6120	136007	equal
6121	136008	equal
6122	136037	equal
6123	136038	equal
6124	136041	equal
6124	209902	strict
6125	136042	equal
6125	215194	strict
6126	136043	equal
6126	209934	strict
6127	136044	equal
6127	215301	strict
6128	136189	equal
6129	136192	equal
6130	136197	equal
6130	209503	strict
6131	136198	equal
6131	215091	strict
6132	136205	equal
6133	136206	equal
6134	136209	equal
6134	209503	strict
6135	136210	equal
6135	215091	strict
6136	136215	equal
6136	209542	strict
6137	136216	equal
6137	215138	strict
6138	136224	equal
6138	136245	strict
6138	186640	strict
6138	186652	strict
6138	209423	strict
6138	209491	strict
6138	209500	strict
6138	209502	strict
6138	209503	strict
6139	136225	equal
6140	136238	equal
6141	136239	equal
6142	136245	equal
6142	186652	strict
6142	209491	strict
6142	209500	strict
6142	209502	strict
6142	209503	strict
6143	136246	equal
6144	136247	equal
6144	209503	strict
6145	136252	equal
6145	186659	strict
6145	209530	strict
6145	209538	strict
6145	209541	strict
6145	209542	strict
6146	136253	equal
6147	136254	equal
6147	209542	strict
6148	136269	equal
6148	136290	strict
6148	136558	strict
6148	136667	strict
6148	212786	strict
6148	215080	strict
6148	215081	strict
6148	215090	strict
6148	215091	strict
6149	136270	equal
6150	136283	equal
6151	136284	equal
6152	136290	equal
6152	136667	strict
6152	215080	strict
6152	215081	strict
6152	215090	strict
6152	215091	strict
6153	136291	equal
6154	136292	equal
6154	215091	strict
6155	136297	equal
6155	136674	strict
6155	215127	strict
6155	215128	strict
6155	215137	strict
6155	215138	strict
6156	136298	equal
6157	136299	equal
6157	215138	strict
6158	136513	equal
6159	136514	equal
6160	136517	equal
6161	136518	equal
6162	136521	equal
6163	136522	equal
6164	136531	equal
6164	136552	strict
6164	136664	strict
6164	212755	strict
6164	212780	strict
6164	215056	strict
6164	215065	strict
6164	215066	strict
6165	136532	equal
6165	215066	strict
6166	136545	equal
6167	136546	equal
6168	136552	equal
6168	136664	strict
6168	212780	strict
6168	215056	strict
6168	215065	strict
6168	215066	strict
6169	136553	equal
6169	215066	strict
6170	136558	equal
6170	136667	strict
6170	212786	strict
6170	215081	strict
6170	215090	strict
6170	215091	strict
6171	136559	equal
6171	215091	strict
6172	136581	equal
6172	136677	strict
6172	136681	strict
6172	212808	strict
6172	215158	strict
6172	215184	strict
6172	215193	strict
6172	215194	strict
6173	136582	equal
6173	215194	strict
6174	136621	equal
6175	136622	equal
6176	136623	equal
6177	136624	equal
6178	136633	equal
6179	136634	equal
6180	136635	equal
6181	136636	equal
6182	136643	equal
6183	136644	equal
6184	136664	equal
6184	215056	strict
6184	215065	strict
6184	215066	strict
6185	136665	equal
6185	215066	strict
6186	136666	equal
6186	215066	strict
6187	136667	equal
6187	215081	strict
6187	215090	strict
6187	215091	strict
6188	136668	equal
6188	215091	strict
6189	136669	equal
6189	215091	strict
6190	136674	equal
6190	215128	strict
6190	215137	strict
6190	215138	strict
6191	136675	equal
6191	215138	strict
6192	136676	equal
6192	215138	strict
6193	136677	equal
6193	136681	strict
6193	215158	strict
6193	215184	strict
6193	215193	strict
6193	215194	strict
6194	136678	equal
6194	215194	strict
6195	136679	equal
6196	136680	equal
6197	136681	equal
6197	215184	strict
6197	215193	strict
6197	215194	strict
6198	136682	equal
6198	215194	strict
6199	136683	equal
6199	215194	strict
6200	136688	equal
6200	136700	strict
6200	215222	strict
6200	215291	strict
6200	215300	strict
6200	215301	strict
6201	136689	equal
6201	215301	strict
6202	136696	equal
6203	136697	equal
6204	136700	equal
6204	215291	strict
6204	215300	strict
6204	215301	strict
6205	136701	equal
6205	215301	strict
6206	136702	equal
6206	215301	strict
6207	136707	equal
6207	215329	strict
6207	215338	strict
6207	215339	strict
6208	136708	equal
6208	215339	strict
6209	136709	equal
6209	215339	strict
6210	136901	equal
6211	136902	equal
6212	136913	equal
6213	136914	equal
6214	137093	equal
6215	137094	equal
6216	137095	equal
6217	137096	equal
6218	137367	equal
6219	137368	equal
6220	137441	equal
6221	137442	equal
6222	137443	equal
6223	137444	equal
6224	137513	equal
6225	137514	equal
6226	137515	equal
6227	137516	equal
6228	137517	equal
6229	137518	equal
6230	137525	equal
6231	137526	equal
6232	137527	equal
6233	137528	equal
6234	137535	equal
6235	137536	equal
6236	137537	equal
6237	137538	equal
6238	137673	equal
6239	137674	equal
6240	137749	equal
6241	137750	equal
6242	137829	equal
6243	137830	equal
6244	138124	equal
6245	138125	equal
6246	138136	equal
6247	138137	equal
6248	138298	equal
6249	138299	equal
6250	138300	equal
6251	138301	equal
6252	138302	equal
6253	138303	equal
6254	138310	equal
6255	138311	equal
6256	138312	equal
6257	138313	equal
6258	138320	equal
6259	138321	equal
6260	138322	equal
6261	138323	equal
6262	138432	equal
6263	138433	equal
6264	138444	equal
6265	138445	equal
6266	138644	equal
6267	138645	equal
6268	138656	equal
6269	138657	equal
6270	139725	equal
6271	139726	equal
6272	139787	equal
6273	139788	equal
6274	139918	equal
6275	139919	equal
6276	139938	equal
6277	139939	equal
6278	140234	equal
6279	140235	equal
6280	140309	equal
6281	140310	equal
6282	140573	equal
6283	140574	equal
6284	140703	equal
6285	140712	equal
6286	140727	equal
6287	140776	equal
6288	140777	equal
6289	140830	equal
6290	140838	equal
6291	140850	equal
6292	140879	equal
6293	140880	equal
6294	140881	equal
6295	140882	equal
6296	140888	equal
6297	140889	equal
6298	140891	equal
6299	140892	equal
6300	140935	equal
6300	140950	strict
6300	141065	strict
6300	141098	strict
6300	167383	strict
6300	167431	strict
6300	167443	strict
6300	167445	strict
6301	140940	equal
6301	167445	strict
6302	140963	equal
6302	140978	strict
6302	141027	strict
6302	141116	strict
6302	167318	strict
6302	167426	strict
6302	167470	strict
6302	167472	strict
6303	140968	equal
6303	167472	strict
6304	141009	equal
6304	141067	strict
6304	141102	strict
6304	167308	strict
6304	167384	strict
6304	167416	strict
6304	167446	strict
6304	167451	strict
6304	167453	strict
6305	141010	equal
6305	141028	strict
6305	141118	strict
6305	167309	strict
6305	167319	strict
6305	167417	strict
6305	167427	strict
6305	167477	strict
6305	167479	strict
6306	141016	equal
6307	141025	equal
6308	141027	equal
6308	141116	strict
6308	167318	strict
6308	167426	strict
6308	167470	strict
6308	167472	strict
6309	141028	equal
6309	141118	strict
6309	167319	strict
6309	167427	strict
6309	167477	strict
6309	167479	strict
6310	141034	equal
6311	141044	equal
6311	167453	strict
6312	141046	equal
6312	167479	strict
6313	141055	equal
6314	141057	equal
6314	167472	strict
6315	141058	equal
6315	167479	strict
6316	141065	equal
6316	141098	strict
6316	167383	strict
6316	167431	strict
6316	167443	strict
6316	167445	strict
6317	141067	equal
6317	141102	strict
6317	167384	strict
6317	167446	strict
6317	167451	strict
6317	167453	strict
6318	141069	equal
6319	141077	equal
6319	167445	strict
6320	141079	equal
6320	167453	strict
6321	141081	equal
6322	141557	equal
6322	141561	strict
6322	143057	strict
6322	143059	strict
6322	145487	strict
6322	145492	strict
6322	145494	strict
6322	145495	strict
6323	141558	equal
6323	145495	strict
6324	141584	equal
6324	141603	strict
6324	147913	strict
6324	147918	strict
6324	176569	strict
6324	176588	strict
6324	176590	strict
6324	176591	strict
6325	141585	equal
6325	176591	strict
6326	142794	equal
6326	142796	strict
6326	167676	strict
6326	167692	strict
6326	167696	strict
6326	167700	strict
6326	167703	strict
6326	167705	strict
6327	142795	equal
6327	142797	strict
6327	167677	strict
6327	167679	strict
6327	167697	strict
6327	167699	strict
6327	167709	strict
6327	167711	strict
6328	142798	equal
6328	167705	strict
6329	142799	equal
6329	167711	strict
6330	142807	equal
6330	142808	strict
6330	145264	strict
6330	145265	strict
6330	168437	strict
6330	168441	strict
6330	168443	strict
6330	168445	strict
6331	142809	equal
6331	168445	strict
6332	142817	equal
6332	142818	strict
6332	169656	strict
6332	169657	strict
6332	170642	strict
6332	170646	strict
6332	170648	strict
6332	170650	strict
6333	142819	equal
6333	170650	strict
6334	142829	equal
6334	142830	strict
6334	169692	strict
6334	169693	strict
6334	173192	strict
6334	173193	strict
6334	173207	strict
6334	173209	strict
6335	142831	equal
6335	173209	strict
6336	142837	equal
6336	142838	strict
6336	145310	strict
6336	145311	strict
6336	173408	strict
6336	173409	strict
6336	173423	strict
6336	173425	strict
6337	142839	equal
6337	173425	strict
6338	143014	equal
6338	145542	strict
6339	143017	equal
6339	145738	strict
6340	143038	equal
6341	143039	equal
6342	143057	equal
6342	143059	strict
6342	145487	strict
6342	145492	strict
6342	145494	strict
6342	145495	strict
6343	143058	equal
6343	145495	strict
6344	143066	equal
6344	143073	strict
6344	143075	strict
6344	145531	strict
6344	145533	strict
6344	145536	strict
6344	145539	strict
6344	145541	strict
6344	145542	strict
6345	143073	equal
6345	143075	strict
6345	145536	strict
6345	145539	strict
6345	145541	strict
6345	145542	strict
6346	143074	equal
6346	145542	strict
6347	143078	equal
6348	143136	equal
6348	143138	strict
6348	143172	strict
6348	143174	strict
6348	145703	strict
6348	145706	strict
6348	145708	strict
6348	145709	strict
6349	143137	equal
6349	145709	strict
6350	143152	equal
6351	143153	equal
6352	143166	equal
6352	143181	strict
6352	143183	strict
6352	145681	strict
6352	145683	strict
6352	145732	strict
6352	145735	strict
6352	145737	strict
6352	145738	strict
6353	143169	equal
6354	143172	equal
6354	143174	strict
6354	145703	strict
6354	145706	strict
6354	145708	strict
6354	145709	strict
6355	143173	equal
6355	145709	strict
6356	143181	equal
6356	143183	strict
6356	145732	strict
6356	145735	strict
6356	145737	strict
6356	145738	strict
6357	143182	equal
6357	145738	strict
6358	143196	equal
6358	143230	strict
6358	148301	strict
6358	148375	strict
6358	158544	strict
6358	158592	strict
6358	158634	strict
6358	158636	strict
6359	143202	equal
6359	158636	strict
6360	143391	equal
6360	143406	strict
6360	167087	strict
6360	167095	strict
6360	168003	strict
6360	168005	strict
6360	168021	strict
6360	168029	strict
6361	143396	equal
6361	168029	strict
6362	143433	equal
6362	143448	strict
6362	167099	strict
6362	167107	strict
6362	168057	strict
6362	168077	strict
6362	168087	strict
6362	168089	strict
6363	143438	equal
6363	168089	strict
6364	144132	equal
6364	145247	strict
6364	145249	strict
6364	167131	strict
6364	167133	strict
6364	168386	strict
6364	168388	strict
6364	168390	strict
6364	168394	strict
6365	144134	equal
6365	145256	strict
6365	145257	strict
6365	167137	strict
6365	167139	strict
6365	168413	strict
6365	168417	strict
6365	168419	strict
6365	168421	strict
6366	144136	equal
6366	145293	strict
6366	145295	strict
6366	169998	strict
6366	170000	strict
6366	173319	strict
6366	173321	strict
6366	173325	strict
6366	173336	strict
6367	144138	equal
6367	145302	strict
6367	145303	strict
6367	170004	strict
6367	170006	strict
6367	173360	strict
6367	173361	strict
6367	173375	strict
6367	173377	strict
6368	144226	equal
6369	144229	equal
6370	144248	equal
6371	144249	equal
6372	144257	equal
6373	144264	equal
6374	144265	equal
6375	144269	equal
6376	144330	equal
6377	144331	equal
6378	144333	equal
6379	144334	equal
6380	144344	equal
6381	144347	equal
6382	144350	equal
6383	144351	equal
6384	144359	equal
6385	144360	equal
6386	144388	equal
6386	188720	strict
6387	144389	equal
6388	144392	equal
6388	150569	strict
6389	144393	equal
6390	144396	equal
6391	144397	equal
6392	144400	equal
6393	144401	equal
6394	144753	equal
6394	144755	strict
6394	145989	strict
6394	145991	strict
6394	146015	strict
6394	146018	strict
6394	146020	strict
6394	146021	strict
6395	144754	equal
6395	146021	strict
6396	144763	equal
6397	144765	equal
6398	144803	equal
6399	144805	equal
6400	144806	equal
6401	144808	equal
6402	144833	equal
6402	144835	strict
6402	146102	strict
6402	146104	strict
6402	146154	strict
6402	146157	strict
6402	146159	strict
6402	146160	strict
6403	144834	equal
6403	146160	strict
6404	144845	equal
6405	144847	equal
6406	144874	equal
6406	144903	strict
6406	147785	strict
6406	147787	strict
6406	212540	strict
6406	212544	strict
6406	212545	strict
6406	212548	strict
6407	144875	equal
6407	212548	strict
6408	144876	equal
6408	144905	strict
6408	147790	strict
6408	147792	strict
6408	152751	strict
6408	152759	strict
6408	152760	strict
6408	152763	strict
6409	144877	equal
6409	152763	strict
6410	144952	equal
6410	144967	strict
6410	146432	strict
6410	146439	strict
6410	216884	strict
6410	216888	strict
6410	216889	strict
6410	216892	strict
6411	144953	equal
6411	216892	strict
6412	144990	equal
6412	145006	strict
6412	146486	strict
6412	146494	strict
6412	152358	strict
6412	152400	strict
6412	152402	strict
6412	152404	strict
6413	144991	equal
6413	152404	strict
6414	145120	equal
6415	145122	equal
6416	145130	equal
6417	145132	equal
6418	145228	equal
6418	168394	strict
6419	145230	equal
6419	168421	strict
6420	145238	equal
6420	145246	strict
6420	168353	strict
6420	168361	strict
6420	168369	strict
6420	168385	strict
6421	145245	equal
6421	168385	strict
6422	145247	equal
6422	145249	strict
6422	168386	strict
6422	168388	strict
6422	168390	strict
6422	168394	strict
6423	145248	equal
6423	168394	strict
6424	145252	equal
6425	145255	equal
6426	145256	equal
6426	145257	strict
6426	168413	strict
6426	168417	strict
6426	168419	strict
6426	168421	strict
6427	145258	equal
6427	168421	strict
6428	145264	equal
6428	145265	strict
6428	168437	strict
6428	168441	strict
6428	168443	strict
6428	168445	strict
6429	145266	equal
6429	168445	strict
6430	145274	equal
6430	173336	strict
6431	145276	equal
6431	173377	strict
6432	145284	equal
6432	145292	strict
6432	173274	strict
6432	173282	strict
6432	173294	strict
6432	173316	strict
6433	145291	equal
6433	173316	strict
6434	145293	equal
6434	145295	strict
6434	173319	strict
6434	173321	strict
6434	173325	strict
6434	173336	strict
6435	145294	equal
6435	173336	strict
6436	145298	equal
6437	145301	equal
6438	145302	equal
6438	145303	strict
6438	173360	strict
6438	173361	strict
6438	173375	strict
6438	173377	strict
6439	145304	equal
6439	173377	strict
6440	145310	equal
6440	145311	strict
6440	173408	strict
6440	173409	strict
6440	173423	strict
6440	173425	strict
6441	145312	equal
6441	173425	strict
6442	145406	equal
6442	145407	strict
6442	145534	strict
6442	145535	strict
6442	145540	strict
6442	145542	strict
6443	145408	equal
6443	145542	strict
6444	145409	equal
6444	145410	strict
6444	145730	strict
6444	145731	strict
6444	145736	strict
6444	145738	strict
6445	145411	equal
6445	145738	strict
6446	145466	equal
6446	145467	strict
6446	145493	strict
6446	145495	strict
6447	145487	equal
6447	145492	strict
6447	145494	strict
6447	145495	strict
6448	145488	equal
6448	145495	strict
6449	145489	equal
6449	145495	strict
6450	145531	equal
6450	145533	strict
6450	145536	strict
6450	145539	strict
6450	145541	strict
6450	145542	strict
6451	145532	equal
6451	145542	strict
6452	145534	equal
6452	145535	strict
6452	145540	strict
6452	145542	strict
6453	145536	equal
6453	145539	strict
6453	145541	strict
6453	145542	strict
6454	145537	equal
6454	145542	strict
6455	145538	equal
6455	145542	strict
6456	145550	equal
6457	145552	equal
6458	145681	equal
6458	145683	strict
6458	145732	strict
6458	145735	strict
6458	145737	strict
6458	145738	strict
6459	145682	equal
6459	145738	strict
6460	145684	equal
6461	145686	equal
6462	145701	equal
6462	145702	strict
6462	145707	strict
6462	145709	strict
6463	145703	equal
6463	145706	strict
6463	145708	strict
6463	145709	strict
6464	145704	equal
6464	145709	strict
6465	145705	equal
6465	145709	strict
6466	145730	equal
6466	145731	strict
6466	145736	strict
6466	145738	strict
6467	145732	equal
6467	145735	strict
6467	145737	strict
6467	145738	strict
6468	145733	equal
6468	145738	strict
6469	145734	equal
6469	145738	strict
6470	145865	equal
6470	145873	strict
6470	188708	strict
6470	188716	strict
6470	188717	strict
6470	188720	strict
6471	145866	equal
6471	188720	strict
6472	145867	equal
6472	145876	strict
6472	150434	strict
6472	150565	strict
6472	150567	strict
6472	150569	strict
6473	145868	equal
6473	150569	strict
6474	145893	equal
6474	145896	strict
6474	190093	strict
6474	190097	strict
6474	190098	strict
6474	190101	strict
6475	145894	equal
6475	190101	strict
6476	145901	equal
6476	145905	strict
6476	150978	strict
6476	151009	strict
6476	151011	strict
6476	151013	strict
6477	145902	equal
6477	151013	strict
6478	145934	equal
6478	145935	strict
6478	146013	strict
6478	146014	strict
6478	146019	strict
6478	146021	strict
6479	145936	equal
6479	146021	strict
6480	145944	equal
6480	145945	strict
6480	146152	strict
6480	146153	strict
6480	146158	strict
6480	146160	strict
6481	145946	equal
6481	146160	strict
6482	145989	equal
6482	145991	strict
6482	146015	strict
6482	146018	strict
6482	146020	strict
6482	146021	strict
6483	145990	equal
6483	146021	strict
6484	146013	equal
6484	146014	strict
6484	146019	strict
6484	146021	strict
6485	146015	equal
6485	146018	strict
6485	146020	strict
6485	146021	strict
6486	146016	equal
6486	146021	strict
6487	146017	equal
6487	146021	strict
6488	146037	equal
6489	146039	equal
6490	146102	equal
6490	146104	strict
6490	146154	strict
6490	146157	strict
6490	146159	strict
6490	146160	strict
6491	146103	equal
6491	146160	strict
6492	146112	equal
6493	146114	equal
6494	146152	equal
6494	146153	strict
6494	146158	strict
6494	146160	strict
6495	146154	equal
6495	146157	strict
6495	146159	strict
6495	146160	strict
6496	146155	equal
6496	146160	strict
6497	146156	equal
6497	146160	strict
6498	146251	equal
6498	146271	strict
6498	195522	strict
6498	195534	strict
6498	195535	strict
6498	195538	strict
6499	146252	equal
6499	195538	strict
6500	146255	equal
6500	146274	strict
6500	151312	strict
6500	151424	strict
6500	151426	strict
6500	151428	strict
6501	146256	equal
6501	151428	strict
6502	146368	equal
6503	146369	equal
6504	146372	equal
6505	146373	equal
6506	146432	equal
6506	146439	strict
6506	216884	strict
6506	216888	strict
6506	216889	strict
6506	216892	strict
6507	146433	equal
6507	216892	strict
6508	146466	equal
6509	146467	equal
6510	146486	equal
6510	146494	strict
6510	152358	strict
6510	152400	strict
6510	152402	strict
6510	152404	strict
6511	146487	equal
6511	152404	strict
6512	146525	equal
6513	146526	equal
6514	146841	equal
6514	159097	strict
6515	146842	equal
6515	159147	strict
6516	146843	equal
6516	160900	strict
6517	146844	equal
6517	183256	strict
6518	146845	equal
6518	212992	strict
6519	146846	equal
6519	213148	strict
6520	146992	equal
6521	146993	equal
6522	147036	equal
6523	147037	equal
6524	147038	equal
6525	147039	equal
6526	147044	equal
6526	189672	strict
6527	147045	equal
6528	147046	equal
6528	150940	strict
6529	147047	equal
6530	147153	equal
6530	147155	strict
6530	160329	strict
6530	160330	strict
6530	160365	strict
6530	160367	strict
6531	147154	equal
6531	147156	strict
6531	184391	strict
6531	184392	strict
6531	198042	strict
6531	198044	strict
6532	147157	equal
6532	147159	strict
6532	160378	strict
6532	160379	strict
6532	160475	strict
6532	160477	strict
6533	147158	equal
6533	147160	strict
6533	184393	strict
6533	184394	strict
6533	198194	strict
6533	198196	strict
6534	147165	equal
6534	159554	strict
6535	147166	equal
6535	184886	strict
6536	147510	equal
6536	147514	strict
6536	189660	strict
6536	189668	strict
6536	189669	strict
6536	189672	strict
6537	147511	equal
6537	189672	strict
6538	147512	equal
6538	147515	strict
6538	150919	strict
6538	150936	strict
6538	150937	strict
6538	150940	strict
6539	147513	equal
6539	150940	strict
6540	147516	equal
6540	147518	strict
6540	189701	strict
6540	189705	strict
6540	189706	strict
6540	189709	strict
6541	147517	equal
6541	189709	strict
6542	147519	equal
6542	147521	strict
6542	150966	strict
6542	150972	strict
6542	150973	strict
6542	150976	strict
6543	147520	equal
6543	150976	strict
6544	147574	equal
6545	147575	equal
6546	147576	equal
6547	147577	equal
6548	147631	equal
6548	160367	strict
6549	147632	equal
6549	198044	strict
6550	147640	equal
6551	147641	equal
6552	147646	equal
6552	160367	strict
6553	147647	equal
6553	198044	strict
6554	147655	equal
6554	160477	strict
6555	147656	equal
6555	198196	strict
6556	147665	equal
6557	147666	equal
6558	147667	equal
6559	147668	equal
6560	147701	equal
6560	160870	strict
6561	147702	equal
6561	213118	strict
6562	147709	equal
6563	147710	equal
6564	147713	equal
6564	160870	strict
6565	147714	equal
6565	213118	strict
6566	147719	equal
6566	160900	strict
6567	147720	equal
6567	213148	strict
6568	147745	equal
6568	147751	strict
6568	210399	strict
6568	210411	strict
6568	210412	strict
6568	210415	strict
6569	147746	equal
6569	210415	strict
6570	147749	equal
6570	147752	strict
6570	152285	strict
6570	152301	strict
6570	152302	strict
6570	152305	strict
6571	147750	equal
6571	152305	strict
6572	147785	equal
6572	147787	strict
6572	212540	strict
6572	212544	strict
6572	212545	strict
6572	212548	strict
6573	147786	equal
6573	212548	strict
6574	147790	equal
6574	147792	strict
6574	152751	strict
6574	152759	strict
6574	152760	strict
6574	152763	strict
6575	147791	equal
6575	152763	strict
6576	147873	equal
6577	147874	equal
6578	147899	equal
6578	176633	strict
6579	147902	equal
6579	176797	strict
6580	147913	equal
6580	147918	strict
6580	176569	strict
6580	176588	strict
6580	176590	strict
6580	176591	strict
6581	147914	equal
6581	176591	strict
6582	147925	equal
6582	147932	strict
6582	147934	strict
6582	176622	strict
6582	176624	strict
6582	176626	strict
6582	176630	strict
6582	176632	strict
6582	176633	strict
6583	147932	equal
6583	147934	strict
6583	176626	strict
6583	176630	strict
6583	176632	strict
6583	176633	strict
6584	147933	equal
6584	176633	strict
6585	147937	equal
6586	147966	equal
6586	148016	strict
6586	148018	strict
6586	176721	strict
6586	176723	strict
6586	176791	strict
6586	176794	strict
6586	176796	strict
6586	176797	strict
6587	147982	equal
6587	147984	strict
6587	148010	strict
6587	148012	strict
6587	176764	strict
6587	176767	strict
6587	176769	strict
6587	176770	strict
6588	147983	equal
6588	176770	strict
6589	147990	equal
6590	148007	equal
6591	148008	equal
6592	148010	equal
6592	148012	strict
6592	176764	strict
6592	176767	strict
6592	176769	strict
6592	176770	strict
6593	148011	equal
6593	176770	strict
6594	148016	equal
6594	148018	strict
6594	176791	strict
6594	176794	strict
6594	176796	strict
6594	176797	strict
6595	148017	equal
6595	176797	strict
6596	148025	equal
6596	148071	strict
6596	148221	strict
6596	148417	strict
6596	158479	strict
6596	158587	strict
6596	158715	strict
6596	158717	strict
6597	148031	equal
6597	158717	strict
6598	148186	equal
6598	148303	strict
6598	148381	strict
6598	158469	strict
6598	158545	strict
6598	158577	strict
6598	158641	strict
6598	158660	strict
6598	158662	strict
6599	148187	equal
6599	148222	strict
6599	148420	strict
6599	158470	strict
6599	158480	strict
6599	158578	strict
6599	158588	strict
6599	158740	strict
6599	158742	strict
6600	148195	equal
6601	148216	equal
6602	148221	equal
6602	148417	strict
6602	158479	strict
6602	158587	strict
6602	158715	strict
6602	158717	strict
6603	148222	equal
6603	148420	strict
6603	158480	strict
6603	158588	strict
6603	158740	strict
6603	158742	strict
6604	148231	equal
6605	148241	equal
6605	158662	strict
6606	148243	equal
6606	158742	strict
6607	148252	equal
6608	148254	equal
6608	158717	strict
6609	148255	equal
6609	158742	strict
6610	148301	equal
6610	148375	strict
6610	158544	strict
6610	158592	strict
6610	158634	strict
6610	158636	strict
6611	148303	equal
6611	148381	strict
6611	158545	strict
6611	158641	strict
6611	158660	strict
6611	158662	strict
6612	148305	equal
6613	148316	equal
6613	158636	strict
6614	148318	equal
6614	158662	strict
6615	148320	equal
6616	148529	equal
6616	148531	strict
6616	180966	strict
6616	180968	strict
6616	180997	strict
6616	180998	strict
6616	180999	strict
6616	181000	strict
6617	148530	equal
6617	181000	strict
6618	148535	equal
6618	148537	strict
6618	180969	strict
6618	180971	strict
6618	181023	strict
6618	181026	strict
6618	181028	strict
6618	181029	strict
6619	148536	equal
6619	181029	strict
6620	148549	equal
6620	148613	strict
6620	158182	strict
6620	158204	strict
6620	159276	strict
6620	159278	strict
6620	159312	strict
6620	159334	strict
6621	148552	equal
6621	148622	strict
6621	158183	strict
6621	158207	strict
6621	159896	strict
6621	159958	strict
6621	160034	strict
6621	160036	strict
6622	148562	equal
6622	159334	strict
6623	148563	equal
6623	160036	strict
6624	149400	equal
6624	149463	strict
6624	179527	strict
6624	179704	strict
6624	200137	strict
6624	204177	strict
6624	204179	strict
6624	204180	strict
6625	149401	equal
6625	204180	strict
6626	149404	equal
6626	149465	strict
6626	151708	strict
6626	151879	strict
6626	200173	strict
6626	204279	strict
6626	204281	strict
6626	204282	strict
6627	149405	equal
6627	204282	strict
6628	149691	equal
6628	149697	strict
6628	152944	strict
6628	152947	strict
6628	218406	strict
6628	218435	strict
6628	218437	strict
6628	218438	strict
6629	149692	equal
6629	218438	strict
6630	149799	equal
6630	149805	strict
6630	180763	strict
6630	180766	strict
6630	218394	strict
6630	218420	strict
6630	218422	strict
6630	218423	strict
6631	149800	equal
6631	218423	strict
6632	149970	equal
6632	149990	strict
6632	150419	strict
6632	150501	strict
6632	150504	strict
6632	150507	strict
6632	150509	strict
6632	150510	strict
6633	149971	equal
6633	150510	strict
6634	149972	equal
6635	149973	equal
6636	149990	equal
6636	150419	strict
6636	150504	strict
6636	150507	strict
6636	150509	strict
6636	150510	strict
6637	149991	equal
6637	150510	strict
6638	149992	equal
6639	149993	equal
6640	150000	equal
6640	150010	strict
6640	150430	strict
6640	150435	strict
6640	150533	strict
6640	150563	strict
6640	150566	strict
6640	150568	strict
6640	150569	strict
6641	150001	equal
6642	150004	equal
6643	150005	equal
6644	150010	equal
6644	150435	strict
6644	150563	strict
6644	150566	strict
6644	150568	strict
6644	150569	strict
6645	150011	equal
6645	150569	strict
6646	150012	equal
6647	150013	equal
6648	150026	equal
6648	150046	strict
6648	150916	strict
6648	150922	strict
6648	150931	strict
6648	150934	strict
6648	150938	strict
6648	150939	strict
6648	150940	strict
6649	150027	equal
6650	150028	equal
6651	150029	equal
6652	150046	equal
6652	150922	strict
6652	150934	strict
6652	150938	strict
6652	150939	strict
6652	150940	strict
6653	150047	equal
6653	150940	strict
6654	150048	equal
6655	150049	equal
6656	150056	equal
6656	150066	strict
6656	151058	strict
6656	151078	strict
6656	151090	strict
6656	151094	strict
6656	151095	strict
6656	151096	strict
6657	150057	equal
6657	151096	strict
6658	150060	equal
6659	150061	equal
6660	150066	equal
6660	151078	strict
6660	151090	strict
6660	151094	strict
6660	151095	strict
6660	151096	strict
6661	150067	equal
6661	151096	strict
6662	150068	equal
6663	150069	equal
6664	150200	equal
6665	150201	equal
6666	150287	equal
6667	150288	equal
6668	150418	equal
6668	150506	strict
6668	150508	strict
6668	150510	strict
6669	150419	equal
6669	150507	strict
6669	150509	strict
6669	150510	strict
6670	150420	equal
6670	150510	strict
6671	150421	equal
6671	150510	strict
6672	150430	equal
6672	150435	strict
6672	150533	strict
6672	150566	strict
6672	150568	strict
6672	150569	strict
6673	150431	equal
6673	150569	strict
6674	150432	equal
6675	150433	equal
6676	150434	equal
6676	150565	strict
6676	150567	strict
6676	150569	strict
6677	150435	equal
6677	150566	strict
6677	150568	strict
6677	150569	strict
6678	150436	equal
6678	150569	strict
6679	150437	equal
6679	150569	strict
6680	150675	equal
6680	150678	strict
6680	150979	strict
6680	151010	strict
6680	151012	strict
6680	151013	strict
6681	150676	equal
6681	151013	strict
6682	150705	equal
6683	150706	equal
6684	150822	equal
6684	150853	strict
6684	150855	strict
6684	150857	strict
6685	150823	equal
6685	150854	strict
6685	150856	strict
6685	150857	strict
6686	150824	equal
6686	150857	strict
6687	150825	equal
6687	150857	strict
6688	150915	equal
6688	150940	strict
6689	150916	equal
6689	150922	strict
6689	150931	strict
6689	150938	strict
6689	150939	strict
6689	150940	strict
6690	150917	equal
6691	150918	equal
6692	150919	equal
6692	150936	strict
6692	150937	strict
6692	150940	strict
6693	150920	equal
6693	150940	strict
6694	150921	equal
6694	150940	strict
6695	150922	equal
6695	150938	strict
6695	150939	strict
6695	150940	strict
6696	150959	equal
6696	150976	strict
6697	150960	equal
6697	150961	strict
6697	150969	strict
6697	150974	strict
6697	150975	strict
6697	150976	strict
6698	150962	equal
6699	150963	equal
6700	150966	equal
6700	150972	strict
6700	150973	strict
6700	150976	strict
6701	150967	equal
6701	150976	strict
6702	150968	equal
6702	150976	strict
6703	150969	equal
6703	150974	strict
6703	150975	strict
6703	150976	strict
6704	150978	equal
6704	151009	strict
6704	151011	strict
6704	151013	strict
6705	150979	equal
6705	151010	strict
6705	151012	strict
6705	151013	strict
6706	150980	equal
6706	151013	strict
6707	150981	equal
6707	151013	strict
6708	151075	equal
6708	151092	strict
6708	151093	strict
6708	151096	strict
6709	151076	equal
6709	151096	strict
6710	151077	equal
6710	151096	strict
6711	151078	equal
6711	151094	strict
6711	151095	strict
6711	151096	strict
6712	151122	equal
6712	151128	strict
6712	151129	strict
6712	151132	strict
6713	151123	equal
6713	151132	strict
6714	151124	equal
6714	151132	strict
6715	151125	equal
6715	151130	strict
6715	151131	strict
6715	151132	strict
6716	151294	equal
6716	151302	strict
6716	151313	strict
6716	151385	strict
6716	151394	strict
6716	151425	strict
6716	151427	strict
6716	151428	strict
6717	151295	equal
6717	151428	strict
6718	151298	equal
6719	151299	equal
6720	151302	equal
6720	151313	strict
6720	151394	strict
6720	151425	strict
6720	151427	strict
6720	151428	strict
6721	151303	equal
6721	151428	strict
6722	151306	equal
6723	151307	equal
6724	151312	equal
6724	151424	strict
6724	151426	strict
6724	151428	strict
6725	151313	equal
6725	151425	strict
6725	151427	strict
6725	151428	strict
6726	151314	equal
6726	151428	strict
6727	151315	equal
6727	151428	strict
6728	151481	equal
6728	151500	strict
6728	151910	strict
6728	151917	strict
6728	152359	strict
6728	152401	strict
6728	152403	strict
6728	152404	strict
6729	151482	equal
6729	152404	strict
6730	151645	equal
6730	151652	strict
6730	197338	strict
6730	197340	strict
6730	218901	strict
6730	218904	strict
6730	218905	strict
6730	218906	strict
6731	151646	equal
6731	218906	strict
6732	151688	equal
6732	204947	strict
6733	151689	equal
6733	204250	strict
6734	151700	equal
6734	151704	strict
6734	151877	strict
6734	200156	strict
6734	200165	strict
6734	204240	strict
6734	204247	strict
6734	204249	strict
6734	204250	strict
6735	151701	equal
6736	151704	equal
6736	151877	strict
6736	200165	strict
6736	204247	strict
6736	204249	strict
6736	204250	strict
6737	151705	equal
6737	204250	strict
6738	151708	equal
6738	151879	strict
6738	200173	strict
6738	204279	strict
6738	204281	strict
6738	204282	strict
6739	151709	equal
6739	204282	strict
6740	151746	equal
6740	151893	strict
6740	151897	strict
6740	200312	strict
6740	204899	strict
6740	204941	strict
6740	204944	strict
6740	204946	strict
6740	204947	strict
6741	151747	equal
6742	151750	equal
6742	151901	strict
6742	200320	strict
6742	205028	strict
6742	205033	strict
6742	205036	strict
6742	205037	strict
6742	205038	strict
6743	151751	equal
6743	205038	strict
6744	151794	equal
6745	151795	equal
6746	151893	equal
6746	151897	strict
6746	204899	strict
6746	204944	strict
6746	204946	strict
6746	204947	strict
6747	151894	equal
6747	204947	strict
6748	151910	equal
6748	151917	strict
6748	152359	strict
6748	152401	strict
6748	152403	strict
6748	152404	strict
6749	151911	equal
6749	152404	strict
6750	151929	equal
6750	151947	strict
6750	205159	strict
6750	205259	strict
6750	205261	strict
6750	205262	strict
6751	151930	equal
6751	205262	strict
6752	151992	equal
6753	151993	equal
6754	152106	equal
6754	152942	strict
6754	152946	strict
6754	209245	strict
6754	209248	strict
6754	218402	strict
6754	218430	strict
6754	218432	strict
6754	218433	strict
6755	152117	equal
6755	218501	strict
6756	152130	equal
6756	152276	strict
6756	152288	strict
6756	152290	strict
6756	152294	strict
6756	152303	strict
6756	152304	strict
6756	152305	strict
6757	152131	equal
6757	152305	strict
6758	152132	equal
6759	152133	equal
6760	152196	equal
6761	152275	equal
6761	152305	strict
6762	152276	equal
6762	152288	strict
6762	152294	strict
6762	152303	strict
6762	152304	strict
6762	152305	strict
6763	152279	equal
6764	152280	equal
6765	152285	equal
6765	152301	strict
6765	152302	strict
6765	152305	strict
6766	152286	equal
6766	152305	strict
6767	152287	equal
6767	152305	strict
6768	152288	equal
6768	152303	strict
6768	152304	strict
6768	152305	strict
6769	152358	equal
6769	152400	strict
6769	152402	strict
6769	152404	strict
6770	152359	equal
6770	152401	strict
6770	152403	strict
6770	152404	strict
6771	152360	equal
6771	152404	strict
6772	152361	equal
6772	152404	strict
6773	152479	equal
6773	152485	strict
6773	217072	strict
6773	217075	strict
6773	218505	strict
6773	218508	strict
6773	218509	strict
6773	218510	strict
6774	152480	equal
6774	218510	strict
6775	152523	equal
6775	152687	strict
6775	217203	strict
6775	217740	strict
6775	217799	strict
6775	217802	strict
6775	217803	strict
6775	217804	strict
6776	152524	equal
6776	217804	strict
6777	152620	equal
6777	152951	strict
6777	152953	strict
6777	217553	strict
6777	217556	strict
6777	218494	strict
6777	218498	strict
6777	218500	strict
6777	218501	strict
6778	152630	equal
6778	218433	strict
6779	152639	equal
6779	152727	strict
6779	152736	strict
6779	152738	strict
6779	152754	strict
6779	152761	strict
6779	152762	strict
6779	152763	strict
6780	152640	equal
6780	152763	strict
6781	152641	equal
6782	152642	equal
6783	152685	equal
6784	152735	equal
6784	152763	strict
6785	152736	equal
6785	152738	strict
6785	152754	strict
6785	152761	strict
6785	152762	strict
6785	152763	strict
6786	152743	equal
6787	152744	equal
6788	152751	equal
6788	152759	strict
6788	152760	strict
6788	152763	strict
6789	152752	equal
6789	152763	strict
6790	152753	equal
6790	152763	strict
6791	152754	equal
6791	152761	strict
6791	152762	strict
6791	152763	strict
6792	152942	equal
6792	152946	strict
6792	218402	strict
6792	218430	strict
6792	218432	strict
6792	218433	strict
6793	152943	equal
6793	218433	strict
6794	152944	equal
6794	152947	strict
6794	218406	strict
6794	218435	strict
6794	218437	strict
6794	218438	strict
6795	152945	equal
6795	218438	strict
6796	152951	equal
6796	152953	strict
6796	218494	strict
6796	218498	strict
6796	218500	strict
6796	218501	strict
6797	152952	equal
6797	218501	strict
6798	152954	equal
6798	152956	strict
6798	218512	strict
6798	218516	strict
6798	218518	strict
6798	218519	strict
6799	152955	equal
6799	218519	strict
6800	152977	equal
6800	152992	strict
6800	156577	strict
6800	156585	strict
6800	170172	strict
6800	170180	strict
6800	170188	strict
6800	170204	strict
6801	152982	equal
6801	170204	strict
6802	153055	equal
6802	153070	strict
6802	156589	strict
6802	156597	strict
6802	170236	strict
6802	170256	strict
6802	170266	strict
6802	170268	strict
6803	153060	equal
6803	170268	strict
6804	153718	equal
6804	156621	strict
6804	156623	strict
6804	169639	strict
6804	169641	strict
6804	170567	strict
6804	170569	strict
6804	170571	strict
6804	170575	strict
6805	153720	equal
6805	156627	strict
6805	156629	strict
6805	169648	strict
6805	169649	strict
6805	170604	strict
6805	170608	strict
6805	170610	strict
6805	170612	strict
6806	153722	equal
6806	156829	strict
6806	156831	strict
6806	169675	strict
6806	169677	strict
6806	172998	strict
6806	173000	strict
6806	173002	strict
6806	173016	strict
6807	153724	equal
6807	156847	strict
6807	156849	strict
6807	169684	strict
6807	169685	strict
6807	173136	strict
6807	173137	strict
6807	173151	strict
6807	173153	strict
6808	153815	equal
6808	153817	strict
6808	157025	strict
6808	157027	strict
6808	157049	strict
6808	157050	strict
6808	157051	strict
6808	157052	strict
6809	153816	equal
6809	157052	strict
6810	153828	equal
6810	153830	strict
6810	157070	strict
6810	157072	strict
6810	157094	strict
6810	157097	strict
6810	157099	strict
6810	157100	strict
6811	153829	equal
6811	157100	strict
6812	153841	equal
6812	153897	strict
6812	155643	strict
6812	155662	strict
6812	163640	strict
6812	163650	strict
6812	163674	strict
6812	163702	strict
6813	153845	equal
6813	153915	strict
6813	155644	strict
6813	155668	strict
6813	182274	strict
6813	182326	strict
6813	182367	strict
6813	182369	strict
6814	153854	equal
6814	163702	strict
6815	153856	equal
6815	182369	strict
6816	154718	equal
6816	154807	strict
6816	163250	strict
6816	163251	strict
6816	181406	strict
6816	181407	strict
6816	181409	strict
6816	181410	strict
6817	154719	equal
6817	181410	strict
6818	154782	equal
6818	154803	strict
6818	156132	strict
6818	156133	strict
6818	157443	strict
6818	157444	strict
6818	157445	strict
6818	157446	strict
6819	154783	equal
6819	157446	strict
6820	155419	equal
6820	155423	strict
6820	172879	strict
6820	172883	strict
6820	172886	strict
6820	172893	strict
6820	172906	strict
6820	172915	strict
6821	155420	equal
6821	155424	strict
6821	172880	strict
6821	172882	strict
6821	172890	strict
6821	172894	strict
6821	172898	strict
6821	172926	strict
6822	155421	equal
6822	172915	strict
6823	155422	equal
6823	172926	strict
6824	155428	equal
6824	155430	strict
6824	156823	strict
6824	156825	strict
6824	172931	strict
6824	172933	strict
6824	172935	strict
6824	172949	strict
6825	155429	equal
6825	172949	strict
6826	155434	equal
6826	155436	strict
6826	156841	strict
6826	156843	strict
6826	173109	strict
6826	173110	strict
6826	173124	strict
6826	173126	strict
6827	155435	equal
6827	173126	strict
6828	155440	equal
6828	155442	strict
6828	169989	strict
6828	169991	strict
6828	173219	strict
6828	173221	strict
6828	173227	strict
6828	173236	strict
6829	155441	equal
6829	173236	strict
6830	155446	equal
6830	155448	strict
6830	169992	strict
6830	169994	strict
6830	173248	strict
6830	173249	strict
6830	173263	strict
6830	173265	strict
6831	155447	equal
6831	173265	strict
6832	155482	equal
6832	165562	strict
6833	155483	equal
6833	165587	strict
6834	155484	equal
6834	166933	strict
6835	155485	equal
6835	212928	strict
6836	155486	equal
6836	184854	strict
6837	155487	equal
6837	213044	strict
6838	155643	equal
6838	155662	strict
6838	163640	strict
6838	163650	strict
6838	163674	strict
6838	163702	strict
6839	155644	equal
6839	155668	strict
6839	182274	strict
6839	182326	strict
6839	182367	strict
6839	182369	strict
6840	155651	equal
6840	163702	strict
6841	155652	equal
6841	182369	strict
6842	155693	equal
6842	163922	strict
6843	155694	equal
6843	183225	strict
6844	155695	equal
6844	155701	strict
6844	163891	strict
6844	163896	strict
6844	163907	strict
6844	163922	strict
6845	155696	equal
6845	155704	strict
6845	183114	strict
6845	183206	strict
6845	183223	strict
6845	183225	strict
6846	155697	equal
6846	163922	strict
6847	155698	equal
6847	183225	strict
6848	155735	equal
6849	155736	equal
6850	155746	equal
6851	155747	equal
6852	156066	equal
6852	157467	strict
6853	156068	equal
6854	156076	equal
6854	157531	strict
6855	156078	equal
6856	156105	equal
6856	156135	strict
6856	156136	strict
6856	157390	strict
6856	157392	strict
6856	157464	strict
6856	157465	strict
6856	157466	strict
6856	157467	strict
6857	156110	equal
6858	156125	equal
6858	157446	strict
6859	156132	equal
6859	156133	strict
6859	157443	strict
6859	157444	strict
6859	157445	strict
6859	157446	strict
6860	156134	equal
6860	157467	strict
6861	156135	equal
6861	156136	strict
6861	157464	strict
6861	157465	strict
6861	157466	strict
6861	157467	strict
6862	156143	equal
6863	156150	equal
6864	156152	equal
6865	156153	equal
6866	156161	equal
6867	156168	equal
6868	156174	equal
6869	156177	equal
6870	156182	equal
6870	156270	strict
6870	156272	strict
6870	157493	strict
6870	157495	strict
6870	157525	strict
6870	157528	strict
6870	157530	strict
6870	157531	strict
6871	156185	equal
6872	156194	equal
6873	156197	equal
6874	156248	equal
6874	156250	strict
6874	156286	strict
6874	156288	strict
6874	157585	strict
6874	157588	strict
6874	157590	strict
6874	157591	strict
6875	156249	equal
6875	157591	strict
6876	156258	equal
6877	156260	equal
6878	156270	equal
6878	156272	strict
6878	157525	strict
6878	157528	strict
6878	157530	strict
6878	157531	strict
6879	156271	equal
6879	157531	strict
6880	156274	equal
6881	156276	equal
6882	156286	equal
6882	156288	strict
6882	157585	strict
6882	157588	strict
6882	157590	strict
6882	157591	strict
6883	156287	equal
6883	157591	strict
6884	156298	equal
6885	156300	equal
6886	156365	equal
6886	156380	strict
6886	164698	strict
6886	164723	strict
6886	217756	strict
6886	217769	strict
6886	217770	strict
6886	217773	strict
6887	156366	equal
6887	217773	strict
6888	156415	equal
6888	156431	strict
6888	164948	strict
6888	164974	strict
6888	212144	strict
6888	212186	strict
6888	212188	strict
6888	212190	strict
6889	156416	equal
6889	212190	strict
6890	156465	equal
6891	156466	equal
6892	156473	equal
6893	156474	equal
6894	156500	equal
6894	157814	strict
6894	165403	strict
6894	165406	strict
6894	166508	strict
6894	166535	strict
6895	156501	equal
6895	157821	strict
6895	184574	strict
6895	184575	strict
6895	198842	strict
6895	198844	strict
6896	156502	equal
6896	157831	strict
6896	165407	strict
6896	165410	strict
6896	166588	strict
6896	166617	strict
6897	156503	equal
6897	157838	strict
6897	184576	strict
6897	184577	strict
6897	199104	strict
6897	199106	strict
6898	156508	equal
6899	156509	equal
6900	156577	equal
6900	156585	strict
6900	170172	strict
6900	170180	strict
6900	170188	strict
6900	170204	strict
6901	156581	equal
6901	170204	strict
6902	156589	equal
6902	156597	strict
6902	170236	strict
6902	170256	strict
6902	170266	strict
6902	170268	strict
6903	156593	equal
6903	170268	strict
6904	156615	equal
6904	170575	strict
6905	156617	equal
6905	170612	strict
6906	156621	equal
6906	156623	strict
6906	170567	strict
6906	170569	strict
6906	170571	strict
6906	170575	strict
6907	156622	equal
6907	170575	strict
6908	156627	equal
6908	156629	strict
6908	170604	strict
6908	170608	strict
6908	170610	strict
6908	170612	strict
6909	156628	equal
6909	170612	strict
6910	156631	equal
6911	156633	equal
6912	156765	equal
6913	156769	equal
6914	156777	equal
6915	156781	equal
6916	156793	equal
6916	173016	strict
6917	156795	equal
6917	173153	strict
6918	156803	equal
6919	156805	equal
6920	156820	equal
6921	156821	equal
6922	156823	equal
6922	156825	strict
6922	172931	strict
6922	172933	strict
6922	172935	strict
6922	172949	strict
6923	156824	equal
6923	172949	strict
6924	156829	equal
6924	156831	strict
6924	172998	strict
6924	173000	strict
6924	173002	strict
6924	173016	strict
6925	156830	equal
6925	173016	strict
6926	156838	equal
6927	156839	equal
6928	156841	equal
6928	156843	strict
6928	173109	strict
6928	173110	strict
6928	173124	strict
6928	173126	strict
6929	156842	equal
6929	173126	strict
6930	156847	equal
6930	156849	strict
6930	173136	strict
6930	173137	strict
6930	173151	strict
6930	173153	strict
6931	156848	equal
6931	173153	strict
6932	156879	equal
6932	156881	strict
6932	157044	strict
6932	157046	strict
6932	157048	strict
6932	157052	strict
6933	156880	equal
6933	157052	strict
6934	156884	equal
6934	156886	strict
6934	157092	strict
6934	157093	strict
6934	157098	strict
6934	157100	strict
6935	156885	equal
6935	157100	strict
6936	157025	equal
6936	157027	strict
6936	157049	strict
6936	157050	strict
6936	157051	strict
6936	157052	strict
6937	157026	equal
6937	157052	strict
6938	157044	equal
6938	157046	strict
6938	157048	strict
6938	157052	strict
6939	157045	equal
6939	157052	strict
6940	157047	equal
6940	157052	strict
6941	157049	equal
6941	157050	strict
6941	157051	strict
6941	157052	strict
6942	157065	equal
6943	157066	equal
6944	157070	equal
6944	157072	strict
6944	157094	strict
6944	157097	strict
6944	157099	strict
6944	157100	strict
6945	157071	equal
6945	157100	strict
6946	157075	equal
6947	157076	equal
6948	157092	equal
6948	157093	strict
6948	157098	strict
6948	157100	strict
6949	157094	equal
6949	157097	strict
6949	157099	strict
6949	157100	strict
6950	157095	equal
6950	157100	strict
6951	157096	equal
6951	157100	strict
6952	157291	equal
6952	157293	strict
6952	157459	strict
6952	157461	strict
6952	157463	strict
6952	157467	strict
6953	157292	equal
6953	157467	strict
6954	157297	equal
6954	157299	strict
6954	157523	strict
6954	157524	strict
6954	157529	strict
6954	157531	strict
6955	157298	equal
6955	157531	strict
6956	157390	equal
6956	157392	strict
6956	157464	strict
6956	157465	strict
6956	157466	strict
6956	157467	strict
6957	157391	equal
6957	157467	strict
6958	157414	equal
6958	157422	strict
6958	157430	strict
6958	157446	strict
6959	157421	equal
6959	157446	strict
6960	157429	equal
6960	157446	strict
6961	157443	equal
6961	157444	strict
6961	157445	strict
6961	157446	strict
6962	157459	equal
6962	157461	strict
6962	157463	strict
6962	157467	strict
6963	157460	equal
6963	157467	strict
6964	157462	equal
6964	157467	strict
6965	157464	equal
6965	157465	strict
6965	157466	strict
6965	157467	strict
6966	157484	equal
6967	157485	equal
6968	157493	equal
6968	157495	strict
6968	157525	strict
6968	157528	strict
6968	157530	strict
6968	157531	strict
6969	157494	equal
6969	157531	strict
6970	157508	equal
6971	157509	equal
6972	157523	equal
6972	157524	strict
6972	157529	strict
6972	157531	strict
6973	157525	equal
6973	157528	strict
6973	157530	strict
6973	157531	strict
6974	157526	equal
6974	157531	strict
6975	157527	equal
6975	157531	strict
6976	157583	equal
6976	157584	strict
6976	157589	strict
6976	157591	strict
6977	157585	equal
6977	157588	strict
6977	157590	strict
6977	157591	strict
6978	157586	equal
6978	157591	strict
6979	157587	equal
6979	157591	strict
6980	157804	equal
6981	157805	equal
6982	157811	equal
6982	166535	strict
6983	157818	equal
6983	198844	strict
6984	157827	equal
6984	166617	strict
6985	157828	equal
6985	166617	strict
6986	157834	equal
6986	199106	strict
6987	157835	equal
6987	199106	strict
6988	157845	equal
6989	157846	equal
6990	157853	equal
6990	166950	strict
6991	157854	equal
6991	212953	strict
6992	157859	equal
6992	166933	strict
6993	157860	equal
6993	166950	strict
6994	157861	equal
6994	212928	strict
6995	157862	equal
6995	212953	strict
6996	158127	equal
6997	158128	equal
6998	158182	equal
6998	158204	strict
6998	159276	strict
6998	159278	strict
6998	159312	strict
6998	159334	strict
6999	158183	equal
6999	158207	strict
6999	159896	strict
6999	159958	strict
6999	160034	strict
6999	160036	strict
7000	158190	equal
7000	159334	strict
7001	158191	equal
7001	160036	strict
7002	158232	equal
7002	159554	strict
7003	158233	equal
7003	160870	strict
7004	158234	equal
7004	158240	strict
7004	159522	strict
7004	159524	strict
7004	159530	strict
7004	159554	strict
7005	158235	equal
7005	158243	strict
7005	160679	strict
7005	160826	strict
7005	160868	strict
7005	160870	strict
7006	158236	equal
7006	159554	strict
7007	158237	equal
7007	160870	strict
7008	158340	equal
7008	158434	strict
7008	182069	strict
7008	182076	strict
7008	182150	strict
7008	182200	strict
7008	182202	strict
7008	182203	strict
7009	158341	equal
7009	182203	strict
7010	158410	equal
7010	158430	strict
7010	159717	strict
7010	159720	strict
7010	159825	strict
7010	159839	strict
7010	159841	strict
7010	159842	strict
7011	158411	equal
7011	159842	strict
7012	158469	equal
7012	158545	strict
7012	158577	strict
7012	158641	strict
7012	158660	strict
7012	158662	strict
7013	158470	equal
7013	158480	strict
7013	158578	strict
7013	158588	strict
7013	158740	strict
7013	158742	strict
7014	158475	equal
7015	158479	equal
7015	158587	strict
7015	158715	strict
7015	158717	strict
7016	158480	equal
7016	158588	strict
7016	158740	strict
7016	158742	strict
7017	158485	equal
7018	158518	equal
7018	158662	strict
7019	158519	equal
7019	158742	strict
7020	158520	equal
7020	158558	strict
7020	158658	strict
7020	158659	strict
7020	158661	strict
7020	158662	strict
7021	158521	equal
7022	158522	equal
7022	158662	strict
7023	158523	equal
7023	158538	strict
7023	158738	strict
7023	158739	strict
7023	158741	strict
7023	158742	strict
7024	158524	equal
7025	158525	equal
7025	158742	strict
7026	158535	equal
7026	158714	strict
7026	158716	strict
7026	158717	strict
7027	158536	equal
7027	158717	strict
7028	158537	equal
7028	158717	strict
7029	158538	equal
7029	158739	strict
7029	158741	strict
7029	158742	strict
7030	158539	equal
7030	158742	strict
7031	158540	equal
7031	158742	strict
7032	158544	equal
7032	158592	strict
7032	158634	strict
7032	158636	strict
7033	158545	equal
7033	158641	strict
7033	158660	strict
7033	158662	strict
7034	158555	equal
7034	158633	strict
7034	158635	strict
7034	158636	strict
7035	158556	equal
7035	158636	strict
7036	158557	equal
7036	158636	strict
7037	158558	equal
7037	158659	strict
7037	158661	strict
7037	158662	strict
7038	158559	equal
7038	158662	strict
7039	158560	equal
7039	158662	strict
7040	158966	equal
7040	159021	strict
7040	159043	strict
7040	159092	strict
7040	159093	strict
7040	159094	strict
7040	159096	strict
7040	159097	strict
7041	158967	equal
7041	159097	strict
7042	158968	equal
7043	158977	equal
7043	159028	strict
7043	159035	strict
7043	159142	strict
7043	159143	strict
7043	159144	strict
7043	159146	strict
7043	159147	strict
7044	158978	equal
7044	159147	strict
7045	158979	equal
7046	159006	equal
7046	159038	strict
7046	159068	strict
7046	159072	strict
7046	159095	strict
7046	159097	strict
7047	159007	equal
7047	159009	strict
7047	159069	strict
7047	159071	strict
7047	159145	strict
7047	159147	strict
7048	159008	equal
7049	159009	equal
7049	159071	strict
7049	159145	strict
7049	159147	strict
7050	159010	equal
7051	159015	equal
7051	159097	strict
7052	159016	equal
7052	159147	strict
7053	159021	equal
7053	159043	strict
7053	159093	strict
7053	159094	strict
7053	159096	strict
7053	159097	strict
7054	159022	equal
7055	159023	equal
7055	159097	strict
7056	159028	equal
7056	159035	strict
7056	159143	strict
7056	159144	strict
7056	159146	strict
7056	159147	strict
7057	159029	equal
7058	159030	equal
7058	159147	strict
7059	159035	equal
7059	159144	strict
7059	159146	strict
7059	159147	strict
7060	159036	equal
7060	159147	strict
7061	159037	equal
7061	159147	strict
7062	159038	equal
7062	159072	strict
7062	159095	strict
7062	159097	strict
7063	159043	equal
7063	159094	strict
7063	159096	strict
7063	159097	strict
7064	159044	equal
7064	159097	strict
7065	159045	equal
7065	159097	strict
7066	159114	equal
7066	159117	strict
7066	216372	strict
7066	216374	strict
7066	218700	strict
7066	218704	strict
7066	218705	strict
7066	218708	strict
7067	159115	equal
7067	218708	strict
7068	159164	equal
7068	159167	strict
7068	218044	strict
7068	218046	strict
7068	218682	strict
7068	218686	strict
7068	218687	strict
7068	218690	strict
7069	159165	equal
7069	218690	strict
7070	159242	equal
7071	159249	equal
7071	159260	strict
7071	159331	strict
7071	159332	strict
7071	159333	strict
7071	159334	strict
7072	159250	equal
7072	159334	strict
7073	159254	equal
7074	159276	equal
7074	159278	strict
7074	159312	strict
7074	159334	strict
7075	159277	equal
7075	159334	strict
7076	159311	equal
7076	159334	strict
7077	159331	equal
7077	159332	strict
7077	159333	strict
7077	159334	strict
7078	159384	equal
7079	159388	equal
7080	159394	equal
7080	159402	strict
7080	159418	strict
7080	159464	strict
7081	159401	equal
7081	159464	strict
7082	159416	equal
7082	159464	strict
7083	159417	equal
7083	159464	strict
7084	159457	equal
7084	159458	strict
7084	159460	strict
7084	159461	strict
7084	159463	strict
7084	159464	strict
7085	159460	equal
7085	159461	strict
7085	159463	strict
7085	159464	strict
7086	159484	equal
7087	159486	equal
7088	159496	equal
7088	159510	strict
7088	159518	strict
7088	159549	strict
7088	159550	strict
7088	159551	strict
7088	159552	strict
7088	159553	strict
7088	159554	strict
7089	159497	equal
7090	159504	equal
7091	159505	equal
7092	159510	equal
7092	159518	strict
7092	159551	strict
7092	159552	strict
7092	159553	strict
7092	159554	strict
7093	159511	equal
7093	159554	strict
7094	159512	equal
7095	159522	equal
7095	159524	strict
7095	159530	strict
7095	159554	strict
7096	159523	equal
7096	159554	strict
7097	159528	equal
7097	159554	strict
7098	159529	equal
7098	159554	strict
7099	159549	equal
7099	159550	strict
7099	159551	strict
7099	159552	strict
7099	159553	strict
7099	159554	strict
7100	159551	equal
7100	159552	strict
7100	159553	strict
7100	159554	strict
7101	159593	equal
7102	159594	equal
7103	159717	equal
7103	159720	strict
7103	159825	strict
7103	159839	strict
7103	159841	strict
7103	159842	strict
7104	159718	equal
7104	159842	strict
7105	159741	equal
7106	159742	equal
7107	159751	equal
7107	159752	strict
7107	159840	strict
7107	159842	strict
7108	159825	equal
7108	159839	strict
7108	159841	strict
7108	159842	strict
7109	159826	equal
7109	159842	strict
7110	159827	equal
7110	159842	strict
7111	159896	equal
7111	159958	strict
7111	160034	strict
7111	160036	strict
7112	159918	equal
7112	159922	strict
7112	160012	strict
7112	160033	strict
7112	160035	strict
7112	160036	strict
7113	159919	equal
7113	160036	strict
7114	159920	equal
7115	159921	equal
7116	159922	equal
7116	160033	strict
7116	160035	strict
7116	160036	strict
7117	159923	equal
7117	160036	strict
7118	159924	equal
7118	160036	strict
7119	160248	equal
7119	160258	strict
7119	160265	strict
7119	160346	strict
7119	160350	strict
7119	160363	strict
7119	160364	strict
7119	160366	strict
7119	160367	strict
7120	160249	equal
7121	160258	equal
7121	160265	strict
7121	160350	strict
7121	160364	strict
7121	160366	strict
7121	160367	strict
7122	160259	equal
7122	160367	strict
7123	160298	equal
7124	160312	equal
7125	160313	equal
7126	160314	equal
7127	160315	equal
7128	160329	equal
7128	160330	strict
7128	160365	strict
7128	160367	strict
7129	160346	equal
7129	160350	strict
7129	160363	strict
7129	160364	strict
7129	160366	strict
7129	160367	strict
7130	160347	equal
7130	160367	strict
7131	160348	equal
7132	160350	equal
7132	160364	strict
7132	160366	strict
7132	160367	strict
7133	160351	equal
7133	160367	strict
7134	160352	equal
7134	160367	strict
7135	160378	equal
7135	160379	strict
7135	160475	strict
7135	160477	strict
7136	160414	equal
7136	160425	strict
7136	160443	strict
7136	160467	strict
7136	160473	strict
7136	160474	strict
7136	160476	strict
7136	160477	strict
7137	160415	equal
7137	160477	strict
7138	160416	equal
7139	160425	equal
7139	160443	strict
7139	160473	strict
7139	160474	strict
7139	160476	strict
7139	160477	strict
7140	160426	equal
7140	160477	strict
7141	160427	equal
7142	160443	equal
7142	160474	strict
7142	160476	strict
7142	160477	strict
7143	160444	equal
7143	160477	strict
7144	160445	equal
7144	160477	strict
7145	160498	equal
7145	160501	strict
7145	161044	strict
7145	161046	strict
7145	218871	strict
7145	218875	strict
7145	218876	strict
7145	218879	strict
7146	160499	equal
7146	218879	strict
7147	160514	equal
7148	160530	equal
7148	160585	strict
7148	160704	strict
7148	160895	strict
7148	160896	strict
7148	160897	strict
7148	160899	strict
7148	160900	strict
7149	160531	equal
7149	160900	strict
7150	160532	equal
7151	160562	equal
7151	160578	strict
7151	160685	strict
7151	160697	strict
7151	160832	strict
7151	160866	strict
7151	160867	strict
7151	160869	strict
7151	160870	strict
7152	160563	equal
7153	160574	equal
7154	160575	equal
7155	160578	equal
7155	160697	strict
7155	160866	strict
7155	160867	strict
7155	160869	strict
7155	160870	strict
7156	160579	equal
7156	160870	strict
7157	160580	equal
7158	160585	equal
7158	160704	strict
7158	160896	strict
7158	160897	strict
7158	160899	strict
7158	160900	strict
7159	160586	equal
7159	160900	strict
7160	160587	equal
7161	160673	equal
7162	160674	equal
7163	160679	equal
7163	160826	strict
7163	160868	strict
7163	160870	strict
7164	160680	equal
7164	160827	strict
7164	160898	strict
7164	160900	strict
7165	160685	equal
7165	160697	strict
7165	160832	strict
7165	160867	strict
7165	160869	strict
7165	160870	strict
7166	160686	equal
7166	160870	strict
7167	160693	equal
7168	160694	equal
7169	160697	equal
7169	160867	strict
7169	160869	strict
7169	160870	strict
7170	160698	equal
7170	160870	strict
7171	160699	equal
7171	160870	strict
7172	160704	equal
7172	160897	strict
7172	160899	strict
7172	160900	strict
7173	160705	equal
7173	160900	strict
7174	160706	equal
7174	160900	strict
7175	160713	equal
7175	218591	strict
7176	160758	equal
7176	161041	strict
7176	161043	strict
7176	209628	strict
7176	209630	strict
7176	218691	strict
7176	218695	strict
7176	218696	strict
7176	218699	strict
7177	160785	equal
7178	160918	equal
7178	160921	strict
7178	161034	strict
7178	161037	strict
7178	218592	strict
7178	218596	strict
7178	218597	strict
7178	218600	strict
7179	160919	equal
7179	218600	strict
7180	160938	equal
7181	160939	equal
7182	160948	equal
7182	218699	strict
7183	160980	equal
7183	161032	strict
7183	161036	strict
7183	217632	strict
7183	217634	strict
7183	218583	strict
7183	218587	strict
7183	218588	strict
7183	218591	strict
7184	160988	equal
7185	161032	equal
7185	161036	strict
7185	218583	strict
7185	218587	strict
7185	218588	strict
7185	218591	strict
7186	161033	equal
7186	218591	strict
7187	161034	equal
7187	161037	strict
7187	218592	strict
7187	218596	strict
7187	218597	strict
7187	218600	strict
7188	161035	equal
7188	218600	strict
7189	161041	equal
7189	161043	strict
7189	218691	strict
7189	218695	strict
7189	218696	strict
7189	218699	strict
7190	161042	equal
7190	218699	strict
7191	161044	equal
7191	161046	strict
7191	218871	strict
7191	218875	strict
7191	218876	strict
7191	218879	strict
7192	161045	equal
7192	218879	strict
7193	161092	equal
7194	161095	equal
7195	161106	equal
7196	161107	equal
7197	161118	equal
7198	161125	equal
7199	161126	equal
7200	161130	equal
7201	161159	equal
7202	161165	equal
7203	161190	equal
7204	161191	equal
7205	161193	equal
7206	161194	equal
7207	161196	equal
7208	161197	equal
7209	161205	equal
7210	161206	equal
7211	161234	equal
7211	188757	strict
7212	161235	equal
7213	161238	equal
7213	178388	strict
7214	161239	equal
7215	161242	equal
7216	161243	equal
7217	161246	equal
7218	161247	equal
7219	161366	equal
7220	161367	equal
7221	161368	equal
7222	161369	equal
7223	161374	equal
7223	190064	strict
7224	161375	equal
7225	161376	equal
7225	178846	strict
7226	161377	equal
7227	161450	equal
7227	161494	strict
7227	178235	strict
7227	178254	strict
7227	178304	strict
7227	178382	strict
7227	178385	strict
7227	178387	strict
7227	178388	strict
7228	161451	equal
7229	161460	equal
7230	161461	equal
7231	161478	equal
7231	161486	strict
7231	178250	strict
7231	178347	strict
7231	178350	strict
7231	178353	strict
7231	178355	strict
7231	178356	strict
7232	161479	equal
7232	178356	strict
7233	161480	equal
7234	161481	equal
7235	161486	equal
7235	178250	strict
7235	178350	strict
7235	178353	strict
7235	178355	strict
7235	178356	strict
7236	161487	equal
7236	178356	strict
7237	161488	equal
7238	161489	equal
7239	161494	equal
7239	178254	strict
7239	178382	strict
7239	178385	strict
7239	178387	strict
7239	178388	strict
7240	161495	equal
7240	178388	strict
7241	161496	equal
7242	161497	equal
7243	161506	equal
7243	161550	strict
7243	178781	strict
7243	178897	strict
7243	178909	strict
7243	178913	strict
7243	178914	strict
7243	178915	strict
7244	161507	equal
7244	178915	strict
7245	161516	equal
7246	161517	equal
7247	161534	equal
7247	161542	strict
7247	178822	strict
7247	178828	strict
7247	178837	strict
7247	178840	strict
7247	178844	strict
7247	178845	strict
7247	178846	strict
7248	161535	equal
7249	161536	equal
7250	161537	equal
7251	161542	equal
7251	178828	strict
7251	178840	strict
7251	178844	strict
7251	178845	strict
7251	178846	strict
7252	161543	equal
7252	178846	strict
7253	161544	equal
7254	161545	equal
7255	161550	equal
7255	178897	strict
7255	178909	strict
7255	178913	strict
7255	178914	strict
7255	178915	strict
7256	161551	equal
7256	178915	strict
7257	161552	equal
7258	161553	equal
7259	161682	equal
7260	161683	equal
7261	161691	equal
7262	161692	equal
7263	161882	equal
7263	188269	strict
7263	188274	strict
7263	188373	strict
7263	188375	strict
7263	188378	strict
7263	188380	strict
7263	188381	strict
7264	161883	equal
7264	188381	strict
7265	161884	equal
7266	161885	equal
7267	161898	equal
7267	188296	strict
7267	188603	strict
7267	188629	strict
7267	188631	strict
7267	188634	strict
7267	188636	strict
7267	188637	strict
7268	161899	equal
7268	188637	strict
7269	161900	equal
7270	161901	equal
7271	161906	equal
7271	188300	strict
7271	188742	strict
7271	188745	strict
7271	188750	strict
7271	188751	strict
7271	188755	strict
7271	188756	strict
7271	188757	strict
7272	161907	equal
7273	161908	equal
7274	161909	equal
7275	161918	equal
7275	189307	strict
7275	189313	strict
7275	189322	strict
7275	189324	strict
7275	189328	strict
7275	189329	strict
7275	189330	strict
7276	161919	equal
7276	189330	strict
7277	161920	equal
7278	161921	equal
7279	161934	equal
7279	190029	strict
7279	190040	strict
7279	190052	strict
7279	190057	strict
7279	190058	strict
7279	190062	strict
7279	190063	strict
7279	190064	strict
7280	161935	equal
7281	161936	equal
7282	161937	equal
7283	161942	equal
7283	190116	strict
7283	190134	strict
7283	190135	strict
7283	190137	strict
7283	190141	strict
7283	190142	strict
7283	190143	strict
7284	161943	equal
7284	190143	strict
7285	161944	equal
7286	161945	equal
7287	162370	equal
7287	162372	strict
7287	177073	strict
7287	177075	strict
7287	177098	strict
7287	177102	strict
7287	177104	strict
7287	177105	strict
7288	162371	equal
7288	177105	strict
7289	162382	equal
7290	162384	equal
7291	162419	equal
7291	162421	strict
7291	177159	strict
7291	177161	strict
7291	177213	strict
7291	177216	strict
7291	177218	strict
7291	177219	strict
7292	162420	equal
7292	177219	strict
7293	162435	equal
7294	162437	equal
7295	162452	equal
7296	162454	equal
7297	162455	equal
7298	162457	equal
7299	162484	equal
7299	162513	strict
7299	178077	strict
7299	178079	strict
7299	216518	strict
7299	216522	strict
7299	216523	strict
7299	216526	strict
7300	162485	equal
7300	216526	strict
7301	162486	equal
7301	162515	strict
7301	178082	strict
7301	178084	strict
7301	180570	strict
7301	180578	strict
7301	180579	strict
7301	180582	strict
7302	162487	equal
7302	180582	strict
7303	162556	equal
7303	162572	strict
7303	177483	strict
7303	177491	strict
7303	212112	strict
7303	212116	strict
7303	212117	strict
7303	212120	strict
7304	162557	equal
7304	212120	strict
7305	162600	equal
7305	162616	strict
7305	177545	strict
7305	177553	strict
7305	180175	strict
7305	180217	strict
7305	180219	strict
7305	180221	strict
7306	162601	equal
7306	180221	strict
7307	162762	equal
7307	162764	strict
7307	182704	strict
7307	182708	strict
7307	182725	strict
7307	182727	strict
7308	162763	equal
7308	162765	strict
7308	166621	strict
7308	166623	strict
7308	198557	strict
7308	198559	strict
7309	162766	equal
7309	162768	strict
7309	182793	strict
7309	182812	strict
7309	182834	strict
7309	182836	strict
7310	162767	equal
7310	162769	strict
7310	166624	strict
7310	166625	strict
7310	198686	strict
7310	198688	strict
7311	162774	equal
7311	163922	strict
7312	162775	equal
7312	166950	strict
7313	163095	equal
7313	181431	strict
7314	163097	equal
7314	181472	strict
7315	163099	equal
7316	163101	equal
7317	163155	equal
7318	163159	equal
7319	163184	equal
7319	163186	strict
7319	163269	strict
7319	163271	strict
7319	181514	strict
7319	181517	strict
7319	181519	strict
7319	181520	strict
7320	163185	equal
7320	181520	strict
7321	163198	equal
7321	163253	strict
7321	163254	strict
7321	181354	strict
7321	181356	strict
7321	181428	strict
7321	181429	strict
7321	181430	strict
7321	181431	strict
7322	163200	equal
7322	163261	strict
7322	163263	strict
7322	181360	strict
7322	181362	strict
7322	181466	strict
7322	181469	strict
7322	181471	strict
7322	181472	strict
7323	163217	equal
7324	163218	equal
7325	163243	equal
7325	181410	strict
7326	163250	equal
7326	163251	strict
7326	181406	strict
7326	181407	strict
7326	181409	strict
7326	181410	strict
7327	163252	equal
7327	181431	strict
7328	163253	equal
7328	163254	strict
7328	181428	strict
7328	181429	strict
7328	181430	strict
7328	181431	strict
7329	163257	equal
7330	163260	equal
7331	163261	equal
7331	163263	strict
7331	181466	strict
7331	181469	strict
7331	181471	strict
7331	181472	strict
7332	163262	equal
7332	181472	strict
7333	163269	equal
7333	163271	strict
7333	181514	strict
7333	181517	strict
7333	181519	strict
7333	181520	strict
7334	163270	equal
7334	181520	strict
7335	163285	equal
7336	163287	equal
7337	163295	equal
7338	163302	equal
7339	163304	equal
7340	163305	equal
7341	163309	equal
7342	163312	equal
7343	163313	equal
7344	163315	equal
7345	163321	equal
7346	163323	equal
7347	163388	equal
7347	163403	strict
7347	164546	strict
7347	164631	strict
7347	216066	strict
7347	216079	strict
7347	216080	strict
7347	216083	strict
7348	163389	equal
7348	216083	strict
7349	163426	equal
7349	163442	strict
7349	164780	strict
7349	164867	strict
7349	211613	strict
7349	211768	strict
7349	211770	strict
7349	211772	strict
7350	163427	equal
7350	211772	strict
7351	163488	equal
7352	163489	equal
7353	163496	equal
7354	163497	equal
7355	163523	equal
7355	165412	strict
7355	165414	strict
7355	181747	strict
7355	184467	strict
7355	184489	strict
7356	163524	equal
7356	166626	strict
7356	166627	strict
7356	181750	strict
7356	198920	strict
7356	198922	strict
7357	163525	equal
7357	165416	strict
7357	165418	strict
7357	181764	strict
7357	184547	strict
7357	184571	strict
7358	163526	equal
7358	166628	strict
7358	166630	strict
7358	181767	strict
7358	199597	strict
7358	199599	strict
7359	163531	equal
7360	163532	equal
7361	163613	equal
7361	163620	strict
7361	163698	strict
7361	163699	strict
7361	163701	strict
7361	163702	strict
7362	163614	equal
7362	163702	strict
7363	163628	equal
7364	163632	equal
7365	163640	equal
7365	163650	strict
7365	163674	strict
7365	163702	strict
7366	163649	equal
7366	163702	strict
7367	163673	equal
7367	163702	strict
7368	163698	equal
7368	163699	strict
7368	163701	strict
7368	163702	strict
7369	163748	equal
7370	163752	equal
7371	163775	equal
7371	163778	strict
7371	163815	strict
7371	163832	strict
7372	163776	equal
7372	163832	strict
7373	163777	equal
7373	163832	strict
7374	163814	equal
7374	163832	strict
7375	163825	equal
7375	163826	strict
7375	163829	strict
7375	163830	strict
7375	163831	strict
7375	163832	strict
7376	163829	equal
7376	163830	strict
7376	163831	strict
7376	163832	strict
7377	163852	equal
7378	163854	equal
7379	163864	equal
7379	163877	strict
7379	163884	strict
7379	163917	strict
7379	163918	strict
7379	163919	strict
7379	163920	strict
7379	163921	strict
7379	163922	strict
7380	163865	equal
7381	163872	equal
7382	163877	equal
7382	163884	strict
7382	163919	strict
7382	163920	strict
7382	163921	strict
7382	163922	strict
7383	163878	equal
7383	163922	strict
7384	163888	equal
7385	163889	equal
7386	163891	equal
7386	163896	strict
7386	163907	strict
7386	163922	strict
7387	163894	equal
7387	163922	strict
7388	163895	equal
7388	163922	strict
7389	163906	equal
7389	163922	strict
7390	163917	equal
7390	163918	strict
7390	163919	strict
7390	163920	strict
7390	163921	strict
7390	163922	strict
7391	163919	equal
7391	163920	strict
7391	163921	strict
7391	163922	strict
7392	164389	equal
7392	164484	strict
7392	184072	strict
7392	184073	strict
7392	184076	strict
7392	184077	strict
7392	184079	strict
7392	184080	strict
7393	164390	equal
7393	184080	strict
7394	164459	equal
7394	164480	strict
7394	166119	strict
7394	166120	strict
7394	166125	strict
7394	166126	strict
7394	166127	strict
7394	166128	strict
7395	164460	equal
7395	166128	strict
7396	164489	equal
7396	164499	strict
7396	166072	strict
7396	166128	strict
7397	164498	equal
7397	166128	strict
7398	164505	equal
7398	164513	strict
7398	184034	strict
7398	184080	strict
7399	164512	equal
7399	184080	strict
7400	164520	equal
7400	164676	strict
7400	164681	strict
7400	215909	strict
7400	215913	strict
7400	216612	strict
7400	216625	strict
7400	216626	strict
7400	216629	strict
7401	164521	equal
7401	164542	strict
7401	164629	strict
7401	215911	strict
7401	215914	strict
7401	215997	strict
7401	216010	strict
7401	216011	strict
7401	216014	strict
7402	164538	equal
7402	216014	strict
7403	164539	equal
7404	164542	equal
7404	164629	strict
7404	215997	strict
7404	216010	strict
7404	216011	strict
7404	216014	strict
7405	164543	equal
7405	216014	strict
7406	164546	equal
7406	164631	strict
7406	216066	strict
7406	216079	strict
7406	216080	strict
7406	216083	strict
7407	164547	equal
7407	216083	strict
7408	164576	equal
7408	216629	strict
7409	164577	equal
7410	164580	equal
7411	164581	equal
7412	164676	equal
7412	164681	strict
7412	216612	strict
7412	216625	strict
7412	216626	strict
7412	216629	strict
7413	164677	equal
7413	216629	strict
7414	164698	equal
7414	164723	strict
7414	217756	strict
7414	217769	strict
7414	217770	strict
7414	217773	strict
7415	164699	equal
7415	217773	strict
7416	164712	equal
7417	164713	equal
7418	164754	equal
7418	164922	strict
7418	164928	strict
7418	211573	strict
7418	211691	strict
7418	211970	strict
7418	212001	strict
7418	212003	strict
7418	212005	strict
7419	164755	equal
7419	164776	strict
7419	164864	strict
7419	211575	strict
7419	211605	strict
7419	211692	strict
7419	211736	strict
7419	211738	strict
7419	211740	strict
7420	164772	equal
7420	211740	strict
7421	164773	equal
7422	164776	equal
7422	164864	strict
7422	211605	strict
7422	211736	strict
7422	211738	strict
7422	211740	strict
7423	164777	equal
7423	211740	strict
7424	164780	equal
7424	164867	strict
7424	211613	strict
7424	211768	strict
7424	211770	strict
7424	211772	strict
7425	164781	equal
7425	211772	strict
7426	164810	equal
7426	212005	strict
7427	164811	equal
7428	164814	equal
7429	164815	equal
7430	164922	equal
7430	164928	strict
7430	211970	strict
7430	212001	strict
7430	212003	strict
7430	212005	strict
7431	164923	equal
7431	212005	strict
7432	164948	equal
7432	164974	strict
7432	212144	strict
7432	212186	strict
7432	212188	strict
7432	212190	strict
7433	164949	equal
7433	212190	strict
7434	164962	equal
7435	164963	equal
7436	165056	equal
7437	165057	equal
7438	165062	equal
7439	165066	equal
7440	165067	equal
7441	165072	equal
7442	165081	equal
7443	165082	equal
7444	165086	equal
7445	165087	equal
7446	165091	equal
7447	165092	equal
7448	165096	equal
7449	165097	equal
7450	165138	equal
7450	165249	strict
7451	165139	equal
7451	165316	strict
7452	165150	equal
7453	165158	equal
7453	165299	strict
7454	165160	equal
7454	165316	strict
7455	165200	equal
7455	165230	strict
7456	165224	equal
7456	165225	strict
7456	165229	strict
7456	165230	strict
7457	165232	equal
7457	165249	strict
7458	165242	equal
7458	165243	strict
7458	165244	strict
7458	165246	strict
7458	165248	strict
7458	165249	strict
7459	165243	equal
7459	165244	strict
7459	165248	strict
7459	165249	strict
7460	165280	equal
7461	165293	equal
7461	165294	strict
7461	165297	strict
7461	165299	strict
7462	165309	equal
7462	165310	strict
7462	165311	strict
7462	165313	strict
7462	165314	strict
7462	165316	strict
7463	165310	equal
7463	165311	strict
7463	165314	strict
7463	165316	strict
7464	165403	equal
7464	165406	strict
7464	166508	strict
7464	166535	strict
7465	165404	equal
7466	165405	equal
7466	166535	strict
7467	165407	equal
7467	165410	strict
7467	166588	strict
7467	166617	strict
7468	165408	equal
7469	165409	equal
7469	166617	strict
7470	165411	equal
7471	165412	equal
7471	165414	strict
7471	184467	strict
7471	184489	strict
7472	165413	equal
7472	184489	strict
7473	165415	equal
7474	165416	equal
7474	165418	strict
7474	184547	strict
7474	184571	strict
7475	165417	equal
7475	184571	strict
7476	165431	equal
7476	165478	strict
7476	165556	strict
7476	165557	strict
7476	165558	strict
7476	165559	strict
7476	165561	strict
7476	165562	strict
7477	165432	equal
7477	165562	strict
7478	165441	equal
7478	165489	strict
7478	165581	strict
7478	165582	strict
7478	165583	strict
7478	165584	strict
7478	165585	strict
7478	165587	strict
7479	165442	equal
7479	165587	strict
7480	165451	equal
7481	165452	equal
7482	165513	equal
7482	165562	strict
7483	165514	equal
7483	165587	strict
7484	165519	equal
7485	165523	equal
7485	165587	strict
7486	165543	equal
7486	165562	strict
7487	165556	equal
7487	165557	strict
7487	165558	strict
7487	165559	strict
7487	165561	strict
7487	165562	strict
7488	165557	equal
7488	165558	strict
7488	165561	strict
7488	165562	strict
7489	165567	equal
7490	165581	equal
7490	165582	strict
7490	165583	strict
7490	165584	strict
7490	165585	strict
7490	165587	strict
7491	165582	equal
7491	165583	strict
7491	165585	strict
7491	165587	strict
7492	165639	equal
7492	165660	strict
7492	166425	strict
7492	166766	strict
7492	206917	strict
7492	206918	strict
7492	206921	strict
7492	206922	strict
7493	165640	equal
7493	206922	strict
7494	165653	equal
7495	165654	equal
7496	165660	equal
7496	166766	strict
7496	206917	strict
7496	206918	strict
7496	206921	strict
7496	206922	strict
7497	165661	equal
7497	206922	strict
7498	165666	equal
7498	166772	strict
7498	207029	strict
7498	207030	strict
7498	207032	strict
7498	207033	strict
7499	165667	equal
7499	207033	strict
7500	166000	equal
7501	166009	equal
7502	166069	equal
7503	166070	equal
7503	166128	strict
7504	166071	equal
7504	166128	strict
7505	166111	equal
7506	166119	equal
7506	166120	strict
7506	166125	strict
7506	166126	strict
7506	166127	strict
7506	166128	strict
7507	166125	equal
7507	166126	strict
7507	166127	strict
7507	166128	strict
7508	166204	equal
7509	166208	equal
7510	166233	equal
7511	166234	equal
7511	166305	strict
7512	166235	equal
7512	166305	strict
7513	166285	equal
7514	166297	equal
7514	166298	strict
7514	166300	strict
7514	166301	strict
7514	166303	strict
7514	166305	strict
7515	166300	equal
7515	166301	strict
7515	166303	strict
7515	166305	strict
7516	166400	equal
7516	166421	strict
7516	166499	strict
7516	166502	strict
7516	166532	strict
7516	166533	strict
7516	166534	strict
7516	166535	strict
7517	166401	equal
7517	166535	strict
7518	166457	equal
7519	166458	equal
7520	166459	equal
7521	166469	equal
7522	166470	equal
7523	166499	equal
7523	166502	strict
7523	166532	strict
7523	166533	strict
7523	166534	strict
7523	166535	strict
7524	166500	equal
7524	166535	strict
7525	166507	equal
7525	166535	strict
7526	166521	equal
7527	166532	equal
7527	166533	strict
7527	166534	strict
7527	166535	strict
7528	166564	equal
7528	166574	strict
7528	166581	strict
7528	166610	strict
7528	166611	strict
7528	166614	strict
7528	166615	strict
7528	166616	strict
7528	166617	strict
7529	166565	equal
7530	166574	equal
7530	166581	strict
7530	166614	strict
7530	166615	strict
7530	166616	strict
7530	166617	strict
7531	166575	equal
7531	166617	strict
7532	166586	equal
7532	166617	strict
7533	166587	equal
7533	166617	strict
7534	166600	equal
7535	166601	equal
7536	166610	equal
7536	166611	strict
7536	166614	strict
7536	166615	strict
7536	166616	strict
7536	166617	strict
7537	166614	equal
7537	166615	strict
7537	166616	strict
7537	166617	strict
7538	166620	equal
7538	166622	strict
7538	198532	strict
7538	198534	strict
7539	166621	equal
7539	166623	strict
7539	198557	strict
7539	198559	strict
7540	166624	equal
7540	166625	strict
7540	198686	strict
7540	198688	strict
7541	166626	equal
7541	166627	strict
7541	198920	strict
7541	198922	strict
7542	166628	equal
7542	166630	strict
7542	199597	strict
7542	199599	strict
7543	166629	equal
7543	166631	strict
7543	199627	strict
7543	199629	strict
7544	166649	equal
7544	166700	strict
7544	166812	strict
7544	166944	strict
7544	166945	strict
7544	166946	strict
7544	166947	strict
7544	166948	strict
7544	166950	strict
7545	166650	equal
7546	166678	equal
7546	166694	strict
7546	166793	strict
7546	166807	strict
7546	166929	strict
7546	166930	strict
7546	166931	strict
7546	166933	strict
7547	166679	equal
7547	166933	strict
7548	166690	equal
7549	166691	equal
7550	166694	equal
7550	166807	strict
7550	166929	strict
7550	166930	strict
7550	166931	strict
7550	166933	strict
7551	166695	equal
7551	166933	strict
7552	166700	equal
7552	166812	strict
7552	166946	strict
7552	166947	strict
7552	166948	strict
7552	166950	strict
7553	166701	equal
7553	166950	strict
7554	166719	equal
7555	166723	equal
7556	166726	equal
7557	166727	equal
7558	166860	equal
7559	166864	equal
7559	166933	strict
7560	166868	equal
7560	166950	strict
7561	166869	equal
7561	166950	strict
7562	166914	equal
7563	166929	equal
7563	166930	strict
7563	166931	strict
7563	166933	strict
7564	166944	equal
7564	166945	strict
7564	166946	strict
7564	166947	strict
7564	166948	strict
7564	166950	strict
7565	166946	equal
7565	166947	strict
7565	166948	strict
7565	166950	strict
7566	166999	equal
7567	167001	equal
7568	167009	equal
7569	167011	equal
7570	167087	equal
7570	167095	strict
7570	168003	strict
7570	168005	strict
7570	168021	strict
7570	168029	strict
7571	167091	equal
7571	168029	strict
7572	167099	equal
7572	167107	strict
7572	168057	strict
7572	168077	strict
7572	168087	strict
7572	168089	strict
7573	167103	equal
7573	168089	strict
7574	167125	equal
7574	168394	strict
7575	167127	equal
7575	168421	strict
7576	167131	equal
7576	167133	strict
7576	168386	strict
7576	168388	strict
7576	168390	strict
7576	168394	strict
7577	167132	equal
7577	168394	strict
7578	167137	equal
7578	167139	strict
7578	168413	strict
7578	168417	strict
7578	168419	strict
7578	168421	strict
7579	167138	equal
7579	168421	strict
7580	167141	equal
7581	167143	equal
7582	167308	equal
7582	167384	strict
7582	167416	strict
7582	167446	strict
7582	167451	strict
7582	167453	strict
7583	167309	equal
7583	167319	strict
7583	167417	strict
7583	167427	strict
7583	167477	strict
7583	167479	strict
7584	167314	equal
7585	167318	equal
7585	167426	strict
7585	167470	strict
7585	167472	strict
7586	167319	equal
7586	167427	strict
7586	167477	strict
7586	167479	strict
7587	167324	equal
7588	167357	equal
7588	167453	strict
7589	167358	equal
7589	167479	strict
7590	167359	equal
7590	167397	strict
7590	167449	strict
7590	167450	strict
7590	167452	strict
7590	167453	strict
7591	167360	equal
7592	167361	equal
7592	167453	strict
7593	167362	equal
7593	167377	strict
7593	167475	strict
7593	167476	strict
7593	167478	strict
7593	167479	strict
7594	167363	equal
7595	167364	equal
7595	167479	strict
7596	167374	equal
7596	167469	strict
7596	167471	strict
7596	167472	strict
7597	167375	equal
7597	167472	strict
7598	167376	equal
7598	167472	strict
7599	167377	equal
7599	167476	strict
7599	167478	strict
7599	167479	strict
7600	167378	equal
7600	167479	strict
7601	167379	equal
7601	167479	strict
7602	167383	equal
7602	167431	strict
7602	167443	strict
7602	167445	strict
7603	167384	equal
7603	167446	strict
7603	167451	strict
7603	167453	strict
7604	167394	equal
7604	167442	strict
7604	167444	strict
7604	167445	strict
7605	167395	equal
7605	167445	strict
7606	167396	equal
7606	167445	strict
7607	167397	equal
7607	167450	strict
7607	167452	strict
7607	167453	strict
7608	167398	equal
7608	167453	strict
7609	167399	equal
7609	167453	strict
7610	167586	equal
7610	167590	strict
7610	167683	strict
7610	167693	strict
7610	167701	strict
7610	167702	strict
7610	167704	strict
7610	167705	strict
7611	167587	equal
7611	167705	strict
7612	167588	equal
7612	167591	strict
7612	167686	strict
7612	167689	strict
7612	167707	strict
7612	167708	strict
7612	167710	strict
7612	167711	strict
7613	167589	equal
7613	167711	strict
7614	167676	equal
7614	167692	strict
7614	167696	strict
7614	167700	strict
7614	167703	strict
7614	167705	strict
7615	167677	equal
7615	167679	strict
7615	167697	strict
7615	167699	strict
7615	167709	strict
7615	167711	strict
7616	167678	equal
7617	167679	equal
7617	167699	strict
7617	167709	strict
7617	167711	strict
7618	167680	equal
7619	167681	equal
7619	167705	strict
7620	167682	equal
7620	167711	strict
7621	167683	equal
7621	167693	strict
7621	167701	strict
7621	167702	strict
7621	167704	strict
7621	167705	strict
7622	167684	equal
7623	167685	equal
7623	167705	strict
7624	167686	equal
7624	167689	strict
7624	167707	strict
7624	167708	strict
7624	167710	strict
7624	167711	strict
7625	167687	equal
7626	167688	equal
7626	167711	strict
7627	167689	equal
7627	167708	strict
7627	167710	strict
7627	167711	strict
7628	167690	equal
7628	167711	strict
7629	167691	equal
7629	167711	strict
7630	167692	equal
7630	167700	strict
7630	167703	strict
7630	167705	strict
7631	167693	equal
7631	167702	strict
7631	167704	strict
7631	167705	strict
7632	167694	equal
7632	167705	strict
7633	167695	equal
7633	167705	strict
7634	167742	equal
7635	167743	equal
7636	167746	equal
7637	167747	equal
7638	167756	equal
7638	167788	strict
7638	210759	strict
7638	210761	strict
7638	211006	strict
7638	211010	strict
7638	211011	strict
7638	211014	strict
7639	167757	equal
7639	211014	strict
7640	167758	equal
7640	167789	strict
7640	210762	strict
7640	210764	strict
7640	210800	strict
7640	210804	strict
7640	210805	strict
7640	210808	strict
7641	167759	equal
7641	210808	strict
7642	167976	equal
7642	167981	strict
7642	168026	strict
7642	168027	strict
7642	168028	strict
7642	168029	strict
7643	167977	equal
7643	168029	strict
7644	167988	equal
7644	167993	strict
7644	168067	strict
7644	168086	strict
7644	168088	strict
7644	168089	strict
7645	167989	equal
7645	168089	strict
7646	168003	equal
7646	168005	strict
7646	168021	strict
7646	168029	strict
7647	168004	equal
7647	168029	strict
7648	168020	equal
7648	168029	strict
7649	168026	equal
7649	168027	strict
7649	168028	strict
7649	168029	strict
7650	168033	equal
7651	168037	equal
7652	168048	equal
7653	168049	equal
7654	168057	equal
7654	168077	strict
7654	168087	strict
7654	168089	strict
7655	168067	equal
7655	168086	strict
7655	168088	strict
7655	168089	strict
7656	168068	equal
7656	168089	strict
7657	168069	equal
7657	168089	strict
7658	168159	equal
7659	168163	equal
7660	168220	equal
7660	168222	strict
7660	168305	strict
7660	168307	strict
7660	168438	strict
7660	168442	strict
7660	168444	strict
7660	168445	strict
7661	168221	equal
7661	168445	strict
7662	168234	equal
7662	168289	strict
7662	168290	strict
7662	168329	strict
7662	168331	strict
7662	168391	strict
7662	168392	strict
7662	168393	strict
7662	168394	strict
7663	168236	equal
7663	168297	strict
7663	168299	strict
7663	168335	strict
7663	168337	strict
7663	168414	strict
7663	168418	strict
7663	168420	strict
7663	168421	strict
7664	168253	equal
7665	168254	equal
7666	168279	equal
7666	168385	strict
7667	168286	equal
7667	168287	strict
7667	168381	strict
7667	168382	strict
7667	168384	strict
7667	168385	strict
7668	168288	equal
7668	168394	strict
7669	168289	equal
7669	168290	strict
7669	168391	strict
7669	168392	strict
7669	168393	strict
7669	168394	strict
7670	168293	equal
7671	168296	equal
7672	168297	equal
7672	168299	strict
7672	168414	strict
7672	168418	strict
7672	168420	strict
7672	168421	strict
7673	168298	equal
7673	168421	strict
7674	168305	equal
7674	168307	strict
7674	168438	strict
7674	168442	strict
7674	168444	strict
7674	168445	strict
7675	168306	equal
7675	168445	strict
7676	168329	equal
7676	168331	strict
7676	168391	strict
7676	168392	strict
7676	168393	strict
7676	168394	strict
7677	168330	equal
7677	168394	strict
7678	168335	equal
7678	168337	strict
7678	168414	strict
7678	168418	strict
7678	168420	strict
7678	168421	strict
7679	168336	equal
7679	168421	strict
7680	168353	equal
7680	168361	strict
7680	168369	strict
7680	168385	strict
7681	168360	equal
7681	168385	strict
7682	168368	equal
7682	168385	strict
7683	168381	equal
7683	168382	strict
7683	168384	strict
7683	168385	strict
7684	168386	equal
7684	168388	strict
7684	168390	strict
7684	168394	strict
7685	168387	equal
7685	168394	strict
7686	168389	equal
7686	168394	strict
7687	168391	equal
7687	168392	strict
7687	168393	strict
7687	168394	strict
7688	168401	equal
7689	168402	equal
7690	168410	equal
7691	168411	equal
7692	168413	equal
7692	168417	strict
7692	168419	strict
7692	168421	strict
7693	168414	equal
7693	168418	strict
7693	168420	strict
7693	168421	strict
7694	168415	equal
7694	168421	strict
7695	168416	equal
7695	168421	strict
7696	168437	equal
7696	168441	strict
7696	168443	strict
7696	168445	strict
7697	168438	equal
7697	168442	strict
7697	168444	strict
7697	168445	strict
7698	168439	equal
7698	168445	strict
7699	168440	equal
7699	168445	strict
7700	168493	equal
7701	168495	equal
7702	168503	equal
7703	168510	equal
7704	168512	equal
7705	168513	equal
7706	168517	equal
7707	168520	equal
7708	168521	equal
7709	168523	equal
7710	168529	equal
7711	168531	equal
7712	168536	equal
7712	168552	strict
7712	168749	strict
7712	168836	strict
7712	208606	strict
7712	208610	strict
7712	208611	strict
7712	208614	strict
7713	168537	equal
7713	208614	strict
7714	168723	equal
7714	168893	strict
7714	168898	strict
7714	208185	strict
7714	208187	strict
7714	210963	strict
7714	210967	strict
7714	210968	strict
7714	210971	strict
7715	168724	equal
7715	168745	strict
7715	168834	strict
7715	208188	strict
7715	208190	strict
7715	208537	strict
7715	208541	strict
7715	208542	strict
7715	208545	strict
7716	168741	equal
7716	208545	strict
7717	168742	equal
7718	168745	equal
7718	168834	strict
7718	208537	strict
7718	208541	strict
7718	208542	strict
7718	208545	strict
7719	168746	equal
7719	208545	strict
7720	168749	equal
7720	168836	strict
7720	208606	strict
7720	208610	strict
7720	208611	strict
7720	208614	strict
7721	168750	equal
7721	208614	strict
7722	168779	equal
7722	210971	strict
7723	168780	equal
7724	168783	equal
7725	168784	equal
7726	168893	equal
7726	168898	strict
7726	210963	strict
7726	210967	strict
7726	210968	strict
7726	210971	strict
7727	168894	equal
7727	210971	strict
7728	168925	equal
7728	168950	strict
7728	217370	strict
7728	217374	strict
7728	217375	strict
7728	217378	strict
7729	168926	equal
7729	217378	strict
7730	168939	equal
7731	168940	equal
7732	169021	equal
7732	185350	strict
7732	205693	strict
7732	205757	strict
7732	205776	strict
7732	205778	strict
7733	169022	equal
7733	169192	strict
7733	205694	strict
7733	205704	strict
7733	205856	strict
7733	205858	strict
7734	169025	equal
7734	185352	strict
7734	205941	strict
7734	205945	strict
7734	205977	strict
7734	205979	strict
7735	169026	equal
7735	169194	strict
7735	205942	strict
7735	205944	strict
7735	206027	strict
7735	206029	strict
7736	169029	equal
7737	169030	equal
7738	169081	equal
7738	186050	strict
7738	206056	strict
7738	206058	strict
7738	206092	strict
7738	206115	strict
7739	169082	equal
7739	169199	strict
7739	186053	strict
7739	206231	strict
7739	206320	strict
7739	206322	strict
7740	169085	equal
7740	186062	strict
7740	206193	strict
7740	206195	strict
7740	206201	strict
7740	206226	strict
7741	169086	equal
7741	169201	strict
7741	186065	strict
7741	206380	strict
7741	206469	strict
7741	206471	strict
7742	169089	equal
7743	169090	equal
7744	169111	equal
7745	169113	equal
7746	169115	equal
7747	169191	equal
7747	205703	strict
7747	205831	strict
7747	205833	strict
7748	169192	equal
7748	205704	strict
7748	205856	strict
7748	205858	strict
7749	169194	equal
7749	205944	strict
7749	206027	strict
7749	206029	strict
7750	169195	equal
7751	169198	equal
7752	169199	equal
7752	206231	strict
7752	206320	strict
7752	206322	strict
7753	169201	equal
7753	206380	strict
7753	206469	strict
7753	206471	strict
7754	169202	equal
7754	206381	strict
7754	206507	strict
7754	206509	strict
7755	169205	equal
7756	169208	equal
7757	169209	equal
7758	169212	equal
7759	169247	equal
7760	169248	equal
7761	169303	equal
7762	169304	equal
7763	169305	equal
7764	169306	equal
7765	169401	equal
7766	169402	equal
7767	169413	equal
7768	169414	equal
7769	169417	equal
7770	169418	equal
7771	169421	equal
7772	169422	equal
7773	169437	equal
7774	169438	equal
7775	169441	equal
7776	169442	equal
7777	169461	equal
7778	169462	equal
7779	169469	equal
7780	169470	equal
7781	169499	equal
7782	169500	equal
7783	169610	equal
7783	170575	strict
7784	169612	equal
7784	170612	strict
7785	169620	equal
7785	173016	strict
7786	169622	equal
7786	173153	strict
7787	169630	equal
7787	169638	strict
7787	170540	strict
7787	170542	strict
7787	170558	strict
7787	170566	strict
7788	169637	equal
7788	170566	strict
7789	169639	equal
7789	169641	strict
7789	170567	strict
7789	170569	strict
7789	170571	strict
7789	170575	strict
7790	169640	equal
7790	170575	strict
7791	169644	equal
7792	169647	equal
7793	169648	equal
7793	169649	strict
7793	170604	strict
7793	170608	strict
7793	170610	strict
7793	170612	strict
7794	169650	equal
7794	170612	strict
7795	169656	equal
7795	169657	strict
7795	170642	strict
7795	170646	strict
7795	170648	strict
7795	170650	strict
7796	169658	equal
7796	170650	strict
7797	169666	equal
7797	169674	strict
7797	172953	strict
7797	172961	strict
7797	172969	strict
7797	172997	strict
7798	169673	equal
7798	172997	strict
7799	169675	equal
7799	169677	strict
7799	172998	strict
7799	173000	strict
7799	173002	strict
7799	173016	strict
7800	169676	equal
7800	173016	strict
7801	169680	equal
7802	169683	equal
7803	169684	equal
7803	169685	strict
7803	173136	strict
7803	173137	strict
7803	173151	strict
7803	173153	strict
7804	169686	equal
7804	173153	strict
7805	169692	equal
7805	169693	strict
7805	173192	strict
7805	173193	strict
7805	173207	strict
7805	173209	strict
7806	169694	equal
7806	173209	strict
7807	169922	equal
7808	169926	equal
7809	169934	equal
7810	169938	equal
7811	169950	equal
7811	173336	strict
7812	169952	equal
7812	173377	strict
7813	169960	equal
7814	169962	equal
7815	169977	equal
7816	169978	equal
7817	169986	equal
7818	169987	equal
7819	169989	equal
7819	169991	strict
7819	173219	strict
7819	173221	strict
7819	173227	strict
7819	173236	strict
7820	169990	equal
7820	173236	strict
7821	169992	equal
7821	169994	strict
7821	173248	strict
7821	173249	strict
7821	173263	strict
7821	173265	strict
7822	169993	equal
7822	173265	strict
7823	169998	equal
7823	170000	strict
7823	173319	strict
7823	173321	strict
7823	173325	strict
7823	173336	strict
7824	169999	equal
7824	173336	strict
7825	170004	equal
7825	170006	strict
7825	173360	strict
7825	173361	strict
7825	173375	strict
7825	173377	strict
7826	170005	equal
7826	173377	strict
7827	170125	equal
7827	170130	strict
7827	170200	strict
7827	170201	strict
7827	170203	strict
7827	170204	strict
7828	170126	equal
7828	170204	strict
7829	170137	equal
7829	170142	strict
7829	170246	strict
7829	170265	strict
7829	170267	strict
7829	170268	strict
7830	170138	equal
7830	170268	strict
7831	170172	equal
7831	170180	strict
7831	170188	strict
7831	170204	strict
7832	170179	equal
7832	170204	strict
7833	170187	equal
7833	170204	strict
7834	170200	equal
7834	170201	strict
7834	170203	strict
7834	170204	strict
7835	170212	equal
7836	170216	equal
7837	170227	equal
7838	170228	equal
7839	170236	equal
7839	170256	strict
7839	170266	strict
7839	170268	strict
7840	170246	equal
7840	170265	strict
7840	170267	strict
7840	170268	strict
7841	170247	equal
7841	170268	strict
7842	170248	equal
7842	170268	strict
7843	170330	equal
7844	170334	equal
7845	170391	equal
7845	170393	strict
7845	170516	strict
7845	170518	strict
7845	170643	strict
7845	170647	strict
7845	170649	strict
7845	170650	strict
7846	170392	equal
7846	170650	strict
7847	170405	equal
7847	170429	strict
7847	170431	strict
7847	170500	strict
7847	170501	strict
7847	170572	strict
7847	170573	strict
7847	170574	strict
7847	170575	strict
7848	170407	equal
7848	170435	strict
7848	170437	strict
7848	170508	strict
7848	170510	strict
7848	170605	strict
7848	170609	strict
7848	170611	strict
7848	170612	strict
7849	170429	equal
7849	170431	strict
7849	170572	strict
7849	170573	strict
7849	170574	strict
7849	170575	strict
7850	170430	equal
7850	170575	strict
7851	170435	equal
7851	170437	strict
7851	170605	strict
7851	170609	strict
7851	170611	strict
7851	170612	strict
7852	170436	equal
7852	170612	strict
7853	170445	equal
7854	170447	equal
7855	170464	equal
7856	170465	equal
7857	170490	equal
7857	170566	strict
7858	170497	equal
7858	170498	strict
7858	170563	strict
7858	170564	strict
7858	170565	strict
7858	170566	strict
7859	170499	equal
7859	170575	strict
7860	170500	equal
7860	170501	strict
7860	170572	strict
7860	170573	strict
7860	170574	strict
7860	170575	strict
7861	170504	equal
7862	170507	equal
7863	170508	equal
7863	170510	strict
7863	170605	strict
7863	170609	strict
7863	170611	strict
7863	170612	strict
7864	170509	equal
7864	170612	strict
7865	170516	equal
7865	170518	strict
7865	170643	strict
7865	170647	strict
7865	170649	strict
7865	170650	strict
7866	170517	equal
7866	170650	strict
7867	170540	equal
7867	170542	strict
7867	170558	strict
7867	170566	strict
7868	170541	equal
7868	170566	strict
7869	170557	equal
7869	170566	strict
7870	170563	equal
7870	170564	strict
7870	170565	strict
7870	170566	strict
7871	170567	equal
7871	170569	strict
7871	170571	strict
7871	170575	strict
7872	170568	equal
7872	170575	strict
7873	170570	equal
7873	170575	strict
7874	170572	equal
7874	170573	strict
7874	170574	strict
7874	170575	strict
7875	170592	equal
7876	170593	equal
7877	170601	equal
7878	170602	equal
7879	170604	equal
7879	170608	strict
7879	170610	strict
7879	170612	strict
7880	170605	equal
7880	170609	strict
7880	170611	strict
7880	170612	strict
7881	170606	equal
7881	170612	strict
7882	170607	equal
7882	170612	strict
7883	170642	equal
7883	170646	strict
7883	170648	strict
7883	170650	strict
7884	170643	equal
7884	170647	strict
7884	170649	strict
7884	170650	strict
7885	170644	equal
7885	170650	strict
7886	170645	equal
7886	170650	strict
7887	170674	equal
7888	170681	equal
7889	170683	equal
7890	170684	equal
7891	170688	equal
7892	170691	equal
7893	170692	equal
7894	170694	equal
7895	170700	equal
7896	170702	equal
7897	170707	equal
7897	170723	strict
7897	185067	strict
7897	185154	strict
7897	205030	strict
7897	205034	strict
7897	205035	strict
7897	205038	strict
7898	170708	equal
7898	205038	strict
7899	170801	equal
7899	174325	strict
7899	206859	strict
7899	206869	strict
7899	206893	strict
7899	206922	strict
7900	170802	equal
7900	174331	strict
7900	185373	strict
7900	209298	strict
7900	209340	strict
7900	209342	strict
7901	170805	equal
7901	174340	strict
7901	207001	strict
7901	207006	strict
7901	207017	strict
7901	207033	strict
7902	170806	equal
7902	174343	strict
7902	185375	strict
7902	209482	strict
7902	209501	strict
7902	209503	strict
7903	170809	equal
7904	170810	equal
7905	171592	equal
7906	171596	equal
7907	171610	equal
7908	171614	equal
7909	171639	equal
7910	171640	equal
7911	171645	equal
7912	171649	equal
7913	171650	equal
7914	171655	equal
7915	171664	equal
7916	171665	equal
7917	171669	equal
7918	171670	equal
7919	171674	equal
7920	171675	equal
7921	171679	equal
7922	171680	equal
7923	171856	equal
7923	171858	strict
7923	172444	strict
7923	172446	strict
7923	173194	strict
7923	173203	strict
7923	173208	strict
7923	173209	strict
7924	171857	equal
7924	173209	strict
7925	171864	equal
7925	171866	strict
7925	171962	strict
7925	171964	strict
7925	173410	strict
7925	173419	strict
7925	173424	strict
7925	173425	strict
7926	171865	equal
7926	173425	strict
7927	171880	equal
7927	171946	strict
7927	171947	strict
7927	172518	strict
7927	172520	strict
7927	173332	strict
7927	173333	strict
7927	173334	strict
7927	173336	strict
7928	171882	equal
7928	171954	strict
7928	171956	strict
7928	172524	strict
7928	172526	strict
7928	173362	strict
7928	173371	strict
7928	173376	strict
7928	173377	strict
7929	171902	equal
7930	171903	equal
7931	171936	equal
7931	173316	strict
7932	171943	equal
7932	171944	strict
7932	173311	strict
7932	173312	strict
7932	173314	strict
7932	173316	strict
7933	171945	equal
7933	173336	strict
7934	171946	equal
7934	171947	strict
7934	173332	strict
7934	173333	strict
7934	173334	strict
7934	173336	strict
7935	171950	equal
7936	171953	equal
7937	171954	equal
7937	171956	strict
7937	173362	strict
7937	173371	strict
7937	173376	strict
7937	173377	strict
7938	171955	equal
7938	173377	strict
7939	171962	equal
7939	171964	strict
7939	173410	strict
7939	173419	strict
7939	173424	strict
7939	173425	strict
7940	171963	equal
7940	173425	strict
7941	171978	equal
7941	172224	strict
7941	172226	strict
7941	172428	strict
7941	172429	strict
7941	173012	strict
7941	173013	strict
7941	173014	strict
7941	173016	strict
7942	171980	equal
7942	172242	strict
7942	172244	strict
7942	172436	strict
7942	172438	strict
7942	173138	strict
7942	173147	strict
7942	173152	strict
7942	173153	strict
7943	172119	equal
7943	172123	strict
7943	172909	strict
7943	172910	strict
7943	172911	strict
7943	172912	strict
7943	172914	strict
7943	172915	strict
7944	172120	equal
7944	172915	strict
7945	172121	equal
7945	172124	strict
7945	172920	strict
7945	172921	strict
7945	172922	strict
7945	172923	strict
7945	172924	strict
7945	172926	strict
7946	172122	equal
7946	172926	strict
7947	172128	equal
7947	172130	strict
7947	172218	strict
7947	172220	strict
7947	172945	strict
7947	172946	strict
7947	172947	strict
7947	172949	strict
7948	172129	equal
7948	172949	strict
7949	172134	equal
7949	172136	strict
7949	172236	strict
7949	172238	strict
7949	173111	strict
7949	173120	strict
7949	173125	strict
7949	173126	strict
7950	172135	equal
7950	173126	strict
7951	172140	equal
7951	172142	strict
7951	172509	strict
7951	172511	strict
7951	173232	strict
7951	173233	strict
7951	173234	strict
7951	173236	strict
7952	172141	equal
7952	173236	strict
7953	172146	equal
7953	172148	strict
7953	172512	strict
7953	172514	strict
7953	173250	strict
7953	173259	strict
7953	173264	strict
7953	173265	strict
7954	172147	equal
7954	173265	strict
7955	172162	equal
7956	172164	equal
7957	172215	equal
7958	172216	equal
7959	172218	equal
7959	172220	strict
7959	172945	strict
7959	172946	strict
7959	172947	strict
7959	172949	strict
7960	172219	equal
7960	172949	strict
7961	172224	equal
7961	172226	strict
7961	173012	strict
7961	173013	strict
7961	173014	strict
7961	173016	strict
7962	172225	equal
7962	173016	strict
7963	172233	equal
7964	172234	equal
7965	172236	equal
7965	172238	strict
7965	173111	strict
7965	173120	strict
7965	173125	strict
7965	173126	strict
7966	172237	equal
7966	173126	strict
7967	172242	equal
7967	172244	strict
7967	173138	strict
7967	173147	strict
7967	173152	strict
7967	173153	strict
7968	172243	equal
7968	173153	strict
7969	172264	equal
7970	172265	equal
7971	172280	equal
7972	172282	equal
7973	172321	equal
7974	172322	equal
7975	172323	equal
7976	172324	equal
7977	172358	equal
7978	172365	equal
7979	172367	equal
7980	172368	equal
7981	172372	equal
7982	172375	equal
7983	172376	equal
7984	172377	equal
7985	172384	equal
7986	172385	equal
7987	172418	equal
7987	172997	strict
7988	172425	equal
7988	172426	strict
7988	172992	strict
7988	172993	strict
7988	172995	strict
7988	172997	strict
7989	172427	equal
7989	173016	strict
7990	172428	equal
7990	172429	strict
7990	173012	strict
7990	173013	strict
7990	173014	strict
7990	173016	strict
7991	172432	equal
7992	172435	equal
7993	172436	equal
7993	172438	strict
7993	173138	strict
7993	173147	strict
7993	173152	strict
7993	173153	strict
7994	172437	equal
7994	173153	strict
7995	172444	equal
7995	172446	strict
7995	173194	strict
7995	173203	strict
7995	173208	strict
7995	173209	strict
7996	172445	equal
7996	173209	strict
7997	172497	equal
7998	172498	equal
7999	172506	equal
8000	172507	equal
8001	172509	equal
8001	172511	strict
8001	173232	strict
8001	173233	strict
8001	173234	strict
8001	173236	strict
8002	172510	equal
8002	173236	strict
8003	172512	equal
8003	172514	strict
8003	173250	strict
8003	173259	strict
8003	173264	strict
8003	173265	strict
8004	172513	equal
8004	173265	strict
8005	172518	equal
8005	172520	strict
8005	173332	strict
8005	173333	strict
8005	173334	strict
8005	173336	strict
8006	172519	equal
8006	173336	strict
8007	172524	equal
8007	172526	strict
8007	173362	strict
8007	173371	strict
8007	173376	strict
8007	173377	strict
8008	172525	equal
8008	173377	strict
8009	172558	equal
8010	172565	equal
8011	172567	equal
8012	172568	equal
8013	172572	equal
8014	172575	equal
8015	172576	equal
8016	172577	equal
8017	172584	equal
8018	172585	equal
8019	172695	equal
8019	172721	strict
8019	172726	strict
8019	172765	strict
8019	172824	strict
8019	172835	strict
8020	172696	equal
8020	172706	strict
8020	172746	strict
8020	172766	strict
8020	172786	strict
8020	172878	strict
8021	172701	equal
8022	172705	equal
8022	172741	strict
8022	172784	strict
8022	172867	strict
8023	172706	equal
8023	172746	strict
8023	172786	strict
8023	172878	strict
8024	172710	equal
8024	172720	strict
8024	172800	strict
8024	172822	strict
8025	172719	equal
8025	172822	strict
8026	172721	equal
8026	172726	strict
8026	172824	strict
8026	172835	strict
8027	172724	equal
8027	172835	strict
8028	172725	equal
8028	172835	strict
8029	172736	equal
8030	172740	equal
8030	172867	strict
8031	172744	equal
8031	172878	strict
8032	172745	equal
8032	172878	strict
8033	172763	equal
8033	172835	strict
8034	172764	equal
8034	172878	strict
8035	172775	equal
8036	172783	equal
8036	172867	strict
8037	172785	equal
8037	172878	strict
8038	172799	equal
8038	172822	strict
8039	172816	equal
8039	172817	strict
8039	172821	strict
8039	172822	strict
8040	172823	equal
8040	172835	strict
8041	172828	equal
8041	172829	strict
8041	172830	strict
8041	172832	strict
8041	172834	strict
8041	172835	strict
8042	172829	equal
8042	172830	strict
8042	172834	strict
8042	172835	strict
8043	172855	equal
8044	172861	equal
8044	172862	strict
8044	172865	strict
8044	172867	strict
8045	172871	equal
8045	172872	strict
8045	172873	strict
8045	172875	strict
8045	172876	strict
8045	172878	strict
8046	172872	equal
8046	172873	strict
8046	172876	strict
8046	172878	strict
8047	172879	equal
8047	172883	strict
8047	172886	strict
8047	172893	strict
8047	172906	strict
8047	172915	strict
8048	172880	equal
8048	172882	strict
8048	172890	strict
8048	172894	strict
8048	172898	strict
8048	172926	strict
8049	172881	equal
8050	172882	equal
8050	172890	strict
8050	172898	strict
8050	172926	strict
8051	172883	equal
8051	172886	strict
8051	172906	strict
8051	172915	strict
8052	172884	equal
8052	172915	strict
8053	172885	equal
8053	172915	strict
8054	172887	equal
8055	172888	equal
8055	172926	strict
8056	172889	equal
8056	172926	strict
8057	172891	equal
8057	172915	strict
8058	172892	equal
8058	172926	strict
8059	172895	equal
8060	172897	equal
8060	172926	strict
8061	172905	equal
8061	172915	strict
8062	172909	equal
8062	172910	strict
8062	172911	strict
8062	172912	strict
8062	172914	strict
8062	172915	strict
8063	172910	equal
8063	172911	strict
8063	172914	strict
8063	172915	strict
8064	172916	equal
8065	172920	equal
8065	172921	strict
8065	172922	strict
8065	172923	strict
8065	172924	strict
8065	172926	strict
8066	172921	equal
8066	172922	strict
8066	172924	strict
8066	172926	strict
8067	172931	equal
8067	172933	strict
8067	172935	strict
8067	172949	strict
8068	172932	equal
8068	172949	strict
8069	172934	equal
8069	172949	strict
8070	172945	equal
8070	172946	strict
8070	172947	strict
8070	172949	strict
8071	172953	equal
8071	172961	strict
8071	172969	strict
8071	172997	strict
8072	172960	equal
8072	172997	strict
8073	172968	equal
8073	172997	strict
8074	172992	equal
8074	172993	strict
8074	172995	strict
8074	172997	strict
8075	172998	equal
8075	173000	strict
8075	173002	strict
8075	173016	strict
8076	172999	equal
8076	173016	strict
8077	173001	equal
8077	173016	strict
8078	173012	equal
8078	173013	strict
8078	173014	strict
8078	173016	strict
8079	173035	equal
8080	173036	equal
8081	173037	equal
8082	173038	equal
8083	173041	equal
8084	173042	equal
8085	173050	equal
8086	173051	equal
8087	173071	equal
8088	173072	equal
8089	173073	equal
8090	173074	equal
8091	173077	equal
8092	173078	equal
8093	173086	equal
8094	173087	equal
8095	173109	equal
8095	173110	strict
8095	173124	strict
8095	173126	strict
8096	173111	equal
8096	173120	strict
8096	173125	strict
8096	173126	strict
8097	173112	equal
8097	173126	strict
8098	173113	equal
8098	173126	strict
8099	173136	equal
8099	173137	strict
8099	173151	strict
8099	173153	strict
8100	173138	equal
8100	173147	strict
8100	173152	strict
8100	173153	strict
8101	173139	equal
8101	173153	strict
8102	173140	equal
8102	173153	strict
8103	173192	equal
8103	173193	strict
8103	173207	strict
8103	173209	strict
8104	173194	equal
8104	173203	strict
8104	173208	strict
8104	173209	strict
8105	173195	equal
8105	173209	strict
8106	173196	equal
8106	173209	strict
8107	173219	equal
8107	173221	strict
8107	173227	strict
8107	173236	strict
8108	173220	equal
8108	173236	strict
8109	173226	equal
8109	173236	strict
8110	173232	equal
8110	173233	strict
8110	173234	strict
8110	173236	strict
8111	173238	equal
8112	173239	equal
8113	173241	equal
8114	173242	equal
8115	173248	equal
8115	173249	strict
8115	173263	strict
8115	173265	strict
8116	173250	equal
8116	173259	strict
8116	173264	strict
8116	173265	strict
8117	173251	equal
8117	173265	strict
8118	173252	equal
8118	173265	strict
8119	173274	equal
8119	173282	strict
8119	173294	strict
8119	173316	strict
8120	173281	equal
8120	173316	strict
8121	173293	equal
8121	173316	strict
8122	173311	equal
8122	173312	strict
8122	173314	strict
8122	173316	strict
8123	173319	equal
8123	173321	strict
8123	173325	strict
8123	173336	strict
8124	173320	equal
8124	173336	strict
8125	173324	equal
8125	173336	strict
8126	173332	equal
8126	173333	strict
8126	173334	strict
8126	173336	strict
8127	173344	equal
8128	173345	equal
8129	173353	equal
8130	173354	equal
8131	173360	equal
8131	173361	strict
8131	173375	strict
8131	173377	strict
8132	173362	equal
8132	173371	strict
8132	173376	strict
8132	173377	strict
8133	173363	equal
8133	173377	strict
8134	173364	equal
8134	173377	strict
8135	173408	equal
8135	173409	strict
8135	173423	strict
8135	173425	strict
8136	173410	equal
8136	173419	strict
8136	173424	strict
8136	173425	strict
8137	173411	equal
8137	173425	strict
8138	173412	equal
8138	173425	strict
8139	173461	equal
8139	173493	strict
8139	185904	strict
8139	185991	strict
8139	200136	strict
8139	204176	strict
8139	204178	strict
8139	204180	strict
8140	173462	equal
8140	204180	strict
8141	173465	equal
8141	173496	strict
8141	174070	strict
8141	174157	strict
8141	200172	strict
8141	204278	strict
8141	204280	strict
8141	204282	strict
8142	173466	equal
8142	204282	strict
8143	173699	equal
8143	206922	strict
8144	173700	equal
8144	209342	strict
8145	173703	equal
8145	207033	strict
8146	173704	equal
8146	209503	strict
8147	173707	equal
8148	173708	equal
8149	174044	equal
8149	174212	strict
8149	174218	strict
8149	200024	strict
8149	204045	strict
8149	204898	strict
8149	204943	strict
8149	204945	strict
8149	204947	strict
8150	174045	equal
8150	174066	strict
8150	174154	strict
8150	200026	strict
8150	200164	strict
8150	204046	strict
8150	204246	strict
8150	204248	strict
8150	204250	strict
8151	174062	equal
8151	204250	strict
8152	174063	equal
8153	174066	equal
8153	174154	strict
8153	200164	strict
8153	204246	strict
8153	204248	strict
8153	204250	strict
8154	174067	equal
8154	204250	strict
8155	174070	equal
8155	174157	strict
8155	200172	strict
8155	204278	strict
8155	204280	strict
8155	204282	strict
8156	174071	equal
8156	204282	strict
8157	174100	equal
8157	204947	strict
8158	174101	equal
8159	174104	equal
8160	174105	equal
8161	174212	equal
8161	174218	strict
8161	204898	strict
8161	204943	strict
8161	204945	strict
8161	204947	strict
8162	174213	equal
8162	204947	strict
8163	174238	equal
8163	174264	strict
8163	205158	strict
8163	205258	strict
8163	205260	strict
8163	205262	strict
8164	174239	equal
8164	205262	strict
8165	174252	equal
8166	174253	equal
8167	174511	equal
8167	174532	strict
8167	184373	strict
8167	184718	strict
8167	206111	strict
8167	206112	strict
8167	206113	strict
8167	206115	strict
8168	174512	equal
8168	206115	strict
8169	174525	equal
8170	174526	equal
8171	174532	equal
8171	184718	strict
8171	206111	strict
8171	206112	strict
8171	206113	strict
8171	206115	strict
8172	174533	equal
8172	206115	strict
8173	174538	equal
8173	184724	strict
8173	206222	strict
8173	206223	strict
8173	206224	strict
8173	206226	strict
8174	174539	equal
8174	206226	strict
8175	174559	equal
8176	174561	equal
8177	174563	equal
8178	174589	equal
8178	206115	strict
8179	174590	equal
8179	206322	strict
8180	174593	equal
8180	206226	strict
8181	174594	equal
8181	206471	strict
8182	174597	equal
8183	174598	equal
8184	174747	equal
8184	205778	strict
8185	174748	equal
8185	205858	strict
8186	174755	equal
8186	174815	strict
8186	186487	strict
8186	186596	strict
8186	197749	strict
8186	205774	strict
8186	205775	strict
8186	205777	strict
8186	205778	strict
8187	174756	equal
8188	174765	equal
8188	174818	strict
8188	175096	strict
8188	175205	strict
8188	197803	strict
8188	205854	strict
8188	205855	strict
8188	205857	strict
8188	205858	strict
8189	174766	equal
8190	174795	equal
8191	174796	equal
8192	174797	equal
8193	174798	equal
8194	174799	equal
8195	174800	equal
8196	174813	equal
8196	205778	strict
8197	174814	equal
8197	205858	strict
8198	174815	equal
8198	186596	strict
8198	205774	strict
8198	205775	strict
8198	205777	strict
8198	205778	strict
8199	174816	equal
8200	174817	equal
8200	205778	strict
8201	174818	equal
8201	175205	strict
8201	205854	strict
8201	205855	strict
8201	205857	strict
8201	205858	strict
8202	174819	equal
8203	174820	equal
8203	205858	strict
8204	174827	equal
8204	205979	strict
8205	174828	equal
8205	206029	strict
8206	174833	equal
8206	186604	strict
8206	205974	strict
8206	205975	strict
8206	205978	strict
8206	205979	strict
8207	174834	equal
8208	174835	equal
8208	205979	strict
8209	174840	equal
8209	175213	strict
8209	206024	strict
8209	206025	strict
8209	206028	strict
8209	206029	strict
8210	174841	equal
8211	174842	equal
8211	206029	strict
8212	174845	equal
8213	174846	equal
8214	175069	equal
8214	175090	strict
8214	175202	strict
8214	197772	strict
8214	197797	strict
8214	205830	strict
8214	205832	strict
8214	205833	strict
8215	175070	equal
8215	205833	strict
8216	175083	equal
8217	175084	equal
8218	175090	equal
8218	175202	strict
8218	197797	strict
8218	205830	strict
8218	205832	strict
8218	205833	strict
8219	175091	equal
8219	205833	strict
8220	175096	equal
8220	175205	strict
8220	197803	strict
8220	205855	strict
8220	205857	strict
8220	205858	strict
8221	175097	equal
8221	205858	strict
8222	175119	equal
8222	175220	strict
8222	175224	strict
8222	198087	strict
8222	206286	strict
8222	206318	strict
8222	206321	strict
8222	206322	strict
8223	175120	equal
8223	206322	strict
8224	175159	equal
8225	175160	equal
8226	175161	equal
8227	175162	equal
8228	175171	equal
8229	175172	equal
8230	175173	equal
8231	175174	equal
8232	175181	equal
8233	175182	equal
8234	175202	equal
8234	205830	strict
8234	205832	strict
8234	205833	strict
8235	175203	equal
8235	205833	strict
8236	175204	equal
8236	205833	strict
8237	175205	equal
8237	205855	strict
8237	205857	strict
8237	205858	strict
8238	175206	equal
8238	205858	strict
8239	175207	equal
8239	205858	strict
8240	175213	equal
8240	206025	strict
8240	206028	strict
8240	206029	strict
8241	175214	equal
8241	206029	strict
8242	175215	equal
8242	206029	strict
8243	175216	equal
8244	175219	equal
8245	175220	equal
8245	175224	strict
8245	206286	strict
8245	206318	strict
8245	206321	strict
8245	206322	strict
8246	175221	equal
8246	206322	strict
8247	175222	equal
8248	175223	equal
8249	175224	equal
8249	206318	strict
8249	206321	strict
8249	206322	strict
8250	175225	equal
8250	206322	strict
8251	175226	equal
8251	206322	strict
8252	175232	equal
8252	175244	strict
8252	206392	strict
8252	206466	strict
8252	206470	strict
8252	206471	strict
8253	175233	equal
8253	206471	strict
8254	175240	equal
8255	175241	equal
8256	175244	equal
8256	206466	strict
8256	206470	strict
8256	206471	strict
8257	175245	equal
8257	206471	strict
8258	175246	equal
8258	206471	strict
8259	175251	equal
8259	206504	strict
8259	206508	strict
8259	206509	strict
8260	175252	equal
8260	206509	strict
8261	175253	equal
8261	206509	strict
8262	175256	equal
8263	175259	equal
8264	175260	equal
8265	175263	equal
8266	175405	equal
8267	175406	equal
8268	175425	equal
8269	175426	equal
8270	175768	equal
8271	175769	equal
8272	175796	equal
8273	175797	equal
8274	176060	equal
8275	176061	equal
8276	176190	equal
8277	176199	equal
8278	176214	equal
8279	176263	equal
8280	176264	equal
8281	176314	equal
8282	176322	equal
8283	176334	equal
8284	176366	equal
8285	176367	equal
8286	176368	equal
8287	176369	equal
8288	176375	equal
8289	176376	equal
8290	176378	equal
8291	176379	equal
8292	176524	equal
8292	176525	strict
8292	176625	strict
8292	176629	strict
8292	176631	strict
8292	176633	strict
8293	176526	equal
8293	176633	strict
8294	176527	equal
8294	176528	strict
8294	176789	strict
8294	176790	strict
8294	176795	strict
8294	176797	strict
8295	176529	equal
8295	176797	strict
8296	176559	equal
8296	176579	strict
8296	176589	strict
8296	176591	strict
8297	176569	equal
8297	176588	strict
8297	176590	strict
8297	176591	strict
8298	176570	equal
8298	176591	strict
8299	176571	equal
8299	176591	strict
8300	176622	equal
8300	176624	strict
8300	176626	strict
8300	176630	strict
8300	176632	strict
8300	176633	strict
8301	176623	equal
8301	176633	strict
8302	176625	equal
8302	176629	strict
8302	176631	strict
8302	176633	strict
8303	176626	equal
8303	176630	strict
8303	176632	strict
8303	176633	strict
8304	176627	equal
8304	176633	strict
8305	176628	equal
8305	176633	strict
8306	176648	equal
8307	176650	equal
8308	176721	equal
8308	176723	strict
8308	176791	strict
8308	176794	strict
8308	176796	strict
8308	176797	strict
8309	176722	equal
8309	176797	strict
8310	176733	equal
8311	176734	equal
8312	176762	equal
8312	176763	strict
8312	176768	strict
8312	176770	strict
8313	176764	equal
8313	176767	strict
8313	176769	strict
8313	176770	strict
8314	176765	equal
8314	176770	strict
8315	176766	equal
8315	176770	strict
8316	176789	equal
8316	176790	strict
8316	176795	strict
8316	176797	strict
8317	176791	equal
8317	176794	strict
8317	176796	strict
8317	176797	strict
8318	176792	equal
8318	176797	strict
8319	176793	equal
8319	176797	strict
8320	176924	equal
8320	176932	strict
8320	188747	strict
8320	188753	strict
8320	188754	strict
8320	188757	strict
8321	176925	equal
8321	188757	strict
8322	176926	equal
8322	176935	strict
8322	178253	strict
8322	178384	strict
8322	178386	strict
8322	178388	strict
8323	176927	equal
8323	178388	strict
8324	176950	equal
8324	176954	strict
8324	189701	strict
8324	189705	strict
8324	189706	strict
8324	189709	strict
8325	176951	equal
8325	189709	strict
8326	176960	equal
8326	176964	strict
8326	178623	strict
8326	178689	strict
8326	178691	strict
8326	178693	strict
8327	176961	equal
8327	178693	strict
8328	177033	equal
8328	177034	strict
8328	177097	strict
8328	177101	strict
8328	177103	strict
8328	177105	strict
8329	177035	equal
8329	177105	strict
8330	177043	equal
8330	177044	strict
8330	177211	strict
8330	177212	strict
8330	177217	strict
8330	177219	strict
8331	177045	equal
8331	177219	strict
8332	177073	equal
8332	177075	strict
8332	177098	strict
8332	177102	strict
8332	177104	strict
8332	177105	strict
8333	177074	equal
8333	177105	strict
8334	177097	equal
8334	177101	strict
8334	177103	strict
8334	177105	strict
8335	177098	equal
8335	177102	strict
8335	177104	strict
8335	177105	strict
8336	177099	equal
8336	177105	strict
8337	177100	equal
8337	177105	strict
8338	177129	equal
8339	177131	equal
8340	177159	equal
8340	177161	strict
8340	177213	strict
8340	177216	strict
8340	177218	strict
8340	177219	strict
8341	177160	equal
8341	177219	strict
8342	177169	equal
8343	177170	equal
8344	177211	equal
8344	177212	strict
8344	177217	strict
8344	177219	strict
8345	177213	equal
8345	177216	strict
8345	177218	strict
8345	177219	strict
8346	177214	equal
8346	177219	strict
8347	177215	equal
8347	177219	strict
8348	177310	equal
8348	177330	strict
8348	195560	strict
8348	195566	strict
8348	195567	strict
8348	195570	strict
8349	177311	equal
8349	195570	strict
8350	177314	equal
8350	177333	strict
8350	179131	strict
8350	179243	strict
8350	179245	strict
8350	179247	strict
8351	177315	equal
8351	179247	strict
8352	177427	equal
8353	177428	equal
8354	177431	equal
8355	177432	equal
8356	177483	equal
8356	177491	strict
8356	212112	strict
8356	212116	strict
8356	212117	strict
8356	212120	strict
8357	177484	equal
8357	212120	strict
8358	177522	equal
8359	177523	equal
8360	177545	equal
8360	177553	strict
8360	180175	strict
8360	180217	strict
8360	180219	strict
8360	180221	strict
8361	177546	equal
8361	180221	strict
8362	177584	equal
8363	177585	equal
8364	177802	equal
8364	177806	strict
8364	190054	strict
8364	190060	strict
8364	190061	strict
8364	190064	strict
8365	177803	equal
8365	190064	strict
8366	177804	equal
8366	177807	strict
8366	178825	strict
8366	178842	strict
8366	178843	strict
8366	178846	strict
8367	177805	equal
8367	178846	strict
8368	177808	equal
8368	177810	strict
8368	190093	strict
8368	190097	strict
8368	190098	strict
8368	190101	strict
8369	177809	equal
8369	190101	strict
8370	177811	equal
8370	177813	strict
8370	178872	strict
8370	178878	strict
8370	178879	strict
8370	178882	strict
8371	177812	equal
8371	178882	strict
8372	177866	equal
8373	177867	equal
8374	177868	equal
8375	177869	equal
8376	177923	equal
8376	182727	strict
8377	177924	equal
8377	198559	strict
8378	177932	equal
8379	177933	equal
8380	177938	equal
8380	182727	strict
8381	177939	equal
8381	198559	strict
8382	177947	equal
8382	182836	strict
8383	177948	equal
8383	198688	strict
8384	177957	equal
8385	177958	equal
8386	177959	equal
8387	177960	equal
8388	177993	equal
8388	183225	strict
8389	177994	equal
8389	212953	strict
8390	178001	equal
8391	178002	equal
8392	178005	equal
8392	183225	strict
8393	178006	equal
8393	212953	strict
8394	178011	equal
8394	183256	strict
8395	178012	equal
8395	212992	strict
8396	178037	equal
8396	178043	strict
8396	210868	strict
8396	210874	strict
8396	210875	strict
8396	210878	strict
8397	178038	equal
8397	210878	strict
8398	178041	equal
8398	178044	strict
8398	180104	strict
8398	180120	strict
8398	180121	strict
8398	180124	strict
8399	178042	equal
8399	180124	strict
8400	178077	equal
8400	178079	strict
8400	216518	strict
8400	216522	strict
8400	216523	strict
8400	216526	strict
8401	178078	equal
8401	216526	strict
8402	178082	equal
8402	178084	strict
8402	180570	strict
8402	180578	strict
8402	180579	strict
8402	180582	strict
8403	178083	equal
8403	180582	strict
8404	178235	equal
8404	178254	strict
8404	178304	strict
8404	178385	strict
8404	178387	strict
8404	178388	strict
8405	178236	equal
8405	178388	strict
8406	178243	equal
8407	178244	equal
8408	178249	equal
8408	178352	strict
8408	178354	strict
8408	178356	strict
8409	178250	equal
8409	178353	strict
8409	178355	strict
8409	178356	strict
8410	178251	equal
8410	178356	strict
8411	178252	equal
8411	178356	strict
8412	178253	equal
8412	178384	strict
8412	178386	strict
8412	178388	strict
8413	178254	equal
8413	178385	strict
8413	178387	strict
8413	178388	strict
8414	178255	equal
8414	178388	strict
8415	178256	equal
8415	178388	strict
8416	178559	equal
8416	178562	strict
8416	178624	strict
8416	178690	strict
8416	178692	strict
8416	178693	strict
8417	178560	equal
8417	178693	strict
8418	178589	equal
8419	178590	equal
8420	178619	equal
8420	178657	strict
8420	178659	strict
8420	178661	strict
8421	178620	equal
8421	178658	strict
8421	178660	strict
8421	178661	strict
8422	178621	equal
8422	178661	strict
8423	178622	equal
8423	178661	strict
8424	178623	equal
8424	178689	strict
8424	178691	strict
8424	178693	strict
8425	178624	equal
8425	178690	strict
8425	178692	strict
8425	178693	strict
8426	178625	equal
8426	178693	strict
8427	178626	equal
8427	178693	strict
8428	178821	equal
8428	178846	strict
8429	178822	equal
8429	178828	strict
8429	178837	strict
8429	178844	strict
8429	178845	strict
8429	178846	strict
8430	178823	equal
8431	178824	equal
8432	178825	equal
8432	178842	strict
8432	178843	strict
8432	178846	strict
8433	178826	equal
8433	178846	strict
8434	178827	equal
8434	178846	strict
8435	178828	equal
8435	178844	strict
8435	178845	strict
8435	178846	strict
8436	178865	equal
8436	178882	strict
8437	178866	equal
8437	178867	strict
8437	178875	strict
8437	178880	strict
8437	178881	strict
8437	178882	strict
8438	178868	equal
8439	178869	equal
8440	178872	equal
8440	178878	strict
8440	178879	strict
8440	178882	strict
8441	178873	equal
8441	178882	strict
8442	178874	equal
8442	178882	strict
8443	178875	equal
8443	178880	strict
8443	178881	strict
8443	178882	strict
8444	178894	equal
8444	178911	strict
8444	178912	strict
8444	178915	strict
8445	178895	equal
8445	178915	strict
8446	178896	equal
8446	178915	strict
8447	178897	equal
8447	178913	strict
8447	178914	strict
8447	178915	strict
8448	178941	equal
8448	178947	strict
8448	178948	strict
8448	178951	strict
8449	178942	equal
8449	178951	strict
8450	178943	equal
8450	178951	strict
8451	178944	equal
8451	178949	strict
8451	178950	strict
8451	178951	strict
8452	179113	equal
8452	179121	strict
8452	179132	strict
8452	179203	strict
8452	179212	strict
8452	179244	strict
8452	179246	strict
8452	179247	strict
8453	179114	equal
8453	179247	strict
8454	179117	equal
8455	179118	equal
8456	179121	equal
8456	179132	strict
8456	179212	strict
8456	179244	strict
8456	179246	strict
8456	179247	strict
8457	179122	equal
8457	179247	strict
8458	179125	equal
8459	179126	equal
8460	179131	equal
8460	179243	strict
8460	179245	strict
8460	179247	strict
8461	179132	equal
8461	179244	strict
8461	179246	strict
8461	179247	strict
8462	179133	equal
8462	179247	strict
8463	179134	equal
8463	179247	strict
8464	179298	equal
8464	179317	strict
8464	179914	strict
8464	179921	strict
8464	180176	strict
8464	180218	strict
8464	180220	strict
8464	180221	strict
8465	179299	equal
8465	180221	strict
8466	179464	equal
8466	179471	strict
8466	197328	strict
8466	197331	strict
8466	218829	strict
8466	218832	strict
8466	218833	strict
8466	218834	strict
8467	179465	equal
8467	218834	strict
8468	179507	equal
8468	208414	strict
8469	179508	equal
8469	204148	strict
8470	179519	equal
8470	179523	strict
8470	179702	strict
8470	200092	strict
8470	200129	strict
8470	204137	strict
8470	204145	strict
8470	204147	strict
8470	204148	strict
8471	179520	equal
8472	179523	equal
8472	179702	strict
8472	200129	strict
8472	204145	strict
8472	204147	strict
8472	204148	strict
8473	179524	equal
8473	204148	strict
8474	179527	equal
8474	179704	strict
8474	200137	strict
8474	204177	strict
8474	204179	strict
8474	204180	strict
8475	179528	equal
8475	204180	strict
8476	179576	equal
8476	179897	strict
8476	179901	strict
8476	200692	strict
8476	208317	strict
8476	208408	strict
8476	208411	strict
8476	208413	strict
8476	208414	strict
8477	179577	equal
8478	179580	equal
8478	179905	strict
8478	200720	strict
8478	208603	strict
8478	208609	strict
8478	208612	strict
8478	208613	strict
8478	208614	strict
8479	179581	equal
8479	208614	strict
8480	179613	equal
8481	179614	equal
8482	179798	equal
8482	180761	strict
8482	180765	strict
8482	205669	strict
8482	205672	strict
8482	218390	strict
8482	218415	strict
8482	218417	strict
8482	218418	strict
8483	179809	equal
8483	218582	strict
8484	179822	equal
8484	180095	strict
8484	180107	strict
8484	180109	strict
8484	180113	strict
8484	180122	strict
8484	180123	strict
8484	180124	strict
8485	179823	equal
8485	180124	strict
8486	179824	equal
8487	179825	equal
8488	179893	equal
8489	179897	equal
8489	179901	strict
8489	208317	strict
8489	208411	strict
8489	208413	strict
8489	208414	strict
8490	179898	equal
8490	208414	strict
8491	179914	equal
8491	179921	strict
8491	180176	strict
8491	180218	strict
8491	180220	strict
8491	180221	strict
8492	179915	equal
8492	180221	strict
8493	179933	equal
8493	179951	strict
8493	208733	strict
8493	208833	strict
8493	208835	strict
8493	208836	strict
8494	179934	equal
8494	208836	strict
8495	179996	equal
8496	179997	equal
8497	180094	equal
8497	180124	strict
8498	180095	equal
8498	180107	strict
8498	180113	strict
8498	180122	strict
8498	180123	strict
8498	180124	strict
8499	180098	equal
8500	180099	equal
8501	180104	equal
8501	180120	strict
8501	180121	strict
8501	180124	strict
8502	180105	equal
8502	180124	strict
8503	180106	equal
8503	180124	strict
8504	180107	equal
8504	180122	strict
8504	180123	strict
8504	180124	strict
8505	180175	equal
8505	180217	strict
8505	180219	strict
8505	180221	strict
8506	180176	equal
8506	180218	strict
8506	180220	strict
8506	180221	strict
8507	180177	equal
8507	180221	strict
8508	180178	equal
8508	180221	strict
8509	180296	equal
8509	180303	strict
8509	212730	strict
8509	212733	strict
8509	218595	strict
8509	218598	strict
8509	218599	strict
8509	218600	strict
8510	180297	equal
8510	218600	strict
8511	180340	equal
8511	180504	strict
8511	213530	strict
8511	216050	strict
8511	216109	strict
8511	216112	strict
8511	216113	strict
8511	216114	strict
8512	180341	equal
8512	216114	strict
8513	180437	equal
8513	180770	strict
8513	180772	strict
8513	215026	strict
8513	215029	strict
8513	218570	strict
8513	218579	strict
8513	218581	strict
8513	218582	strict
8514	180447	equal
8514	218418	strict
8515	180456	equal
8515	180546	strict
8515	180555	strict
8515	180557	strict
8515	180573	strict
8515	180580	strict
8515	180581	strict
8515	180582	strict
8516	180457	equal
8516	180582	strict
8517	180458	equal
8518	180459	equal
8519	180502	equal
8520	180554	equal
8520	180582	strict
8521	180555	equal
8521	180557	strict
8521	180573	strict
8521	180580	strict
8521	180581	strict
8521	180582	strict
8522	180562	equal
8523	180563	equal
8524	180570	equal
8524	180578	strict
8524	180579	strict
8524	180582	strict
8525	180571	equal
8525	180582	strict
8526	180572	equal
8526	180582	strict
8527	180573	equal
8527	180580	strict
8527	180581	strict
8527	180582	strict
8528	180761	equal
8528	180765	strict
8528	218390	strict
8528	218415	strict
8528	218417	strict
8528	218418	strict
8529	180762	equal
8529	218418	strict
8530	180763	equal
8530	180766	strict
8530	218394	strict
8530	218420	strict
8530	218422	strict
8530	218423	strict
8531	180764	equal
8531	218423	strict
8532	180770	equal
8532	180772	strict
8532	218570	strict
8532	218579	strict
8532	218581	strict
8532	218582	strict
8533	180771	equal
8533	218582	strict
8534	180773	equal
8534	180775	strict
8534	218602	strict
8534	218606	strict
8534	218608	strict
8534	218609	strict
8535	180774	equal
8535	218609	strict
8536	180850	equal
8536	180852	strict
8536	180992	strict
8536	180994	strict
8536	180996	strict
8536	181000	strict
8537	180851	equal
8537	181000	strict
8538	180853	equal
8538	180855	strict
8538	181021	strict
8538	181022	strict
8538	181027	strict
8538	181029	strict
8539	180854	equal
8539	181029	strict
8540	180966	equal
8540	180968	strict
8540	180997	strict
8540	180998	strict
8540	180999	strict
8540	181000	strict
8541	180967	equal
8541	181000	strict
8542	180969	equal
8542	180971	strict
8542	181023	strict
8542	181026	strict
8542	181028	strict
8542	181029	strict
8543	180970	equal
8543	181029	strict
8544	180992	equal
8544	180994	strict
8544	180996	strict
8544	181000	strict
8545	180993	equal
8545	181000	strict
8546	180995	equal
8546	181000	strict
8547	180997	equal
8547	180998	strict
8547	180999	strict
8547	181000	strict
8548	181011	equal
8549	181012	equal
8550	181014	equal
8551	181015	equal
8552	181021	equal
8552	181022	strict
8552	181027	strict
8552	181029	strict
8553	181023	equal
8553	181026	strict
8553	181028	strict
8553	181029	strict
8554	181024	equal
8554	181029	strict
8555	181025	equal
8555	181029	strict
8556	181286	equal
8556	181288	strict
8556	181423	strict
8556	181425	strict
8556	181427	strict
8556	181431	strict
8557	181287	equal
8557	181431	strict
8558	181292	equal
8558	181294	strict
8558	181464	strict
8558	181465	strict
8558	181470	strict
8558	181472	strict
8559	181293	equal
8559	181472	strict
8560	181354	equal
8560	181356	strict
8560	181428	strict
8560	181429	strict
8560	181430	strict
8560	181431	strict
8561	181355	equal
8561	181431	strict
8562	181360	equal
8562	181362	strict
8562	181466	strict
8562	181469	strict
8562	181471	strict
8562	181472	strict
8563	181361	equal
8563	181472	strict
8564	181378	equal
8564	181386	strict
8564	181394	strict
8564	181410	strict
8565	181385	equal
8565	181410	strict
8566	181393	equal
8566	181410	strict
8567	181406	equal
8567	181407	strict
8567	181409	strict
8567	181410	strict
8568	181423	equal
8568	181425	strict
8568	181427	strict
8568	181431	strict
8569	181424	equal
8569	181431	strict
8570	181426	equal
8570	181431	strict
8571	181428	equal
8571	181429	strict
8571	181430	strict
8571	181431	strict
8572	181448	equal
8573	181449	equal
8574	181457	equal
8575	181458	equal
8576	181464	equal
8576	181465	strict
8576	181470	strict
8576	181472	strict
8577	181466	equal
8577	181469	strict
8577	181471	strict
8577	181472	strict
8578	181467	equal
8578	181472	strict
8579	181468	equal
8579	181472	strict
8580	181512	equal
8580	181513	strict
8580	181518	strict
8580	181520	strict
8581	181514	equal
8581	181517	strict
8581	181519	strict
8581	181520	strict
8582	181515	equal
8582	181520	strict
8583	181516	equal
8583	181520	strict
8584	181733	equal
8585	181734	equal
8586	181743	equal
8586	184489	strict
8587	181744	equal
8587	198922	strict
8588	181758	equal
8588	184571	strict
8589	181759	equal
8589	199599	strict
8590	181760	equal
8590	184571	strict
8591	181761	equal
8591	199599	strict
8592	181774	equal
8593	181775	equal
8594	181782	equal
8594	184886	strict
8595	181783	equal
8595	213118	strict
8596	181788	equal
8596	184854	strict
8597	181789	equal
8597	213044	strict
8598	181790	equal
8598	184886	strict
8599	181791	equal
8599	213118	strict
8600	182069	equal
8600	182076	strict
8600	182150	strict
8600	182200	strict
8600	182202	strict
8600	182203	strict
8601	182070	equal
8601	182203	strict
8602	182093	equal
8603	182094	equal
8604	182140	equal
8604	182160	strict
8604	182201	strict
8604	182203	strict
8605	182150	equal
8605	182200	strict
8605	182202	strict
8605	182203	strict
8606	182151	equal
8606	182203	strict
8607	182152	equal
8607	182203	strict
8608	182274	equal
8608	182326	strict
8608	182367	strict
8608	182369	strict
8609	182296	equal
8609	182300	strict
8609	182314	strict
8609	182366	strict
8609	182368	strict
8609	182369	strict
8610	182297	equal
8610	182369	strict
8611	182298	equal
8612	182299	equal
8613	182300	equal
8613	182366	strict
8613	182368	strict
8613	182369	strict
8614	182301	equal
8614	182369	strict
8615	182302	equal
8615	182369	strict
8616	182604	equal
8616	182614	strict
8616	182621	strict
8616	182700	strict
8616	182705	strict
8616	182723	strict
8616	182724	strict
8616	182726	strict
8616	182727	strict
8617	182605	equal
8618	182614	equal
8618	182621	strict
8618	182705	strict
8618	182724	strict
8618	182726	strict
8618	182727	strict
8619	182615	equal
8619	182727	strict
8620	182654	equal
8621	182668	equal
8622	182669	equal
8623	182670	equal
8624	182671	equal
8625	182700	equal
8625	182705	strict
8625	182723	strict
8625	182724	strict
8625	182726	strict
8625	182727	strict
8626	182701	equal
8626	182727	strict
8627	182702	equal
8628	182704	equal
8628	182708	strict
8628	182725	strict
8628	182727	strict
8629	182705	equal
8629	182724	strict
8629	182726	strict
8629	182727	strict
8630	182706	equal
8630	182727	strict
8631	182707	equal
8631	182727	strict
8632	182768	equal
8632	182779	strict
8632	182798	strict
8632	182827	strict
8632	182832	strict
8632	182833	strict
8632	182835	strict
8632	182836	strict
8633	182769	equal
8633	182836	strict
8634	182770	equal
8635	182779	equal
8635	182798	strict
8635	182832	strict
8635	182833	strict
8635	182835	strict
8635	182836	strict
8636	182780	equal
8636	182836	strict
8637	182781	equal
8638	182793	equal
8638	182812	strict
8638	182834	strict
8638	182836	strict
8639	182798	equal
8639	182833	strict
8639	182835	strict
8639	182836	strict
8640	182799	equal
8640	182836	strict
8641	182800	equal
8641	182836	strict
8642	182854	equal
8642	182857	strict
8642	183400	strict
8642	183402	strict
8642	218754	strict
8642	218758	strict
8642	218759	strict
8642	218762	strict
8643	182855	equal
8643	218762	strict
8644	182870	equal
8645	182886	equal
8645	182941	strict
8645	183139	strict
8645	183251	strict
8645	183252	strict
8645	183253	strict
8645	183255	strict
8645	183256	strict
8646	182887	equal
8646	183256	strict
8647	182888	equal
8648	182918	equal
8648	182934	strict
8648	183120	strict
8648	183132	strict
8648	183186	strict
8648	183221	strict
8648	183222	strict
8648	183224	strict
8648	183225	strict
8649	182919	equal
8650	182930	equal
8651	182931	equal
8652	182934	equal
8652	183132	strict
8652	183221	strict
8652	183222	strict
8652	183224	strict
8652	183225	strict
8653	182935	equal
8653	183225	strict
8654	182936	equal
8655	182941	equal
8655	183139	strict
8655	183252	strict
8655	183253	strict
8655	183255	strict
8655	183256	strict
8656	182942	equal
8656	183256	strict
8657	182943	equal
8658	183029	equal
8659	183030	equal
8660	183041	equal
8660	218492	strict
8661	183086	equal
8661	183397	strict
8661	183399	strict
8661	206595	strict
8661	206597	strict
8661	218673	strict
8661	218677	strict
8661	218678	strict
8661	218681	strict
8662	183113	equal
8663	183114	equal
8663	183206	strict
8663	183223	strict
8663	183225	strict
8664	183115	equal
8664	183232	strict
8664	183254	strict
8664	183256	strict
8665	183120	equal
8665	183132	strict
8665	183186	strict
8665	183222	strict
8665	183224	strict
8665	183225	strict
8666	183121	equal
8666	183225	strict
8667	183128	equal
8668	183129	equal
8669	183132	equal
8669	183222	strict
8669	183224	strict
8669	183225	strict
8670	183133	equal
8670	183225	strict
8671	183134	equal
8671	183225	strict
8672	183139	equal
8672	183253	strict
8672	183255	strict
8672	183256	strict
8673	183140	equal
8673	183256	strict
8674	183141	equal
8674	183256	strict
8675	183274	equal
8675	183277	strict
8675	183390	strict
8675	183393	strict
8675	218502	strict
8675	218506	strict
8675	218507	strict
8675	218510	strict
8676	183275	equal
8676	218510	strict
8677	183294	equal
8678	183295	equal
8679	183304	equal
8679	218681	strict
8680	183336	equal
8680	183388	strict
8680	183392	strict
8680	215425	strict
8680	215427	strict
8680	218484	strict
8680	218488	strict
8680	218489	strict
8680	218492	strict
8681	183344	equal
8682	183388	equal
8682	183392	strict
8682	218484	strict
8682	218488	strict
8682	218489	strict
8682	218492	strict
8683	183389	equal
8683	218492	strict
8684	183390	equal
8684	183393	strict
8684	218502	strict
8684	218506	strict
8684	218507	strict
8684	218510	strict
8685	183391	equal
8685	218510	strict
8686	183397	equal
8686	183399	strict
8686	218673	strict
8686	218677	strict
8686	218678	strict
8686	218681	strict
8687	183398	equal
8687	218681	strict
8688	183400	equal
8688	183402	strict
8688	218754	strict
8688	218758	strict
8688	218759	strict
8688	218762	strict
8689	183401	equal
8689	218762	strict
8690	183466	equal
8690	188155	strict
8690	188172	strict
8690	188228	strict
8690	188230	strict
8690	188233	strict
8690	188235	strict
8690	188236	strict
8691	183467	equal
8691	188236	strict
8692	183468	equal
8693	183469	equal
8694	183478	equal
8694	188390	strict
8694	188432	strict
8694	188487	strict
8694	188489	strict
8694	188492	strict
8694	188494	strict
8694	188495	strict
8695	183479	equal
8695	188495	strict
8696	183480	equal
8697	183481	equal
8698	183490	equal
8698	188402	strict
8698	188696	strict
8698	188711	strict
8698	188712	strict
8698	188714	strict
8698	188718	strict
8698	188719	strict
8698	188720	strict
8699	183491	equal
8700	183492	equal
8701	183493	equal
8702	183502	equal
8702	189091	strict
8702	189101	strict
8702	189110	strict
8702	189112	strict
8702	189116	strict
8702	189117	strict
8702	189118	strict
8703	183503	equal
8703	189118	strict
8704	183504	equal
8705	183505	equal
8706	183514	equal
8706	189548	strict
8706	189648	strict
8706	189663	strict
8706	189664	strict
8706	189666	strict
8706	189670	strict
8706	189671	strict
8706	189672	strict
8707	183515	equal
8708	183516	equal
8709	183517	equal
8710	183526	equal
8710	189841	strict
8710	189851	strict
8710	189860	strict
8710	189862	strict
8710	189866	strict
8710	189867	strict
8710	189868	strict
8711	183527	equal
8711	189868	strict
8712	183528	equal
8713	183529	equal
8714	183954	equal
8715	183961	equal
8716	184012	equal
8717	184016	equal
8718	184032	equal
8718	184080	strict
8719	184033	equal
8719	184080	strict
8720	184072	equal
8720	184073	strict
8720	184076	strict
8720	184077	strict
8720	184079	strict
8720	184080	strict
8721	184076	equal
8721	184077	strict
8721	184079	strict
8721	184080	strict
8722	184158	equal
8723	184162	equal
8724	184170	equal
8725	184177	equal
8726	184194	equal
8726	184243	strict
8727	184195	equal
8727	184243	strict
8728	184235	equal
8728	184236	strict
8728	184238	strict
8728	184239	strict
8728	184241	strict
8728	184243	strict
8729	184238	equal
8729	184239	strict
8729	184241	strict
8729	184243	strict
8730	184348	equal
8730	184369	strict
8730	184453	strict
8730	184459	strict
8730	184486	strict
8730	184487	strict
8730	184488	strict
8730	184489	strict
8731	184349	equal
8731	184489	strict
8732	184389	equal
8732	184390	strict
8732	197995	strict
8732	197997	strict
8733	184391	equal
8733	184392	strict
8733	198042	strict
8733	198044	strict
8734	184393	equal
8734	184394	strict
8734	198194	strict
8734	198196	strict
8735	184411	equal
8736	184412	equal
8737	184413	equal
8738	184423	equal
8739	184424	equal
8740	184453	equal
8740	184459	strict
8740	184486	strict
8740	184487	strict
8740	184488	strict
8740	184489	strict
8741	184454	equal
8741	184489	strict
8742	184457	equal
8743	184466	equal
8743	184489	strict
8744	184486	equal
8744	184487	strict
8744	184488	strict
8744	184489	strict
8745	184517	equal
8745	184530	strict
8745	184538	strict
8745	184565	strict
8745	184566	strict
8745	184568	strict
8745	184569	strict
8745	184570	strict
8745	184571	strict
8746	184518	equal
8747	184525	equal
8748	184530	equal
8748	184538	strict
8748	184568	strict
8748	184569	strict
8748	184570	strict
8748	184571	strict
8749	184531	equal
8749	184571	strict
8750	184532	equal
8751	184545	equal
8751	184571	strict
8752	184546	equal
8752	184571	strict
8753	184565	equal
8753	184566	strict
8753	184568	strict
8753	184569	strict
8753	184570	strict
8753	184571	strict
8754	184568	equal
8754	184569	strict
8754	184570	strict
8754	184571	strict
8755	184574	equal
8755	184575	strict
8755	198842	strict
8755	198844	strict
8756	184576	equal
8756	184577	strict
8756	199104	strict
8756	199106	strict
8757	184578	equal
8757	184579	strict
8757	199211	strict
8757	199213	strict
8758	184588	equal
8759	184601	equal
8759	184656	strict
8759	184771	strict
8759	184880	strict
8759	184881	strict
8759	184882	strict
8759	184883	strict
8759	184884	strict
8759	184886	strict
8760	184602	equal
8761	184610	equal
8762	184634	equal
8762	184650	strict
8762	184752	strict
8762	184766	strict
8762	184850	strict
8762	184851	strict
8762	184852	strict
8762	184854	strict
8763	184635	equal
8763	184854	strict
8764	184646	equal
8765	184647	equal
8766	184650	equal
8766	184766	strict
8766	184850	strict
8766	184851	strict
8766	184852	strict
8766	184854	strict
8767	184651	equal
8767	184854	strict
8768	184656	equal
8768	184771	strict
8768	184882	strict
8768	184883	strict
8768	184884	strict
8768	184886	strict
8769	184657	equal
8769	184886	strict
8770	184674	equal
8771	184675	equal
8772	184819	equal
8773	184820	equal
8774	184830	equal
8774	184854	strict
8775	184850	equal
8775	184851	strict
8775	184852	strict
8775	184854	strict
8776	184859	equal
8776	184886	strict
8777	184860	equal
8777	184886	strict
8778	184880	equal
8778	184881	strict
8778	184882	strict
8778	184883	strict
8778	184884	strict
8778	184886	strict
8779	184882	equal
8779	184883	strict
8779	184884	strict
8779	184886	strict
8780	185041	equal
8780	185209	strict
8780	185215	strict
8780	203953	strict
8780	203955	strict
8780	210707	strict
8780	210711	strict
8780	210712	strict
8780	210715	strict
8781	185042	equal
8781	185063	strict
8781	185151	strict
8781	203956	strict
8781	203958	strict
8781	204874	strict
8781	204878	strict
8781	204879	strict
8781	204882	strict
8782	185059	equal
8782	204882	strict
8783	185060	equal
8784	185063	equal
8784	185151	strict
8784	204874	strict
8784	204878	strict
8784	204879	strict
8784	204882	strict
8785	185064	equal
8785	204882	strict
8786	185067	equal
8786	185154	strict
8786	205030	strict
8786	205034	strict
8786	205035	strict
8786	205038	strict
8787	185068	equal
8787	205038	strict
8788	185097	equal
8788	210715	strict
8789	185098	equal
8790	185101	equal
8791	185102	equal
8792	185209	equal
8792	185215	strict
8792	210707	strict
8792	210711	strict
8792	210712	strict
8792	210715	strict
8793	185210	equal
8793	210715	strict
8794	185235	equal
8794	185261	strict
8794	214413	strict
8794	214417	strict
8794	214418	strict
8794	214421	strict
8795	185236	equal
8795	214421	strict
8796	185249	equal
8797	185250	equal
8798	185349	equal
8798	205708	strict
8798	205750	strict
8798	205752	strict
8799	185350	equal
8799	205757	strict
8799	205776	strict
8799	205778	strict
8800	185352	equal
8800	205945	strict
8800	205977	strict
8800	205979	strict
8801	185355	equal
8802	185357	equal
8803	185360	equal
8804	185362	equal
8805	185363	equal
8806	185373	equal
8806	209298	strict
8806	209340	strict
8806	209342	strict
8807	185375	equal
8807	209482	strict
8807	209501	strict
8807	209503	strict
8808	185376	equal
8808	209508	strict
8808	209540	strict
8808	209542	strict
8809	185378	equal
8810	185455	equal
8811	185456	equal
8812	185467	equal
8813	185468	equal
8814	185471	equal
8815	185472	equal
8816	185475	equal
8817	185476	equal
8818	185491	equal
8819	185492	equal
8820	185495	equal
8821	185496	equal
8822	185521	equal
8823	185522	equal
8824	185529	equal
8825	185530	equal
8826	185553	equal
8827	185554	equal
8828	185878	equal
8828	186118	strict
8828	186124	strict
8828	199898	strict
8828	203835	strict
8828	208316	strict
8828	208410	strict
8828	208412	strict
8828	208414	strict
8829	185879	equal
8829	185900	strict
8829	185988	strict
8829	199900	strict
8829	200128	strict
8829	203836	strict
8829	204144	strict
8829	204146	strict
8829	204148	strict
8830	185896	equal
8830	204148	strict
8831	185897	equal
8832	185900	equal
8832	185988	strict
8832	200128	strict
8832	204144	strict
8832	204146	strict
8832	204148	strict
8833	185901	equal
8833	204148	strict
8834	185904	equal
8834	185991	strict
8834	200136	strict
8834	204176	strict
8834	204178	strict
8834	204180	strict
8835	185905	equal
8835	204180	strict
8836	185934	equal
8836	208414	strict
8837	185935	equal
8838	185938	equal
8839	185939	equal
8840	186118	equal
8840	186124	strict
8840	208316	strict
8840	208410	strict
8840	208412	strict
8840	208414	strict
8841	186119	equal
8841	208414	strict
8842	186144	equal
8842	186170	strict
8842	208732	strict
8842	208832	strict
8842	208834	strict
8842	208836	strict
8843	186145	equal
8843	208836	strict
8844	186158	equal
8845	186159	equal
8846	186460	equal
8846	186481	strict
8846	186593	strict
8846	197524	strict
8846	197743	strict
8846	205749	strict
8846	205751	strict
8846	205752	strict
8847	186461	equal
8847	205752	strict
8848	186474	equal
8849	186475	equal
8850	186481	equal
8850	186593	strict
8850	197743	strict
8850	205749	strict
8850	205751	strict
8850	205752	strict
8851	186482	equal
8851	205752	strict
8852	186487	equal
8852	186596	strict
8852	197749	strict
8852	205775	strict
8852	205777	strict
8852	205778	strict
8853	186488	equal
8853	205778	strict
8854	186515	equal
8854	186628	strict
8854	186632	strict
8854	198477	strict
8854	209266	strict
8854	209339	strict
8854	209341	strict
8854	209342	strict
8855	186516	equal
8855	209342	strict
8856	186550	equal
8857	186551	equal
8858	186552	equal
8859	186553	equal
8860	186562	equal
8861	186563	equal
8862	186564	equal
8863	186565	equal
8864	186576	equal
8865	186577	equal
8866	186593	equal
8866	205749	strict
8866	205751	strict
8866	205752	strict
8867	186594	equal
8867	205752	strict
8868	186595	equal
8868	205752	strict
8869	186596	equal
8869	205775	strict
8869	205777	strict
8869	205778	strict
8870	186597	equal
8870	205778	strict
8871	186598	equal
8871	205778	strict
8872	186604	equal
8872	205975	strict
8872	205978	strict
8872	205979	strict
8873	186605	equal
8873	205979	strict
8874	186606	equal
8874	205979	strict
8875	186609	equal
8876	186616	equal
8877	186619	equal
8878	186621	equal
8879	186622	equal
8880	186628	equal
8880	186632	strict
8880	209266	strict
8880	209339	strict
8880	209341	strict
8880	209342	strict
8881	186629	equal
8881	209342	strict
8882	186630	equal
8883	186631	equal
8884	186632	equal
8884	209339	strict
8884	209341	strict
8884	209342	strict
8885	186633	equal
8885	209342	strict
8886	186634	equal
8886	209342	strict
8887	186640	equal
8887	186652	strict
8887	209423	strict
8887	209500	strict
8887	209502	strict
8887	209503	strict
8888	186641	equal
8888	209503	strict
8889	186648	equal
8890	186649	equal
8891	186652	equal
8891	209500	strict
8891	209502	strict
8891	209503	strict
8892	186653	equal
8892	209503	strict
8893	186654	equal
8893	209503	strict
8894	186659	equal
8894	209538	strict
8894	209541	strict
8894	209542	strict
8895	186660	equal
8895	209542	strict
8896	186661	equal
8896	209542	strict
8897	186663	equal
8898	186942	equal
8899	186943	equal
8900	187064	equal
8901	187073	equal
8902	187088	equal
8903	187145	equal
8904	187146	equal
8905	187196	equal
8906	187204	equal
8907	187216	equal
8908	187248	equal
8909	187249	equal
8910	187250	equal
8911	187251	equal
8912	187257	equal
8913	187258	equal
8914	187260	equal
8915	187261	equal
8916	188121	equal
8916	188131	strict
8916	188431	strict
8916	188491	strict
8916	188493	strict
8916	188495	strict
8917	188122	equal
8917	188495	strict
8918	188123	equal
8918	188132	strict
8918	188171	strict
8918	188232	strict
8918	188234	strict
8918	188236	strict
8919	188124	equal
8919	188236	strict
8920	188155	equal
8920	188172	strict
8920	188230	strict
8920	188233	strict
8920	188235	strict
8920	188236	strict
8921	188156	equal
8921	188236	strict
8922	188157	equal
8923	188158	equal
8924	188171	equal
8924	188232	strict
8924	188234	strict
8924	188236	strict
8925	188172	equal
8925	188233	strict
8925	188235	strict
8925	188236	strict
8926	188173	equal
8926	188236	strict
8927	188174	equal
8927	188236	strict
8928	188245	equal
8928	188320	strict
8928	188602	strict
8928	188633	strict
8928	188635	strict
8928	188637	strict
8929	188246	equal
8929	188637	strict
8930	188247	equal
8930	188273	strict
8930	188321	strict
8930	188377	strict
8930	188379	strict
8930	188381	strict
8931	188248	equal
8931	188381	strict
8932	188269	equal
8932	188274	strict
8932	188375	strict
8932	188378	strict
8932	188380	strict
8932	188381	strict
8933	188270	equal
8933	188381	strict
8934	188271	equal
8935	188272	equal
8936	188273	equal
8936	188377	strict
8936	188379	strict
8936	188381	strict
8937	188274	equal
8937	188378	strict
8937	188380	strict
8937	188381	strict
8938	188275	equal
8938	188381	strict
8939	188276	equal
8939	188381	strict
8940	188296	equal
8940	188603	strict
8940	188631	strict
8940	188634	strict
8940	188636	strict
8940	188637	strict
8941	188297	equal
8941	188637	strict
8942	188298	equal
8943	188299	equal
8944	188300	equal
8944	188750	strict
8944	188751	strict
8944	188755	strict
8944	188756	strict
8944	188757	strict
8945	188301	equal
8945	188757	strict
8946	188302	equal
8947	188303	equal
8948	188390	equal
8948	188432	strict
8948	188489	strict
8948	188492	strict
8948	188494	strict
8948	188495	strict
8949	188391	equal
8949	188495	strict
8950	188392	equal
8951	188393	equal
8952	188402	equal
8952	188711	strict
8952	188714	strict
8952	188718	strict
8952	188719	strict
8952	188720	strict
8953	188403	equal
8953	188720	strict
8954	188404	equal
8955	188405	equal
8956	188431	equal
8956	188491	strict
8956	188493	strict
8956	188495	strict
8957	188432	equal
8957	188492	strict
8957	188494	strict
8957	188495	strict
8958	188433	equal
8958	188495	strict
8959	188434	equal
8959	188495	strict
8960	188602	equal
8960	188633	strict
8960	188635	strict
8960	188637	strict
8961	188603	equal
8961	188634	strict
8961	188636	strict
8961	188637	strict
8962	188604	equal
8962	188637	strict
8963	188605	equal
8963	188637	strict
8964	188695	equal
8964	188720	strict
8965	188696	equal
8965	188711	strict
8965	188712	strict
8965	188718	strict
8965	188719	strict
8965	188720	strict
8966	188697	equal
8967	188698	equal
8968	188708	equal
8968	188716	strict
8968	188717	strict
8968	188720	strict
8969	188709	equal
8969	188720	strict
8970	188710	equal
8970	188720	strict
8971	188711	equal
8971	188718	strict
8971	188719	strict
8971	188720	strict
8972	188741	equal
8972	188757	strict
8973	188742	equal
8973	188745	strict
8973	188750	strict
8973	188755	strict
8973	188756	strict
8973	188757	strict
8974	188743	equal
8975	188744	equal
8976	188747	equal
8976	188753	strict
8976	188754	strict
8976	188757	strict
8977	188748	equal
8977	188757	strict
8978	188749	equal
8978	188757	strict
8979	188750	equal
8979	188755	strict
8979	188756	strict
8979	188757	strict
8980	188960	equal
8980	188964	strict
8980	189848	strict
8980	189864	strict
8980	189865	strict
8980	189868	strict
8981	188961	equal
8981	189868	strict
8982	188962	equal
8982	188965	strict
8982	189098	strict
8982	189114	strict
8982	189115	strict
8982	189118	strict
8983	188963	equal
8983	189118	strict
8984	189090	equal
8984	189118	strict
8985	189091	equal
8985	189101	strict
8985	189112	strict
8985	189116	strict
8985	189117	strict
8985	189118	strict
8986	189092	equal
8987	189093	equal
8988	189098	equal
8988	189114	strict
8988	189115	strict
8988	189118	strict
8989	189099	equal
8989	189118	strict
8990	189100	equal
8990	189118	strict
8991	189101	equal
8991	189116	strict
8991	189117	strict
8991	189118	strict
8992	189222	equal
8992	189226	strict
8992	190131	strict
8992	190139	strict
8992	190140	strict
8992	190143	strict
8993	189223	equal
8993	190143	strict
8994	189224	equal
8994	189227	strict
8994	189310	strict
8994	189326	strict
8994	189327	strict
8994	189330	strict
8995	189225	equal
8995	189330	strict
8996	189306	equal
8996	189330	strict
8997	189307	equal
8997	189313	strict
8997	189324	strict
8997	189328	strict
8997	189329	strict
8997	189330	strict
8998	189308	equal
8999	189309	equal
9000	189310	equal
9000	189326	strict
9000	189327	strict
9000	189330	strict
9001	189311	equal
9001	189330	strict
9002	189312	equal
9002	189330	strict
9003	189313	equal
9003	189328	strict
9003	189329	strict
9003	189330	strict
9004	189485	equal
9004	189506	strict
9004	189554	strict
9004	189585	strict
9004	189587	strict
9004	189589	strict
9005	189486	equal
9005	189589	strict
9006	189487	equal
9006	189493	strict
9006	189507	strict
9006	189535	strict
9006	189537	strict
9006	189539	strict
9007	189488	equal
9007	189539	strict
9008	189489	equal
9008	189494	strict
9008	189533	strict
9008	189536	strict
9008	189538	strict
9008	189539	strict
9009	189490	equal
9009	189539	strict
9010	189491	equal
9011	189492	equal
9012	189493	equal
9012	189535	strict
9012	189537	strict
9012	189539	strict
9013	189494	equal
9013	189536	strict
9013	189538	strict
9013	189539	strict
9014	189495	equal
9014	189539	strict
9015	189496	equal
9015	189539	strict
9016	189497	equal
9016	189555	strict
9016	189583	strict
9016	189586	strict
9016	189588	strict
9016	189589	strict
9017	189498	equal
9017	189589	strict
9018	189499	equal
9019	189500	equal
9020	189501	equal
9020	189699	strict
9020	189704	strict
9020	189707	strict
9020	189708	strict
9020	189709	strict
9021	189502	equal
9021	189709	strict
9022	189503	equal
9023	189504	equal
9024	189548	equal
9024	189663	strict
9024	189664	strict
9024	189670	strict
9024	189671	strict
9024	189672	strict
9025	189549	equal
9025	189672	strict
9026	189550	equal
9027	189551	equal
9028	189554	equal
9028	189585	strict
9028	189587	strict
9028	189589	strict
9029	189555	equal
9029	189586	strict
9029	189588	strict
9029	189589	strict
9030	189556	equal
9030	189589	strict
9031	189557	equal
9031	189589	strict
9032	189647	equal
9032	189672	strict
9033	189648	equal
9033	189663	strict
9033	189666	strict
9033	189670	strict
9033	189671	strict
9033	189672	strict
9034	189649	equal
9035	189650	equal
9036	189660	equal
9036	189668	strict
9036	189669	strict
9036	189672	strict
9037	189661	equal
9037	189672	strict
9038	189662	equal
9038	189672	strict
9039	189663	equal
9039	189670	strict
9039	189671	strict
9039	189672	strict
9040	189693	equal
9040	189709	strict
9041	189694	equal
9041	189697	strict
9041	189704	strict
9041	189707	strict
9041	189708	strict
9041	189709	strict
9042	189695	equal
9043	189696	equal
9044	189701	equal
9044	189705	strict
9044	189706	strict
9044	189709	strict
9045	189702	equal
9045	189709	strict
9046	189703	equal
9046	189709	strict
9047	189704	equal
9047	189707	strict
9047	189708	strict
9047	189709	strict
9048	189840	equal
9048	189868	strict
9049	189841	equal
9049	189851	strict
9049	189862	strict
9049	189866	strict
9049	189867	strict
9049	189868	strict
9050	189842	equal
9051	189843	equal
9052	189848	equal
9052	189864	strict
9052	189865	strict
9052	189868	strict
9053	189849	equal
9053	189868	strict
9054	189850	equal
9054	189868	strict
9055	189851	equal
9055	189866	strict
9055	189867	strict
9055	189868	strict
9056	189943	equal
9056	189947	strict
9056	190185	strict
9056	190193	strict
9056	190194	strict
9056	190197	strict
9057	189944	equal
9057	190197	strict
9058	189945	equal
9058	189948	strict
9058	189979	strict
9058	189987	strict
9058	189988	strict
9058	189991	strict
9059	189946	equal
9059	189991	strict
9060	189975	equal
9060	189991	strict
9061	189976	equal
9061	189982	strict
9061	189985	strict
9061	189989	strict
9061	189990	strict
9061	189991	strict
9062	189977	equal
9063	189978	equal
9064	189979	equal
9064	189987	strict
9064	189988	strict
9064	189991	strict
9065	189980	equal
9065	189991	strict
9066	189981	equal
9066	189991	strict
9067	189982	equal
9067	189989	strict
9067	189990	strict
9067	189991	strict
9068	190025	equal
9068	190089	strict
9068	190096	strict
9068	190099	strict
9068	190100	strict
9068	190101	strict
9069	190026	equal
9069	190101	strict
9070	190027	equal
9071	190028	equal
9072	190029	equal
9072	190052	strict
9072	190057	strict
9072	190062	strict
9072	190063	strict
9072	190064	strict
9073	190030	equal
9073	190064	strict
9074	190031	equal
9075	190032	equal
9076	190039	equal
9076	190064	strict
9077	190040	equal
9077	190057	strict
9077	190058	strict
9077	190062	strict
9077	190063	strict
9077	190064	strict
9078	190041	equal
9079	190042	equal
9080	190054	equal
9080	190060	strict
9080	190061	strict
9080	190064	strict
9081	190055	equal
9081	190064	strict
9082	190056	equal
9082	190064	strict
9083	190057	equal
9083	190062	strict
9083	190063	strict
9083	190064	strict
9084	190085	equal
9084	190101	strict
9085	190086	equal
9085	190091	strict
9085	190096	strict
9085	190099	strict
9085	190100	strict
9085	190101	strict
9086	190087	equal
9087	190088	equal
9088	190093	equal
9088	190097	strict
9088	190098	strict
9088	190101	strict
9089	190094	equal
9089	190101	strict
9090	190095	equal
9090	190101	strict
9091	190096	equal
9091	190099	strict
9091	190100	strict
9091	190101	strict
9092	190115	equal
9092	190143	strict
9093	190116	equal
9093	190134	strict
9093	190137	strict
9093	190141	strict
9093	190142	strict
9093	190143	strict
9094	190117	equal
9095	190118	equal
9096	190131	equal
9096	190139	strict
9096	190140	strict
9096	190143	strict
9097	190132	equal
9097	190143	strict
9098	190133	equal
9098	190143	strict
9099	190134	equal
9099	190141	strict
9099	190142	strict
9099	190143	strict
9100	190181	equal
9100	190197	strict
9101	190182	equal
9101	190188	strict
9101	190191	strict
9101	190195	strict
9101	190196	strict
9101	190197	strict
9102	190183	equal
9103	190184	equal
9104	190185	equal
9104	190193	strict
9104	190194	strict
9104	190197	strict
9105	190186	equal
9105	190197	strict
9106	190187	equal
9106	190197	strict
9107	190188	equal
9107	190195	strict
9107	190196	strict
9107	190197	strict
9108	193332	equal
9108	195313	strict
9109	193333	equal
9109	193777	strict
9110	193334	equal
9111	193335	equal
9112	193336	equal
9112	193390	strict
9112	195249	strict
9112	195309	strict
9112	195311	strict
9112	195313	strict
9113	193337	equal
9113	195313	strict
9114	193338	equal
9114	193391	strict
9114	193600	strict
9114	193773	strict
9114	193775	strict
9114	193777	strict
9115	193339	equal
9115	193777	strict
9116	193562	equal
9116	193572	strict
9116	193596	strict
9116	193601	strict
9116	193738	strict
9116	193771	strict
9116	193774	strict
9116	193776	strict
9116	193777	strict
9117	193563	equal
9118	193566	equal
9119	193567	equal
9120	193572	equal
9120	193601	strict
9120	193771	strict
9120	193774	strict
9120	193776	strict
9120	193777	strict
9121	193573	equal
9121	193777	strict
9122	193574	equal
9123	193575	equal
9124	193596	equal
9124	193601	strict
9124	193738	strict
9124	193774	strict
9124	193776	strict
9124	193777	strict
9125	193597	equal
9125	193777	strict
9126	193598	equal
9127	193599	equal
9128	193600	equal
9128	193773	strict
9128	193775	strict
9128	193777	strict
9129	193601	equal
9129	193774	strict
9129	193776	strict
9129	193777	strict
9130	193602	equal
9130	193777	strict
9131	193603	equal
9131	193777	strict
9132	193610	equal
9132	193618	strict
9132	193629	strict
9132	193794	strict
9132	193797	strict
9132	193833	strict
9132	193835	strict
9132	193836	strict
9133	193611	equal
9133	193836	strict
9134	193614	equal
9135	193615	equal
9136	193618	equal
9136	193629	strict
9136	193797	strict
9136	193833	strict
9136	193835	strict
9136	193836	strict
9137	193619	equal
9137	193836	strict
9138	193622	equal
9139	193623	equal
9140	193628	equal
9140	193832	strict
9140	193834	strict
9140	193836	strict
9141	193629	equal
9141	193833	strict
9141	193835	strict
9141	193836	strict
9142	193630	equal
9142	193836	strict
9143	193631	equal
9143	193836	strict
9144	193891	equal
9144	193913	strict
9144	196262	strict
9144	196280	strict
9144	212145	strict
9144	212187	strict
9144	212189	strict
9144	212190	strict
9145	193892	equal
9145	212190	strict
9146	194055	equal
9146	194062	strict
9146	205680	strict
9146	205681	strict
9146	218541	strict
9146	218544	strict
9146	218545	strict
9146	218546	strict
9147	194056	equal
9147	218546	strict
9148	194120	equal
9148	195455	strict
9149	194121	equal
9149	194719	strict
9150	194122	equal
9151	194123	equal
9152	194124	equal
9152	194592	strict
9152	195420	strict
9152	195451	strict
9152	195453	strict
9152	195455	strict
9153	194125	equal
9153	195455	strict
9154	194126	equal
9154	194228	strict
9154	194593	strict
9154	194715	strict
9154	194717	strict
9154	194719	strict
9155	194127	equal
9155	194719	strict
9156	194164	equal
9156	194196	strict
9156	194237	strict
9156	194655	strict
9156	194666	strict
9156	194748	strict
9156	194750	strict
9156	194751	strict
9157	194165	equal
9157	194751	strict
9158	194174	equal
9159	194175	equal
9160	194188	equal
9160	194192	strict
9160	194220	strict
9160	194229	strict
9160	194664	strict
9160	194713	strict
9160	194716	strict
9160	194718	strict
9160	194719	strict
9161	194189	equal
9162	194192	equal
9162	194229	strict
9162	194664	strict
9162	194716	strict
9162	194718	strict
9162	194719	strict
9163	194193	equal
9163	194719	strict
9164	194196	equal
9164	194237	strict
9164	194666	strict
9164	194748	strict
9164	194750	strict
9164	194751	strict
9165	194197	equal
9165	194751	strict
9166	194202	equal
9167	194203	equal
9168	194206	equal
9169	194207	equal
9170	194210	equal
9171	194211	equal
9172	194220	equal
9172	194229	strict
9172	194713	strict
9172	194716	strict
9172	194718	strict
9172	194719	strict
9173	194221	equal
9173	194719	strict
9174	194222	equal
9175	194223	equal
9176	194228	equal
9176	194715	strict
9176	194717	strict
9176	194719	strict
9177	194229	equal
9177	194716	strict
9177	194718	strict
9177	194719	strict
9178	194230	equal
9178	194719	strict
9179	194231	equal
9179	194719	strict
9180	194236	equal
9180	194747	strict
9180	194749	strict
9180	194751	strict
9181	194237	equal
9181	194748	strict
9181	194750	strict
9181	194751	strict
9182	194238	equal
9182	194751	strict
9183	194239	equal
9183	194751	strict
9184	194354	equal
9184	194372	strict
9184	195356	strict
9184	195359	strict
9184	195421	strict
9184	195449	strict
9184	195452	strict
9184	195454	strict
9184	195455	strict
9185	194355	equal
9186	194358	equal
9186	194380	strict
9186	195363	strict
9186	195563	strict
9186	195564	strict
9186	195568	strict
9186	195569	strict
9186	195570	strict
9187	194359	equal
9187	195570	strict
9188	194362	equal
9189	194363	equal
9190	194366	equal
9191	194367	equal
9192	194372	equal
9192	195421	strict
9192	195449	strict
9192	195452	strict
9192	195454	strict
9192	195455	strict
9193	194373	equal
9193	195455	strict
9194	194374	equal
9195	194375	equal
9196	194380	equal
9196	195563	strict
9196	195564	strict
9196	195568	strict
9196	195569	strict
9196	195570	strict
9197	194381	equal
9197	195570	strict
9198	194382	equal
9199	194383	equal
9200	194514	equal
9201	194515	equal
9202	194804	equal
9202	194826	strict
9202	196101	strict
9202	196212	strict
9202	211614	strict
9202	211769	strict
9202	211771	strict
9202	211772	strict
9203	194805	equal
9203	211772	strict
9204	194970	equal
9204	194977	strict
9204	209256	strict
9204	209257	strict
9204	218631	strict
9204	218634	strict
9204	218635	strict
9204	218636	strict
9205	194971	equal
9205	218636	strict
9206	195029	equal
9206	195039	strict
9206	195245	strict
9206	195250	strict
9206	195274	strict
9206	195307	strict
9206	195310	strict
9206	195312	strict
9206	195313	strict
9207	195030	equal
9208	195033	equal
9209	195034	equal
9210	195039	equal
9210	195250	strict
9210	195307	strict
9210	195310	strict
9210	195312	strict
9210	195313	strict
9211	195040	equal
9211	195313	strict
9212	195041	equal
9213	195042	equal
9214	195049	equal
9214	195059	strict
9214	195467	strict
9214	195525	strict
9214	195532	strict
9214	195536	strict
9214	195537	strict
9214	195538	strict
9215	195050	equal
9215	195538	strict
9216	195053	equal
9217	195054	equal
9218	195059	equal
9218	195525	strict
9218	195532	strict
9218	195536	strict
9218	195537	strict
9218	195538	strict
9219	195060	equal
9219	195538	strict
9220	195061	equal
9221	195062	equal
9222	195151	equal
9223	195152	equal
9224	195245	equal
9224	195250	strict
9224	195274	strict
9224	195310	strict
9224	195312	strict
9224	195313	strict
9225	195246	equal
9225	195313	strict
9226	195247	equal
9227	195248	equal
9228	195249	equal
9228	195309	strict
9228	195311	strict
9228	195313	strict
9229	195250	equal
9229	195310	strict
9229	195312	strict
9229	195313	strict
9230	195251	equal
9230	195313	strict
9231	195252	equal
9231	195313	strict
9232	195356	equal
9232	195359	strict
9232	195421	strict
9232	195452	strict
9232	195454	strict
9232	195455	strict
9233	195357	equal
9233	195455	strict
9234	195371	equal
9235	195372	equal
9236	195420	equal
9236	195451	strict
9236	195453	strict
9236	195455	strict
9237	195421	equal
9237	195452	strict
9237	195454	strict
9237	195455	strict
9238	195422	equal
9238	195455	strict
9239	195423	equal
9239	195455	strict
9240	195522	equal
9240	195534	strict
9240	195535	strict
9240	195538	strict
9241	195523	equal
9241	195538	strict
9242	195524	equal
9242	195538	strict
9243	195525	equal
9243	195536	strict
9243	195537	strict
9243	195538	strict
9244	195560	equal
9244	195566	strict
9244	195567	strict
9244	195570	strict
9245	195561	equal
9245	195570	strict
9246	195562	equal
9246	195570	strict
9247	195563	equal
9247	195568	strict
9247	195569	strict
9247	195570	strict
9248	195690	equal
9248	195698	strict
9248	195709	strict
9248	195780	strict
9248	195784	strict
9248	195820	strict
9248	195822	strict
9248	195823	strict
9249	195691	equal
9249	195823	strict
9250	195694	equal
9251	195695	equal
9252	195698	equal
9252	195709	strict
9252	195784	strict
9252	195820	strict
9252	195822	strict
9252	195823	strict
9253	195699	equal
9253	195823	strict
9254	195702	equal
9255	195703	equal
9256	195708	equal
9256	195819	strict
9256	195821	strict
9256	195823	strict
9257	195709	equal
9257	195820	strict
9257	195822	strict
9257	195823	strict
9258	195710	equal
9258	195823	strict
9259	195711	equal
9259	195823	strict
9260	195874	equal
9260	195893	strict
9260	196243	strict
9260	196250	strict
9260	196743	strict
9260	196785	strict
9260	196787	strict
9260	196788	strict
9261	195875	equal
9261	196788	strict
9262	196038	equal
9262	196045	strict
9262	215037	strict
9262	215038	strict
9262	218793	strict
9262	218796	strict
9262	218797	strict
9262	218798	strict
9263	196039	equal
9263	218798	strict
9264	196081	equal
9264	212005	strict
9265	196082	equal
9265	211740	strict
9266	196093	equal
9266	196097	strict
9266	196210	strict
9266	211597	strict
9266	211606	strict
9266	211734	strict
9266	211737	strict
9266	211739	strict
9266	211740	strict
9267	196094	equal
9268	196097	equal
9268	196210	strict
9268	211606	strict
9268	211737	strict
9268	211739	strict
9268	211740	strict
9269	196098	equal
9269	211740	strict
9270	196101	equal
9270	196212	strict
9270	211614	strict
9270	211769	strict
9270	211771	strict
9270	211772	strict
9271	196102	equal
9271	211772	strict
9272	196139	equal
9272	196226	strict
9272	196230	strict
9272	211645	strict
9272	211971	strict
9272	211999	strict
9272	212002	strict
9272	212004	strict
9272	212005	strict
9273	196140	equal
9274	196143	equal
9274	196232	strict
9274	211653	strict
9274	212110	strict
9274	212115	strict
9274	212118	strict
9274	212119	strict
9274	212120	strict
9275	196144	equal
9275	212120	strict
9276	196169	equal
9277	196170	equal
9278	196226	equal
9278	196230	strict
9278	211971	strict
9278	212002	strict
9278	212004	strict
9278	212005	strict
9279	196227	equal
9279	212005	strict
9280	196243	equal
9280	196250	strict
9280	196743	strict
9280	196785	strict
9280	196787	strict
9280	196788	strict
9281	196244	equal
9281	196788	strict
9282	196262	equal
9282	196280	strict
9282	212145	strict
9282	212187	strict
9282	212189	strict
9282	212190	strict
9283	196263	equal
9283	212190	strict
9284	196337	equal
9285	196338	equal
9286	196493	equal
9286	197326	strict
9286	197330	strict
9286	216308	strict
9286	216309	strict
9286	218820	strict
9286	218823	strict
9286	218824	strict
9286	218825	strict
9287	196504	equal
9287	218870	strict
9288	196517	equal
9288	196664	strict
9288	196668	strict
9288	196678	strict
9288	196680	strict
9288	196689	strict
9288	196690	strict
9288	196691	strict
9289	196518	equal
9289	196691	strict
9290	196519	equal
9291	196520	equal
9292	196583	equal
9293	196663	equal
9293	196691	strict
9294	196664	equal
9294	196678	strict
9294	196680	strict
9294	196689	strict
9294	196690	strict
9294	196691	strict
9295	196665	equal
9296	196666	equal
9297	196675	equal
9297	196687	strict
9297	196688	strict
9297	196691	strict
9298	196676	equal
9298	196691	strict
9299	196677	equal
9299	196691	strict
9300	196678	equal
9300	196689	strict
9300	196690	strict
9300	196691	strict
9301	196742	equal
9301	196784	strict
9301	196786	strict
9301	196788	strict
9302	196743	equal
9302	196785	strict
9302	196787	strict
9302	196788	strict
9303	196744	equal
9303	196788	strict
9304	196745	equal
9304	196788	strict
9305	196863	equal
9305	196870	strict
9305	217564	strict
9305	217565	strict
9305	218856	strict
9305	218859	strict
9305	218860	strict
9305	218861	strict
9306	196864	equal
9306	218861	strict
9307	196904	equal
9307	196923	strict
9307	216785	strict
9307	216873	strict
9307	216887	strict
9307	216890	strict
9307	216891	strict
9307	216892	strict
9308	196905	equal
9308	216892	strict
9309	197033	equal
9309	197335	strict
9309	197337	strict
9309	217990	strict
9309	217991	strict
9309	218865	strict
9309	218868	strict
9309	218869	strict
9309	218870	strict
9310	197043	equal
9310	218825	strict
9311	197052	equal
9311	197111	strict
9311	197123	strict
9311	197127	strict
9311	197137	strict
9311	197144	strict
9311	197145	strict
9311	197146	strict
9312	197053	equal
9312	197146	strict
9313	197054	equal
9314	197055	equal
9315	197098	equal
9316	197122	equal
9316	197146	strict
9317	197123	equal
9317	197127	strict
9317	197137	strict
9317	197144	strict
9317	197145	strict
9317	197146	strict
9318	197124	equal
9319	197125	equal
9320	197134	equal
9320	197142	strict
9320	197143	strict
9320	197146	strict
9321	197135	equal
9321	197146	strict
9322	197136	equal
9322	197146	strict
9323	197137	equal
9323	197144	strict
9323	197145	strict
9323	197146	strict
9324	197326	equal
9324	197330	strict
9324	218820	strict
9324	218823	strict
9324	218824	strict
9324	218825	strict
9325	197327	equal
9325	218825	strict
9326	197328	equal
9326	197331	strict
9326	218829	strict
9326	218832	strict
9326	218833	strict
9326	218834	strict
9327	197329	equal
9327	218834	strict
9328	197335	equal
9328	197337	strict
9328	218865	strict
9328	218868	strict
9328	218869	strict
9328	218870	strict
9329	197336	equal
9329	218870	strict
9330	197338	equal
9330	197340	strict
9330	218901	strict
9330	218904	strict
9330	218905	strict
9330	218906	strict
9331	197339	equal
9331	218906	strict
9332	197395	equal
9333	197396	equal
9334	197421	equal
9335	197422	equal
9336	197423	equal
9337	197424	equal
9338	197452	equal
9339	197453	equal
9340	197499	equal
9340	197520	strict
9340	197573	strict
9340	197576	strict
9340	197976	strict
9340	197994	strict
9340	197996	strict
9340	197997	strict
9341	197500	equal
9341	197997	strict
9342	197548	equal
9343	197549	equal
9344	197573	equal
9344	197576	strict
9344	197976	strict
9344	197994	strict
9344	197996	strict
9344	197997	strict
9345	197574	equal
9345	197997	strict
9346	197602	equal
9346	197612	strict
9346	197619	strict
9346	198020	strict
9346	198023	strict
9346	198038	strict
9346	198041	strict
9346	198043	strict
9346	198044	strict
9347	197603	equal
9348	197612	equal
9348	197619	strict
9348	198023	strict
9348	198041	strict
9348	198043	strict
9348	198044	strict
9349	197613	equal
9349	198044	strict
9350	197638	equal
9350	197689	strict
9350	197787	strict
9350	198498	strict
9350	198508	strict
9350	198555	strict
9350	198556	strict
9350	198558	strict
9350	198559	strict
9351	197639	equal
9352	197667	equal
9352	197683	strict
9352	197768	strict
9352	197782	strict
9352	198505	strict
9352	198531	strict
9352	198533	strict
9352	198534	strict
9353	197668	equal
9353	198534	strict
9354	197679	equal
9355	197680	equal
9356	197683	equal
9356	197782	strict
9356	198505	strict
9356	198531	strict
9356	198533	strict
9356	198534	strict
9357	197684	equal
9357	198534	strict
9358	197689	equal
9358	197787	strict
9358	198508	strict
9358	198556	strict
9358	198558	strict
9358	198559	strict
9359	197690	equal
9359	198559	strict
9360	197892	equal
9361	197918	equal
9362	197919	equal
9363	197924	equal
9364	197925	equal
9365	197926	equal
9366	197927	equal
9367	197949	equal
9368	197976	equal
9368	197994	strict
9368	197996	strict
9368	197997	strict
9369	197977	equal
9369	197997	strict
9370	197978	equal
9370	197997	strict
9371	198020	equal
9371	198023	strict
9371	198038	strict
9371	198041	strict
9371	198043	strict
9371	198044	strict
9372	198021	equal
9372	198044	strict
9373	198022	equal
9374	198023	equal
9374	198041	strict
9374	198043	strict
9374	198044	strict
9375	198024	equal
9375	198044	strict
9376	198025	equal
9376	198044	strict
9377	198060	equal
9377	198083	strict
9377	198874	strict
9377	198878	strict
9377	198900	strict
9377	198919	strict
9377	198921	strict
9377	198922	strict
9378	198061	equal
9378	198922	strict
9379	198095	equal
9380	198131	equal
9380	198142	strict
9380	198149	strict
9380	198188	strict
9380	198190	strict
9380	198193	strict
9380	198195	strict
9380	198196	strict
9381	198132	equal
9381	198196	strict
9382	198133	equal
9383	198142	equal
9383	198149	strict
9383	198190	strict
9383	198193	strict
9383	198195	strict
9383	198196	strict
9384	198143	equal
9384	198196	strict
9385	198144	equal
9386	198149	equal
9386	198193	strict
9386	198195	strict
9386	198196	strict
9387	198150	equal
9387	198196	strict
9388	198151	equal
9388	198196	strict
9389	198215	equal
9389	198218	strict
9389	213290	strict
9389	213292	strict
9389	218511	strict
9389	218515	strict
9389	218517	strict
9389	218519	strict
9390	198216	equal
9390	218519	strict
9391	198273	equal
9392	198274	equal
9393	198285	equal
9394	198293	equal
9395	198294	equal
9396	198319	equal
9397	198320	equal
9398	198321	equal
9399	198322	equal
9400	198347	equal
9401	198348	equal
9402	198351	equal
9403	198352	equal
9404	198353	equal
9405	198354	equal
9406	198385	equal
9407	198386	equal
9408	198418	equal
9409	198419	equal
9410	198452	equal
9410	198473	strict
9410	198786	strict
9410	198789	strict
9410	198823	strict
9410	198841	strict
9410	198843	strict
9410	198844	strict
9411	198453	equal
9411	198844	strict
9412	198488	equal
9413	198498	equal
9413	198508	strict
9413	198555	strict
9413	198556	strict
9413	198558	strict
9413	198559	strict
9414	198499	equal
9414	198559	strict
9415	198500	equal
9416	198505	equal
9416	198531	strict
9416	198533	strict
9416	198534	strict
9417	198506	equal
9417	198534	strict
9418	198507	equal
9418	198534	strict
9419	198508	equal
9419	198556	strict
9419	198558	strict
9419	198559	strict
9420	198509	equal
9420	198559	strict
9421	198510	equal
9421	198559	strict
9422	198621	equal
9422	198633	strict
9422	198640	strict
9422	198680	strict
9422	198684	strict
9422	198685	strict
9422	198687	strict
9422	198688	strict
9423	198622	equal
9423	198688	strict
9424	198623	equal
9425	198628	equal
9426	198633	equal
9426	198640	strict
9426	198684	strict
9426	198685	strict
9426	198687	strict
9426	198688	strict
9427	198634	equal
9427	198688	strict
9428	198635	equal
9429	198640	equal
9429	198685	strict
9429	198687	strict
9429	198688	strict
9430	198641	equal
9430	198688	strict
9431	198642	equal
9431	198688	strict
9432	198707	equal
9432	198710	strict
9432	217162	strict
9432	217164	strict
9432	218601	strict
9432	218605	strict
9432	218607	strict
9432	218609	strict
9433	198708	equal
9433	218609	strict
9434	198728	equal
9435	198730	equal
9436	198740	equal
9437	198741	equal
9438	198786	equal
9438	198789	strict
9438	198823	strict
9438	198841	strict
9438	198843	strict
9438	198844	strict
9439	198787	equal
9439	198844	strict
9440	198797	equal
9441	198798	equal
9442	198823	equal
9442	198841	strict
9442	198843	strict
9442	198844	strict
9443	198824	equal
9443	198844	strict
9444	198825	equal
9444	198844	strict
9445	198874	equal
9445	198878	strict
9445	198900	strict
9445	198919	strict
9445	198921	strict
9445	198922	strict
9446	198875	equal
9446	198922	strict
9447	198876	equal
9448	198877	equal
9449	198878	equal
9449	198919	strict
9449	198921	strict
9449	198922	strict
9450	198879	equal
9450	198922	strict
9451	198880	equal
9451	198922	strict
9452	198986	equal
9452	198996	strict
9452	199003	strict
9452	199082	strict
9452	199085	strict
9452	199100	strict
9452	199103	strict
9452	199105	strict
9452	199106	strict
9453	198987	equal
9454	198996	equal
9454	199003	strict
9454	199085	strict
9454	199103	strict
9454	199105	strict
9454	199106	strict
9455	198997	equal
9455	199106	strict
9456	199036	equal
9457	199050	equal
9458	199051	equal
9459	199052	equal
9460	199053	equal
9461	199082	equal
9461	199085	strict
9461	199100	strict
9461	199103	strict
9461	199105	strict
9461	199106	strict
9462	199083	equal
9462	199106	strict
9463	199084	equal
9464	199085	equal
9464	199103	strict
9464	199105	strict
9464	199106	strict
9465	199086	equal
9465	199106	strict
9466	199087	equal
9466	199106	strict
9467	199148	equal
9467	199159	strict
9467	199166	strict
9467	199205	strict
9467	199207	strict
9467	199210	strict
9467	199212	strict
9467	199213	strict
9468	199149	equal
9468	199213	strict
9469	199150	equal
9470	199159	equal
9470	199166	strict
9470	199207	strict
9470	199210	strict
9470	199212	strict
9470	199213	strict
9471	199160	equal
9471	199213	strict
9472	199161	equal
9473	199166	equal
9473	199210	strict
9473	199212	strict
9473	199213	strict
9474	199167	equal
9474	199213	strict
9475	199168	equal
9475	199213	strict
9476	199232	equal
9476	199235	strict
9476	199774	strict
9476	199776	strict
9476	218763	strict
9476	218767	strict
9476	218769	strict
9476	218771	strict
9477	199233	equal
9477	218771	strict
9478	199248	equal
9479	199264	equal
9479	199319	strict
9479	199359	strict
9479	199622	strict
9479	199623	strict
9479	199626	strict
9479	199628	strict
9479	199629	strict
9480	199265	equal
9480	199629	strict
9481	199266	equal
9482	199296	equal
9482	199312	strict
9482	199340	strict
9482	199352	strict
9482	199562	strict
9482	199593	strict
9482	199596	strict
9482	199598	strict
9482	199599	strict
9483	199297	equal
9484	199308	equal
9485	199309	equal
9486	199312	equal
9486	199352	strict
9486	199593	strict
9486	199596	strict
9486	199598	strict
9486	199599	strict
9487	199313	equal
9487	199599	strict
9488	199314	equal
9489	199319	equal
9489	199359	strict
9489	199623	strict
9489	199626	strict
9489	199628	strict
9489	199629	strict
9490	199320	equal
9490	199629	strict
9491	199321	equal
9492	199340	equal
9492	199352	strict
9492	199562	strict
9492	199596	strict
9492	199598	strict
9492	199599	strict
9493	199341	equal
9493	199599	strict
9494	199348	equal
9495	199349	equal
9496	199352	equal
9496	199596	strict
9496	199598	strict
9496	199599	strict
9497	199353	equal
9497	199599	strict
9498	199354	equal
9498	199599	strict
9499	199359	equal
9499	199626	strict
9499	199628	strict
9499	199629	strict
9500	199360	equal
9500	199629	strict
9501	199361	equal
9501	199629	strict
9502	199433	equal
9503	199434	equal
9504	199445	equal
9504	218721	strict
9505	199490	equal
9505	199771	strict
9505	199773	strict
9505	216375	strict
9505	216377	strict
9505	218745	strict
9505	218749	strict
9505	218751	strict
9505	218753	strict
9506	199517	equal
9507	199648	equal
9507	199651	strict
9507	199764	strict
9507	199767	strict
9507	218713	strict
9507	218722	strict
9507	218724	strict
9507	218726	strict
9508	199649	equal
9508	218726	strict
9509	199668	equal
9510	199669	equal
9511	199678	equal
9511	218753	strict
9512	199710	equal
9512	199762	strict
9512	199766	strict
9512	218047	strict
9512	218049	strict
9512	218709	strict
9512	218717	strict
9512	218719	strict
9512	218721	strict
9513	199718	equal
9514	199762	equal
9514	199766	strict
9514	218709	strict
9514	218717	strict
9514	218719	strict
9514	218721	strict
9515	199763	equal
9515	218721	strict
9516	199764	equal
9516	199767	strict
9516	218713	strict
9516	218722	strict
9516	218724	strict
9516	218726	strict
9517	199765	equal
9517	218726	strict
9518	199771	equal
9518	199773	strict
9518	218745	strict
9518	218749	strict
9518	218751	strict
9518	218753	strict
9519	199772	equal
9519	218753	strict
9520	199774	equal
9520	199776	strict
9520	218763	strict
9520	218767	strict
9520	218769	strict
9520	218771	strict
9521	199775	equal
9521	218771	strict
9522	199828	equal
9522	203785	strict
9522	210427	strict
9522	210512	strict
9522	210575	strict
9522	210620	strict
9522	210622	strict
9522	210624	strict
9523	199829	equal
9523	210624	strict
9524	199830	equal
9524	203786	strict
9524	210429	strict
9524	210435	strict
9524	210513	strict
9524	210541	strict
9524	210543	strict
9524	210545	strict
9525	199831	equal
9525	210545	strict
9526	199832	equal
9526	199894	strict
9526	203787	strict
9526	203832	strict
9526	208312	strict
9526	208378	strict
9526	208380	strict
9526	208382	strict
9527	199833	equal
9527	208382	strict
9528	199834	equal
9528	200020	strict
9528	203788	strict
9528	204042	strict
9528	204742	strict
9528	204787	strict
9528	204789	strict
9528	204791	strict
9529	199835	equal
9529	204791	strict
9530	199836	equal
9530	200022	strict
9530	200144	strict
9530	203789	strict
9530	204043	strict
9530	204211	strict
9530	204213	strict
9530	204215	strict
9531	199837	equal
9531	204215	strict
9532	199838	equal
9532	199896	strict
9532	200124	strict
9532	203790	strict
9532	203833	strict
9532	204112	strict
9532	204114	strict
9532	204116	strict
9533	199839	equal
9533	204116	strict
9534	199894	equal
9534	203832	strict
9534	208312	strict
9534	208378	strict
9534	208380	strict
9534	208382	strict
9535	199895	equal
9535	208382	strict
9536	199896	equal
9536	200124	strict
9536	203833	strict
9536	204112	strict
9536	204114	strict
9536	204116	strict
9537	199897	equal
9537	204116	strict
9538	199898	equal
9538	203835	strict
9538	208316	strict
9538	208410	strict
9538	208412	strict
9538	208414	strict
9539	199899	equal
9539	208414	strict
9540	199900	equal
9540	200128	strict
9540	203836	strict
9540	204144	strict
9540	204146	strict
9540	204148	strict
9541	199901	equal
9541	204148	strict
9542	199968	equal
9543	199969	equal
9544	199970	equal
9545	199971	equal
9546	199972	equal
9546	210715	strict
9547	199973	equal
9548	199974	equal
9548	204882	strict
9549	199975	equal
9550	200020	equal
9550	204042	strict
9550	204742	strict
9550	204787	strict
9550	204789	strict
9550	204791	strict
9551	200021	equal
9551	204791	strict
9552	200022	equal
9552	200144	strict
9552	204043	strict
9552	204211	strict
9552	204213	strict
9552	204215	strict
9553	200023	equal
9553	204215	strict
9554	200024	equal
9554	204045	strict
9554	204898	strict
9554	204943	strict
9554	204945	strict
9554	204947	strict
9555	200025	equal
9555	204947	strict
9556	200026	equal
9556	200164	strict
9556	204046	strict
9556	204246	strict
9556	204248	strict
9556	204250	strict
9557	200027	equal
9557	204250	strict
9558	200056	equal
9559	200057	equal
9560	200058	equal
9561	200059	equal
9562	200076	equal
9562	200084	strict
9562	200125	strict
9562	204103	strict
9562	204105	strict
9562	204113	strict
9562	204115	strict
9562	204116	strict
9563	200077	equal
9563	204116	strict
9564	200078	equal
9565	200079	equal
9566	200084	equal
9566	200125	strict
9566	204105	strict
9566	204113	strict
9566	204115	strict
9566	204116	strict
9567	200085	equal
9567	204116	strict
9568	200086	equal
9569	200087	equal
9570	200092	equal
9570	200129	strict
9570	204137	strict
9570	204145	strict
9570	204147	strict
9570	204148	strict
9571	200093	equal
9571	204148	strict
9572	200094	equal
9573	200095	equal
9574	200112	equal
9574	200140	strict
9574	200145	strict
9574	204202	strict
9574	204205	strict
9574	204212	strict
9574	204214	strict
9574	204215	strict
9575	200113	equal
9575	204215	strict
9576	200114	equal
9577	200115	equal
9578	200124	equal
9578	204112	strict
9578	204114	strict
9578	204116	strict
9579	200125	equal
9579	204113	strict
9579	204115	strict
9579	204116	strict
9580	200126	equal
9580	204116	strict
9581	200127	equal
9581	204116	strict
9582	200128	equal
9582	204144	strict
9582	204146	strict
9582	204148	strict
9583	200129	equal
9583	204145	strict
9583	204147	strict
9583	204148	strict
9584	200130	equal
9584	204148	strict
9585	200131	equal
9585	204148	strict
9586	200136	equal
9586	204176	strict
9586	204178	strict
9586	204180	strict
9587	200137	equal
9587	204177	strict
9587	204179	strict
9587	204180	strict
9588	200138	equal
9588	204180	strict
9589	200139	equal
9589	204180	strict
9590	200140	equal
9590	200145	strict
9590	204205	strict
9590	204212	strict
9590	204214	strict
9590	204215	strict
9591	200141	equal
9591	204215	strict
9592	200142	equal
9593	200143	equal
9594	200144	equal
9594	204211	strict
9594	204213	strict
9594	204215	strict
9595	200145	equal
9595	204212	strict
9595	204214	strict
9595	204215	strict
9596	200146	equal
9596	204215	strict
9597	200147	equal
9597	204215	strict
9598	200156	equal
9598	200165	strict
9598	204240	strict
9598	204247	strict
9598	204249	strict
9598	204250	strict
9599	200157	equal
9599	204250	strict
9600	200158	equal
9601	200159	equal
9602	200164	equal
9602	204246	strict
9602	204248	strict
9602	204250	strict
9603	200165	equal
9603	204247	strict
9603	204249	strict
9603	204250	strict
9604	200166	equal
9604	204250	strict
9605	200167	equal
9605	204250	strict
9606	200172	equal
9606	204278	strict
9606	204280	strict
9606	204282	strict
9607	200173	equal
9607	204279	strict
9607	204281	strict
9607	204282	strict
9608	200174	equal
9608	204282	strict
9609	200175	equal
9609	204282	strict
9610	200280	equal
9610	200300	strict
9610	204743	strict
9610	204779	strict
9610	204785	strict
9610	204788	strict
9610	204790	strict
9610	204791	strict
9611	200281	equal
9611	204791	strict
9612	200282	equal
9613	200283	equal
9614	200288	equal
9614	200304	strict
9614	204865	strict
9614	204866	strict
9614	204872	strict
9614	204877	strict
9614	204880	strict
9614	204881	strict
9614	204882	strict
9615	200289	equal
9616	200290	equal
9617	200291	equal
9618	200300	equal
9618	204743	strict
9618	204785	strict
9618	204788	strict
9618	204790	strict
9618	204791	strict
9619	200301	equal
9619	204791	strict
9620	200302	equal
9621	200303	equal
9622	200304	equal
9622	204872	strict
9622	204877	strict
9622	204880	strict
9622	204881	strict
9622	204882	strict
9623	200305	equal
9623	204882	strict
9624	200306	equal
9625	200307	equal
9626	200312	equal
9626	204899	strict
9626	204941	strict
9626	204944	strict
9626	204946	strict
9626	204947	strict
9627	200313	equal
9627	204947	strict
9628	200314	equal
9629	200315	equal
9630	200320	equal
9630	205028	strict
9630	205033	strict
9630	205036	strict
9630	205037	strict
9630	205038	strict
9631	200321	equal
9631	205038	strict
9632	200322	equal
9633	200323	equal
9634	200620	equal
9635	200621	equal
9636	200622	equal
9637	200623	equal
9638	200624	equal
9638	210971	strict
9639	200625	equal
9640	200626	equal
9640	208545	strict
9641	200627	equal
9642	200676	equal
9642	200684	strict
9642	208313	strict
9642	208373	strict
9642	208376	strict
9642	208379	strict
9642	208381	strict
9642	208382	strict
9643	200677	equal
9643	208382	strict
9644	200678	equal
9645	200679	equal
9646	200684	equal
9646	208313	strict
9646	208376	strict
9646	208379	strict
9646	208381	strict
9646	208382	strict
9647	200685	equal
9647	208382	strict
9648	200686	equal
9649	200687	equal
9650	200692	equal
9650	208317	strict
9650	208408	strict
9650	208411	strict
9650	208413	strict
9650	208414	strict
9651	200693	equal
9651	208414	strict
9652	200694	equal
9653	200695	equal
9654	200704	equal
9654	200712	strict
9654	208528	strict
9654	208529	strict
9654	208534	strict
9654	208540	strict
9654	208543	strict
9654	208544	strict
9654	208545	strict
9655	200705	equal
9656	200706	equal
9657	200707	equal
9658	200712	equal
9658	208534	strict
9658	208540	strict
9658	208543	strict
9658	208544	strict
9658	208545	strict
9659	200713	equal
9659	208545	strict
9660	200714	equal
9661	200715	equal
9662	200720	equal
9662	208603	strict
9662	208609	strict
9662	208612	strict
9662	208613	strict
9662	208614	strict
9663	200721	equal
9663	208614	strict
9664	200722	equal
9665	200723	equal
9666	200866	equal
9666	210431	strict
9666	210436	strict
9666	210537	strict
9666	210539	strict
9666	210542	strict
9666	210544	strict
9666	210545	strict
9667	200867	equal
9667	210545	strict
9668	200868	equal
9669	200869	equal
9670	200874	equal
9670	210439	strict
9670	210576	strict
9670	210616	strict
9670	210618	strict
9670	210621	strict
9670	210623	strict
9670	210624	strict
9671	200875	equal
9671	210624	strict
9672	200876	equal
9673	200877	equal
9674	200882	equal
9674	210443	strict
9674	210700	strict
9674	210701	strict
9674	210705	strict
9674	210710	strict
9674	210713	strict
9674	210714	strict
9674	210715	strict
9675	200883	equal
9676	200884	equal
9677	200885	equal
9678	200890	equal
9678	210791	strict
9678	210795	strict
9678	210796	strict
9678	210803	strict
9678	210806	strict
9678	210807	strict
9678	210808	strict
9679	200891	equal
9679	210808	strict
9680	200892	equal
9681	200893	equal
9682	200898	equal
9682	210886	strict
9682	210955	strict
9682	210958	strict
9682	210959	strict
9682	210966	strict
9682	210969	strict
9682	210970	strict
9682	210971	strict
9683	200899	equal
9684	200900	equal
9685	200901	equal
9686	200906	equal
9686	210997	strict
9686	211001	strict
9686	211002	strict
9686	211009	strict
9686	211012	strict
9686	211013	strict
9686	211014	strict
9687	200907	equal
9687	211014	strict
9688	200908	equal
9689	200909	equal
9690	201142	equal
9690	201156	strict
9690	206120	strict
9690	206128	strict
9690	206144	strict
9690	206191	strict
9691	201143	equal
9691	201159	strict
9691	201511	strict
9691	201519	strict
9691	209788	strict
9691	209835	strict
9692	201155	equal
9692	206191	strict
9693	201158	equal
9693	209835	strict
9694	201160	equal
9694	201163	strict
9694	206193	strict
9694	206195	strict
9694	206201	strict
9694	206226	strict
9695	201161	equal
9695	201165	strict
9695	201523	strict
9695	201525	strict
9695	209909	strict
9695	209934	strict
9696	201162	equal
9696	206226	strict
9697	201164	equal
9697	209934	strict
9698	201235	equal
9699	201242	equal
9700	201244	equal
9701	201245	equal
9702	201286	equal
9702	201300	strict
9702	206940	strict
9702	206943	strict
9702	206980	strict
9702	206998	strict
9703	201287	equal
9703	201303	strict
9703	201457	strict
9703	201465	strict
9703	207476	strict
9703	207545	strict
9704	201299	equal
9704	206998	strict
9705	201302	equal
9705	207545	strict
9706	201304	equal
9706	201307	strict
9706	207001	strict
9706	207006	strict
9706	207017	strict
9706	207033	strict
9707	201305	equal
9707	201309	strict
9707	201467	strict
9707	201471	strict
9707	207562	strict
9707	207642	strict
9708	201306	equal
9708	207033	strict
9709	201308	equal
9709	207642	strict
9710	201325	equal
9711	201332	equal
9712	201334	equal
9713	201335	equal
9714	201381	equal
9714	201407	strict
9714	201412	strict
9714	207149	strict
9714	207242	strict
9714	207258	strict
9715	201382	equal
9715	201392	strict
9715	201432	strict
9715	207150	strict
9715	207170	strict
9715	207325	strict
9716	201387	equal
9717	201391	equal
9717	201427	strict
9717	207168	strict
9717	207308	strict
9718	201392	equal
9718	201432	strict
9718	207170	strict
9718	207325	strict
9719	201396	equal
9719	201406	strict
9719	207210	strict
9719	207239	strict
9720	201405	equal
9720	207239	strict
9721	201407	equal
9721	201412	strict
9721	207242	strict
9721	207258	strict
9722	201410	equal
9722	207258	strict
9723	201411	equal
9723	207258	strict
9724	201422	equal
9725	201426	equal
9725	207308	strict
9726	201430	equal
9726	207325	strict
9727	201431	equal
9727	207325	strict
9728	201433	equal
9728	201437	strict
9728	201440	strict
9728	207337	strict
9728	207366	strict
9728	207384	strict
9729	201434	equal
9729	201436	strict
9729	201444	strict
9729	207338	strict
9729	207346	strict
9729	207409	strict
9730	201435	equal
9731	201436	equal
9731	201444	strict
9731	207346	strict
9731	207409	strict
9732	201437	equal
9732	201440	strict
9732	207366	strict
9732	207384	strict
9733	201438	equal
9733	207384	strict
9734	201439	equal
9734	207384	strict
9735	201441	equal
9736	201442	equal
9736	207409	strict
9737	201443	equal
9737	207409	strict
9738	201457	equal
9738	201465	strict
9738	207476	strict
9738	207545	strict
9739	201464	equal
9739	207545	strict
9740	201466	equal
9740	201469	strict
9740	207557	strict
9740	207625	strict
9741	201467	equal
9741	201471	strict
9741	207562	strict
9741	207642	strict
9742	201468	equal
9742	207625	strict
9743	201470	equal
9743	207642	strict
9744	201511	equal
9744	201519	strict
9744	209788	strict
9744	209835	strict
9745	201518	equal
9745	209835	strict
9746	201520	equal
9746	201522	strict
9746	209879	strict
9746	209902	strict
9747	201521	equal
9747	209902	strict
9748	201523	equal
9748	201525	strict
9748	209909	strict
9748	209934	strict
9749	201524	equal
9749	209934	strict
9750	201550	equal
9751	201551	equal
9752	201562	equal
9753	201563	equal
9754	201566	equal
9755	201567	equal
9756	201570	equal
9757	201571	equal
9758	201586	equal
9759	201587	equal
9760	201590	equal
9761	201591	equal
9762	201610	equal
9763	201611	equal
9764	201618	equal
9765	201619	equal
9766	201648	equal
9767	201649	equal
9768	201707	equal
9769	201708	equal
9770	201713	equal
9771	201717	equal
9772	201718	equal
9773	201728	equal
9774	201769	equal
9775	201770	equal
9776	201775	equal
9776	201990	strict
9776	202200	strict
9776	212984	strict
9776	212985	strict
9776	212986	strict
9776	212991	strict
9776	212992	strict
9777	201776	equal
9777	212992	strict
9778	201777	equal
9779	201786	equal
9779	201857	strict
9779	202233	strict
9779	213140	strict
9779	213141	strict
9779	213142	strict
9779	213147	strict
9779	213148	strict
9780	201787	equal
9780	213148	strict
9781	201788	equal
9782	201834	equal
9782	201850	strict
9782	202214	strict
9782	202226	strict
9782	213078	strict
9782	213111	strict
9782	213112	strict
9782	213117	strict
9782	213118	strict
9783	201835	equal
9784	201846	equal
9785	201847	equal
9786	201850	equal
9786	202226	strict
9786	213111	strict
9786	213112	strict
9786	213117	strict
9786	213118	strict
9787	201851	equal
9787	213118	strict
9788	201852	equal
9789	201857	equal
9789	202233	strict
9789	213141	strict
9789	213142	strict
9789	213147	strict
9789	213148	strict
9790	201858	equal
9790	213148	strict
9791	201859	equal
9792	201930	equal
9793	201931	equal
9794	201967	equal
9794	201983	strict
9794	202112	strict
9794	202193	strict
9794	212770	strict
9794	212946	strict
9794	212947	strict
9794	212952	strict
9794	212953	strict
9795	201968	equal
9796	201979	equal
9797	201980	equal
9798	201983	equal
9798	202193	strict
9798	212946	strict
9798	212947	strict
9798	212952	strict
9798	212953	strict
9799	201984	equal
9799	212953	strict
9800	201985	equal
9801	201990	equal
9801	202200	strict
9801	212985	strict
9801	212986	strict
9801	212991	strict
9801	212992	strict
9802	201991	equal
9802	212992	strict
9803	201992	equal
9804	202090	equal
9804	202106	strict
9804	202190	strict
9804	212751	strict
9804	212765	strict
9804	212922	strict
9804	212927	strict
9804	212928	strict
9805	202091	equal
9805	212928	strict
9806	202102	equal
9807	202103	equal
9808	202106	equal
9808	202190	strict
9808	212765	strict
9808	212922	strict
9808	212927	strict
9808	212928	strict
9809	202107	equal
9809	212928	strict
9810	202112	equal
9810	202193	strict
9810	212770	strict
9810	212947	strict
9810	212952	strict
9810	212953	strict
9811	202113	equal
9811	212953	strict
9812	202140	equal
9812	202203	strict
9812	202207	strict
9812	212804	strict
9812	213019	strict
9812	213038	strict
9812	213043	strict
9812	213044	strict
9813	202141	equal
9813	213044	strict
9814	202162	equal
9815	202163	equal
9816	202164	equal
9817	202165	equal
9818	202174	equal
9819	202175	equal
9820	202176	equal
9821	202177	equal
9822	202184	equal
9823	202185	equal
9824	202190	equal
9824	212922	strict
9824	212927	strict
9824	212928	strict
9825	202191	equal
9825	212928	strict
9826	202192	equal
9826	212928	strict
9827	202193	equal
9827	212947	strict
9827	212952	strict
9827	212953	strict
9828	202194	equal
9828	212953	strict
9829	202195	equal
9829	212953	strict
9830	202200	equal
9830	212986	strict
9830	212991	strict
9830	212992	strict
9831	202201	equal
9831	212992	strict
9832	202202	equal
9832	212992	strict
9833	202203	equal
9833	202207	strict
9833	213019	strict
9833	213038	strict
9833	213043	strict
9833	213044	strict
9834	202204	equal
9834	213044	strict
9835	202205	equal
9836	202206	equal
9837	202207	equal
9837	213038	strict
9837	213043	strict
9837	213044	strict
9838	202208	equal
9838	213044	strict
9839	202209	equal
9839	213044	strict
9840	202214	equal
9840	202226	strict
9840	213078	strict
9840	213112	strict
9840	213117	strict
9840	213118	strict
9841	202215	equal
9841	213118	strict
9842	202222	equal
9843	202223	equal
9844	202226	equal
9844	213112	strict
9844	213117	strict
9844	213118	strict
9845	202227	equal
9845	213118	strict
9846	202228	equal
9846	213118	strict
9847	202233	equal
9847	213142	strict
9847	213147	strict
9847	213148	strict
9848	202234	equal
9848	213148	strict
9849	202235	equal
9849	213148	strict
9850	202448	equal
9851	202449	equal
9852	203008	equal
9853	203009	equal
9854	203092	equal
9855	203093	equal
9856	203250	equal
9857	203251	equal
9858	203476	equal
9859	203477	equal
9860	203555	equal
9861	203561	equal
9862	203576	equal
9863	203640	equal
9864	203641	equal
9865	203682	equal
9866	203687	equal
9867	203699	equal
9868	203728	equal
9869	203729	equal
9870	203730	equal
9871	203731	equal
9872	203737	equal
9873	203738	equal
9874	203740	equal
9875	203741	equal
9876	203863	equal
9876	210677	strict
9877	203864	equal
9877	204844	strict
9878	203865	equal
9879	203866	equal
9880	203947	equal
9880	203951	strict
9880	210656	strict
9880	210673	strict
9880	210674	strict
9880	210677	strict
9881	203948	equal
9881	210677	strict
9882	203949	equal
9882	203952	strict
9882	204823	strict
9882	204840	strict
9882	204841	strict
9882	204844	strict
9883	203950	equal
9883	204844	strict
9884	203953	equal
9884	203955	strict
9884	210707	strict
9884	210711	strict
9884	210712	strict
9884	210715	strict
9885	203954	equal
9885	210715	strict
9886	203956	equal
9886	203958	strict
9886	204874	strict
9886	204878	strict
9886	204879	strict
9886	204882	strict
9887	203957	equal
9887	204882	strict
9888	203991	equal
9888	203993	strict
9888	214838	strict
9888	214842	strict
9888	214843	strict
9888	214846	strict
9889	203992	equal
9889	214846	strict
9890	203996	equal
9890	203998	strict
9890	205481	strict
9890	205485	strict
9890	205486	strict
9890	205489	strict
9891	203997	equal
9891	205489	strict
9892	204385	equal
9892	204392	strict
9892	205667	strict
9892	205671	strict
9892	218386	strict
9892	218410	strict
9892	218412	strict
9892	218413	strict
9893	204386	equal
9893	218413	strict
9894	204493	equal
9894	204500	strict
9894	209243	strict
9894	209247	strict
9894	218398	strict
9894	218425	strict
9894	218427	strict
9894	218428	strict
9895	204494	equal
9895	218428	strict
9896	204551	equal
9896	204571	strict
9896	204820	strict
9896	204826	strict
9896	204828	strict
9896	204838	strict
9896	204842	strict
9896	204843	strict
9896	204844	strict
9897	204552	equal
9898	204553	equal
9899	204554	equal
9900	204571	equal
9900	204826	strict
9900	204828	strict
9900	204842	strict
9900	204843	strict
9900	204844	strict
9901	204572	equal
9901	204844	strict
9902	204573	equal
9903	204574	equal
9904	204581	equal
9904	204591	strict
9904	204963	strict
9904	204982	strict
9904	204984	strict
9904	204998	strict
9904	204999	strict
9904	205000	strict
9905	204582	equal
9905	205000	strict
9906	204585	equal
9907	204586	equal
9908	204591	equal
9908	204982	strict
9908	204984	strict
9908	204998	strict
9908	204999	strict
9908	205000	strict
9909	204592	equal
9909	205000	strict
9910	204593	equal
9911	204594	equal
9912	204676	equal
9913	204677	equal
9914	204742	equal
9914	204787	strict
9914	204789	strict
9914	204791	strict
9915	204743	equal
9915	204788	strict
9915	204790	strict
9915	204791	strict
9916	204744	equal
9916	204791	strict
9917	204745	equal
9917	204791	strict
9918	204819	equal
9918	204844	strict
9919	204820	equal
9919	204826	strict
9919	204838	strict
9919	204842	strict
9919	204843	strict
9919	204844	strict
9920	204821	equal
9921	204822	equal
9922	204823	equal
9922	204840	strict
9922	204841	strict
9922	204844	strict
9923	204824	equal
9923	204844	strict
9924	204825	equal
9924	204844	strict
9925	204826	equal
9925	204842	strict
9925	204843	strict
9925	204844	strict
9926	204864	equal
9926	204882	strict
9927	204865	equal
9927	204866	strict
9927	204877	strict
9927	204880	strict
9927	204881	strict
9927	204882	strict
9928	204868	equal
9929	204869	equal
9930	204874	equal
9930	204878	strict
9930	204879	strict
9930	204882	strict
9931	204875	equal
9931	204882	strict
9932	204876	equal
9932	204882	strict
9933	204877	equal
9933	204880	strict
9933	204881	strict
9933	204882	strict
9934	204898	equal
9934	204943	strict
9934	204945	strict
9934	204947	strict
9935	204899	equal
9935	204944	strict
9935	204946	strict
9935	204947	strict
9936	204900	equal
9936	204947	strict
9937	204901	equal
9937	204947	strict
9938	204979	equal
9938	204996	strict
9938	204997	strict
9938	205000	strict
9939	204980	equal
9939	205000	strict
9940	204981	equal
9940	205000	strict
9941	204982	equal
9941	204998	strict
9941	204999	strict
9941	205000	strict
9942	205030	equal
9942	205034	strict
9942	205035	strict
9942	205038	strict
9943	205031	equal
9943	205038	strict
9944	205032	equal
9944	205038	strict
9945	205033	equal
9945	205036	strict
9945	205037	strict
9945	205038	strict
9946	205139	equal
9946	205677	strict
9946	205678	strict
9946	217070	strict
9946	217074	strict
9946	218487	strict
9946	218490	strict
9946	218491	strict
9946	218492	strict
9947	205149	equal
9947	218418	strict
9948	205158	equal
9948	205258	strict
9948	205260	strict
9948	205262	strict
9949	205159	equal
9949	205259	strict
9949	205261	strict
9949	205262	strict
9950	205160	equal
9950	205262	strict
9951	205161	equal
9951	205262	strict
9952	205181	equal
9952	205452	strict
9952	205464	strict
9952	205465	strict
9952	205484	strict
9952	205487	strict
9952	205488	strict
9952	205489	strict
9953	205182	equal
9953	205489	strict
9954	205183	equal
9955	205184	equal
9956	205227	equal
9957	205336	equal
9957	205343	strict
9957	217551	strict
9957	217555	strict
9957	218476	strict
9957	218480	strict
9957	218482	strict
9957	218483	strict
9958	205337	equal
9958	218483	strict
9959	205378	equal
9959	205412	strict
9959	217649	strict
9959	217738	strict
9959	217759	strict
9959	217771	strict
9959	217772	strict
9959	217773	strict
9960	205379	equal
9960	217773	strict
9961	205463	equal
9961	205489	strict
9962	205464	equal
9962	205465	strict
9962	205484	strict
9962	205487	strict
9962	205488	strict
9962	205489	strict
9963	205469	equal
9964	205470	equal
9965	205481	equal
9965	205485	strict
9965	205486	strict
9965	205489	strict
9966	205482	equal
9966	205489	strict
9967	205483	equal
9967	205489	strict
9968	205484	equal
9968	205487	strict
9968	205488	strict
9968	205489	strict
9969	205667	equal
9969	205671	strict
9969	218386	strict
9969	218410	strict
9969	218412	strict
9969	218413	strict
9970	205668	equal
9970	218413	strict
9971	205669	equal
9971	205672	strict
9971	218390	strict
9971	218415	strict
9971	218417	strict
9971	218418	strict
9972	205670	equal
9972	218418	strict
9973	205676	equal
9973	218492	strict
9974	205677	equal
9974	205678	strict
9974	218487	strict
9974	218490	strict
9974	218491	strict
9974	218492	strict
9975	205679	equal
9975	218546	strict
9976	205680	equal
9976	205681	strict
9976	218541	strict
9976	218544	strict
9976	218545	strict
9976	218546	strict
9977	205987	equal
9977	205990	strict
9977	216369	strict
9977	216371	strict
9977	218664	strict
9977	218668	strict
9977	218670	strict
9977	218672	strict
9978	205988	equal
9978	218672	strict
9979	206037	equal
9979	206040	strict
9979	218041	strict
9979	218043	strict
9979	218655	strict
9979	218659	strict
9979	218661	strict
9979	218663	strict
9980	206038	equal
9980	218663	strict
9981	206056	equal
9981	206058	strict
9981	206092	strict
9981	206115	strict
9982	206057	equal
9982	206115	strict
9983	206091	equal
9983	206115	strict
9984	206111	equal
9984	206112	strict
9984	206113	strict
9984	206115	strict
9985	206120	equal
9985	206128	strict
9985	206144	strict
9985	206191	strict
9986	206127	equal
9986	206191	strict
9987	206142	equal
9987	206191	strict
9988	206143	equal
9988	206191	strict
9989	206180	equal
9989	206181	strict
9989	206186	strict
9989	206187	strict
9989	206189	strict
9989	206191	strict
9990	206186	equal
9990	206187	strict
9990	206189	strict
9990	206191	strict
9991	206193	equal
9991	206195	strict
9991	206201	strict
9991	206226	strict
9992	206194	equal
9992	206226	strict
9993	206199	equal
9993	206226	strict
9994	206200	equal
9994	206226	strict
9995	206217	equal
9995	206218	strict
9995	206222	strict
9995	206223	strict
9995	206224	strict
9995	206226	strict
9996	206222	equal
9996	206223	strict
9996	206224	strict
9996	206226	strict
9997	206386	equal
9997	218681	strict
9998	206426	equal
9998	206588	strict
9998	206591	strict
9998	217159	strict
9998	217161	strict
9998	218569	strict
9998	218578	strict
9998	218580	strict
9998	218582	strict
9999	206450	equal
10000	206517	equal
10000	206520	strict
10000	206586	strict
10000	206590	strict
10000	218565	strict
10000	218573	strict
10000	218575	strict
10000	218577	strict
10001	206518	equal
10001	218577	strict
10002	206537	equal
10003	206538	equal
10004	206586	equal
10004	206590	strict
10004	218565	strict
10004	218573	strict
10004	218575	strict
10004	218577	strict
10005	206587	equal
10005	218577	strict
10006	206588	equal
10006	206591	strict
10006	218569	strict
10006	218578	strict
10006	218580	strict
10006	218582	strict
10007	206589	equal
10007	218582	strict
10008	206595	equal
10008	206597	strict
10008	218673	strict
10008	218677	strict
10008	218678	strict
10008	218681	strict
10009	206596	equal
10009	218681	strict
10010	206598	equal
10010	206600	strict
10010	218790	strict
10010	218794	strict
10010	218795	strict
10010	218798	strict
10011	206599	equal
10011	218798	strict
10012	206620	equal
10012	210933	strict
10013	206621	equal
10013	208507	strict
10014	206622	equal
10015	206623	equal
10016	206648	equal
10016	206692	strict
10016	208443	strict
10016	208558	strict
10016	208560	strict
10016	208574	strict
10016	208575	strict
10016	208576	strict
10017	206649	equal
10017	208576	strict
10018	206658	equal
10019	206659	equal
10020	206676	equal
10020	206684	strict
10020	208483	strict
10020	208489	strict
10020	208491	strict
10020	208501	strict
10020	208505	strict
10020	208506	strict
10020	208507	strict
10021	206677	equal
10022	206678	equal
10023	206679	equal
10024	206684	equal
10024	208489	strict
10024	208491	strict
10024	208505	strict
10024	208506	strict
10024	208507	strict
10025	206685	equal
10025	208507	strict
10026	206686	equal
10027	206687	equal
10028	206692	equal
10028	208558	strict
10028	208560	strict
10028	208574	strict
10028	208575	strict
10028	208576	strict
10029	206693	equal
10029	208576	strict
10030	206694	equal
10031	206695	equal
10032	206788	equal
10032	210851	strict
10032	210855	strict
10032	210871	strict
10032	210872	strict
10032	210876	strict
10032	210877	strict
10032	210878	strict
10033	206789	equal
10033	210878	strict
10034	206790	equal
10035	206791	equal
10036	206796	equal
10036	210899	strict
10036	210909	strict
10036	210913	strict
10036	210919	strict
10036	210927	strict
10036	210931	strict
10036	210932	strict
10036	210933	strict
10037	206797	equal
10038	206798	equal
10039	206799	equal
10040	206859	equal
10040	206869	strict
10040	206893	strict
10040	206922	strict
10041	206868	equal
10041	206922	strict
10042	206892	equal
10042	206922	strict
10043	206917	equal
10043	206918	strict
10043	206921	strict
10043	206922	strict
10044	206940	equal
10044	206943	strict
10044	206980	strict
10044	206998	strict
10045	206941	equal
10045	206998	strict
10046	206942	equal
10046	206998	strict
10047	206979	equal
10047	206998	strict
10048	206987	equal
10048	206988	strict
10048	206994	strict
10048	206995	strict
10048	206997	strict
10048	206998	strict
10049	206994	equal
10049	206995	strict
10049	206997	strict
10049	206998	strict
10050	207001	equal
10050	207006	strict
10050	207017	strict
10050	207033	strict
10051	207004	equal
10051	207033	strict
10052	207005	equal
10052	207033	strict
10053	207016	equal
10053	207033	strict
10054	207024	equal
10054	207025	strict
10054	207029	strict
10054	207030	strict
10054	207032	strict
10054	207033	strict
10055	207029	equal
10055	207030	strict
10055	207032	strict
10055	207033	strict
10056	207147	equal
10056	207258	strict
10057	207148	equal
10057	207325	strict
10058	207159	equal
10059	207167	equal
10059	207308	strict
10060	207169	equal
10060	207325	strict
10061	207209	equal
10061	207239	strict
10062	207230	equal
10062	207231	strict
10062	207238	strict
10062	207239	strict
10063	207241	equal
10063	207258	strict
10064	207248	equal
10064	207249	strict
10064	207250	strict
10064	207255	strict
10064	207257	strict
10064	207258	strict
10065	207249	equal
10065	207250	strict
10065	207257	strict
10065	207258	strict
10066	207289	equal
10067	207299	equal
10067	207300	strict
10067	207306	strict
10067	207308	strict
10068	207315	equal
10068	207316	strict
10068	207317	strict
10068	207322	strict
10068	207323	strict
10068	207325	strict
10069	207316	equal
10069	207317	strict
10069	207323	strict
10069	207325	strict
10070	207335	equal
10070	207384	strict
10071	207336	equal
10071	207409	strict
10072	207341	equal
10073	207345	equal
10073	207409	strict
10074	207365	equal
10074	207384	strict
10075	207375	equal
10075	207376	strict
10075	207377	strict
10075	207381	strict
10075	207383	strict
10075	207384	strict
10076	207376	equal
10076	207377	strict
10076	207383	strict
10076	207384	strict
10077	207389	equal
10078	207400	equal
10078	207401	strict
10078	207402	strict
10078	207406	strict
10078	207407	strict
10078	207409	strict
10079	207401	equal
10079	207402	strict
10079	207407	strict
10079	207409	strict
10080	207473	equal
10081	207474	equal
10081	207545	strict
10082	207475	equal
10082	207545	strict
10083	207525	equal
10084	207534	equal
10084	207535	strict
10084	207537	strict
10084	207538	strict
10084	207543	strict
10084	207545	strict
10085	207537	equal
10085	207538	strict
10085	207543	strict
10085	207545	strict
10086	207552	equal
10087	207556	equal
10087	207625	strict
10088	207560	equal
10088	207642	strict
10089	207561	equal
10089	207642	strict
10090	207606	equal
10091	207618	equal
10091	207619	strict
10091	207623	strict
10091	207625	strict
10092	207633	equal
10092	207634	strict
10092	207635	strict
10092	207636	strict
10092	207640	strict
10092	207642	strict
10093	207635	equal
10093	207636	strict
10093	207640	strict
10093	207642	strict
10094	207725	equal
10095	207726	equal
10096	207770	equal
10097	207771	equal
10098	207860	equal
10099	207861	equal
10100	207888	equal
10101	207889	equal
10102	208007	equal
10103	208016	equal
10104	208032	equal
10105	208047	equal
10106	208048	equal
10107	208101	equal
10108	208102	equal
10109	208103	equal
10110	208104	equal
10111	208110	equal
10112	208111	equal
10113	208113	equal
10114	208114	equal
10115	208179	equal
10115	208183	strict
10115	210916	strict
10115	210929	strict
10115	210930	strict
10115	210933	strict
10116	208180	equal
10116	210933	strict
10117	208181	equal
10117	208184	strict
10117	208486	strict
10117	208503	strict
10117	208504	strict
10117	208507	strict
10118	208182	equal
10118	208507	strict
10119	208185	equal
10119	208187	strict
10119	210963	strict
10119	210967	strict
10119	210968	strict
10119	210971	strict
10120	208186	equal
10120	210971	strict
10121	208188	equal
10121	208190	strict
10121	208537	strict
10121	208541	strict
10121	208542	strict
10121	208545	strict
10122	208189	equal
10122	208545	strict
10123	208223	equal
10123	208225	strict
10123	216574	strict
10123	216578	strict
10123	216579	strict
10123	216582	strict
10124	208224	equal
10124	216582	strict
10125	208228	equal
10125	208230	strict
10125	209057	strict
10125	209061	strict
10125	209062	strict
10125	209065	strict
10126	208229	equal
10126	209065	strict
10127	208312	equal
10127	208378	strict
10127	208380	strict
10127	208382	strict
10128	208313	equal
10128	208379	strict
10128	208381	strict
10128	208382	strict
10129	208314	equal
10129	208382	strict
10130	208315	equal
10130	208382	strict
10131	208316	equal
10131	208410	strict
10131	208412	strict
10131	208414	strict
10132	208317	equal
10132	208411	strict
10132	208413	strict
10132	208414	strict
10133	208318	equal
10133	208414	strict
10134	208319	equal
10134	208414	strict
10135	208482	equal
10135	208507	strict
10136	208483	equal
10136	208489	strict
10136	208501	strict
10136	208505	strict
10136	208506	strict
10136	208507	strict
10137	208484	equal
10138	208485	equal
10139	208486	equal
10139	208503	strict
10139	208504	strict
10139	208507	strict
10140	208487	equal
10140	208507	strict
10141	208488	equal
10141	208507	strict
10142	208489	equal
10142	208505	strict
10142	208506	strict
10142	208507	strict
10143	208527	equal
10143	208545	strict
10144	208528	equal
10144	208529	strict
10144	208540	strict
10144	208543	strict
10144	208544	strict
10144	208545	strict
10145	208531	equal
10146	208532	equal
10147	208537	equal
10147	208541	strict
10147	208542	strict
10147	208545	strict
10148	208538	equal
10148	208545	strict
10149	208539	equal
10149	208545	strict
10150	208540	equal
10150	208543	strict
10150	208544	strict
10150	208545	strict
10151	208555	equal
10151	208572	strict
10151	208573	strict
10151	208576	strict
10152	208556	equal
10152	208576	strict
10153	208557	equal
10153	208576	strict
10154	208558	equal
10154	208574	strict
10154	208575	strict
10154	208576	strict
10155	208606	equal
10155	208610	strict
10155	208611	strict
10155	208614	strict
10156	208607	equal
10156	208614	strict
10157	208608	equal
10157	208614	strict
10158	208609	equal
10158	208612	strict
10158	208613	strict
10158	208614	strict
10159	208713	equal
10159	209253	strict
10159	209254	strict
10159	212728	strict
10159	212732	strict
10159	218586	strict
10159	218589	strict
10159	218590	strict
10159	218591	strict
10160	208723	equal
10160	218433	strict
10161	208732	equal
10161	208832	strict
10161	208834	strict
10161	208836	strict
10162	208733	equal
10162	208833	strict
10162	208835	strict
10162	208836	strict
10163	208734	equal
10163	208836	strict
10164	208735	equal
10164	208836	strict
10165	208755	equal
10165	209028	strict
10165	209040	strict
10165	209041	strict
10165	209060	strict
10165	209063	strict
10165	209064	strict
10165	209065	strict
10166	208756	equal
10166	209065	strict
10167	208757	equal
10168	208758	equal
10169	208801	equal
10170	208910	equal
10170	208918	strict
10170	215024	strict
10170	215028	strict
10170	218566	strict
10170	218574	strict
10170	218576	strict
10170	218577	strict
10171	208911	equal
10171	218577	strict
10172	208952	equal
10172	208986	strict
10172	215486	strict
10172	216048	strict
10172	216069	strict
10172	216081	strict
10172	216082	strict
10172	216083	strict
10173	208953	equal
10173	216083	strict
10174	209039	equal
10174	209065	strict
10175	209040	equal
10175	209041	strict
10175	209060	strict
10175	209063	strict
10175	209064	strict
10175	209065	strict
10176	209045	equal
10177	209046	equal
10178	209057	equal
10178	209061	strict
10178	209062	strict
10178	209065	strict
10179	209058	equal
10179	209065	strict
10180	209059	equal
10180	209065	strict
10181	209060	equal
10181	209063	strict
10181	209064	strict
10181	209065	strict
10182	209243	equal
10182	209247	strict
10182	218398	strict
10182	218425	strict
10182	218427	strict
10182	218428	strict
10183	209244	equal
10183	218428	strict
10184	209245	equal
10184	209248	strict
10184	218402	strict
10184	218430	strict
10184	218432	strict
10184	218433	strict
10185	209246	equal
10185	218433	strict
10186	209252	equal
10186	218591	strict
10187	209253	equal
10187	209254	strict
10187	218586	strict
10187	218589	strict
10187	218590	strict
10187	218591	strict
10188	209255	equal
10188	218636	strict
10189	209256	equal
10189	209257	strict
10189	218631	strict
10189	218634	strict
10189	218635	strict
10189	218636	strict
10190	209417	equal
10190	218699	strict
10191	209457	equal
10191	209621	strict
10191	209624	strict
10191	213287	strict
10191	213289	strict
10191	218493	strict
10191	218497	strict
10191	218499	strict
10191	218501	strict
10192	209481	equal
10193	209550	equal
10193	209553	strict
10193	209619	strict
10193	209623	strict
10193	218475	strict
10193	218479	strict
10193	218481	strict
10193	218483	strict
10194	209551	equal
10194	218483	strict
10195	209570	equal
10196	209571	equal
10197	209619	equal
10197	209623	strict
10197	218475	strict
10197	218479	strict
10197	218481	strict
10197	218483	strict
10198	209620	equal
10198	218483	strict
10199	209621	equal
10199	209624	strict
10199	218493	strict
10199	218497	strict
10199	218499	strict
10199	218501	strict
10200	209622	equal
10200	218501	strict
10201	209628	equal
10201	209630	strict
10201	218691	strict
10201	218695	strict
10201	218696	strict
10201	218699	strict
10202	209629	equal
10202	218699	strict
10203	209631	equal
10203	209633	strict
10203	218853	strict
10203	218857	strict
10203	218858	strict
10203	218861	strict
10204	209632	equal
10204	218861	strict
10205	209653	equal
10205	210388	strict
10205	210392	strict
10205	210402	strict
10205	210409	strict
10205	210413	strict
10205	210414	strict
10205	210415	strict
10206	209654	equal
10206	210415	strict
10207	209655	equal
10208	209656	equal
10209	209665	equal
10209	210554	strict
10209	210653	strict
10209	210659	strict
10209	210661	strict
10209	210671	strict
10209	210675	strict
10209	210676	strict
10209	210677	strict
10210	209666	equal
10211	209667	equal
10212	209668	equal
10213	209762	equal
10214	209769	equal
10215	209786	equal
10215	209835	strict
10216	209787	equal
10216	209835	strict
10217	209824	equal
10217	209825	strict
10217	209827	strict
10217	209828	strict
10217	209833	strict
10217	209835	strict
10218	209827	equal
10218	209828	strict
10218	209833	strict
10218	209835	strict
10219	209864	equal
10220	209865	equal
10221	209878	equal
10221	209902	strict
10222	209895	equal
10222	209896	strict
10222	209900	strict
10222	209902	strict
10223	209907	equal
10223	209934	strict
10224	209908	equal
10224	209934	strict
10225	209925	equal
10225	209926	strict
10225	209927	strict
10225	209928	strict
10225	209932	strict
10225	209934	strict
10226	209927	equal
10226	209928	strict
10226	209932	strict
10226	209934	strict
10227	209977	equal
10228	209978	equal
10229	210093	equal
10230	210102	equal
10231	210118	equal
10232	210133	equal
10233	210134	equal
10234	210187	equal
10235	210188	equal
10236	210189	equal
10237	210190	equal
10238	210196	equal
10239	210197	equal
10240	210199	equal
10241	210200	equal
10242	210387	equal
10242	210415	strict
10243	210388	equal
10243	210402	strict
10243	210409	strict
10243	210413	strict
10243	210414	strict
10243	210415	strict
10244	210389	equal
10245	210390	equal
10246	210399	equal
10246	210411	strict
10246	210412	strict
10246	210415	strict
10247	210400	equal
10247	210415	strict
10248	210401	equal
10248	210415	strict
10249	210402	equal
10249	210413	strict
10249	210414	strict
10249	210415	strict
10250	210427	equal
10250	210512	strict
10250	210575	strict
10250	210620	strict
10250	210622	strict
10250	210624	strict
10251	210428	equal
10251	210624	strict
10252	210429	equal
10252	210435	strict
10252	210513	strict
10252	210541	strict
10252	210543	strict
10252	210545	strict
10253	210430	equal
10253	210545	strict
10254	210431	equal
10254	210436	strict
10254	210539	strict
10254	210542	strict
10254	210544	strict
10254	210545	strict
10255	210432	equal
10255	210545	strict
10256	210433	equal
10257	210434	equal
10258	210435	equal
10258	210541	strict
10258	210543	strict
10258	210545	strict
10259	210436	equal
10259	210542	strict
10259	210544	strict
10259	210545	strict
10260	210437	equal
10260	210545	strict
10261	210438	equal
10261	210545	strict
10262	210439	equal
10262	210576	strict
10262	210618	strict
10262	210621	strict
10262	210623	strict
10262	210624	strict
10263	210440	equal
10263	210624	strict
10264	210441	equal
10265	210442	equal
10266	210443	equal
10266	210705	strict
10266	210710	strict
10266	210713	strict
10266	210714	strict
10266	210715	strict
10267	210444	equal
10267	210715	strict
10268	210445	equal
10269	210446	equal
10270	210554	equal
10270	210659	strict
10270	210661	strict
10270	210675	strict
10270	210676	strict
10270	210677	strict
10271	210555	equal
10271	210677	strict
10272	210556	equal
10273	210557	equal
10274	210575	equal
10274	210620	strict
10274	210622	strict
10274	210624	strict
10275	210576	equal
10275	210621	strict
10275	210623	strict
10275	210624	strict
10276	210577	equal
10276	210624	strict
10277	210578	equal
10277	210624	strict
10278	210652	equal
10278	210677	strict
10279	210653	equal
10279	210659	strict
10279	210671	strict
10279	210675	strict
10279	210676	strict
10279	210677	strict
10280	210654	equal
10281	210655	equal
10282	210656	equal
10282	210673	strict
10282	210674	strict
10282	210677	strict
10283	210657	equal
10283	210677	strict
10284	210658	equal
10284	210677	strict
10285	210659	equal
10285	210675	strict
10285	210676	strict
10285	210677	strict
10286	210699	equal
10286	210715	strict
10287	210700	equal
10287	210701	strict
10287	210710	strict
10287	210713	strict
10287	210714	strict
10287	210715	strict
10288	210702	equal
10289	210703	equal
10290	210707	equal
10290	210711	strict
10290	210712	strict
10290	210715	strict
10291	210708	equal
10291	210715	strict
10292	210709	equal
10292	210715	strict
10293	210710	equal
10293	210713	strict
10293	210714	strict
10293	210715	strict
10294	210759	equal
10294	210761	strict
10294	211006	strict
10294	211010	strict
10294	211011	strict
10294	211014	strict
10295	210760	equal
10295	211014	strict
10296	210762	equal
10296	210764	strict
10296	210800	strict
10296	210804	strict
10296	210805	strict
10296	210808	strict
10297	210763	equal
10297	210808	strict
10298	210794	equal
10298	210808	strict
10299	210795	equal
10299	210796	strict
10299	210803	strict
10299	210806	strict
10299	210807	strict
10299	210808	strict
10300	210797	equal
10301	210798	equal
10302	210800	equal
10302	210804	strict
10302	210805	strict
10302	210808	strict
10303	210801	equal
10303	210808	strict
10304	210802	equal
10304	210808	strict
10305	210803	equal
10305	210806	strict
10305	210807	strict
10305	210808	strict
10306	210850	equal
10306	210878	strict
10307	210851	equal
10307	210871	strict
10307	210872	strict
10307	210876	strict
10307	210877	strict
10307	210878	strict
10308	210852	equal
10309	210853	equal
10310	210868	equal
10310	210874	strict
10310	210875	strict
10310	210878	strict
10311	210869	equal
10311	210878	strict
10312	210870	equal
10312	210878	strict
10313	210871	equal
10313	210876	strict
10313	210877	strict
10313	210878	strict
10314	210886	equal
10314	210955	strict
10314	210966	strict
10314	210969	strict
10314	210970	strict
10314	210971	strict
10315	210887	equal
10315	210971	strict
10316	210888	equal
10317	210889	equal
10318	210899	equal
10318	210913	strict
10318	210919	strict
10318	210931	strict
10318	210932	strict
10318	210933	strict
10319	210900	equal
10319	210933	strict
10320	210901	equal
10321	210902	equal
10322	210908	equal
10322	210933	strict
10323	210909	equal
10323	210919	strict
10323	210927	strict
10323	210931	strict
10323	210932	strict
10323	210933	strict
10324	210910	equal
10325	210911	equal
10326	210916	equal
10326	210929	strict
10326	210930	strict
10326	210933	strict
10327	210917	equal
10327	210933	strict
10328	210918	equal
10328	210933	strict
10329	210919	equal
10329	210931	strict
10329	210932	strict
10329	210933	strict
10330	210957	equal
10330	210971	strict
10331	210958	equal
10331	210959	strict
10331	210966	strict
10331	210969	strict
10331	210970	strict
10331	210971	strict
10332	210960	equal
10333	210961	equal
10334	210963	equal
10334	210967	strict
10334	210968	strict
10334	210971	strict
10335	210964	equal
10335	210971	strict
10336	210965	equal
10336	210971	strict
10337	210966	equal
10337	210969	strict
10337	210970	strict
10337	210971	strict
10338	211000	equal
10338	211014	strict
10339	211001	equal
10339	211002	strict
10339	211009	strict
10339	211012	strict
10339	211013	strict
10339	211014	strict
10340	211003	equal
10341	211004	equal
10342	211006	equal
10342	211010	strict
10342	211011	strict
10342	211014	strict
10343	211007	equal
10343	211014	strict
10344	211008	equal
10344	211014	strict
10345	211009	equal
10345	211012	strict
10345	211013	strict
10345	211014	strict
10346	211573	equal
10346	211691	strict
10346	211970	strict
10346	212001	strict
10346	212003	strict
10346	212005	strict
10347	211574	equal
10347	212005	strict
10348	211575	equal
10348	211605	strict
10348	211692	strict
10348	211736	strict
10348	211738	strict
10348	211740	strict
10349	211576	equal
10349	211740	strict
10350	211597	equal
10350	211606	strict
10350	211734	strict
10350	211737	strict
10350	211739	strict
10350	211740	strict
10351	211598	equal
10351	211740	strict
10352	211599	equal
10353	211600	equal
10354	211605	equal
10354	211736	strict
10354	211738	strict
10354	211740	strict
10355	211606	equal
10355	211737	strict
10355	211739	strict
10355	211740	strict
10356	211607	equal
10356	211740	strict
10357	211608	equal
10357	211740	strict
10358	211613	equal
10358	211768	strict
10358	211770	strict
10358	211772	strict
10359	211614	equal
10359	211769	strict
10359	211771	strict
10359	211772	strict
10360	211615	equal
10360	211772	strict
10361	211616	equal
10361	211772	strict
10362	211645	equal
10362	211971	strict
10362	211999	strict
10362	212002	strict
10362	212004	strict
10362	212005	strict
10363	211646	equal
10363	212005	strict
10364	211647	equal
10365	211648	equal
10366	211653	equal
10366	212110	strict
10366	212115	strict
10366	212118	strict
10366	212119	strict
10366	212120	strict
10367	211654	equal
10367	212120	strict
10368	211655	equal
10369	211656	equal
10370	211848	equal
10370	211855	strict
10370	216299	strict
10370	216300	strict
10370	218685	strict
10370	218688	strict
10370	218689	strict
10370	218690	strict
10371	211849	equal
10371	218690	strict
10372	211899	equal
10372	211909	strict
10372	212017	strict
10372	212075	strict
10372	212077	strict
10372	212086	strict
10372	212087	strict
10372	212088	strict
10373	211900	equal
10373	212088	strict
10374	211903	equal
10375	211904	equal
10376	211909	equal
10376	212075	strict
10376	212077	strict
10376	212086	strict
10376	212087	strict
10376	212088	strict
10377	211910	equal
10377	212088	strict
10378	211911	equal
10379	211912	equal
10380	211970	equal
10380	212001	strict
10380	212003	strict
10380	212005	strict
10381	211971	equal
10381	212002	strict
10381	212004	strict
10381	212005	strict
10382	211972	equal
10382	212005	strict
10383	211973	equal
10383	212005	strict
10384	212072	equal
10384	212084	strict
10384	212085	strict
10384	212088	strict
10385	212073	equal
10385	212088	strict
10386	212074	equal
10386	212088	strict
10387	212075	equal
10387	212086	strict
10387	212087	strict
10387	212088	strict
10388	212112	equal
10388	212116	strict
10388	212117	strict
10388	212120	strict
10389	212113	equal
10389	212120	strict
10390	212114	equal
10390	212120	strict
10391	212115	equal
10391	212118	strict
10391	212119	strict
10391	212120	strict
10392	212144	equal
10392	212186	strict
10392	212188	strict
10392	212190	strict
10393	212145	equal
10393	212187	strict
10393	212189	strict
10393	212190	strict
10394	212146	equal
10394	212190	strict
10395	212147	equal
10395	212190	strict
10396	212265	equal
10396	212272	strict
10396	217981	strict
10396	217982	strict
10396	218703	strict
10396	218706	strict
10396	218707	strict
10396	218708	strict
10397	212266	equal
10397	218708	strict
10398	212306	equal
10398	212325	strict
10398	216805	strict
10398	216841	strict
10398	216851	strict
10398	216858	strict
10398	216859	strict
10398	216860	strict
10399	212307	equal
10399	216860	strict
10400	212435	equal
10400	212737	strict
10400	212739	strict
10400	217561	strict
10400	217562	strict
10400	218694	strict
10400	218697	strict
10400	218698	strict
10400	218699	strict
10401	212445	equal
10401	218591	strict
10402	212454	equal
10402	212513	strict
10402	212525	strict
10402	212529	strict
10402	212543	strict
10402	212546	strict
10402	212547	strict
10402	212548	strict
10403	212455	equal
10403	212548	strict
10404	212456	equal
10405	212457	equal
10406	212500	equal
10407	212524	equal
10407	212548	strict
10408	212525	equal
10408	212529	strict
10408	212543	strict
10408	212546	strict
10408	212547	strict
10408	212548	strict
10409	212526	equal
10410	212527	equal
10411	212540	equal
10411	212544	strict
10411	212545	strict
10411	212548	strict
10412	212541	equal
10412	212548	strict
10413	212542	equal
10413	212548	strict
10414	212543	equal
10414	212546	strict
10414	212547	strict
10414	212548	strict
10415	212728	equal
10415	212732	strict
10415	218586	strict
10415	218589	strict
10415	218590	strict
10415	218591	strict
10416	212729	equal
10416	218591	strict
10417	212730	equal
10417	212733	strict
10417	218595	strict
10417	218598	strict
10417	218599	strict
10417	218600	strict
10418	212731	equal
10418	218600	strict
10419	212737	equal
10419	212739	strict
10419	218694	strict
10419	218697	strict
10419	218698	strict
10419	218699	strict
10420	212738	equal
10420	218699	strict
10421	212740	equal
10421	212742	strict
10421	218874	strict
10421	218877	strict
10421	218878	strict
10421	218879	strict
10422	212741	equal
10422	218879	strict
10423	213008	equal
10423	213011	strict
10423	217152	strict
10423	217155	strict
10423	218393	strict
10423	218419	strict
10423	218421	strict
10423	218423	strict
10424	213009	equal
10424	218423	strict
10425	213164	equal
10425	213167	strict
10425	213280	strict
10425	213283	strict
10425	218405	strict
10425	218434	strict
10425	218436	strict
10425	218438	strict
10426	213165	equal
10426	218438	strict
10427	213184	equal
10428	213185	equal
10429	213194	equal
10429	218501	strict
10430	213226	equal
10430	213278	strict
10430	213282	strict
10430	217625	strict
10430	217628	strict
10430	218401	strict
10430	218429	strict
10430	218431	strict
10430	218433	strict
10431	213234	equal
10432	213278	equal
10432	213282	strict
10432	218401	strict
10432	218429	strict
10432	218431	strict
10432	218433	strict
10433	213279	equal
10433	218433	strict
10434	213280	equal
10434	213283	strict
10434	218405	strict
10434	218434	strict
10434	218436	strict
10434	218438	strict
10435	213281	equal
10435	218438	strict
10436	213287	equal
10436	213289	strict
10436	218493	strict
10436	218497	strict
10436	218499	strict
10436	218501	strict
10437	213288	equal
10437	218501	strict
10438	213290	equal
10438	213292	strict
10438	218511	strict
10438	218515	strict
10438	218517	strict
10438	218519	strict
10439	213291	equal
10439	218519	strict
10440	213308	equal
10440	213987	strict
10440	214281	strict
10440	214326	strict
10440	214328	strict
10440	214330	strict
10441	213309	equal
10441	214330	strict
10442	213310	equal
10442	213340	strict
10442	213988	strict
10442	214032	strict
10442	214034	strict
10442	214036	strict
10443	213311	equal
10443	214036	strict
10444	213332	equal
10444	213341	strict
10444	214030	strict
10444	214033	strict
10444	214035	strict
10444	214036	strict
10445	213333	equal
10445	214036	strict
10446	213334	equal
10447	213335	equal
10448	213340	equal
10448	214032	strict
10448	214034	strict
10448	214036	strict
10449	213341	equal
10449	214033	strict
10449	214035	strict
10449	214036	strict
10450	213342	equal
10450	214036	strict
10451	213343	equal
10451	214036	strict
10452	213348	equal
10452	214064	strict
10452	214066	strict
10452	214068	strict
10453	213349	equal
10453	214065	strict
10453	214067	strict
10453	214068	strict
10454	213350	equal
10454	214068	strict
10455	213351	equal
10455	214068	strict
10456	213380	equal
10456	214282	strict
10456	214324	strict
10456	214327	strict
10456	214329	strict
10456	214330	strict
10457	213381	equal
10457	214330	strict
10458	213382	equal
10459	213383	equal
10460	213388	equal
10460	214411	strict
10460	214416	strict
10460	214419	strict
10460	214420	strict
10460	214421	strict
10461	213389	equal
10461	214421	strict
10462	213390	equal
10463	213391	equal
10464	213490	equal
10464	216660	strict
10465	213491	equal
10465	216045	strict
10466	213492	equal
10467	213493	equal
10468	213514	equal
10468	213522	strict
10468	215981	strict
10468	216032	strict
10468	216033	strict
10468	216040	strict
10468	216043	strict
10468	216044	strict
10468	216045	strict
10469	213515	equal
10470	213516	equal
10471	213517	equal
10472	213522	equal
10472	215981	strict
10472	216040	strict
10472	216043	strict
10472	216044	strict
10472	216045	strict
10473	213523	equal
10473	216045	strict
10474	213524	equal
10475	213525	equal
10476	213530	equal
10476	216050	strict
10476	216109	strict
10476	216112	strict
10476	216113	strict
10476	216114	strict
10477	213531	equal
10477	216114	strict
10478	213532	equal
10479	213533	equal
10480	213584	equal
10480	216535	strict
10480	216596	strict
10480	216647	strict
10480	216648	strict
10480	216655	strict
10480	216658	strict
10480	216659	strict
10480	216660	strict
10481	213585	equal
10482	213586	equal
10483	213587	equal
10484	213592	equal
10484	216545	strict
10484	216569	strict
10484	216570	strict
10484	216577	strict
10484	216580	strict
10484	216581	strict
10484	216582	strict
10485	213593	equal
10485	216582	strict
10486	213594	equal
10487	213595	equal
10488	213652	equal
10489	213653	equal
10490	213733	equal
10491	213734	equal
10492	213780	equal
10493	213781	equal
10494	213871	equal
10495	213872	equal
10496	213913	equal
10497	213918	equal
10498	213930	equal
10499	213959	equal
10500	213960	equal
10501	213961	equal
10502	213962	equal
10503	213968	equal
10504	213969	equal
10505	213971	equal
10506	213972	equal
10507	214143	equal
10507	214151	strict
10507	216295	strict
10507	216297	strict
10507	218656	strict
10507	218660	strict
10507	218662	strict
10507	218663	strict
10508	214144	equal
10508	218663	strict
10509	214195	equal
10509	214205	strict
10509	214342	strict
10509	214365	strict
10509	214367	strict
10509	214381	strict
10509	214382	strict
10509	214383	strict
10510	214196	equal
10510	214383	strict
10511	214199	equal
10512	214200	equal
10513	214205	equal
10513	214365	strict
10513	214367	strict
10513	214381	strict
10513	214382	strict
10513	214383	strict
10514	214206	equal
10514	214383	strict
10515	214207	equal
10516	214208	equal
10517	214281	equal
10517	214326	strict
10517	214328	strict
10517	214330	strict
10518	214282	equal
10518	214327	strict
10518	214329	strict
10518	214330	strict
10519	214283	equal
10519	214330	strict
10520	214284	equal
10520	214330	strict
10521	214362	equal
10521	214379	strict
10521	214380	strict
10521	214383	strict
10522	214363	equal
10522	214383	strict
10523	214364	equal
10523	214383	strict
10524	214365	equal
10524	214381	strict
10524	214382	strict
10524	214383	strict
10525	214413	equal
10525	214417	strict
10525	214418	strict
10525	214421	strict
10526	214414	equal
10526	214421	strict
10527	214415	equal
10527	214421	strict
10528	214416	equal
10528	214419	strict
10528	214420	strict
10528	214421	strict
10529	214496	equal
10529	215034	strict
10529	215035	strict
10529	217079	strict
10529	217081	strict
10529	218676	strict
10529	218679	strict
10529	218680	strict
10529	218681	strict
10530	214506	equal
10530	218582	strict
10531	214515	equal
10531	214615	strict
10531	214617	strict
10531	214619	strict
10532	214516	equal
10532	214616	strict
10532	214618	strict
10532	214619	strict
10533	214517	equal
10533	214619	strict
10534	214518	equal
10534	214619	strict
10535	214538	equal
10535	214809	strict
10535	214822	strict
10535	214823	strict
10535	214841	strict
10535	214844	strict
10535	214845	strict
10535	214846	strict
10536	214539	equal
10536	214846	strict
10537	214540	equal
10538	214541	equal
10539	214584	equal
10540	214693	equal
10540	214701	strict
10540	217977	strict
10540	217979	strict
10540	218665	strict
10540	218669	strict
10540	218671	strict
10540	218672	strict
10541	214694	equal
10541	218672	strict
10542	214735	equal
10542	214754	strict
10542	217286	strict
10542	217316	strict
10542	217326	strict
10542	217338	strict
10542	217339	strict
10542	217340	strict
10543	214736	equal
10543	217340	strict
10544	214821	equal
10544	214846	strict
10545	214822	equal
10545	214823	strict
10545	214841	strict
10545	214844	strict
10545	214845	strict
10545	214846	strict
10546	214827	equal
10547	214828	equal
10548	214838	equal
10548	214842	strict
10548	214843	strict
10548	214846	strict
10549	214839	equal
10549	214846	strict
10550	214840	equal
10550	214846	strict
10551	214841	equal
10551	214844	strict
10551	214845	strict
10551	214846	strict
10552	215024	equal
10552	215028	strict
10552	218566	strict
10552	218574	strict
10552	218576	strict
10552	218577	strict
10553	215025	equal
10553	218577	strict
10554	215026	equal
10554	215029	strict
10554	218570	strict
10554	218579	strict
10554	218581	strict
10554	218582	strict
10555	215027	equal
10555	218582	strict
10556	215033	equal
10556	218681	strict
10557	215034	equal
10557	215035	strict
10557	218676	strict
10557	218679	strict
10557	218680	strict
10557	218681	strict
10558	215036	equal
10558	218798	strict
10559	215037	equal
10559	215038	strict
10559	218793	strict
10559	218796	strict
10559	218797	strict
10559	218798	strict
10560	215146	equal
10560	215149	strict
10560	217623	strict
10560	217627	strict
10560	218397	strict
10560	218424	strict
10560	218426	strict
10560	218428	strict
10561	215147	equal
10561	218428	strict
10562	215216	equal
10562	218492	strict
10563	215256	equal
10563	215418	strict
10563	215421	strict
10563	217150	strict
10563	217154	strict
10563	218389	strict
10563	218414	strict
10563	218416	strict
10563	218418	strict
10564	215280	equal
10565	215347	equal
10565	215350	strict
10565	215416	strict
10565	215420	strict
10565	218385	strict
10565	218409	strict
10565	218411	strict
10565	218413	strict
10566	215348	equal
10566	218413	strict
10567	215367	equal
10568	215368	equal
10569	215416	equal
10569	215420	strict
10569	218385	strict
10569	218409	strict
10569	218411	strict
10569	218413	strict
10570	215417	equal
10570	218413	strict
10571	215418	equal
10571	215421	strict
10571	218389	strict
10571	218414	strict
10571	218416	strict
10571	218418	strict
10572	215419	equal
10572	218418	strict
10573	215425	equal
10573	215427	strict
10573	218484	strict
10573	218488	strict
10573	218489	strict
10573	218492	strict
10574	215426	equal
10574	218492	strict
10575	215428	equal
10575	215430	strict
10575	218538	strict
10575	218542	strict
10575	218543	strict
10575	218546	strict
10576	215429	equal
10576	218546	strict
10577	215446	equal
10577	216629	strict
10578	215447	equal
10578	216014	strict
10579	215448	equal
10580	215449	equal
10581	215470	equal
10581	215478	strict
10581	215979	strict
10581	215994	strict
10581	216000	strict
10581	216008	strict
10581	216012	strict
10581	216013	strict
10581	216014	strict
10582	215471	equal
10583	215472	equal
10584	215473	equal
10585	215478	equal
10585	215979	strict
10585	216000	strict
10585	216012	strict
10585	216013	strict
10585	216014	strict
10586	215479	equal
10586	216014	strict
10587	215480	equal
10588	215481	equal
10589	215486	equal
10589	216048	strict
10589	216069	strict
10589	216081	strict
10589	216082	strict
10589	216083	strict
10590	215487	equal
10590	216083	strict
10591	215488	equal
10592	215489	equal
10593	215540	equal
10593	216491	strict
10593	216503	strict
10593	216516	strict
10593	216521	strict
10593	216524	strict
10593	216525	strict
10593	216526	strict
10594	215541	equal
10594	216526	strict
10595	215542	equal
10596	215543	equal
10597	215548	equal
10597	216584	strict
10597	216594	strict
10597	216609	strict
10597	216615	strict
10597	216623	strict
10597	216627	strict
10597	216628	strict
10597	216629	strict
10598	215549	equal
10599	215550	equal
10600	215551	equal
10601	215593	equal
10602	215594	equal
10603	215629	equal
10604	215630	equal
10605	215676	equal
10606	215677	equal
10607	215763	equal
10608	215770	equal
10609	215786	equal
10610	215810	equal
10611	215811	equal
10612	215855	equal
10613	215856	equal
10614	215857	equal
10615	215858	equal
10616	215864	equal
10617	215865	equal
10618	215867	equal
10619	215868	equal
10620	215909	equal
10620	215913	strict
10620	216612	strict
10620	216625	strict
10620	216626	strict
10620	216629	strict
10621	215910	equal
10621	216629	strict
10622	215911	equal
10622	215914	strict
10622	215997	strict
10622	216010	strict
10622	216011	strict
10622	216014	strict
10623	215912	equal
10623	216014	strict
10624	215915	equal
10624	215917	strict
10624	216652	strict
10624	216656	strict
10624	216657	strict
10624	216660	strict
10625	215916	equal
10625	216660	strict
10626	215918	equal
10626	215920	strict
10626	216037	strict
10626	216041	strict
10626	216042	strict
10626	216045	strict
10627	215919	equal
10627	216045	strict
10628	215993	equal
10628	216014	strict
10629	215994	equal
10629	216000	strict
10629	216008	strict
10629	216012	strict
10629	216013	strict
10629	216014	strict
10630	215995	equal
10631	215996	equal
10632	215997	equal
10632	216010	strict
10632	216011	strict
10632	216014	strict
10633	215998	equal
10633	216014	strict
10634	215999	equal
10634	216014	strict
10635	216000	equal
10635	216012	strict
10635	216013	strict
10635	216014	strict
10636	216031	equal
10636	216045	strict
10637	216032	equal
10637	216033	strict
10637	216040	strict
10637	216043	strict
10637	216044	strict
10637	216045	strict
10638	216034	equal
10639	216035	equal
10640	216037	equal
10640	216041	strict
10640	216042	strict
10640	216045	strict
10641	216038	equal
10641	216045	strict
10642	216039	equal
10642	216045	strict
10643	216040	equal
10643	216043	strict
10643	216044	strict
10643	216045	strict
10644	216066	equal
10644	216079	strict
10644	216080	strict
10644	216083	strict
10645	216067	equal
10645	216083	strict
10646	216068	equal
10646	216083	strict
10647	216069	equal
10647	216081	strict
10647	216082	strict
10647	216083	strict
10648	216106	equal
10648	216110	strict
10648	216111	strict
10648	216114	strict
10649	216107	equal
10649	216114	strict
10650	216108	equal
10650	216114	strict
10651	216109	equal
10651	216112	strict
10651	216113	strict
10651	216114	strict
10652	216295	equal
10652	216297	strict
10652	218656	strict
10652	218660	strict
10652	218662	strict
10652	218663	strict
10653	216296	equal
10653	218663	strict
10654	216298	equal
10654	218690	strict
10655	216299	equal
10655	216300	strict
10655	218685	strict
10655	218688	strict
10655	218689	strict
10655	218690	strict
10656	216301	equal
10656	216303	strict
10656	218710	strict
10656	218718	strict
10656	218720	strict
10656	218721	strict
10657	216302	equal
10657	218721	strict
10658	216307	equal
10658	218825	strict
10659	216308	equal
10659	216309	strict
10659	218820	strict
10659	218823	strict
10659	218824	strict
10659	218825	strict
10660	216369	equal
10660	216371	strict
10660	218664	strict
10660	218668	strict
10660	218670	strict
10660	218672	strict
10661	216370	equal
10661	218672	strict
10662	216372	equal
10662	216374	strict
10662	218700	strict
10662	218704	strict
10662	218705	strict
10662	218708	strict
10663	216373	equal
10663	218708	strict
10664	216375	equal
10664	216377	strict
10664	218745	strict
10664	218749	strict
10664	218751	strict
10664	218753	strict
10665	216376	equal
10665	218753	strict
10666	216381	equal
10666	216383	strict
10666	218862	strict
10666	218866	strict
10666	218867	strict
10666	218870	strict
10667	216382	equal
10667	218870	strict
10668	216435	equal
10669	216436	equal
10670	216438	equal
10671	216439	equal
10672	216441	equal
10673	216442	equal
10674	216447	equal
10675	216448	equal
10676	216502	equal
10676	216526	strict
10677	216503	equal
10677	216516	strict
10677	216521	strict
10677	216524	strict
10677	216525	strict
10677	216526	strict
10678	216504	equal
10679	216505	equal
10680	216518	equal
10680	216522	strict
10680	216523	strict
10680	216526	strict
10681	216519	equal
10681	216526	strict
10682	216520	equal
10682	216526	strict
10683	216521	equal
10683	216524	strict
10683	216525	strict
10683	216526	strict
10684	216535	equal
10684	216596	strict
10684	216655	strict
10684	216658	strict
10684	216659	strict
10684	216660	strict
10685	216536	equal
10685	216660	strict
10686	216537	equal
10687	216538	equal
10688	216568	equal
10688	216582	strict
10689	216569	equal
10689	216570	strict
10689	216577	strict
10689	216580	strict
10689	216581	strict
10689	216582	strict
10690	216571	equal
10691	216572	equal
10692	216574	equal
10692	216578	strict
10692	216579	strict
10692	216582	strict
10693	216575	equal
10693	216582	strict
10694	216576	equal
10694	216582	strict
10695	216577	equal
10695	216580	strict
10695	216581	strict
10695	216582	strict
10696	216584	equal
10696	216594	strict
10696	216615	strict
10696	216627	strict
10696	216628	strict
10696	216629	strict
10697	216585	equal
10697	216629	strict
10698	216586	equal
10699	216587	equal
10700	216608	equal
10700	216629	strict
10701	216609	equal
10701	216615	strict
10701	216623	strict
10701	216627	strict
10701	216628	strict
10701	216629	strict
10702	216610	equal
10703	216611	equal
10704	216612	equal
10704	216625	strict
10704	216626	strict
10704	216629	strict
10705	216613	equal
10705	216629	strict
10706	216614	equal
10706	216629	strict
10707	216615	equal
10707	216627	strict
10707	216628	strict
10707	216629	strict
10708	216646	equal
10708	216660	strict
10709	216647	equal
10709	216648	strict
10709	216655	strict
10709	216658	strict
10709	216659	strict
10709	216660	strict
10710	216649	equal
10711	216650	equal
10712	216652	equal
10712	216656	strict
10712	216657	strict
10712	216660	strict
10713	216653	equal
10713	216660	strict
10714	216654	equal
10714	216660	strict
10715	216655	equal
10715	216658	strict
10715	216659	strict
10715	216660	strict
10716	216785	equal
10716	216873	strict
10716	216887	strict
10716	216890	strict
10716	216891	strict
10716	216892	strict
10717	216786	equal
10717	216892	strict
10718	216787	equal
10719	216788	equal
10720	216805	equal
10720	216841	strict
10720	216851	strict
10720	216858	strict
10720	216859	strict
10720	216860	strict
10721	216806	equal
10721	216860	strict
10722	216807	equal
10723	216808	equal
10724	216848	equal
10724	216856	strict
10724	216857	strict
10724	216860	strict
10725	216849	equal
10725	216860	strict
10726	216850	equal
10726	216860	strict
10727	216851	equal
10727	216858	strict
10727	216859	strict
10727	216860	strict
10728	216884	equal
10728	216888	strict
10728	216889	strict
10728	216892	strict
10729	216885	equal
10729	216892	strict
10730	216886	equal
10730	216892	strict
10731	216887	equal
10731	216890	strict
10731	216891	strict
10731	216892	strict
10732	217070	equal
10732	217074	strict
10732	218487	strict
10732	218490	strict
10732	218491	strict
10732	218492	strict
10733	217071	equal
10733	218492	strict
10734	217072	equal
10734	217075	strict
10734	218505	strict
10734	218508	strict
10734	218509	strict
10734	218510	strict
10735	217073	equal
10735	218510	strict
10736	217079	equal
10736	217081	strict
10736	218676	strict
10736	218679	strict
10736	218680	strict
10736	218681	strict
10737	217080	equal
10737	218681	strict
10738	217082	equal
10738	217084	strict
10738	218757	strict
10738	218760	strict
10738	218761	strict
10738	218762	strict
10739	217083	equal
10739	218762	strict
10740	217150	equal
10740	217154	strict
10740	218389	strict
10740	218414	strict
10740	218416	strict
10740	218418	strict
10741	217151	equal
10741	218418	strict
10742	217152	equal
10742	217155	strict
10742	218393	strict
10742	218419	strict
10742	218421	strict
10742	218423	strict
10743	217153	equal
10743	218423	strict
10744	217159	equal
10744	217161	strict
10744	218569	strict
10744	218578	strict
10744	218580	strict
10744	218582	strict
10745	217160	equal
10745	218582	strict
10746	217162	equal
10746	217164	strict
10746	218601	strict
10746	218605	strict
10746	218607	strict
10746	218609	strict
10747	217163	equal
10747	218609	strict
10748	217176	equal
10748	217350	strict
10748	217373	strict
10748	217376	strict
10748	217377	strict
10748	217378	strict
10749	217177	equal
10749	217378	strict
10750	217178	equal
10751	217179	equal
10752	217203	equal
10752	217740	strict
10752	217799	strict
10752	217802	strict
10752	217803	strict
10752	217804	strict
10753	217204	equal
10753	217804	strict
10754	217205	equal
10755	217206	equal
10756	217260	equal
10757	217261	equal
10758	217262	equal
10759	217263	equal
10760	217269	equal
10761	217270	equal
10762	217272	equal
10763	217273	equal
10764	217286	equal
10764	217316	strict
10764	217326	strict
10764	217338	strict
10764	217339	strict
10764	217340	strict
10765	217287	equal
10765	217340	strict
10766	217288	equal
10767	217289	equal
10768	217323	equal
10768	217336	strict
10768	217337	strict
10768	217340	strict
10769	217324	equal
10769	217340	strict
10770	217325	equal
10770	217340	strict
10771	217326	equal
10771	217338	strict
10771	217339	strict
10771	217340	strict
10772	217370	equal
10772	217374	strict
10772	217375	strict
10772	217378	strict
10773	217371	equal
10773	217378	strict
10774	217372	equal
10774	217378	strict
10775	217373	equal
10775	217376	strict
10775	217377	strict
10775	217378	strict
10776	217551	equal
10776	217555	strict
10776	218476	strict
10776	218480	strict
10776	218482	strict
10776	218483	strict
10777	217552	equal
10777	218483	strict
10778	217553	equal
10778	217556	strict
10778	218494	strict
10778	218498	strict
10778	218500	strict
10778	218501	strict
10779	217554	equal
10779	218501	strict
10780	217560	equal
10780	218699	strict
10781	217561	equal
10781	217562	strict
10781	218694	strict
10781	218697	strict
10781	218698	strict
10781	218699	strict
10782	217563	equal
10782	218861	strict
10783	217564	equal
10783	217565	strict
10783	218856	strict
10783	218859	strict
10783	218860	strict
10783	218861	strict
10784	217623	equal
10784	217627	strict
10784	218397	strict
10784	218424	strict
10784	218426	strict
10784	218428	strict
10785	217624	equal
10785	218428	strict
10786	217625	equal
10786	217628	strict
10786	218401	strict
10786	218429	strict
10786	218431	strict
10786	218433	strict
10787	217626	equal
10787	218433	strict
10788	217632	equal
10788	217634	strict
10788	218583	strict
10788	218587	strict
10788	218588	strict
10788	218591	strict
10789	217633	equal
10789	218591	strict
10790	217635	equal
10790	217637	strict
10790	218628	strict
10790	218632	strict
10790	218633	strict
10790	218636	strict
10791	217636	equal
10791	218636	strict
10792	217649	equal
10792	217738	strict
10792	217759	strict
10792	217771	strict
10792	217772	strict
10792	217773	strict
10793	217650	equal
10793	217773	strict
10794	217651	equal
10795	217652	equal
10796	217706	equal
10797	217707	equal
10798	217708	equal
10799	217709	equal
10800	217715	equal
10801	217716	equal
10802	217718	equal
10803	217719	equal
10804	217756	equal
10804	217769	strict
10804	217770	strict
10804	217773	strict
10805	217757	equal
10805	217773	strict
10806	217758	equal
10806	217773	strict
10807	217759	equal
10807	217771	strict
10807	217772	strict
10807	217773	strict
10808	217796	equal
10808	217800	strict
10808	217801	strict
10808	217804	strict
10809	217797	equal
10809	217804	strict
10810	217798	equal
10810	217804	strict
10811	217799	equal
10811	217802	strict
10811	217803	strict
10811	217804	strict
10812	217977	equal
10812	217979	strict
10812	218665	strict
10812	218669	strict
10812	218671	strict
10812	218672	strict
10813	217978	equal
10813	218672	strict
10814	217980	equal
10814	218708	strict
10815	217981	equal
10815	217982	strict
10815	218703	strict
10815	218706	strict
10815	218707	strict
10815	218708	strict
10816	217983	equal
10816	217985	strict
10816	218746	strict
10816	218750	strict
10816	218752	strict
10816	218753	strict
10817	217984	equal
10817	218753	strict
10818	217989	equal
10818	218870	strict
10819	217990	equal
10819	217991	strict
10819	218865	strict
10819	218868	strict
10819	218869	strict
10819	218870	strict
10820	218041	equal
10820	218043	strict
10820	218655	strict
10820	218659	strict
10820	218661	strict
10820	218663	strict
10821	218042	equal
10821	218663	strict
10822	218044	equal
10822	218046	strict
10822	218682	strict
10822	218686	strict
10822	218687	strict
10822	218690	strict
10823	218045	equal
10823	218690	strict
10824	218047	equal
10824	218049	strict
10824	218709	strict
10824	218717	strict
10824	218719	strict
10824	218721	strict
10825	218048	equal
10825	218721	strict
10826	218053	equal
10826	218055	strict
10826	218817	strict
10826	218821	strict
10826	218822	strict
10826	218825	strict
10827	218054	equal
10827	218825	strict
10828	218097	equal
10829	218098	equal
10830	218100	equal
10831	218101	equal
10832	218103	equal
10833	218104	equal
10834	218109	equal
10835	218110	equal
10836	218385	equal
10836	218409	strict
10836	218411	strict
10836	218413	strict
10837	218386	equal
10837	218410	strict
10837	218412	strict
10837	218413	strict
10838	218387	equal
10838	218413	strict
10839	218388	equal
10839	218413	strict
10840	218389	equal
10840	218414	strict
10840	218416	strict
10840	218418	strict
10841	218390	equal
10841	218415	strict
10841	218417	strict
10841	218418	strict
10842	218391	equal
10842	218418	strict
10843	218392	equal
10843	218418	strict
10844	218393	equal
10844	218419	strict
10844	218421	strict
10844	218423	strict
10845	218394	equal
10845	218420	strict
10845	218422	strict
10845	218423	strict
10846	218395	equal
10846	218423	strict
10847	218396	equal
10847	218423	strict
10848	218397	equal
10848	218424	strict
10848	218426	strict
10848	218428	strict
10849	218398	equal
10849	218425	strict
10849	218427	strict
10849	218428	strict
10850	218399	equal
10850	218428	strict
10851	218400	equal
10851	218428	strict
10852	218401	equal
10852	218429	strict
10852	218431	strict
10852	218433	strict
10853	218402	equal
10853	218430	strict
10853	218432	strict
10853	218433	strict
10854	218403	equal
10854	218433	strict
10855	218404	equal
10855	218433	strict
10856	218405	equal
10856	218434	strict
10856	218436	strict
10856	218438	strict
10857	218406	equal
10857	218435	strict
10857	218437	strict
10857	218438	strict
10858	218407	equal
10858	218438	strict
10859	218408	equal
10859	218438	strict
10860	218475	equal
10860	218479	strict
10860	218481	strict
10860	218483	strict
10861	218476	equal
10861	218480	strict
10861	218482	strict
10861	218483	strict
10862	218477	equal
10862	218483	strict
10863	218478	equal
10863	218483	strict
10864	218484	equal
10864	218488	strict
10864	218489	strict
10864	218492	strict
10865	218485	equal
10865	218492	strict
10866	218486	equal
10866	218492	strict
10867	218487	equal
10867	218490	strict
10867	218491	strict
10867	218492	strict
10868	218493	equal
10868	218497	strict
10868	218499	strict
10868	218501	strict
10869	218494	equal
10869	218498	strict
10869	218500	strict
10869	218501	strict
10870	218495	equal
10870	218501	strict
10871	218496	equal
10871	218501	strict
10872	218502	equal
10872	218506	strict
10872	218507	strict
10872	218510	strict
10873	218503	equal
10873	218510	strict
10874	218504	equal
10874	218510	strict
10875	218505	equal
10875	218508	strict
10875	218509	strict
10875	218510	strict
10876	218511	equal
10876	218515	strict
10876	218517	strict
10876	218519	strict
10877	218512	equal
10877	218516	strict
10877	218518	strict
10877	218519	strict
10878	218513	equal
10878	218519	strict
10879	218514	equal
10879	218519	strict
10880	218538	equal
10880	218542	strict
10880	218543	strict
10880	218546	strict
10881	218539	equal
10881	218546	strict
10882	218540	equal
10882	218546	strict
10883	218541	equal
10883	218544	strict
10883	218545	strict
10883	218546	strict
10884	218565	equal
10884	218573	strict
10884	218575	strict
10884	218577	strict
10885	218566	equal
10885	218574	strict
10885	218576	strict
10885	218577	strict
10886	218567	equal
10886	218577	strict
10887	218568	equal
10887	218577	strict
10888	218569	equal
10888	218578	strict
10888	218580	strict
10888	218582	strict
10889	218570	equal
10889	218579	strict
10889	218581	strict
10889	218582	strict
10890	218571	equal
10890	218582	strict
10891	218572	equal
10891	218582	strict
10892	218583	equal
10892	218587	strict
10892	218588	strict
10892	218591	strict
10893	218584	equal
10893	218591	strict
10894	218585	equal
10894	218591	strict
10895	218586	equal
10895	218589	strict
10895	218590	strict
10895	218591	strict
10896	218592	equal
10896	218596	strict
10896	218597	strict
10896	218600	strict
10897	218593	equal
10897	218600	strict
10898	218594	equal
10898	218600	strict
10899	218595	equal
10899	218598	strict
10899	218599	strict
10899	218600	strict
10900	218601	equal
10900	218605	strict
10900	218607	strict
10900	218609	strict
10901	218602	equal
10901	218606	strict
10901	218608	strict
10901	218609	strict
10902	218603	equal
10902	218609	strict
10903	218604	equal
10903	218609	strict
10904	218628	equal
10904	218632	strict
10904	218633	strict
10904	218636	strict
10905	218629	equal
10905	218636	strict
10906	218630	equal
10906	218636	strict
10907	218631	equal
10907	218634	strict
10907	218635	strict
10907	218636	strict
10908	218655	equal
10908	218659	strict
10908	218661	strict
10908	218663	strict
10909	218656	equal
10909	218660	strict
10909	218662	strict
10909	218663	strict
10910	218657	equal
10910	218663	strict
10911	218658	equal
10911	218663	strict
10912	218664	equal
10912	218668	strict
10912	218670	strict
10912	218672	strict
10913	218665	equal
10913	218669	strict
10913	218671	strict
10913	218672	strict
10914	218666	equal
10914	218672	strict
10915	218667	equal
10915	218672	strict
10916	218673	equal
10916	218677	strict
10916	218678	strict
10916	218681	strict
10917	218674	equal
10917	218681	strict
10918	218675	equal
10918	218681	strict
10919	218676	equal
10919	218679	strict
10919	218680	strict
10919	218681	strict
10920	218682	equal
10920	218686	strict
10920	218687	strict
10920	218690	strict
10921	218683	equal
10921	218690	strict
10922	218684	equal
10922	218690	strict
10923	218685	equal
10923	218688	strict
10923	218689	strict
10923	218690	strict
10924	218691	equal
10924	218695	strict
10924	218696	strict
10924	218699	strict
10925	218692	equal
10925	218699	strict
10926	218693	equal
10926	218699	strict
10927	218694	equal
10927	218697	strict
10927	218698	strict
10927	218699	strict
10928	218700	equal
10928	218704	strict
10928	218705	strict
10928	218708	strict
10929	218701	equal
10929	218708	strict
10930	218702	equal
10930	218708	strict
10931	218703	equal
10931	218706	strict
10931	218707	strict
10931	218708	strict
10932	218709	equal
10932	218717	strict
10932	218719	strict
10932	218721	strict
10933	218710	equal
10933	218718	strict
10933	218720	strict
10933	218721	strict
10934	218711	equal
10934	218721	strict
10935	218712	equal
10935	218721	strict
10936	218713	equal
10936	218722	strict
10936	218724	strict
10936	218726	strict
10937	218714	equal
10937	218723	strict
10937	218725	strict
10937	218726	strict
10938	218715	equal
10938	218726	strict
10939	218716	equal
10939	218726	strict
10940	218745	equal
10940	218749	strict
10940	218751	strict
10940	218753	strict
10941	218746	equal
10941	218750	strict
10941	218752	strict
10941	218753	strict
10942	218747	equal
10942	218753	strict
10943	218748	equal
10943	218753	strict
10944	218754	equal
10944	218758	strict
10944	218759	strict
10944	218762	strict
10945	218755	equal
10945	218762	strict
10946	218756	equal
10946	218762	strict
10947	218757	equal
10947	218760	strict
10947	218761	strict
10947	218762	strict
10948	218763	equal
10948	218767	strict
10948	218769	strict
10948	218771	strict
10949	218764	equal
10949	218768	strict
10949	218770	strict
10949	218771	strict
10950	218765	equal
10950	218771	strict
10951	218766	equal
10951	218771	strict
10952	218790	equal
10952	218794	strict
10952	218795	strict
10952	218798	strict
10953	218791	equal
10953	218798	strict
10954	218792	equal
10954	218798	strict
10955	218793	equal
10955	218796	strict
10955	218797	strict
10955	218798	strict
10956	218817	equal
10956	218821	strict
10956	218822	strict
10956	218825	strict
10957	218818	equal
10957	218825	strict
10958	218819	equal
10958	218825	strict
10959	218820	equal
10959	218823	strict
10959	218824	strict
10959	218825	strict
10960	218826	equal
10960	218830	strict
10960	218831	strict
10960	218834	strict
10961	218827	equal
10961	218834	strict
10962	218828	equal
10962	218834	strict
10963	218829	equal
10963	218832	strict
10963	218833	strict
10963	218834	strict
10964	218853	equal
10964	218857	strict
10964	218858	strict
10964	218861	strict
10965	218854	equal
10965	218861	strict
10966	218855	equal
10966	218861	strict
10967	218856	equal
10967	218859	strict
10967	218860	strict
10967	218861	strict
10968	218862	equal
10968	218866	strict
10968	218867	strict
10968	218870	strict
10969	218863	equal
10969	218870	strict
10970	218864	equal
10970	218870	strict
10971	218865	equal
10971	218868	strict
10971	218869	strict
10971	218870	strict
10972	218871	equal
10972	218875	strict
10972	218876	strict
10972	218879	strict
10973	218872	equal
10973	218879	strict
10974	218873	equal
10974	218879	strict
10975	218874	equal
10975	218877	strict
10975	218878	strict
10975	218879	strict
10976	218898	equal
10976	218902	strict
10976	218903	strict
10976	218906	strict
10977	218899	equal
10977	218906	strict
10978	218900	equal
10978	218906	strict
10979	218901	equal
10979	218904	strict
10979	218905	strict
10979	218906	strict
