
=== 2026-08-23T05:44:18Z :: verify_delivery_copy ===
cwd: /Users/alec/Documents/Math/complete_graph_extremality_r3_rereview_2026-08-23
argv: diff -qr /Users/alec/Documents/Math-universal-amplification/referee_packages/paper_i_complete_graph_extremality_referee_package_2026-08-22_r3 work/package
exit_status: 0

=== 2026-08-23T05:44:18Z :: initial_inventory ===
cwd: /Users/alec/Documents/Math/complete_graph_extremality_r3_rereview_2026-08-23
argv: sh -c find\ work/package\ -type\ f\ \|\ sort\;\ printf\ \"FILE_COUNT=\"\;\ find\ work/package\ -type\ f\ \|\ wc\ -l
work/package/CLAIM_CODE_MAP.md
work/package/PACKAGE_MANIFEST.sha256
work/package/README_FIRST.md
work/package/REFEREE_PROMPT.md
work/package/REFEREE_REPORT_TEMPLATE.md
work/package/VERSION.md
work/package/complete_graph_extremality_db.pdf
work/package/complete_graph_extremality_db_source_and_certificates.tar.gz
work/package/complete_graph_extremality_db_source_and_certificates.tar.gz.sha256
work/package/run_all_referee_checks.sh
work/package/source_and_certificates/BUNDLE_METADATA.txt
work/package/source_and_certificates/MANIFEST.sha256
work/package/source_and_certificates/universal_simultaneous_amplification/LICENSE
work/package/source_and_certificates/universal_simultaneous_amplification/phase1_directed/non_strong_support_closure.md
work/package/source_and_certificates/universal_simultaneous_amplification/phase1_directed/verify_directed_db_strong.py
work/package/source_and_certificates/universal_simultaneous_amplification/phase2_n4/README.md
work/package/source_and_certificates/universal_simultaneous_amplification/phase2_n4/crosscheck_full_chain.py
work/package/source_and_certificates/universal_simultaneous_amplification/phase2_n4/derive_lumped_certificates.py
work/package/source_and_certificates/universal_simultaneous_amplification/phase2_n4/n4_symmetric_classification.md
work/package/source_and_certificates/universal_simultaneous_amplification/phase2_triangle/README.md
work/package/source_and_certificates/universal_simultaneous_amplification/phase2_triangle/audit/independent_triangle_audit.py
work/package/source_and_certificates/universal_simultaneous_amplification/phase2_triangle/crosscheck_exact_solver.py
work/package/source_and_certificates/universal_simultaneous_amplification/phase2_triangle/derive_certificate.py
work/package/source_and_certificates/universal_simultaneous_amplification/phase2_triangle/triangle_classification.md
work/package/source_and_certificates/universal_simultaneous_amplification/phase3_asymptotic/REPORT.md
work/package/source_and_certificates/universal_simultaneous_amplification/phase3_asymptotic/verify_lumping.py
work/package/source_and_certificates/universal_simultaneous_amplification/phase4_landmark_closure/obstruction/r2_collision_closure/verify_direct_flow_screen.py
work/package/source_and_certificates/universal_simultaneous_amplification/phase4_landmark_closure/obstruction/r2_collision_closure/verify_fisher_route.py
work/package/source_and_certificates/universal_simultaneous_amplification/phase4_landmark_closure/obstruction/r2_entropy_certificate/chi_square_channel/verify_resolvent_identities.py
work/package/source_and_certificates/universal_simultaneous_amplification/phase4_landmark_closure/obstruction/r2_marked_lift_v2/MARKED_ONE_SAMPLE_REDUCTION.md
work/package/source_and_certificates/universal_simultaneous_amplification/phase4_landmark_closure/obstruction/r2_marked_lift_v2/verify_marked_lift.py
work/package/source_and_certificates/universal_simultaneous_amplification/phase5_exact_threshold/paper_db_extremality/.gitignore
work/package/source_and_certificates/universal_simultaneous_amplification/phase5_exact_threshold/paper_db_extremality/README.md
work/package/source_and_certificates/universal_simultaneous_amplification/phase5_exact_threshold/paper_db_extremality/all.sh
work/package/source_and_certificates/universal_simultaneous_amplification/phase5_exact_threshold/paper_db_extremality/appendices/A_sector_certificates.tex
work/package/source_and_certificates/universal_simultaneous_amplification/phase5_exact_threshold/paper_db_extremality/appendices/B_k4_certificate.tex
work/package/source_and_certificates/universal_simultaneous_amplification/phase5_exact_threshold/paper_db_extremality/appendices/C_quantifier_ledger.tex
work/package/source_and_certificates/universal_simultaneous_amplification/phase5_exact_threshold/paper_db_extremality/build.sh
work/package/source_and_certificates/universal_simultaneous_amplification/phase5_exact_threshold/paper_db_extremality/bundle_manifest.py
work/package/source_and_certificates/universal_simultaneous_amplification/phase5_exact_threshold/paper_db_extremality/main.tex
work/package/source_and_certificates/universal_simultaneous_amplification/phase5_exact_threshold/paper_db_extremality/output/pdf/complete_graph_extremality_db.pdf
work/package/source_and_certificates/universal_simultaneous_amplification/phase5_exact_threshold/paper_db_extremality/references.tex
work/package/source_and_certificates/universal_simultaneous_amplification/phase5_exact_threshold/paper_db_extremality/release_bundle.sh
work/package/source_and_certificates/universal_simultaneous_amplification/phase5_exact_threshold/paper_db_extremality/replay.sh
work/package/source_and_certificates/universal_simultaneous_amplification/phase5_exact_threshold/paper_db_extremality/requirements-lock.txt
work/package/source_and_certificates/universal_simultaneous_amplification/phase5_exact_threshold/paper_db_extremality/requirements.txt
work/package/source_and_certificates/universal_simultaneous_amplification/phase5_exact_threshold/paper_db_extremality/sections/01_introduction.tex
work/package/source_and_certificates/universal_simultaneous_amplification/phase5_exact_threshold/paper_db_extremality/sections/02_model_results.tex
work/package/source_and_certificates/universal_simultaneous_amplification/phase5_exact_threshold/paper_db_extremality/sections/03_duality_collision.tex
work/package/source_and_certificates/universal_simultaneous_amplification/phase5_exact_threshold/paper_db_extremality/sections/04_local_hessian.tex
work/package/source_and_certificates/universal_simultaneous_amplification/phase5_exact_threshold/paper_db_extremality/sections/05_strong_selection.tex
work/package/source_and_certificates/universal_simultaneous_amplification/phase5_exact_threshold/paper_db_extremality/sections/06_low_order.tex
work/package/source_and_certificates/universal_simultaneous_amplification/phase5_exact_threshold/paper_db_extremality/sections/07_implications_reproducibility.tex
work/package/source_and_certificates/universal_simultaneous_amplification/phase5_exact_threshold/paper_db_extremality/submission/BUNDLE_REPRODUCTION.md
work/package/source_and_certificates/universal_simultaneous_amplification/phase5_exact_threshold/paper_db_extremality/submission/DECLARATIONS.md
work/package/source_and_certificates/universal_simultaneous_amplification/phase5_exact_threshold/paper_db_extremality/submission/ENVIRONMENT.md
work/package/source_and_certificates/universal_simultaneous_amplification/phase5_exact_threshold/paper_db_extremality/submission/PROVENANCE_AND_RELATED_RELEASES.md
work/package/source_and_certificates/universal_simultaneous_amplification/phase5_exact_threshold/paper_db_extremality/submission/bootstrap_replay.sh
work/package/source_and_certificates/universal_simultaneous_amplification/phase5_exact_threshold/paper_db_extremality/submission/create_tree_negative_control.py
work/package/source_and_certificates/universal_simultaneous_amplification/phase5_exact_threshold/paper_db_extremality/submission/fake_python_public_token.sh
work/package/source_and_certificates/universal_simultaneous_amplification/phase5_exact_threshold/paper_db_extremality/submission/verify_execution_safety.py
work/package/source_and_certificates/universal_simultaneous_amplification/phase5_exact_threshold/paper_db_extremality/verify_paper_claims.py
work/package/source_and_certificates/universal_simultaneous_amplification/phase5_exact_threshold/r2_determinant/ACTIVE_R2_DETERMINANT.md
work/package/source_and_certificates/universal_simultaneous_amplification/phase5_exact_threshold/r2_determinant/COMPLETE_REFRESH_FOREST.md
work/package/source_and_certificates/universal_simultaneous_amplification/phase5_exact_threshold/r2_determinant/FIXED_COUNT_TWO_REPLICA.md
work/package/source_and_certificates/universal_simultaneous_amplification/phase5_exact_threshold/r2_determinant/TRUE_INVERSE_RANK_SYMMETRIC_PHASE_CONTRACTION.md
work/package/source_and_certificates/universal_simultaneous_amplification/phase5_exact_threshold/r2_determinant/verify_antisymmetric_hessian.py
work/package/source_and_certificates/universal_simultaneous_amplification/phase5_exact_threshold/r2_determinant/verify_complete_refresh_forest.py
work/package/source_and_certificates/universal_simultaneous_amplification/phase5_exact_threshold/r2_determinant/verify_hessian_sectors.py
work/package/source_and_certificates/universal_simultaneous_amplification/phase5_exact_threshold/r2_determinant/verify_r2_determinant.py
work/package/source_and_certificates/universal_simultaneous_amplification/phase5_exact_threshold/r2_determinant/verify_true_inverse_rank_symmetric_phase.py
work/package/source_and_certificates/universal_simultaneous_amplification/phase5_exact_threshold/r2_regular_sector/LOCAL_COMPLETE_HESSIAN_THEOREM.md
work/package/source_and_certificates/universal_simultaneous_amplification/phase5_exact_threshold/r2_regular_sector/verify_local_complete_hessian.py
work/package/source_and_certificates/universal_simultaneous_amplification/phase5_exact_threshold/r2_standard_physical_phase/PHYSICAL_STANDARD_PHASE_THEOREM.md
work/package/source_and_certificates/universal_simultaneous_amplification/phase5_exact_threshold/r2_standard_physical_phase/README.md
work/package/source_and_certificates/universal_simultaneous_amplification/phase5_exact_threshold/r2_standard_physical_phase/verify_physical_standard_phase.py
work/package/source_and_certificates/universal_simultaneous_amplification/requirements.txt
work/package/source_and_certificates/universal_simultaneous_amplification/src/__init__.py
work/package/source_and_certificates/universal_simultaneous_amplification/src/exact_markov.py
work/package/source_and_certificates/universal_simultaneous_amplification/tests/__init__.py
work/package/source_and_certificates/universal_simultaneous_amplification/tests/test_exact_markov.py
work/package/source_and_certificates/universal_simultaneous_amplification/verification/README.md
work/package/source_and_certificates/universal_simultaneous_amplification/verification/verify_obstruction.py
work/package/verify_referee_package.py
FILE_COUNT=      84
exit_status: 0

=== 2026-08-23T05:44:58Z :: read_metadata_prompt ===
cwd: /Users/alec/Documents/Math/complete_graph_extremality_r3_rereview_2026-08-23
argv: sed -n 1,260p work/package/source_and_certificates/BUNDLE_METADATA.txt
Package: Local Complete-Graph Optimality at Fitness Two and Strong-Selection Rigidity under Death--Birth Updating
Contents: manuscript PDF and source, exact certificates, and replay dependencies
Archive format: deterministic POSIX tar compressed with deterministic gzip
SOURCE_DATE_EPOCH: 1787270400
Python: 3.14.6
SymPy: 1.14.0
python-flint: 0.9.0
mpmath: 1.3.0
Python dependency artifacts: requirements-lock.txt; wheel-only SHA-256 lock
PDF toolchain: Tectonic 0.16.9; Poppler 26.08.0
Tectonic v33 bundle SHA-256: 6ffe055852f8faf66c0acbe1a7fb27f87b869a90bad1204f3bf4d9683f597c7c
Certified replay: ./run_all_referee_checks.sh at enclosing package root
Internal environment stage (not standalone): universal_simultaneous_amplification/phase5_exact_threshold/paper_db_extremality/submission/bootstrap_replay.sh
Internal verifier stage (not standalone): universal_simultaneous_amplification/phase5_exact_threshold/paper_db_extremality/replay.sh
exit_status: 0

=== 2026-08-23T05:44:58Z :: read_identity ===
cwd: /Users/alec/Documents/Math/complete_graph_extremality_r3_rereview_2026-08-23
argv: sed -n 1,320p work/package/README_FIRST.md
# Read this first

This is a frozen, self-contained project-source and certificate handoff for
*Local Complete-Graph
Optimality at Fitness Two and Strong-Selection Rigidity under Death--Birth
Updating*. The package is intended for an independent, submission-style audit;
it does not prescribe a favorable verdict.

Start by reading `REFEREE_PROMPT.md`. Inspect the paper and code before running
the sole certified package replay. `CLAIM_CODE_MAP.md` is only a navigation
index, and `REFEREE_REPORT_TEMPLATE.md` is optional.

## Frozen identity

- Scientific source commit: `b9a415f763e82d9cc45c83de96c895b109e158a4`
- Source archive SHA-256: `12a8c89b77aa898e9c16a1efdf93e77f35ea3cee3eed93ad34c7f497eaad3eb0`
- Manuscript PDF SHA-256: `5d2bc6cfa9d02b21e816d3dd30252d067e23b51ecd0c58bb8c3cfb116ab937bd`
- Source archive: `complete_graph_extremality_db_source_and_certificates.tar.gz`
- Detached archive checksum: `complete_graph_extremality_db_source_and_certificates.tar.gz.sha256`
- Whole-package manifest: `PACKAGE_MANIFEST.sha256`

The package may itself be added by a later wrapping commit. The scientific
source commit above identifies the tracked state from which both the archive
and PDF were generated, avoiding a self-referential package hash.

## Layout

- `complete_graph_extremality_db.pdf`: convenience copy of the compiled paper.
- `complete_graph_extremality_db_source_and_certificates.tar.gz`: exact deterministic source, certificate, test, and replay
  archive supplied with the paper.
- `source_and_certificates/`: byte-identical extraction of that archive for
  immediate inspection.
- `verify_referee_package.py`: standard-library integrity verifier.
- `run_all_referee_checks.sh`: the sole certified end-to-end entry point. It
  verifies the exact package tree, safely extracts the verified source archive
  to a disposable directory, provisions the pinned runtime, runs all internal
  stages, rebuilds the PDF, and compares it byte-for-byte.

Prior review verdicts, research diaries, and saved successful output are
deliberately absent. Proof documents and independent checking programs remain.
The three imported exploratory helper modules have inert guarded mains: only
the function-level reach described in `CLAIM_CODE_MAP.md` is advertised.

## Suggested order

1. Independently inspect the PDF, LaTeX, proof documents, certified launcher,
   internal bootstrap/replay stages, every invoked verifier, and imported
   helpers.
2. Verify package identity with `python3 -I verify_referee_package.py`.
3. With Python 3.14.6 available, run `./run_all_referee_checks.sh`. If
   `python3` is not that exact interpreter, set for example
   `BOOTSTRAP_PYTHON=/path/to/python3.14.6`.
4. Preserve the transcript and complete an independent mathematical and code
   audit using the neutral prompt.

The bootstrap's explicit `--development` mode is a convenience rather than a
certificate; `replay.sh` is internal-only and rejects standalone invocation.
Neither lower-stage status certifies package identity or execution of the
delivered source. The certified launcher rejects links, special nodes, extra
files/directories, and bytecode/cache entries before any project import, then
uses a fresh private cache prefix for every Python process that can import
project code. The preceding exact-tree scanner is standard-library-only and
imports no project module.

The certified replay binds the accepted wheels for SymPy 1.14.0,
python-flint 0.9.0, and mpmath 1.3.0 by SHA-256. The PDF rebuild requires
Tectonic 0.16.9, the pinned standard v33 bundle content, and Poppler 26.08.0
(`pdfinfo` and `pdftoppm`). The bootstrap may access the configured Python
package index to retrieve only hash-matching wheels; it does not contact any
person or submit any artifact. The exact theorem replay is independent of the
document tools, and the final PDF comparison detects any rendering difference.
exit_status: 0

=== 2026-08-23T05:44:58Z :: read_manifests ===
cwd: /Users/alec/Documents/Math/complete_graph_extremality_r3_rereview_2026-08-23
argv: sed -n 1,260p work/package/PACKAGE_MANIFEST.sha256
b1bd14bcce98edd43564473b34ab143b31d1bd294059ae4a98cd18d9e08cf60a  CLAIM_CODE_MAP.md
c63ff6486129c8cda6048c386308086c7d3a7d06525398039b100f49d2de750f  README_FIRST.md
6fffbfaa3b3278f6f6d510a8e0563b986caeaebdbcdb3b63a051f665bec1660e  REFEREE_PROMPT.md
b763e48d0199097c0162bee0fea64d58b437a6fe6f8e9225ea6de45d60d99e7f  REFEREE_REPORT_TEMPLATE.md
b608333cec0d0092b6036f4d9bd8fadbb309386e8d6604966a96a780e2df2e55  VERSION.md
5d2bc6cfa9d02b21e816d3dd30252d067e23b51ecd0c58bb8c3cfb116ab937bd  complete_graph_extremality_db.pdf
12a8c89b77aa898e9c16a1efdf93e77f35ea3cee3eed93ad34c7f497eaad3eb0  complete_graph_extremality_db_source_and_certificates.tar.gz
337ab880dfaba9644c24ddcc6c658aee5fdad52aea137349df13ad9eebb46b5f  complete_graph_extremality_db_source_and_certificates.tar.gz.sha256
d5f8ea97e9135ad227a0896d2546ba86141144017ca724b394909d28c63959e3  run_all_referee_checks.sh
b08cd51a627e6e1fa5bd90855723c41f581b5e7f9341cd0870ce26d22874317e  source_and_certificates/BUNDLE_METADATA.txt
822fd63205d8577c5ecf30d14a286876329d287fa8e9b69864324623446cbe3a  source_and_certificates/MANIFEST.sha256
0f16c3c6989a92711704f27a725108051283efc0b3dd3aff544594f8bf8f6579  source_and_certificates/universal_simultaneous_amplification/LICENSE
084424963915558e22e8f955ce91fae67980b110773282dde4fa2fa8a229268d  source_and_certificates/universal_simultaneous_amplification/phase1_directed/non_strong_support_closure.md
08e896b3e3bd2bbcf6ab56d48c81fc14c04f2478ebb878dc61b289c0dca938d9  source_and_certificates/universal_simultaneous_amplification/phase1_directed/verify_directed_db_strong.py
adad6c58f5ddd2a16024924b5e2f0ca0b74daaa864b6fc1fd43ced3957359c83  source_and_certificates/universal_simultaneous_amplification/phase2_n4/README.md
483c05e419ed36dea95243094db1b80e52120a365dc848058f98219e0af0f113  source_and_certificates/universal_simultaneous_amplification/phase2_n4/crosscheck_full_chain.py
5636bd7f110b78fbe78c7fcfb524ccc66c373832ca84f4fff320edf23906a66b  source_and_certificates/universal_simultaneous_amplification/phase2_n4/derive_lumped_certificates.py
c0127ebd40a471075a3b468d5f13d9d3480731a1faa828d383fbb6bee3804444  source_and_certificates/universal_simultaneous_amplification/phase2_n4/n4_symmetric_classification.md
b43ffc34f0444d4c13d8f5f2a5f43b5e4eb8a5b218bdd2f1d5a7631d97d6a452  source_and_certificates/universal_simultaneous_amplification/phase2_triangle/README.md
1b6d0a2db1c544ce02d68fecebf031d0b9414680c8e9292de90758ca338b2392  source_and_certificates/universal_simultaneous_amplification/phase2_triangle/audit/independent_triangle_audit.py
e4e23744d0af74c57429daf95995b83b0d1f9d1e85e20e9d39df94b85377ad53  source_and_certificates/universal_simultaneous_amplification/phase2_triangle/crosscheck_exact_solver.py
c798a37915d43a376b25f910fe51e3149eb8aedc1d14572ee074fdfd8a04992c  source_and_certificates/universal_simultaneous_amplification/phase2_triangle/derive_certificate.py
f83ffb99b758c7dc98ecdb82fdf0e3df2fc5cadfc32452791b6395b324f84e22  source_and_certificates/universal_simultaneous_amplification/phase2_triangle/triangle_classification.md
98257cdde581df4b18447b7a5c973bc18da23865a219d64911c8035858f42995  source_and_certificates/universal_simultaneous_amplification/phase3_asymptotic/REPORT.md
de31424c4c82963bf0c25e9649b027a46ca2add8717834d5f61a7633f2980719  source_and_certificates/universal_simultaneous_amplification/phase3_asymptotic/verify_lumping.py
8be62ba2236d48b9f624e5b6df612a6bcd05534f8a1bd5771b9c7f38368a2eef  source_and_certificates/universal_simultaneous_amplification/phase4_landmark_closure/obstruction/r2_collision_closure/verify_direct_flow_screen.py
05cda30de8376064505e80d68059fe656d2a8345b90734bfc15b3adedcb03f61  source_and_certificates/universal_simultaneous_amplification/phase4_landmark_closure/obstruction/r2_collision_closure/verify_fisher_route.py
6441ae45f982e0f9e76d20c9278ae6a414b5ceb0d9b2413403d35e9f84dc4223  source_and_certificates/universal_simultaneous_amplification/phase4_landmark_closure/obstruction/r2_entropy_certificate/chi_square_channel/verify_resolvent_identities.py
71ed0ce035997f9c24deef57df53c6c96684f50969ae8f7dbdb5b2b6320b9c8b  source_and_certificates/universal_simultaneous_amplification/phase4_landmark_closure/obstruction/r2_marked_lift_v2/MARKED_ONE_SAMPLE_REDUCTION.md
554fb41168f317b07e3c5973b87d5f6c246888f308cea5a289b9de6638358199  source_and_certificates/universal_simultaneous_amplification/phase4_landmark_closure/obstruction/r2_marked_lift_v2/verify_marked_lift.py
dd7886249d62dd7f2a9e5df0192b5c1869e4696a0a3cac670643a83024b819ae  source_and_certificates/universal_simultaneous_amplification/phase5_exact_threshold/paper_db_extremality/.gitignore
9e6a8dae4d8bc2c37c1927f69693942c73001e18aa9ca22c3f0f078d05e5115c  source_and_certificates/universal_simultaneous_amplification/phase5_exact_threshold/paper_db_extremality/README.md
63c88284c8c838f956eff9b32771ab3e55e066af803571ba15cedbd9970fbe8e  source_and_certificates/universal_simultaneous_amplification/phase5_exact_threshold/paper_db_extremality/all.sh
6b5327a26c2d0f41436004942bfedc8b8ffb1f0e0d1316e234268867e7404d94  source_and_certificates/universal_simultaneous_amplification/phase5_exact_threshold/paper_db_extremality/appendices/A_sector_certificates.tex
2fe02b896a62d6209d262854cc1ea35c9ee0b8ed2de4c7ce31ac9e1e171c6bff  source_and_certificates/universal_simultaneous_amplification/phase5_exact_threshold/paper_db_extremality/appendices/B_k4_certificate.tex
55b97c986ede20744d6bad62c2725f478697263187a59e8899c7d58da6b9edef  source_and_certificates/universal_simultaneous_amplification/phase5_exact_threshold/paper_db_extremality/appendices/C_quantifier_ledger.tex
37147af9f5266f18608f3fed8fbf0d2abddd6a47e5acbb12a92fd873c2bfcd42  source_and_certificates/universal_simultaneous_amplification/phase5_exact_threshold/paper_db_extremality/build.sh
2a5f71845ba661381254a9166639f2016041a23f6d07d213b02cad094bfc941e  source_and_certificates/universal_simultaneous_amplification/phase5_exact_threshold/paper_db_extremality/bundle_manifest.py
9aa4d6ad4a3e39746d43474dd6c085714f1e582ebb4348fd2fb1f22edf8663c3  source_and_certificates/universal_simultaneous_amplification/phase5_exact_threshold/paper_db_extremality/main.tex
5d2bc6cfa9d02b21e816d3dd30252d067e23b51ecd0c58bb8c3cfb116ab937bd  source_and_certificates/universal_simultaneous_amplification/phase5_exact_threshold/paper_db_extremality/output/pdf/complete_graph_extremality_db.pdf
54e8b30cf422bde68744935a177f8d3fe7bed3fea92efca6763bb0245896b25a  source_and_certificates/universal_simultaneous_amplification/phase5_exact_threshold/paper_db_extremality/references.tex
d7422888847278c3687efc3dff772a284dcf112a9ff5f7013347a9c5e4f4ed71  source_and_certificates/universal_simultaneous_amplification/phase5_exact_threshold/paper_db_extremality/release_bundle.sh
b4360ac991c6e13115422e3d05cde8edbd2b24f19d46047451b7a394e3586184  source_and_certificates/universal_simultaneous_amplification/phase5_exact_threshold/paper_db_extremality/replay.sh
36be58084093840a77e63100e68b87180fc5efbaced74ea854459f1aa541e4a0  source_and_certificates/universal_simultaneous_amplification/phase5_exact_threshold/paper_db_extremality/requirements-lock.txt
54e8416c37be5f9e3cf392b68629354c5d91f8ca8f01c388f733899ba10fb1e3  source_and_certificates/universal_simultaneous_amplification/phase5_exact_threshold/paper_db_extremality/requirements.txt
5e0aa226594952f60fc47106baa734096d2eeaa9942fccab600dd1c396ce3bed  source_and_certificates/universal_simultaneous_amplification/phase5_exact_threshold/paper_db_extremality/sections/01_introduction.tex
74b44cfc0963169c1adc4c7956ba9ba377b1b79a1c7297ed9719fee723df3174  source_and_certificates/universal_simultaneous_amplification/phase5_exact_threshold/paper_db_extremality/sections/02_model_results.tex
e36ece784d222ec483d0cbd0e8817c2333104b1a6e9b40a0a109fdb618e84f07  source_and_certificates/universal_simultaneous_amplification/phase5_exact_threshold/paper_db_extremality/sections/03_duality_collision.tex
aba5f4ae48cf0f55f84c3277ced53a1d57be55efa053b0c60e8c413b72299e46  source_and_certificates/universal_simultaneous_amplification/phase5_exact_threshold/paper_db_extremality/sections/04_local_hessian.tex
1091e9ff0b40e2aaacec6604af23a84d2c045983a6797d51e1311ce60d08c221  source_and_certificates/universal_simultaneous_amplification/phase5_exact_threshold/paper_db_extremality/sections/05_strong_selection.tex
503b010ae7996a212758e6b0eb023564a7f9d3cbaa5843f43157b01ebb494253  source_and_certificates/universal_simultaneous_amplification/phase5_exact_threshold/paper_db_extremality/sections/06_low_order.tex
122f740fd1a352c89e7cc893260d1af23d5fbd36f588c5ccfb013f171839313b  source_and_certificates/universal_simultaneous_amplification/phase5_exact_threshold/paper_db_extremality/sections/07_implications_reproducibility.tex
27fd4e3a9a38da2596b8149bcfe458596f2b62aa3714f00a0be3f5968af54dba  source_and_certificates/universal_simultaneous_amplification/phase5_exact_threshold/paper_db_extremality/submission/BUNDLE_REPRODUCTION.md
39c1716ef473ec8775f1a209b15a36eaf11f0c07d69855b6b8a344b7ca64ad6a  source_and_certificates/universal_simultaneous_amplification/phase5_exact_threshold/paper_db_extremality/submission/DECLARATIONS.md
490b2c36d27aa89196c730d60816544c8dcf7a1b63cd0bdedec33b56b9c339a4  source_and_certificates/universal_simultaneous_amplification/phase5_exact_threshold/paper_db_extremality/submission/ENVIRONMENT.md
17b82c0bb8977b970a60d2e9188ae8e87be3720e62d8358c61424cee5bb1badf  source_and_certificates/universal_simultaneous_amplification/phase5_exact_threshold/paper_db_extremality/submission/PROVENANCE_AND_RELATED_RELEASES.md
2cd86bc5031217272bc01b586affc7bf5b386bc9aba5a140562bc28ca9ba47c2  source_and_certificates/universal_simultaneous_amplification/phase5_exact_threshold/paper_db_extremality/submission/bootstrap_replay.sh
9be5008366696e7b55a1d50103f658e57684da662f637c052a848d40388bf057  source_and_certificates/universal_simultaneous_amplification/phase5_exact_threshold/paper_db_extremality/submission/create_tree_negative_control.py
a459e988128a904c5beb1a5e36fabd2778dd8f71b8968cab2bf741e5960542fc  source_and_certificates/universal_simultaneous_amplification/phase5_exact_threshold/paper_db_extremality/submission/fake_python_public_token.sh
a4271534b5a672f87b9371c8c98650f95daf7647ce0e63fdba8a95fa338eb362  source_and_certificates/universal_simultaneous_amplification/phase5_exact_threshold/paper_db_extremality/submission/verify_execution_safety.py
5f41b61873d33b2a4c009f04823c3526ed3eb5176749dca3baf163e100e190d8  source_and_certificates/universal_simultaneous_amplification/phase5_exact_threshold/paper_db_extremality/verify_paper_claims.py
5ebe55d66ac5aa53ab4e817219fda0f0502f56bfe9f6d8e24d39f6588abc1a19  source_and_certificates/universal_simultaneous_amplification/phase5_exact_threshold/r2_determinant/ACTIVE_R2_DETERMINANT.md
6e4f4f72d8d91825a2b385bb2ab4193e4aeefaf8b5b325730cd587deb8d5820e  source_and_certificates/universal_simultaneous_amplification/phase5_exact_threshold/r2_determinant/COMPLETE_REFRESH_FOREST.md
b857900a53416370b5789e89a052bb04953e7264897a83a7062f49d1bff8b95f  source_and_certificates/universal_simultaneous_amplification/phase5_exact_threshold/r2_determinant/FIXED_COUNT_TWO_REPLICA.md
0f1e270ecf696f350b8e1917c80238ca3a7f161415bebdcdf594355acaf0ce8a  source_and_certificates/universal_simultaneous_amplification/phase5_exact_threshold/r2_determinant/TRUE_INVERSE_RANK_SYMMETRIC_PHASE_CONTRACTION.md
26785204a0dedaae6a30b869ce7e222969285adce0e5cf04912c5485a7583c9d  source_and_certificates/universal_simultaneous_amplification/phase5_exact_threshold/r2_determinant/verify_antisymmetric_hessian.py
4965eeb4625c17dab8d340ea5bc6ce3669cd93ccc4fcbc61ed0502cac6418b5a  source_and_certificates/universal_simultaneous_amplification/phase5_exact_threshold/r2_determinant/verify_complete_refresh_forest.py
5271a5628e001692be5693b946e5c3f15504696fa3331124e2ef545ff678ce7f  source_and_certificates/universal_simultaneous_amplification/phase5_exact_threshold/r2_determinant/verify_hessian_sectors.py
ae1d4ad4c5c9c0b5df76ae0d412952022d50e03064ffdcdc7930e029f5cf81d2  source_and_certificates/universal_simultaneous_amplification/phase5_exact_threshold/r2_determinant/verify_r2_determinant.py
7a1fa1f579c090cc32668392e67b9eb88e696b51ad602a90d069541e402aa512  source_and_certificates/universal_simultaneous_amplification/phase5_exact_threshold/r2_determinant/verify_true_inverse_rank_symmetric_phase.py
bb6ab1d47785132c2f66ccf57f84b0b88f44274319e70e5b1644090bb0c772e7  source_and_certificates/universal_simultaneous_amplification/phase5_exact_threshold/r2_regular_sector/LOCAL_COMPLETE_HESSIAN_THEOREM.md
442ace50585f4eea46f5e045dfc131e076b3d1f7a032ef5a524367cc94f14967  source_and_certificates/universal_simultaneous_amplification/phase5_exact_threshold/r2_regular_sector/verify_local_complete_hessian.py
4dde91a4fe312f159f4e6abbe713beea02758fc5cbd8d0cc3f7fb65b6093afe7  source_and_certificates/universal_simultaneous_amplification/phase5_exact_threshold/r2_standard_physical_phase/PHYSICAL_STANDARD_PHASE_THEOREM.md
94f78c3a385b1470f40dcd8d5d5ff3d63c411915722970c7ad390293cddfe690  source_and_certificates/universal_simultaneous_amplification/phase5_exact_threshold/r2_standard_physical_phase/README.md
f4d7a603fdcafe761af82e033dab705c1c03bd0aee9863a42735c2831bd94aa5  source_and_certificates/universal_simultaneous_amplification/phase5_exact_threshold/r2_standard_physical_phase/verify_physical_standard_phase.py
7bb854473d2eebaf57c02b5826ca658e68adad6164d22144c6c452479b9d9261  source_and_certificates/universal_simultaneous_amplification/requirements.txt
75324dc61db4f950372101e3bae97e2d477e8a2344907249a11274be06937e7f  source_and_certificates/universal_simultaneous_amplification/src/__init__.py
76e542fa48fad7d33c80abafebd950431bc477a7f487ff336ebc1a2bc82a337d  source_and_certificates/universal_simultaneous_amplification/src/exact_markov.py
4a74a0c1fc1a10562bb5cdc40f1866b4904569e506e96ff374567006337d517b  source_and_certificates/universal_simultaneous_amplification/tests/__init__.py
b4907f51f827bbee6ea935f49a24f0eb7565c5836e34c6925baf4c98e2ed8d09  source_and_certificates/universal_simultaneous_amplification/tests/test_exact_markov.py
8e03778738927ccf2c91e8e418ffcce7295873e9d70d7e21a720e487423811bf  source_and_certificates/universal_simultaneous_amplification/verification/README.md
936d1343b52b54e9dd1497dfba486534dcf0270635829d2841dcee1a1c14b266  source_and_certificates/universal_simultaneous_amplification/verification/verify_obstruction.py
63d1a76383e4a013a9b78198af373dfd99436e56cffae8e18c1cd5f7a2ec7267  verify_referee_package.py
exit_status: 0

=== 2026-08-23T05:48:23Z :: independent_identity ===
cwd: /Users/alec/Documents/Math/complete_graph_extremality_r3_rereview_2026-08-23
argv: /opt/homebrew/bin/python3 records/independent_identity_check.py
PASS package exact tree: 84 regular files, 26 implied directories
PASS archive: digest=12a8c89b77aa898e9c16a1efdf93e77f35ea3cee3eed93ad34c7f497eaad3eb0; 73 unique sorted regular members; 72 manifest-bound payloads
PASS convenience extraction: 73 regular files, 25 implied directories, byte-identical
PASS PDF binding: 5d2bc6cfa9d02b21e816d3dd30252d067e23b51ecd0c58bb8c3cfb116ab937bd
exit_status: 0

=== 2026-08-23T05:48:23Z :: source_commit_binding ===
cwd: /Users/alec/Documents/Math/complete_graph_extremality_r3_rereview_2026-08-23
argv: records/verify_source_commit.sh
OK universal_simultaneous_amplification/LICENSE
OK universal_simultaneous_amplification/phase1_directed/non_strong_support_closure.md
OK universal_simultaneous_amplification/phase1_directed/verify_directed_db_strong.py
OK universal_simultaneous_amplification/phase2_n4/README.md
OK universal_simultaneous_amplification/phase2_n4/crosscheck_full_chain.py
OK universal_simultaneous_amplification/phase2_n4/derive_lumped_certificates.py
OK universal_simultaneous_amplification/phase2_n4/n4_symmetric_classification.md
OK universal_simultaneous_amplification/phase2_triangle/README.md
OK universal_simultaneous_amplification/phase2_triangle/audit/independent_triangle_audit.py
OK universal_simultaneous_amplification/phase2_triangle/crosscheck_exact_solver.py
OK universal_simultaneous_amplification/phase2_triangle/derive_certificate.py
OK universal_simultaneous_amplification/phase2_triangle/triangle_classification.md
OK universal_simultaneous_amplification/phase3_asymptotic/REPORT.md
OK universal_simultaneous_amplification/phase3_asymptotic/verify_lumping.py
OK universal_simultaneous_amplification/phase4_landmark_closure/obstruction/r2_collision_closure/verify_direct_flow_screen.py
OK universal_simultaneous_amplification/phase4_landmark_closure/obstruction/r2_collision_closure/verify_fisher_route.py
OK universal_simultaneous_amplification/phase4_landmark_closure/obstruction/r2_entropy_certificate/chi_square_channel/verify_resolvent_identities.py
OK universal_simultaneous_amplification/phase4_landmark_closure/obstruction/r2_marked_lift_v2/MARKED_ONE_SAMPLE_REDUCTION.md
OK universal_simultaneous_amplification/phase4_landmark_closure/obstruction/r2_marked_lift_v2/verify_marked_lift.py
OK universal_simultaneous_amplification/phase5_exact_threshold/paper_db_extremality/.gitignore
OK universal_simultaneous_amplification/phase5_exact_threshold/paper_db_extremality/README.md
OK universal_simultaneous_amplification/phase5_exact_threshold/paper_db_extremality/all.sh
OK universal_simultaneous_amplification/phase5_exact_threshold/paper_db_extremality/appendices/A_sector_certificates.tex
OK universal_simultaneous_amplification/phase5_exact_threshold/paper_db_extremality/appendices/B_k4_certificate.tex
OK universal_simultaneous_amplification/phase5_exact_threshold/paper_db_extremality/appendices/C_quantifier_ledger.tex
OK universal_simultaneous_amplification/phase5_exact_threshold/paper_db_extremality/build.sh
OK universal_simultaneous_amplification/phase5_exact_threshold/paper_db_extremality/bundle_manifest.py
OK universal_simultaneous_amplification/phase5_exact_threshold/paper_db_extremality/main.tex
OK universal_simultaneous_amplification/phase5_exact_threshold/paper_db_extremality/output/pdf/complete_graph_extremality_db.pdf
OK universal_simultaneous_amplification/phase5_exact_threshold/paper_db_extremality/references.tex
OK universal_simultaneous_amplification/phase5_exact_threshold/paper_db_extremality/release_bundle.sh
OK universal_simultaneous_amplification/phase5_exact_threshold/paper_db_extremality/replay.sh
OK universal_simultaneous_amplification/phase5_exact_threshold/paper_db_extremality/requirements-lock.txt
OK universal_simultaneous_amplification/phase5_exact_threshold/paper_db_extremality/requirements.txt
OK universal_simultaneous_amplification/phase5_exact_threshold/paper_db_extremality/sections/01_introduction.tex
OK universal_simultaneous_amplification/phase5_exact_threshold/paper_db_extremality/sections/02_model_results.tex
OK universal_simultaneous_amplification/phase5_exact_threshold/paper_db_extremality/sections/03_duality_collision.tex
OK universal_simultaneous_amplification/phase5_exact_threshold/paper_db_extremality/sections/04_local_hessian.tex
OK universal_simultaneous_amplification/phase5_exact_threshold/paper_db_extremality/sections/05_strong_selection.tex
OK universal_simultaneous_amplification/phase5_exact_threshold/paper_db_extremality/sections/06_low_order.tex
OK universal_simultaneous_amplification/phase5_exact_threshold/paper_db_extremality/sections/07_implications_reproducibility.tex
OK universal_simultaneous_amplification/phase5_exact_threshold/paper_db_extremality/submission/BUNDLE_REPRODUCTION.md
OK universal_simultaneous_amplification/phase5_exact_threshold/paper_db_extremality/submission/DECLARATIONS.md
OK universal_simultaneous_amplification/phase5_exact_threshold/paper_db_extremality/submission/ENVIRONMENT.md
OK universal_simultaneous_amplification/phase5_exact_threshold/paper_db_extremality/submission/PROVENANCE_AND_RELATED_RELEASES.md
OK universal_simultaneous_amplification/phase5_exact_threshold/paper_db_extremality/submission/bootstrap_replay.sh
OK universal_simultaneous_amplification/phase5_exact_threshold/paper_db_extremality/submission/create_tree_negative_control.py
OK universal_simultaneous_amplification/phase5_exact_threshold/paper_db_extremality/submission/fake_python_public_token.sh
OK universal_simultaneous_amplification/phase5_exact_threshold/paper_db_extremality/submission/verify_execution_safety.py
OK universal_simultaneous_amplification/phase5_exact_threshold/paper_db_extremality/verify_paper_claims.py
OK universal_simultaneous_amplification/phase5_exact_threshold/r2_determinant/ACTIVE_R2_DETERMINANT.md
OK universal_simultaneous_amplification/phase5_exact_threshold/r2_determinant/COMPLETE_REFRESH_FOREST.md
OK universal_simultaneous_amplification/phase5_exact_threshold/r2_determinant/FIXED_COUNT_TWO_REPLICA.md
OK universal_simultaneous_amplification/phase5_exact_threshold/r2_determinant/TRUE_INVERSE_RANK_SYMMETRIC_PHASE_CONTRACTION.md
OK universal_simultaneous_amplification/phase5_exact_threshold/r2_determinant/verify_antisymmetric_hessian.py
OK universal_simultaneous_amplification/phase5_exact_threshold/r2_determinant/verify_complete_refresh_forest.py
OK universal_simultaneous_amplification/phase5_exact_threshold/r2_determinant/verify_hessian_sectors.py
OK universal_simultaneous_amplification/phase5_exact_threshold/r2_determinant/verify_r2_determinant.py
OK universal_simultaneous_amplification/phase5_exact_threshold/r2_determinant/verify_true_inverse_rank_symmetric_phase.py
OK universal_simultaneous_amplification/phase5_exact_threshold/r2_regular_sector/LOCAL_COMPLETE_HESSIAN_THEOREM.md
OK universal_simultaneous_amplification/phase5_exact_threshold/r2_regular_sector/verify_local_complete_hessian.py
OK universal_simultaneous_amplification/phase5_exact_threshold/r2_standard_physical_phase/PHYSICAL_STANDARD_PHASE_THEOREM.md
OK universal_simultaneous_amplification/phase5_exact_threshold/r2_standard_physical_phase/README.md
OK universal_simultaneous_amplification/phase5_exact_threshold/r2_standard_physical_phase/verify_physical_standard_phase.py
OK universal_simultaneous_amplification/requirements.txt
OK universal_simultaneous_amplification/src/__init__.py
OK universal_simultaneous_amplification/src/exact_markov.py
OK universal_simultaneous_amplification/tests/__init__.py
OK universal_simultaneous_amplification/tests/test_exact_markov.py
OK universal_simultaneous_amplification/verification/README.md
OK universal_simultaneous_amplification/verification/verify_obstruction.py
PASS: 71 archive payload files match source commit b9a415f763e82d9cc45c83de96c895b109e158a4
exit_status: 0

=== 2026-08-23T05:48:25Z :: package_manifest_system ===
cwd: /Users/alec/Documents/Math/complete_graph_extremality_r3_rereview_2026-08-23
argv: shasum -a 256 -c work/package/PACKAGE_MANIFEST.sha256
shasum: CLAIM_CODE_MAP.md: No such file or directory
CLAIM_CODE_MAP.md: FAILED open or read
shasum: README_FIRST.md: No such file or directory
README_FIRST.md: FAILED open or read
shasum: REFEREE_PROMPT.md: No such file or directory
REFEREE_PROMPT.md: FAILED open or read
shasum: REFEREE_REPORT_TEMPLATE.md: No such file or directory
REFEREE_REPORT_TEMPLATE.md: FAILED open or read
shasum: VERSION.md: No such file or directory
VERSION.md: FAILED open or read
shasum: complete_graph_extremality_db.pdf: No such file or directory
complete_graph_extremality_db.pdf: FAILED open or read
shasum: complete_graph_extremality_db_source_and_certificates.tar.gz: No such file or directory
complete_graph_extremality_db_source_and_certificates.tar.gz: FAILED open or read
shasum: complete_graph_extremality_db_source_and_certificates.tar.gz.sha256: No such file or directory
complete_graph_extremality_db_source_and_certificates.tar.gz.sha256: FAILED open or read
shasum: run_all_referee_checks.sh: No such file or directory
run_all_referee_checks.sh: FAILED open or read
shasum: source_and_certificates/BUNDLE_METADATA.txt: No such file or directory
source_and_certificates/BUNDLE_METADATA.txt: FAILED open or read
shasum: source_and_certificates/MANIFEST.sha256: No such file or directory
source_and_certificates/MANIFEST.sha256: FAILED open or read
shasum: source_and_certificates/universal_simultaneous_amplification/LICENSE: No such file or directory
source_and_certificates/universal_simultaneous_amplification/LICENSE: FAILED open or read
shasum: source_and_certificates/universal_simultaneous_amplification/phase1_directed/non_strong_support_closure.md: No such file or directory
source_and_certificates/universal_simultaneous_amplification/phase1_directed/non_strong_support_closure.md: FAILED open or read
shasum: source_and_certificates/universal_simultaneous_amplification/phase1_directed/verify_directed_db_strong.py: No such file or directory
source_and_certificates/universal_simultaneous_amplification/phase1_directed/verify_directed_db_strong.py: FAILED open or read
shasum: source_and_certificates/universal_simultaneous_amplification/phase2_n4/README.md: No such file or directory
source_and_certificates/universal_simultaneous_amplification/phase2_n4/README.md: FAILED open or read
shasum: source_and_certificates/universal_simultaneous_amplification/phase2_n4/crosscheck_full_chain.py: No such file or directory
source_and_certificates/universal_simultaneous_amplification/phase2_n4/crosscheck_full_chain.py: FAILED open or read
shasum: source_and_certificates/universal_simultaneous_amplification/phase2_n4/derive_lumped_certificates.py: No such file or directory
source_and_certificates/universal_simultaneous_amplification/phase2_n4/derive_lumped_certificates.py: FAILED open or read
shasum: source_and_certificates/universal_simultaneous_amplification/phase2_n4/n4_symmetric_classification.md: No such file or directory
source_and_certificates/universal_simultaneous_amplification/phase2_n4/n4_symmetric_classification.md: FAILED open or read
shasum: source_and_certificates/universal_simultaneous_amplification/phase2_triangle/README.md: No such file or directory
source_and_certificates/universal_simultaneous_amplification/phase2_triangle/README.md: FAILED open or read
shasum: source_and_certificates/universal_simultaneous_amplification/phase2_triangle/audit/independent_triangle_audit.py: No such file or directory
source_and_certificates/universal_simultaneous_amplification/phase2_triangle/audit/independent_triangle_audit.py: FAILED open or read
shasum: source_and_certificates/universal_simultaneous_amplification/phase2_triangle/crosscheck_exact_solver.py: No such file or directory
source_and_certificates/universal_simultaneous_amplification/phase2_triangle/crosscheck_exact_solver.py: FAILED open or read
shasum: source_and_certificates/universal_simultaneous_amplification/phase2_triangle/derive_certificate.py: No such file or directory
source_and_certificates/universal_simultaneous_amplification/phase2_triangle/derive_certificate.py: FAILED open or read
shasum: source_and_certificates/universal_simultaneous_amplification/phase2_triangle/triangle_classification.md: No such file or directory
source_and_certificates/universal_simultaneous_amplification/phase2_triangle/triangle_classification.md: FAILED open or read
shasum: source_and_certificates/universal_simultaneous_amplification/phase3_asymptotic/REPORT.md: No such file or directory
source_and_certificates/universal_simultaneous_amplification/phase3_asymptotic/REPORT.md: FAILED open or read
shasum: source_and_certificates/universal_simultaneous_amplification/phase3_asymptotic/verify_lumping.py: No such file or directory
source_and_certificates/universal_simultaneous_amplification/phase3_asymptotic/verify_lumping.py: FAILED open or read
shasum: source_and_certificates/universal_simultaneous_amplification/phase4_landmark_closure/obstruction/r2_collision_closure/verify_direct_flow_screen.py: No such file or directory
source_and_certificates/universal_simultaneous_amplification/phase4_landmark_closure/obstruction/r2_collision_closure/verify_direct_flow_screen.py: FAILED open or read
shasum: source_and_certificates/universal_simultaneous_amplification/phase4_landmark_closure/obstruction/r2_collision_closure/verify_fisher_route.py: No such file or directory
source_and_certificates/universal_simultaneous_amplification/phase4_landmark_closure/obstruction/r2_collision_closure/verify_fisher_route.py: FAILED open or read
shasum: source_and_certificates/universal_simultaneous_amplification/phase4_landmark_closure/obstruction/r2_entropy_certificate/chi_square_channel/verify_resolvent_identities.py: No such file or directory
source_and_certificates/universal_simultaneous_amplification/phase4_landmark_closure/obstruction/r2_entropy_certificate/chi_square_channel/verify_resolvent_identities.py: FAILED open or read
shasum: source_and_certificates/universal_simultaneous_amplification/phase4_landmark_closure/obstruction/r2_marked_lift_v2/MARKED_ONE_SAMPLE_REDUCTION.md: No such file or directory
source_and_certificates/universal_simultaneous_amplification/phase4_landmark_closure/obstruction/r2_marked_lift_v2/MARKED_ONE_SAMPLE_REDUCTION.md: FAILED open or read
shasum: source_and_certificates/universal_simultaneous_amplification/phase4_landmark_closure/obstruction/r2_marked_lift_v2/verify_marked_lift.py: No such file or directory
source_and_certificates/universal_simultaneous_amplification/phase4_landmark_closure/obstruction/r2_marked_lift_v2/verify_marked_lift.py: FAILED open or read
shasum: source_and_certificates/universal_simultaneous_amplification/phase5_exact_threshold/paper_db_extremality/.gitignore: No such file or directory
source_and_certificates/universal_simultaneous_amplification/phase5_exact_threshold/paper_db_extremality/.gitignore: FAILED open or read
shasum: source_and_certificates/universal_simultaneous_amplification/phase5_exact_threshold/paper_db_extremality/README.md: No such file or directory
source_and_certificates/universal_simultaneous_amplification/phase5_exact_threshold/paper_db_extremality/README.md: FAILED open or read
shasum: source_and_certificates/universal_simultaneous_amplification/phase5_exact_threshold/paper_db_extremality/all.sh: No such file or directory
source_and_certificates/universal_simultaneous_amplification/phase5_exact_threshold/paper_db_extremality/all.sh: FAILED open or read
shasum: source_and_certificates/universal_simultaneous_amplification/phase5_exact_threshold/paper_db_extremality/appendices/A_sector_certificates.tex: No such file or directory
source_and_certificates/universal_simultaneous_amplification/phase5_exact_threshold/paper_db_extremality/appendices/A_sector_certificates.tex: FAILED open or read
shasum: source_and_certificates/universal_simultaneous_amplification/phase5_exact_threshold/paper_db_extremality/appendices/B_k4_certificate.tex: No such file or directory
source_and_certificates/universal_simultaneous_amplification/phase5_exact_threshold/paper_db_extremality/appendices/B_k4_certificate.tex: FAILED open or read
shasum: source_and_certificates/universal_simultaneous_amplification/phase5_exact_threshold/paper_db_extremality/appendices/C_quantifier_ledger.tex: No such file or directory
source_and_certificates/universal_simultaneous_amplification/phase5_exact_threshold/paper_db_extremality/appendices/C_quantifier_ledger.tex: FAILED open or read
shasum: source_and_certificates/universal_simultaneous_amplification/phase5_exact_threshold/paper_db_extremality/build.sh: No such file or directory
source_and_certificates/universal_simultaneous_amplification/phase5_exact_threshold/paper_db_extremality/build.sh: FAILED open or read
shasum: source_and_certificates/universal_simultaneous_amplification/phase5_exact_threshold/paper_db_extremality/bundle_manifest.py: No such file or directory
source_and_certificates/universal_simultaneous_amplification/phase5_exact_threshold/paper_db_extremality/bundle_manifest.py: FAILED open or read
shasum: source_and_certificates/universal_simultaneous_amplification/phase5_exact_threshold/paper_db_extremality/main.tex: No such file or directory
source_and_certificates/universal_simultaneous_amplification/phase5_exact_threshold/paper_db_extremality/main.tex: FAILED open or read
shasum: source_and_certificates/universal_simultaneous_amplification/phase5_exact_threshold/paper_db_extremality/output/pdf/complete_graph_extremality_db.pdf: No such file or directory
source_and_certificates/universal_simultaneous_amplification/phase5_exact_threshold/paper_db_extremality/output/pdf/complete_graph_extremality_db.pdf: FAILED open or read
shasum: source_and_certificates/universal_simultaneous_amplification/phase5_exact_threshold/paper_db_extremality/references.tex: No such file or directory
source_and_certificates/universal_simultaneous_amplification/phase5_exact_threshold/paper_db_extremality/references.tex: FAILED open or read
shasum: source_and_certificates/universal_simultaneous_amplification/phase5_exact_threshold/paper_db_extremality/release_bundle.sh: No such file or directory
source_and_certificates/universal_simultaneous_amplification/phase5_exact_threshold/paper_db_extremality/release_bundle.sh: FAILED open or read
shasum: source_and_certificates/universal_simultaneous_amplification/phase5_exact_threshold/paper_db_extremality/replay.sh: No such file or directory
source_and_certificates/universal_simultaneous_amplification/phase5_exact_threshold/paper_db_extremality/replay.sh: FAILED open or read
shasum: source_and_certificates/universal_simultaneous_amplification/phase5_exact_threshold/paper_db_extremality/requirements-lock.txt: No such file or directory
source_and_certificates/universal_simultaneous_amplification/phase5_exact_threshold/paper_db_extremality/requirements-lock.txt: FAILED open or read
shasum: source_and_certificates/universal_simultaneous_amplification/phase5_exact_threshold/paper_db_extremality/requirements.txt: No such file or directory
source_and_certificates/universal_simultaneous_amplification/phase5_exact_threshold/paper_db_extremality/requirements.txt: FAILED open or read
shasum: source_and_certificates/universal_simultaneous_amplification/phase5_exact_threshold/paper_db_extremality/sections/01_introduction.tex: No such file or directory
source_and_certificates/universal_simultaneous_amplification/phase5_exact_threshold/paper_db_extremality/sections/01_introduction.tex: FAILED open or read
shasum: source_and_certificates/universal_simultaneous_amplification/phase5_exact_threshold/paper_db_extremality/sections/02_model_results.tex: No such file or directory
source_and_certificates/universal_simultaneous_amplification/phase5_exact_threshold/paper_db_extremality/sections/02_model_results.tex: FAILED open or read
shasum: source_and_certificates/universal_simultaneous_amplification/phase5_exact_threshold/paper_db_extremality/sections/03_duality_collision.tex: No such file or directory
source_and_certificates/universal_simultaneous_amplification/phase5_exact_threshold/paper_db_extremality/sections/03_duality_collision.tex: FAILED open or read
shasum: source_and_certificates/universal_simultaneous_amplification/phase5_exact_threshold/paper_db_extremality/sections/04_local_hessian.tex: No such file or directory
source_and_certificates/universal_simultaneous_amplification/phase5_exact_threshold/paper_db_extremality/sections/04_local_hessian.tex: FAILED open or read
shasum: source_and_certificates/universal_simultaneous_amplification/phase5_exact_threshold/paper_db_extremality/sections/05_strong_selection.tex: No such file or directory
source_and_certificates/universal_simultaneous_amplification/phase5_exact_threshold/paper_db_extremality/sections/05_strong_selection.tex: FAILED open or read
shasum: source_and_certificates/universal_simultaneous_amplification/phase5_exact_threshold/paper_db_extremality/sections/06_low_order.tex: No such file or directory
source_and_certificates/universal_simultaneous_amplification/phase5_exact_threshold/paper_db_extremality/sections/06_low_order.tex: FAILED open or read
shasum: source_and_certificates/universal_simultaneous_amplification/phase5_exact_threshold/paper_db_extremality/sections/07_implications_reproducibility.tex: No such file or directory
source_and_certificates/universal_simultaneous_amplification/phase5_exact_threshold/paper_db_extremality/sections/07_implications_reproducibility.tex: FAILED open or read
shasum: source_and_certificates/universal_simultaneous_amplification/phase5_exact_threshold/paper_db_extremality/submission/BUNDLE_REPRODUCTION.md: No such file or directory
source_and_certificates/universal_simultaneous_amplification/phase5_exact_threshold/paper_db_extremality/submission/BUNDLE_REPRODUCTION.md: FAILED open or read
shasum: source_and_certificates/universal_simultaneous_amplification/phase5_exact_threshold/paper_db_extremality/submission/DECLARATIONS.md: No such file or directory
source_and_certificates/universal_simultaneous_amplification/phase5_exact_threshold/paper_db_extremality/submission/DECLARATIONS.md: FAILED open or read
shasum: source_and_certificates/universal_simultaneous_amplification/phase5_exact_threshold/paper_db_extremality/submission/ENVIRONMENT.md: No such file or directory
source_and_certificates/universal_simultaneous_amplification/phase5_exact_threshold/paper_db_extremality/submission/ENVIRONMENT.md: FAILED open or read
shasum: source_and_certificates/universal_simultaneous_amplification/phase5_exact_threshold/paper_db_extremality/submission/PROVENANCE_AND_RELATED_RELEASES.md: No such file or directory
source_and_certificates/universal_simultaneous_amplification/phase5_exact_threshold/paper_db_extremality/submission/PROVENANCE_AND_RELATED_RELEASES.md: FAILED open or read
shasum: source_and_certificates/universal_simultaneous_amplification/phase5_exact_threshold/paper_db_extremality/submission/bootstrap_replay.sh: No such file or directory
source_and_certificates/universal_simultaneous_amplification/phase5_exact_threshold/paper_db_extremality/submission/bootstrap_replay.sh: FAILED open or read
shasum: source_and_certificates/universal_simultaneous_amplification/phase5_exact_threshold/paper_db_extremality/submission/create_tree_negative_control.py: No such file or directory
source_and_certificates/universal_simultaneous_amplification/phase5_exact_threshold/paper_db_extremality/submission/create_tree_negative_control.py: FAILED open or read
shasum: source_and_certificates/universal_simultaneous_amplification/phase5_exact_threshold/paper_db_extremality/submission/fake_python_public_token.sh: No such file or directory
source_and_certificates/universal_simultaneous_amplification/phase5_exact_threshold/paper_db_extremality/submission/fake_python_public_token.sh: FAILED open or read
shasum: source_and_certificates/universal_simultaneous_amplification/phase5_exact_threshold/paper_db_extremality/submission/verify_execution_safety.py: No such file or directory
source_and_certificates/universal_simultaneous_amplification/phase5_exact_threshold/paper_db_extremality/submission/verify_execution_safety.py: FAILED open or read
shasum: source_and_certificates/universal_simultaneous_amplification/phase5_exact_threshold/paper_db_extremality/verify_paper_claims.py: No such file or directory
source_and_certificates/universal_simultaneous_amplification/phase5_exact_threshold/paper_db_extremality/verify_paper_claims.py: FAILED open or read
shasum: source_and_certificates/universal_simultaneous_amplification/phase5_exact_threshold/r2_determinant/ACTIVE_R2_DETERMINANT.md: No such file or directory
source_and_certificates/universal_simultaneous_amplification/phase5_exact_threshold/r2_determinant/ACTIVE_R2_DETERMINANT.md: FAILED open or read
shasum: source_and_certificates/universal_simultaneous_amplification/phase5_exact_threshold/r2_determinant/COMPLETE_REFRESH_FOREST.md: No such file or directory
source_and_certificates/universal_simultaneous_amplification/phase5_exact_threshold/r2_determinant/COMPLETE_REFRESH_FOREST.md: FAILED open or read
shasum: source_and_certificates/universal_simultaneous_amplification/phase5_exact_threshold/r2_determinant/FIXED_COUNT_TWO_REPLICA.md: No such file or directory
source_and_certificates/universal_simultaneous_amplification/phase5_exact_threshold/r2_determinant/FIXED_COUNT_TWO_REPLICA.md: FAILED open or read
shasum: source_and_certificates/universal_simultaneous_amplification/phase5_exact_threshold/r2_determinant/TRUE_INVERSE_RANK_SYMMETRIC_PHASE_CONTRACTION.md: No such file or directory
source_and_certificates/universal_simultaneous_amplification/phase5_exact_threshold/r2_determinant/TRUE_INVERSE_RANK_SYMMETRIC_PHASE_CONTRACTION.md: FAILED open or read
shasum: source_and_certificates/universal_simultaneous_amplification/phase5_exact_threshold/r2_determinant/verify_antisymmetric_hessian.py: No such file or directory
source_and_certificates/universal_simultaneous_amplification/phase5_exact_threshold/r2_determinant/verify_antisymmetric_hessian.py: FAILED open or read
shasum: source_and_certificates/universal_simultaneous_amplification/phase5_exact_threshold/r2_determinant/verify_complete_refresh_forest.py: No such file or directory
source_and_certificates/universal_simultaneous_amplification/phase5_exact_threshold/r2_determinant/verify_complete_refresh_forest.py: FAILED open or read
shasum: source_and_certificates/universal_simultaneous_amplification/phase5_exact_threshold/r2_determinant/verify_hessian_sectors.py: No such file or directory
source_and_certificates/universal_simultaneous_amplification/phase5_exact_threshold/r2_determinant/verify_hessian_sectors.py: FAILED open or read
shasum: source_and_certificates/universal_simultaneous_amplification/phase5_exact_threshold/r2_determinant/verify_r2_determinant.py: No such file or directory
source_and_certificates/universal_simultaneous_amplification/phase5_exact_threshold/r2_determinant/verify_r2_determinant.py: FAILED open or read
shasum: source_and_certificates/universal_simultaneous_amplification/phase5_exact_threshold/r2_determinant/verify_true_inverse_rank_symmetric_phase.py: No such file or directory
source_and_certificates/universal_simultaneous_amplification/phase5_exact_threshold/r2_determinant/verify_true_inverse_rank_symmetric_phase.py: FAILED open or read
shasum: source_and_certificates/universal_simultaneous_amplification/phase5_exact_threshold/r2_regular_sector/LOCAL_COMPLETE_HESSIAN_THEOREM.md: No such file or directory
source_and_certificates/universal_simultaneous_amplification/phase5_exact_threshold/r2_regular_sector/LOCAL_COMPLETE_HESSIAN_THEOREM.md: FAILED open or read
shasum: source_and_certificates/universal_simultaneous_amplification/phase5_exact_threshold/r2_regular_sector/verify_local_complete_hessian.py: No such file or directory
source_and_certificates/universal_simultaneous_amplification/phase5_exact_threshold/r2_regular_sector/verify_local_complete_hessian.py: FAILED open or read
shasum: source_and_certificates/universal_simultaneous_amplification/phase5_exact_threshold/r2_standard_physical_phase/PHYSICAL_STANDARD_PHASE_THEOREM.md: No such file or directory
source_and_certificates/universal_simultaneous_amplification/phase5_exact_threshold/r2_standard_physical_phase/PHYSICAL_STANDARD_PHASE_THEOREM.md: FAILED open or read
shasum: source_and_certificates/universal_simultaneous_amplification/phase5_exact_threshold/r2_standard_physical_phase/README.md: No such file or directory
source_and_certificates/universal_simultaneous_amplification/phase5_exact_threshold/r2_standard_physical_phase/README.md: FAILED open or read
shasum: source_and_certificates/universal_simultaneous_amplification/phase5_exact_threshold/r2_standard_physical_phase/verify_physical_standard_phase.py: No such file or directory
source_and_certificates/universal_simultaneous_amplification/phase5_exact_threshold/r2_standard_physical_phase/verify_physical_standard_phase.py: FAILED open or read
shasum: source_and_certificates/universal_simultaneous_amplification/requirements.txt: No such file or directory
source_and_certificates/universal_simultaneous_amplification/requirements.txt: FAILED open or read
shasum: source_and_certificates/universal_simultaneous_amplification/src/__init__.py: No such file or directory
source_and_certificates/universal_simultaneous_amplification/src/__init__.py: FAILED open or read
shasum: source_and_certificates/universal_simultaneous_amplification/src/exact_markov.py: No such file or directory
source_and_certificates/universal_simultaneous_amplification/src/exact_markov.py: FAILED open or read
shasum: source_and_certificates/universal_simultaneous_amplification/tests/__init__.py: No such file or directory
source_and_certificates/universal_simultaneous_amplification/tests/__init__.py: FAILED open or read
shasum: source_and_certificates/universal_simultaneous_amplification/tests/test_exact_markov.py: No such file or directory
source_and_certificates/universal_simultaneous_amplification/tests/test_exact_markov.py: FAILED open or read
shasum: source_and_certificates/universal_simultaneous_amplification/verification/README.md: No such file or directory
source_and_certificates/universal_simultaneous_amplification/verification/README.md: FAILED open or read
shasum: source_and_certificates/universal_simultaneous_amplification/verification/verify_obstruction.py: No such file or directory
source_and_certificates/universal_simultaneous_amplification/verification/verify_obstruction.py: FAILED open or read
shasum: verify_referee_package.py: No such file or directory
verify_referee_package.py: FAILED open or read
shasum: WARNING: 83 listed files could not be read
exit_status: 1

=== 2026-08-23T05:48:32Z :: package_manifest_system_corrected ===
cwd: /Users/alec/Documents/Math/complete_graph_extremality_r3_rereview_2026-08-23
argv: sh -c cd\ work/package\ \&\&\ shasum\ -a\ 256\ -c\ PACKAGE_MANIFEST.sha256
CLAIM_CODE_MAP.md: OK
README_FIRST.md: OK
REFEREE_PROMPT.md: OK
REFEREE_REPORT_TEMPLATE.md: OK
VERSION.md: OK
complete_graph_extremality_db.pdf: OK
complete_graph_extremality_db_source_and_certificates.tar.gz: OK
complete_graph_extremality_db_source_and_certificates.tar.gz.sha256: OK
run_all_referee_checks.sh: OK
source_and_certificates/BUNDLE_METADATA.txt: OK
source_and_certificates/MANIFEST.sha256: OK
source_and_certificates/universal_simultaneous_amplification/LICENSE: OK
source_and_certificates/universal_simultaneous_amplification/phase1_directed/non_strong_support_closure.md: OK
source_and_certificates/universal_simultaneous_amplification/phase1_directed/verify_directed_db_strong.py: OK
source_and_certificates/universal_simultaneous_amplification/phase2_n4/README.md: OK
source_and_certificates/universal_simultaneous_amplification/phase2_n4/crosscheck_full_chain.py: OK
source_and_certificates/universal_simultaneous_amplification/phase2_n4/derive_lumped_certificates.py: OK
source_and_certificates/universal_simultaneous_amplification/phase2_n4/n4_symmetric_classification.md: OK
source_and_certificates/universal_simultaneous_amplification/phase2_triangle/README.md: OK
source_and_certificates/universal_simultaneous_amplification/phase2_triangle/audit/independent_triangle_audit.py: OK
source_and_certificates/universal_simultaneous_amplification/phase2_triangle/crosscheck_exact_solver.py: OK
source_and_certificates/universal_simultaneous_amplification/phase2_triangle/derive_certificate.py: OK
source_and_certificates/universal_simultaneous_amplification/phase2_triangle/triangle_classification.md: OK
source_and_certificates/universal_simultaneous_amplification/phase3_asymptotic/REPORT.md: OK
source_and_certificates/universal_simultaneous_amplification/phase3_asymptotic/verify_lumping.py: OK
source_and_certificates/universal_simultaneous_amplification/phase4_landmark_closure/obstruction/r2_collision_closure/verify_direct_flow_screen.py: OK
source_and_certificates/universal_simultaneous_amplification/phase4_landmark_closure/obstruction/r2_collision_closure/verify_fisher_route.py: OK
source_and_certificates/universal_simultaneous_amplification/phase4_landmark_closure/obstruction/r2_entropy_certificate/chi_square_channel/verify_resolvent_identities.py: OK
source_and_certificates/universal_simultaneous_amplification/phase4_landmark_closure/obstruction/r2_marked_lift_v2/MARKED_ONE_SAMPLE_REDUCTION.md: OK
source_and_certificates/universal_simultaneous_amplification/phase4_landmark_closure/obstruction/r2_marked_lift_v2/verify_marked_lift.py: OK
source_and_certificates/universal_simultaneous_amplification/phase5_exact_threshold/paper_db_extremality/.gitignore: OK
source_and_certificates/universal_simultaneous_amplification/phase5_exact_threshold/paper_db_extremality/README.md: OK
source_and_certificates/universal_simultaneous_amplification/phase5_exact_threshold/paper_db_extremality/all.sh: OK
source_and_certificates/universal_simultaneous_amplification/phase5_exact_threshold/paper_db_extremality/appendices/A_sector_certificates.tex: OK
source_and_certificates/universal_simultaneous_amplification/phase5_exact_threshold/paper_db_extremality/appendices/B_k4_certificate.tex: OK
source_and_certificates/universal_simultaneous_amplification/phase5_exact_threshold/paper_db_extremality/appendices/C_quantifier_ledger.tex: OK
source_and_certificates/universal_simultaneous_amplification/phase5_exact_threshold/paper_db_extremality/build.sh: OK
source_and_certificates/universal_simultaneous_amplification/phase5_exact_threshold/paper_db_extremality/bundle_manifest.py: OK
source_and_certificates/universal_simultaneous_amplification/phase5_exact_threshold/paper_db_extremality/main.tex: OK
source_and_certificates/universal_simultaneous_amplification/phase5_exact_threshold/paper_db_extremality/output/pdf/complete_graph_extremality_db.pdf: OK
source_and_certificates/universal_simultaneous_amplification/phase5_exact_threshold/paper_db_extremality/references.tex: OK
source_and_certificates/universal_simultaneous_amplification/phase5_exact_threshold/paper_db_extremality/release_bundle.sh: OK
source_and_certificates/universal_simultaneous_amplification/phase5_exact_threshold/paper_db_extremality/replay.sh: OK
source_and_certificates/universal_simultaneous_amplification/phase5_exact_threshold/paper_db_extremality/requirements-lock.txt: OK
source_and_certificates/universal_simultaneous_amplification/phase5_exact_threshold/paper_db_extremality/requirements.txt: OK
source_and_certificates/universal_simultaneous_amplification/phase5_exact_threshold/paper_db_extremality/sections/01_introduction.tex: OK
source_and_certificates/universal_simultaneous_amplification/phase5_exact_threshold/paper_db_extremality/sections/02_model_results.tex: OK
source_and_certificates/universal_simultaneous_amplification/phase5_exact_threshold/paper_db_extremality/sections/03_duality_collision.tex: OK
source_and_certificates/universal_simultaneous_amplification/phase5_exact_threshold/paper_db_extremality/sections/04_local_hessian.tex: OK
source_and_certificates/universal_simultaneous_amplification/phase5_exact_threshold/paper_db_extremality/sections/05_strong_selection.tex: OK
source_and_certificates/universal_simultaneous_amplification/phase5_exact_threshold/paper_db_extremality/sections/06_low_order.tex: OK
source_and_certificates/universal_simultaneous_amplification/phase5_exact_threshold/paper_db_extremality/sections/07_implications_reproducibility.tex: OK
source_and_certificates/universal_simultaneous_amplification/phase5_exact_threshold/paper_db_extremality/submission/BUNDLE_REPRODUCTION.md: OK
source_and_certificates/universal_simultaneous_amplification/phase5_exact_threshold/paper_db_extremality/submission/DECLARATIONS.md: OK
source_and_certificates/universal_simultaneous_amplification/phase5_exact_threshold/paper_db_extremality/submission/ENVIRONMENT.md: OK
source_and_certificates/universal_simultaneous_amplification/phase5_exact_threshold/paper_db_extremality/submission/PROVENANCE_AND_RELATED_RELEASES.md: OK
source_and_certificates/universal_simultaneous_amplification/phase5_exact_threshold/paper_db_extremality/submission/bootstrap_replay.sh: OK
source_and_certificates/universal_simultaneous_amplification/phase5_exact_threshold/paper_db_extremality/submission/create_tree_negative_control.py: OK
source_and_certificates/universal_simultaneous_amplification/phase5_exact_threshold/paper_db_extremality/submission/fake_python_public_token.sh: OK
source_and_certificates/universal_simultaneous_amplification/phase5_exact_threshold/paper_db_extremality/submission/verify_execution_safety.py: OK
source_and_certificates/universal_simultaneous_amplification/phase5_exact_threshold/paper_db_extremality/verify_paper_claims.py: OK
source_and_certificates/universal_simultaneous_amplification/phase5_exact_threshold/r2_determinant/ACTIVE_R2_DETERMINANT.md: OK
source_and_certificates/universal_simultaneous_amplification/phase5_exact_threshold/r2_determinant/COMPLETE_REFRESH_FOREST.md: OK
source_and_certificates/universal_simultaneous_amplification/phase5_exact_threshold/r2_determinant/FIXED_COUNT_TWO_REPLICA.md: OK
source_and_certificates/universal_simultaneous_amplification/phase5_exact_threshold/r2_determinant/TRUE_INVERSE_RANK_SYMMETRIC_PHASE_CONTRACTION.md: OK
source_and_certificates/universal_simultaneous_amplification/phase5_exact_threshold/r2_determinant/verify_antisymmetric_hessian.py: OK
source_and_certificates/universal_simultaneous_amplification/phase5_exact_threshold/r2_determinant/verify_complete_refresh_forest.py: OK
source_and_certificates/universal_simultaneous_amplification/phase5_exact_threshold/r2_determinant/verify_hessian_sectors.py: OK
source_and_certificates/universal_simultaneous_amplification/phase5_exact_threshold/r2_determinant/verify_r2_determinant.py: OK
source_and_certificates/universal_simultaneous_amplification/phase5_exact_threshold/r2_determinant/verify_true_inverse_rank_symmetric_phase.py: OK
source_and_certificates/universal_simultaneous_amplification/phase5_exact_threshold/r2_regular_sector/LOCAL_COMPLETE_HESSIAN_THEOREM.md: OK
source_and_certificates/universal_simultaneous_amplification/phase5_exact_threshold/r2_regular_sector/verify_local_complete_hessian.py: OK
source_and_certificates/universal_simultaneous_amplification/phase5_exact_threshold/r2_standard_physical_phase/PHYSICAL_STANDARD_PHASE_THEOREM.md: OK
source_and_certificates/universal_simultaneous_amplification/phase5_exact_threshold/r2_standard_physical_phase/README.md: OK
source_and_certificates/universal_simultaneous_amplification/phase5_exact_threshold/r2_standard_physical_phase/verify_physical_standard_phase.py: OK
source_and_certificates/universal_simultaneous_amplification/requirements.txt: OK
source_and_certificates/universal_simultaneous_amplification/src/__init__.py: OK
source_and_certificates/universal_simultaneous_amplification/src/exact_markov.py: OK
source_and_certificates/universal_simultaneous_amplification/tests/__init__.py: OK
source_and_certificates/universal_simultaneous_amplification/tests/test_exact_markov.py: OK
source_and_certificates/universal_simultaneous_amplification/verification/README.md: OK
source_and_certificates/universal_simultaneous_amplification/verification/verify_obstruction.py: OK
verify_referee_package.py: OK
exit_status: 0

=== 2026-08-23T05:48:32Z :: archive_sidecar_system ===
cwd: /Users/alec/Documents/Math/complete_graph_extremality_r3_rereview_2026-08-23
argv: sh -c cd\ work/package\ \&\&\ shasum\ -a\ 256\ -c\ complete_graph_extremality_db_source_and_certificates.tar.gz.sha256
complete_graph_extremality_db_source_and_certificates.tar.gz: OK
exit_status: 0

=== 2026-08-23T05:48:32Z :: source_manifest_system ===
cwd: /Users/alec/Documents/Math/complete_graph_extremality_r3_rereview_2026-08-23
argv: sh -c cd\ work/package/source_and_certificates\ \&\&\ shasum\ -a\ 256\ -c\ MANIFEST.sha256
BUNDLE_METADATA.txt: OK
universal_simultaneous_amplification/LICENSE: OK
universal_simultaneous_amplification/phase1_directed/non_strong_support_closure.md: OK
universal_simultaneous_amplification/phase1_directed/verify_directed_db_strong.py: OK
universal_simultaneous_amplification/phase2_n4/README.md: OK
universal_simultaneous_amplification/phase2_n4/crosscheck_full_chain.py: OK
universal_simultaneous_amplification/phase2_n4/derive_lumped_certificates.py: OK
universal_simultaneous_amplification/phase2_n4/n4_symmetric_classification.md: OK
universal_simultaneous_amplification/phase2_triangle/README.md: OK
universal_simultaneous_amplification/phase2_triangle/audit/independent_triangle_audit.py: OK
universal_simultaneous_amplification/phase2_triangle/crosscheck_exact_solver.py: OK
universal_simultaneous_amplification/phase2_triangle/derive_certificate.py: OK
universal_simultaneous_amplification/phase2_triangle/triangle_classification.md: OK
universal_simultaneous_amplification/phase3_asymptotic/REPORT.md: OK
universal_simultaneous_amplification/phase3_asymptotic/verify_lumping.py: OK
universal_simultaneous_amplification/phase4_landmark_closure/obstruction/r2_collision_closure/verify_direct_flow_screen.py: OK
universal_simultaneous_amplification/phase4_landmark_closure/obstruction/r2_collision_closure/verify_fisher_route.py: OK
universal_simultaneous_amplification/phase4_landmark_closure/obstruction/r2_entropy_certificate/chi_square_channel/verify_resolvent_identities.py: OK
universal_simultaneous_amplification/phase4_landmark_closure/obstruction/r2_marked_lift_v2/MARKED_ONE_SAMPLE_REDUCTION.md: OK
universal_simultaneous_amplification/phase4_landmark_closure/obstruction/r2_marked_lift_v2/verify_marked_lift.py: OK
universal_simultaneous_amplification/phase5_exact_threshold/paper_db_extremality/.gitignore: OK
universal_simultaneous_amplification/phase5_exact_threshold/paper_db_extremality/README.md: OK
universal_simultaneous_amplification/phase5_exact_threshold/paper_db_extremality/all.sh: OK
universal_simultaneous_amplification/phase5_exact_threshold/paper_db_extremality/appendices/A_sector_certificates.tex: OK
universal_simultaneous_amplification/phase5_exact_threshold/paper_db_extremality/appendices/B_k4_certificate.tex: OK
universal_simultaneous_amplification/phase5_exact_threshold/paper_db_extremality/appendices/C_quantifier_ledger.tex: OK
universal_simultaneous_amplification/phase5_exact_threshold/paper_db_extremality/build.sh: OK
universal_simultaneous_amplification/phase5_exact_threshold/paper_db_extremality/bundle_manifest.py: OK
universal_simultaneous_amplification/phase5_exact_threshold/paper_db_extremality/main.tex: OK
universal_simultaneous_amplification/phase5_exact_threshold/paper_db_extremality/output/pdf/complete_graph_extremality_db.pdf: OK
universal_simultaneous_amplification/phase5_exact_threshold/paper_db_extremality/references.tex: OK
universal_simultaneous_amplification/phase5_exact_threshold/paper_db_extremality/release_bundle.sh: OK
universal_simultaneous_amplification/phase5_exact_threshold/paper_db_extremality/replay.sh: OK
universal_simultaneous_amplification/phase5_exact_threshold/paper_db_extremality/requirements-lock.txt: OK
universal_simultaneous_amplification/phase5_exact_threshold/paper_db_extremality/requirements.txt: OK
universal_simultaneous_amplification/phase5_exact_threshold/paper_db_extremality/sections/01_introduction.tex: OK
universal_simultaneous_amplification/phase5_exact_threshold/paper_db_extremality/sections/02_model_results.tex: OK
universal_simultaneous_amplification/phase5_exact_threshold/paper_db_extremality/sections/03_duality_collision.tex: OK
universal_simultaneous_amplification/phase5_exact_threshold/paper_db_extremality/sections/04_local_hessian.tex: OK
universal_simultaneous_amplification/phase5_exact_threshold/paper_db_extremality/sections/05_strong_selection.tex: OK
universal_simultaneous_amplification/phase5_exact_threshold/paper_db_extremality/sections/06_low_order.tex: OK
universal_simultaneous_amplification/phase5_exact_threshold/paper_db_extremality/sections/07_implications_reproducibility.tex: OK
universal_simultaneous_amplification/phase5_exact_threshold/paper_db_extremality/submission/BUNDLE_REPRODUCTION.md: OK
universal_simultaneous_amplification/phase5_exact_threshold/paper_db_extremality/submission/DECLARATIONS.md: OK
universal_simultaneous_amplification/phase5_exact_threshold/paper_db_extremality/submission/ENVIRONMENT.md: OK
universal_simultaneous_amplification/phase5_exact_threshold/paper_db_extremality/submission/PROVENANCE_AND_RELATED_RELEASES.md: OK
universal_simultaneous_amplification/phase5_exact_threshold/paper_db_extremality/submission/bootstrap_replay.sh: OK
universal_simultaneous_amplification/phase5_exact_threshold/paper_db_extremality/submission/create_tree_negative_control.py: OK
universal_simultaneous_amplification/phase5_exact_threshold/paper_db_extremality/submission/fake_python_public_token.sh: OK
universal_simultaneous_amplification/phase5_exact_threshold/paper_db_extremality/submission/verify_execution_safety.py: OK
universal_simultaneous_amplification/phase5_exact_threshold/paper_db_extremality/verify_paper_claims.py: OK
universal_simultaneous_amplification/phase5_exact_threshold/r2_determinant/ACTIVE_R2_DETERMINANT.md: OK
universal_simultaneous_amplification/phase5_exact_threshold/r2_determinant/COMPLETE_REFRESH_FOREST.md: OK
universal_simultaneous_amplification/phase5_exact_threshold/r2_determinant/FIXED_COUNT_TWO_REPLICA.md: OK
universal_simultaneous_amplification/phase5_exact_threshold/r2_determinant/TRUE_INVERSE_RANK_SYMMETRIC_PHASE_CONTRACTION.md: OK
universal_simultaneous_amplification/phase5_exact_threshold/r2_determinant/verify_antisymmetric_hessian.py: OK
universal_simultaneous_amplification/phase5_exact_threshold/r2_determinant/verify_complete_refresh_forest.py: OK
universal_simultaneous_amplification/phase5_exact_threshold/r2_determinant/verify_hessian_sectors.py: OK
universal_simultaneous_amplification/phase5_exact_threshold/r2_determinant/verify_r2_determinant.py: OK
universal_simultaneous_amplification/phase5_exact_threshold/r2_determinant/verify_true_inverse_rank_symmetric_phase.py: OK
universal_simultaneous_amplification/phase5_exact_threshold/r2_regular_sector/LOCAL_COMPLETE_HESSIAN_THEOREM.md: OK
universal_simultaneous_amplification/phase5_exact_threshold/r2_regular_sector/verify_local_complete_hessian.py: OK
universal_simultaneous_amplification/phase5_exact_threshold/r2_standard_physical_phase/PHYSICAL_STANDARD_PHASE_THEOREM.md: OK
universal_simultaneous_amplification/phase5_exact_threshold/r2_standard_physical_phase/README.md: OK
universal_simultaneous_amplification/phase5_exact_threshold/r2_standard_physical_phase/verify_physical_standard_phase.py: OK
universal_simultaneous_amplification/requirements.txt: OK
universal_simultaneous_amplification/src/__init__.py: OK
universal_simultaneous_amplification/src/exact_markov.py: OK
universal_simultaneous_amplification/tests/__init__.py: OK
universal_simultaneous_amplification/tests/test_exact_markov.py: OK
universal_simultaneous_amplification/verification/README.md: OK
universal_simultaneous_amplification/verification/verify_obstruction.py: OK
exit_status: 0

=== 2026-08-23T05:48:36Z :: r2_r3_full_delta ===
cwd: /Users/alec/Documents/Math/complete_graph_extremality_r3_rereview_2026-08-23
argv: diff -qr /Users/alec/Documents/Math/complete_graph_extremality_r2_rereview_2026-08-22/work/package work/package
Files /Users/alec/Documents/Math/complete_graph_extremality_r2_rereview_2026-08-22/work/package/CLAIM_CODE_MAP.md and work/package/CLAIM_CODE_MAP.md differ
Files /Users/alec/Documents/Math/complete_graph_extremality_r2_rereview_2026-08-22/work/package/PACKAGE_MANIFEST.sha256 and work/package/PACKAGE_MANIFEST.sha256 differ
Files /Users/alec/Documents/Math/complete_graph_extremality_r2_rereview_2026-08-22/work/package/README_FIRST.md and work/package/README_FIRST.md differ
Files /Users/alec/Documents/Math/complete_graph_extremality_r2_rereview_2026-08-22/work/package/REFEREE_PROMPT.md and work/package/REFEREE_PROMPT.md differ
Files /Users/alec/Documents/Math/complete_graph_extremality_r2_rereview_2026-08-22/work/package/VERSION.md and work/package/VERSION.md differ
Files /Users/alec/Documents/Math/complete_graph_extremality_r2_rereview_2026-08-22/work/package/complete_graph_extremality_db.pdf and work/package/complete_graph_extremality_db.pdf differ
Files /Users/alec/Documents/Math/complete_graph_extremality_r2_rereview_2026-08-22/work/package/complete_graph_extremality_db_source_and_certificates.tar.gz and work/package/complete_graph_extremality_db_source_and_certificates.tar.gz differ
Files /Users/alec/Documents/Math/complete_graph_extremality_r2_rereview_2026-08-22/work/package/complete_graph_extremality_db_source_and_certificates.tar.gz.sha256 and work/package/complete_graph_extremality_db_source_and_certificates.tar.gz.sha256 differ
Files /Users/alec/Documents/Math/complete_graph_extremality_r2_rereview_2026-08-22/work/package/run_all_referee_checks.sh and work/package/run_all_referee_checks.sh differ
Files /Users/alec/Documents/Math/complete_graph_extremality_r2_rereview_2026-08-22/work/package/source_and_certificates/BUNDLE_METADATA.txt and work/package/source_and_certificates/BUNDLE_METADATA.txt differ
Files /Users/alec/Documents/Math/complete_graph_extremality_r2_rereview_2026-08-22/work/package/source_and_certificates/MANIFEST.sha256 and work/package/source_and_certificates/MANIFEST.sha256 differ
Files /Users/alec/Documents/Math/complete_graph_extremality_r2_rereview_2026-08-22/work/package/source_and_certificates/universal_simultaneous_amplification/phase2_n4/README.md and work/package/source_and_certificates/universal_simultaneous_amplification/phase2_n4/README.md differ
Files /Users/alec/Documents/Math/complete_graph_extremality_r2_rereview_2026-08-22/work/package/source_and_certificates/universal_simultaneous_amplification/phase2_n4/n4_symmetric_classification.md and work/package/source_and_certificates/universal_simultaneous_amplification/phase2_n4/n4_symmetric_classification.md differ
Files /Users/alec/Documents/Math/complete_graph_extremality_r2_rereview_2026-08-22/work/package/source_and_certificates/universal_simultaneous_amplification/phase2_triangle/README.md and work/package/source_and_certificates/universal_simultaneous_amplification/phase2_triangle/README.md differ
Files /Users/alec/Documents/Math/complete_graph_extremality_r2_rereview_2026-08-22/work/package/source_and_certificates/universal_simultaneous_amplification/phase2_triangle/triangle_classification.md and work/package/source_and_certificates/universal_simultaneous_amplification/phase2_triangle/triangle_classification.md differ
Files /Users/alec/Documents/Math/complete_graph_extremality_r2_rereview_2026-08-22/work/package/source_and_certificates/universal_simultaneous_amplification/phase5_exact_threshold/paper_db_extremality/README.md and work/package/source_and_certificates/universal_simultaneous_amplification/phase5_exact_threshold/paper_db_extremality/README.md differ
Files /Users/alec/Documents/Math/complete_graph_extremality_r2_rereview_2026-08-22/work/package/source_and_certificates/universal_simultaneous_amplification/phase5_exact_threshold/paper_db_extremality/all.sh and work/package/source_and_certificates/universal_simultaneous_amplification/phase5_exact_threshold/paper_db_extremality/all.sh differ
Files /Users/alec/Documents/Math/complete_graph_extremality_r2_rereview_2026-08-22/work/package/source_and_certificates/universal_simultaneous_amplification/phase5_exact_threshold/paper_db_extremality/bundle_manifest.py and work/package/source_and_certificates/universal_simultaneous_amplification/phase5_exact_threshold/paper_db_extremality/bundle_manifest.py differ
Files /Users/alec/Documents/Math/complete_graph_extremality_r2_rereview_2026-08-22/work/package/source_and_certificates/universal_simultaneous_amplification/phase5_exact_threshold/paper_db_extremality/output/pdf/complete_graph_extremality_db.pdf and work/package/source_and_certificates/universal_simultaneous_amplification/phase5_exact_threshold/paper_db_extremality/output/pdf/complete_graph_extremality_db.pdf differ
Files /Users/alec/Documents/Math/complete_graph_extremality_r2_rereview_2026-08-22/work/package/source_and_certificates/universal_simultaneous_amplification/phase5_exact_threshold/paper_db_extremality/release_bundle.sh and work/package/source_and_certificates/universal_simultaneous_amplification/phase5_exact_threshold/paper_db_extremality/release_bundle.sh differ
Files /Users/alec/Documents/Math/complete_graph_extremality_r2_rereview_2026-08-22/work/package/source_and_certificates/universal_simultaneous_amplification/phase5_exact_threshold/paper_db_extremality/replay.sh and work/package/source_and_certificates/universal_simultaneous_amplification/phase5_exact_threshold/paper_db_extremality/replay.sh differ
Files /Users/alec/Documents/Math/complete_graph_extremality_r2_rereview_2026-08-22/work/package/source_and_certificates/universal_simultaneous_amplification/phase5_exact_threshold/paper_db_extremality/sections/07_implications_reproducibility.tex and work/package/source_and_certificates/universal_simultaneous_amplification/phase5_exact_threshold/paper_db_extremality/sections/07_implications_reproducibility.tex differ
Files /Users/alec/Documents/Math/complete_graph_extremality_r2_rereview_2026-08-22/work/package/source_and_certificates/universal_simultaneous_amplification/phase5_exact_threshold/paper_db_extremality/submission/BUNDLE_REPRODUCTION.md and work/package/source_and_certificates/universal_simultaneous_amplification/phase5_exact_threshold/paper_db_extremality/submission/BUNDLE_REPRODUCTION.md differ
Files /Users/alec/Documents/Math/complete_graph_extremality_r2_rereview_2026-08-22/work/package/source_and_certificates/universal_simultaneous_amplification/phase5_exact_threshold/paper_db_extremality/submission/DECLARATIONS.md and work/package/source_and_certificates/universal_simultaneous_amplification/phase5_exact_threshold/paper_db_extremality/submission/DECLARATIONS.md differ
Files /Users/alec/Documents/Math/complete_graph_extremality_r2_rereview_2026-08-22/work/package/source_and_certificates/universal_simultaneous_amplification/phase5_exact_threshold/paper_db_extremality/submission/ENVIRONMENT.md and work/package/source_and_certificates/universal_simultaneous_amplification/phase5_exact_threshold/paper_db_extremality/submission/ENVIRONMENT.md differ
Files /Users/alec/Documents/Math/complete_graph_extremality_r2_rereview_2026-08-22/work/package/source_and_certificates/universal_simultaneous_amplification/phase5_exact_threshold/paper_db_extremality/submission/bootstrap_replay.sh and work/package/source_and_certificates/universal_simultaneous_amplification/phase5_exact_threshold/paper_db_extremality/submission/bootstrap_replay.sh differ
Only in work/package/source_and_certificates/universal_simultaneous_amplification/phase5_exact_threshold/paper_db_extremality/submission: create_tree_negative_control.py
Only in work/package/source_and_certificates/universal_simultaneous_amplification/phase5_exact_threshold/paper_db_extremality/submission: fake_python_public_token.sh
Files /Users/alec/Documents/Math/complete_graph_extremality_r2_rereview_2026-08-22/work/package/source_and_certificates/universal_simultaneous_amplification/phase5_exact_threshold/paper_db_extremality/submission/verify_execution_safety.py and work/package/source_and_certificates/universal_simultaneous_amplification/phase5_exact_threshold/paper_db_extremality/submission/verify_execution_safety.py differ
Files /Users/alec/Documents/Math/complete_graph_extremality_r2_rereview_2026-08-22/work/package/source_and_certificates/universal_simultaneous_amplification/phase5_exact_threshold/r2_determinant/TRUE_INVERSE_RANK_SYMMETRIC_PHASE_CONTRACTION.md and work/package/source_and_certificates/universal_simultaneous_amplification/phase5_exact_threshold/r2_determinant/TRUE_INVERSE_RANK_SYMMETRIC_PHASE_CONTRACTION.md differ
Files /Users/alec/Documents/Math/complete_graph_extremality_r2_rereview_2026-08-22/work/package/source_and_certificates/universal_simultaneous_amplification/phase5_exact_threshold/r2_standard_physical_phase/PHYSICAL_STANDARD_PHASE_THEOREM.md and work/package/source_and_certificates/universal_simultaneous_amplification/phase5_exact_threshold/r2_standard_physical_phase/PHYSICAL_STANDARD_PHASE_THEOREM.md differ
Files /Users/alec/Documents/Math/complete_graph_extremality_r2_rereview_2026-08-22/work/package/source_and_certificates/universal_simultaneous_amplification/phase5_exact_threshold/r2_standard_physical_phase/README.md and work/package/source_and_certificates/universal_simultaneous_amplification/phase5_exact_threshold/r2_standard_physical_phase/README.md differ
Files /Users/alec/Documents/Math/complete_graph_extremality_r2_rereview_2026-08-22/work/package/verify_referee_package.py and work/package/verify_referee_package.py differ
exit_status: 1

=== 2026-08-23T05:49:20Z :: pdfinfo ===
cwd: /Users/alec/Documents/Math/complete_graph_extremality_r3_rereview_2026-08-23
argv: /opt/homebrew/bin/pdfinfo work/package/complete_graph_extremality_db.pdf
Creator:         LaTeX with hyperref
Producer:        xdvipdfmx (0.1)
CreationDate:    Thu Aug 20 17:00:00 2026 PDT
Custom Metadata: no
Metadata Stream: no
Tagged:          no
UserProperties:  no
Suspects:        no
Form:            none
JavaScript:      no
Pages:           30
Encrypted:       no
Page size:       612 x 792 pts (letter)
Page rot:        0
File size:       235301 bytes
Optimized:       no
PDF version:     1.5
exit_status: 0

=== 2026-08-23T05:49:21Z :: pdf_text_extract ===
cwd: /Users/alec/Documents/Math/complete_graph_extremality_r3_rereview_2026-08-23
argv: /opt/homebrew/bin/pdftotext -layout work/package/complete_graph_extremality_db.pdf records/paper_extracted.txt
exit_status: 0

=== 2026-08-23T05:49:21Z :: pdf_render_all ===
cwd: /Users/alec/Documents/Math/complete_graph_extremality_r3_rereview_2026-08-23
argv: /opt/homebrew/bin/pdftoppm -png -r 120 work/package/complete_graph_extremality_db.pdf work/pdf_pages/page
exit_status: 0

=== 2026-08-23T05:53:27Z :: certified_clean_replay ===
cwd: /Users/alec/Documents/Math/complete_graph_extremality_r3_rereview_2026-08-23
argv: env -i HOME=/Users/alec/Documents/Math/complete_graph_extremality_r3_rereview_2026-08-23/work/clean_home TMPDIR=/Users/alec/Documents/Math/complete_graph_extremality_r3_rereview_2026-08-23/work/replay_tmp XDG_CACHE_HOME=/Users/alec/Documents/Math/complete_graph_extremality_r3_rereview_2026-08-23/work/xdg_cache PATH=/opt/homebrew/bin:/usr/bin:/bin LANG=C LC_ALL=C TZ=UTC BOOTSTRAP_PYTHON=/opt/homebrew/bin/python3 ./work/package/run_all_referee_checks.sh
PASS: 83 package payload files match PACKAGE_MANIFEST.sha256
PASS: 73 source-archive members match the internal manifest
SOURCE_ARCHIVE_SHA256: 12a8c89b77aa898e9c16a1efdf93e77f35ea3cee3eed93ad34c7f497eaad3eb0
PDF_SHA256: 5d2bc6cfa9d02b21e816d3dd30252d067e23b51ecd0c58bb8c3cfb116ab937bd
WROTE_VERIFIED_EXTRACTION: /Users/alec/Documents/Math/complete_graph_extremality_r3_rereview_2026-08-23/work/replay_tmp/paper1-certified.kfP21L/source
PASS: extracted source tree, convenience PDF, and neutral prompt are bound
PASS: intentional false check propagates a nonzero top-level status
PASS: explicit false check remains active under python -O
PASS: inherited optimized mode is rejected before replay
PASS: public-token fake interpreter is rejected before invocation
PASS: certified tree audit rejects bytecode contamination before import
PASS: certified tree audit rejects extra-file contamination before import
PASS: certified tree audit rejects extra-dir contamination before import
PASS: certified tree audit rejects symlink contamination before import
PASS: certified tree audit rejects fifo contamination before import
PASS: exact unoptimized Python runtime and sanitized environment
PASS: exact bundle tree contains 73 regular files, 25 implied directories, no links/special nodes, and no bytecode/cache entries
PASS: 27 bundled Python files contain no bare assert; verified 406 exact scientific and 436 total require calls
PASS: Paper I execution-safety checks completed
Collecting sympy==1.14.0 (from -r /Users/alec/Documents/Math/complete_graph_extremality_r3_rereview_2026-08-23/work/replay_tmp/paper1-certified.kfP21L/source/universal_simultaneous_amplification/phase5_exact_threshold/paper_db_extremality/requirements-lock.txt (line 2))
  Downloading sympy-1.14.0-py3-none-any.whl (6.3 MB)
     ━━━━━━━━━━━━━━━━━━━━━━━━━━━━━━━━━━━━━━━━ 6.3/6.3 MB 11.1 MB/s  0:00:00
Collecting python-flint==0.9.0 (from -r /Users/alec/Documents/Math/complete_graph_extremality_r3_rereview_2026-08-23/work/replay_tmp/paper1-certified.kfP21L/source/universal_simultaneous_amplification/phase5_exact_threshold/paper_db_extremality/requirements-lock.txt (line 4))
  Downloading python_flint-0.9.0-cp314-cp314-macosx_11_0_arm64.whl (8.0 MB)
     ━━━━━━━━━━━━━━━━━━━━━━━━━━━━━━━━━━━━━━━━ 8.0/8.0 MB 10.2 MB/s  0:00:00
Collecting mpmath==1.3.0 (from -r /Users/alec/Documents/Math/complete_graph_extremality_r3_rereview_2026-08-23/work/replay_tmp/paper1-certified.kfP21L/source/universal_simultaneous_amplification/phase5_exact_threshold/paper_db_extremality/requirements-lock.txt (line 35))
  Downloading mpmath-1.3.0-py3-none-any.whl (536 kB)
     ━━━━━━━━━━━━━━━━━━━━━━━━━━━━━━━━━━━━━━━━ 536.2/536.2 kB 7.4 MB/s  0:00:00
Installing collected packages: mpmath, sympy, python-flint

Successfully installed mpmath-1.3.0 python-flint-0.9.0 sympy-1.14.0
PASS: exact unoptimized Python runtime and sanitized environment
PASS: fresh private bytecode-cache prefix is active and empty: /Users/alec/Documents/Math/complete_graph_extremality_r3_rereview_2026-08-23/work/replay_tmp/paper1-runtime.lUC6Je/pycache
PASS: exact bundle tree contains 73 regular files, 25 implied directories, no links/special nodes, and no bytecode/cache entries
PASS: hashed-lock environment contains SymPy 1.14.0, python-flint 0.9.0, and mpmath 1.3.0
PASS: 27 bundled Python files contain no bare assert; verified 406 exact scientific and 436 total require calls
PASS: fresh private bytecode-cache prefix is active and empty: /Users/alec/Documents/Math/complete_graph_extremality_r3_rereview_2026-08-23/work/replay_tmp/paper1-runtime.lUC6Je/pycache
PASS: Paper I execution-safety checks completed
PASS: exact unoptimized Python runtime and sanitized environment
PASS: fresh private bytecode-cache prefix is active and empty: /Users/alec/Documents/Math/complete_graph_extremality_r3_rereview_2026-08-23/work/replay_tmp/paper1-runtime.lUC6Je/pycache
PASS: hashed-lock environment contains SymPy 1.14.0, python-flint 0.9.0, and mpmath 1.3.0
PASS: 27 bundled Python files contain no bare assert; verified 406 exact scientific and 436 total require calls
PASS: fresh private bytecode-cache prefix is active and empty: /Users/alec/Documents/Math/complete_graph_extremality_r3_rereview_2026-08-23/work/replay_tmp/paper1-runtime.lUC6Je/pycache
PASS: Paper I execution-safety checks completed
test_complete_graph_formulas (test_exact_markov.ExactMarkovTests.test_complete_graph_formulas) ... ok
test_complete_graph_lumps_by_mutant_count (test_exact_markov.ExactMarkovTests.test_complete_graph_lumps_by_mutant_count) ... ok
test_every_transition_row_sums_to_one (test_exact_markov.ExactMarkovTests.test_every_transition_row_sums_to_one) ... ok
test_incomplete_support_strong_limit (test_exact_markov.ExactMarkovTests.test_incomplete_support_strong_limit) ... ok
test_sturm_sign_certificate (test_exact_markov.ExactMarkovTests.test_sturm_sign_certificate) ... ok
test_weighted_triangle_first_strong_correction (test_exact_markov.ExactMarkovTests.test_weighted_triangle_first_strong_correction) ... ok

----------------------------------------------------------------------
Ran 6 tests in 2.023s

OK
PASS: exact transition rows, complete-graph lumping, and absorption solves
PASS: incomplete-support limits path4=7/12 and star4=9/16
PASS: complete-support 1/r coefficients [22/27, 343/320]
PASS: weighted-triangle numerator certificate {'sign': -1, 'endpoint_multiplicity': 1, 'shifted_coefficients': [900, 9991, 40254, 75307, 66216, 22072]}
PASS: weighted-triangle denominator certificate {'sign': 1, 'endpoint_multiplicity': 0, 'shifted_coefficients': [6075, 108000, 775944, 2954376, 6487470, 8258688, 5663700, 1618200]}
n=3 E_dir=74/15 graph_coefficient=164/135 comparison_coefficient=74/135
n=3 E_dir=233/105 graph_coefficient=863/945 comparison_coefficient=233/945
n=4 E_dir=4051/165 graph_coefficient=8011/5280 comparison_coefficient=4051/5280
column-uniform negative control: exact baseline identity; wrong row defect=1131/77
independent incoming-column scaling: exact fixation identity
[EXACTLY COMPUTED] solved all six transient dB equations over QQ(r,x,y)
[CERTIFIED IDENTITY] rho-rho_K3 = -r(r-1)H/[3(r+1)P]
[CERTIFIED IDENTITY] H = A(r-1)^4 + D*r(r-1)^2 + E*r^2
[CERTIFIED POSITIVITY] P = local_product*det(M)/3 > 0
[CERTIFIED SOS] A,D,E are nonnegative; E is strict off a=b=c
[PROVED] every nonuniform positive weighted triangle is a strict dB suppressor for r>1
[INDEPENDENTLY VERIFIED] all eight subset-state transition rows sum exactly to one
[INDEPENDENTLY VERIFIED] all six transient fixation values match the manual system
[INDEPENDENTLY VERIFIED] the symbolic averaged difference matches the certificate
[EXACTLY CHECKED] rational specializations have the classified signs
[PASS] all seven reciprocal coefficients of P match the direct determinant
[PASS] direct subset-state solution matches the homogeneous H/P formula
[PASS] all gap and numerator SOS identities expand to zero
[PASS] one-edge, extreme-ratio, and near-uniform symbolic limits match
[PASS] 120 deterministic random and 3 extreme exact cases
[VERDICT] no counterexample; classification and equality condition are exact
[EXACTLY DERIVED] 1+3 and 2+2 orbit chains solved over rational functions
[PROVED] 1+3 is strictly dB-suppressing for x!=1 and every r>1
[CERTIFIED IDENTITY] H22(g,d,t)=sum_{k=0}^4 C_k(g,t)d^k
[CERTIFIED POSITIVITY] C0>=0, C1..C4>0 for g>0,t>0
[PROVED] 2+2 is strictly dB-suppressing off x=y=1 for every r>1
[CERTIFIED POSITIVITY] both reduced denominators are positive
[INDEPENDENTLY VERIFIED] full transition rows are exactly stochastic
[INDEPENDENTLY VERIFIED] both count partitions are strongly lumpable symbolically
[INDEPENDENTLY VERIFIED] quotient solutions match both manual orbit chains
[INDEPENDENTLY VERIFIED] four full 14-state rational-weight solves match exactly
[EXACTLY CERTIFIED] specialized differences are negative for every r>1
PASS family=two_class rule=Bd cells=20
PASS family=two_class rule=dB cells=20
PASS family=windmill rule=Bd cells=20
PASS family=windmill rule=dB cells=20
PASS: nine-state active-tree determinant reconstructed symbolically
PASS: true triangle collision numerator is a centered positive certificate
PASS: raw edge-monomial coefficient positivity is exactly false
PASS: promotion and collision coefficients are distinct with the proved direction
OPEN: universal active-tree collision coefficient
PASS: symbolic triangle complete-refresh determinant
PASS: every nonzero Bernstein coefficient has a centered positive certificate
PASS: exact finite Bernstein screen {'reversible-n4': 12, 'reversible-n5': 12, 'directed-n4': 6, 'directed-n5': 6}
OPEN: arbitrary-order positivity of all complete-refresh forest coefficients
PASS: exact heat-bath Poisson gradients decrease for 3<=n<=40
PASS: exact recurrence evaluations and displayed n<=12 values agree
PASS: independent full active-chain Hessian agrees for 3<=n<=7
PASS: finite exact checks agree with the all-n analytic proof in Appendix A
PASS: stationary symmetric inverse-rank phase certificate
  exact stationary solve: 3 <= N <= 39
  exact finite phase margins: 40 <= N <= 287
  analytic discriminant certificate: N >= 288
PASS: independent exact orbit reduction for all three Hessian sectors, 3<=n<=12
EXACTLY COMPUTED: every displayed sector value is positive
CONTEXT: all-n standard and symmetric positivity is established in Appendix A
PASS (ALL N): shifted W and z polynomials, first-phase bounds, tail identity
PASS (EXACT): radial formula and physical quotient normalization, N=2..12
PASS (EXACT): direct reconstruction of every barrier, N=6..15
Phi_2 = 24/11
Phi_3 = 261/40
Phi_4 = 343400/28657
Phi_5 = 2268275/128288
Phi_6 = 5758562957/248448224
Phi_7 = 141339691089527/4988552903680
Phi_8 = 15468663676289/466560376100
Phi_9 = 19782952499295763/524622207176704
PASS (EXACT): physical Schur values N=2..9
PASS: finite exact examples match the stated two-step sum-of-squares identity
PASS: exact Perron/forward-active factorization and strict P3 promotion
PASS: exact marked stationarity, path values, and complete binomial law
PASS: exact n=6 event-rank tail counterexample; tail excess ~0.00146333006947
PASS: same graph remains below baseline; harmonic excess ~0.0462847048688
PASS: exact late-time decrease; psi lower envelope still survives
PASS: exact stationary PGF lower-envelope counterexample at t=0
OPEN: universal marked collision inequality, equivalently dB r=2 maximality
PASS: exact local complete-kernel Hessian certificate for every n>=4
PASS: complete active law, collision normalization, and dB baseline
PASS: rectangular marked/active phase spaces and empty-cache boundary
PASS: full tangent decomposition into all three irreducible sectors
PASS: standard-sector phase and Frobenius normalizations
PASS: incoming-column strong-selection sum of squares and equality gauge
PASS: positive inverse-mean Hessian converts to negative fixation Hessian
PASS: formal phase, difference, normalization, and disclosure guards
PASS: displayed symmetric-certificate hash and exact minimum are bound
PASS: paper-level theorem integration audit
PASS: internal verifier stage completed with an empty controlled cache
note: generating format "latex"
note: downloading tectonic-format-latex.tex
note: downloading xelatex.ini
note: downloading latex.ltx
note: downloading texsys.cfg
note: downloading expl3.ltx
note: downloading expl3-code.tex
note: downloading cmr10.tfm
note: downloading UnicodeData.txt
note: downloading CaseFolding.txt
note: downloading SpecialCasing.txt
note: downloading fonttext.cfg
note: downloading fonttext.ltx
note: downloading omlenc.def
note: downloading omsenc.def
note: downloading ot1enc.def
note: downloading t1enc.def
note: downloading ts1enc.def
note: downloading tuenc.def
note: downloading tulmr.fd
note: downloading tulmss.fd
note: downloading tulmtt.fd
note: downloading ts1lmr.fd
note: downloading t1cmr.fd
note: downloading ot1cmr.fd
note: downloading ot1cmss.fd
note: downloading ot1cmtt.fd
note: downloading fontmath.cfg
note: downloading fontmath.ltx
note: downloading omlcmm.fd
note: downloading omscmsy.fd
note: downloading omxcmex.fd
note: downloading ucmr.fd
note: downloading preload.cfg
note: downloading preload.ltx
note: downloading cmex10.tfm
note: downloading line10.tfm
note: downloading linew10.tfm
note: downloading lcircle10.tfm
note: downloading lcirclew10.tfm
note: downloading cmr5.tfm
note: downloading cmr7.tfm
note: downloading cmmi5.tfm
note: downloading cmmi7.tfm
note: downloading cmmi10.tfm
note: downloading cmsy5.tfm
note: downloading cmsy7.tfm
note: downloading cmsy10.tfm
note: downloading atveryend.sty
note: downloading atveryend-ltx.sty
note: downloading atbegshi.sty
note: downloading atbegshi-ltx.sty
note: downloading load-unicode-data.tex
note: downloading hyphen.cfg
note: downloading xebabel.def
note: downloading language.dat
note: downloading hyphen.tex
note: downloading dumyhyph.tex
note: downloading zerohyph.tex
note: downloading dehypht-x-2022-03-16.tex
note: downloading dehypht-x-2022-03-16.pat
note: downloading dehyphn-x-2022-03-16.tex
note: downloading dehyphn-x-2022-03-16.pat
note: downloading loadhyph-af.tex
note: downloading hyph-af.tex
note: downloading hyph-quote-af.tex
note: downloading loadhyph-grc.tex
note: downloading hyph-grc.tex
note: downloading ibyhyph.tex
note: downloading loadhyph-hy.tex
note: downloading hyph-hy.tex
note: downloading loadhyph-eu.tex
note: downloading hyph-eu.tex
note: downloading loadhyph-be.tex
note: downloading hyph-be.tex
note: downloading hyph-quote-be.tex
note: downloading loadhyph-bg.tex
note: downloading hyph-bg.tex
note: downloading loadhyph-ca.tex
note: downloading hyph-ca.tex
note: downloading loadhyph-zh-latn-pinyin.tex
note: downloading hyph-zh-latn-pinyin.tex
note: downloading loadhyph-cu.tex
note: downloading hyph-cu.tex
note: downloading loadhyph-cop.tex
note: downloading hyph-cop.tex
note: downloading loadhyph-hr.tex
note: downloading hyph-hr.tex
note: downloading loadhyph-cs.tex
note: downloading hyph-cs.tex
note: downloading loadhyph-da.tex
note: downloading hyph-da.tex
note: downloading loadhyph-nl.tex
note: downloading hyph-nl.tex
note: downloading loadhyph-en-gb.tex
note: downloading hyph-en-gb.tex
note: downloading loadhyph-en-us.tex
note: downloading hyph-en-us.tex
note: downloading loadhyph-eo.tex
note: downloading hyph-eo.tex
note: downloading loadhyph-et.tex
note: downloading hyph-et.tex
note: downloading loadhyph-mul-ethi.tex
note: downloading hyph-mul-ethi.tex
note: downloading loadhyph-fi.tex
note: downloading hyph-fi.tex
note: downloading loadhyph-fi-x-school.tex
note: downloading hyph-fi-x-school.tex
note: downloading loadhyph-fr.tex
note: downloading hyph-fr.tex
note: downloading hyph-quote-fr.tex
note: downloading loadhyph-fur.tex
note: downloading hyph-fur.tex
note: downloading hyph-quote-fur.tex
note: downloading loadhyph-gl.tex
note: downloading hyph-gl.tex
note: downloading loadhyph-ka.tex
note: downloading hyph-ka.tex
note: downloading loadhyph-de-1901.tex
note: downloading hyph-de-1901.tex
note: downloading loadhyph-de-1996.tex
note: downloading hyph-de-1996.tex
note: downloading loadhyph-de-ch-1901.tex
note: downloading hyph-de-ch-1901.tex
note: downloading loadhyph-el-polyton.tex
note: downloading hyph-el-polyton.tex
note: downloading loadhyph-el-monoton.tex
note: downloading hyph-el-monoton.tex
note: downloading loadhyph-hu.tex
note: downloading hyph-hu.tex
note: downloading loadhyph-is.tex
note: downloading hyph-is.tex
note: downloading loadhyph-as.tex
note: downloading hyph-as.tex
note: downloading loadhyph-bn.tex
note: downloading hyph-bn.tex
note: downloading loadhyph-gu.tex
note: downloading hyph-gu.tex
note: downloading loadhyph-hi.tex
note: downloading hyph-hi.tex
note: downloading loadhyph-kn.tex
note: downloading hyph-kn.tex
note: downloading loadhyph-ml.tex
note: downloading hyph-ml.tex
note: downloading loadhyph-mr.tex
note: downloading hyph-mr.tex
note: downloading loadhyph-or.tex
note: downloading hyph-or.tex
note: downloading loadhyph-pi.tex
note: downloading hyph-pi.tex
note: downloading loadhyph-pa.tex
note: downloading hyph-pa.tex
note: downloading loadhyph-ta.tex
note: downloading hyph-ta.tex
note: downloading loadhyph-te.tex
note: downloading hyph-te.tex
note: downloading loadhyph-id.tex
note: downloading hyph-id.tex
note: downloading loadhyph-ia.tex
note: downloading hyph-ia.tex
note: downloading loadhyph-ga.tex
note: downloading hyph-ga.tex
note: downloading loadhyph-it.tex
note: downloading hyph-it.tex
note: downloading hyph-quote-it.tex
note: downloading loadhyph-kmr.tex
note: downloading hyph-kmr.tex
note: downloading loadhyph-la-x-classic.tex
note: downloading hyph-la-x-classic.tex
note: downloading loadhyph-la.tex
note: downloading hyph-la.tex
note: downloading loadhyph-la-x-liturgic.tex
note: downloading hyph-la-x-liturgic.tex
note: downloading loadhyph-lv.tex
note: downloading hyph-lv.tex
note: downloading loadhyph-lt.tex
note: downloading hyph-lt.tex
note: downloading loadhyph-mk.tex
note: downloading hyph-mk.tex
note: downloading loadhyph-mn-cyrl.tex
note: downloading hyph-mn-cyrl.tex
note: downloading loadhyph-mn-cyrl-x-lmc.tex
note: downloading hyph-mn-cyrl-x-lmc.tex
note: downloading loadhyph-nb.tex
note: downloading hyph-nb.tex
note: downloading hyph-no.tex
note: downloading loadhyph-nn.tex
note: downloading hyph-nn.tex
note: downloading loadhyph-oc.tex
note: downloading hyph-oc.tex
note: downloading hyph-quote-oc.tex
note: downloading loadhyph-pms.tex
note: downloading hyph-pms.tex
note: downloading hyph-quote-pms.tex
note: downloading loadhyph-pl.tex
note: downloading hyph-pl.tex
note: downloading loadhyph-pt.tex
note: downloading hyph-pt.tex
note: downloading loadhyph-ro.tex
note: downloading hyph-ro.tex
note: downloading loadhyph-rm.tex
note: downloading hyph-rm.tex
note: downloading hyph-quote-rm.tex
note: downloading loadhyph-ru.tex
note: downloading hyph-ru.tex
note: downloading loadhyph-sa.tex
note: downloading hyph-sa.tex
note: downloading loadhyph-sr-latn.tex
note: downloading hyph-sh-latn.tex
note: downloading hyph-sh-cyrl.tex
note: downloading loadhyph-sr-cyrl.tex
note: downloading loadhyph-sk.tex
note: downloading hyph-sk.tex
note: downloading loadhyph-sl.tex
note: downloading hyph-sl.tex
note: downloading loadhyph-es.tex
note: downloading hyph-es.tex
note: downloading loadhyph-sv.tex
note: downloading hyph-sv.tex
note: downloading loadhyph-th.tex
note: downloading hyph-th.tex
note: downloading loadhyph-tr.tex
note: downloading hyph-tr.tex
note: downloading loadhyph-tk.tex
note: downloading hyph-tk.tex
note: downloading loadhyph-uk.tex
note: downloading hyph-uk.tex
note: downloading hyph-quote-uk.tex
note: downloading loadhyph-hsb.tex
note: downloading hyph-hsb.tex
note: downloading loadhyph-cy.tex
note: downloading hyph-cy.tex
note: downloading latex2e-first-aid-for-external-files.ltx
note: Running TeX ...
note: downloading article.cls
note: downloading size11.clo
note: downloading lmroman10-regular.otf
note: downloading tex-text.tec
note: downloading geometry.sty
note: downloading keyval.sty
note: downloading ifvtex.sty
note: downloading iftex.sty
note: downloading amsmath.sty
note: downloading amsopn.sty
note: downloading amstext.sty
note: downloading amsgen.sty
note: downloading amsbsy.sty
note: downloading amssymb.sty
note: downloading amsfonts.sty
note: downloading amsthm.sty
note: downloading mathtools.sty
note: downloading calc.sty
note: downloading mhsetup.sty
note: downloading booktabs.sty
note: downloading array.sty
note: downloading microtype.sty
note: downloading etoolbox.sty
note: downloading microtype-xetex.def
note: downloading microtype.cfg
note: downloading xcolor.sty
note: downloading color.cfg
note: downloading xetex.def
note: downloading tikz.sty
note: downloading pgf.sty
note: downloading pgfrcs.sty
note: downloading pgfutil-common.tex
note: downloading pgfutil-common-lists.tex
note: downloading pgfutil-latex.def
note: downloading pgfrcs.code.tex
note: downloading pgf.revision.tex
note: downloading pgfcore.sty
note: downloading graphicx.sty
note: downloading graphics.sty
note: downloading trig.sty
note: downloading graphics.cfg
note: downloading pgfsys.sty
note: downloading pgfsys.code.tex
note: downloading pgfkeys.code.tex
note: downloading pgfkeysfiltered.code.tex
note: downloading pgf.cfg
note: downloading pgfsys-xetex.def
note: downloading pgfsys-dvipdfmx.def
note: downloading pgfsys-common-pdf.def
note: downloading pgfsyssoftpath.code.tex
note: downloading pgfsysprotocol.code.tex
note: downloading pgfcore.code.tex
note: downloading pgfmath.code.tex
note: downloading pgfmathcalc.code.tex
note: downloading pgfmathutil.code.tex
note: downloading pgfmathparser.code.tex
note: downloading pgfmathfunctions.code.tex
note: downloading pgfmathfunctions.basic.code.tex
note: downloading pgfmathfunctions.trigonometric.code.tex
note: downloading pgfmathfunctions.random.code.tex
note: downloading pgfmathfunctions.comparison.code.tex
note: downloading pgfmathfunctions.base.code.tex
note: downloading pgfmathfunctions.round.code.tex
note: downloading pgfmathfunctions.misc.code.tex
note: downloading pgfmathfunctions.integerarithmetics.code.tex
note: downloading pgfmathfloat.code.tex
note: downloading pgfint.code.tex
note: downloading pgfcorepoints.code.tex
note: downloading pgfcorepathconstruct.code.tex
note: downloading pgfcorepathusage.code.tex
note: downloading pgfcorescopes.code.tex
note: downloading pgfcoregraphicstate.code.tex
note: downloading pgfcoretransformations.code.tex
note: downloading pgfcorequick.code.tex
note: downloading pgfcoreobjects.code.tex
note: downloading pgfcorepathprocessing.code.tex
note: downloading pgfcorearrows.code.tex
note: downloading pgfcoreshade.code.tex
note: downloading pgfcoreimage.code.tex
note: downloading pgfcoreexternal.code.tex
note: downloading pgfcorelayers.code.tex
note: downloading pgfcoretransparency.code.tex
note: downloading pgfcorepatterns.code.tex
note: downloading pgfcorerdf.code.tex
note: downloading pgfmoduleshapes.code.tex
note: downloading pgfmoduleplot.code.tex
note: downloading pgfcomp-version-0-65.sty
note: downloading pgfcomp-version-1-18.sty
note: downloading pgffor.sty
note: downloading pgfkeys.sty
note: downloading pgfmath.sty
note: downloading pgffor.code.tex
note: downloading tikz.code.tex
note: downloading pgflibraryplothandlers.code.tex
note: downloading pgfmodulematrix.code.tex
note: downloading tikzlibrarytopaths.code.tex
note: downloading float.sty
note: downloading pgflibraryarrows.meta.code.tex
note: downloading tikzlibrarypositioning.code.tex
note: downloading natbib.sty
note: downloading hyperref.sty
note: downloading ltxcmds.sty
note: downloading pdftexcmds.sty
note: downloading infwarerr.sty
note: downloading kvsetkeys.sty
note: downloading kvdefinekeys.sty
note: downloading pdfescape.sty
note: downloading hycolor.sty
note: downloading letltxmacro.sty
note: downloading auxhook.sty
note: downloading kvoptions.sty
note: downloading pd1enc.def
note: downloading intcalc.sty
note: downloading etexcmds.sty
note: downloading puenc.def
note: downloading url.sty
note: downloading pzdr.tfm
note: downloading bitset.sty
note: downloading bigintcalc.sty
note: downloading hxetex.def
note: downloading stringenc.sty
note: downloading rerunfilecheck.sty
note: downloading uniquecounter.sty
note: downloading l3backend-xetex.def
note: downloading ts1cmr.fd
note: downloading mt-LatinModernRoman.cfg
note: downloading color.sty
note: downloading nameref.sty
note: downloading refcount.sty
note: downloading gettitlestring.sty
note: downloading lmroman17-regular.otf
note: downloading lmroman12-regular.otf
note: downloading cmr12.tfm
note: downloading mt-cmr.cfg
note: downloading cmr8.tfm
note: downloading cmr6.tfm
note: downloading cmmi12.tfm
note: downloading cmmi8.tfm
note: downloading cmmi6.tfm
note: downloading cmsy8.tfm
note: downloading cmsy6.tfm
note: downloading cmex8.tfm
note: downloading cmex7.tfm
note: downloading umsa.fd
note: downloading msam10.tfm
note: downloading mt-msa.cfg
note: downloading msam7.tfm
note: downloading umsb.fd
note: downloading msbm10.tfm
note: downloading mt-msb.cfg
note: downloading msbm7.tfm
note: downloading lmroman10-bold.otf
note: downloading msam5.tfm
note: downloading msbm5.tfm
note: downloading lmroman12-bold.otf
note: downloading cmbx10.tfm
note: downloading cmbx8.tfm
note: downloading cmbx6.tfm
note: downloading cmss10.tfm
note: downloading cmss8.tfm
note: downloading lmroman10-italic.otf
note: downloading lmmono10-regular.otf
note: downloading cmbx7.tfm
note: downloading cmbx5.tfm
note: downloading cmbx12.tfm
note: downloading cmss12.tfm
note: Rerunning TeX because "main.out" changed ...
note: Rerunning TeX because "main.aux" changed ...
note: Running xdvipdfmx ...
note: downloading pdftex.map
note: downloading kanjix.map
note: downloading ckx.map
note: downloading texglyphlist.txt
note: downloading pdfglyphlist.txt
note: downloading glyphlist.txt
note: downloading cmmi10.pfb
note: downloading cmmi7.pfb
note: downloading cmsy10.pfb
note: downloading cmr10.pfb
note: downloading cmr7.pfb
note: downloading cmmi8.pfb
note: downloading cmr8.pfb
note: downloading cmsy8.pfb
note: downloading cmex10.pfb
note: downloading msbm10.pfb
note: downloading cmbx10.pfb
note: downloading cmss8.pfb
note: downloading cmr6.pfb
note: downloading cmmi6.pfb
note: downloading cmmi12.pfb
note: Writing `/Users/alec/Documents/Math/complete_graph_extremality_r3_rereview_2026-08-23/work/replay_tmp/paper1-certified.kfP21L/source/universal_simultaneous_amplification/phase5_exact_threshold/paper_db_extremality/tmp/pdfs/main.aux` (18.7529296875 KiB)
note: Writing `/Users/alec/Documents/Math/complete_graph_extremality_r3_rereview_2026-08-23/work/replay_tmp/paper1-certified.kfP21L/source/universal_simultaneous_amplification/phase5_exact_threshold/paper_db_extremality/tmp/pdfs/main.pdf` (229.7861328125 KiB)
note: Writing `/Users/alec/Documents/Math/complete_graph_extremality_r3_rereview_2026-08-23/work/replay_tmp/paper1-certified.kfP21L/source/universal_simultaneous_amplification/phase5_exact_threshold/paper_db_extremality/tmp/pdfs/main.log` (23.0419921875 KiB)
note: Writing `/Users/alec/Documents/Math/complete_graph_extremality_r3_rereview_2026-08-23/work/replay_tmp/paper1-certified.kfP21L/source/universal_simultaneous_amplification/phase5_exact_threshold/paper_db_extremality/tmp/pdfs/main.out` (5.4130859375 KiB)
note: "version 2" Tectonic command-line interface activated
PASS: pinned Tectonic v33 bundle digest 6ffe055852f8faf66c0acbe1a7fb27f87b869a90bad1204f3bf4d9683f597c7c
Creator:         LaTeX with hyperref
Producer:        xdvipdfmx (0.1)
CreationDate:    Fri Aug 21 00:00:00 2026 UTC
Custom Metadata: no
Metadata Stream: no
Tagged:          no
UserProperties:  no
Suspects:        no
Form:            none
JavaScript:      no
Pages:           30
Encrypted:       no
Page size:       612 x 792 pts (letter)
Page rot:        0
File size:       235301 bytes
Optimized:       no
PDF version:     1.5
REBUILT_PDF_SHA256: 5d2bc6cfa9d02b21e816d3dd30252d067e23b51ecd0c58bb8c3cfb116ab937bd
PASS: sole certified package replay verified the exact tree, rejected hostile controls, ran the hash-locked certificates, and reproduced the PDF
exit_status: 0

=== 2026-08-23T06:00:18Z :: independent_adversarial ===
cwd: /Users/alec/Documents/Math/complete_graph_extremality_r3_rereview_2026-08-23
argv: records/run_independent_adversarial.sh
root_fake_python status=2 expected=2
PASS: root_fake_python diagnostic=Refusing inherited PYTHON
PASS: root fake interpreter was rejected before invocation
root_empty_python status=2 expected=2
PASS: root_empty_python diagnostic=Refusing inherited PYTHON
replay_no_internal_capability status=2 expected=2
PASS: replay_no_internal_capability diagnostic=replay.sh is an internal verifier stage
bootstrap_no_mode status=2 expected=2
PASS: bootstrap_no_mode diagnostic=Usage: bootstrap_replay.sh
package_extra-file status=1 expected=1
PASS: package_extra-file diagnostic=package node-set mismatch
package_extra-dir status=1 expected=1
PASS: package_extra-dir diagnostic=package node-set mismatch
package_symlink status=1 expected=1
PASS: package_symlink diagnostic=package contains a symlink
package_fifo status=1 expected=1
PASS: package_fifo diagnostic=package contains a special node
Traceback (most recent call last):
  File "<stdin>", line 5, in <module>
OSError: AF_UNIX path too long
exit_status: 1

=== 2026-08-23T06:00:48Z :: independent_adversarial_corrected ===
cwd: /Users/alec/Documents/Math/complete_graph_extremality_r3_rereview_2026-08-23
argv: records/run_independent_adversarial.sh
root_fake_python status=2 expected=2
PASS: root_fake_python diagnostic=Refusing inherited PYTHON
PASS: root fake interpreter was rejected before invocation
root_empty_python status=2 expected=2
PASS: root_empty_python diagnostic=Refusing inherited PYTHON
replay_no_internal_capability status=2 expected=2
PASS: replay_no_internal_capability diagnostic=replay.sh is an internal verifier stage
bootstrap_no_mode status=2 expected=2
PASS: bootstrap_no_mode diagnostic=Usage: bootstrap_replay.sh
package_extra-file status=1 expected=1
PASS: package_extra-file diagnostic=package node-set mismatch
package_extra-dir status=1 expected=1
PASS: package_extra-dir diagnostic=package node-set mismatch
package_symlink status=1 expected=1
PASS: package_symlink diagnostic=package contains a symlink
package_fifo status=1 expected=1
PASS: package_fifo diagnostic=package contains a special node
package_socket status=1 expected=1
PASS: package_socket diagnostic=package contains a special node
package_pyc status=1 expected=1
PASS: package_pyc diagnostic=package contains forbidden bytecode
package_pycache status=1 expected=1
PASS: package_pycache diagnostic=package contains a forbidden bytecode/cache directory
independent_valid_pyc_rejection status=1 expected=1
PASS: independent_valid_pyc_rejection diagnostic=bundle tree contains a forbidden bytecode/cache directory
PASS: independently built timestamp-valid bytecode was rejected before import
Traceback (most recent call last):
  File "<stdin>", line 8, in <module>
  File "<frozen importlib._bootstrap_external>", line 759, in exec_module
  File "<frozen importlib._bootstrap>", line 491, in _call_with_frames_removed
  File "/Users/alec/Documents/Math/complete_graph_extremality_r3_rereview_2026-08-23/work/adversarial.G42I78/source-bytecode-execution-demo/universal_simultaneous_amplification/phase4_landmark_closure/obstruction/r2_collision_closure/verify_direct_flow_screen.py", line 17, in <module>
    from verify_fisher_route import (
    ...<4 lines>...
    )
ModuleNotFoundError: No module named 'verify_fisher_route'
exit_status: 1

=== 2026-08-23T06:01:25Z :: independent_adversarial_final ===
cwd: /Users/alec/Documents/Math/complete_graph_extremality_r3_rereview_2026-08-23
argv: records/run_independent_adversarial.sh
root_fake_python status=2 expected=2
PASS: root_fake_python diagnostic=Refusing inherited PYTHON
PASS: root fake interpreter was rejected before invocation
root_empty_python status=2 expected=2
PASS: root_empty_python diagnostic=Refusing inherited PYTHON
replay_no_internal_capability status=2 expected=2
PASS: replay_no_internal_capability diagnostic=replay.sh is an internal verifier stage
bootstrap_no_mode status=2 expected=2
PASS: bootstrap_no_mode diagnostic=Usage: bootstrap_replay.sh
package_extra-file status=1 expected=1
PASS: package_extra-file diagnostic=package node-set mismatch
package_extra-dir status=1 expected=1
PASS: package_extra-dir diagnostic=package node-set mismatch
package_symlink status=1 expected=1
PASS: package_symlink diagnostic=package contains a symlink
package_fifo status=1 expected=1
PASS: package_fifo diagnostic=package contains a special node
package_socket status=1 expected=1
PASS: package_socket diagnostic=package contains a special node
package_pyc status=1 expected=1
PASS: package_pyc diagnostic=package contains forbidden bytecode
package_pycache status=1 expected=1
PASS: package_pycache diagnostic=package contains a forbidden bytecode/cache directory
independent_valid_pyc_rejection status=1 expected=1
PASS: independent_valid_pyc_rejection diagnostic=bundle tree contains a forbidden bytecode/cache directory
PASS: independently built timestamp-valid bytecode was rejected before import
PASS: hostile pyc is demonstrably valid; relative sentinel lands in caller cwd
ARTIFACT_ROOT: /Users/alec/Documents/Math/complete_graph_extremality_r3_rereview_2026-08-23/work/adversarial.jIA0Uf
PASS: independent adversarial controls completed
exit_status: 0

=== 2026-08-23T06:02:11Z :: independent_math_crosschecks ===
cwd: /Users/alec/Documents/Math/complete_graph_extremality_r3_rereview_2026-08-23
argv: /opt/homebrew/bin/python3 /Users/alec/Documents/Math/complete_graph_extremality_referee_audit_2026-08-22/records/independent_crosschecks.py
INDEPENDENT EXACT CROSS-CHECKS
python=3.14.6 optimize=0
arithmetic=fractions.Fraction; delivered_modules_imported=false

[collision identity: literal subset versus literal active chain]
P3-A: n=3 active_states=9 rho2=179596/416271 nuH=138757/179596 n*rho*nuH=1 PASS
P3-B: n=3 active_states=9 rho2=1178267/2900142 nuH=966714/1178267 n*rho*nuH=1 PASS
P4-A: n=4 active_states=28 rho2=196796111507759984517/473683767269978727580 nuH=118420941817494681895/196796111507759984517 n*rho*nuH=1 PASS
P4-B: n=4 active_states=28 rho2=87150802243189417565223/209118271071676443599852 nuH=52279567767919110899963/87150802243189417565223 n*rho*nuH=1 PASS

[target-by-source orientation and incoming-column gauge]
correct_rho2=1994823874198812044599989615561/4995392136150338282032947317056 scaled_column_rho2=1994823874198812044599989615561/4995392136150338282032947317056 wrong_source_row_rho2=16710880084112087651066519475395/41940651071234278761027035179184 correct=scaled and correct!=wrong PASS

[complete-kernel Hessian sectors: literal active-chain resolvent]
n=3 sector=standard active_states=9 R2=4/33 norm2=4/3 normalized=1/11 PASS
n=3 sector=antisymmetric-balanced active_states=9 R2=2/3 norm2=6 normalized=1/9 PASS
n=4 sector=standard active_states=28 R2=261/2560 norm2=3/4 normalized=87/640 PASS
n=4 sector=symmetric-balanced active_states=28 R2=3/26 norm2=8 normalized=3/208 PASS
n=4 sector=antisymmetric-balanced active_states=28 R2=57/80 norm2=8 normalized=57/640 PASS
n=5 sector=standard active_states=75 R2=6868/85971 norm2=8/15 normalized=8585/57314 PASS
n=5 sector=symmetric-balanced active_states=75 R2=718/6665 norm2=8 normalized=359/26660 PASS
n=5 sector=antisymmetric-balanced active_states=75 R2=143/210 norm2=10 normalized=143/2100 PASS

[strong-selection coefficient from independent epsilon differentiation]
P3-A: rho0=2/3 rho1=-8/9 Edir=2 gap_coeff=2/9 PASS
P3-B: rho0=2/3 rho1=-1853/1260 Edir=1013/140 gap_coeff=1013/1260 PASS
P4-A: rho0=3/4 rho1=-43/48 Edir=14/3 gap_coeff=7/48 PASS
P4-B: rho0=3/4 rho1=-123/128 Edir=27/4 gap_coeff=27/128 PASS

[weighted triangles: full subset chain]
uniform/equality: weights=(1,1,1) r=2 rho=4/9 baseline=4/9 gap=0 EQUAL PASS
nonuniform: weights=(1,2,3) r=2 rho=18764/43223 baseline=4/9 gap=4016/389007 STRICT PASS
nonuniform-rational-r: weights=(2,5,7) r=7/3 rho=1366837/3022245 baseline=7/15 gap=43544/3022245 STRICT PASS
near-positive-boundary: weights=(1/1000,2,3) r=3/2 rho=9524455332207109/25324414504605702 baseline=2/5 gap=3026552348175859/126622072523028510 STRICT PASS
support-boundary-outside-theorem: weights=(0,2,3) r=2 rho=17/42 baseline=4/9 gap=5/126 STRICT PASS
neutral-r-boundary: weights=(1,2,3) r=1 rho=1/3 baseline=1/3 gap=0 EQUAL PASS

[weighted K4 slices: full 14-state subset chain, no lumping]
G13-uniform/equality: r=2 rho=3/7 baseline=3/7 gap=0 EQUAL PASS
G13-nonuniform: r=2 rho=106/261 baseline=3/7 gap=41/1827 STRICT PASS
G13-near-boundary: r=7/3 rho=5479907564368923/15204593884499780 baseline=147/316 gap=62928063835110999/600581458437741310 STRICT PASS
G13-support-boundary-outside-theorem: r=2 rho=49/144 baseline=3/7 gap=89/1008 STRICT PASS
G22-uniform/equality: r=2 rho=3/7 baseline=3/7 gap=0 EQUAL PASS
G22-equal-internal-but-nonuniform: r=3/2 rho=891/2512 baseline=27/76 gap=27/47728 STRICT PASS
G22-asymmetric: r=2 rho=93626517/287581468 baseline=3/7 gap=207358785/2013070276 STRICT PASS
G22-support-boundary-outside-theorem: r=2 rho=8/19 baseline=3/7 gap=1/133 STRICT PASS
G22-neutral-r-boundary: r=1 rho=1/4 baseline=1/4 gap=0 EQUAL PASS

[endpoint and monotonicity spot checks]
P3-A: rho1=1/3 < rho2=179596/416271 < rho3=9329/19313 PASS
P3-B: rho1=1/3 < rho2=1178267/2900142 < rho3=651581/1451547 PASS
P4-A: rho1=1/4 < rho2=196796111507759984517/473683767269978727580 < rho3=303316127337124858415073/603270918687085102828100 PASS
P4-B: rho1=1/4 < rho2=87150802243189417565223/209118271071676443599852 < rho3=32948025654005904067263003/65441088774892826628004852 PASS
n=2 raw weights 1/1000,1,1000 tie baseline at r=1,2,7/3 PASS
n=3 symmetric-balanced sector dimension 3*(3-3)/2=0 PASS

ALL INDEPENDENT EXACT CROSS-CHECKS PASSED
exit_status: 0

=== 2026-08-23T06:03:09Z :: environment_versions ===
cwd: /Users/alec/Documents/Math/complete_graph_extremality_r3_rereview_2026-08-23
argv: sh -c /opt/homebrew/bin/python3\ --version\;\ tectonic\ --version\;\ pdfinfo\ -v\ 2\>\&1\ \|\ sed\ -n\ \"1p\"\;\ pdftoppm\ -v\ 2\>\&1\ \|\ sed\ -n\ \"1p\"\;\ git\ --version\;\ sw_vers\;\ uname\ -m
Python 3.14.6
Tectonic 0.16.9
pdfinfo version 26.08.0
pdftoppm version 26.08.0
git version 2.38.2
ProductName:		macOS
ProductVersion:		26.5.2
BuildVersion:		25F84
arm64
exit_status: 0

=== 2026-08-23T06:03:09Z :: independent_checker_hash ===
cwd: /Users/alec/Documents/Math/complete_graph_extremality_r3_rereview_2026-08-23
argv: shasum -a 256 /Users/alec/Documents/Math/complete_graph_extremality_referee_audit_2026-08-22/records/independent_crosschecks.py
019a599899fa223995ea61ca476e5e841e55bcea3605203f81b593d67f92d578  /Users/alec/Documents/Math/complete_graph_extremality_referee_audit_2026-08-22/records/independent_crosschecks.py
exit_status: 0

=== 2026-08-23T06:03:28Z :: makefile_scope ===
cwd: /Users/alec/Documents/Math/complete_graph_extremality_r3_rereview_2026-08-23
argv: sh -c if\ find\ work/package\ -type\ f\ \\\(\ -iname\ Makefile\ -o\ -iname\ GNUmakefile\ -o\ -iname\ makefile\ \\\)\ -print\ \|\ grep\ .\;\ then\ exit\ 1\;\ else\ echo\ PASS_no_Make_workflow_in_R3_package\;\ fi\;\ git\ -C\ /Users/alec/Documents/Math-universal-amplification\ ls-tree\ -r\ --name-only\ b9a415f763e82d9cc45c83de96c895b109e158a4\ \|\ rg\ \"\(\^\|/\)\(Makefile\|makefile\|GNUmakefile\)\$\"
PASS_no_Make_workflow_in_R3_package
lgt_jc69_identifiability/Makefile
ramsey55/Makefile
referee_packages/paper_i_complete_graph_extremality_referee_package_2026-08-22/source_and_certificates/universal_simultaneous_amplification/Makefile
universal_simultaneous_amplification/Makefile
exit_status: 0

=== 2026-08-23T06:03:44Z :: final_delivery_copy_unchanged ===
cwd: /Users/alec/Documents/Math/complete_graph_extremality_r3_rereview_2026-08-23
argv: diff -qr /Users/alec/Documents/Math-universal-amplification/referee_packages/paper_i_complete_graph_extremality_referee_package_2026-08-22_r3 work/package
exit_status: 0

=== 2026-08-23T06:03:44Z :: final_identity ===
cwd: /Users/alec/Documents/Math/complete_graph_extremality_r3_rereview_2026-08-23
argv: /opt/homebrew/bin/python3 records/independent_identity_check.py
PASS package exact tree: 84 regular files, 26 implied directories
PASS archive: digest=12a8c89b77aa898e9c16a1efdf93e77f35ea3cee3eed93ad34c7f497eaad3eb0; 73 unique sorted regular members; 72 manifest-bound payloads
PASS convenience extraction: 73 regular files, 25 implied directories, byte-identical
PASS PDF binding: 5d2bc6cfa9d02b21e816d3dd30252d067e23b51ecd0c58bb8c3cfb116ab937bd
exit_status: 0

=== 2026-08-23T06:09:41Z :: host_kernel ===
cwd: /Users/alec/Documents/Math/complete_graph_extremality_r3_rereview_2026-08-23
argv: uname -srvm
Darwin 25.5.0 Darwin Kernel Version 25.5.0: Tue Jun  9 22:18:58 PDT 2026; root:xnu-12377.121.10~1/RELEASE_ARM64_T6000 arm64
exit_status: 0
