./CHANGELOG.md: OK
./CITATION.cff: OK
./CLAIM_LEDGER.md: OK
./DEPENDENCY_GRAPH.md: OK
./FEEDBACK_DISPOSITION.md: OK
./FINAL_DECISION.md: OK
./LICENSE: OK
./README.md: OK
./RESEARCH_LOG.md: OK
./STATE.md: OK
./computation/asymptotics.py: OK
./computation/asymptotics_source.py: OK
./computation/audit_manuscript.py: OK
./computation/audit_numerical_provenance.py: OK
./computation/audit_pdfs.py: OK
./computation/audit_stale_claims.py: OK
./computation/closed_form.py: OK
./computation/critical_ansatz.py: OK
./computation/critical_mode.py: OK
./computation/cubic_coefficient.py: OK
./computation/derive_jacobian.py: OK
./computation/exact_flux_cone.py: OK
./computation/exact_normal_form.py: OK
./computation/exact_reconstruction.py: OK
./computation/export_instance.py: OK
./computation/export_pareto_instance.py: OK
./computation/family_generator.py: OK
./computation/generate_current_profile_data.py: OK
./computation/generate_sign_certificate_tables.py: OK
./computation/generate_tables.py: OK
./computation/harmonic_corrections.py: OK
./computation/reconstruct_family.py: OK
./computation/recurrence_guessing.py: OK
./computation/search_parameters.py: OK
./computation/simulations.py: OK
./computation/symbolic_summation.py: OK
./computation/tests/test_flagship.py: OK
./data/README.md: OK
./data/branch_amplitudes.csv: OK
./data/certificate_tables.tex: FAILED
./data/contrast_table.tex: OK
./data/current_profile_exact.json: OK
./data/exact_instances/pareto_m3_L0.json: OK
./data/exact_instances/pareto_m4_L0.json: OK
./data/network_instances/Nhat_m10.json: OK
./data/network_instances/Nhat_m3.json: OK
./data/network_instances/Nhat_m4.json: OK
./data/network_instances/Nhat_m5.json: OK
./data/network_instances/Nhat_m6.json: OK
./data/network_instances/Nhat_m8.json: OK
./data/refinement_checks.csv: OK
./data/sign_certificate_tables.tex: OK
./data/simulation_parameters.json: OK
./data/simulations/amplitude_m3_mu0p01_K16_base.csv: OK
./data/simulations/amplitude_m3_mu0p02_K16_base.csv: OK
./data/simulations/amplitude_m3_mu0p02_K16_time-tight.csv: OK
./data/simulations/amplitude_m3_mu0p02_K32_spatial-fine.csv: OK
./data/simulations/amplitude_m3_mu0p04_K16_base.csv: OK
./data/simulations/amplitude_m5_mu0p01_K16_base.csv: OK
./data/simulations/amplitude_m5_mu0p02_K16_base.csv: OK
./data/simulations/amplitude_m5_mu0p02_K16_time-tight.csv: OK
./data/simulations/amplitude_m5_mu0p02_K32_spatial-fine.csv: OK
./data/simulations/amplitude_m5_mu0p04_K16_base.csv: OK
./data/simulations/amplitude_m8_mu0p01_K16_base.csv: OK
./data/simulations/amplitude_m8_mu0p02_K16_base.csv: OK
./data/simulations/amplitude_m8_mu0p02_K16_time-tight.csv: OK
./data/simulations/amplitude_m8_mu0p02_K32_spatial-fine.csv: OK
./data/simulations/amplitude_m8_mu0p04_K16_base.csv: OK
./data/simulations/parameters_m3_mu0p01_K16_base.json: OK
./data/simulations/parameters_m3_mu0p02_K16_base.json: OK
./data/simulations/parameters_m3_mu0p02_K16_time-tight.json: OK
./data/simulations/parameters_m3_mu0p02_K32_spatial-fine.json: OK
./data/simulations/parameters_m3_mu0p04_K16_base.json: OK
./data/simulations/parameters_m5_mu0p01_K16_base.json: OK
./data/simulations/parameters_m5_mu0p02_K16_base.json: OK
./data/simulations/parameters_m5_mu0p02_K16_time-tight.json: OK
./data/simulations/parameters_m5_mu0p02_K32_spatial-fine.json: OK
./data/simulations/parameters_m5_mu0p04_K16_base.json: OK
./data/simulations/parameters_m8_mu0p01_K16_base.json: OK
./data/simulations/parameters_m8_mu0p02_K16_base.json: OK
./data/simulations/parameters_m8_mu0p02_K16_time-tight.json: OK
./data/simulations/parameters_m8_mu0p02_K32_spatial-fine.json: OK
./data/simulations/parameters_m8_mu0p04_K16_base.json: OK
./data/simulations/profile_m3_modes32.csv: OK
./data/simulations/profile_m3_mu0p01_K16_base.csv: OK
./data/simulations/profile_m3_mu0p02_K16_base.csv: OK
./data/simulations/profile_m3_mu0p02_K16_time-tight.csv: OK
./data/simulations/profile_m3_mu0p02_K32_spatial-fine.csv: OK
./data/simulations/profile_m3_mu0p04_K16_base.csv: OK
./data/simulations/profile_m5_modes32.csv: OK
./data/simulations/profile_m5_mu0p01_K16_base.csv: OK
./data/simulations/profile_m5_mu0p02_K16_base.csv: OK
./data/simulations/profile_m5_mu0p02_K16_time-tight.csv: OK
./data/simulations/profile_m5_mu0p02_K32_spatial-fine.csv: OK
./data/simulations/profile_m5_mu0p04_K16_base.csv: OK
./data/simulations/profile_m8_modes32.csv: OK
./data/simulations/profile_m8_mu0p01_K16_base.csv: OK
./data/simulations/profile_m8_mu0p02_K16_base.csv: OK
./data/simulations/profile_m8_mu0p02_K16_time-tight.csv: OK
./data/simulations/profile_m8_mu0p02_K32_spatial-fine.csv: OK
./data/simulations/profile_m8_mu0p04_K16_base.csv: OK
./data/simulations/simulation_summary.json: OK
./data/triad_routh_gap.tex: OK
./environment/TESTED_ENVIRONMENT.md: OK
./environment/check_toolchain.sh: OK
./environment/texlive-2022.04.lock.txt: OK
./external_audit/audit_readme.md: OK
./external_audit/full_referee_validation_packet_v1.0.7.zip: OK
./external_audit/full_referee_validation_packet_v1.0.7.zip.sha256: OK
./external_audit/full_referee_validation_packet_v1.0.7/PACKET_CONTENTS.md: OK
./external_audit/full_referee_validation_packet_v1.0.7/PROVENANCE.md: OK
./external_audit/full_referee_validation_packet_v1.0.7/REFEREE_PROMPT.md: OK
./external_audit/full_referee_validation_packet_v1.0.7/RUN_ALL_VERIFIERS.py: OK
./external_audit/full_referee_validation_packet_v1.0.7/RUN_COMPLETE_AUDIT.sh: OK
./external_audit/full_referee_validation_packet_v1.0.7/SHA256SUMS.txt: OK
./external_audit/full_referee_validation_packet_v1.0.7/START_HERE.md: OK
./external_audit/full_referee_validation_packet_v1.0.7/TESTED_ENVIRONMENT.md: OK
./external_audit/full_referee_validation_packet_v1.0.7/minimal_verifier/README.md: OK
./external_audit/full_referee_validation_packet_v1.0.7/minimal_verifier/certificate_schema.json: OK
./external_audit/full_referee_validation_packet_v1.0.7/minimal_verifier/common.py: OK
./external_audit/full_referee_validation_packet_v1.0.7/minimal_verifier/core.py: OK
./external_audit/full_referee_validation_packet_v1.0.7/minimal_verifier/dd_verify_contrast_bounds.py: OK
./external_audit/full_referee_validation_packet_v1.0.7/minimal_verifier/dd_verify_critical_profile.py: OK
./external_audit/full_referee_validation_packet_v1.0.7/minimal_verifier/dd_verify_cubic_sign.py: OK
./external_audit/full_referee_validation_packet_v1.0.7/minimal_verifier/dd_verify_diffusion_criterion.py: OK
./external_audit/full_referee_validation_packet_v1.0.7/minimal_verifier/dd_verify_harmonic_corrections.py: OK
./external_audit/full_referee_validation_packet_v1.0.7/minimal_verifier/dd_verify_mode_isolation.py: OK
./external_audit/full_referee_validation_packet_v1.0.7/minimal_verifier/dd_verify_order_m_minors.py: OK
./external_audit/full_referee_validation_packet_v1.0.7/minimal_verifier/dd_verify_stable_contrast.py: OK
./external_audit/full_referee_validation_packet_v1.0.7/minimal_verifier/frontier_certificate.json: OK
./external_audit/full_referee_validation_packet_v1.0.7/minimal_verifier/frontier_verify_cubic_bound.py: OK
./external_audit/full_referee_validation_packet_v1.0.7/minimal_verifier/frontier_verify_determinant_identity.py: OK
./external_audit/full_referee_validation_packet_v1.0.7/minimal_verifier/frontier_verify_exposition_identities.py: OK
./external_audit/full_referee_validation_packet_v1.0.7/minimal_verifier/frontier_verify_family.py: OK
./external_audit/full_referee_validation_packet_v1.0.7/minimal_verifier/frontier_verify_master_certificate.py: OK
./external_audit/full_referee_validation_packet_v1.0.7/minimal_verifier/frontier_verify_mode_certificates.py: OK
./external_audit/full_referee_validation_packet_v1.0.7/minimal_verifier/frontier_verify_near_threshold.py: OK
./external_audit/full_referee_validation_packet_v1.0.7/minimal_verifier/frontier_verify_normal_form.py: OK
./external_audit/full_referee_validation_packet_v1.0.7/minimal_verifier/frontier_verify_pareto.py: OK
./external_audit/full_referee_validation_packet_v1.0.7/minimal_verifier/frontier_verify_pareto_curve.py: OK
./external_audit/full_referee_validation_packet_v1.0.7/minimal_verifier/improved_modulus_certificate.json: OK
./external_audit/full_referee_validation_packet_v1.0.7/minimal_verifier/pareto_all_m_certificate.json: OK
./external_audit/full_referee_validation_packet_v1.0.7/minimal_verifier/pareto_core.py: OK
./external_audit/full_referee_validation_packet_v1.0.7/minimal_verifier/replay.sh: OK
./external_audit/full_referee_validation_packet_v1.0.7/minimal_verifier/stable_core.py: OK
./external_audit/full_referee_validation_packet_v1.0.7/minimal_verifier/verify_all_spectrum.py: OK
./external_audit/full_referee_validation_packet_v1.0.7/minimal_verifier/verify_branch_stability.py: OK
./external_audit/full_referee_validation_packet_v1.0.7/minimal_verifier/verify_contrast_bounds.py: OK
./external_audit/full_referee_validation_packet_v1.0.7/minimal_verifier/verify_critical_profile.py: OK
./external_audit/full_referee_validation_packet_v1.0.7/minimal_verifier/verify_cubic_sign.py: OK
./external_audit/full_referee_validation_packet_v1.0.7/minimal_verifier/verify_current_numerical_provenance.py: OK
./external_audit/full_referee_validation_packet_v1.0.7/minimal_verifier/verify_diffusion_criterion.py: OK
./external_audit/full_referee_validation_packet_v1.0.7/minimal_verifier/verify_exchange_of_stability.py: OK
./external_audit/full_referee_validation_packet_v1.0.7/minimal_verifier/verify_family.py: OK
./external_audit/full_referee_validation_packet_v1.0.7/minimal_verifier/verify_harmonic_corrections.py: OK
./external_audit/full_referee_validation_packet_v1.0.7/minimal_verifier/verify_improved_profile.py: OK
./external_audit/full_referee_validation_packet_v1.0.7/minimal_verifier/verify_mode_certificates.py: OK
./external_audit/full_referee_validation_packet_v1.0.7/minimal_verifier/verify_mode_isolation.py: OK
./external_audit/full_referee_validation_packet_v1.0.7/minimal_verifier/verify_network_one_bad_minor.py: OK
./external_audit/full_referee_validation_packet_v1.0.7/minimal_verifier/verify_order_m_minors.py: OK
./external_audit/full_referee_validation_packet_v1.0.7/minimal_verifier/verify_pareto_family.py: OK
./external_audit/full_referee_validation_packet_v1.0.7/minimal_verifier/verify_principal_minor_diffusion_ray.py: OK
./external_audit/full_referee_validation_packet_v1.0.7/minimal_verifier/verify_realization_space.py: OK
./external_audit/full_referee_validation_packet_v1.0.7/minimal_verifier/verify_stable_contrast.py: OK
./external_audit/full_referee_validation_packet_v1.0.7/minimal_verifier/verify_symbolic_certificates.py: OK
./external_audit/full_referee_validation_packet_v1.0.7/paper/main.pdf: OK
./external_audit/full_referee_validation_packet_v1.0.7/paper/supplement.pdf: OK
./external_audit/full_referee_validation_packet_v1.0.7/repository/CERTIFICATES.md: OK
./external_audit/full_referee_validation_packet_v1.0.7/repository/CITATION.cff: OK
./external_audit/full_referee_validation_packet_v1.0.7/repository/LICENSE: OK
./external_audit/full_referee_validation_packet_v1.0.7/repository/README.md: OK
./external_audit/full_referee_validation_packet_v1.0.7/repository/RESEARCH_LOG.md: OK
./external_audit/full_referee_validation_packet_v1.0.7/repository/computation/audit_manuscript.py: OK
./external_audit/full_referee_validation_packet_v1.0.7/repository/computation/audit_numerical_provenance.py: OK
./external_audit/full_referee_validation_packet_v1.0.7/repository/computation/audit_pdfs.py: OK
./external_audit/full_referee_validation_packet_v1.0.7/repository/computation/audit_stale_claims.py: OK
./external_audit/full_referee_validation_packet_v1.0.7/repository/computation/export_instance.py: OK
./external_audit/full_referee_validation_packet_v1.0.7/repository/computation/export_pareto_instance.py: OK
./external_audit/full_referee_validation_packet_v1.0.7/repository/computation/generate_current_profile_data.py: OK
./external_audit/full_referee_validation_packet_v1.0.7/repository/computation/generate_sign_certificate_tables.py: OK
./external_audit/full_referee_validation_packet_v1.0.7/repository/computation/generate_tables.py: OK
./external_audit/full_referee_validation_packet_v1.0.7/repository/computation/simulations.py: OK
./external_audit/full_referee_validation_packet_v1.0.7/repository/computation/tests/test_flagship.py: OK
./external_audit/full_referee_validation_packet_v1.0.7/repository/data/README.md: OK
./external_audit/full_referee_validation_packet_v1.0.7/repository/data/branch_amplitudes.csv: OK
./external_audit/full_referee_validation_packet_v1.0.7/repository/data/certificate_tables.tex: OK
./external_audit/full_referee_validation_packet_v1.0.7/repository/data/contrast_table.tex: OK
./external_audit/full_referee_validation_packet_v1.0.7/repository/data/current_profile_exact.json: OK
./external_audit/full_referee_validation_packet_v1.0.7/repository/data/exact_instances/pareto_m3_L0.json: OK
./external_audit/full_referee_validation_packet_v1.0.7/repository/data/exact_instances/pareto_m4_L0.json: OK
./external_audit/full_referee_validation_packet_v1.0.7/repository/data/network_instances/Nhat_m10.json: OK
./external_audit/full_referee_validation_packet_v1.0.7/repository/data/network_instances/Nhat_m3.json: OK
./external_audit/full_referee_validation_packet_v1.0.7/repository/data/network_instances/Nhat_m4.json: OK
./external_audit/full_referee_validation_packet_v1.0.7/repository/data/network_instances/Nhat_m5.json: OK
./external_audit/full_referee_validation_packet_v1.0.7/repository/data/network_instances/Nhat_m6.json: OK
./external_audit/full_referee_validation_packet_v1.0.7/repository/data/network_instances/Nhat_m8.json: OK
./external_audit/full_referee_validation_packet_v1.0.7/repository/data/refinement_checks.csv: OK
./external_audit/full_referee_validation_packet_v1.0.7/repository/data/sign_certificate_tables.tex: OK
./external_audit/full_referee_validation_packet_v1.0.7/repository/data/simulation_parameters.json: OK
./external_audit/full_referee_validation_packet_v1.0.7/repository/data/simulations/amplitude_m3_mu0p01_K16_base.csv: OK
./external_audit/full_referee_validation_packet_v1.0.7/repository/data/simulations/amplitude_m3_mu0p02_K16_base.csv: OK
./external_audit/full_referee_validation_packet_v1.0.7/repository/data/simulations/amplitude_m3_mu0p02_K16_time-tight.csv: OK
./external_audit/full_referee_validation_packet_v1.0.7/repository/data/simulations/amplitude_m3_mu0p02_K32_spatial-fine.csv: OK
./external_audit/full_referee_validation_packet_v1.0.7/repository/data/simulations/amplitude_m3_mu0p04_K16_base.csv: OK
./external_audit/full_referee_validation_packet_v1.0.7/repository/data/simulations/amplitude_m5_mu0p01_K16_base.csv: OK
./external_audit/full_referee_validation_packet_v1.0.7/repository/data/simulations/amplitude_m5_mu0p02_K16_base.csv: OK
./external_audit/full_referee_validation_packet_v1.0.7/repository/data/simulations/amplitude_m5_mu0p02_K16_time-tight.csv: OK
./external_audit/full_referee_validation_packet_v1.0.7/repository/data/simulations/amplitude_m5_mu0p02_K32_spatial-fine.csv: OK
./external_audit/full_referee_validation_packet_v1.0.7/repository/data/simulations/amplitude_m5_mu0p04_K16_base.csv: OK
./external_audit/full_referee_validation_packet_v1.0.7/repository/data/simulations/amplitude_m8_mu0p01_K16_base.csv: OK
./external_audit/full_referee_validation_packet_v1.0.7/repository/data/simulations/amplitude_m8_mu0p02_K16_base.csv: OK
./external_audit/full_referee_validation_packet_v1.0.7/repository/data/simulations/amplitude_m8_mu0p02_K16_time-tight.csv: OK
./external_audit/full_referee_validation_packet_v1.0.7/repository/data/simulations/amplitude_m8_mu0p02_K32_spatial-fine.csv: OK
./external_audit/full_referee_validation_packet_v1.0.7/repository/data/simulations/amplitude_m8_mu0p04_K16_base.csv: OK
./external_audit/full_referee_validation_packet_v1.0.7/repository/data/simulations/parameters_m3_mu0p01_K16_base.json: OK
./external_audit/full_referee_validation_packet_v1.0.7/repository/data/simulations/parameters_m3_mu0p02_K16_base.json: OK
./external_audit/full_referee_validation_packet_v1.0.7/repository/data/simulations/parameters_m3_mu0p02_K16_time-tight.json: OK
./external_audit/full_referee_validation_packet_v1.0.7/repository/data/simulations/parameters_m3_mu0p02_K32_spatial-fine.json: OK
./external_audit/full_referee_validation_packet_v1.0.7/repository/data/simulations/parameters_m3_mu0p04_K16_base.json: OK
./external_audit/full_referee_validation_packet_v1.0.7/repository/data/simulations/parameters_m5_mu0p01_K16_base.json: OK
./external_audit/full_referee_validation_packet_v1.0.7/repository/data/simulations/parameters_m5_mu0p02_K16_base.json: OK
./external_audit/full_referee_validation_packet_v1.0.7/repository/data/simulations/parameters_m5_mu0p02_K16_time-tight.json: OK
./external_audit/full_referee_validation_packet_v1.0.7/repository/data/simulations/parameters_m5_mu0p02_K32_spatial-fine.json: OK
./external_audit/full_referee_validation_packet_v1.0.7/repository/data/simulations/parameters_m5_mu0p04_K16_base.json: OK
./external_audit/full_referee_validation_packet_v1.0.7/repository/data/simulations/parameters_m8_mu0p01_K16_base.json: OK
./external_audit/full_referee_validation_packet_v1.0.7/repository/data/simulations/parameters_m8_mu0p02_K16_base.json: OK
./external_audit/full_referee_validation_packet_v1.0.7/repository/data/simulations/parameters_m8_mu0p02_K16_time-tight.json: OK
./external_audit/full_referee_validation_packet_v1.0.7/repository/data/simulations/parameters_m8_mu0p02_K32_spatial-fine.json: OK
./external_audit/full_referee_validation_packet_v1.0.7/repository/data/simulations/parameters_m8_mu0p04_K16_base.json: OK
./external_audit/full_referee_validation_packet_v1.0.7/repository/data/simulations/profile_m3_modes32.csv: OK
./external_audit/full_referee_validation_packet_v1.0.7/repository/data/simulations/profile_m3_mu0p01_K16_base.csv: OK
./external_audit/full_referee_validation_packet_v1.0.7/repository/data/simulations/profile_m3_mu0p02_K16_base.csv: OK
./external_audit/full_referee_validation_packet_v1.0.7/repository/data/simulations/profile_m3_mu0p02_K16_time-tight.csv: OK
./external_audit/full_referee_validation_packet_v1.0.7/repository/data/simulations/profile_m3_mu0p02_K32_spatial-fine.csv: OK
./external_audit/full_referee_validation_packet_v1.0.7/repository/data/simulations/profile_m3_mu0p04_K16_base.csv: OK
./external_audit/full_referee_validation_packet_v1.0.7/repository/data/simulations/profile_m5_modes32.csv: OK
./external_audit/full_referee_validation_packet_v1.0.7/repository/data/simulations/profile_m5_mu0p01_K16_base.csv: OK
./external_audit/full_referee_validation_packet_v1.0.7/repository/data/simulations/profile_m5_mu0p02_K16_base.csv: OK
./external_audit/full_referee_validation_packet_v1.0.7/repository/data/simulations/profile_m5_mu0p02_K16_time-tight.csv: OK
./external_audit/full_referee_validation_packet_v1.0.7/repository/data/simulations/profile_m5_mu0p02_K32_spatial-fine.csv: OK
./external_audit/full_referee_validation_packet_v1.0.7/repository/data/simulations/profile_m5_mu0p04_K16_base.csv: OK
./external_audit/full_referee_validation_packet_v1.0.7/repository/data/simulations/profile_m8_modes32.csv: OK
./external_audit/full_referee_validation_packet_v1.0.7/repository/data/simulations/profile_m8_mu0p01_K16_base.csv: OK
./external_audit/full_referee_validation_packet_v1.0.7/repository/data/simulations/profile_m8_mu0p02_K16_base.csv: OK
./external_audit/full_referee_validation_packet_v1.0.7/repository/data/simulations/profile_m8_mu0p02_K16_time-tight.csv: OK
./external_audit/full_referee_validation_packet_v1.0.7/repository/data/simulations/profile_m8_mu0p02_K32_spatial-fine.csv: OK
./external_audit/full_referee_validation_packet_v1.0.7/repository/data/simulations/profile_m8_mu0p04_K16_base.csv: OK
./external_audit/full_referee_validation_packet_v1.0.7/repository/data/simulations/simulation_summary.json: OK
./external_audit/full_referee_validation_packet_v1.0.7/repository/data/triad_routh_gap.tex: OK
./external_audit/full_referee_validation_packet_v1.0.7/repository/external_audit/proof_skeleton.tex: OK
./external_audit/full_referee_validation_packet_v1.0.7/repository/external_audit/theorem_summary.tex: OK
./external_audit/full_referee_validation_packet_v1.0.7/repository/figures/amplitude_scaling.pdf: OK
./external_audit/full_referee_validation_packet_v1.0.7/repository/figures/amplitude_scaling.py: OK
./external_audit/full_referee_validation_packet_v1.0.7/repository/figures/network_family.pdf: OK
./external_audit/full_referee_validation_packet_v1.0.7/repository/figures/network_family.tex: OK
./external_audit/full_referee_validation_packet_v1.0.7/repository/figures/network_family_standalone.tex: OK
./external_audit/full_referee_validation_packet_v1.0.7/repository/figures/stable_profiles.pdf: OK
./external_audit/full_referee_validation_packet_v1.0.7/repository/figures/stable_profiles.py: OK
./external_audit/full_referee_validation_packet_v1.0.7/repository/figures/stable_tradeoff.pdf: OK
./external_audit/full_referee_validation_packet_v1.0.7/repository/figures/stable_tradeoff.py: OK
./external_audit/full_referee_validation_packet_v1.0.7/repository/independent_verifier/README.md: OK
./external_audit/full_referee_validation_packet_v1.0.7/repository/independent_verifier/certificate_schema.json: OK
./external_audit/full_referee_validation_packet_v1.0.7/repository/independent_verifier/common.py: OK
./external_audit/full_referee_validation_packet_v1.0.7/repository/independent_verifier/core.py: OK
./external_audit/full_referee_validation_packet_v1.0.7/repository/independent_verifier/dd_verify_contrast_bounds.py: OK
./external_audit/full_referee_validation_packet_v1.0.7/repository/independent_verifier/dd_verify_critical_profile.py: OK
./external_audit/full_referee_validation_packet_v1.0.7/repository/independent_verifier/dd_verify_cubic_sign.py: OK
./external_audit/full_referee_validation_packet_v1.0.7/repository/independent_verifier/dd_verify_diffusion_criterion.py: OK
./external_audit/full_referee_validation_packet_v1.0.7/repository/independent_verifier/dd_verify_harmonic_corrections.py: OK
./external_audit/full_referee_validation_packet_v1.0.7/repository/independent_verifier/dd_verify_mode_isolation.py: OK
./external_audit/full_referee_validation_packet_v1.0.7/repository/independent_verifier/dd_verify_order_m_minors.py: OK
./external_audit/full_referee_validation_packet_v1.0.7/repository/independent_verifier/dd_verify_stable_contrast.py: OK
./external_audit/full_referee_validation_packet_v1.0.7/repository/independent_verifier/frontier_certificate.json: OK
./external_audit/full_referee_validation_packet_v1.0.7/repository/independent_verifier/frontier_verify_cubic_bound.py: OK
./external_audit/full_referee_validation_packet_v1.0.7/repository/independent_verifier/frontier_verify_determinant_identity.py: OK
./external_audit/full_referee_validation_packet_v1.0.7/repository/independent_verifier/frontier_verify_exposition_identities.py: OK
./external_audit/full_referee_validation_packet_v1.0.7/repository/independent_verifier/frontier_verify_family.py: OK
./external_audit/full_referee_validation_packet_v1.0.7/repository/independent_verifier/frontier_verify_master_certificate.py: OK
./external_audit/full_referee_validation_packet_v1.0.7/repository/independent_verifier/frontier_verify_mode_certificates.py: OK
./external_audit/full_referee_validation_packet_v1.0.7/repository/independent_verifier/frontier_verify_near_threshold.py: OK
./external_audit/full_referee_validation_packet_v1.0.7/repository/independent_verifier/frontier_verify_normal_form.py: OK
./external_audit/full_referee_validation_packet_v1.0.7/repository/independent_verifier/frontier_verify_pareto.py: OK
./external_audit/full_referee_validation_packet_v1.0.7/repository/independent_verifier/frontier_verify_pareto_curve.py: OK
./external_audit/full_referee_validation_packet_v1.0.7/repository/independent_verifier/improved_modulus_certificate.json: OK
./external_audit/full_referee_validation_packet_v1.0.7/repository/independent_verifier/pareto_all_m_certificate.json: OK
./external_audit/full_referee_validation_packet_v1.0.7/repository/independent_verifier/pareto_core.py: OK
./external_audit/full_referee_validation_packet_v1.0.7/repository/independent_verifier/stable_core.py: OK
./external_audit/full_referee_validation_packet_v1.0.7/repository/independent_verifier/verify_all_spectrum.py: OK
./external_audit/full_referee_validation_packet_v1.0.7/repository/independent_verifier/verify_branch_stability.py: OK
./external_audit/full_referee_validation_packet_v1.0.7/repository/independent_verifier/verify_contrast_bounds.py: OK
./external_audit/full_referee_validation_packet_v1.0.7/repository/independent_verifier/verify_critical_profile.py: OK
./external_audit/full_referee_validation_packet_v1.0.7/repository/independent_verifier/verify_cubic_sign.py: OK
./external_audit/full_referee_validation_packet_v1.0.7/repository/independent_verifier/verify_current_numerical_provenance.py: OK
./external_audit/full_referee_validation_packet_v1.0.7/repository/independent_verifier/verify_diffusion_criterion.py: OK
./external_audit/full_referee_validation_packet_v1.0.7/repository/independent_verifier/verify_exchange_of_stability.py: OK
./external_audit/full_referee_validation_packet_v1.0.7/repository/independent_verifier/verify_family.py: OK
./external_audit/full_referee_validation_packet_v1.0.7/repository/independent_verifier/verify_harmonic_corrections.py: OK
./external_audit/full_referee_validation_packet_v1.0.7/repository/independent_verifier/verify_improved_profile.py: OK
./external_audit/full_referee_validation_packet_v1.0.7/repository/independent_verifier/verify_mode_certificates.py: OK
./external_audit/full_referee_validation_packet_v1.0.7/repository/independent_verifier/verify_mode_isolation.py: OK
./external_audit/full_referee_validation_packet_v1.0.7/repository/independent_verifier/verify_network_one_bad_minor.py: OK
./external_audit/full_referee_validation_packet_v1.0.7/repository/independent_verifier/verify_order_m_minors.py: OK
./external_audit/full_referee_validation_packet_v1.0.7/repository/independent_verifier/verify_pareto_family.py: OK
./external_audit/full_referee_validation_packet_v1.0.7/repository/independent_verifier/verify_principal_minor_diffusion_ray.py: OK
./external_audit/full_referee_validation_packet_v1.0.7/repository/independent_verifier/verify_realization_space.py: OK
./external_audit/full_referee_validation_packet_v1.0.7/repository/independent_verifier/verify_stable_contrast.py: OK
./external_audit/full_referee_validation_packet_v1.0.7/repository/independent_verifier/verify_symbolic_certificates.py: OK
./external_audit/full_referee_validation_packet_v1.0.7/repository/literature/citation_audit.csv: OK
./external_audit/full_referee_validation_packet_v1.0.7/repository/literature/closest_results.md: OK
./external_audit/full_referee_validation_packet_v1.0.7/repository/literature/priority_boundary.md: OK
./external_audit/full_referee_validation_packet_v1.0.7/repository/literature/source_quotes.md: OK
./external_audit/full_referee_validation_packet_v1.0.7/repository/literature/terminology_crosswalk.md: OK
./external_audit/full_referee_validation_packet_v1.0.7/repository/literature/theorem_comparison.csv: OK
./external_audit/full_referee_validation_packet_v1.0.7/repository/manuscript/main.bbl: OK
./external_audit/full_referee_validation_packet_v1.0.7/repository/manuscript/main.pdf: OK
./external_audit/full_referee_validation_packet_v1.0.7/repository/manuscript/main.tex: OK
./external_audit/full_referee_validation_packet_v1.0.7/repository/manuscript/references.bib: OK
./external_audit/full_referee_validation_packet_v1.0.7/repository/manuscript/supplement.pdf: OK
./external_audit/full_referee_validation_packet_v1.0.7/repository/manuscript/supplement.tex: OK
./external_audit/full_referee_validation_packet_v1.0.7/repository/proof_audit/all_spectrum_localization.tex: OK
./external_audit/full_referee_validation_packet_v1.0.7/repository/proof_audit/asymptotics.tex: OK
./external_audit/full_referee_validation_packet_v1.0.7/repository/proof_audit/bifurcation.tex: OK
./external_audit/full_referee_validation_packet_v1.0.7/repository/proof_audit/branch_stability.tex: OK
./external_audit/full_referee_validation_packet_v1.0.7/repository/proof_audit/conservation.tex: OK
./external_audit/full_referee_validation_packet_v1.0.7/repository/proof_audit/contrast_optimum.tex: OK
./external_audit/full_referee_validation_packet_v1.0.7/repository/proof_audit/critical_vectors.tex: OK
./external_audit/full_referee_validation_packet_v1.0.7/repository/proof_audit/cubic_coefficient.tex: OK
./external_audit/full_referee_validation_packet_v1.0.7/repository/proof_audit/cubic_sign.tex: OK
./external_audit/full_referee_validation_packet_v1.0.7/repository/proof_audit/exact_diffusion_criterion.tex: OK
./external_audit/full_referee_validation_packet_v1.0.7/repository/proof_audit/flux_and_realization_space.tex: OK
./external_audit/full_referee_validation_packet_v1.0.7/repository/proof_audit/flux_cone.tex: OK
./external_audit/full_referee_validation_packet_v1.0.7/repository/proof_audit/heterogeneity_tradeoff.tex: OK
./external_audit/full_referee_validation_packet_v1.0.7/repository/proof_audit/homogeneous_stability.tex: OK
./external_audit/full_referee_validation_packet_v1.0.7/repository/proof_audit/improved_unit_profile.tex: OK
./external_audit/full_referee_validation_packet_v1.0.7/repository/proof_audit/mode_isolation.tex: OK
./external_audit/full_referee_validation_packet_v1.0.7/repository/proof_audit/omission_minor_table.tex: OK
./external_audit/full_referee_validation_packet_v1.0.7/repository/proof_audit/principal_minor_diffusion_ray.tex: OK
./external_audit/full_referee_validation_packet_v1.0.7/repository/proof_audit/quadratic_tensor.tex: OK
./external_audit/full_referee_validation_packet_v1.0.7/repository/proof_audit/reaction_family.tex: OK
./external_audit/full_referee_validation_packet_v1.0.7/repository/proof_audit/realization_space.tex: OK
./external_audit/full_referee_validation_packet_v1.0.7/repository/proof_audit/robustness.tex: OK
./external_audit/full_referee_validation_packet_v1.0.7/repository/proof_audit/second_harmonic_correction.tex: OK
./external_audit/full_referee_validation_packet_v1.0.7/repository/proof_audit/semipositive_conservation.tex: OK
./external_audit/full_referee_validation_packet_v1.0.7/repository/proof_audit/stable_pareto_family.tex: OK
./external_audit/full_referee_validation_packet_v1.0.7/repository/proof_audit/stationary_band.tex: OK
./external_audit/full_referee_validation_packet_v1.0.7/repository/proof_audit/zero_mode_correction.tex: OK
./external_audit/full_referee_validation_packet_v1.0.7/repository/replay.sh: OK
./external_audit/full_referee_validation_packet_v1.0.7/repository/requirements.txt: OK
./external_audit/full_referee_validation_packet_v1.0.7/repository/sha256_manifest.txt: OK
./external_audit/full_referee_validation_packet_v1.0.7/repository/verification_outputs/detached_numerical_provenance.txt: OK
./external_audit/full_referee_validation_packet_v1.0.7/repository/verification_outputs/integrated_designs.txt: OK
./external_audit/full_referee_validation_packet_v1.0.7/repository/verification_outputs/manuscript_audit.txt: OK
./external_audit/full_referee_validation_packet_v1.0.7/repository/verification_outputs/numerical_provenance.txt: OK
./external_audit/full_referee_validation_packet_v1.0.7/repository/verification_outputs/pdf_preflight/SUMMARY.txt: OK
./external_audit/full_referee_validation_packet_v1.0.7/repository/verification_outputs/pdf_preflight/figures_amplitude_scaling_pdf.txt: OK
./external_audit/full_referee_validation_packet_v1.0.7/repository/verification_outputs/pdf_preflight/figures_network_family_pdf.txt: OK
./external_audit/full_referee_validation_packet_v1.0.7/repository/verification_outputs/pdf_preflight/figures_stable_profiles_pdf.txt: OK
./external_audit/full_referee_validation_packet_v1.0.7/repository/verification_outputs/pdf_preflight/figures_stable_tradeoff_pdf.txt: OK
./external_audit/full_referee_validation_packet_v1.0.7/repository/verification_outputs/pdf_preflight/manuscript_main_pdf.txt: OK
./external_audit/full_referee_validation_packet_v1.0.7/repository/verification_outputs/pdf_preflight/manuscript_supplement_pdf.txt: OK
./external_audit/full_referee_validation_packet_v1.0.7/repository/verification_outputs/pdf_semantic_audit.txt: OK
./external_audit/full_referee_validation_packet_v1.0.7/repository/verification_outputs/principal_minor_diffusion_ray.txt: OK
./external_audit/full_referee_validation_packet_v1.0.7/repository/verification_outputs/pytest.txt: OK
./external_audit/full_referee_validation_packet_v1.0.7/repository/verification_outputs/simulations.txt: OK
./external_audit/full_referee_validation_packet_v1.0.7/repository/verification_outputs/stale_claim_audit.txt: OK
./external_audit/full_referee_validation_packet_v1.0.7/repository/verification_outputs/symbolic_certificates.txt: OK
./external_audit/full_referee_validation_packet_v1.0.7/review_maps/CLAIM_LEDGER.md: OK
./external_audit/full_referee_validation_packet_v1.0.7/review_maps/DEPENDENCY_GRAPH.md: OK
./external_audit/full_referee_validation_packet_v1.0.7/review_maps/proof_skeleton.pdf: OK
./external_audit/full_referee_validation_packet_v1.0.7/review_maps/proof_skeleton.tex: OK
./external_audit/full_referee_validation_packet_v1.0.7/review_maps/theorem_dependency_map.md: OK
./external_audit/full_referee_validation_packet_v1.0.7/review_maps/theorem_summary.pdf: OK
./external_audit/full_referee_validation_packet_v1.0.7/review_maps/theorem_summary.tex: OK
./external_audit/minimal_verifier/README.md: OK
./external_audit/minimal_verifier/certificate_schema.json: OK
./external_audit/minimal_verifier/common.py: OK
./external_audit/minimal_verifier/core.py: OK
./external_audit/minimal_verifier/dd_verify_contrast_bounds.py: OK
./external_audit/minimal_verifier/dd_verify_critical_profile.py: OK
./external_audit/minimal_verifier/dd_verify_cubic_sign.py: OK
./external_audit/minimal_verifier/dd_verify_diffusion_criterion.py: OK
./external_audit/minimal_verifier/dd_verify_harmonic_corrections.py: OK
./external_audit/minimal_verifier/dd_verify_mode_isolation.py: OK
./external_audit/minimal_verifier/dd_verify_order_m_minors.py: OK
./external_audit/minimal_verifier/dd_verify_stable_contrast.py: OK
./external_audit/minimal_verifier/frontier_certificate.json: OK
./external_audit/minimal_verifier/frontier_verify_cubic_bound.py: OK
./external_audit/minimal_verifier/frontier_verify_determinant_identity.py: OK
./external_audit/minimal_verifier/frontier_verify_exposition_identities.py: OK
./external_audit/minimal_verifier/frontier_verify_family.py: OK
./external_audit/minimal_verifier/frontier_verify_master_certificate.py: OK
./external_audit/minimal_verifier/frontier_verify_mode_certificates.py: OK
./external_audit/minimal_verifier/frontier_verify_near_threshold.py: OK
./external_audit/minimal_verifier/frontier_verify_normal_form.py: OK
./external_audit/minimal_verifier/frontier_verify_pareto.py: OK
./external_audit/minimal_verifier/frontier_verify_pareto_curve.py: OK
./external_audit/minimal_verifier/improved_modulus_certificate.json: OK
./external_audit/minimal_verifier/pareto_all_m_certificate.json: OK
./external_audit/minimal_verifier/pareto_core.py: OK
./external_audit/minimal_verifier/replay.sh: OK
./external_audit/minimal_verifier/stable_core.py: OK
./external_audit/minimal_verifier/verify_all_spectrum.py: OK
./external_audit/minimal_verifier/verify_branch_stability.py: OK
./external_audit/minimal_verifier/verify_contrast_bounds.py: OK
./external_audit/minimal_verifier/verify_critical_profile.py: OK
./external_audit/minimal_verifier/verify_cubic_sign.py: OK
./external_audit/minimal_verifier/verify_current_numerical_provenance.py: OK
./external_audit/minimal_verifier/verify_diffusion_criterion.py: OK
./external_audit/minimal_verifier/verify_exchange_of_stability.py: OK
./external_audit/minimal_verifier/verify_family.py: OK
./external_audit/minimal_verifier/verify_generic_cubic_recurrence.py: OK
./external_audit/minimal_verifier/verify_harmonic_corrections.py: OK
./external_audit/minimal_verifier/verify_improved_profile.py: OK
./external_audit/minimal_verifier/verify_mode_certificates.py: OK
./external_audit/minimal_verifier/verify_mode_isolation.py: OK
./external_audit/minimal_verifier/verify_network_one_bad_minor.py: OK
./external_audit/minimal_verifier/verify_order_m_minors.py: OK
./external_audit/minimal_verifier/verify_pareto_family.py: OK
./external_audit/minimal_verifier/verify_principal_minor_diffusion_ray.py: OK
./external_audit/minimal_verifier/verify_realization_space.py: OK
./external_audit/minimal_verifier/verify_stable_contrast.py: OK
./external_audit/minimal_verifier/verify_symbolic_certificates.py: OK
./external_audit/packets/pde/Nhat_m3.json: OK
./external_audit/packets/pde/Nhat_m4.json: OK
./external_audit/packets/pde/minimal_verifier/README.md: OK
./external_audit/packets/pde/minimal_verifier/certificate_schema.json: OK
./external_audit/packets/pde/minimal_verifier/common.py: OK
./external_audit/packets/pde/minimal_verifier/core.py: OK
./external_audit/packets/pde/minimal_verifier/dd_verify_contrast_bounds.py: OK
./external_audit/packets/pde/minimal_verifier/dd_verify_critical_profile.py: OK
./external_audit/packets/pde/minimal_verifier/dd_verify_cubic_sign.py: OK
./external_audit/packets/pde/minimal_verifier/dd_verify_diffusion_criterion.py: OK
./external_audit/packets/pde/minimal_verifier/dd_verify_harmonic_corrections.py: OK
./external_audit/packets/pde/minimal_verifier/dd_verify_mode_isolation.py: OK
./external_audit/packets/pde/minimal_verifier/dd_verify_order_m_minors.py: OK
./external_audit/packets/pde/minimal_verifier/dd_verify_stable_contrast.py: OK
./external_audit/packets/pde/minimal_verifier/frontier_certificate.json: OK
./external_audit/packets/pde/minimal_verifier/frontier_verify_cubic_bound.py: OK
./external_audit/packets/pde/minimal_verifier/frontier_verify_determinant_identity.py: OK
./external_audit/packets/pde/minimal_verifier/frontier_verify_exposition_identities.py: OK
./external_audit/packets/pde/minimal_verifier/frontier_verify_family.py: OK
./external_audit/packets/pde/minimal_verifier/frontier_verify_master_certificate.py: OK
./external_audit/packets/pde/minimal_verifier/frontier_verify_mode_certificates.py: OK
./external_audit/packets/pde/minimal_verifier/frontier_verify_near_threshold.py: OK
./external_audit/packets/pde/minimal_verifier/frontier_verify_normal_form.py: OK
./external_audit/packets/pde/minimal_verifier/frontier_verify_pareto.py: OK
./external_audit/packets/pde/minimal_verifier/frontier_verify_pareto_curve.py: OK
./external_audit/packets/pde/minimal_verifier/improved_modulus_certificate.json: OK
./external_audit/packets/pde/minimal_verifier/pareto_all_m_certificate.json: OK
./external_audit/packets/pde/minimal_verifier/pareto_core.py: OK
./external_audit/packets/pde/minimal_verifier/replay.sh: OK
./external_audit/packets/pde/minimal_verifier/stable_core.py: OK
./external_audit/packets/pde/minimal_verifier/verify_all_spectrum.py: OK
./external_audit/packets/pde/minimal_verifier/verify_branch_stability.py: OK
./external_audit/packets/pde/minimal_verifier/verify_contrast_bounds.py: OK
./external_audit/packets/pde/minimal_verifier/verify_critical_profile.py: OK
./external_audit/packets/pde/minimal_verifier/verify_cubic_sign.py: OK
./external_audit/packets/pde/minimal_verifier/verify_current_numerical_provenance.py: OK
./external_audit/packets/pde/minimal_verifier/verify_diffusion_criterion.py: OK
./external_audit/packets/pde/minimal_verifier/verify_exchange_of_stability.py: OK
./external_audit/packets/pde/minimal_verifier/verify_family.py: OK
./external_audit/packets/pde/minimal_verifier/verify_generic_cubic_recurrence.py: OK
./external_audit/packets/pde/minimal_verifier/verify_harmonic_corrections.py: OK
./external_audit/packets/pde/minimal_verifier/verify_improved_profile.py: OK
./external_audit/packets/pde/minimal_verifier/verify_mode_certificates.py: OK
./external_audit/packets/pde/minimal_verifier/verify_mode_isolation.py: OK
./external_audit/packets/pde/minimal_verifier/verify_network_one_bad_minor.py: OK
./external_audit/packets/pde/minimal_verifier/verify_order_m_minors.py: OK
./external_audit/packets/pde/minimal_verifier/verify_pareto_family.py: OK
./external_audit/packets/pde/minimal_verifier/verify_principal_minor_diffusion_ray.py: OK
./external_audit/packets/pde/minimal_verifier/verify_realization_space.py: OK
./external_audit/packets/pde/minimal_verifier/verify_stable_contrast.py: OK
./external_audit/packets/pde/minimal_verifier/verify_symbolic_certificates.py: OK
./external_audit/packets/pde/network_family.pdf: OK
./external_audit/packets/pde/pareto_m3_L0.json: OK
./external_audit/packets/pde/pareto_m4_L0.json: OK
./external_audit/packets/pde/proof_skeleton.pdf: OK
./external_audit/packets/pde/questions.md: OK
./external_audit/packets/pde/theorem_summary.pdf: OK
./external_audit/packets/pde_audit_packet.zip: OK
./external_audit/packets/reaction_network/Nhat_m3.json: OK
./external_audit/packets/reaction_network/Nhat_m4.json: OK
./external_audit/packets/reaction_network/minimal_verifier/README.md: OK
./external_audit/packets/reaction_network/minimal_verifier/certificate_schema.json: OK
./external_audit/packets/reaction_network/minimal_verifier/common.py: OK
./external_audit/packets/reaction_network/minimal_verifier/core.py: OK
./external_audit/packets/reaction_network/minimal_verifier/dd_verify_contrast_bounds.py: OK
./external_audit/packets/reaction_network/minimal_verifier/dd_verify_critical_profile.py: OK
./external_audit/packets/reaction_network/minimal_verifier/dd_verify_cubic_sign.py: OK
./external_audit/packets/reaction_network/minimal_verifier/dd_verify_diffusion_criterion.py: OK
./external_audit/packets/reaction_network/minimal_verifier/dd_verify_harmonic_corrections.py: OK
./external_audit/packets/reaction_network/minimal_verifier/dd_verify_mode_isolation.py: OK
./external_audit/packets/reaction_network/minimal_verifier/dd_verify_order_m_minors.py: OK
./external_audit/packets/reaction_network/minimal_verifier/dd_verify_stable_contrast.py: OK
./external_audit/packets/reaction_network/minimal_verifier/frontier_certificate.json: OK
./external_audit/packets/reaction_network/minimal_verifier/frontier_verify_cubic_bound.py: OK
./external_audit/packets/reaction_network/minimal_verifier/frontier_verify_determinant_identity.py: OK
./external_audit/packets/reaction_network/minimal_verifier/frontier_verify_exposition_identities.py: OK
./external_audit/packets/reaction_network/minimal_verifier/frontier_verify_family.py: OK
./external_audit/packets/reaction_network/minimal_verifier/frontier_verify_master_certificate.py: OK
./external_audit/packets/reaction_network/minimal_verifier/frontier_verify_mode_certificates.py: OK
./external_audit/packets/reaction_network/minimal_verifier/frontier_verify_near_threshold.py: OK
./external_audit/packets/reaction_network/minimal_verifier/frontier_verify_normal_form.py: OK
./external_audit/packets/reaction_network/minimal_verifier/frontier_verify_pareto.py: OK
./external_audit/packets/reaction_network/minimal_verifier/frontier_verify_pareto_curve.py: OK
./external_audit/packets/reaction_network/minimal_verifier/improved_modulus_certificate.json: OK
./external_audit/packets/reaction_network/minimal_verifier/pareto_all_m_certificate.json: OK
./external_audit/packets/reaction_network/minimal_verifier/pareto_core.py: OK
./external_audit/packets/reaction_network/minimal_verifier/replay.sh: OK
./external_audit/packets/reaction_network/minimal_verifier/stable_core.py: OK
./external_audit/packets/reaction_network/minimal_verifier/verify_all_spectrum.py: OK
./external_audit/packets/reaction_network/minimal_verifier/verify_branch_stability.py: OK
./external_audit/packets/reaction_network/minimal_verifier/verify_contrast_bounds.py: OK
./external_audit/packets/reaction_network/minimal_verifier/verify_critical_profile.py: OK
./external_audit/packets/reaction_network/minimal_verifier/verify_cubic_sign.py: OK
./external_audit/packets/reaction_network/minimal_verifier/verify_current_numerical_provenance.py: OK
./external_audit/packets/reaction_network/minimal_verifier/verify_diffusion_criterion.py: OK
./external_audit/packets/reaction_network/minimal_verifier/verify_exchange_of_stability.py: OK
./external_audit/packets/reaction_network/minimal_verifier/verify_family.py: OK
./external_audit/packets/reaction_network/minimal_verifier/verify_generic_cubic_recurrence.py: OK
./external_audit/packets/reaction_network/minimal_verifier/verify_harmonic_corrections.py: OK
./external_audit/packets/reaction_network/minimal_verifier/verify_improved_profile.py: OK
./external_audit/packets/reaction_network/minimal_verifier/verify_mode_certificates.py: OK
./external_audit/packets/reaction_network/minimal_verifier/verify_mode_isolation.py: OK
./external_audit/packets/reaction_network/minimal_verifier/verify_network_one_bad_minor.py: OK
./external_audit/packets/reaction_network/minimal_verifier/verify_order_m_minors.py: OK
./external_audit/packets/reaction_network/minimal_verifier/verify_pareto_family.py: OK
./external_audit/packets/reaction_network/minimal_verifier/verify_principal_minor_diffusion_ray.py: OK
./external_audit/packets/reaction_network/minimal_verifier/verify_realization_space.py: OK
./external_audit/packets/reaction_network/minimal_verifier/verify_stable_contrast.py: OK
./external_audit/packets/reaction_network/minimal_verifier/verify_symbolic_certificates.py: OK
./external_audit/packets/reaction_network/network_family.pdf: OK
./external_audit/packets/reaction_network/pareto_m3_L0.json: OK
./external_audit/packets/reaction_network/pareto_m4_L0.json: OK
./external_audit/packets/reaction_network/proof_skeleton.pdf: OK
./external_audit/packets/reaction_network/questions.md: OK
./external_audit/packets/reaction_network/theorem_summary.pdf: OK
./external_audit/packets/reaction_network_audit_packet.zip: OK
./external_audit/packets/symbolic/Nhat_m3.json: OK
./external_audit/packets/symbolic/Nhat_m4.json: OK
./external_audit/packets/symbolic/minimal_verifier/README.md: OK
./external_audit/packets/symbolic/minimal_verifier/certificate_schema.json: OK
./external_audit/packets/symbolic/minimal_verifier/common.py: OK
./external_audit/packets/symbolic/minimal_verifier/core.py: OK
./external_audit/packets/symbolic/minimal_verifier/dd_verify_contrast_bounds.py: OK
./external_audit/packets/symbolic/minimal_verifier/dd_verify_critical_profile.py: OK
./external_audit/packets/symbolic/minimal_verifier/dd_verify_cubic_sign.py: OK
./external_audit/packets/symbolic/minimal_verifier/dd_verify_diffusion_criterion.py: OK
./external_audit/packets/symbolic/minimal_verifier/dd_verify_harmonic_corrections.py: OK
./external_audit/packets/symbolic/minimal_verifier/dd_verify_mode_isolation.py: OK
./external_audit/packets/symbolic/minimal_verifier/dd_verify_order_m_minors.py: OK
./external_audit/packets/symbolic/minimal_verifier/dd_verify_stable_contrast.py: OK
./external_audit/packets/symbolic/minimal_verifier/frontier_certificate.json: OK
./external_audit/packets/symbolic/minimal_verifier/frontier_verify_cubic_bound.py: OK
./external_audit/packets/symbolic/minimal_verifier/frontier_verify_determinant_identity.py: OK
./external_audit/packets/symbolic/minimal_verifier/frontier_verify_exposition_identities.py: OK
./external_audit/packets/symbolic/minimal_verifier/frontier_verify_family.py: OK
./external_audit/packets/symbolic/minimal_verifier/frontier_verify_master_certificate.py: OK
./external_audit/packets/symbolic/minimal_verifier/frontier_verify_mode_certificates.py: OK
./external_audit/packets/symbolic/minimal_verifier/frontier_verify_near_threshold.py: OK
./external_audit/packets/symbolic/minimal_verifier/frontier_verify_normal_form.py: OK
./external_audit/packets/symbolic/minimal_verifier/frontier_verify_pareto.py: OK
./external_audit/packets/symbolic/minimal_verifier/frontier_verify_pareto_curve.py: OK
./external_audit/packets/symbolic/minimal_verifier/improved_modulus_certificate.json: OK
./external_audit/packets/symbolic/minimal_verifier/pareto_all_m_certificate.json: OK
./external_audit/packets/symbolic/minimal_verifier/pareto_core.py: OK
./external_audit/packets/symbolic/minimal_verifier/replay.sh: OK
./external_audit/packets/symbolic/minimal_verifier/stable_core.py: OK
./external_audit/packets/symbolic/minimal_verifier/verify_all_spectrum.py: OK
./external_audit/packets/symbolic/minimal_verifier/verify_branch_stability.py: OK
./external_audit/packets/symbolic/minimal_verifier/verify_contrast_bounds.py: OK
./external_audit/packets/symbolic/minimal_verifier/verify_critical_profile.py: OK
./external_audit/packets/symbolic/minimal_verifier/verify_cubic_sign.py: OK
./external_audit/packets/symbolic/minimal_verifier/verify_current_numerical_provenance.py: OK
./external_audit/packets/symbolic/minimal_verifier/verify_diffusion_criterion.py: OK
./external_audit/packets/symbolic/minimal_verifier/verify_exchange_of_stability.py: OK
./external_audit/packets/symbolic/minimal_verifier/verify_family.py: OK
./external_audit/packets/symbolic/minimal_verifier/verify_generic_cubic_recurrence.py: OK
./external_audit/packets/symbolic/minimal_verifier/verify_harmonic_corrections.py: OK
./external_audit/packets/symbolic/minimal_verifier/verify_improved_profile.py: OK
./external_audit/packets/symbolic/minimal_verifier/verify_mode_certificates.py: OK
./external_audit/packets/symbolic/minimal_verifier/verify_mode_isolation.py: OK
./external_audit/packets/symbolic/minimal_verifier/verify_network_one_bad_minor.py: OK
./external_audit/packets/symbolic/minimal_verifier/verify_order_m_minors.py: OK
./external_audit/packets/symbolic/minimal_verifier/verify_pareto_family.py: OK
./external_audit/packets/symbolic/minimal_verifier/verify_principal_minor_diffusion_ray.py: OK
./external_audit/packets/symbolic/minimal_verifier/verify_realization_space.py: OK
./external_audit/packets/symbolic/minimal_verifier/verify_stable_contrast.py: OK
./external_audit/packets/symbolic/minimal_verifier/verify_symbolic_certificates.py: OK
./external_audit/packets/symbolic/network_family.pdf: OK
./external_audit/packets/symbolic/pareto_m3_L0.json: OK
./external_audit/packets/symbolic/pareto_m4_L0.json: OK
./external_audit/packets/symbolic/proof_skeleton.pdf: OK
./external_audit/packets/symbolic/questions.md: OK
./external_audit/packets/symbolic/theorem_summary.pdf: OK
./external_audit/packets/symbolic_audit_packet.zip: OK
./external_audit/proof_skeleton.pdf: OK
./external_audit/proof_skeleton.tex: OK
./external_audit/specialist_questions.md: OK
./external_audit/theorem_summary.pdf: OK
./external_audit/theorem_summary.tex: OK
./figures/amplitude_scaling.pdf: OK
./figures/amplitude_scaling.png: OK
./figures/amplitude_scaling.py: OK
./figures/contrast_table.csv: OK
./figures/network_family.pdf: OK
./figures/network_family.tex: OK
./figures/network_family_standalone.pdf: OK
./figures/network_family_standalone.tex: OK
./figures/stable_profiles.pdf: OK
./figures/stable_profiles.png: OK
./figures/stable_profiles.py: OK
./figures/stable_tradeoff.pdf: OK
./figures/stable_tradeoff.png: OK
./figures/stable_tradeoff.py: OK
./independent_full_referee_2026-09-05/.gitignore: OK
./independent_full_referee_2026-09-05/AUTHOR_ACTIONS.md: OK
./independent_full_referee_2026-09-05/README.md: OK
./independent_full_referee_2026-09-05/REFEREE_REPORT.md: OK
./independent_full_referee_2026-09-05/RESEARCH_LOG.md: OK
./independent_full_referee_2026-09-05/ROOT_CERTIFICATE_READER_WITNESS.json: OK
./independent_full_referee_2026-09-05/SOURCE_INVENTORY.json: OK
./independent_full_referee_2026-09-05/algebra/ALGEBRA_REPORT.md: OK
./independent_full_referee_2026-09-05/algebra/CROSS_REVIEW.md: OK
./independent_full_referee_2026-09-05/algebra/RESEARCH_LOG.md: OK
./independent_full_referee_2026-09-05/algebra/boundary_stress_check.py: OK
./independent_full_referee_2026-09-05/algebra/boundary_stress_results.json: OK
./independent_full_referee_2026-09-05/algebra/boundary_stress_run.log: OK
./independent_full_referee_2026-09-05/algebra/crosscheck_near_threshold.py: OK
./independent_full_referee_2026-09-05/algebra/exposition_counterexamples.json: OK
./independent_full_referee_2026-09-05/algebra/independent_algebra_check.py: OK
./independent_full_referee_2026-09-05/algebra/independent_results.json: OK
./independent_full_referee_2026-09-05/algebra/independent_run.log: OK
./independent_full_referee_2026-09-05/algebra/near_threshold_crosscheck_results.json: OK
./independent_full_referee_2026-09-05/algebra/near_threshold_crosscheck_run.log: OK
./independent_full_referee_2026-09-05/check_certificate_reader.py: OK
./independent_full_referee_2026-09-05/documents/BIBLIOGRAPHIC_METADATA.json: OK
./independent_full_referee_2026-09-05/documents/DOCUMENT_REVIEW.md: OK
./independent_full_referee_2026-09-05/documents/LITERATURE_REVIEW.md: OK
./independent_full_referee_2026-09-05/documents/RENDER_INDEX.json: OK
./independent_full_referee_2026-09-05/documents/TABLE_SPACING_WITNESS.json: OK
./independent_full_referee_2026-09-05/documents/check_table_spacing.py: OK
./independent_full_referee_2026-09-05/documents/journal_main.txt: OK
./independent_full_referee_2026-09-05/documents/journal_supplement.txt: OK
./independent_full_referee_2026-09-05/documents/letter.txt: OK
./independent_full_referee_2026-09-05/documents/main.txt: OK
./independent_full_referee_2026-09-05/documents/skeleton.txt: OK
./independent_full_referee_2026-09-05/documents/summary.txt: OK
./independent_full_referee_2026-09-05/documents/supplement.txt: OK
./independent_full_referee_2026-09-05/documents/table_bbox.html: OK
./independent_full_referee_2026-09-05/pde/NOVELTY_CROSSCHECK.md: OK
./independent_full_referee_2026-09-05/pde/PDE_REPORT.md: OK
./independent_full_referee_2026-09-05/pde/RESEARCH_LOG.md: OK
./independent_full_referee_2026-09-05/pde/generic_gauge_independent.py: OK
./independent_full_referee_2026-09-05/pde/independent_checks.py: OK
./independent_full_referee_2026-09-05/pde/independent_results.json: OK
./independent_full_referee_2026-09-05/pde/near_threshold_independent.py: OK
./independent_full_referee_2026-09-05/pde/near_threshold_results.txt: OK
./independent_full_referee_2026-09-05/restore_snapshot.py: OK
./independent_full_referee_2026-09-05/software/COMMANDS.tsv: OK
./independent_full_referee_2026-09-05/software/COMMAND_RESULTS.jsonl: OK
./independent_full_referee_2026-09-05/software/ENTRYPOINT_AUDIT.md: OK
./independent_full_referee_2026-09-05/software/RESEARCH_LOG.md: OK
./independent_full_referee_2026-09-05/software/SOFTWARE_REPORT.md: OK
./independent_full_referee_2026-09-05/software/audit_driver.py: OK
./independent_full_referee_2026-09-05/software/bundle_checks.py: OK
./independent_full_referee_2026-09-05/software/certificate_containment.py: OK
./independent_full_referee_2026-09-05/software/computational_replay.py: OK
./independent_full_referee_2026-09-05/software/independent_checks.py: OK
./independent_full_referee_2026-09-05/software/logs/PDF_full_shipped.log: OK
./independent_full_referee_2026-09-05/software/logs/PDF_journal_shipped.log: OK
./independent_full_referee_2026-09-05/software/logs/base_host_portable_preflight.log: OK
./independent_full_referee_2026-09-05/software/logs/base_host_top_preflight.log: OK
./independent_full_referee_2026-09-05/software/logs/bundle_and_detached_source_checks.log: OK
./independent_full_referee_2026-09-05/software/logs/bundle_regenerate_0.log: OK
./independent_full_referee_2026-09-05/software/logs/bundle_regenerate_1.log: OK
./independent_full_referee_2026-09-05/software/logs/bundle_regenerate_2.log: OK
./independent_full_referee_2026-09-05/software/logs/bundle_regenerate_3.log: OK
./independent_full_referee_2026-09-05/software/logs/bundle_regenerate_4.log: OK
./independent_full_referee_2026-09-05/software/logs/bundle_regenerate_5.log: OK
./independent_full_referee_2026-09-05/software/logs/bundle_regenerate_6.log: OK
./independent_full_referee_2026-09-05/software/logs/certificate_containment.log: OK
./independent_full_referee_2026-09-05/software/logs/computational_replay.log: OK
./independent_full_referee_2026-09-05/software/logs/containment_declared_counts_changed.log: OK
./independent_full_referee_2026-09-05/software/logs/containment_driver.log: OK
./independent_full_referee_2026-09-05/software/logs/containment_extra_negative_terms.log: OK
./independent_full_referee_2026-09-05/software/logs/containment_full_exposition.log: OK
./independent_full_referee_2026-09-05/software/logs/containment_full_symbolic_aggregate.log: OK
./independent_full_referee_2026-09-05/software/logs/containment_minimal_symbolic_aggregate.log: OK
./independent_full_referee_2026-09-05/software/logs/containment_opposite_duplicate_first.log: OK
./independent_full_referee_2026-09-05/software/logs/containment_opposite_duplicate_last.log: OK
./independent_full_referee_2026-09-05/software/logs/containment_portable_manifest_gate.log: OK
./independent_full_referee_2026-09-05/software/logs/containment_unit_identical_duplicates.log: OK
./independent_full_referee_2026-09-05/software/logs/containment_unknown_block_metadata.log: OK
./independent_full_referee_2026-09-05/software/logs/core_replay_driver.log: OK
./independent_full_referee_2026-09-05/software/logs/download_tinytex.log: OK
./independent_full_referee_2026-09-05/software/logs/environment_inventory.log: OK
./independent_full_referee_2026-09-05/software/logs/export_m10.log: OK
./independent_full_referee_2026-09-05/software/logs/export_m3.log: OK
./independent_full_referee_2026-09-05/software/logs/export_m4.log: OK
./independent_full_referee_2026-09-05/software/logs/export_m5.log: OK
./independent_full_referee_2026-09-05/software/logs/export_m6.log: OK
./independent_full_referee_2026-09-05/software/logs/export_m8.log: OK
./independent_full_referee_2026-09-05/software/logs/export_pareto_m3.log: OK
./independent_full_referee_2026-09-05/software/logs/export_pareto_m4.log: OK
./independent_full_referee_2026-09-05/software/logs/extract_tinytex.log: OK
./independent_full_referee_2026-09-05/software/logs/figure_amplitude_scaling.log: OK
./independent_full_referee_2026-09-05/software/logs/figure_stable_profiles.log: OK
./independent_full_referee_2026-09-05/software/logs/figure_stable_tradeoff.log: OK
./independent_full_referee_2026-09-05/software/logs/full_15_simulations.log: OK
./independent_full_referee_2026-09-05/software/logs/independent_driver.log: OK
./independent_full_referee_2026-09-05/software/logs/independent_exact_reconstruction.log: OK
./independent_full_referee_2026-09-05/software/logs/independent_mutations.log: OK
./independent_full_referee_2026-09-05/software/logs/independent_simulation_comparison.log: OK
./independent_full_referee_2026-09-05/software/logs/integrity_setup.log: OK
./independent_full_referee_2026-09-05/software/logs/lock_protocol_baseline.log: OK
./independent_full_referee_2026-09-05/software/logs/lock_protocol_controls.log: OK
./independent_full_referee_2026-09-05/software/logs/lock_protocol_mutation_BIBER.log: OK
./independent_full_referee_2026-09-05/software/logs/lock_protocol_mutation_ENGINE.log: OK
./independent_full_referee_2026-09-05/software/logs/lock_protocol_mutation_FORMAT.log: OK
./independent_full_referee_2026-09-05/software/logs/lock_protocol_mutation_LATEX.log: OK
./independent_full_referee_2026-09-05/software/logs/lock_protocol_mutation_amsmath_sty.log: OK
./independent_full_referee_2026-09-05/software/logs/lock_protocol_mutation_amssymb_sty.log: OK
./independent_full_referee_2026-09-05/software/logs/lock_protocol_mutation_amsthm_sty.log: OK
./independent_full_referee_2026-09-05/software/logs/lock_protocol_mutation_array_sty.log: OK
./independent_full_referee_2026-09-05/software/logs/lock_protocol_mutation_article_cls.log: OK
./independent_full_referee_2026-09-05/software/logs/lock_protocol_mutation_biblatex_sty.log: OK
./independent_full_referee_2026-09-05/software/logs/lock_protocol_mutation_booktabs_sty.log: OK
./independent_full_referee_2026-09-05/software/logs/lock_protocol_mutation_cleveref_sty.log: OK
./independent_full_referee_2026-09-05/software/logs/lock_protocol_mutation_enumitem_sty.log: OK
./independent_full_referee_2026-09-05/software/logs/lock_protocol_mutation_float_sty.log: OK
./independent_full_referee_2026-09-05/software/logs/lock_protocol_mutation_fontenc_sty.log: OK
./independent_full_referee_2026-09-05/software/logs/lock_protocol_mutation_geometry_sty.log: OK
./independent_full_referee_2026-09-05/software/logs/lock_protocol_mutation_graphics_sty.log: OK
./independent_full_referee_2026-09-05/software/logs/lock_protocol_mutation_graphicx_sty.log: OK
./independent_full_referee_2026-09-05/software/logs/lock_protocol_mutation_grfext_sty.log: OK
./independent_full_referee_2026-09-05/software/logs/lock_protocol_mutation_hyperref_sty.log: OK
./independent_full_referee_2026-09-05/software/logs/lock_protocol_mutation_lineno_sty.log: OK
./independent_full_referee_2026-09-05/software/logs/lock_protocol_mutation_lmodern_sty.log: OK
./independent_full_referee_2026-09-05/software/logs/lock_protocol_mutation_longtable_sty.log: OK
./independent_full_referee_2026-09-05/software/logs/lock_protocol_mutation_mathtools_sty.log: OK
./independent_full_referee_2026-09-05/software/logs/lock_protocol_mutation_microtype_sty.log: OK
./independent_full_referee_2026-09-05/software/logs/lock_protocol_mutation_pgf_sty.log: OK
./independent_full_referee_2026-09-05/software/logs/lock_protocol_mutation_standalone_cls.log: OK
./independent_full_referee_2026-09-05/software/logs/lock_protocol_mutation_tikz_sty.log: OK
./independent_full_referee_2026-09-05/software/logs/minimal_replay.log: OK
./independent_full_referee_2026-09-05/software/logs/mutation_diffusion_constant.log: OK
./independent_full_referee_2026-09-05/software/logs/mutation_extra_negative_certificate_terms.log: OK
./independent_full_referee_2026-09-05/software/logs/mutation_harmonic_recurrence.log: OK
./independent_full_referee_2026-09-05/software/logs/mutation_numerical_source.log: OK
./independent_full_referee_2026-09-05/software/logs/mutation_reaction_multiplicity.log: OK
./independent_full_referee_2026-09-05/software/logs/mutation_scaled_gauge.log: OK
./independent_full_referee_2026-09-05/software/logs/mutation_self_manifest.log: OK
./independent_full_referee_2026-09-05/software/logs/mutation_shipped_manifest.log: OK
./independent_full_referee_2026-09-05/software/logs/mutation_wrapper_child_failure.log: OK
./independent_full_referee_2026-09-05/software/logs/mutation_zero_mode_gauge.log: OK
./independent_full_referee_2026-09-05/software/logs/normal_dd_verify_contrast_bounds.log: OK
./independent_full_referee_2026-09-05/software/logs/normal_dd_verify_critical_profile.log: OK
./independent_full_referee_2026-09-05/software/logs/normal_dd_verify_cubic_sign.log: OK
./independent_full_referee_2026-09-05/software/logs/normal_dd_verify_diffusion_criterion.log: OK
./independent_full_referee_2026-09-05/software/logs/normal_dd_verify_harmonic_corrections.log: OK
./independent_full_referee_2026-09-05/software/logs/normal_dd_verify_mode_isolation.log: OK
./independent_full_referee_2026-09-05/software/logs/normal_dd_verify_order_m_minors.log: OK
./independent_full_referee_2026-09-05/software/logs/normal_dd_verify_stable_contrast.log: OK
./independent_full_referee_2026-09-05/software/logs/normal_frontier_verify_cubic_bound.log: OK
./independent_full_referee_2026-09-05/software/logs/normal_frontier_verify_determinant_identity.log: OK
./independent_full_referee_2026-09-05/software/logs/normal_frontier_verify_exposition_identities.log: OK
./independent_full_referee_2026-09-05/software/logs/normal_frontier_verify_family.log: OK
./independent_full_referee_2026-09-05/software/logs/normal_frontier_verify_master_certificate.log: OK
./independent_full_referee_2026-09-05/software/logs/normal_frontier_verify_mode_certificates.log: OK
./independent_full_referee_2026-09-05/software/logs/normal_frontier_verify_near_threshold.log: OK
./independent_full_referee_2026-09-05/software/logs/normal_frontier_verify_normal_form.log: OK
./independent_full_referee_2026-09-05/software/logs/normal_frontier_verify_pareto.log: OK
./independent_full_referee_2026-09-05/software/logs/normal_frontier_verify_pareto_curve.log: OK
./independent_full_referee_2026-09-05/software/logs/normal_verify_all_spectrum.log: OK
./independent_full_referee_2026-09-05/software/logs/normal_verify_branch_stability.log: OK
./independent_full_referee_2026-09-05/software/logs/normal_verify_contrast_bounds.log: OK
./independent_full_referee_2026-09-05/software/logs/normal_verify_critical_profile.log: OK
./independent_full_referee_2026-09-05/software/logs/normal_verify_cubic_sign.log: OK
./independent_full_referee_2026-09-05/software/logs/normal_verify_current_numerical_provenance.log: OK
./independent_full_referee_2026-09-05/software/logs/normal_verify_diffusion_criterion.log: OK
./independent_full_referee_2026-09-05/software/logs/normal_verify_exchange_of_stability.log: OK
./independent_full_referee_2026-09-05/software/logs/normal_verify_family.log: OK
./independent_full_referee_2026-09-05/software/logs/normal_verify_generic_cubic_recurrence.log: OK
./independent_full_referee_2026-09-05/software/logs/normal_verify_harmonic_corrections.log: OK
./independent_full_referee_2026-09-05/software/logs/normal_verify_improved_profile.log: OK
./independent_full_referee_2026-09-05/software/logs/normal_verify_mode_certificates.log: OK
./independent_full_referee_2026-09-05/software/logs/normal_verify_mode_isolation.log: OK
./independent_full_referee_2026-09-05/software/logs/normal_verify_network_one_bad_minor.log: OK
./independent_full_referee_2026-09-05/software/logs/normal_verify_order_m_minors.log: OK
./independent_full_referee_2026-09-05/software/logs/normal_verify_pareto_family.log: OK
./independent_full_referee_2026-09-05/software/logs/normal_verify_principal_minor_diffusion_ray.log: OK
./independent_full_referee_2026-09-05/software/logs/normal_verify_realization_space.log: OK
./independent_full_referee_2026-09-05/software/logs/normal_verify_stable_contrast.log: OK
./independent_full_referee_2026-09-05/software/logs/normal_verify_symbolic_certificates.log: OK
./independent_full_referee_2026-09-05/software/logs/optimized_dd_verify_contrast_bounds.log: OK
./independent_full_referee_2026-09-05/software/logs/optimized_dd_verify_critical_profile.log: OK
./independent_full_referee_2026-09-05/software/logs/optimized_dd_verify_cubic_sign.log: OK
./independent_full_referee_2026-09-05/software/logs/optimized_dd_verify_diffusion_criterion.log: OK
./independent_full_referee_2026-09-05/software/logs/optimized_dd_verify_harmonic_corrections.log: OK
./independent_full_referee_2026-09-05/software/logs/optimized_dd_verify_mode_isolation.log: OK
./independent_full_referee_2026-09-05/software/logs/optimized_dd_verify_order_m_minors.log: OK
./independent_full_referee_2026-09-05/software/logs/optimized_dd_verify_stable_contrast.log: OK
./independent_full_referee_2026-09-05/software/logs/optimized_frontier_verify_cubic_bound.log: OK
./independent_full_referee_2026-09-05/software/logs/optimized_frontier_verify_determinant_identity.log: OK
./independent_full_referee_2026-09-05/software/logs/optimized_frontier_verify_exposition_identities.log: OK
./independent_full_referee_2026-09-05/software/logs/optimized_frontier_verify_family.log: OK
./independent_full_referee_2026-09-05/software/logs/optimized_frontier_verify_master_certificate.log: OK
./independent_full_referee_2026-09-05/software/logs/optimized_frontier_verify_mode_certificates.log: OK
./independent_full_referee_2026-09-05/software/logs/optimized_frontier_verify_near_threshold.log: OK
./independent_full_referee_2026-09-05/software/logs/optimized_frontier_verify_normal_form.log: OK
./independent_full_referee_2026-09-05/software/logs/optimized_frontier_verify_pareto.log: OK
./independent_full_referee_2026-09-05/software/logs/optimized_frontier_verify_pareto_curve.log: OK
./independent_full_referee_2026-09-05/software/logs/optimized_verify_all_spectrum.log: OK
./independent_full_referee_2026-09-05/software/logs/optimized_verify_branch_stability.log: OK
./independent_full_referee_2026-09-05/software/logs/optimized_verify_contrast_bounds.log: OK
./independent_full_referee_2026-09-05/software/logs/optimized_verify_critical_profile.log: OK
./independent_full_referee_2026-09-05/software/logs/optimized_verify_cubic_sign.log: OK
./independent_full_referee_2026-09-05/software/logs/optimized_verify_current_numerical_provenance.log: OK
./independent_full_referee_2026-09-05/software/logs/optimized_verify_diffusion_criterion.log: OK
./independent_full_referee_2026-09-05/software/logs/optimized_verify_exchange_of_stability.log: OK
./independent_full_referee_2026-09-05/software/logs/optimized_verify_family.log: OK
./independent_full_referee_2026-09-05/software/logs/optimized_verify_generic_cubic_recurrence.log: OK
./independent_full_referee_2026-09-05/software/logs/optimized_verify_harmonic_corrections.log: OK
./independent_full_referee_2026-09-05/software/logs/optimized_verify_improved_profile.log: OK
./independent_full_referee_2026-09-05/software/logs/optimized_verify_mode_certificates.log: OK
./independent_full_referee_2026-09-05/software/logs/optimized_verify_mode_isolation.log: OK
./independent_full_referee_2026-09-05/software/logs/optimized_verify_network_one_bad_minor.log: OK
./independent_full_referee_2026-09-05/software/logs/optimized_verify_order_m_minors.log: OK
./independent_full_referee_2026-09-05/software/logs/optimized_verify_pareto_family.log: OK
./independent_full_referee_2026-09-05/software/logs/optimized_verify_principal_minor_diffusion_ray.log: OK
./independent_full_referee_2026-09-05/software/logs/optimized_verify_realization_space.log: OK
./independent_full_referee_2026-09-05/software/logs/optimized_verify_stable_contrast.log: OK
./independent_full_referee_2026-09-05/software/logs/optimized_verify_symbolic_certificates.log: OK
./independent_full_referee_2026-09-05/software/logs/pinned_toolchain.log: OK
./independent_full_referee_2026-09-05/software/logs/portable_detached_provenance.log: OK
./independent_full_referee_2026-09-05/software/logs/portable_integrated_branch.log: OK
./independent_full_referee_2026-09-05/software/logs/portable_integrated_exchange.log: OK
./independent_full_referee_2026-09-05/software/logs/portable_integrated_family.log: OK
./independent_full_referee_2026-09-05/software/logs/portable_integrated_improved.log: OK
./independent_full_referee_2026-09-05/software/logs/portable_integrated_normal_form.log: OK
./independent_full_referee_2026-09-05/software/logs/portable_integrated_pareto.log: OK
./independent_full_referee_2026-09-05/software/logs/portable_source_audit.log: OK
./independent_full_referee_2026-09-05/software/logs/portable_stale_claim_audit.log: OK
./independent_full_referee_2026-09-05/software/logs/portable_symbolic_aggregate.log: OK
./independent_full_referee_2026-09-05/software/logs/pypdf_install.log: OK
./independent_full_referee_2026-09-05/software/logs/regenerate_profile.log: OK
./independent_full_referee_2026-09-05/software/logs/regenerate_sign_tables.log: OK
./independent_full_referee_2026-09-05/software/logs/regenerate_tables.log: OK
./independent_full_referee_2026-09-05/software/logs/regenerated_numerical_provenance.log: OK
./independent_full_referee_2026-09-05/software/logs/remote_release_api.log: OK
./independent_full_referee_2026-09-05/software/logs/remote_release_tag.log: OK
./independent_full_referee_2026-09-05/software/logs/replay_driver.log: OK
./independent_full_referee_2026-09-05/software/logs/strict_genuine_certificate_validation.log: OK
./independent_full_referee_2026-09-05/software/logs/tests.log: OK
./independent_full_referee_2026-09-05/software/logs/tests_without_tex.log: OK
./independent_full_referee_2026-09-05/software/logs/toolchain_download_sha256.txt: OK
./independent_full_referee_2026-09-05/software/logs/verifier_driver.log: OK
./independent_full_referee_2026-09-05/software/mutation_artifacts/declared_counts_changed.json: OK
./independent_full_referee_2026-09-05/software/mutation_artifacts/extra_negative_terms.json: OK
./independent_full_referee_2026-09-05/software/mutation_artifacts/opposite_duplicate_first.json: OK
./independent_full_referee_2026-09-05/software/mutation_artifacts/opposite_duplicate_last.json: OK
./independent_full_referee_2026-09-05/software/mutation_artifacts/unit_identical_duplicates.json: OK
./independent_full_referee_2026-09-05/software/mutation_artifacts/unknown_block_metadata.json: OK
./independent_full_referee_2026-09-05/software/shipped_journal_pdf_audit/SUMMARY.txt: OK
./independent_full_referee_2026-09-05/software/shipped_journal_pdf_audit/submission_journal_cover_letter_SIADS_pdf.txt: OK
./independent_full_referee_2026-09-05/software/shipped_journal_pdf_audit/submission_journal_manuscript_pdf.txt: OK
./independent_full_referee_2026-09-05/software/shipped_journal_pdf_audit/submission_journal_supplement_pdf.txt: OK
./independent_full_referee_2026-09-05/software/shipped_pdf_audit/SUMMARY.txt: OK
./independent_full_referee_2026-09-05/software/shipped_pdf_audit/external_audit_proof_skeleton_pdf.txt: OK
./independent_full_referee_2026-09-05/software/shipped_pdf_audit/external_audit_theorem_summary_pdf.txt: OK
./independent_full_referee_2026-09-05/software/shipped_pdf_audit/figures_amplitude_scaling_pdf.txt: OK
./independent_full_referee_2026-09-05/software/shipped_pdf_audit/figures_network_family_pdf.txt: OK
./independent_full_referee_2026-09-05/software/shipped_pdf_audit/figures_stable_profiles_pdf.txt: OK
./independent_full_referee_2026-09-05/software/shipped_pdf_audit/figures_stable_tradeoff_pdf.txt: OK
./independent_full_referee_2026-09-05/software/shipped_pdf_audit/manuscript_main_pdf.txt: OK
./independent_full_referee_2026-09-05/software/shipped_pdf_audit/manuscript_supplement_pdf.txt: OK
./independent_full_referee_2026-09-05/software/write_entrypoint_audit.py: OK
./independent_referee_audit_v1.0.7_2026-08-22/.gitignore: OK
./independent_referee_audit_v1.0.7_2026-08-22/COMMANDS.tsv: OK
./independent_referee_audit_v1.0.7_2026-08-22/ENVIRONMENT.md: OK
./independent_referee_audit_v1.0.7_2026-08-22/INDEPENDENT_CHECK_RESULTS.md: OK
./independent_referee_audit_v1.0.7_2026-08-22/PACKAGE_INVENTORY.md: OK
./independent_referee_audit_v1.0.7_2026-08-22/REFEREE_REPORT.md: OK
./independent_referee_audit_v1.0.7_2026-08-22/RESEARCH_LOG.md: OK
./independent_referee_audit_v1.0.7_2026-08-22/SMALL_DIMENSION_RECONSTRUCTIONS.md: OK
./independent_referee_audit_v1.0.7_2026-08-22/THEOREM_DEPENDENCY_MAP.md: OK
./independent_referee_audit_v1.0.7_2026-08-22/agent_core_math/CORE_MATH_FINDINGS.md: OK
./independent_referee_audit_v1.0.7_2026-08-22/agent_core_math/RESEARCH_LOG.md: OK
./independent_referee_audit_v1.0.7_2026-08-22/agent_core_math/independent_core_checks.py: OK
./independent_referee_audit_v1.0.7_2026-08-22/agent_core_math/independent_core_checks_output.json: OK
./independent_referee_audit_v1.0.7_2026-08-22/agent_nonlinear_pde/NONLINEAR_PDE_FINDINGS.md: OK
./independent_referee_audit_v1.0.7_2026-08-22/agent_nonlinear_pde/RESEARCH_LOG.md: OK
./independent_referee_audit_v1.0.7_2026-08-22/agent_nonlinear_pde/independent_exact_checks.py: OK
./independent_referee_audit_v1.0.7_2026-08-22/agent_nonlinear_pde/results/ADVERSARIAL_BOUNDARY_CHECKS.md: OK
./independent_referee_audit_v1.0.7_2026-08-22/agent_nonlinear_pde/results/independent_exact_checks.json: OK
./independent_referee_audit_v1.0.7_2026-08-22/agent_software_repro/COMMAND_RESULTS.jsonl: OK
./independent_referee_audit_v1.0.7_2026-08-22/agent_software_repro/FULL_WRAPPER_OUTPUT.txt: OK
./independent_referee_audit_v1.0.7_2026-08-22/agent_software_repro/RESEARCH_LOG.md: OK
./independent_referee_audit_v1.0.7_2026-08-22/agent_software_repro/SOFTWARE_REPRO_FINDINGS.md: OK
./independent_referee_audit_v1.0.7_2026-08-22/independent_checks/independent_exact_checks.py: OK
./independent_submission_rereview_v1.0.8_2026-08-23/.gitignore: OK
./independent_submission_rereview_v1.0.8_2026-08-23/COMMANDS.tsv: OK
./independent_submission_rereview_v1.0.8_2026-08-23/DEFECT_DISPOSITION.md: OK
./independent_submission_rereview_v1.0.8_2026-08-23/HISTORICAL_PACKET_COMPLETE_AUDIT.log: OK
./independent_submission_rereview_v1.0.8_2026-08-23/INTEGRITY_AND_REPLAY.md: OK
./independent_submission_rereview_v1.0.8_2026-08-23/PACKAGE_INVENTORY.md: OK
./independent_submission_rereview_v1.0.8_2026-08-23/REFEREE_REREVIEW_REPORT.md: OK
./independent_submission_rereview_v1.0.8_2026-08-23/RESEARCH_LOG.md: OK
./independent_submission_rereview_v1.0.8_2026-08-23/SUBMISSION_READINESS.md: OK
./independent_submission_rereview_v1.0.8_2026-08-23/THEOREM_DEPENDENCY_MAP.md: OK
./independent_submission_rereview_v1.0.8_2026-08-23/agent_core_rereview/CORE_REREVIEW.md: OK
./independent_submission_rereview_v1.0.8_2026-08-23/agent_core_rereview/INDEPENDENT_CONTROL_RESULTS.md: OK
./independent_submission_rereview_v1.0.8_2026-08-23/agent_core_rereview/RESEARCH_LOG.md: OK
./independent_submission_rereview_v1.0.8_2026-08-23/agent_core_rereview/independent_v108_core_controls.py: OK
./independent_submission_rereview_v1.0.8_2026-08-23/agent_pde_rereview/PDE_REREVIEW.md: OK
./independent_submission_rereview_v1.0.8_2026-08-23/agent_pde_rereview/RESEARCH_LOG.md: OK
./independent_submission_rereview_v1.0.8_2026-08-23/agent_pde_rereview/independent_pde_checks.py: OK
./independent_submission_rereview_v1.0.8_2026-08-23/agent_pde_rereview/results/independent_pde_checks.json: OK
./independent_submission_rereview_v1.0.8_2026-08-23/agent_software_rereview/ALL_39_NORMAL.log: OK
./independent_submission_rereview_v1.0.8_2026-08-23/agent_software_rereview/ALL_39_OPTIMIZED_REJECTION.log: OK
./independent_submission_rereview_v1.0.8_2026-08-23/agent_software_rereview/COMMAND_RESULTS.jsonl: OK
./independent_submission_rereview_v1.0.8_2026-08-23/agent_software_rereview/FULL_PDF_AUDIT.log: OK
./independent_submission_rereview_v1.0.8_2026-08-23/agent_software_rereview/FULL_PDF_AUDIT/SUMMARY.txt: OK
./independent_submission_rereview_v1.0.8_2026-08-23/agent_software_rereview/FULL_PDF_AUDIT/external_audit_proof_skeleton_pdf.txt: OK
./independent_submission_rereview_v1.0.8_2026-08-23/agent_software_rereview/FULL_PDF_AUDIT/external_audit_theorem_summary_pdf.txt: OK
./independent_submission_rereview_v1.0.8_2026-08-23/agent_software_rereview/FULL_PDF_AUDIT/figures_amplitude_scaling_pdf.txt: OK
./independent_submission_rereview_v1.0.8_2026-08-23/agent_software_rereview/FULL_PDF_AUDIT/figures_network_family_pdf.txt: OK
./independent_submission_rereview_v1.0.8_2026-08-23/agent_software_rereview/FULL_PDF_AUDIT/figures_stable_profiles_pdf.txt: OK
./independent_submission_rereview_v1.0.8_2026-08-23/agent_software_rereview/FULL_PDF_AUDIT/figures_stable_tradeoff_pdf.txt: OK
./independent_submission_rereview_v1.0.8_2026-08-23/agent_software_rereview/FULL_PDF_AUDIT/manuscript_main_pdf.txt: OK
./independent_submission_rereview_v1.0.8_2026-08-23/agent_software_rereview/FULL_PDF_AUDIT/manuscript_supplement_pdf.txt: OK
./independent_submission_rereview_v1.0.8_2026-08-23/agent_software_rereview/JOURNAL_SOURCE_BUILD.log: OK
./independent_submission_rereview_v1.0.8_2026-08-23/agent_software_rereview/PUBLIC_REPLAY.log: OK
./independent_submission_rereview_v1.0.8_2026-08-23/agent_software_rereview/PYTEST_25.log: OK
./independent_submission_rereview_v1.0.8_2026-08-23/agent_software_rereview/RESEARCH_LOG.md: OK
./independent_submission_rereview_v1.0.8_2026-08-23/agent_software_rereview/SOFTWARE_REREVIEW.md: OK
./independent_verifier/README.md: OK
./independent_verifier/certificate_schema.json: OK
./independent_verifier/common.py: OK
./independent_verifier/core.py: OK
./independent_verifier/dd_verify_contrast_bounds.py: OK
./independent_verifier/dd_verify_critical_profile.py: OK
./independent_verifier/dd_verify_cubic_sign.py: OK
./independent_verifier/dd_verify_diffusion_criterion.py: OK
./independent_verifier/dd_verify_harmonic_corrections.py: OK
./independent_verifier/dd_verify_mode_isolation.py: OK
./independent_verifier/dd_verify_order_m_minors.py: OK
./independent_verifier/dd_verify_stable_contrast.py: OK
./independent_verifier/frontier_certificate.json: OK
./independent_verifier/frontier_verify_cubic_bound.py: OK
./independent_verifier/frontier_verify_determinant_identity.py: OK
./independent_verifier/frontier_verify_exposition_identities.py: OK
./independent_verifier/frontier_verify_family.py: OK
./independent_verifier/frontier_verify_master_certificate.py: OK
./independent_verifier/frontier_verify_mode_certificates.py: OK
./independent_verifier/frontier_verify_near_threshold.py: OK
./independent_verifier/frontier_verify_normal_form.py: OK
./independent_verifier/frontier_verify_pareto.py: OK
./independent_verifier/frontier_verify_pareto_curve.py: OK
./independent_verifier/improved_modulus_certificate.json: FAILED
./independent_verifier/pareto_all_m_certificate.json: OK
./independent_verifier/pareto_core.py: OK
./independent_verifier/stable_core.py: OK
./independent_verifier/verify_all_spectrum.py: OK
./independent_verifier/verify_branch_stability.py: OK
./independent_verifier/verify_contrast_bounds.py: OK
./independent_verifier/verify_critical_profile.py: OK
./independent_verifier/verify_cubic_sign.py: OK
./independent_verifier/verify_current_numerical_provenance.py: OK
./independent_verifier/verify_diffusion_criterion.py: OK
./independent_verifier/verify_exchange_of_stability.py: OK
./independent_verifier/verify_family.py: OK
./independent_verifier/verify_generic_cubic_recurrence.py: OK
./independent_verifier/verify_harmonic_corrections.py: OK
./independent_verifier/verify_improved_profile.py: OK
./independent_verifier/verify_mode_certificates.py: OK
./independent_verifier/verify_mode_isolation.py: OK
./independent_verifier/verify_network_one_bad_minor.py: OK
./independent_verifier/verify_order_m_minors.py: OK
./independent_verifier/verify_pareto_family.py: OK
./independent_verifier/verify_principal_minor_diffusion_ray.py: OK
./independent_verifier/verify_realization_space.py: OK
./independent_verifier/verify_stable_contrast.py: OK
./independent_verifier/verify_symbolic_certificates.py: OK
./literature/citation_audit.csv: OK
./literature/closest_results.md: OK
./literature/priority_boundary.md: OK
./literature/source_quotes.md: OK
./literature/terminology_crosswalk.md: OK
./literature/theorem_comparison.csv: OK
./manuscript/main.bbl: OK
./manuscript/main.pdf: OK
./manuscript/main.tex: OK
./manuscript/references.bib: OK
./manuscript/supplement.bbl: OK
./manuscript/supplement.pdf: OK
./manuscript/supplement.tex: OK
./nonlinear/modulus_certificate.json: OK
./pareto/frontier_certificate.json: OK
./pareto/pareto_all_m_certificate.json: OK
./proof_audit/all_spectrum_localization.tex: OK
./proof_audit/asymptotics.tex: OK
./proof_audit/bifurcation.tex: OK
./proof_audit/branch_stability.tex: OK
./proof_audit/conservation.tex: OK
./proof_audit/contrast_optimum.tex: OK
./proof_audit/critical_vectors.tex: OK
./proof_audit/cubic_coefficient.tex: OK
./proof_audit/cubic_sign.tex: OK
./proof_audit/exact_diffusion_criterion.tex: OK
./proof_audit/flux_and_realization_space.tex: OK
./proof_audit/flux_cone.tex: OK
./proof_audit/heterogeneity_tradeoff.tex: OK
./proof_audit/homogeneous_stability.tex: OK
./proof_audit/improved_unit_profile.tex: OK
./proof_audit/mode_isolation.tex: OK
./proof_audit/omission_minor_table.tex: OK
./proof_audit/principal_minor_diffusion_ray.tex: OK
./proof_audit/quadratic_tensor.tex: OK
./proof_audit/reaction_family.tex: OK
./proof_audit/realization_space.tex: OK
./proof_audit/robustness.tex: OK
./proof_audit/second_harmonic_correction.tex: OK
./proof_audit/semipositive_conservation.tex: OK
./proof_audit/stable_pareto_family.tex: OK
./proof_audit/stationary_band.tex: OK
./proof_audit/zero_mode_correction.tex: OK
./public/data_archive/final_release_data.zip: OK
./public/repository/CERTIFICATES.md: OK
./public/repository/CITATION.cff: OK
./public/repository/LICENSE: OK
./public/repository/README.md: OK
./public/repository/RESEARCH_LOG.md: OK
./public/repository/computation/audit_manuscript.py: OK
./public/repository/computation/audit_numerical_provenance.py: OK
./public/repository/computation/audit_pdfs.py: OK
./public/repository/computation/audit_stale_claims.py: OK
./public/repository/computation/export_instance.py: OK
./public/repository/computation/export_pareto_instance.py: OK
./public/repository/computation/generate_current_profile_data.py: OK
./public/repository/computation/generate_sign_certificate_tables.py: OK
./public/repository/computation/generate_tables.py: OK
./public/repository/computation/simulations.py: OK
./public/repository/computation/tests/test_flagship.py: OK
./public/repository/data/README.md: OK
./public/repository/data/branch_amplitudes.csv: OK
./public/repository/data/certificate_tables.tex: OK
./public/repository/data/contrast_table.tex: OK
./public/repository/data/current_profile_exact.json: OK
./public/repository/data/exact_instances/pareto_m3_L0.json: OK
./public/repository/data/exact_instances/pareto_m4_L0.json: OK
./public/repository/data/network_instances/Nhat_m10.json: OK
./public/repository/data/network_instances/Nhat_m3.json: OK
./public/repository/data/network_instances/Nhat_m4.json: OK
./public/repository/data/network_instances/Nhat_m5.json: OK
./public/repository/data/network_instances/Nhat_m6.json: OK
./public/repository/data/network_instances/Nhat_m8.json: OK
./public/repository/data/refinement_checks.csv: OK
./public/repository/data/sign_certificate_tables.tex: OK
./public/repository/data/simulation_parameters.json: OK
./public/repository/data/simulations/amplitude_m3_mu0p01_K16_base.csv: OK
./public/repository/data/simulations/amplitude_m3_mu0p02_K16_base.csv: OK
./public/repository/data/simulations/amplitude_m3_mu0p02_K16_time-tight.csv: OK
./public/repository/data/simulations/amplitude_m3_mu0p02_K32_spatial-fine.csv: OK
./public/repository/data/simulations/amplitude_m3_mu0p04_K16_base.csv: OK
./public/repository/data/simulations/amplitude_m5_mu0p01_K16_base.csv: OK
./public/repository/data/simulations/amplitude_m5_mu0p02_K16_base.csv: OK
./public/repository/data/simulations/amplitude_m5_mu0p02_K16_time-tight.csv: OK
./public/repository/data/simulations/amplitude_m5_mu0p02_K32_spatial-fine.csv: OK
./public/repository/data/simulations/amplitude_m5_mu0p04_K16_base.csv: OK
./public/repository/data/simulations/amplitude_m8_mu0p01_K16_base.csv: OK
./public/repository/data/simulations/amplitude_m8_mu0p02_K16_base.csv: OK
./public/repository/data/simulations/amplitude_m8_mu0p02_K16_time-tight.csv: OK
./public/repository/data/simulations/amplitude_m8_mu0p02_K32_spatial-fine.csv: OK
./public/repository/data/simulations/amplitude_m8_mu0p04_K16_base.csv: OK
./public/repository/data/simulations/parameters_m3_mu0p01_K16_base.json: OK
./public/repository/data/simulations/parameters_m3_mu0p02_K16_base.json: OK
./public/repository/data/simulations/parameters_m3_mu0p02_K16_time-tight.json: OK
./public/repository/data/simulations/parameters_m3_mu0p02_K32_spatial-fine.json: OK
./public/repository/data/simulations/parameters_m3_mu0p04_K16_base.json: OK
./public/repository/data/simulations/parameters_m5_mu0p01_K16_base.json: OK
./public/repository/data/simulations/parameters_m5_mu0p02_K16_base.json: OK
./public/repository/data/simulations/parameters_m5_mu0p02_K16_time-tight.json: OK
./public/repository/data/simulations/parameters_m5_mu0p02_K32_spatial-fine.json: OK
./public/repository/data/simulations/parameters_m5_mu0p04_K16_base.json: OK
./public/repository/data/simulations/parameters_m8_mu0p01_K16_base.json: OK
./public/repository/data/simulations/parameters_m8_mu0p02_K16_base.json: OK
./public/repository/data/simulations/parameters_m8_mu0p02_K16_time-tight.json: OK
./public/repository/data/simulations/parameters_m8_mu0p02_K32_spatial-fine.json: OK
./public/repository/data/simulations/parameters_m8_mu0p04_K16_base.json: OK
./public/repository/data/simulations/profile_m3_modes32.csv: OK
./public/repository/data/simulations/profile_m3_mu0p01_K16_base.csv: OK
./public/repository/data/simulations/profile_m3_mu0p02_K16_base.csv: OK
./public/repository/data/simulations/profile_m3_mu0p02_K16_time-tight.csv: OK
./public/repository/data/simulations/profile_m3_mu0p02_K32_spatial-fine.csv: OK
./public/repository/data/simulations/profile_m3_mu0p04_K16_base.csv: OK
./public/repository/data/simulations/profile_m5_modes32.csv: OK
./public/repository/data/simulations/profile_m5_mu0p01_K16_base.csv: OK
./public/repository/data/simulations/profile_m5_mu0p02_K16_base.csv: OK
./public/repository/data/simulations/profile_m5_mu0p02_K16_time-tight.csv: OK
./public/repository/data/simulations/profile_m5_mu0p02_K32_spatial-fine.csv: OK
./public/repository/data/simulations/profile_m5_mu0p04_K16_base.csv: OK
./public/repository/data/simulations/profile_m8_modes32.csv: OK
./public/repository/data/simulations/profile_m8_mu0p01_K16_base.csv: OK
./public/repository/data/simulations/profile_m8_mu0p02_K16_base.csv: OK
./public/repository/data/simulations/profile_m8_mu0p02_K16_time-tight.csv: OK
./public/repository/data/simulations/profile_m8_mu0p02_K32_spatial-fine.csv: OK
./public/repository/data/simulations/profile_m8_mu0p04_K16_base.csv: OK
./public/repository/data/simulations/simulation_summary.json: OK
./public/repository/data/triad_routh_gap.tex: OK
./public/repository/environment/TESTED_ENVIRONMENT.md: OK
./public/repository/environment/check_toolchain.sh: OK
./public/repository/environment/texlive-2022.04.lock.txt: OK
./public/repository/external_audit/proof_skeleton.tex: OK
./public/repository/external_audit/theorem_summary.tex: OK
./public/repository/figures/amplitude_scaling.pdf: OK
./public/repository/figures/amplitude_scaling.py: OK
./public/repository/figures/network_family.pdf: OK
./public/repository/figures/network_family.tex: OK
./public/repository/figures/network_family_standalone.tex: OK
./public/repository/figures/stable_profiles.pdf: OK
./public/repository/figures/stable_profiles.py: OK
./public/repository/figures/stable_tradeoff.pdf: OK
./public/repository/figures/stable_tradeoff.py: OK
./public/repository/independent_verifier/README.md: OK
./public/repository/independent_verifier/certificate_schema.json: OK
./public/repository/independent_verifier/common.py: OK
./public/repository/independent_verifier/core.py: OK
./public/repository/independent_verifier/dd_verify_contrast_bounds.py: OK
./public/repository/independent_verifier/dd_verify_critical_profile.py: OK
./public/repository/independent_verifier/dd_verify_cubic_sign.py: OK
./public/repository/independent_verifier/dd_verify_diffusion_criterion.py: OK
./public/repository/independent_verifier/dd_verify_harmonic_corrections.py: OK
./public/repository/independent_verifier/dd_verify_mode_isolation.py: OK
./public/repository/independent_verifier/dd_verify_order_m_minors.py: OK
./public/repository/independent_verifier/dd_verify_stable_contrast.py: OK
./public/repository/independent_verifier/frontier_certificate.json: OK
./public/repository/independent_verifier/frontier_verify_cubic_bound.py: OK
./public/repository/independent_verifier/frontier_verify_determinant_identity.py: OK
./public/repository/independent_verifier/frontier_verify_exposition_identities.py: OK
./public/repository/independent_verifier/frontier_verify_family.py: OK
./public/repository/independent_verifier/frontier_verify_master_certificate.py: OK
./public/repository/independent_verifier/frontier_verify_mode_certificates.py: OK
./public/repository/independent_verifier/frontier_verify_near_threshold.py: OK
./public/repository/independent_verifier/frontier_verify_normal_form.py: OK
./public/repository/independent_verifier/frontier_verify_pareto.py: OK
./public/repository/independent_verifier/frontier_verify_pareto_curve.py: OK
./public/repository/independent_verifier/improved_modulus_certificate.json: OK
./public/repository/independent_verifier/pareto_all_m_certificate.json: OK
./public/repository/independent_verifier/pareto_core.py: OK
./public/repository/independent_verifier/stable_core.py: OK
./public/repository/independent_verifier/verify_all_spectrum.py: OK
./public/repository/independent_verifier/verify_branch_stability.py: OK
./public/repository/independent_verifier/verify_contrast_bounds.py: OK
./public/repository/independent_verifier/verify_critical_profile.py: OK
./public/repository/independent_verifier/verify_cubic_sign.py: OK
./public/repository/independent_verifier/verify_current_numerical_provenance.py: OK
./public/repository/independent_verifier/verify_diffusion_criterion.py: OK
./public/repository/independent_verifier/verify_exchange_of_stability.py: OK
./public/repository/independent_verifier/verify_family.py: OK
./public/repository/independent_verifier/verify_generic_cubic_recurrence.py: OK
./public/repository/independent_verifier/verify_harmonic_corrections.py: OK
./public/repository/independent_verifier/verify_improved_profile.py: OK
./public/repository/independent_verifier/verify_mode_certificates.py: OK
./public/repository/independent_verifier/verify_mode_isolation.py: OK
./public/repository/independent_verifier/verify_network_one_bad_minor.py: OK
./public/repository/independent_verifier/verify_order_m_minors.py: OK
./public/repository/independent_verifier/verify_pareto_family.py: OK
./public/repository/independent_verifier/verify_principal_minor_diffusion_ray.py: OK
./public/repository/independent_verifier/verify_realization_space.py: OK
./public/repository/independent_verifier/verify_stable_contrast.py: OK
./public/repository/independent_verifier/verify_symbolic_certificates.py: OK
./public/repository/literature/citation_audit.csv: OK
./public/repository/literature/closest_results.md: OK
./public/repository/literature/priority_boundary.md: OK
./public/repository/literature/source_quotes.md: OK
./public/repository/literature/terminology_crosswalk.md: OK
./public/repository/literature/theorem_comparison.csv: OK
./public/repository/manuscript/main.bbl: OK
./public/repository/manuscript/main.pdf: OK
./public/repository/manuscript/main.tex: OK
./public/repository/manuscript/references.bib: OK
./public/repository/manuscript/supplement.pdf: OK
./public/repository/manuscript/supplement.tex: OK
./public/repository/proof_audit/all_spectrum_localization.tex: OK
./public/repository/proof_audit/asymptotics.tex: OK
./public/repository/proof_audit/bifurcation.tex: OK
./public/repository/proof_audit/branch_stability.tex: OK
./public/repository/proof_audit/conservation.tex: OK
./public/repository/proof_audit/contrast_optimum.tex: OK
./public/repository/proof_audit/critical_vectors.tex: OK
./public/repository/proof_audit/cubic_coefficient.tex: OK
./public/repository/proof_audit/cubic_sign.tex: OK
./public/repository/proof_audit/exact_diffusion_criterion.tex: OK
./public/repository/proof_audit/flux_and_realization_space.tex: OK
./public/repository/proof_audit/flux_cone.tex: OK
./public/repository/proof_audit/heterogeneity_tradeoff.tex: OK
./public/repository/proof_audit/homogeneous_stability.tex: OK
./public/repository/proof_audit/improved_unit_profile.tex: OK
./public/repository/proof_audit/mode_isolation.tex: OK
./public/repository/proof_audit/omission_minor_table.tex: OK
./public/repository/proof_audit/principal_minor_diffusion_ray.tex: OK
./public/repository/proof_audit/quadratic_tensor.tex: OK
./public/repository/proof_audit/reaction_family.tex: OK
./public/repository/proof_audit/realization_space.tex: OK
./public/repository/proof_audit/robustness.tex: OK
./public/repository/proof_audit/second_harmonic_correction.tex: OK
./public/repository/proof_audit/semipositive_conservation.tex: OK
./public/repository/proof_audit/stable_pareto_family.tex: OK
./public/repository/proof_audit/stationary_band.tex: OK
./public/repository/proof_audit/zero_mode_correction.tex: OK
./public/repository/replay.sh: OK
./public/repository/requirements-tested.txt: OK
./public/repository/requirements.txt: OK
./public/repository/sha256_manifest.txt: OK
./public/repository/verification_outputs/PROVENANCE.tsv: OK
./public/repository/verification_outputs/README.md: OK
./public/repository/verification_outputs/all_verifier_entrypoints.txt: OK
./public/repository/verification_outputs/all_verifier_optimized_rejections.txt: OK
./public/repository/verification_outputs/current_profile_generation.txt: OK
./public/repository/verification_outputs/detached_numerical_provenance.txt: OK
./public/repository/verification_outputs/generated_sign_tables.txt: OK
./public/repository/verification_outputs/generated_tables.txt: OK
./public/repository/verification_outputs/integrated_designs.txt: OK
./public/repository/verification_outputs/journal_pdf_semantic_audit.txt: OK
./public/repository/verification_outputs/manifest_mutation_test.txt: OK
./public/repository/verification_outputs/manuscript_audit.txt: OK
./public/repository/verification_outputs/numerical_provenance.txt: OK
./public/repository/verification_outputs/pdf_preflight/SUMMARY.txt: OK
./public/repository/verification_outputs/pdf_preflight/figures_amplitude_scaling_pdf.txt: OK
./public/repository/verification_outputs/pdf_preflight/figures_network_family_pdf.txt: OK
./public/repository/verification_outputs/pdf_preflight/figures_stable_profiles_pdf.txt: OK
./public/repository/verification_outputs/pdf_preflight/figures_stable_tradeoff_pdf.txt: OK
./public/repository/verification_outputs/pdf_preflight/manuscript_main_pdf.txt: OK
./public/repository/verification_outputs/pdf_preflight/manuscript_supplement_pdf.txt: OK
./public/repository/verification_outputs/pdf_semantic_audit.txt: OK
./public/repository/verification_outputs/principal_minor_diffusion_ray.txt: OK
./public/repository/verification_outputs/pytest.txt: OK
./public/repository/verification_outputs/simulations.txt: OK
./public/repository/verification_outputs/stale_claim_audit.txt: OK
./public/repository/verification_outputs/symbolic_certificates.txt: OK
./release/BUNDLE_SHA256.txt: OK
./release/FINAL_REPORT.md: OK
./release/REPLAY_STATUS.md: OK
./release/build_logs/amplitude_scaling.log: OK
./release/build_logs/biber.log: OK
./release/build_logs/main1.log: OK
./release/build_logs/main2.log: OK
./release/build_logs/main3.log: OK
./release/build_logs/network_family.log: OK
./release/build_logs/skeleton1.log: OK
./release/build_logs/skeleton2.log: OK
./release/build_logs/stable_profiles.log: OK
./release/build_logs/stable_tradeoff.log: OK
./release/build_logs/summary1.log: OK
./release/build_logs/summary2.log: OK
./release/build_logs/supp1.log: OK
./release/build_logs/supp2.log: OK
./release/build_logs/supp3.log: OK
./release/create_release_manifest.sh: OK
./release/deterministic_zip.py: OK
./release/one_command_replay.sh: OK
./release/pdf_preflight/SUMMARY.txt: OK
./release/pdf_preflight/external_audit_proof_skeleton_pdf.txt: OK
./release/pdf_preflight/external_audit_theorem_summary_pdf.txt: OK
./release/pdf_preflight/figures_amplitude_scaling_pdf.txt: OK
./release/pdf_preflight/figures_network_family_pdf.txt: OK
./release/pdf_preflight/figures_stable_profiles_pdf.txt: OK
./release/pdf_preflight/figures_stable_tradeoff_pdf.txt: OK
./release/pdf_preflight/manuscript_main_pdf.txt: OK
./release/pdf_preflight/manuscript_supplement_pdf.txt: OK
./release/public_full_replay.log: OK
./release/refresh_packages.sh: OK
./release/reproducibility.md: OK
./release/submission_source_builds.txt: OK
./release/verification_outputs/PROVENANCE.tsv: OK
./release/verification_outputs/README.md: OK
./release/verification_outputs/all_verifier_entrypoints.txt: OK
./release/verification_outputs/all_verifier_optimized_rejections.txt: OK
./release/verification_outputs/current_profile_generation.txt: OK
./release/verification_outputs/detached_numerical_provenance.txt: OK
./release/verification_outputs/generated_sign_tables.txt: OK
./release/verification_outputs/generated_tables.txt: OK
./release/verification_outputs/integrated_designs.txt: OK
./release/verification_outputs/journal_pdf_semantic_audit.txt: OK
./release/verification_outputs/manifest_mutation_test.txt: OK
./release/verification_outputs/manuscript_audit.txt: OK
./release/verification_outputs/numerical_provenance.txt: OK
./release/verification_outputs/pdf_semantic_audit.txt: OK
./release/verification_outputs/principal_minor_diffusion_ray.txt: OK
./release/verification_outputs/pytest.txt: OK
./release/verification_outputs/simulations.txt: OK
./release/verification_outputs/stale_claim_audit.txt: OK
./release/verification_outputs/symbolic_certificates.txt: OK
./release/verify_manifest_git_archive.sh: OK
./requirements-tested.txt: OK
./requirements.txt: OK
./source_audit/README.md: OK
./source_audit/all_spectrum_paper_crosswalk.md: OK
./source_audit/archive_hashes.md: OK
./source_audit/cross_reference_audit.md: OK
./source_audit/diffusion_design_crosswalk.md: OK
./source_audit/family_comparison.md: OK
./source_audit/manuscript_claim_audit.md: OK
./source_audit/new_research_crosswalk.md: OK
./source_audit/nonlinear_frontier_crosswalk.md: OK
./source_audit/old_manuscript_crosswalk.md: OK
./source_audit/stable_research_crosswalk.md: OK
./source_audit/superseded_claims.md: OK
./source_audit/theorem_dependency_map.md: OK
./source_audit/typography_audit.md: OK
./source_audit/visual_pdf_audit.md: OK
./submission/arxiv/README.md: OK
./submission/arxiv/arxiv_source.zip: OK
./submission/arxiv/endorsement_summary.md: OK
./submission/arxiv/metadata.yaml: OK
./submission/arxiv/source/data/certificate_tables.tex: OK
./submission/arxiv/source/data/contrast_table.tex: OK
./submission/arxiv/source/data/sign_certificate_tables.tex: OK
./submission/arxiv/source/data/triad_routh_gap.tex: OK
./submission/arxiv/source/figures/network_family.tex: OK
./submission/arxiv/source/figures/stable_profiles.pdf: OK
./submission/arxiv/source/figures/stable_tradeoff.pdf: OK
./submission/arxiv/source/main.tex: OK
./submission/arxiv/source/references.bib: OK
./submission/arxiv/source/supplement.tex: OK
./submission/biorxiv/AI_disclosure_DRAFT_FOR_AUTHOR_APPROVAL.md: OK
./submission/biorxiv/abstract.txt: OK
./submission/biorxiv/code_availability.txt: OK
./submission/biorxiv/data_availability.txt: OK
sha256sum: WARNING: 2 computed checksums did NOT match
./submission/biorxiv/manuscript.pdf: OK
./submission/biorxiv/metadata.yaml: OK
./submission/biorxiv/scope_note.txt: OK
./submission/biorxiv/significance_statement.txt: OK
./submission/biorxiv/source/data/certificate_tables.tex: OK
./submission/biorxiv/source/data/contrast_table.tex: OK
./submission/biorxiv/source/data/sign_certificate_tables.tex: OK
./submission/biorxiv/source/data/triad_routh_gap.tex: OK
./submission/biorxiv/source/figures/network_family.tex: OK
./submission/biorxiv/source/figures/stable_profiles.pdf: OK
./submission/biorxiv/source/figures/stable_tradeoff.pdf: OK
./submission/biorxiv/source/main.bbl: OK
./submission/biorxiv/source/main.tex: OK
./submission/biorxiv/source/references.bib: OK
./submission/biorxiv/source/supplement.tex: OK
./submission/biorxiv/source_package.zip: OK
./submission/biorxiv/submission_checklist.md: OK
./submission/biorxiv/supplement.pdf: OK
./submission/journal/README.md: OK
./submission/journal/cover_letter_SIADS.md: OK
./submission/journal/cover_letter_SIADS.pdf: OK
./submission/journal/cover_letter_SIADS.tex: OK
./submission/journal/manuscript.pdf: OK
./submission/journal/source/data/certificate_tables.tex: OK
./submission/journal/source/data/contrast_table.tex: OK
./submission/journal/source/data/sign_certificate_tables.tex: OK
./submission/journal/source/data/triad_routh_gap.tex: OK
./submission/journal/source/figures/network_family.tex: OK
./submission/journal/source/figures/stable_profiles.pdf: OK
./submission/journal/source/figures/stable_tradeoff.pdf: OK
./submission/journal/source/journal_review_mode.tex: OK
./submission/journal/source/main.bbl: OK
./submission/journal/source/main.tex: OK
./submission/journal/source/references.bib: OK
./submission/journal/source/supplement.tex: OK
./submission/journal/source_package.zip: OK
./submission/journal/statements_and_declarations.md: OK
./submission/journal/submission_checklist.md: OK
./submission/journal/supplement.pdf: OK
./submission/journal/supplementary_materials_index.txt: OK
