'CyclicBell.D4.witness_fourier_weights' depends on axioms: [propext, Classical.choice, Quot.sound]
'CyclicBell.D4.witness_fourier_compression' depends on axioms: [propext, Classical.choice, Quot.sound]
'CyclicBell.D4.witness_source_fourier_compression' depends on axioms: [propext, Classical.choice, Quot.sound]
'CyclicBell.D4.witness_source_D_compression' depends on axioms: [propext, Classical.choice, Quot.sound]
'CyclicBell.D4.witness_compressed_correlator' depends on axioms: [propext, Classical.choice, Quot.sound]
'CyclicBell.D4.witness_source_compressed_correlator' depends on axioms: [propext, Classical.choice, Quot.sound]
'CyclicBell.D4.first_witness_operator_collection' depends on axioms: [propext, Classical.choice, Quot.sound]
'CyclicBell.D4.first_reduced_attainment_complex' depends on axioms: [propext, Classical.choice, Quot.sound]
'CyclicBell.D4.first_reduced_attainment' depends on axioms: [propext, Classical.choice, Quot.sound]
'CyclicBell.D4.aligned_witness_expectation' depends on axioms: [propext, Classical.choice, Quot.sound]
'CyclicBell.D4.first_aligned_attainment' depends on axioms: [propext, Classical.choice, Quot.sound]
'CyclicBell.D4.first_attainment' depends on axioms: [propext, Classical.choice, Quot.sound]
'CyclicBell.D4.second_bob_fourier' depends on axioms: [propext, Classical.choice, Quot.sound]
'CyclicBell.D4.second_reduced_attainment_complex' depends on axioms: [propext, Classical.choice, Quot.sound]
'CyclicBell.D4.second_reduced_attainment' depends on axioms: [propext, Classical.choice, Quot.sound]
'CyclicBell.D4.second_aligned_attainment' depends on axioms: [propext, Classical.choice, Quot.sound]
'CyclicBell.D4.second_attainment' depends on axioms: [propext, Classical.choice, Quot.sound]
'CyclicBell.D4.phi_unitary_invariance' depends on axioms: [propext, Classical.choice, Quot.sound]
'CyclicBell.D4.second_witness_residual_zero' depends on axioms: [propext, Classical.choice, Quot.sound]
'CyclicBell.D4.weighted' depends on axioms: [propext, Classical.choice, Quot.sound]
'CyclicBell.D4.entryConj' depends on axioms: [propext, Classical.choice, Quot.sound]
'CyclicBell.D4.entryConj_involutive' depends on axioms: [propext, Classical.choice, Quot.sound]
'CyclicBell.D4.phasedVector' depends on axioms: [propext, Classical.choice, Quot.sound]
'CyclicBell.D4.phase_mul_unit' depends on axioms: [propext, Classical.choice, Quot.sound]
'CyclicBell.D4.phased_orthonormal' depends on axioms: [propext, Classical.choice, Quot.sound]
'CyclicBell.D4.phased_complete' depends on axioms: [propext, Classical.choice, Quot.sound]
'CyclicBell.D4.phasedPVM' depends on axioms: [propext, Classical.choice, Quot.sound]
'CyclicBell.D4.phased_encoding' depends on axioms: [propext, Classical.choice, Quot.sound]
'CyclicBell.D4.cyclePrefix' depends on axioms: [propext, Classical.choice, Quot.sound]
'CyclicBell.D4.cyclePrefix_unit' depends on axioms: [propext, Classical.choice, Quot.sound]
'CyclicBell.D4.cyclePrefix_recurrence' depends on axioms: [propext, Classical.choice, Quot.sound]
'CyclicBell.D4.shift_entry' depends on axioms: [propext, Classical.choice, Quot.sound]
'CyclicBell.D4.cycle_diagonalization' depends on axioms: [propext, Classical.choice, Quot.sound]
'CyclicBell.D4.cyclePVM' depends on axioms: [propext, Classical.choice, Quot.sound]
'CyclicBell.D4.cyclePVM_encoding' depends on axioms: [propext, Classical.choice, Quot.sound]
'CyclicBell.D4.weighted_unitary' depends on axioms: [propext, Classical.choice, Quot.sound]
'CyclicBell.D4.weighted_fourth_power' depends on axioms: [propext, Classical.choice, Quot.sound]
'CyclicBell.D4.weighted_entry' depends on axioms: [propext, Classical.choice, Quot.sound]
'CyclicBell.D4.weighted_linear' depends on axioms: [propext, Classical.choice, Quot.sound]
'CyclicBell.D4.weighted_conjugate' depends on axioms: [propext, Classical.choice, Quot.sound]
'CyclicBell.D4.phi_trace' depends on axioms: [propext, Classical.choice, Quot.sound]
'CyclicBell.D4.phi_weighted' depends on axioms: [propext, Classical.choice, Quot.sound]
'CyclicBell.D4.phi_unitary_pair' depends on axioms: [propext, Classical.choice, Quot.sound]
'CyclicBell.D4.Q' does not depend on any axioms
'CyclicBell.D4.q' depends on axioms: [propext, Classical.choice, Quot.sound]
'CyclicBell.D4.fourier' depends on axioms: [propext, Classical.choice, Quot.sound]
'CyclicBell.D4.u' depends on axioms: [propext, Classical.choice, Quot.sound]
'CyclicBell.D4.v' depends on axioms: [propext, Classical.choice, Quot.sound]
'CyclicBell.D4.phi' depends on axioms: [propext, Classical.choice, Quot.sound]
'CyclicBell.D4.aliceEffect' depends on axioms: [propext, Classical.choice, Quot.sound]
'CyclicBell.D4.bobEffect' depends on axioms: [propext, Classical.choice, Quot.sound]
'CyclicBell.D4.targetBorn' depends on axioms: [propext, Classical.choice, Quot.sound]
'CyclicBell.D4.table' depends on axioms: [propext, Classical.choice, Quot.sound]
'CyclicBell.D4.shift' depends on axioms: [propext, Classical.choice, Quot.sound]
'CyclicBell.D4.swappedWeights' depends on axioms: [propext, Classical.choice, Quot.sound]
'CyclicBell.D4.swappedObservable' depends on axioms: [propext, Classical.choice, Quot.sound]
'CyclicBell.D4.kappa' depends on axioms: [propext]
'CyclicBell.D4.equalityRoots' depends on axioms: [propext, Classical.choice, Quot.sound]
'CyclicBell.D4.kappa_values' depends on axioms: [propext, Quot.sound]
'CyclicBell.D4.weights_are_final_swap' depends on axioms: [propext, Classical.choice, Quot.sound]
'CyclicBell.D4.q_recurrence' depends on axioms: [propext, Classical.choice, Quot.sound]
'CyclicBell.D4.q_unit_modulus' depends on axioms: [propext, Classical.choice, Quot.sound]
'CyclicBell.D4.phi_normalized' depends on axioms: [propext, Classical.choice, Quot.sound]
'CyclicBell.D4.u_orthonormal' depends on axioms: [propext, Classical.choice, Quot.sound]
'CyclicBell.D4.v_orthonormal' depends on axioms: [propext, Classical.choice, Quot.sound]
'CyclicBell.D4.u_complete' depends on axioms: [propext, Classical.choice, Quot.sound]
'CyclicBell.D4.v_complete' depends on axioms: [propext, Classical.choice, Quot.sound]
'CyclicBell.D4.aliceTargetPVM' depends on axioms: [propext, Classical.choice, Quot.sound]
'CyclicBell.D4.bobTargetPVM' depends on axioms: [propext, Classical.choice, Quot.sound]
'CyclicBell.D4.targetState' depends on axioms: [propext, Classical.choice, Quot.sound]
'CyclicBell.D4.bob_encoding' depends on axioms: [propext, Classical.choice, Quot.sound]
'CyclicBell.D4.alice_encoding' depends on axioms: [propext, Classical.choice, Quot.sound]
'CyclicBell.D4.targetBorn_eq_table' depends on axioms: [propext, Classical.choice, Quot.sound]
'CyclicBell.D4.mixed_targetBorn_eq_table' depends on axioms: [propext, Classical.choice, Quot.sound]
'CyclicBell.D4.target_nonnegative' depends on axioms: [propext, Classical.choice, Quot.sound]
'CyclicBell.D4.alice_marginal' depends on axioms: [propext, Classical.choice, Quot.sound]
'CyclicBell.D4.bob_marginal' depends on axioms: [propext, Classical.choice, Quot.sound]
'CyclicBell.D4.target_normalized' depends on axioms: [propext, Classical.choice, Quot.sound]
'CyclicBell.D4.target_le_three_thirtyseconds' depends on axioms: [propext, Classical.choice, Quot.sound]
'CyclicBell.D4.target_01' depends on axioms: [propext, Classical.choice, Quot.sound]
'CyclicBell.D4.guessing_gap' depends on axioms: [propext, Classical.choice, Quot.sound]
'CyclicBell.D4.target_not_uniform' depends on axioms: [propext, Classical.choice, Quot.sound]
'CyclicBell.D4.wrong_state_normalization' depends on axioms: [propext, Classical.choice, Quot.sound]
'CyclicBell.D4.target_measurement_package' depends on axioms: [propext, Classical.choice, Quot.sound]
'CyclicBell.IsFirstMaximizer' depends on axioms: [propext, Classical.choice, Quot.sound]
'CyclicBell.IsSecondMaximizer' depends on axioms: [propext, Classical.choice, Quot.sound]
'CyclicBell.D4.first_is_maximizer' depends on axioms: [propext, Classical.choice, Quot.sound]
'CyclicBell.D4.second_is_maximizer' depends on axioms: [propext, Classical.choice, Quot.sound]
'CyclicBell.D4.first_behavior_table' depends on axioms: [propext, Classical.choice, Quot.sound]
'CyclicBell.D4.second_behavior_table' depends on axioms: [propext, Classical.choice, Quot.sound]
'CyclicBell.D4.first_target_eq' depends on axioms: [propext, Classical.choice, Quot.sound]
'CyclicBell.D4.second_target_eq' depends on axioms: [propext, Classical.choice, Quot.sound]
'CyclicBell.D4.first_even_probability' depends on axioms: [propext, Classical.choice, Quot.sound]
'CyclicBell.D4.first_odd_probability' depends on axioms: [propext, Classical.choice, Quot.sound]
'CyclicBell.D4.second_even_probability' depends on axioms: [propext, Classical.choice, Quot.sound]
'CyclicBell.D4.second_odd_probability' depends on axioms: [propext, Classical.choice, Quot.sound]
'CyclicBell.D4.first_target_maximum' depends on axioms: [propext, Classical.choice, Quot.sound]
'CyclicBell.D4.second_target_maximum' depends on axioms: [propext, Classical.choice, Quot.sound]
'CyclicBell.D4.first_target_normalization_and_marginals' depends on axioms: [propext, Classical.choice, Quot.sound]
'CyclicBell.D4.second_target_normalization_and_marginals' depends on axioms: [propext, Classical.choice, Quot.sound]
'CyclicBell.D4.first_nonuniform' depends on axioms: [propext, Classical.choice, Quot.sound]
'CyclicBell.D4.second_nonuniform' depends on axioms: [propext, Classical.choice, Quot.sound]
'CyclicBell.D4.first_trivialEve_gap' depends on axioms: [propext, Classical.choice, Quot.sound]
'CyclicBell.D4.second_trivialEve_gap' depends on axioms: [propext, Classical.choice, Quot.sound]
'CyclicBell.D4.witness_trivialEve_validity' depends on axioms: [propext, Classical.choice, Quot.sound]
'CyclicBell.D4.first_physical_Eve_bridge' depends on axioms: [propext, Classical.choice, Quot.sound]
'CyclicBell.D4.second_physical_Eve_bridge' depends on axioms: [propext, Classical.choice, Quot.sound]
'CyclicBell.D4.adjoined_witness_states_valid' depends on axioms: [propext, Classical.choice, Quot.sound]
'CyclicBell.D4.trivialEve_purification' depends on axioms: [propext, Classical.choice, Quot.sound]
'CyclicBell.D4.first_counterexample' depends on axioms: [propext, Classical.choice, Quot.sound]
'CyclicBell.D4.second_counterexample' depends on axioms: [propext, Classical.choice, Quot.sound]
'CyclicBell.D4.exists_first_nonuniform_maximizer' depends on axioms: [propext, Classical.choice, Quot.sound]
'CyclicBell.D4.exists_second_nonuniform_maximizer' depends on axioms: [propext, Classical.choice, Quot.sound]
'CyclicBell.D4.first_scalar_value_does_not_force_uniform' depends on axioms: [propext, Classical.choice, Quot.sound]
'CyclicBell.D4.second_scalar_value_does_not_force_uniform' depends on axioms: [propext, Classical.choice, Quot.sound]
'CyclicBell.D4.main_d4_counterexamples' depends on axioms: [propext, Classical.choice, Quot.sound]
'CyclicBell.FirstSOS.pCoefficients' depends on axioms: [propext, Classical.choice, Quot.sound]
'CyclicBell.FirstSOS.qCoefficients' depends on axioms: [propext, Classical.choice, Quot.sound]
'CyclicBell.FirstSOS.P' depends on axioms: [propext, Classical.choice, Quot.sound]
'CyclicBell.FirstSOS.Q' depends on axioms: [propext, Classical.choice, Quot.sound]
'CyclicBell.FirstSOS.F' depends on axioms: [propext, Classical.choice, Quot.sound]
'CyclicBell.FirstSOS.G' depends on axioms: [propext, Classical.choice, Quot.sound]
'CyclicBell.FirstSOS.rawTerm' depends on axioms: [propext, Classical.choice, Quot.sound]
'CyclicBell.FirstSOS.reducedOperator' depends on axioms: [propext, Classical.choice, Quot.sound]
'CyclicBell.FirstSOS.squareSum' depends on axioms: [propext, Classical.choice, Quot.sound]
'CyclicBell.FirstSOS.M' depends on axioms: [propext, Classical.choice, Quot.sound]
'CyclicBell.FirstSOS.M_eq' depends on axioms: [propext, Classical.choice, Quot.sound]
'CyclicBell.FirstSOS.P_expand' depends on axioms: [propext, Classical.choice, Quot.sound]
'CyclicBell.FirstSOS.Q_expand' depends on axioms: [propext, Classical.choice, Quot.sound]
'CyclicBell.FirstSOS.coefficient_zero' depends on axioms: [propext, Classical.choice, Quot.sound]
'CyclicBell.FirstSOS.coefficient_one' depends on axioms: [propext, Classical.choice, Quot.sound]
'CyclicBell.FirstSOS.cross_factorization' depends on axioms: [propext, Classical.choice, Quot.sound]
'CyclicBell.FirstSOS.p_coefficient_energy' depends on axioms: [propext, Classical.choice, Quot.sound]
'CyclicBell.FirstSOS.q_coefficient_energy' depends on axioms: [propext, Classical.choice, Quot.sound]
'CyclicBell.FirstSOS.P_energy' depends on axioms: [propext, Classical.choice, Quot.sound]
'CyclicBell.FirstSOS.Q_energy' depends on axioms: [propext, Classical.choice, Quot.sound]
'CyclicBell.FirstSOS.top_energy' depends on axioms: [propext, Classical.choice, Quot.sound]
'CyclicBell.FirstSOS.rotated_energy' depends on axioms: [propext, Classical.choice, Quot.sound]
'CyclicBell.FirstSOS.two_square_expansion' depends on axioms: [propext, Classical.choice, Quot.sound]
'CyclicBell.FirstSOS.row_cross' depends on axioms: [propext, Classical.choice, Quot.sound]
'CyclicBell.FirstSOS.right_energy_sum' depends on axioms: [propext, Classical.choice, Quot.sound]
'CyclicBell.FirstSOS.first_diagonal_sum' depends on axioms: [propext, Classical.choice, Quot.sound]
'CyclicBell.FirstSOS.second_diagonal_sum' depends on axioms: [propext, Classical.choice, Quot.sound]
'CyclicBell.FirstSOS.reduced_gap_identity' depends on axioms: [propext, Classical.choice, Quot.sound]
'CyclicBell.FirstSOS.augmented_gap_identity' depends on axioms: [propext, Classical.choice, Quot.sound]
'CyclicBell.FirstSOS.reduced_upper' depends on axioms: [propext, Classical.choice, Quot.sound]
'CyclicBell.FirstSOS.augmented_upper' depends on axioms: [propext, Classical.choice, Quot.sound]
'CyclicBell.fourier4' depends on axioms: [propext, Classical.choice, Quot.sound]
'CyclicBell.fourth_root_unit' depends on axioms: [propext, Classical.choice, Quot.sound]
'CyclicBell.fourth_root_orthogonality' depends on axioms: [propext, Classical.choice, Quot.sound]
'CyclicBell.fourier4_parseval' depends on axioms: [propext, Classical.choice, Quot.sound]
'CyclicBell.fourier4_unitary_energy' depends on axioms: [propext, Classical.choice, Quot.sound]
'CyclicBell.rotated' depends on axioms: [propext, Classical.choice, Quot.sound]
'CyclicBell.rotated_unitary' depends on axioms: [propext, Classical.choice, Quot.sound]
'CyclicBell.cyclePoly' depends on axioms: [propext, Classical.choice, Quot.sound]
'CyclicBell.cyclePoly_eq' depends on axioms: [propext, Classical.choice, Quot.sound]
'CyclicBell.cyclePoly_energy' depends on axioms: [propext, Classical.choice, Quot.sound]
'CyclicBell.power_commute' depends on axioms: [propext, Classical.choice, Quot.sound]
'CyclicBell.cyclePoly_commute' depends on axioms: [propext, Classical.choice, Quot.sound]
'CyclicBell.commuting_right_energy' depends on axioms: [propext, Classical.choice, Quot.sound]
'CyclicBell.fourth_root_power_orthogonality' depends on axioms: [propext, Classical.choice, Quot.sound]
'CyclicBell.pvm_fourier_reconstruction' depends on axioms: [propext, Classical.choice, Quot.sound]
'CyclicBell.fourth_root_negative_exponent' depends on axioms: [propext, Classical.choice, Quot.sound]
'CyclicBell.pvm_source_fourier_reconstruction' depends on axioms: [propext, Classical.choice, Quot.sound]
'CyclicBell.reducedBob' does not depend on any axioms
'CyclicBell.firstReducedValue' depends on axioms: [propext, Classical.choice, Quot.sound]
'CyclicBell.firstAugmentedValue' depends on axioms: [propext, Classical.choice, Quot.sound]
'CyclicBell.firstTargetValue' depends on axioms: [propext, Classical.choice, Quot.sound]
'CyclicBell.sourceLambda' depends on axioms: [propext, Classical.choice, Quot.sound]
'CyclicBell.bobFourier' depends on axioms: [propext, Classical.choice, Quot.sound]
'CyclicBell.secondReducedValue' depends on axioms: [propext, Classical.choice, Quot.sound]
'CyclicBell.secondAugmentedValue' depends on axioms: [propext, Classical.choice, Quot.sound]
'CyclicBell.FirstUpperBound' depends on axioms: [propext, Classical.choice, Quot.sound]
'CyclicBell.SecondUpperBound' depends on axioms: [propext, Classical.choice, Quot.sound]
'CyclicBell.General.four_swappedTarget_three32' depends on axioms: [propext, Classical.choice, Quot.sound]
'CyclicBell.General.first_four_Gval_three32' depends on axioms: [propext, Classical.choice, Quot.sound]
'CyclicBell.General.second_four_Gval_three32' depends on axioms: [propext, Classical.choice, Quot.sound]
'CyclicBell.General.guessingMinEntropy' depends on axioms: [propext, Classical.choice, Quot.sound]
'CyclicBell.General.guessingMinEntropy_antitone' depends on axioms: [propext, Classical.choice, Quot.sound]
'CyclicBell.General.first_four_value_entropy_upper' depends on axioms: [propext, Classical.choice, Quot.sound]
'CyclicBell.General.second_four_value_entropy_upper' depends on axioms: [propext, Classical.choice, Quot.sound]
'CyclicBell.General.first_four_value_entropy_strict' depends on axioms: [propext, Classical.choice, Quot.sound]
'CyclicBell.General.second_four_value_entropy_strict' depends on axioms: [propext, Classical.choice, Quot.sound]
'CyclicBell.General.uniformOneDimensionalGuess' depends on axioms: [propext, Classical.choice, Quot.sound]
'CyclicBell.General.uniformGuess_not_projective' depends on axioms: [propext, Classical.choice, Quot.sound]
'CyclicBell.General.closure_before_slice_control' depends on axioms: [propext, Classical.choice, Quot.sound]
'CyclicBell.General.general_floor_not_four_peak' depends on axioms: [propext, Classical.choice, Quot.sound]
'CyclicBell.General.GuessQ' depends on axioms: [propext, Classical.choice, Quot.sound]
'CyclicBell.General.GuessQa' depends on axioms: [propext, Classical.choice, Quot.sound]
'CyclicBell.General.GuessQc' depends on axioms: [propext, Classical.choice, Quot.sound]
'CyclicBell.General.GvalQ' depends on axioms: [propext, Classical.choice, Quot.sound]
'CyclicBell.General.GvalQa' depends on axioms: [propext, Classical.choice, Quot.sound]
'CyclicBell.General.GvalQc' depends on axioms: [propext, Classical.choice, Quot.sound]
'CyclicBell.General.tripartiteBehavior_mem_GuessQ' depends on axioms: [propext, Classical.choice, Quot.sound]
'CyclicBell.General.commutingExtended_mem_GuessQc' depends on axioms: [propext, Classical.choice, Quot.sound]
'CyclicBell.General.GuessQ_subset_GuessQa' depends on axioms: [propext, Classical.choice, Quot.sound]
'CyclicBell.General.GuessQ_subset_GuessQc' depends on axioms: [propext, Classical.choice, Quot.sound]
'CyclicBell.General.GuessQ_normalized' depends on axioms: [propext, Classical.choice, Quot.sound]
'CyclicBell.General.GuessQa_normalized' depends on axioms: [propext, Classical.choice, Quot.sound]
'CyclicBell.General.GuessQc_normalized' depends on axioms: [propext, Classical.choice, Quot.sound]
'CyclicBell.General.forgetTripartite' depends on axioms: [propext, Classical.choice, Quot.sound]
'CyclicBell.General.forgetTripartite_behavior' depends on axioms: [propext, Classical.choice, Quot.sound]
'CyclicBell.General.GuessQ_marginal' depends on axioms: [propext, Classical.choice, Quot.sound]
'CyclicBell.General.GuessQa_marginal' depends on axioms: [propext, Classical.choice, Quot.sound]
'CyclicBell.General.GuessQc_marginal' depends on axioms: [propext, Classical.choice, Quot.sound]
'CyclicBell.General.finite_fixed_guess_three_models' depends on axioms: [propext, Classical.choice, Quot.sound]
'CyclicBell.General.three_model_Gval_interval' depends on axioms: [propext, Classical.choice, Quot.sound]
'CyclicBell.General.paperGuessFloor' depends on axioms: [propext, Classical.choice, Quot.sound]
'CyclicBell.General.first_value_conditioned_guessing_bounds' depends on axioms: [propext, Classical.choice, Quot.sound]
'CyclicBell.General.second_value_conditioned_guessing_bounds' depends on axioms: [propext, Classical.choice, Quot.sound]
'CyclicBell.General.first_value_conditioned_strict_gap' depends on axioms: [propext, Classical.choice, Quot.sound]
'CyclicBell.General.second_value_conditioned_strict_gap' depends on axioms: [propext, Classical.choice, Quot.sound]
'CyclicBell.General.paperGuessFloor_four' depends on axioms: [propext, Classical.choice, Quot.sound]
'CyclicBell.General.anchoredStandardStrategy' depends on axioms: [propext, Classical.choice, Quot.sound]
'CyclicBell.General.anchored_preserves_standard' depends on axioms: [propext, Classical.choice, Quot.sound]
'CyclicBell.General.anchored_matching' depends on axioms: [propext, Classical.choice, Quot.sound]
'CyclicBell.General.anchor_displacement_rep' depends on axioms: [propext, Classical.choice, Quot.sound]
'CyclicBell.General.anchored_cross_formula' depends on axioms: [propext, Classical.choice, Quot.sound]
'CyclicBell.General.anchored_cross_le_peak' depends on axioms: [propext, Classical.choice, Quot.sound]
'CyclicBell.General.anchored_cross_hits_peak' depends on axioms: [propext, Classical.choice, Quot.sound]
'CyclicBell.General.anchorPeak_gt_uniform' depends on axioms: [propext, Classical.choice, Quot.sound]
'CyclicBell.General.anchored_cross_nonuniform' depends on axioms: [propext, Classical.choice, Quot.sound]
'CyclicBell.General.anchored_qubit_cross_uniform' depends on axioms: [propext, Classical.choice, Quot.sound]
'CyclicBell.General.BellBehavior' depends on axioms: [propext, Classical.choice, Quot.sound]
'CyclicBell.General.probabilityCorrelator' depends on axioms: [propext, Classical.choice, Quot.sound]
'CyclicBell.General.pullBehavior' depends on axioms: [propext, Classical.choice, Quot.sound]
'CyclicBell.General.firstReducedBell' depends on axioms: [propext, Classical.choice, Quot.sound]
'CyclicBell.General.firstAugmentedBell' depends on axioms: [propext, Classical.choice, Quot.sound]
'CyclicBell.General.secondReducedBell' depends on axioms: [propext, Classical.choice, Quot.sound]
'CyclicBell.General.secondAugmentedBell' depends on axioms: [propext, Classical.choice, Quot.sound]
'CyclicBell.General.probabilityCorrelator_pull' depends on axioms: [propext, Classical.choice, Quot.sound]
'CyclicBell.General.probabilityCorrelator_continuous' depends on axioms: [propext, Classical.choice, Quot.sound]
'CyclicBell.General.pullBehavior_continuous' depends on axioms: [propext, Classical.choice, Quot.sound]
'CyclicBell.General.firstReducedBell_continuous' depends on axioms: [propext, Classical.choice, Quot.sound]
'CyclicBell.General.firstAugmentedBell_continuous' depends on axioms: [propext, Classical.choice, Quot.sound]
'CyclicBell.General.secondReducedBell_continuous' depends on axioms: [propext, Classical.choice, Quot.sound]
'CyclicBell.General.secondAugmentedBell_continuous' depends on axioms: [propext, Classical.choice, Quot.sound]
'CyclicBell.General.pullStrategy' depends on axioms: [propext, Classical.choice, Quot.sound]
'CyclicBell.General.behavior_pullStrategy' depends on axioms: [propext, Classical.choice, Quot.sound]
'CyclicBell.General.probabilityCorrelator_behavior' depends on axioms: [propext, Classical.choice, Quot.sound]
'CyclicBell.General.firstAugmentedBell_behavior' depends on axioms: [propext, Classical.choice, Quot.sound]
'CyclicBell.General.secondAugmentedBell_behavior' depends on axioms: [propext, Classical.choice, Quot.sound]
'CyclicBell.General.continuous_bound_on_closure' depends on axioms: [propext, Classical.choice, Quot.sound]
'CyclicBell.General.bellSupremum' depends on axioms: [propext, Classical.choice, Quot.sound]
'CyclicBell.General.bellSupremum_of_attained_bound' depends on axioms: [propext, Classical.choice, Quot.sound]
'CyclicBell.General.three_model_suprema' depends on axioms: [propext, Classical.choice, Quot.sound]
'CyclicBell.General.HermitianInvolution' depends on axioms: [propext, Classical.choice, Quot.sound]
'CyclicBell.General.binaryScoreOperator' depends on axioms: [propext, Classical.choice, Quot.sound]
'CyclicBell.General.binaryResidual₀' depends on axioms: [propext, Classical.choice, Quot.sound]
'CyclicBell.General.binaryResidual₁' depends on axioms: [propext, Classical.choice, Quot.sound]
'CyclicBell.General.BinaryCross' depends on axioms: [propext, Classical.choice, Quot.sound]
'CyclicBell.General.sqrt_three_positive' depends on axioms: [propext, Classical.choice, Quot.sound]
'CyclicBell.General.sqrt_three_square' depends on axioms: [propext, Classical.choice, Quot.sound]
'CyclicBell.General.binary_operator_sos' depends on axioms: [propext, Classical.choice, Quot.sound]
'CyclicBell.General.amplitudeState' depends on axioms: [propext, Classical.choice, Quot.sound]
'CyclicBell.General.amplitude_square' depends on axioms: [propext, Classical.choice, Quot.sound]
'CyclicBell.General.binary_mixed_upper' depends on axioms: [propext, Classical.choice, Quot.sound]
'CyclicBell.General.binary_saturation_residuals' depends on axioms: [propext, Classical.choice, Quot.sound]
'CyclicBell.General.effectKernelE_add' depends on axioms: [propext, Classical.choice, Quot.sound]
'CyclicBell.General.effectKernelE_adjoint' depends on axioms: [propext, Classical.choice, Quot.sound]
'CyclicBell.General.effectKernelE_left_stabilizer' depends on axioms: [propext, Classical.choice, Quot.sound]
'CyclicBell.General.effectKernelE_anti_stabilizer' depends on axioms: [propext, Classical.choice, Quot.sound]
'CyclicBell.General.binaryXA' depends on axioms: [propext, Classical.choice, Quot.sound]
'CyclicBell.General.binaryZB' depends on axioms: [propext, Classical.choice, Quot.sound]
'CyclicBell.General.binary_on_state_structure' depends on axioms: [propext, Classical.choice, Quot.sound]
'CyclicBell.General.binary_private_moments' depends on axioms: [propext, Classical.choice, Quot.sound]
'CyclicBell.General.binaryEffect' depends on axioms: [propext, Classical.choice, Quot.sound]
'CyclicBell.General.binaryEffect_hermitian' depends on axioms: [propext, Classical.choice, Quot.sound]
'CyclicBell.General.binaryEffect_idempotent' depends on axioms: [propext, Classical.choice, Quot.sound]
'CyclicBell.General.binaryEffect_positive' depends on axioms: [propext, Classical.choice, Quot.sound]
'CyclicBell.General.binaryEffect_complete' depends on axioms: [propext, Classical.choice, Quot.sound]
'CyclicBell.General.binaryEffect_orthogonal' depends on axioms: [propext, Classical.choice, Quot.sound]
'CyclicBell.General.binary_saturation_privacy' depends on axioms: [propext, Classical.choice, Quot.sound]
'CyclicBell.General.PurifiedStrategyOn' depends on axioms: [propext, Classical.choice, Quot.sound]
'CyclicBell.General.purifiedToStrategy' depends on axioms: [propext, Classical.choice, Quot.sound]
'CyclicBell.General.purifiedBehavior' depends on axioms: [propext, Classical.choice, Quot.sound]
'CyclicBell.General.purifiedInstrument' depends on axioms: [propext, Classical.choice, Quot.sound]
'CyclicBell.General.purifyStrategy' depends on axioms: [propext, Classical.choice, Quot.sound]
'CyclicBell.General.purifyStrategy_behavior' depends on axioms: [propext, Classical.choice, Quot.sound]
'CyclicBell.General.encoded_two_eq_sub' depends on axioms: [propext, Classical.choice, Quot.sound]
'CyclicBell.General.encoded_two_involution' depends on axioms: [propext, Classical.choice, Quot.sound]
'CyclicBell.General.measurement_two_effect' depends on axioms: [propext, Classical.choice, Quot.sound]
'CyclicBell.General.binary_involution_leftLift' depends on axioms: [propext, Classical.choice, Quot.sound]
'CyclicBell.General.binary_involution_rightLift' depends on axioms: [propext, Classical.choice, Quot.sound]
'CyclicBell.General.binaryEffect_leftLift' depends on axioms: [propext, Classical.choice, Quot.sound]
'CyclicBell.General.binaryEffect_rightLift' depends on axioms: [propext, Classical.choice, Quot.sound]
'CyclicBell.General.binary_purified_saturation' depends on axioms: [propext, Classical.choice, Quot.sound]
'CyclicBell.General.BinaryPrivacyAt' depends on axioms: [propext, Classical.choice, Quot.sound]
'CyclicBell.General.binary_maximum_certifies_privacy' depends on axioms: [propext, Classical.choice, Quot.sound]
'CyclicBell.General.binary_two_input_private_achievable' depends on axioms: [propext, Classical.choice, Quot.sound]
'CyclicBell.General.groupingBinaryMeasurement' depends on axioms: [propext, Classical.choice, Quot.sound]
'CyclicBell.General.perfect_guess_not_private' depends on axioms: [propext, Classical.choice, Quot.sound]
'CyclicBell.General.oneInputPurifiedStrategy' depends on axioms: [propext, Classical.choice, Quot.sound]
'CyclicBell.General.oneInputPurifiedStrategy_behavior' depends on axioms: [propext, Classical.choice, Quot.sound]
'CyclicBell.General.oneInputPurifiedStrategy_not_private' depends on axioms: [propext, Classical.choice, Quot.sound]
'CyclicBell.General.left_one_input_no_binary_privacy' depends on axioms: [propext, Classical.choice, Quot.sound]
'CyclicBell.General.rightInputPurifiedStrategy' depends on axioms: [propext, Classical.choice, Quot.sound]
'CyclicBell.General.rightInputPurifiedStrategy_behavior' depends on axioms: [propext, Classical.choice, Quot.sound]
'CyclicBell.General.rightInputPurifiedStrategy_not_private' depends on axioms: [propext, Classical.choice, Quot.sound]
'CyclicBell.General.right_one_input_no_binary_privacy' depends on axioms: [propext, Classical.choice, Quot.sound]
'CyclicBell.General.binary_componentwise_minimality' depends on axioms: [propext, Classical.choice, Quot.sound]
'CyclicBell.General.AlgebraInvolution' depends on axioms: [propext, Classical.choice, Quot.sound]
'CyclicBell.General.algebraBinaryScore' depends on axioms: [propext, Classical.choice, Quot.sound]
'CyclicBell.General.algebraBinaryResidual0' depends on axioms: [propext, Classical.choice, Quot.sound]
'CyclicBell.General.algebraBinaryResidual1' depends on axioms: [propext, Classical.choice, Quot.sound]
'CyclicBell.General.algebraBinary_scaled_sos' depends on axioms: [propext, Classical.choice, Quot.sound]
'CyclicBell.General.binary_cstar_sos' depends on axioms: [propext, Classical.choice, Quot.sound]
'CyclicBell.General.binary_commuting_hilbert_upper' depends on axioms: [propext, Classical.choice, Quot.sound]
'CyclicBell.General.chi_two_one' depends on axioms: [propext, Classical.choice, Quot.sound]
'CyclicBell.General.algebraEncoded_two_involution' depends on axioms: [propext, Classical.choice, Quot.sound]
'CyclicBell.General.binaryBell' depends on axioms: [propext, Classical.choice, Quot.sound]
'CyclicBell.General.binaryBell_continuous' depends on axioms: [propext, Classical.choice, Quot.sound]
'CyclicBell.General.binaryBell_commuting' depends on axioms: [propext, Classical.choice, Quot.sound]
'CyclicBell.General.binaryBell_commuting_upper' depends on axioms: [propext, Classical.choice, Quot.sound]
'CyclicBell.General.binaryBell_Qqc_upper' depends on axioms: [propext, Classical.choice, Quot.sound]
'CyclicBell.General.binaryOutcome' depends on axioms: [propext]
'CyclicBell.General.binaryOutcome_injective' depends on axioms: [propext, Classical.choice, Quot.sound]
'CyclicBell.General.binaryMeasurement' depends on axioms: [propext, Classical.choice, Quot.sound]
'CyclicBell.General.binaryMeasurement_encoded' depends on axioms: [propext, Classical.choice, Quot.sound]
'CyclicBell.General.binaryIdealStrategy' depends on axioms: [propext, Classical.choice, Quot.sound]
'CyclicBell.General.binaryBell_behavior' depends on axioms: [propext, Classical.choice, Quot.sound]
'CyclicBell.General.binaryIdealStrategy_attains' depends on axioms: [propext, Classical.choice, Quot.sound]
'CyclicBell.General.binary_values_q_qa_qc' depends on axioms: [propext, Classical.choice, Quot.sound]
'CyclicBell.General.sum_zmod_two' depends on axioms: [propext, Classical.choice, Quot.sound]
'CyclicBell.General.binaryX' depends on axioms: [propext, Classical.choice, Quot.sound]
'CyclicBell.General.binaryZ' depends on axioms: [propext, Classical.choice, Quot.sound]
'CyclicBell.General.binaryIdealAlice' depends on axioms: [propext, Classical.choice, Quot.sound]
'CyclicBell.General.binaryIdealBob' depends on axioms: [propext, Classical.choice, Quot.sound]
'CyclicBell.General.binaryPauli_relations' depends on axioms: [propext, Classical.choice, Quot.sound]
'CyclicBell.General.binaryIdealAlice_involution' depends on axioms: [propext, Classical.choice, Quot.sound]
'CyclicBell.General.binaryIdealBob_involution' depends on axioms: [propext, Classical.choice, Quot.sound]
'CyclicBell.General.binary_physical_attainment' depends on axioms: [propext, Classical.choice, Quot.sound]
'CyclicBell.General.binary_physical_measurement_package' depends on axioms: [propext, Classical.choice, Quot.sound]
'CyclicBell.General.chirpNat' depends on axioms: [propext, Classical.choice, Quot.sound]
'CyclicBell.General.canonicalPhase' depends on axioms: [propext, Classical.choice, Quot.sound]
'CyclicBell.General.canonicalPhase_zero' depends on axioms: [propext, Classical.choice, Quot.sound]
'CyclicBell.General.canonicalPhase_unit' depends on axioms: [propext, Classical.choice, Quot.sound]
'CyclicBell.General.chirpNat_period' depends on axioms: [propext, Classical.choice, Quot.sound]
'CyclicBell.General.chirpNat_mod' depends on axioms: [propext, Classical.choice, Quot.sound]
'CyclicBell.General.residue_add_val' depends on axioms: [propext, Quot.sound]
'CyclicBell.General.canonical_ratio' depends on axioms: [propext, Classical.choice, Quot.sound]
'CyclicBell.General.canonical_first_phase' depends on axioms: [propext, Classical.choice, Quot.sound]
'CyclicBell.General.canonical_recurrence' depends on axioms: [propext, Classical.choice, Quot.sound]
'CyclicBell.General.equalityRoot_product' depends on axioms: [propext, Classical.choice, Quot.sound]
'CyclicBell.General.canonical_autocorrelation' depends on axioms: [propext, Classical.choice, Quot.sound]
'CyclicBell.General.canonical_flat' depends on axioms: [propext, Classical.choice, Quot.sound]
'CyclicBell.General.canonical_uniform' depends on axioms: [propext, Classical.choice, Quot.sound]
'CyclicBell.General.equalityRoot_sum_zero' depends on axioms: [propext, Classical.choice, Quot.sound]
'CyclicBell.General.equalityRoot_pair_sum_zero' depends on axioms: [propext, Classical.choice, Quot.sound]
'CyclicBell.General.permutation_lag_one' depends on axioms: [propext, Classical.choice, Quot.sound]
'CyclicBell.General.algebraHerm' depends on axioms: [propext, Classical.choice, Quot.sound]
'CyclicBell.General.starUnitary_star' depends on axioms: [propext, Classical.choice, Quot.sound]
'CyclicBell.General.starUnitary_mul' depends on axioms: [propext, Classical.choice, Quot.sound]
'CyclicBell.General.star_commute_of_unitary' depends on axioms: [propext, Classical.choice, Quot.sound]
'CyclicBell.General.algebraModulusCM' depends on axioms: [propext, Classical.choice, Quot.sound]
'CyclicBell.General.algebraRootCM' depends on axioms: [propext, Classical.choice, Quot.sound]
'CyclicBell.General.algebraPolarRootCM' depends on axioms: [propext, Classical.choice, Quot.sound]
'CyclicBell.General.algebraGapCM' depends on axioms: [propext, Classical.choice, Quot.sound]
'CyclicBell.General.algebra_functional_factors' depends on axioms: [propext, Classical.choice, Quot.sound]
'CyclicBell.General.operatorFirst' depends on axioms: [propext, Classical.choice, Quot.sound]
'CyclicBell.General.algebra_halfPolar_gap' depends on axioms: [propext, Classical.choice, Quot.sound]
'CyclicBell.General.first_cstar_sos' depends on axioms: [propext, Classical.choice, Quot.sound]
'CyclicBell.General.algebra_aligned_gap' depends on axioms: [propext, Classical.choice, Quot.sound]
'CyclicBell.General.vectorEval' depends on axioms: [propext, Classical.choice, Quot.sound]
'CyclicBell.General.vectorEval_add' depends on axioms: [propext, Classical.choice, Quot.sound]
'CyclicBell.General.vectorEval_sub' depends on axioms: [propext, Classical.choice, Quot.sound]
'CyclicBell.General.vectorEval_real_smul' depends on axioms: [propext, Classical.choice, Quot.sound]
'CyclicBell.General.vectorEval_sum' depends on axioms: [propext, Classical.choice, Quot.sound]
'CyclicBell.General.vectorEval_one' depends on axioms: [propext, Classical.choice, Quot.sound]
'CyclicBell.General.vectorEval_square' depends on axioms: [propext, Classical.choice, Quot.sound]
'CyclicBell.General.first_commuting_hilbert_bound' depends on axioms: [propext, Classical.choice, Quot.sound]
'CyclicBell.General.aligned_commuting_hilbert_bound' depends on axioms: [propext, Classical.choice, Quot.sound]
'CyclicBell.General.first_augmented_commuting_hilbert_bound' depends on axioms: [propext, Classical.choice, Quot.sound]
'CyclicBell.General.HilbertGuessPOVM' depends on axioms: [propext, Classical.choice, Quot.sound]
'CyclicBell.General.CommutingEveOn' depends on axioms: [propext, Classical.choice, Quot.sound]
'CyclicBell.General.commutingExtendedBehavior' depends on axioms: [propext, Classical.choice, Quot.sound]
'CyclicBell.General.commuting_projection_positive' depends on axioms: [propext, Classical.choice, Quot.sound]
'CyclicBell.General.commutingExtended_nonnegative' depends on axioms: [propext, Classical.choice, Quot.sound]
'CyclicBell.General.forgetE_commutingExtended' depends on axioms: [propext, Classical.choice, Quot.sound]
'CyclicBell.General.commutingExtended_normalized' depends on axioms: [propext, Classical.choice, Quot.sound]
'CyclicBell.General.matrixCLM_quadratic_positive' depends on axioms: [propext, Classical.choice, Quot.sound]
'CyclicBell.General.tripartiteToCommuting' depends on axioms: [propext, Classical.choice, Quot.sound]
'CyclicBell.General.tripartiteToCommuting_behavior' depends on axioms: [propext, Classical.choice, Quot.sound]
'CyclicBell.General.CommutingOn' depends on axioms: [propext, Classical.choice, Quot.sound]
'CyclicBell.General.hilbertMoment' depends on axioms: [propext, Classical.choice, Quot.sound]
'CyclicBell.General.hilbertMoment_add' depends on axioms: [propext, Classical.choice, Quot.sound]
'CyclicBell.General.hilbertMoment_smul' depends on axioms: [propext, Classical.choice, Quot.sound]
'CyclicBell.General.hilbertMoment_sum' depends on axioms: [propext, Classical.choice, Quot.sound]
'CyclicBell.General.hilbertMoment_star' depends on axioms: [propext, Classical.choice, Quot.sound]
'CyclicBell.General.hilbertMoment_selfadjoint' depends on axioms: [propext, Classical.choice, Quot.sound]
'CyclicBell.General.vectorEval_hermitianPart' depends on axioms: [propext, Classical.choice, Quot.sound]
'CyclicBell.General.commutingBehavior' depends on axioms: [propext, Classical.choice, Quot.sound]
'CyclicBell.General.commuting_joint_selfadjoint' depends on axioms: [propext, Classical.choice, Quot.sound]
'CyclicBell.General.commuting_joint_square' depends on axioms: [propext, Classical.choice, Quot.sound]
'CyclicBell.General.commutingBehavior_nonnegative' depends on axioms: [propext, Classical.choice, Quot.sound]
'CyclicBell.General.commutingBehavior_left_marginal' depends on axioms: [propext, Classical.choice, Quot.sound]
'CyclicBell.General.commutingBehavior_right_marginal' depends on axioms: [propext, Classical.choice, Quot.sound]
'CyclicBell.General.commutingBehavior_normalized' depends on axioms: [propext, Classical.choice, Quot.sound]
'CyclicBell.General.commutingBehavior_complex' depends on axioms: [propext, Classical.choice, Quot.sound]
'CyclicBell.General.probabilityCorrelator_commuting' depends on axioms: [propext, Classical.choice, Quot.sound]
'CyclicBell.General.pullCommuting' depends on axioms: [propext, Classical.choice, Quot.sound]
'CyclicBell.General.commutingBehavior_pull' depends on axioms: [propext, Classical.choice, Quot.sound]
'CyclicBell.General.firstReducedBell_commuting' depends on axioms: [propext, Classical.choice, Quot.sound]
'CyclicBell.General.secondReducedBell_commuting' depends on axioms: [propext, Classical.choice, Quot.sound]
'CyclicBell.General.firstAugmentedBell_commuting' depends on axioms: [propext, Classical.choice, Quot.sound]
'CyclicBell.General.secondAugmentedBell_commuting' depends on axioms: [propext, Classical.choice, Quot.sound]
'CyclicBell.General.firstReducedBell_commuting_upper' depends on axioms: [propext, Classical.choice, Quot.sound]
'CyclicBell.General.secondReducedBell_commuting_upper' depends on axioms: [propext, Classical.choice, Quot.sound]
'CyclicBell.General.firstAugmentedBell_commuting_upper' depends on axioms: [propext, Classical.choice, Quot.sound]
'CyclicBell.General.secondAugmentedBell_commuting_upper' depends on axioms: [propext, Classical.choice, Quot.sound]
'CyclicBell.General.jointInstrument' depends on axioms: [propext, Classical.choice, Quot.sound]
'CyclicBell.General.effectKernelE_sum' depends on axioms: [propext, Classical.choice, Quot.sound]
'CyclicBell.General.jointInstrument_total' depends on axioms: [propext, Classical.choice, Quot.sound]
'CyclicBell.General.physical_private_iff_fourier' depends on axioms: [propext, Classical.choice, Quot.sound]
'CyclicBell.General.reducedE_trace' depends on axioms: [propext, Classical.choice, Quot.sound]
'CyclicBell.General.operator_uniform_guess_success' depends on axioms: [propext, Classical.choice, Quot.sound]
'CyclicBell.General.binary_private_guess_success' depends on axioms: [propext, Classical.choice, Quot.sound]
'CyclicBell.General.second_all_dimension_physical_Eve_gap' depends on axioms: [propext, Classical.choice, Quot.sound]
'CyclicBell.General.first_no_value_only_endpoint_robustness' depends on axioms: [propext, Classical.choice, Quot.sound]
'CyclicBell.General.second_no_value_only_endpoint_robustness' depends on axioms: [propext, Classical.choice, Quot.sound]
'CyclicBell.General.binary_entropy_exact' depends on axioms: [propext, Classical.choice, Quot.sound]
'CyclicBell.General.d4_entropy_exact' depends on axioms: [propext, Classical.choice, Quot.sound]
'CyclicBell.General.d4_entropy_less_than_four' depends on axioms: [propext, Classical.choice, Quot.sound]
'CyclicBell.General.Qq' depends on axioms: [propext, Classical.choice, Quot.sound]
'CyclicBell.General.Qqa' depends on axioms: [propext, Classical.choice, Quot.sound]
'CyclicBell.General.Qqc' depends on axioms: [propext, Classical.choice, Quot.sound]
'CyclicBell.General.betaQ' depends on axioms: [propext, Classical.choice, Quot.sound]
'CyclicBell.General.betaQa' depends on axioms: [propext, Classical.choice, Quot.sound]
'CyclicBell.General.betaQc' depends on axioms: [propext, Classical.choice, Quot.sound]
'CyclicBell.General.behavior_mem_Qq' depends on axioms: [propext, Classical.choice, Quot.sound]
'CyclicBell.General.commutingBehavior_mem_Qqc' depends on axioms: [propext, Classical.choice, Quot.sound]
'CyclicBell.General.Qq_subset_Qqa' depends on axioms: [propext, Classical.choice, Quot.sound]
'CyclicBell.General.Qq_subset_Qqc' depends on axioms: [propext, Classical.choice, Quot.sound]
'CyclicBell.General.Qqc_probability_nonnegative' depends on axioms: [propext, Classical.choice, Quot.sound]
'CyclicBell.General.Qqc_probability_normalized' depends on axioms: [propext, Classical.choice, Quot.sound]
'CyclicBell.General.firstReducedBell_Qqc_upper' depends on axioms: [propext, Classical.choice, Quot.sound]
'CyclicBell.General.firstAugmentedBell_Qqc_upper' depends on axioms: [propext, Classical.choice, Quot.sound]
'CyclicBell.General.secondReducedBell_Qqc_upper' depends on axioms: [propext, Classical.choice, Quot.sound]
'CyclicBell.General.secondAugmentedBell_Qqc_upper' depends on axioms: [propext, Classical.choice, Quot.sound]
'CyclicBell.General.firstReducedStrategy' depends on axioms: [propext, Classical.choice, Quot.sound]
'CyclicBell.General.secondReducedStrategy' depends on axioms: [propext, Classical.choice, Quot.sound]
'CyclicBell.General.firstPermutation_aligned_correlator' depends on axioms: [propext, Classical.choice, Quot.sound]
'CyclicBell.General.secondPermutation_aligned_correlator' depends on axioms: [propext, Classical.choice, Quot.sound]
'CyclicBell.General.firstReducedStrategy_attains' depends on axioms: [propext, Classical.choice, Quot.sound]
'CyclicBell.General.secondReducedStrategy_attains' depends on axioms: [propext, Classical.choice, Quot.sound]
'CyclicBell.General.first_reduced_values_q_qa_qc' depends on axioms: [propext, Classical.choice, Quot.sound]
'CyclicBell.General.first_augmented_values_q_qa_qc' depends on axioms: [propext, Classical.choice, Quot.sound]
'CyclicBell.General.second_reduced_values_q_qa_qc' depends on axioms: [propext, Classical.choice, Quot.sound]
'CyclicBell.General.second_augmented_values_q_qa_qc' depends on axioms: [propext, Classical.choice, Quot.sound]
'CyclicBell.General.Qqc_isSeqClosed' depends on axioms: [propext, Classical.choice, Quot.sound]
'CyclicBell.General.Qqc_isClosed' depends on axioms: [propext, Classical.choice, Quot.sound]
'CyclicBell.General.Qqa_subset_Qqc' depends on axioms: [propext, Classical.choice, Quot.sound]
'CyclicBell.General.quantum_model_inclusions' depends on axioms: [propext, Classical.choice, Quot.sound]
'CyclicBell.General.Coverage.Qqa_approximating_commuting_sequence' depends on axioms: [propext,
 Classical.choice,
 Quot.sound]
'CyclicBell.General.Coverage.behavior_coordinate_complex_tendsto' depends on axioms: [propext,
 Classical.choice,
 Quot.sound]
'CyclicBell.General.Coverage.completionOperator' depends on axioms: [propext, Classical.choice, Quot.sound]
'CyclicBell.General.Coverage.completionOperator_coe' depends on axioms: [propext, Classical.choice, Quot.sound]
'CyclicBell.General.Coverage.completionOperator_ext' depends on axioms: [propext, Classical.choice, Quot.sound]
'CyclicBell.General.Coverage.completionOperator_zero' depends on axioms: [propext, Classical.choice, Quot.sound]
'CyclicBell.General.Coverage.completionOperator_one' depends on axioms: [propext, Classical.choice, Quot.sound]
'CyclicBell.General.Coverage.completionOperator_mul' depends on axioms: [propext, Classical.choice, Quot.sound]
'CyclicBell.General.Coverage.completionOperator_comp' depends on axioms: [propext, Classical.choice, Quot.sound]
'CyclicBell.General.Coverage.completionOperator_add' depends on axioms: [propext, Classical.choice, Quot.sound]
'CyclicBell.General.Coverage.completionOperator_smul' depends on axioms: [propext, Classical.choice, Quot.sound]
'CyclicBell.General.Coverage.completionOperator_sum' depends on axioms: [propext, Classical.choice, Quot.sound]
'CyclicBell.General.Coverage.completionOperator_bound' depends on axioms: [propext, Classical.choice, Quot.sound]
'CyclicBell.General.Coverage.completionOfBounded' depends on axioms: [propext, Classical.choice, Quot.sound]
'CyclicBell.General.Coverage.completionOfBounded_coe' depends on axioms: [propext, Classical.choice, Quot.sound]
'CyclicBell.General.Coverage.completionOperator_idempotent' depends on axioms: [propext, Classical.choice, Quot.sound]
'CyclicBell.General.Coverage.completionOperator_commute' depends on axioms: [propext, Classical.choice, Quot.sound]
'CyclicBell.General.Coverage.completionOperator_orthogonal' depends on axioms: [propext, Classical.choice, Quot.sound]
'CyclicBell.General.Coverage.completionOperator_complete' depends on axioms: [propext, Classical.choice, Quot.sound]
'CyclicBell.General.Coverage.completionOperator_inner_symmetry' depends on axioms: [propext,
 Classical.choice,
 Quot.sound]
'CyclicBell.General.Coverage.completionOperator_selfadjoint' depends on axioms: [propext, Classical.choice, Quot.sound]
'CyclicBell.General.finiteCalc_toCMatrix' depends on axioms: [propext, Classical.choice, Quot.sound]
'CyclicBell.General.finiteCalc_unitary_conjugation' depends on axioms: [propext, Classical.choice, Quot.sound]
'CyclicBell.General.finiteCalc_scalar_argument' depends on axioms: [propext, Classical.choice, Quot.sound]
'CyclicBell.General.finiteCalc_operator_congr' depends on axioms: [propext, Classical.choice, Quot.sound]
'CyclicBell.General.finiteCalc_covariance' depends on axioms: [propext, Classical.choice, Quot.sound]
'CyclicBell.General.hermitian_spectral_upper_psd' depends on axioms: [propext, Classical.choice, Quot.sound]
'CyclicBell.General.hermitian_spectral_lower_psd' depends on axioms: [propext, Classical.choice, Quot.sound]
'CyclicBell.General.fourierBasisMatrix' depends on axioms: [propext, Classical.choice, Quot.sound]
'CyclicBell.General.fourierCoefficientOperator' depends on axioms: [propext, Classical.choice, Quot.sound]
'CyclicBell.General.fourierCoefficientKernel' depends on axioms: [propext, Classical.choice, Quot.sound]
'CyclicBell.General.fourierCoefficient_circulant' depends on axioms: [propext, Classical.choice, Quot.sound]
'CyclicBell.General.MUBSpaceOperator' depends on axioms: [propext, Classical.choice, Quot.sound]
'CyclicBell.General.MUBSpace_representation' depends on axioms: [propext, Classical.choice, Quot.sound]
'CyclicBell.General.MUBSpace_hermitian' depends on axioms: [propext, Classical.choice, Quot.sound]
'CyclicBell.General.computational_MUB_spectral_obstruction' depends on axioms: [propext, Classical.choice, Quot.sound]
'CyclicBell.General.phi_computational_projector' depends on axioms: [propext, Classical.choice, Quot.sound]
'CyclicBell.General.computational_PVM_coefficientwise_saturation' depends on axioms: [propext,
 Classical.choice,
 Quot.sound]
'CyclicBell.General.Coverage.kernelInner' depends on axioms: [propext, Classical.choice, Quot.sound]
'CyclicBell.General.Coverage.kernelInner_add_left' depends on axioms: [propext, Classical.choice, Quot.sound]
'CyclicBell.General.Coverage.kernelInner_smul_left' depends on axioms: [propext, Classical.choice, Quot.sound]
'CyclicBell.General.Coverage.kernelInner_hermitian' depends on axioms: [propext, Classical.choice, Quot.sound]
'CyclicBell.General.Coverage.kernelInner_single' depends on axioms: [propext, Classical.choice, Quot.sound]
'CyclicBell.General.Coverage.PositiveKernel' depends on axioms: [propext, Classical.choice, Quot.sound]
'CyclicBell.General.Coverage.KernelSpan' depends on axioms: [propext, Classical.choice, Quot.sound]
'CyclicBell.General.Coverage.kernelSpanAddCommGroup' depends on axioms: [propext, Classical.choice, Quot.sound]
'CyclicBell.General.Coverage.kernelSpanModule' depends on axioms: [propext, Classical.choice, Quot.sound]
'CyclicBell.General.Coverage.kernelSpanCore' depends on axioms: [propext, Classical.choice, Quot.sound]
'CyclicBell.General.Coverage.kernelSpanSeminorm' depends on axioms: [propext, Classical.choice, Quot.sound]
'CyclicBell.General.Coverage.kernelSpanNormedSpace' depends on axioms: [propext, Classical.choice, Quot.sound]
'CyclicBell.General.Coverage.kernelSpanInnerProduct' depends on axioms: [propext, Classical.choice, Quot.sound]
'CyclicBell.General.Coverage.kernelSpan_norm_sq' depends on axioms: [propext, Classical.choice, Quot.sound]
'CyclicBell.General.Coverage.kernelSpan_contraction' depends on axioms: [propext, Classical.choice, Quot.sound]
'CyclicBell.General.Coverage.KernelHilbert' depends on axioms: [propext, Classical.choice, Quot.sound]
'CyclicBell.General.Coverage.kernelEmbed' depends on axioms: [propext, Classical.choice, Quot.sound]
'CyclicBell.General.Coverage.kernelEmbed_dense' depends on axioms: [propext, Classical.choice, Quot.sound]
'CyclicBell.General.Coverage.kernelEmbed_inner' depends on axioms: [propext, Classical.choice, Quot.sound]
'CyclicBell.General.Coverage.kernelVector' depends on axioms: [propext, Classical.choice, Quot.sound]
'CyclicBell.General.Coverage.kernelVector_inner' depends on axioms: [propext, Classical.choice, Quot.sound]
'CyclicBell.General.Coverage.kernelCombination_eq' depends on axioms: [propext, Classical.choice, Quot.sound]
'CyclicBell.General.Coverage.kernelVector_dense_span' depends on axioms: [propext, Classical.choice, Quot.sound]
'CyclicBell.General.Coverage.positiveKernel_realization' depends on axioms: [propext, Classical.choice, Quot.sound]
'CyclicBell.General.Coverage.WordGenerator' does not depend on any axioms
'CyclicBell.General.Coverage.MomentWord' does not depend on any axioms
'CyclicBell.General.Coverage.sourceGenerator' depends on axioms: [propext, Classical.choice, Quot.sound]
'CyclicBell.General.Coverage.sourceWordAction' depends on axioms: [propext, Classical.choice, Quot.sound]
'CyclicBell.General.Coverage.sourceWordVector' depends on axioms: [propext, Classical.choice, Quot.sound]
'CyclicBell.General.Coverage.sourceKernel' depends on axioms: [propext, Classical.choice, Quot.sound]
'CyclicBell.General.Coverage.sourcePolynomialVector' depends on axioms: [propext, Classical.choice, Quot.sound]
'CyclicBell.General.Coverage.sourceGenerator_selfadjoint' depends on axioms: [propext, Classical.choice, Quot.sound]
'CyclicBell.General.Coverage.sourceGenerator_idempotent' depends on axioms: [propext, Classical.choice, Quot.sound]
'CyclicBell.General.Coverage.sourceGenerator_contract' depends on axioms: [propext, Classical.choice, Quot.sound]
'CyclicBell.General.Coverage.sourceWordVector_nil' depends on axioms: [propext, Classical.choice, Quot.sound]
'CyclicBell.General.Coverage.sourceWordVector_cons' depends on axioms: [propext, Classical.choice, Quot.sound]
'CyclicBell.General.Coverage.sourceWordVector_norm_le_one' depends on axioms: [propext, Classical.choice, Quot.sound]
'CyclicBell.General.Coverage.sourceKernel_bound' depends on axioms: [propext, Classical.choice, Quot.sound]
'CyclicBell.General.Coverage.sourceKernel_hermitian' depends on axioms: [propext, Classical.choice, Quot.sound]
'CyclicBell.General.Coverage.sourceKernel_normalized' depends on axioms: [propext, Classical.choice, Quot.sound]
'CyclicBell.General.Coverage.sourceKernel_move_generator' depends on axioms: [propext, Classical.choice, Quot.sound]
'CyclicBell.General.Coverage.sourceKernel_idempotent' depends on axioms: [propext, Classical.choice, Quot.sound]
'CyclicBell.General.Coverage.sourceKernel_alice_orthogonal' depends on axioms: [propext, Classical.choice, Quot.sound]
'CyclicBell.General.Coverage.sourceKernel_bob_orthogonal' depends on axioms: [propext, Classical.choice, Quot.sound]
'CyclicBell.General.Coverage.sourceKernel_alice_complete' depends on axioms: [propext, Classical.choice, Quot.sound]
'CyclicBell.General.Coverage.sourceKernel_bob_complete' depends on axioms: [propext, Classical.choice, Quot.sound]
'CyclicBell.General.Coverage.sourceKernel_cross' depends on axioms: [propext, Classical.choice, Quot.sound]
'CyclicBell.General.Coverage.sourceKernel_behavior' depends on axioms: [propext, Classical.choice, Quot.sound]
'CyclicBell.General.Coverage.wordPrepend' depends on axioms: [propext, Classical.choice, Quot.sound]
'CyclicBell.General.Coverage.sourceKernel_quadratic' depends on axioms: [propext, Classical.choice, Quot.sound]
'CyclicBell.General.Coverage.sourceKernel_positive' depends on axioms: [propext, Classical.choice, Quot.sound]
'CyclicBell.General.Coverage.sourcePolynomial_prepend' depends on axioms: [propext, Classical.choice, Quot.sound]
'CyclicBell.General.Coverage.sourceKernel_prepend_contract' depends on axioms: [propext, Classical.choice, Quot.sound]
'CyclicBell.General.Coverage.sourceKernel_bounded' depends on axioms: [propext, Classical.choice, Quot.sound]
'CyclicBell.General.Coverage.limitEntry' depends on axioms: [propext, Classical.choice, Quot.sound]
'CyclicBell.General.Coverage.sourceQuadratic_bounded' depends on axioms: [propext, Classical.choice, Quot.sound]
'CyclicBell.General.Coverage.limitEntry_quadratic' depends on axioms: [propext, Classical.choice, Quot.sound]
'CyclicBell.General.Coverage.limitingKernel' depends on axioms: [propext, Classical.choice, Quot.sound]
'CyclicBell.General.Coverage.limitEntry_normalized' depends on axioms: [propext, Classical.choice, Quot.sound]
'CyclicBell.General.Coverage.limitEntry_prepend_contract' depends on axioms: [propext, Classical.choice, Quot.sound]
'CyclicBell.General.Coverage.limitEntry_move_generator' depends on axioms: [propext, Classical.choice, Quot.sound]
'CyclicBell.General.Coverage.limitEntry_idempotent' depends on axioms: [propext, Classical.choice, Quot.sound]
'CyclicBell.General.Coverage.limitEntry_alice_orthogonal' depends on axioms: [propext, Classical.choice, Quot.sound]
'CyclicBell.General.Coverage.limitEntry_bob_orthogonal' depends on axioms: [propext, Classical.choice, Quot.sound]
'CyclicBell.General.Coverage.limitEntry_alice_complete' depends on axioms: [propext, Classical.choice, Quot.sound]
'CyclicBell.General.Coverage.limitEntry_bob_complete' depends on axioms: [propext, Classical.choice, Quot.sound]
'CyclicBell.General.Coverage.limitEntry_cross' depends on axioms: [propext, Classical.choice, Quot.sound]
'CyclicBell.General.Coverage.limitEntry_behavior_of_tendsto' depends on axioms: [propext, Classical.choice, Quot.sound]
'CyclicBell.General.linearAlgebraModulusCM' depends on axioms: [propext, Classical.choice, Quot.sound]
'CyclicBell.General.linearAlgebraRootCM' depends on axioms: [propext, Classical.choice, Quot.sound]
'CyclicBell.General.linearAlgebraPolarRootCM' depends on axioms: [propext, Classical.choice, Quot.sound]
'CyclicBell.General.linearAlgebraGapCM' depends on axioms: [propext, Classical.choice, Quot.sound]
'CyclicBell.General.linear_algebra_functional_factors' depends on axioms: [propext, Classical.choice, Quot.sound]
'CyclicBell.General.linearAlgebraOperator' depends on axioms: [propext, Classical.choice, Quot.sound]
'CyclicBell.General.linear_cstar_sos' depends on axioms: [propext, Classical.choice, Quot.sound]
'CyclicBell.General.linear_commuting_hilbert_bound' depends on axioms: [propext, Classical.choice, Quot.sound]
'CyclicBell.General.linear_augmented_commuting_hilbert_bound' depends on axioms: [propext, Classical.choice, Quot.sound]
'CyclicBell.General.linear_permutation_local_moments_zero' depends on axioms: [propext, Classical.choice, Quot.sound]
'CyclicBell.General.linear_permutation_all_harmonics_invariant' depends on axioms: [propext,
 Classical.choice,
 Quot.sound]
'CyclicBell.General.Coverage.triangular' does not depend on any axioms
'CyclicBell.General.Coverage.triangular_zero' does not depend on any axioms
'CyclicBell.General.Coverage.triangular_succ' does not depend on any axioms
'CyclicBell.General.Coverage.triangular_double_succ' depends on axioms: [propext]
'CyclicBell.General.Coverage.triangular_succ_eq' depends on axioms: [propext, Quot.sound]
'CyclicBell.General.Coverage.weyl_pow_commute' depends on axioms: [propext, Classical.choice, Quot.sound]
'CyclicBell.General.Coverage.weyl_commute_pow' depends on axioms: [propext, Classical.choice, Quot.sound]
'CyclicBell.General.Coverage.weyl_mul_pow' depends on axioms: [propext, Classical.choice, Quot.sound]
'CyclicBell.General.Coverage.transportedRoot' does not depend on any axioms
'CyclicBell.General.Coverage.transportedRoot_star' depends on axioms: [propext]
'CyclicBell.General.Coverage.transportedRoot_square' depends on axioms: [propext]
'CyclicBell.General.Coverage.supportedPolarFactor_square' depends on axioms: [propext]
'CyclicBell.General.Coverage.supportedPolarFactor_cross' depends on axioms: [propext]
'CyclicBell.General.Coverage.supportedPolarResidual_square' depends on axioms: [propext, Quot.sound]
'CyclicBell.General.Coverage.sqrt_unitary_conjugation' depends on axioms: [propext, Classical.choice, Quot.sound]
'CyclicBell.General.Coverage.sqrt_commutes_unitary' depends on axioms: [propext, Classical.choice, Quot.sound]
'CyclicBell.General.Coverage.initial_isometry_sqrt' depends on axioms: [propext, Classical.choice, Quot.sound]
'CyclicBell.General.Coverage.polar_left_modulus' depends on axioms: [propext, Classical.choice, Quot.sound]
'CyclicBell.General.Coverage.polar_left_half_modulus' depends on axioms: [propext, Classical.choice, Quot.sound]
'CyclicBell.General.Coverage.canonical_polar_positive_factor_identity' depends on axioms: [propext,
 Classical.choice,
 Quot.sound]
'CyclicBell.General.Coverage.canonical_polar_hilbert_positive_factor_identity' depends on axioms: [propext,
 Classical.choice,
 Quot.sound]
'CyclicBell.General.Coverage.LimitHilbert' depends on axioms: [propext, Classical.choice, Quot.sound]
'CyclicBell.General.Coverage.limitVector' depends on axioms: [propext, Classical.choice, Quot.sound]
'CyclicBell.General.Coverage.limitVector_inner' depends on axioms: [propext, Classical.choice, Quot.sound]
'CyclicBell.General.Coverage.limitGenerator' depends on axioms: [propext, Classical.choice, Quot.sound]
'CyclicBell.General.Coverage.limitGenerator_vector' depends on axioms: [propext, Classical.choice, Quot.sound]
'CyclicBell.General.Coverage.limitVector_ext' depends on axioms: [propext, Classical.choice, Quot.sound]
'CyclicBell.General.Coverage.limitOperator_ext' depends on axioms: [propext, Classical.choice, Quot.sound]
'CyclicBell.General.Coverage.limitGenerator_selfadjoint' depends on axioms: [propext, Classical.choice, Quot.sound]
'CyclicBell.General.Coverage.limitGenerator_idempotent' depends on axioms: [propext, Classical.choice, Quot.sound]
'CyclicBell.General.Coverage.limitGenerator_alice_orthogonal' depends on axioms: [propext, Classical.choice, Quot.sound]
'CyclicBell.General.Coverage.limitGenerator_bob_orthogonal' depends on axioms: [propext, Classical.choice, Quot.sound]
'CyclicBell.General.Coverage.limitGenerator_alice_complete' depends on axioms: [propext, Classical.choice, Quot.sound]
'CyclicBell.General.Coverage.limitGenerator_bob_complete' depends on axioms: [propext, Classical.choice, Quot.sound]
'CyclicBell.General.Coverage.limitGenerator_cross' depends on axioms: [propext, Classical.choice, Quot.sound]
'CyclicBell.General.Coverage.reconstructedModel' depends on axioms: [propext, Classical.choice, Quot.sound]
'CyclicBell.General.Coverage.reconstructedModel_behavior' depends on axioms: [propext, Classical.choice, Quot.sound]
'CyclicBell.General.sourcePencil' depends on axioms: [propext, Classical.choice, Quot.sound]
'CyclicBell.General.sourceModulus' depends on axioms: [propext, Classical.choice, Quot.sound]
'CyclicBell.General.sourceCanonicalPolar' depends on axioms: [propext, Classical.choice, Quot.sound]
'CyclicBell.General.sourcePencil_relative' depends on axioms: [propext, Classical.choice, Quot.sound]
'CyclicBell.General.sourceModulus_star' depends on axioms: [propext, Classical.choice, Quot.sound]
'CyclicBell.General.sourceModulus_gram' depends on axioms: [propext, Classical.choice, Quot.sound]
'CyclicBell.General.sourceModulus_positive' depends on axioms: [propext, Classical.choice, Quot.sound]
'CyclicBell.General.sourceCanonicalPolar_unitary' depends on axioms: [propext, Classical.choice, Quot.sound]
'CyclicBell.General.sourceLiteralInversePolar_modulus' depends on axioms: [propext, Classical.choice, Quot.sound]
'CyclicBell.General.sourceCanonicalPolar_factor' depends on axioms: [propext, Classical.choice, Quot.sound]
'CyclicBell.General.sourceModulus_square' depends on axioms: [propext, Classical.choice, Quot.sound]
'CyclicBell.General.sourceModulus_eq_canonical' depends on axioms: [propext, Classical.choice, Quot.sound]
'CyclicBell.General.sourceModulus_inverse' depends on axioms: [propext, Classical.choice, Quot.sound]
'CyclicBell.General.sourceModulus_eq_relative_modulus' depends on axioms: [propext, Classical.choice, Quot.sound]
'CyclicBell.General.sourceBob_transpose_inverse_formula' depends on axioms: [propext, Classical.choice, Quot.sound]
'CyclicBell.General.sourceBob_canonical_polar' depends on axioms: [propext, Classical.choice, Quot.sound]
'CyclicBell.General.source_relative_spectral_root' depends on axioms: [propext, Classical.choice, Quot.sound]
'CyclicBell.General.sourceLiteralInversePolar_unit_on_spectrum' depends on axioms: [propext,
 Classical.choice,
 Quot.sound]
'CyclicBell.General.sourceLiteralInversePolar_finiteCalc' depends on axioms: [propext, Classical.choice, Quot.sound]
'CyclicBell.General.sourceBob_transpose_finiteCalc' depends on axioms: [propext, Classical.choice, Quot.sound]
'CyclicBell.General.sourceLiteralInversePolar_finiteCalc_unitary' depends on axioms: [propext,
 Classical.choice,
 Quot.sound]
'CyclicBell.General.sourceBob_unitary' depends on axioms: [propext, Classical.choice, Quot.sound]
'CyclicBell.General.sourcePolarCoefficient' depends on axioms: [propext, Classical.choice, Quot.sound]
'CyclicBell.General.sourceInversePolarPolynomial' depends on axioms: [propext, Classical.choice, Quot.sound]
'CyclicBell.General.sourcePolarCoefficient_literal' depends on axioms: [propext, Classical.choice, Quot.sound]
'CyclicBell.General.sourceRoot_inverse_character' depends on axioms: [propext, Classical.choice, Quot.sound]
'CyclicBell.General.sourceInversePolarPolynomial_at_root' depends on axioms: [propext, Classical.choice, Quot.sound]
'CyclicBell.General.sourceInversePolarPolynomial_unit' depends on axioms: [propext, Classical.choice, Quot.sound]
'CyclicBell.General.sourceInversePolarPolynomial_quotient' depends on axioms: [propext, Classical.choice, Quot.sound]
'CyclicBell.General.sourceLiteralInversePolar' depends on axioms: [propext, Classical.choice, Quot.sound]
'CyclicBell.General.sourcePolarCoefficient_zero' depends on axioms: [propext, Classical.choice, Quot.sound]
'CyclicBell.General.sourceCosecantCoefficient_last' depends on axioms: [propext, Classical.choice, Quot.sound]
'CyclicBell.General.sourcePolarCoefficient_successor' depends on axioms: [propext, Classical.choice, Quot.sound]
'CyclicBell.General.sourceLiteralInversePolar_term' depends on axioms: [propext, Classical.choice, Quot.sound]
'CyclicBell.General.sourceLiteralInversePolar_at_root' depends on axioms: [propext, Classical.choice, Quot.sound]
'CyclicBell.General.sourceLiteralInversePolar_quotient' depends on axioms: [propext, Classical.choice, Quot.sound]
'CyclicBell.General.source_relative_clock_conjugation' depends on axioms: [propext, Classical.choice, Quot.sound]
'CyclicBell.General.source_finiteCalc_clock_covariance' depends on axioms: [propext, Classical.choice, Quot.sound]
'CyclicBell.General.source_root_rotated' depends on axioms: [propext, Classical.choice, Quot.sound]
'CyclicBell.General.source_polar_product_reindex' depends on axioms: [propext, Classical.choice, Quot.sound]
'CyclicBell.General.sourceLiteralInversePolar_orbit_product' depends on axioms: [propext, Classical.choice, Quot.sound]
'CyclicBell.General.finiteCalc_orderedProduct' depends on axioms: [propext, Classical.choice, Quot.sound]
'CyclicBell.General.scalar_orderedProduct_range' depends on axioms: [propext, Classical.choice, Quot.sound]
'CyclicBell.General.source_finEquiv_apply' depends on axioms: [propext, Quot.sound]
'CyclicBell.General.source_product_range' depends on axioms: [propext, Classical.choice, Quot.sound]
'CyclicBell.General.source_inverse_polar_ordered_product' depends on axioms: [propext, Classical.choice, Quot.sound]
'CyclicBell.General.sourceBob_order' depends on axioms: [propext, Classical.choice, Quot.sound]
'CyclicBell.General.sourceRelative' depends on axioms: [propext, Classical.choice, Quot.sound]
'CyclicBell.General.source_clock_unitary' depends on axioms: [propext, Classical.choice, Quot.sound]
'CyclicBell.General.source_shift_unitary' depends on axioms: [propext, Classical.choice, Quot.sound]
'CyclicBell.General.source_relative_unitary' depends on axioms: [propext, Classical.choice, Quot.sound]
'CyclicBell.General.source_clock_shift' depends on axioms: [propext, Classical.choice, Quot.sound]
'CyclicBell.General.source_relative_weights' depends on axioms: [propext, Classical.choice, Quot.sound]
'CyclicBell.General.source_equalityBase_power' depends on axioms: [propext, Classical.choice, Quot.sound]
'CyclicBell.General.source_clock_root_product' depends on axioms: [propext, Classical.choice, Quot.sound]
'CyclicBell.General.source_character_product_reindex' depends on axioms: [propext, Classical.choice, Quot.sound]
'CyclicBell.General.source_relative_weight_product' depends on axioms: [propext, Classical.choice, Quot.sound]
'CyclicBell.General.source_relative_power' depends on axioms: [propext, Classical.choice, Quot.sound]
'CyclicBell.General.source_relative_spectral_power' depends on axioms: [propext, Classical.choice, Quot.sound]
'CyclicBell.General.sourceNormalizedWeights' depends on axioms: [propext, Classical.choice, Quot.sound]
'CyclicBell.General.sourceNormalizedWeights_unit' depends on axioms: [propext, Classical.choice, Quot.sound]
'CyclicBell.General.sourceNormalizedWeights_product' depends on axioms: [propext, Classical.choice, Quot.sound]
'CyclicBell.General.sourceNormalizedWeights_matrix' depends on axioms: [propext, Classical.choice, Quot.sound]
'CyclicBell.General.source_relative_eigenspace_eq_normalized' depends on axioms: [propext, Classical.choice, Quot.sound]
'CyclicBell.General.source_relative_eigenspace_finrank' depends on axioms: [propext, Classical.choice, Quot.sound]
'CyclicBell.General.source_relative_charpoly' depends on axioms: [propext, Classical.choice, Quot.sound]
'CyclicBell.General.sourceRelativeBasisMatrix' depends on axioms: [propext, Classical.choice, Quot.sound]
'CyclicBell.General.sourceRelativeBasisMatrix_unitary' depends on axioms: [propext, Classical.choice, Quot.sound]
'CyclicBell.General.source_relative_basis_eigen' depends on axioms: [propext, Classical.choice, Quot.sound]
'CyclicBell.General.source_clock_adjoint_phasedVector' depends on axioms: [propext, Classical.choice, Quot.sound]
'CyclicBell.General.sourceBobCycleWeights' depends on axioms: [propext, Classical.choice, Quot.sound]
'CyclicBell.General.sourceBobCycleWeights_unit' depends on axioms: [propext, Classical.choice, Quot.sound]
'CyclicBell.General.sourceBobCycleWeights_product' depends on axioms: [propext, Classical.choice, Quot.sound]
'CyclicBell.General.sourceBob_transpose_basis_action' depends on axioms: [propext, Classical.choice, Quot.sound]
'CyclicBell.General.sourceBob_transpose_similarity' depends on axioms: [propext, Classical.choice, Quot.sound]
'CyclicBell.General.matrix_eigenspace_eq_kernel' depends on axioms: [propext, Classical.choice, Quot.sound]
'CyclicBell.General.matrix_eigenspace_finrank_of_rank' depends on axioms: [propext, Classical.choice, Quot.sound]
'CyclicBell.General.matrix_eigenspace_finrank_transpose' depends on axioms: [propext, Classical.choice, Quot.sound]
'CyclicBell.General.matrix_rank_mul_unitary_right' depends on axioms: [propext, Classical.choice, Quot.sound]
'CyclicBell.General.matrix_rank_mul_unitary_left' depends on axioms: [propext, Classical.choice, Quot.sound]
'CyclicBell.General.matrix_eigenspace_finrank_unitary_intertwiner' depends on axioms: [propext,
 Classical.choice,
 Quot.sound]
'CyclicBell.General.sourceBob_eigenspace_finrank' depends on axioms: [propext, Classical.choice, Quot.sound]
'CyclicBell.General.matrix_mem_spectrum_of_eigenspace_finrank_one' depends on axioms: [propext,
 Classical.choice,
 Quot.sound]
'CyclicBell.General.source_relative_full_simple_spectrum' depends on axioms: [propext, Classical.choice, Quot.sound]
'CyclicBell.General.sourceBob_full_simple_spectrum' depends on axioms: [propext, Classical.choice, Quot.sound]
'CyclicBell.General.sourceBobMeasurement' depends on axioms: [propext, Classical.choice, Quot.sound]
'CyclicBell.General.sourceBobMeasurement_encoding' depends on axioms: [propext, Classical.choice, Quot.sound]
'CyclicBell.General.source_clock_adjoint_order' depends on axioms: [propext, Classical.choice, Quot.sound]
'CyclicBell.General.sourceAliceMeasurement' depends on axioms: [propext, Classical.choice, Quot.sound]
'CyclicBell.General.sourceAugmentedBob' depends on axioms: [propext, Classical.choice, Quot.sound]
'CyclicBell.General.sourcePhysicalStrategy' depends on axioms: [propext, Classical.choice, Quot.sound]
'CyclicBell.General.sourcePhysicalStrategy_encodings' depends on axioms: [propext, Classical.choice, Quot.sound]
'CyclicBell.General.source_bell_operator_sum' depends on axioms: [propext, Classical.choice, Quot.sound]
'CyclicBell.General.source_phi_clock' depends on axioms: [propext, Classical.choice, Quot.sound]
'CyclicBell.General.source_phi_shift' depends on axioms: [propext, Classical.choice, Quot.sound]
'CyclicBell.General.source_reduced_expectation' depends on axioms: [propext, Classical.choice, Quot.sound]
'CyclicBell.General.sourcePhysicalStrategy_attains' depends on axioms: [propext, Classical.choice, Quot.sound]
'CyclicBell.General.source_clock_transpose' depends on axioms: [propext, Classical.choice, Quot.sound]
'CyclicBell.General.source_shift_adjoint' depends on axioms: [propext, Classical.choice, Quot.sound]
'CyclicBell.General.source_inverse_shift_clock' depends on axioms: [propext, Classical.choice, Quot.sound]
'CyclicBell.General.source_relative_adjoint' depends on axioms: [propext, Classical.choice, Quot.sound]
'CyclicBell.General.source_relative_adjoint_power_clock' depends on axioms: [propext, Classical.choice, Quot.sound]
'CyclicBell.General.sourceCosecantCoefficient' depends on axioms: [propext, Classical.choice, Quot.sound]
'CyclicBell.General.sourceCoeff_weyl_phase' depends on axioms: [propext, Classical.choice, Quot.sound]
'CyclicBell.General.sourceMode_transpose' depends on axioms: [propext, Classical.choice, Quot.sound]
'CyclicBell.General.sourceBob_transpose_polynomial' depends on axioms: [propext, Classical.choice, Quot.sound]
'CyclicBell.General.finite_order_spectral_root' depends on axioms: [propext, Classical.choice, Quot.sound]
'CyclicBell.General.finite_order_spectral_complete' depends on axioms: [propext, Classical.choice, Quot.sound]
'CyclicBell.General.finiteOrderMeasurement' depends on axioms: [propext, Classical.choice, Quot.sound]
'CyclicBell.General.finiteOrderMeasurement_encoding' depends on axioms: [propext, Classical.choice, Quot.sound]
'CyclicBell.General.Coverage.orderedProduct' does not depend on any axioms
'CyclicBell.General.Coverage.orderedProduct_zero' does not depend on any axioms
'CyclicBell.General.Coverage.orderedProduct_succ' depends on axioms: [propext, Quot.sound]
'CyclicBell.General.Coverage.shift_power' depends on axioms: [propext]
'CyclicBell.General.Coverage.twisted_power_ordered' depends on axioms: [propext, Quot.sound]
'CyclicBell.General.Coverage.conjugate_twisted_power' depends on axioms: [propext, Quot.sound]
'CyclicBell.General.Coverage.BoundedFamily' depends on axioms: [propext, Classical.choice, Quot.sound]
'CyclicBell.General.Coverage.BoundedFamily.const' depends on axioms: [propext, Classical.choice, Quot.sound]
'CyclicBell.General.Coverage.BoundedFamily.add' depends on axioms: [propext, Classical.choice, Quot.sound]
'CyclicBell.General.Coverage.BoundedFamily.neg' depends on axioms: [propext, Classical.choice, Quot.sound]
'CyclicBell.General.Coverage.BoundedFamily.sub' depends on axioms: [propext, Classical.choice, Quot.sound]
'CyclicBell.General.Coverage.BoundedFamily.mul' depends on axioms: [propext, Classical.choice, Quot.sound]
'CyclicBell.General.Coverage.BoundedFamily.smul' depends on axioms: [propext, Classical.choice, Quot.sound]
'CyclicBell.General.Coverage.BoundedFamily.star' depends on axioms: [propext, Classical.choice, Quot.sound]
'CyclicBell.General.Coverage.BoundedFamily.sum' depends on axioms: [propext, Classical.choice, Quot.sound]
'CyclicBell.General.Coverage.ultraLimit' depends on axioms: [propext, Classical.choice, Quot.sound]
'CyclicBell.General.Coverage.exists_ultra_tendsto_of_eventually_bounded' depends on axioms: [propext,
 Classical.choice,
 Quot.sound]
'CyclicBell.General.Coverage.ultraLimit_tendsto' depends on axioms: [propext, Classical.choice, Quot.sound]
'CyclicBell.General.Coverage.ultraLimit_eq_of_tendsto' depends on axioms: [propext, Classical.choice, Quot.sound]
'CyclicBell.General.Coverage.ultraLimit_const' depends on axioms: [propext, Classical.choice, Quot.sound]
'CyclicBell.General.Coverage.ultraLimit_congr' depends on axioms: [propext, Classical.choice, Quot.sound]
'CyclicBell.General.Coverage.ultraLimit_add' depends on axioms: [propext, Classical.choice, Quot.sound]
'CyclicBell.General.Coverage.ultraLimit_neg' depends on axioms: [propext, Classical.choice, Quot.sound]
'CyclicBell.General.Coverage.ultraLimit_sub' depends on axioms: [propext, Classical.choice, Quot.sound]
'CyclicBell.General.Coverage.ultraLimit_mul' depends on axioms: [propext, Classical.choice, Quot.sound]
'CyclicBell.General.Coverage.ultraLimit_smul' depends on axioms: [propext, Classical.choice, Quot.sound]
'CyclicBell.General.Coverage.ultraLimit_star' depends on axioms: [propext, Classical.choice, Quot.sound]
'CyclicBell.General.Coverage.ultraLimit_sum' depends on axioms: [propext, Classical.choice, Quot.sound]
'CyclicBell.General.Coverage.ultraLimit_norm_le' depends on axioms: [propext, Classical.choice, Quot.sound]
'CyclicBell.General.Coverage.ultraLimit_re_nonneg' depends on axioms: [propext, Classical.choice, Quot.sound]
'CyclicBell.General.Coverage.ultraLimit_nonneg' depends on axioms: [propext, Classical.choice, Quot.sound]
'CyclicBell.General.Coverage.ultraLimit_gram_nonneg' depends on axioms: [propext, Classical.choice, Quot.sound]
'CyclicBell.General.Coverage.ultraLimit_gram_re_nonneg' depends on axioms: [propext, Classical.choice, Quot.sound]
'CyclicBell.General.Coverage.ultraLimit_kernel_star' depends on axioms: [propext, Classical.choice, Quot.sound]
'CyclicBell.General.Coverage.naturalUltrafilter' depends on axioms: [propext, Classical.choice, Quot.sound]
'CyclicBell.General.Coverage.naturalUltrafilter_le_atTop' depends on axioms: [propext, Classical.choice, Quot.sound]
'CyclicBell.General.Coverage.ultraLimit_natural_of_tendsto' depends on axioms: [propext, Classical.choice, Quot.sound]
'CyclicBell.General.measurement_effect_encoded' depends on axioms: [propext, Classical.choice, Quot.sound]
'CyclicBell.General.phase_eigenspace_eq_span' depends on axioms: [propext, Classical.choice, Quot.sound]
'CyclicBell.General.weighted_cycle_eigenspace_finrank' depends on axioms: [propext, Classical.choice, Quot.sound]
'CyclicBell.General.phi_local_left' depends on axioms: [propext, Classical.choice, Quot.sound]
'CyclicBell.General.phi_local_right' depends on axioms: [propext, Classical.choice, Quot.sound]
'CyclicBell.General.conditional_permutation_complete_harmonics' depends on axioms: [propext,
 Classical.choice,
 Quot.sound]
'CyclicBell.General.conditional_permutation_simple_spectra' depends on axioms: [propext, Classical.choice, Quot.sound]
'CyclicBell.General.cyclePrefixProduct' depends on axioms: [propext, Classical.choice, Quot.sound]
'CyclicBell.General.cyclePrefixProduct_nonzero' depends on axioms: [propext, Classical.choice, Quot.sound]
'CyclicBell.General.cycle_natCast_eq_iff' depends on axioms: [propext, Quot.sound]
'CyclicBell.General.weighted_power_zero_column' depends on axioms: [propext, Classical.choice, Quot.sound]
'CyclicBell.General.short_polynomial_column' depends on axioms: [propext, Classical.choice, Quot.sound]
'CyclicBell.General.charpoly_coefficient_expansion' depends on axioms: [propext, Classical.choice, Quot.sound]
'CyclicBell.General.cycle_charpoly_top_coefficient' depends on axioms: [propext, Classical.choice, Quot.sound]
'CyclicBell.General.cycle_charpoly_low_coefficient' depends on axioms: [propext, Classical.choice, Quot.sound]
'CyclicBell.General.weighted_cycle_charpoly' depends on axioms: [propext, Classical.choice, Quot.sound]
'CyclicBell.General.phase_cycle_charpoly' depends on axioms: [propext, Classical.choice, Quot.sound]
'CyclicBell.General.weighted_power_entry' depends on axioms: [propext, Classical.choice, Quot.sound]
'CyclicBell.General.weighted_full_power' depends on axioms: [propext, Classical.choice, Quot.sound]
'CyclicBell.General.weighted_entry_conjugate' depends on axioms: [propext, Classical.choice, Quot.sound]
'CyclicBell.General.weighted_linear' depends on axioms: [propext, Classical.choice, Quot.sound]
'CyclicBell.General.phi_weighted' depends on axioms: [propext, Classical.choice, Quot.sound]
'CyclicBell.General.natCast_ne_zero_of_lt' depends on axioms: [propext, Quot.sound]
'CyclicBell.General.weighted_trace_zero' depends on axioms: [propext, Classical.choice, Quot.sound]
'CyclicBell.General.product_from_recurrence' depends on axioms: [propext, Classical.choice, Quot.sound]
'CyclicBell.General.phases_permuted' depends on axioms: [propext, Classical.choice, Quot.sound]
'CyclicBell.General.product_permuted' depends on axioms: [propext, Classical.choice, Quot.sound]
'CyclicBell.General.sum_permuted' depends on axioms: [propext, Classical.choice, Quot.sound]
'CyclicBell.General.first_harmonic_permutation' depends on axioms: [propext, Classical.choice, Quot.sound]
'CyclicBell.General.added_first_harmonics' depends on axioms: [propext, Classical.choice, Quot.sound]
'CyclicBell.General.recurrence_lag_one' depends on axioms: [propext, Classical.choice, Quot.sound]
'CyclicBell.General.recurrence_lag_two' depends on axioms: [propext, Classical.choice, Quot.sound]
'CyclicBell.General.conjugate_measurement_encoding' depends on axioms: [propext, Classical.choice, Quot.sound]
'CyclicBell.General.cis_eq_one_iff' depends on axioms: [propext, Classical.choice, Quot.sound]
'CyclicBell.General.unit_power_root_character' depends on axioms: [propext, Classical.choice, Quot.sound]
'CyclicBell.General.equalityBase_power' depends on axioms: [propext, Classical.choice, Quot.sound]
'CyclicBell.General.equalityRoot_complete' depends on axioms: [propext, Classical.choice, Quot.sound]
'CyclicBell.General.equalityRoot_complete_iff' depends on axioms: [propext, Classical.choice, Quot.sound]
'CyclicBell.General.equalityIndicator' depends on axioms: [propext, Classical.choice, Quot.sound]
'CyclicBell.General.scalarPolarPhase' depends on axioms: [propext, Classical.choice, Quot.sound]
'CyclicBell.General.scalarPolarPhase_at_root' depends on axioms: [propext, Classical.choice, Quot.sound]
'CyclicBell.General.good_phase_nonzero' depends on axioms: [propext, Classical.choice, Quot.sound]
'CyclicBell.General.polarPhase_square' depends on axioms: [propext, Classical.choice, Quot.sound]
'CyclicBell.General.polarBase_adjacent' depends on axioms: [propext, Classical.choice, Quot.sound]
'CyclicBell.General.polarPhase_adjacent' depends on axioms: [propext, Classical.choice, Quot.sound]
'CyclicBell.General.reflection_phase_power' depends on axioms: [propext, Classical.choice, Quot.sound]
'CyclicBell.General.scalarMaximum_two' depends on axioms: [propext, Classical.choice, Quot.sound]
'CyclicBell.General.scalarMaximum_three' depends on axioms: [propext, Classical.choice, Quot.sound]
'CyclicBell.General.sqrt_four_radical_product' depends on axioms: [propext, Classical.choice, Quot.sound]
'CyclicBell.General.scalarMaximum_four' depends on axioms: [propext, Classical.choice, Quot.sound]
'CyclicBell.General.sin_pi_div_ten_exact' depends on axioms: [propext, Classical.choice, Quot.sound]
'CyclicBell.General.scalarMaximum_five' depends on axioms: [propext, Classical.choice, Quot.sound]
'CyclicBell.General.sin_pi_div_twelve_exact' depends on axioms: [propext, Classical.choice, Quot.sound]
'CyclicBell.General.scalarMaximum_six' depends on axioms: [propext, Classical.choice, Quot.sound]
'CyclicBell.General.small_dimension_exact_value_table' depends on axioms: [propext, Classical.choice, Quot.sound]
'CyclicBell.General.first_four_augmented_radical_values' depends on axioms: [propext, Classical.choice, Quot.sound]
'CyclicBell.General.positive_zero_diagonal' depends on axioms: [propext, Classical.choice, Quot.sound]
'CyclicBell.General.constant_diagonal_extremal_scalar' depends on axioms: [propext, Classical.choice, Quot.sound]
'CyclicBell.General.constant_diagonal_no_extremum' depends on axioms: [propext, Classical.choice, Quot.sound]
'CyclicBell.General.circulantOperator' depends on axioms: [propext, Classical.choice, Quot.sound]
'CyclicBell.General.diagonalConjugatedCirculant' depends on axioms: [propext, Classical.choice, Quot.sound]
'CyclicBell.General.exposureOperator' depends on axioms: [propext, Classical.choice, Quot.sound]
'CyclicBell.General.exposure_constant_diagonal' depends on axioms: [propext, Classical.choice, Quot.sound]
'CyclicBell.General.exposure_eigenvalue_diagonal' depends on axioms: [propext, Classical.choice, Quot.sound]
'CyclicBell.General.computational_MUB_exposure_obstruction' depends on axioms: [propext, Classical.choice, Quot.sound]
'CyclicBell.General.source_computational_MUB_exposure' depends on axioms: [propext, Classical.choice, Quot.sound]
'CyclicBell.General.GuessLabel' does not depend on any axioms
'CyclicBell.General.ExtendedBehavior' depends on axioms: [propext, Classical.choice, Quot.sound]
'CyclicBell.General.forgetE' depends on axioms: [propext, Classical.choice, Quot.sound]
'CyclicBell.General.guessingSuccess' depends on axioms: [propext, Classical.choice, Quot.sound]
'CyclicBell.General.ExtendedNormalized' depends on axioms: [propext, Classical.choice, Quot.sound]
'CyclicBell.General.forgetE_continuous' depends on axioms: [propext, Classical.choice, Quot.sound]
'CyclicBell.General.guessingSuccess_continuous' depends on axioms: [propext, Classical.choice, Quot.sound]
'CyclicBell.General.extendedNormalized_isClosed' depends on axioms: [propext, Classical.choice, Quot.sound]
'CyclicBell.General.extendedNormalized_closure' depends on axioms: [propext, Classical.choice, Quot.sound]
'CyclicBell.General.guessingSuccess_nonnegative' depends on axioms: [propext, Classical.choice, Quot.sound]
'CyclicBell.General.guessingSuccess_le_one' depends on axioms: [propext, Classical.choice, Quot.sound]
'CyclicBell.General.extended_marginal_normalized' depends on axioms: [propext, Classical.choice, Quot.sound]
'CyclicBell.General.attachFixedGuess' depends on axioms: [propext, Classical.choice, Quot.sound]
'CyclicBell.General.forgetE_attachFixedGuess' depends on axioms: [propext, Classical.choice, Quot.sound]
'CyclicBell.General.guessingSuccess_attachFixedGuess' depends on axioms: [propext, Classical.choice, Quot.sound]
'CyclicBell.General.valueSlice' depends on axioms: [propext, Classical.choice, Quot.sound]
'CyclicBell.General.valueGuessing' depends on axioms: [propext, Classical.choice, Quot.sound]
'CyclicBell.General.valueGuessing_bddAbove' depends on axioms: [propext, Classical.choice, Quot.sound]
'CyclicBell.General.le_valueGuessing_of_member' depends on axioms: [propext, Classical.choice, Quot.sound]
'CyclicBell.General.valueGuessing_le_one_of_nonempty' depends on axioms: [propext, Classical.choice, Quot.sound]
'CyclicBell.General.valueGuessing_interval_from_witness' depends on axioms: [propext, Classical.choice, Quot.sound]
'CyclicBell.General.valueGuessing_mono' depends on axioms: [propext, Classical.choice, Quot.sound]
'CyclicBell.General.MatrixSpectrum' depends on axioms: [propext, Classical.choice, Quot.sound]
'CyclicBell.General.matrixSpectrum_finite' depends on axioms: [propext, Classical.choice, Quot.sound]
'CyclicBell.General.finiteMatrixSpectrum' depends on axioms: [propext, Classical.choice, Quot.sound]
'CyclicBell.General.discreteMatrixSpectrum' depends on axioms: [propext, Classical.choice, Quot.sound]
'CyclicBell.General.finiteCM' depends on axioms: [propext, Classical.choice, Quot.sound]
'CyclicBell.General.finiteCalc' depends on axioms: [propext, Classical.choice, Quot.sound]
'CyclicBell.General.finiteCalc_congr' depends on axioms: [propext, Classical.choice, Quot.sound]
'CyclicBell.General.finiteCalc_zero' depends on axioms: [propext, Classical.choice, Quot.sound]
'CyclicBell.General.finiteCalc_one' depends on axioms: [propext, Classical.choice, Quot.sound]
'CyclicBell.General.finiteCalc_const' depends on axioms: [propext, Classical.choice, Quot.sound]
'CyclicBell.General.finiteCalc_coordinate' depends on axioms: [propext, Classical.choice, Quot.sound]
'CyclicBell.General.finiteCalc_add' depends on axioms: [propext, Classical.choice, Quot.sound]
'CyclicBell.General.finiteCalc_sub' depends on axioms: [propext, Classical.choice, Quot.sound]
'CyclicBell.General.finiteCalc_mul' depends on axioms: [propext, Classical.choice, Quot.sound]
'CyclicBell.General.finiteCalc_smul' depends on axioms: [propext, Classical.choice, Quot.sound]
'CyclicBell.General.finiteCalc_star' depends on axioms: [propext, Classical.choice, Quot.sound]
'CyclicBell.General.finiteCalc_pow' depends on axioms: [propext, Classical.choice, Quot.sound]
'CyclicBell.General.finiteCalc_sum' depends on axioms: [propext, Classical.choice, Quot.sound]
'CyclicBell.General.finiteCalc_commute' depends on axioms: [propext, Classical.choice, Quot.sound]
'CyclicBell.General.finiteCalc_zero_transfer' depends on axioms: [propext, Classical.choice, Quot.sound]
'CyclicBell.General.finiteCalc_supported_congr' depends on axioms: [propext, Classical.choice, Quot.sound]
'CyclicBell.General.finiteSpectralProjection' depends on axioms: [propext, Classical.choice, Quot.sound]
'CyclicBell.General.finiteSpectralProjection_star' depends on axioms: [propext, Classical.choice, Quot.sound]
'CyclicBell.General.finiteSpectralProjection_mul' depends on axioms: [propext, Classical.choice, Quot.sound]
'CyclicBell.General.finiteSpectralProjection_eigen' depends on axioms: [propext, Classical.choice, Quot.sound]
'CyclicBell.General.firstReducedOperator' depends on axioms: [propext, Classical.choice, Quot.sound]
'CyclicBell.General.halfPolarResidual' depends on axioms: [propext, Classical.choice, Quot.sound]
'CyclicBell.General.halfPolar_gap_identity' depends on axioms: [propext, Classical.choice, Quot.sound]
'CyclicBell.General.first_matrix_sos' depends on axioms: [propext, Classical.choice, Quot.sound]
'CyclicBell.General.first_matrix_upper' depends on axioms: [propext, Classical.choice, Quot.sound]
'CyclicBell.General.firstValue' depends on axioms: [propext, Classical.choice, Quot.sound]
'CyclicBell.General.first_physical_upper' depends on axioms: [propext, Classical.choice, Quot.sound]
'CyclicBell.General.first_physical_upper_expanded' depends on axioms: [propext, Classical.choice, Quot.sound]
'CyclicBell.General.permutationAlice' depends on axioms: [propext, Classical.choice, Quot.sound]
'CyclicBell.General.permutationBob' depends on axioms: [propext, Classical.choice, Quot.sound]
'CyclicBell.General.firstPermutationStrategy' depends on axioms: [propext, Classical.choice, Quot.sound]
'CyclicBell.General.permutationAlice_zero' depends on axioms: [propext, Classical.choice, Quot.sound]
'CyclicBell.General.permutationAlice_one' depends on axioms: [propext, Classical.choice, Quot.sound]
'CyclicBell.General.permutationBob_none' depends on axioms: [propext, Classical.choice, Quot.sound]
'CyclicBell.General.permutationBob_some' depends on axioms: [propext, Classical.choice, Quot.sound]
'CyclicBell.General.entangled_stateEval' depends on axioms: [propext, Classical.choice, Quot.sound]
'CyclicBell.General.firstPermutation_term' depends on axioms: [propext, Classical.choice, Quot.sound]
'CyclicBell.General.firstPermutation_attains' depends on axioms: [propext, Classical.choice, Quot.sound]
'CyclicBell.General.firstPermutation_harmonics' depends on axioms: [propext, Classical.choice, Quot.sound]
'CyclicBell.General.firstPermutation_target' depends on axioms: [propext, Classical.choice, Quot.sound]
'CyclicBell.General.firstSwap_target' depends on axioms: [propext, Classical.choice, Quot.sound]
'CyclicBell.General.firstPermutation_maximal' depends on axioms: [propext, Classical.choice, Quot.sound]
'CyclicBell.General.first_all_dimension_counterexample' depends on axioms: [propext, Classical.choice, Quot.sound]
'CyclicBell.General.Ix' does not depend on any axioms
'CyclicBell.General.dimension_pos' depends on axioms: [propext, Classical.choice, Quot.sound]
'CyclicBell.General.chi' depends on axioms: [propext, Classical.choice, Quot.sound]
'CyclicBell.General.chi_zero' depends on axioms: [propext, Classical.choice, Quot.sound]
'CyclicBell.General.chi_add' depends on axioms: [propext, Classical.choice, Quot.sound]
'CyclicBell.General.chi_norm' depends on axioms: [propext, Classical.choice, Quot.sound]
'CyclicBell.General.chi_ne_zero' depends on axioms: [propext, Classical.choice, Quot.sound]
'CyclicBell.General.chi_normSq' depends on axioms: [propext, Classical.choice, Quot.sound]
'CyclicBell.General.chi_star_mul' depends on axioms: [propext, Classical.choice, Quot.sound]
'CyclicBell.General.chi_star' depends on axioms: [propext, Classical.choice, Quot.sound]
'CyclicBell.General.chi_sub' depends on axioms: [propext, Classical.choice, Quot.sound]
'CyclicBell.General.chi_pow' depends on axioms: [propext, Classical.choice, Quot.sound]
'CyclicBell.General.chi_injective' depends on axioms: [propext, Classical.choice, Quot.sound]
'CyclicBell.General.chi_eq_one_iff' depends on axioms: [propext, Classical.choice, Quot.sound]
'CyclicBell.General.chi_intCast' depends on axioms: [propext, Classical.choice, Quot.sound]
'CyclicBell.General.chi_natCast' depends on axioms: [propext, Classical.choice, Quot.sound]
'CyclicBell.General.chi_val' depends on axioms: [propext, Classical.choice, Quot.sound]
'CyclicBell.General.character_sum' depends on axioms: [propext, Classical.choice, Quot.sound]
'CyclicBell.General.sum_translate' depends on axioms: [propext, Classical.choice, Quot.sound]
'CyclicBell.General.sum_negate' depends on axioms: [propext, Classical.choice, Quot.sound]
'CyclicBell.General.fourier' depends on axioms: [propext, Classical.choice, Quot.sound]
'CyclicBell.General.autocorrelation' depends on axioms: [propext, Classical.choice, Quot.sound]
'CyclicBell.General.powerSpectrum' depends on axioms: [propext, Classical.choice, Quot.sound]
'CyclicBell.General.UnitPhases' depends on axioms: [propext, Classical.choice, Quot.sound]
'CyclicBell.General.FourierFlat' depends on axioms: [propext, Classical.choice, Quot.sound]
'CyclicBell.General.fourier_eq_dft_neg' depends on axioms: [propext, Classical.choice, Quot.sound]
'CyclicBell.General.fourier_inversion' depends on axioms: [propext, Classical.choice, Quot.sound]
'CyclicBell.General.fourier_zero' depends on axioms: [propext, Classical.choice, Quot.sound]
'CyclicBell.General.fourier_autocorrelation' depends on axioms: [propext, Classical.choice, Quot.sound]
'CyclicBell.General.autocorrelation_inversion' depends on axioms: [propext, Classical.choice, Quot.sound]
'CyclicBell.General.autocorrelation_zero' depends on axioms: [propext, Classical.choice, Quot.sound]
'CyclicBell.General.autocorrelation_neg' depends on axioms: [propext, Classical.choice, Quot.sound]
'CyclicBell.General.parseval' depends on axioms: [propext, Classical.choice, Quot.sound]
'CyclicBell.General.flat_iff_autocorrelation' depends on axioms: [propext, Classical.choice, Quot.sound]
'CyclicBell.General.fourierTable' depends on axioms: [propext, Classical.choice, Quot.sound]
'CyclicBell.General.table_nonnegative' depends on axioms: [propext, Classical.choice, Quot.sound]
'CyclicBell.General.table_row_sum' depends on axioms: [propext, Classical.choice, Quot.sound]
'CyclicBell.General.table_column_sum' depends on axioms: [propext, Classical.choice, Quot.sound]
'CyclicBell.General.table_normalized' depends on axioms: [propext, Classical.choice, Quot.sound]
'CyclicBell.General.table_uniform_iff' depends on axioms: [propext, Classical.choice, Quot.sound]
'CyclicBell.General.nonzero_lag_not_uniform' depends on axioms: [propext, Classical.choice, Quot.sound]
'CyclicBell.General.moduleFourier' depends on axioms: [propext, Classical.choice, Quot.sound]
'CyclicBell.General.moduleFourier_eq_dft' depends on axioms: [propext, Classical.choice, Quot.sound]
'CyclicBell.General.moduleFourier_inversion' depends on axioms: [propext, Classical.choice, Quot.sound]
'CyclicBell.General.operatorFourier' depends on axioms: [propext, Classical.choice, Quot.sound]
'CyclicBell.General.operatorFourier_nested' depends on axioms: [propext, Classical.choice, Quot.sound]
'CyclicBell.General.operatorFourier_inversion' depends on axioms: [propext, Classical.choice, Quot.sound]
'CyclicBell.General.operator_uniform_iff' depends on axioms: [propext, Classical.choice, Quot.sound]
'CyclicBell.General.squareRootNorm' depends on axioms: [propext, Classical.choice, Quot.sound]
'CyclicBell.General.continuousPolarRoot' depends on axioms: [propext, Classical.choice, Quot.sound]
'CyclicBell.General.squareRootNorm_zero' depends on axioms: [propext, Classical.choice, Quot.sound]
'CyclicBell.General.continuousPolarRoot_zero' depends on axioms: [propext, Classical.choice, Quot.sound]
'CyclicBell.General.squareRootNorm_continuous' depends on axioms: [propext, Classical.choice, Quot.sound]
'CyclicBell.General.squareRootNorm_square' depends on axioms: [propext, Classical.choice, Quot.sound]
'CyclicBell.General.squareRootNorm_ne_zero' depends on axioms: [propext, Classical.choice, Quot.sound]
'CyclicBell.General.continuousPolarRoot_norm' depends on axioms: [propext, Classical.choice, Quot.sound]
'CyclicBell.General.continuousPolarRoot_continuous' depends on axioms: [propext, Classical.choice, Quot.sound]
'CyclicBell.General.continuousPolarRoot_cross' depends on axioms: [propext, Classical.choice, Quot.sound]
'CyclicBell.General.continuousPolarRoot_square' depends on axioms: [propext, Classical.choice, Quot.sound]
'CyclicBell.General.StarUnitary' does not depend on any axioms
'CyclicBell.General.starUnitary_normal' does not depend on any axioms
'CyclicBell.General.conjugationHom' depends on axioms: [propext, Classical.choice, Quot.sound]
'CyclicBell.General.conjugationHom_continuous' depends on axioms: [propext, Classical.choice, Quot.sound]
'CyclicBell.General.cfcHom_commute_unitary' depends on axioms: [propext, Classical.choice, Quot.sound]
'CyclicBell.General.spectrum_unit_norm' depends on axioms: [propext, Classical.choice, Quot.sound]
'CyclicBell.General.CMat' depends on axioms: [propext, Classical.choice, Quot.sound]
'CyclicBell.General.toCMatrix' depends on axioms: [propext, Classical.choice, Quot.sound]
'CyclicBell.General.toCMatrix_unitary' depends on axioms: [propext, Classical.choice, Quot.sound]
'CyclicBell.General.matrixCfc' depends on axioms: [propext, Classical.choice, Quot.sound]
'CyclicBell.General.matrixCfc_coordinate' depends on axioms: [propext, Classical.choice, Quot.sound]
'CyclicBell.General.matrixCfc_commute' depends on axioms: [propext, Classical.choice, Quot.sound]
'CyclicBell.General.modulusCM' depends on axioms: [propext, Classical.choice, Quot.sound]
'CyclicBell.General.rootCM' depends on axioms: [propext, Classical.choice, Quot.sound]
'CyclicBell.General.polarRootCM' depends on axioms: [propext, Classical.choice, Quot.sound]
'CyclicBell.General.scalarGapCM' depends on axioms: [propext, Classical.choice, Quot.sound]
'CyclicBell.General.rootCM_square' depends on axioms: [propext, Classical.choice, Quot.sound]
'CyclicBell.General.polarRootCM_square' depends on axioms: [propext, Classical.choice, Quot.sound]
'CyclicBell.General.rootCM_cross' depends on axioms: [propext, Classical.choice, Quot.sound]
'CyclicBell.General.scalarGapCM_square' depends on axioms: [propext, Classical.choice, Quot.sound]
'CyclicBell.General.matrix_functional_factors' depends on axioms: [propext, Classical.choice, Quot.sound]
'CyclicBell.General.cis_chord_identity' depends on axioms: [propext, Classical.choice, Quot.sound]
'CyclicBell.General.cis_chord_norm' depends on axioms: [propext, Classical.choice, Quot.sound]
'CyclicBell.General.root_difference_norm' depends on axioms: [propext, Classical.choice, Quot.sound]
'CyclicBell.General.short_chord' depends on axioms: [propext, Classical.choice, Quot.sound]
'CyclicBell.General.negative_chord' depends on axioms: [propext, Classical.choice, Quot.sound]
'CyclicBell.General.sine_step_positive' depends on axioms: [propext, Classical.choice, Quot.sound]
'CyclicBell.General.swapped_R2_norm' depends on axioms: [propext, Classical.choice, Quot.sound]
'CyclicBell.General.autocorrelation_le_peak_excess' depends on axioms: [propext, Classical.choice, Quot.sound]
'CyclicBell.General.exists_power_peak' depends on axioms: [propext, Classical.choice, Quot.sound]
'CyclicBell.General.exists_table_peak' depends on axioms: [propext, Classical.choice, Quot.sound]
'CyclicBell.General.swappedTarget_quantitative' depends on axioms: [propext, Classical.choice, Quot.sound]
'CyclicBell.General.quantitative_gap_positive' depends on axioms: [propext, Classical.choice, Quot.sound]
'CyclicBell.General.no_uniform_relabeling' depends on axioms: [propext, Classical.choice, Quot.sound]
'CyclicBell.General.euclidVector' depends on axioms: [propext, Classical.choice, Quot.sound]
'CyclicBell.General.matrixCLM' depends on axioms: [propext, Classical.choice, Quot.sound]
'CyclicBell.General.euclidVector_surjective' depends on axioms: [propext, Classical.choice, Quot.sound]
'CyclicBell.General.euclidVector_inner' depends on axioms: [propext, Classical.choice, Quot.sound]
'CyclicBell.General.matrixCLM_on_vector' depends on axioms: [propext, Classical.choice, Quot.sound]
'CyclicBell.General.matrixCLM_mul' depends on axioms: [propext, Classical.choice, Quot.sound]
'CyclicBell.General.matrixCLM_add' depends on axioms: [propext, Classical.choice, Quot.sound]
'CyclicBell.General.matrixCLM_smul' depends on axioms: [propext, Classical.choice, Quot.sound]
'CyclicBell.General.matrixCLM_one' depends on axioms: [propext, Classical.choice, Quot.sound]
'CyclicBell.General.matrixCLM_zero' depends on axioms: [propext, Classical.choice, Quot.sound]
'CyclicBell.General.matrixCLM_sum' depends on axioms: [propext, Classical.choice, Quot.sound]
'CyclicBell.General.matrixCLM_star' depends on axioms: [propext, Classical.choice, Quot.sound]
'CyclicBell.General.vectorize' depends on axioms: [propext, Classical.choice, Quot.sound]
'CyclicBell.General.vectorize_ip_trace' depends on axioms: [propext, Classical.choice, Quot.sound]
'CyclicBell.General.kron_one_vectorize' depends on axioms: [propext, Classical.choice, Quot.sound]
'CyclicBell.General.vectorize_moment' depends on axioms: [propext, Classical.choice, Quot.sound]
'CyclicBell.General.purificationVector' depends on axioms: [propext, Classical.choice, Quot.sound]
'CyclicBell.General.purificationVector_inner' depends on axioms: [propext, Classical.choice, Quot.sound]
'CyclicBell.General.purificationVector_normalized' depends on axioms: [propext, Classical.choice, Quot.sound]
'CyclicBell.General.purification_moment' depends on axioms: [propext, Classical.choice, Quot.sound]
'CyclicBell.General.purification_stateEval' depends on axioms: [propext, Classical.choice, Quot.sound]
'CyclicBell.General.hermitian_idempotent_positive' depends on axioms: [propext, Classical.choice, Quot.sound]
'CyclicBell.General.leftMeasurement' depends on axioms: [propext, Classical.choice, Quot.sound]
'CyclicBell.General.rightMeasurement' depends on axioms: [propext, Classical.choice, Quot.sound]
'CyclicBell.General.coordinateMeasurement' depends on axioms: [propext, Classical.choice, Quot.sound]
'CyclicBell.General.finiteToCommuting' depends on axioms: [propext, Classical.choice, Quot.sound]
'CyclicBell.General.finiteToCommuting_behavior' depends on axioms: [propext, Classical.choice, Quot.sound]
'CyclicBell.General.StateOn' depends on axioms: [propext, Classical.choice, Quot.sound]
'CyclicBell.General.Measurement' depends on axioms: [propext, Classical.choice, Quot.sound]
'CyclicBell.General.encoded' depends on axioms: [propext, Classical.choice, Quot.sound]
'CyclicBell.General.kron' depends on axioms: [propext, Classical.choice, Quot.sound]
'CyclicBell.General.vectorTensor' depends on axioms: [propext, Classical.choice, Quot.sound]
'CyclicBell.General.bornProbability' depends on axioms: [propext, Classical.choice, Quot.sound]
'CyclicBell.General.AugmentedInputs' does not depend on any axioms
'CyclicBell.General.StrategyOn' depends on axioms: [propext, Classical.choice, Quot.sound]
'CyclicBell.General.behavior' depends on axioms: [propext, Classical.choice, Quot.sound]
'CyclicBell.General.kron_eq_tensor' depends on axioms: [propext, Classical.choice, Quot.sound]
'CyclicBell.General.kron_mul' depends on axioms: [propext, Classical.choice, Quot.sound]
'CyclicBell.General.kron_star' depends on axioms: [propext, Classical.choice, Quot.sound]
'CyclicBell.General.kron_one' depends on axioms: [propext, Classical.choice, Quot.sound]
'CyclicBell.General.kron_add_left' depends on axioms: [propext, Classical.choice, Quot.sound]
'CyclicBell.General.kron_add_right' depends on axioms: [propext, Classical.choice, Quot.sound]
'CyclicBell.General.kron_smul_left' depends on axioms: [propext, Classical.choice, Quot.sound]
'CyclicBell.General.kron_smul_right' depends on axioms: [propext, Classical.choice, Quot.sound]
'CyclicBell.General.kron_sum_left' depends on axioms: [propext, Classical.choice, Quot.sound]
'CyclicBell.General.kron_sum_right' depends on axioms: [propext, Classical.choice, Quot.sound]
'CyclicBell.General.kron_unitary' depends on axioms: [propext, Classical.choice, Quot.sound]
'CyclicBell.General.aliceLift' depends on axioms: [propext, Classical.choice, Quot.sound]
'CyclicBell.General.bobLift' depends on axioms: [propext, Classical.choice, Quot.sound]
'CyclicBell.General.lift_product' depends on axioms: [propext, Classical.choice, Quot.sound]
'CyclicBell.General.lift_commute' depends on axioms: [propext, Classical.choice, Quot.sound]
'CyclicBell.General.measurement_spectral_mul' depends on axioms: [propext, Classical.choice, Quot.sound]
'CyclicBell.General.measurement_spectral_star' depends on axioms: [propext, Classical.choice, Quot.sound]
'CyclicBell.General.encoded_unitary' depends on axioms: [propext, Classical.choice, Quot.sound]
'CyclicBell.General.encoded_pow' depends on axioms: [propext, Classical.choice, Quot.sound]
'CyclicBell.General.encoded_order' depends on axioms: [propext, Classical.choice, Quot.sound]
'CyclicBell.General.operatorPowers' depends on axioms: [propext, Classical.choice, Quot.sound]
'CyclicBell.General.measurement_reconstruction' depends on axioms: [propext, Classical.choice, Quot.sound]
'CyclicBell.General.bornProbability_nonnegative' depends on axioms: [propext, Classical.choice, Quot.sound]
'CyclicBell.General.bornProbability_left_marginal' depends on axioms: [propext, Classical.choice, Quot.sound]
'CyclicBell.General.bornProbability_right_marginal' depends on axioms: [propext, Classical.choice, Quot.sound]
'CyclicBell.General.bornProbability_normalized' depends on axioms: [propext, Classical.choice, Quot.sound]
'CyclicBell.General.stateOnOfPure' depends on axioms: [propext, Classical.choice, Quot.sound]
'CyclicBell.General.measurementOfBasis' depends on axioms: [propext, Classical.choice, Quot.sound]
'CyclicBell.General.kron_projector' depends on axioms: [propext, Classical.choice, Quot.sound]
'CyclicBell.General.physical_rank_one_born' depends on axioms: [propext, Classical.choice, Quot.sound]
'CyclicBell.General.correlator_from_born' depends on axioms: [propext, Classical.choice, Quot.sound]
'CyclicBell.General.trace_hermitian_product_real' depends on axioms: [propext, Classical.choice, Quot.sound]
'CyclicBell.General.bornProbability_complex_trace' depends on axioms: [propext, Classical.choice, Quot.sound]
'CyclicBell.General.correlator_from_probabilities' depends on axioms: [propext, Classical.choice, Quot.sound]
'CyclicBell.General.finite_behavior_in_three_models' depends on axioms: [propext, Classical.choice, Quot.sound]
'CyclicBell.General.first_three_model_counterexample' depends on axioms: [propext, Classical.choice, Quot.sound]
'CyclicBell.General.second_three_model_counterexample' depends on axioms: [propext, Classical.choice, Quot.sound]
'CyclicBell.General.first_three_model_physical_guessing_gap' depends on axioms: [propext, Classical.choice, Quot.sound]
'CyclicBell.General.second_three_model_physical_guessing_gap' depends on axioms: [propext, Classical.choice, Quot.sound]
'CyclicBell.General.optimizedFiniteScores' depends on axioms: [propext, Classical.choice, Quot.sound]
'CyclicBell.General.optimizedFiniteScore_realized' depends on axioms: [propext, Classical.choice, Quot.sound]
'CyclicBell.General.optimizedFiniteScores_bddAbove' depends on axioms: [propext, Classical.choice, Quot.sound]
'CyclicBell.General.finitePOVMValue_mem_optimized' depends on axioms: [propext, Classical.choice, Quot.sound]
'CyclicBell.General.success_le_fixedPOVMValue' depends on axioms: [propext, Classical.choice, Quot.sound]
'CyclicBell.General.finite_nested_supremum_eq' depends on axioms: [propext, Classical.choice, Quot.sound]
'CyclicBell.General.first_GvalQ_nested' depends on axioms: [propext, Classical.choice, Quot.sound]
'CyclicBell.General.second_GvalQ_nested' depends on axioms: [propext, Classical.choice, Quot.sound]
'CyclicBell.General.OneInputBehavior' depends on axioms: [propext, Classical.choice, Quot.sound]
'CyclicBell.General.oneConditional' depends on axioms: [propext, Classical.choice, Quot.sound]
'CyclicBell.General.oneConditional_nonnegative' depends on axioms: [propext, Classical.choice, Quot.sound]
'CyclicBell.General.oneConditional_normalized' depends on axioms: [propext, Classical.choice, Quot.sound]
'CyclicBell.General.zero_marginal_joint' depends on axioms: [propext, Classical.choice, Quot.sound]
'CyclicBell.General.marginal_times_conditional' depends on axioms: [propext, Classical.choice, Quot.sound]
'CyclicBell.General.dependent_product_normalization' depends on axioms: [propext, Classical.choice, Quot.sound]
'CyclicBell.General.assignmentSplit' depends on axioms: [propext, Quot.sound]
'CyclicBell.General.assignment_product_split' depends on axioms: [propext, Classical.choice, Quot.sound]
'CyclicBell.General.dependent_product_marginal' depends on axioms: [propext, Classical.choice, Quot.sound]
'CyclicBell.General.StoredAssignments' does not depend on any axioms
'CyclicBell.General.hiddenWeight' depends on axioms: [propext, Classical.choice, Quot.sound]
'CyclicBell.General.hiddenWeight_nonnegative' depends on axioms: [propext, Classical.choice, Quot.sound]
'CyclicBell.General.hiddenWeight_normalized' depends on axioms: [propext, Classical.choice, Quot.sound]
'CyclicBell.General.one_input_local' depends on axioms: [propext, Classical.choice, Quot.sound]
'CyclicBell.General.groupingProjector' depends on axioms: [propext, Classical.choice, Quot.sound]
'CyclicBell.General.grouping_positive' depends on axioms: [propext, Classical.choice, Quot.sound]
'CyclicBell.General.grouping_idempotent' depends on axioms: [propext, Classical.choice, Quot.sound]
'CyclicBell.General.grouping_orthogonal' depends on axioms: [propext, Classical.choice, Quot.sound]
'CyclicBell.General.grouping_complete' depends on axioms: [propext, Classical.choice, Quot.sound]
'CyclicBell.General.storedPurification' depends on axioms: [propext, Classical.choice, Quot.sound]
'CyclicBell.General.storedPurification_normalized' depends on axioms: [propext, Classical.choice, Quot.sound]
'CyclicBell.General.storedPurification_born' depends on axioms: [propext, Classical.choice, Quot.sound]
'CyclicBell.General.storedPurification_conditional' depends on axioms: [propext, Classical.choice, Quot.sound]
'CyclicBell.General.storedEveGuess' depends on axioms: [propext, Classical.choice, Quot.sound]
'CyclicBell.General.storedEve_complete' depends on axioms: [propext, Classical.choice, Quot.sound]
'CyclicBell.General.storedEve_success_one' depends on axioms: [propext, Classical.choice, Quot.sound]
'CyclicBell.General.one_input_pure_projective_perfect_guess' depends on axioms: [propext, Classical.choice, Quot.sound]
'CyclicBell.General.reducedE' depends on axioms: [propext, Classical.choice, Quot.sound]
'CyclicBell.General.partialE' depends on axioms: [propext, Classical.choice, Quot.sound]
'CyclicBell.General.conditionalE' depends on axioms: [propext, Classical.choice, Quot.sound]
'CyclicBell.General.effectKernelE' depends on axioms: [propext, Classical.choice, Quot.sound]
'CyclicBell.General.matrix_map_star_mul' depends on axioms: [propext, Classical.choice, Quot.sound]
'CyclicBell.General.reducedE_partialTrace' depends on axioms: [propext, Classical.choice, Quot.sound]
'CyclicBell.General.reducedE_positive' depends on axioms: [propext, Classical.choice, Quot.sound]
'CyclicBell.General.conditionalE_actual_sandwich' depends on axioms: [propext, Classical.choice, Quot.sound]
'CyclicBell.General.conditionalE_effectKernel' depends on axioms: [propext, Classical.choice, Quot.sound]
'CyclicBell.General.effectKernelE_on_state' depends on axioms: [propext, Classical.choice, Quot.sound]
'CyclicBell.General.effectKernelE_smul' depends on axioms: [propext, Classical.choice, Quot.sound]
'CyclicBell.General.privateMUB_sandwich' depends on axioms: [propext, Classical.choice, Quot.sound]
'CyclicBell.General.privateMUB_composition' depends on axioms: [propext, Classical.choice, Quot.sound]
'CyclicBell.General.fixedGuessEffect' depends on axioms: [propext, Classical.choice, Quot.sound]
'CyclicBell.General.fixedGuess_positive' depends on axioms: [propext, Classical.choice, Quot.sound]
'CyclicBell.General.fixedGuess_complete' depends on axioms: [propext, Classical.choice, Quot.sound]
'CyclicBell.General.fixedGuessSuccess' depends on axioms: [propext, Classical.choice, Quot.sound]
'CyclicBell.General.general_trivialEve_instrument' depends on axioms: [propext, Classical.choice, Quot.sound]
'CyclicBell.General.fixedGuessSuccess_eq' depends on axioms: [propext, Classical.choice, Quot.sound]
'CyclicBell.General.first_all_dimension_physical_Eve_gap' depends on axioms: [propext, Classical.choice, Quot.sound]
'CyclicBell.General.no_endpoint_modulus' depends on axioms: [propext, Classical.choice, Quot.sound]
'CyclicBell.General.recurrence_nat_product' depends on axioms: [propext, Classical.choice, Quot.sound]
'CyclicBell.General.prefix_reconstruct' depends on axioms: [propext, Classical.choice, Quot.sound]
'CyclicBell.General.canonical_prefix' depends on axioms: [propext, Classical.choice, Quot.sound]
'CyclicBell.General.first_canonical_target' depends on axioms: [propext, Classical.choice, Quot.sound]
'CyclicBell.General.second_canonical_target' depends on axioms: [propext, Classical.choice, Quot.sound]
'CyclicBell.General.low_two_permutation_flat' depends on axioms: [propext, Classical.choice, Quot.sound]
'CyclicBell.General.low_three_permutation_flat' depends on axioms: [propext, Classical.choice, Quot.sound]
'CyclicBell.General.low_dimension_orbit_uniform' depends on axioms: [propext, Classical.choice, Quot.sound]
'CyclicBell.General.first_behavior_nonuniqueness' depends on axioms: [propext, Classical.choice, Quot.sound]
'CyclicBell.General.second_behavior_nonuniqueness' depends on axioms: [propext, Classical.choice, Quot.sound]
'CyclicBell.General.eveGram' depends on axioms: [propext, Classical.choice, Quot.sound]
'CyclicBell.General.EveGramValid' depends on axioms: [propext, Classical.choice, Quot.sound]
'CyclicBell.General.eveGramPOVM' depends on axioms: [propext, Classical.choice, Quot.sound]
'CyclicBell.General.everyPOVM_has_Gram' depends on axioms: [propext, Classical.choice, Quot.sound]
'CyclicBell.General.eveGram_trace' depends on axioms: [propext, Classical.choice, Quot.sound]
'CyclicBell.General.eveGram_entry_le' depends on axioms: [propext, Classical.choice, Quot.sound]
'CyclicBell.General.EveGramBox' depends on axioms: [propext, Classical.choice, Quot.sound]
'CyclicBell.General.eveGramBox_compact' depends on axioms: [propext, Classical.choice, Quot.sound]
'CyclicBell.General.eveGramValid_box' depends on axioms: [propext, Classical.choice, Quot.sound]
'CyclicBell.General.eveGramValid_closed' depends on axioms: [propext, Classical.choice, Quot.sound]
'CyclicBell.General.eveGramValid_compact' depends on axioms: [propext, Classical.choice, Quot.sound]
'CyclicBell.General.eveGramValid_nonempty' depends on axioms: [propext, Classical.choice, Quot.sound]
'CyclicBell.General.povmObjective' depends on axioms: [propext, Classical.choice, Quot.sound]
'CyclicBell.General.eveGramObjective' depends on axioms: [propext, Classical.choice, Quot.sound]
'CyclicBell.General.eveGramObjective_continuous' depends on axioms: [propext, Classical.choice, Quot.sound]
'CyclicBell.General.finitePOVM_maximum_exists' depends on axioms: [propext, Classical.choice, Quot.sound]
'CyclicBell.General.finitePOVMValue' depends on axioms: [propext, Classical.choice, Quot.sound]
'CyclicBell.General.finitePOVMValue_attained' depends on axioms: [propext, Classical.choice, Quot.sound]
'CyclicBell.General.povmObjective_dual_bound' depends on axioms: [propext, Classical.choice, Quot.sound]
'CyclicBell.General.finitePOVMValue_of_dual_attainment' depends on axioms: [propext, Classical.choice, Quot.sound]
'CyclicBell.General.withEve' depends on axioms: [propext, Classical.choice, Quot.sound]
'CyclicBell.General.tripartiteConditionals' depends on axioms: [propext, Classical.choice, Quot.sound]
'CyclicBell.General.withEve_marginal' depends on axioms: [propext, Classical.choice, Quot.sound]
'CyclicBell.General.guessingSuccess_objective' depends on axioms: [propext, Classical.choice, Quot.sound]
'CyclicBell.General.fixed_realization_guessing_maximum' depends on axioms: [propext, Classical.choice, Quot.sound]
'CyclicBell.General.RightOneInputBehavior' depends on axioms: [propext, Classical.choice, Quot.sound]
'CyclicBell.General.reversedOneInput' depends on axioms: [propext, Classical.choice, Quot.sound]
'CyclicBell.General.rightHiddenWeight' depends on axioms: [propext, Classical.choice, Quot.sound]
'CyclicBell.General.rightHiddenWeight_nonnegative' depends on axioms: [propext, Classical.choice, Quot.sound]
'CyclicBell.General.rightHiddenWeight_normalized' depends on axioms: [propext, Classical.choice, Quot.sound]
'CyclicBell.General.right_one_input_local' depends on axioms: [propext, Classical.choice, Quot.sound]
'CyclicBell.General.right_one_input_pure_projective_perfect_guess' depends on axioms: [propext,
 Classical.choice,
 Quot.sound]
'CyclicBell.General.right_one_input_measurement_validity' depends on axioms: [propext, Classical.choice, Quot.sound]
'CyclicBell.General.linearScalar' depends on axioms: [propext, Classical.choice, Quot.sound]
'CyclicBell.General.linearOperator' depends on axioms: [propext, Classical.choice, Quot.sound]
'CyclicBell.General.linearValue' depends on axioms: [propext, Classical.choice, Quot.sound]
'CyclicBell.General.linearModulusCM' depends on axioms: [propext, Classical.choice, Quot.sound]
'CyclicBell.General.linearRootCM' depends on axioms: [propext, Classical.choice, Quot.sound]
'CyclicBell.General.linearPolarRootCM' depends on axioms: [propext, Classical.choice, Quot.sound]
'CyclicBell.General.linearGapCM' depends on axioms: [propext, Classical.choice, Quot.sound]
'CyclicBell.General.linear_factor_relations' depends on axioms: [propext, Classical.choice, Quot.sound]
'CyclicBell.General.linear_matrix_sos' depends on axioms: [propext, Classical.choice, Quot.sound]
'CyclicBell.General.linear_matrix_upper' depends on axioms: [propext, Classical.choice, Quot.sound]
'CyclicBell.General.linear_physical_upper' depends on axioms: [propext, Classical.choice, Quot.sound]
'CyclicBell.General.PermutationData' depends on axioms: [propext, Classical.choice, Quot.sound]
'CyclicBell.General.linearPermutationAlice' depends on axioms: [propext, Classical.choice, Quot.sound]
'CyclicBell.General.linearPermutationBob' depends on axioms: [propext, Classical.choice, Quot.sound]
'CyclicBell.General.linearPermutationStrategy' depends on axioms: [propext, Classical.choice, Quot.sound]
'CyclicBell.General.aligned_phase_conjugate' depends on axioms: [propext, Classical.choice, Quot.sound]
'CyclicBell.General.linear_permutation_encodings' depends on axioms: [propext, Classical.choice, Quot.sound]
'CyclicBell.General.linear_permutation_attains' depends on axioms: [propext, Classical.choice, Quot.sound]
'CyclicBell.General.linear_permutation_harmonics' depends on axioms: [propext, Classical.choice, Quot.sound]
'CyclicBell.General.conditional_permutation_theorem' depends on axioms: [propext, Classical.choice, Quot.sound]
'CyclicBell.General.phase_sin_sq_integer_shift' depends on axioms: [propext, Classical.choice, Quot.sound]
'CyclicBell.General.phase_fractional_sine_lower' depends on axioms: [propext, Classical.choice, Quot.sound]
'CyclicBell.General.standardAlpha' depends on axioms: [propext, Classical.choice, Quot.sound]
'CyclicBell.General.standardBeta' depends on axioms: [propext, Classical.choice, Quot.sound]
'CyclicBell.General.standardDelta' depends on axioms: [propext, Classical.choice, Quot.sound]
'CyclicBell.General.standardPhaseStrategy' depends on axioms: [propext, Classical.choice, Quot.sound]
'CyclicBell.General.standardPeak' depends on axioms: [propext, Classical.choice, Quot.sound]
'CyclicBell.General.anchorPeak' depends on axioms: [propext, Classical.choice, Quot.sound]
'CyclicBell.General.standard_delta_table' depends on axioms: [propext, Classical.choice, Quot.sound]
'CyclicBell.General.standard_displacement_rep' depends on axioms: [propext, Classical.choice, Quot.sound]
'CyclicBell.General.standard_denominator_positive' depends on axioms: [propext, Classical.choice, Quot.sound]
'CyclicBell.General.standard_numerator' depends on axioms: [propext, Classical.choice, Quot.sound]
'CyclicBell.General.standard_behavior_formula' depends on axioms: [propext, Classical.choice, Quot.sound]
'CyclicBell.General.standard_behavior_le_peak' depends on axioms: [propext, Classical.choice, Quot.sound]
'CyclicBell.General.standard_behavior_hits_peak' depends on axioms: [propext, Classical.choice, Quot.sound]
'CyclicBell.General.standardPeak_gt_uniform' depends on axioms: [propext, Classical.choice, Quot.sound]
'CyclicBell.General.standard_tables_nonuniform' depends on axioms: [propext, Classical.choice, Quot.sound]
'CyclicBell.General.standardJointMinEntropy' depends on axioms: [propext, Classical.choice, Quot.sound]
'CyclicBell.General.standard_peak_literal' depends on axioms: [propext, Classical.choice, Quot.sound]
'CyclicBell.General.standard_entropy_exact' depends on axioms: [propext, Classical.choice, Quot.sound]
'CyclicBell.General.standard_table_entropy_package' depends on axioms: [propext, Classical.choice, Quot.sound]
'CyclicBell.General.standard_entropy_gap_identity' depends on axioms: [propext, Classical.choice, Quot.sound]
'CyclicBell.General.phase_sine_over_argument_limit' depends on axioms: [propext, Classical.choice, Quot.sound]
'CyclicBell.General.phase_scaled_sine_limit' depends on axioms: [propext, Classical.choice, Quot.sound]
'CyclicBell.General.standard_entropy_asymptotic' depends on axioms: [propext, Classical.choice, Quot.sound]
'CyclicBell.General.offsetPhase' depends on axioms: [propext, Classical.choice, Quot.sound]
'CyclicBell.General.offsetPhase_unit' depends on axioms: [propext, Classical.choice, Quot.sound]
'CyclicBell.General.negateMeasurement' depends on axioms: [propext, Classical.choice, Quot.sound]
'CyclicBell.General.phaseAlice' depends on axioms: [propext, Classical.choice, Quot.sound]
'CyclicBell.General.phaseBob' depends on axioms: [propext, Classical.choice, Quot.sound]
'CyclicBell.General.offsetAliceVector' depends on axioms: [propext, Classical.choice, Quot.sound]
'CyclicBell.General.offsetBobVector' depends on axioms: [propext, Classical.choice, Quot.sound]
'CyclicBell.General.phasePairProbability' depends on axioms: [propext, Classical.choice, Quot.sound]
'CyclicBell.General.phaseGeometricSum' depends on axioms: [propext, Classical.choice, Quot.sound]
'CyclicBell.General.sineKernel' depends on axioms: [propext, Classical.choice, Quot.sound]
'CyclicBell.General.phase_sum_representatives' depends on axioms: [propext, Classical.choice, Quot.sound]
'CyclicBell.General.chi_product_representatives' depends on axioms: [propext, Classical.choice, Quot.sound]
'CyclicBell.General.offsetAliceVector_formula' depends on axioms: [propext, Classical.choice, Quot.sound]
'CyclicBell.General.offsetBobVector_formula' depends on axioms: [propext, Classical.choice, Quot.sound]
'CyclicBell.General.phasePair_amplitude' depends on axioms: [propext, Classical.choice, Quot.sound]
'CyclicBell.General.phasePair_from_geometric' depends on axioms: [propext, Classical.choice, Quot.sound]
'CyclicBell.General.phaseGeometric_telescoping' depends on axioms: [propext, Classical.choice, Quot.sound]
'CyclicBell.General.normSq_one_sub_cis_double' depends on axioms: [propext, Classical.choice, Quot.sound]
'CyclicBell.General.phaseGeometric_squared_identity' depends on axioms: [propext, Classical.choice, Quot.sound]
'CyclicBell.General.phasePair_sine_formula' depends on axioms: [propext, Classical.choice, Quot.sound]
'CyclicBell.General.phasePair_nonnegative' depends on axioms: [propext, Classical.choice, Quot.sound]
'CyclicBell.General.phasePair_normalized' depends on axioms: [propext, Classical.choice, Quot.sound]
'CyclicBell.General.phasePair_marginals' depends on axioms: [propext, Classical.choice, Quot.sound]
'CyclicBell.General.phasePair_equal_offsets' depends on axioms: [propext, Classical.choice, Quot.sound]
'CyclicBell.General.cis' depends on axioms: [propext, Classical.choice, Quot.sound]
'CyclicBell.General.cis_exp' depends on axioms: [propext, Classical.choice, Quot.sound]
'CyclicBell.General.cis_zero' depends on axioms: [propext, Classical.choice, Quot.sound]
'CyclicBell.General.cis_add' depends on axioms: [propext, Classical.choice, Quot.sound]
'CyclicBell.General.cis_norm' depends on axioms: [propext, Classical.choice, Quot.sound]
'CyclicBell.General.cis_normSq' depends on axioms: [propext, Classical.choice, Quot.sound]
'CyclicBell.General.cis_unit' depends on axioms: [propext, Classical.choice, Quot.sound]
'CyclicBell.General.cis_ne_zero' depends on axioms: [propext, Classical.choice, Quot.sound]
'CyclicBell.General.cis_neg' depends on axioms: [propext, Classical.choice, Quot.sound]
'CyclicBell.General.cis_sub' depends on axioms: [propext, Classical.choice, Quot.sound]
'CyclicBell.General.cis_period_int' depends on axioms: [propext, Classical.choice, Quot.sound]
'CyclicBell.General.cis_pi' depends on axioms: [propext, Classical.choice, Quot.sound]
'CyclicBell.General.cis_pow' depends on axioms: [propext, Classical.choice, Quot.sound]
'CyclicBell.General.chi_cis_int' depends on axioms: [propext, Classical.choice, Quot.sound]
'CyclicBell.General.chi_cis_val' depends on axioms: [propext, Classical.choice, Quot.sound]
'CyclicBell.General.parityDelta' depends on axioms: [propext]
'CyclicBell.General.parityDelta_cases' depends on axioms: [propext]
'CyclicBell.General.parity_shift_even' depends on axioms: [propext, Classical.choice, Quot.sound]
'CyclicBell.General.equalityBase' depends on axioms: [propext, Classical.choice, Quot.sound]
'CyclicBell.General.equalityRoot' depends on axioms: [propext, Classical.choice, Quot.sound]
'CyclicBell.General.equalityRoot_unit' depends on axioms: [propext, Classical.choice, Quot.sound]
'CyclicBell.General.equalityRoot_injective' depends on axioms: [propext, Classical.choice, Quot.sound]
'CyclicBell.General.equalityRoot_cis' depends on axioms: [propext, Classical.choice, Quot.sound]
'CyclicBell.General.phaseCut' does not depend on any axioms
'CyclicBell.General.halfRootAngle' depends on axioms: [propext, Classical.choice, Quot.sound]
'CyclicBell.General.halfRootSign' depends on axioms: [propext, Classical.choice, Quot.sound]
'CyclicBell.General.polarBase' depends on axioms: [propext, Classical.choice, Quot.sound]
'CyclicBell.General.polarPhase' depends on axioms: [propext, Classical.choice, Quot.sound]
'CyclicBell.General.parity_half_dimension' depends on axioms: [propext, Classical.choice, Quot.sound]
'CyclicBell.General.phaseCut_formula' depends on axioms: [propext, Classical.choice, Quot.sound]
'CyclicBell.General.halfRootAngle_bounds' depends on axioms: [propext, Classical.choice, Quot.sound]
'CyclicBell.General.halfRootAngle_sides' depends on axioms: [propext, Classical.choice, Quot.sound]
'CyclicBell.General.halfRoot_cos_sign' depends on axioms: [propext, Classical.choice, Quot.sound]
'CyclicBell.General.equalityRoot_halfAngle' depends on axioms: [propext, Classical.choice, Quot.sound]
'CyclicBell.General.polarBase_unit' depends on axioms: [propext, Classical.choice, Quot.sound]
'CyclicBell.General.polarPhase_unit' depends on axioms: [propext, Classical.choice, Quot.sound]
'CyclicBell.General.polarBase_factor' depends on axioms: [propext, Classical.choice, Quot.sound]
'CyclicBell.General.linear_at_root' depends on axioms: [propext, Classical.choice, Quot.sound]
'CyclicBell.General.polarPhase_factor' depends on axioms: [propext, Classical.choice, Quot.sound]
'CyclicBell.General.polarPhase_eq_quotient' depends on axioms: [propext, Classical.choice, Quot.sound]
'CyclicBell.General.polarPhase_conjugate_factor' depends on axioms: [propext, Classical.choice, Quot.sound]
'CyclicBell.General.sum_natCast_range' depends on axioms: [propext, Classical.choice, Quot.sound]
'CyclicBell.General.prod_cis_range' depends on axioms: [propext, Classical.choice, Quot.sound]
'CyclicBell.General.prod_sign_range' depends on axioms: [propext, Classical.choice, Quot.sound]
'CyclicBell.General.polarBase_product' depends on axioms: [propext, Classical.choice, Quot.sound]
'CyclicBell.General.polarPhase_product' depends on axioms: [propext, Classical.choice, Quot.sound]
'CyclicBell.General.reflectionLabel' depends on axioms: [propext, Quot.sound]
'CyclicBell.General.matrix_rank_add_le' depends on axioms: [propext, Classical.choice, Quot.sound]
'CyclicBell.General.matrix_rank_smul_le' depends on axioms: [propext, Classical.choice, Quot.sound]
'CyclicBell.General.matrix_rank_smul' depends on axioms: [propext, Classical.choice, Quot.sound]
'CyclicBell.General.relative_reflection_rank_step' depends on axioms: [propext, Classical.choice, Quot.sound]
'CyclicBell.General.relative_reflection_rank' depends on axioms: [propext, Classical.choice, Quot.sound]
'CyclicBell.General.projectionRangeEquiv' depends on axioms: [propext, Classical.choice, Quot.sound]
'CyclicBell.General.sum_supported_projection_ranks' depends on axioms: [propext, Classical.choice, Quot.sound]
'CyclicBell.General.equal_ranks_from_lower_bounds' depends on axioms: [propext, Classical.choice, Quot.sound]
'CyclicBell.General.rootFilter' depends on axioms: [propext, Classical.choice, Quot.sound]
'CyclicBell.General.rootFilter_at_root' depends on axioms: [propext, Classical.choice, Quot.sound]
'CyclicBell.General.rootProjection_filter_on_support' depends on axioms: [propext, Classical.choice, Quot.sound]
'CyclicBell.General.rootFilter_intertwines' depends on axioms: [propext, Classical.choice, Quot.sound]
'CyclicBell.General.rootProjection_preserves_support' depends on axioms: [propext, Classical.choice, Quot.sound]
'CyclicBell.General.rootProjection_sum_on_support' depends on axioms: [propext, Classical.choice, Quot.sound]
'CyclicBell.General.rootProjection_orthogonal' depends on axioms: [propext, Classical.choice, Quot.sound]
'CyclicBell.General.supportedEigenspace' depends on axioms: [propext, Classical.choice, Quot.sound]
'CyclicBell.General.finiteCalc_eigenvector' depends on axioms: [propext, Classical.choice, Quot.sound]
'CyclicBell.General.rootProjection_range_eigenspace' depends on axioms: [propext, Classical.choice, Quot.sound]
'CyclicBell.General.adjoint_intertwiner' depends on axioms: [propext, Classical.choice, Quot.sound]
'CyclicBell.General.quantum_root_rank_lower' depends on axioms: [propext, Classical.choice, Quot.sound]
'CyclicBell.General.supported_multiplicity_rigidity' depends on axioms: [propext, Classical.choice, Quot.sound]
'CyclicBell.General.supported_dimension_divisible' depends on axioms: [propext, Classical.choice, Quot.sound]
'CyclicBell.General.halfMesh' depends on axioms: [propext, Classical.choice, Quot.sound]
'CyclicBell.General.mesh' depends on axioms: [propext, Classical.choice, Quot.sound]
'CyclicBell.General.scalarMaximum' depends on axioms: [propext, Classical.choice, Quot.sound]
'CyclicBell.General.cosineGrid' depends on axioms: [propext, Classical.choice, Quot.sound]
'CyclicBell.General.scalarSum' depends on axioms: [propext, Classical.choice, Quot.sound]
'CyclicBell.General.mesh_pos' depends on axioms: [propext, Classical.choice, Quot.sound]
'CyclicBell.General.halfMesh_pos' depends on axioms: [propext, Classical.choice, Quot.sound]
'CyclicBell.General.sin_halfMesh_pos' depends on axioms: [propext, Classical.choice, Quot.sound]
'CyclicBell.General.halfMesh_eq' depends on axioms: [propext, Classical.choice, Quot.sound]
'CyclicBell.General.mesh_mul_dimension' depends on axioms: [propext, Classical.choice, Quot.sound]
'CyclicBell.General.sum_range_successor_sub' depends on axioms: [propext, Classical.choice, Quot.sound]
'CyclicBell.General.abs_cos_add_pi' depends on axioms: [propext, Classical.choice, Quot.sound]
'CyclicBell.General.cosineGrid_period' depends on axioms: [propext, Classical.choice, Quot.sound]
'CyclicBell.General.cosineGrid_nat_period' depends on axioms: [propext, Classical.choice, Quot.sound]
'CyclicBell.General.cosineGrid_int_period' depends on axioms: [propext, Classical.choice, Quot.sound]
'CyclicBell.General.centered_grid_nonnegative' depends on axioms: [propext, Classical.choice, Quot.sound]
'CyclicBell.General.centered_grid_sum' depends on axioms: [propext, Classical.choice, Quot.sound]
'CyclicBell.General.cosineGrid_sector' depends on axioms: [propext, Classical.choice, Quot.sound]
'CyclicBell.General.sectorIndex' depends on axioms: [propext, Classical.choice, Quot.sound]
'CyclicBell.General.sectorOffset' depends on axioms: [propext, Classical.choice, Quot.sound]
'CyclicBell.General.sectorOffset_bounds' depends on axioms: [propext, Classical.choice, Quot.sound]
'CyclicBell.General.cosineGrid_reduced' depends on axioms: [propext, Classical.choice, Quot.sound]
'CyclicBell.General.cis_double_plus_one' depends on axioms: [propext, Classical.choice, Quot.sound]
'CyclicBell.General.norm_one_add_cis_double' depends on axioms: [propext, Classical.choice, Quot.sound]
'CyclicBell.General.sum_representatives' depends on axioms: [propext, Classical.choice, Quot.sound]
'CyclicBell.General.scalarSum_angle' depends on axioms: [propext, Classical.choice, Quot.sound]
'CyclicBell.General.scalar_angle_bound' depends on axioms: [propext, Classical.choice, Quot.sound]
'CyclicBell.General.scalar_bound' depends on axioms: [propext, Classical.choice, Quot.sound]
'CyclicBell.General.equalityRoot_scalar_attainment' depends on axioms: [propext, Classical.choice, Quot.sound]
'CyclicBell.General.cis_re' depends on axioms: [propext, Classical.choice, Quot.sound]
'CyclicBell.General.cis_eq_one_small' depends on axioms: [propext, Classical.choice, Quot.sound]
'CyclicBell.General.parity_constant' depends on axioms: [propext, Classical.choice, Quot.sound]
'CyclicBell.General.sector_power_equation' depends on axioms: [propext, Classical.choice, Quot.sound]
'CyclicBell.General.sector_power_iff' depends on axioms: [propext, Classical.choice, Quot.sound]
'CyclicBell.General.scalar_equality_iff' depends on axioms: [propext, Classical.choice, Quot.sound]
'CyclicBell.General.equalityRoot_power' depends on axioms: [propext, Classical.choice, Quot.sound]
'CyclicBell.General.equalityRoot_no_bad_phase' depends on axioms: [propext, Classical.choice, Quot.sound]
'CyclicBell.General.secondValue' depends on axioms: [propext, Classical.choice, Quot.sound]
'CyclicBell.General.secondFourier_bobLift' depends on axioms: [propext, Classical.choice, Quot.sound]
'CyclicBell.General.second_physical_upper' depends on axioms: [propext, Classical.choice, Quot.sound]
'CyclicBell.General.second_source_sos' depends on axioms: [propext, Classical.choice, Quot.sound]
'CyclicBell.General.coefficientAngle' depends on axioms: [propext, Classical.choice, Quot.sound]
'CyclicBell.General.generalLambda' depends on axioms: [propext, Classical.choice, Quot.sound]
'CyclicBell.General.secondPrefactor' depends on axioms: [propext, Classical.choice, Quot.sound]
'CyclicBell.General.geometricRatio' depends on axioms: [propext, Classical.choice, Quot.sound]
'CyclicBell.General.polarTransform' depends on axioms: [propext, Classical.choice, Quot.sound]
'CyclicBell.General.sign_exponent_bridge' depends on axioms: [propext, Classical.choice, Quot.sound]
'CyclicBell.General.generalLambda_literal' depends on axioms: [propext, Classical.choice, Quot.sound]
'CyclicBell.General.sign_cis_bridge' depends on axioms: [propext, Classical.choice, Quot.sound]
'CyclicBell.General.secondPrefactor_norm' depends on axioms: [propext, Classical.choice, Quot.sound]
'CyclicBell.General.secondPrefactor_unit' depends on axioms: [propext, Classical.choice, Quot.sound]
'CyclicBell.General.coefficientAngle_sin_ne_zero' depends on axioms: [propext, Classical.choice, Quot.sound]
'CyclicBell.General.geometricRatio_power' depends on axioms: [propext, Classical.choice, Quot.sound]
'CyclicBell.General.geometricRatio_ne_one' depends on axioms: [propext, Classical.choice, Quot.sound]
'CyclicBell.General.geometric_sum_mul' depends on axioms: [propext, Classical.choice, Quot.sound]
'CyclicBell.General.signed_geometric_mul' depends on axioms: [propext, Classical.choice, Quot.sound]
'CyclicBell.General.polarTransform_signed_geometric' depends on axioms: [propext, Classical.choice, Quot.sound]
'CyclicBell.General.polarTransform_mul_ratio' depends on axioms: [propext, Classical.choice, Quot.sound]
'CyclicBell.General.d_lambda_prefactor' depends on axioms: [propext, Classical.choice, Quot.sound]
'CyclicBell.General.d_lambda_prefactor_mul_ratio' depends on axioms: [propext, Classical.choice, Quot.sound]
'CyclicBell.General.polarTransform_compression' depends on axioms: [propext, Classical.choice, Quot.sound]
'CyclicBell.General.generalLambda_normalization' depends on axioms: [propext, Classical.choice, Quot.sound]
'CyclicBell.General.generalLambda_ne_zero' depends on axioms: [propext, Classical.choice, Quot.sound]
'CyclicBell.General.algebraFourier' depends on axioms: [propext, Classical.choice, Quot.sound]
'CyclicBell.General.algebraFourier_energy' depends on axioms: [propext, Classical.choice, Quot.sound]
'CyclicBell.General.operatorSecond' depends on axioms: [propext, Classical.choice, Quot.sound]
'CyclicBell.General.algebraSecondResidual' depends on axioms: [propext, Classical.choice, Quot.sound]
'CyclicBell.General.algebraSecondExpansion' depends on axioms: [propext, Classical.choice, Quot.sound]
'CyclicBell.General.second_cstar_sos' depends on axioms: [propext, Classical.choice, Quot.sound]
'CyclicBell.General.second_commuting_hilbert_bound' depends on axioms: [propext, Classical.choice, Quot.sound]
'CyclicBell.General.second_augmented_commuting_hilbert_bound' depends on axioms: [propext, Classical.choice, Quot.sound]
'CyclicBell.General.AlgebraPVM' depends on axioms: [propext, Classical.choice, Quot.sound]
'CyclicBell.General.algebraEncoded' depends on axioms: [propext, Classical.choice, Quot.sound]
'CyclicBell.General.algebraPVM_mul' depends on axioms: [propext, Classical.choice, Quot.sound]
'CyclicBell.General.algebraEncoded_unitary' depends on axioms: [propext, Classical.choice, Quot.sound]
'CyclicBell.General.algebraEncoded_power' depends on axioms: [propext, Classical.choice, Quot.sound]
'CyclicBell.General.algebraEncoded_order' depends on axioms: [propext, Classical.choice, Quot.sound]
'CyclicBell.General.algebraPVM_cross_commute' depends on axioms: [propext, Classical.choice, Quot.sound]
'CyclicBell.General.first_commuting_PVM_upper' depends on axioms: [propext, Classical.choice, Quot.sound]
'CyclicBell.General.second_commuting_PVM_upper' depends on axioms: [propext, Classical.choice, Quot.sound]
'CyclicBell.General.secondFourier' depends on axioms: [propext, Classical.choice, Quot.sound]
'CyclicBell.General.fourier_character_orthogonality' depends on axioms: [propext, Classical.choice, Quot.sound]
'CyclicBell.General.secondFourier_energy' depends on axioms: [propext, Classical.choice, Quot.sound]
'CyclicBell.General.secondFourier_unitary_energy' depends on axioms: [propext, Classical.choice, Quot.sound]
'CyclicBell.General.secondReducedOperator' depends on axioms: [propext, Classical.choice, Quot.sound]
'CyclicBell.General.secondResidual' depends on axioms: [propext, Classical.choice, Quot.sound]
'CyclicBell.General.secondScalarExpansion' depends on axioms: [propext, Classical.choice, Quot.sound]
'CyclicBell.General.second_general_sos' depends on axioms: [propext, Classical.choice, Quot.sound]
'CyclicBell.General.second_general_upper' depends on axioms: [propext, Classical.choice, Quot.sound]
'CyclicBell.General.secondTwist' depends on axioms: [propext, Classical.choice, Quot.sound]
'CyclicBell.General.secondWeight' depends on axioms: [propext, Classical.choice, Quot.sound]
'CyclicBell.General.consecutive_integer_phase' depends on axioms: [propext, Classical.choice, Quot.sound]
'CyclicBell.General.secondTwist_power' depends on axioms: [propext, Classical.choice, Quot.sound]
'CyclicBell.General.secondWeight_factor' depends on axioms: [propext, Classical.choice, Quot.sound]
'CyclicBell.General.secondWeight_unit' depends on axioms: [propext, Classical.choice, Quot.sound]
'CyclicBell.General.secondWeight_product' depends on axioms: [propext, Classical.choice, Quot.sound]
'CyclicBell.General.secondAlice' depends on axioms: [propext, Classical.choice, Quot.sound]
'CyclicBell.General.secondPermutationStrategy' depends on axioms: [propext, Classical.choice, Quot.sound]
'CyclicBell.General.secondAlice_encoding' depends on axioms: [propext, Classical.choice, Quot.sound]
'CyclicBell.General.weighted_sum' depends on axioms: [propext, Classical.choice, Quot.sound]
'CyclicBell.General.polarTransform_shift' depends on axioms: [propext, Classical.choice, Quot.sound]
'CyclicBell.General.secondPermutation_compression' depends on axioms: [propext, Classical.choice, Quot.sound]
'CyclicBell.General.secondWeight_zero' depends on axioms: [propext, Classical.choice, Quot.sound]
'CyclicBell.General.secondWeight_one_conjugate' depends on axioms: [propext, Classical.choice, Quot.sound]
'CyclicBell.General.secondAlice_zero' depends on axioms: [propext, Classical.choice, Quot.sound]
'CyclicBell.General.secondAlice_one' depends on axioms: [propext, Classical.choice, Quot.sound]
'CyclicBell.General.secondPermutation_term' depends on axioms: [propext, Classical.choice, Quot.sound]
'CyclicBell.General.secondPermutation_attains' depends on axioms: [propext, Classical.choice, Quot.sound]
'CyclicBell.General.measurement_effect_eq_of_encoded_eq' depends on axioms: [propext, Classical.choice, Quot.sound]
'CyclicBell.General.second_first_target_same' depends on axioms: [propext, Classical.choice, Quot.sound]
'CyclicBell.General.secondPermutation_maximal' depends on axioms: [propext, Classical.choice, Quot.sound]
'CyclicBell.General.second_all_dimension_counterexample' depends on axioms: [propext, Classical.choice, Quot.sound]
'CyclicBell.General.sourceClock' depends on axioms: [propext, Classical.choice, Quot.sound]
'CyclicBell.General.sourceTriangular' does not depend on any axioms
'CyclicBell.General.sourceTriangular_double' depends on axioms: [propext, Quot.sound]
'CyclicBell.General.sourceCoeffBase' depends on axioms: [propext, Classical.choice, Quot.sound]
'CyclicBell.General.sourceCoeff' depends on axioms: [propext, Classical.choice, Quot.sound]
'CyclicBell.General.sourceMode' depends on axioms: [propext, Classical.choice, Quot.sound]
'CyclicBell.General.sourceBob' depends on axioms: [propext, Classical.choice, Quot.sound]
'CyclicBell.General.source_triangular_phase' depends on axioms: [propext, Classical.choice, Quot.sound]
'CyclicBell.General.sourceCoeff_literal' depends on axioms: [propext, Classical.choice, Quot.sound]
'CyclicBell.General.source_sine_positive' depends on axioms: [propext, Classical.choice, Quot.sound]
'CyclicBell.General.sourceCoeffBase_nonzero' depends on axioms: [propext, Classical.choice, Quot.sound]
'CyclicBell.General.source_coefficient_DFT' depends on axioms: [propext, Classical.choice, Quot.sound]
'CyclicBell.General.source_operator_DFT' depends on axioms: [propext, Classical.choice, Quot.sound]
'CyclicBell.General.sourceCoeffBase_zero' depends on axioms: [propext, Classical.choice, Quot.sound]
'CyclicBell.General.source_shift_order' depends on axioms: [propext, Classical.choice, Quot.sound]
'CyclicBell.General.source_clock_power' depends on axioms: [propext, Classical.choice, Quot.sound]
'CyclicBell.General.source_clock_order' depends on axioms: [propext, Classical.choice, Quot.sound]
'CyclicBell.General.source_clock_last' depends on axioms: [propext, Classical.choice, Quot.sound]
'CyclicBell.General.sourceMode_zero' depends on axioms: [propext, Classical.choice, Quot.sound]
'CyclicBell.General.source_neg_one_val' depends on axioms: [propext, Quot.sound]
'CyclicBell.General.sourceMode_last' depends on axioms: [propext, Classical.choice, Quot.sound]
'CyclicBell.General.sourceCoeffBase_last' depends on axioms: [propext, Classical.choice, Quot.sound]
'CyclicBell.General.source_fourier_zero' depends on axioms: [propext, Classical.choice, Quot.sound]
'CyclicBell.General.source_fourier_one' depends on axioms: [propext, Classical.choice, Quot.sound]
'CyclicBell.General.source_qutrit_coefficients' depends on axioms: [propext, Classical.choice, Quot.sound]
'CyclicBell.General.source_qutrit_operator' depends on axioms: [propext, Classical.choice, Quot.sound]
'CyclicBell.General.matrixRange' depends on axioms: [propext, Classical.choice, Quot.sound]
'CyclicBell.General.frobeniusSq' depends on axioms: [propext, Classical.choice, Quot.sound]
'CyclicBell.General.frobeniusSq_nonnegative' depends on axioms: [propext, Classical.choice, Quot.sound]
'CyclicBell.General.frobeniusSq_eq_zero' depends on axioms: [propext, Classical.choice, Quot.sound]
'CyclicBell.General.trace_gram_frobenius' depends on axioms: [propext, Classical.choice, Quot.sound]
'CyclicBell.General.matrixRange_mul_le' depends on axioms: [propext, Classical.choice, Quot.sound]
'CyclicBell.General.matrixRange_gram' depends on axioms: [propext, Classical.choice, Quot.sound]
'CyclicBell.General.support_cancellation' depends on axioms: [propext, Classical.choice, Quot.sound]
'CyclicBell.General.range_intertwiner' depends on axioms: [propext, Classical.choice, Quot.sound]
'CyclicBell.General.unitary_transpose' depends on axioms: [propext, Classical.choice, Quot.sound]
'CyclicBell.General.stateFactor' depends on axioms: [propext, Classical.choice, Quot.sound]
'CyclicBell.General.stateFactor_gram' depends on axioms: [propext, Classical.choice, Quot.sound]
'CyclicBell.General.stateFactor_normalized' depends on axioms: [propext, Classical.choice, Quot.sound]
'CyclicBell.General.state_square_frobenius' depends on axioms: [propext, Classical.choice, Quot.sound]
'CyclicBell.General.state_square_zero_iff' depends on axioms: [propext, Classical.choice, Quot.sound]
'CyclicBell.General.finite_positive_sum_zero' depends on axioms: [propext, Classical.choice, Quot.sound]
'CyclicBell.General.aliceAmplitude' depends on axioms: [propext, Classical.choice, Quot.sound]
'CyclicBell.General.bobRight' depends on axioms: [propext, Classical.choice, Quot.sound]
'CyclicBell.General.partialTraceBob' depends on axioms: [propext, Classical.choice, Quot.sound]
'CyclicBell.General.amplitude_reduced' depends on axioms: [propext, Classical.choice, Quot.sound]
'CyclicBell.General.amplitude_left' depends on axioms: [propext, Classical.choice, Quot.sound]
'CyclicBell.General.amplitude_right' depends on axioms: [propext, Classical.choice, Quot.sound]
'CyclicBell.General.amplitude_tensor' depends on axioms: [propext, Classical.choice, Quot.sound]
'CyclicBell.General.amplitude_add' depends on axioms: [propext, Classical.choice, Quot.sound]
'CyclicBell.General.amplitude_sub' depends on axioms: [propext, Classical.choice, Quot.sound]
'CyclicBell.General.amplitude_zero' depends on axioms: [propext, Classical.choice, Quot.sound]
'CyclicBell.General.amplitude_injective' depends on axioms: [propext, Classical.choice, Quot.sound]
'CyclicBell.General.bobRight_unitary' depends on axioms: [propext, Classical.choice, Quot.sound]
'CyclicBell.General.kron_pow' depends on axioms: [propext, Classical.choice, Quot.sound]
'CyclicBell.General.bobRight_order' depends on axioms: [propext, Classical.choice, Quot.sound]
'CyclicBell.General.aliceSupport' depends on axioms: [propext, Classical.choice, Quot.sound]
'CyclicBell.General.aliceSupport_amplitude' depends on axioms: [propext, Classical.choice, Quot.sound]
'CyclicBell.General.aliceSupport_nonzero' depends on axioms: [propext, Classical.choice, Quot.sound]
'CyclicBell.General.preservesRange' depends on axioms: [propext, Classical.choice, Quot.sound]
'CyclicBell.General.restrictMatrix' depends on axioms: [propext, Classical.choice, Quot.sound]
'CyclicBell.General.preserves_of_intertwiner' depends on axioms: [propext, Classical.choice, Quot.sound]
'CyclicBell.General.supported_kernel_cancel' depends on axioms: [propext, Classical.choice, Quot.sound]
'CyclicBell.General.localH' depends on axioms: [propext, Classical.choice, Quot.sound]
'CyclicBell.General.localK' depends on axioms: [propext, Classical.choice, Quot.sound]
'CyclicBell.General.localD' depends on axioms: [propext, Classical.choice, Quot.sound]
'CyclicBell.General.localG' depends on axioms: [propext, Classical.choice, Quot.sound]
'CyclicBell.General.localH_square' depends on axioms: [propext, Classical.choice, Quot.sound]
'CyclicBell.General.localK_square' depends on axioms: [propext, Classical.choice, Quot.sound]
'CyclicBell.General.localHK_cross' depends on axioms: [propext, Classical.choice, Quot.sound]
'CyclicBell.General.localG_square' depends on axioms: [propext, Classical.choice, Quot.sound]
'CyclicBell.General.firstLocalOperator' depends on axioms: [propext, Classical.choice, Quot.sound]
'CyclicBell.General.firstLocalResidual' depends on axioms: [propext, Classical.choice, Quot.sound]
'CyclicBell.General.first_local_sos' depends on axioms: [propext, Classical.choice, Quot.sound]
'CyclicBell.General.firstValue_operator' depends on axioms: [propext, Classical.choice, Quot.sound]
'CyclicBell.General.first_saturation_equations' depends on axioms: [propext, Classical.choice, Quot.sound]
'CyclicBell.General.equalitySupport' depends on axioms: [propext, Classical.choice, Quot.sound]
'CyclicBell.General.supportedPhase' depends on axioms: [propext, Classical.choice, Quot.sound]
'CyclicBell.General.rootProjection' depends on axioms: [propext, Classical.choice, Quot.sound]
'CyclicBell.General.scalarGap_zero_root' depends on axioms: [propext, Classical.choice, Quot.sound]
'CyclicBell.General.equalitySupport_from_gap' depends on axioms: [propext, Classical.choice, Quot.sound]
'CyclicBell.General.equality_supported_action' depends on axioms: [propext, Classical.choice, Quot.sound]
'CyclicBell.General.equality_power_on_support' depends on axioms: [propext, Classical.choice, Quot.sound]
'CyclicBell.General.halfRoot_times_phase' depends on axioms: [propext, Classical.choice, Quot.sound]
'CyclicBell.General.localH_phase' depends on axioms: [propext, Classical.choice, Quot.sound]
'CyclicBell.General.supportedHalfInverse' depends on axioms: [propext, Classical.choice, Quot.sound]
'CyclicBell.General.supportedHalfInverse_cancel' depends on axioms: [propext, Classical.choice, Quot.sound]
'CyclicBell.General.phase_square_on_support' depends on axioms: [propext, Classical.choice, Quot.sound]
'CyclicBell.General.phase_isometry_on_support' depends on axioms: [propext, Classical.choice, Quot.sound]
'CyclicBell.General.polar_cancel_on_support' depends on axioms: [propext, Classical.choice, Quot.sound]
'CyclicBell.General.matrix_intertwiner_pow' depends on axioms: [propext, Classical.choice, Quot.sound]
'CyclicBell.General.quantum_supported_routing' depends on axioms: [propext, Classical.choice, Quot.sound]
'CyclicBell.General.supported_adjacent_reflection' depends on axioms: [propext, Classical.choice, Quot.sound]
'CyclicBell.General.finalSwap' depends on axioms: [propext, Quot.sound]
'CyclicBell.General.swappedWeight' depends on axioms: [propext, Classical.choice, Quot.sound]
'CyclicBell.General.swappedPhase' depends on axioms: [propext, Classical.choice, Quot.sound]
'CyclicBell.General.negative_representative' depends on axioms: [propext, Quot.sound]
'CyclicBell.General.finalSwap_representatives' depends on axioms: [propext, Quot.sound]
'CyclicBell.General.finalSwap_away' depends on axioms: [propext, Quot.sound]
'CyclicBell.General.swappedWeight_unit' depends on axioms: [propext, Classical.choice, Quot.sound]
'CyclicBell.General.swappedWeight_product' depends on axioms: [propext, Classical.choice, Quot.sound]
'CyclicBell.General.swappedPhase_unit' depends on axioms: [propext, Classical.choice, Quot.sound]
'CyclicBell.General.swappedPhase_recurrence' depends on axioms: [propext, Classical.choice, Quot.sound]
'CyclicBell.General.swap_adjacent_sum' depends on axioms: [propext, Classical.choice, Quot.sound]
'CyclicBell.General.swapped_R2' depends on axioms: [propext, Classical.choice, Quot.sound]
'CyclicBell.General.swapped_R2_ne_zero' depends on axioms: [propext, Classical.choice, Quot.sound]
'CyclicBell.General.swapped_target_encoding' depends on axioms: [propext, Classical.choice, Quot.sound]
'CyclicBell.General.swappedTarget' depends on axioms: [propext, Classical.choice, Quot.sound]
'CyclicBell.General.swappedTarget_fourier' depends on axioms: [propext, Classical.choice, Quot.sound]
'CyclicBell.General.swappedTarget_nonnegative' depends on axioms: [propext, Classical.choice, Quot.sound]
'CyclicBell.General.swappedTarget_marginals' depends on axioms: [propext, Classical.choice, Quot.sound]
'CyclicBell.General.swappedTarget_normalized' depends on axioms: [propext, Classical.choice, Quot.sound]
'CyclicBell.General.swappedTarget_not_uniform' depends on axioms: [propext, Classical.choice, Quot.sound]
'CyclicBell.General.exists_above_uniform' depends on axioms: [propext, Classical.choice, Quot.sound]
'CyclicBell.General.swappedTarget_guessing_gap' depends on axioms: [propext, Classical.choice, Quot.sound]
'CyclicBell.General.all_dimension_physical_nonuniformity' depends on axioms: [propext, Classical.choice, Quot.sound]
'CyclicBell.General.GuessPOVM' depends on axioms: [propext, Classical.choice, Quot.sound]
'CyclicBell.General.TripartiteOn' depends on axioms: [propext, Classical.choice, Quot.sound]
'CyclicBell.General.advKron_positive' depends on axioms: [propext, Classical.choice, Quot.sound]
'CyclicBell.General.advKron_trace' depends on axioms: [propext, Classical.choice, Quot.sound]
'CyclicBell.General.advStateEval_positive' depends on axioms: [propext, Classical.choice, Quot.sound]
'CyclicBell.General.tripartiteBehavior' depends on axioms: [propext, Classical.choice, Quot.sound]
'CyclicBell.General.tripartiteBehavior_nonnegative' depends on axioms: [propext, Classical.choice, Quot.sound]
'CyclicBell.General.tripartiteBehavior_marginal' depends on axioms: [propext, Classical.choice, Quot.sound]
'CyclicBell.General.tripartiteBehavior_normalized' depends on axioms: [propext, Classical.choice, Quot.sound]
'CyclicBell.General.mixedConditionalE' depends on axioms: [propext, Classical.choice, Quot.sound]
'CyclicBell.General.partialE_pairing' depends on axioms: [propext, Classical.choice, Quot.sound]
'CyclicBell.General.mixedConditionalE_Born' depends on axioms: [propext, Classical.choice, Quot.sound]
'CyclicBell.General.tripartiteBehavior_instrument' depends on axioms: [propext, Classical.choice, Quot.sound]
'CyclicBell.General.scalarGuessPOVM' depends on axioms: [propext, Classical.choice, Quot.sound]
'CyclicBell.General.trivialTripartite' depends on axioms: [propext, Classical.choice, Quot.sound]
'CyclicBell.General.trivialTripartite_behavior' depends on axioms: [propext, Classical.choice, Quot.sound]
'CyclicBell.General.trivialTripartite_marginal' depends on axioms: [propext, Classical.choice, Quot.sound]
'CyclicBell.General.trivialTripartite_success' depends on axioms: [propext, Classical.choice, Quot.sound]
'CyclicBell.General.invSqrtDim' depends on axioms: [propext, Classical.choice, Quot.sound]
'CyclicBell.General.invSqrtDim_pos' depends on axioms: [propext, Classical.choice, Quot.sound]
'CyclicBell.General.invSqrtDim_sq' depends on axioms: [propext, Classical.choice, Quot.sound]
'CyclicBell.General.invSqrtDim_complex_sq' depends on axioms: [propext, Classical.choice, Quot.sound]
'CyclicBell.General.maximallyEntangled' depends on axioms: [propext, Classical.choice, Quot.sound]
'CyclicBell.General.fourierVector' depends on axioms: [propext, Classical.choice, Quot.sound]
'CyclicBell.General.phasedVector' depends on axioms: [propext, Classical.choice, Quot.sound]
'CyclicBell.General.weightedCycle' depends on axioms: [propext, Classical.choice, Quot.sound]
'CyclicBell.General.cyclicShift' depends on axioms: [propext, Classical.choice, Quot.sound]
'CyclicBell.General.entryConjugate' depends on axioms: [propext, Classical.choice, Quot.sound]
'CyclicBell.General.maximallyEntangled_normalized' depends on axioms: [propext, Classical.choice, Quot.sound]
'CyclicBell.General.entangledState' depends on axioms: [propext, Classical.choice, Quot.sound]
'CyclicBell.General.fourierVector_orthonormal' depends on axioms: [propext, Classical.choice, Quot.sound]
'CyclicBell.General.fourierVector_complete' depends on axioms: [propext, Classical.choice, Quot.sound]
'CyclicBell.General.phase_orthonormal' depends on axioms: [propext, Classical.choice, Quot.sound]
'CyclicBell.General.phase_complete' depends on axioms: [propext, Classical.choice, Quot.sound]
'CyclicBell.General.phaseMeasurement' depends on axioms: [propext, Classical.choice, Quot.sound]
'CyclicBell.General.fourierMeasurement' depends on axioms: [propext, Classical.choice, Quot.sound]
'CyclicBell.General.phase_encoded_entry' depends on axioms: [propext, Classical.choice, Quot.sound]
'CyclicBell.General.phaseMeasurement_encoding' depends on axioms: [propext, Classical.choice, Quot.sound]
'CyclicBell.General.fourierMeasurement_encoding' depends on axioms: [propext, Classical.choice, Quot.sound]
'CyclicBell.General.basis_eigenvector' depends on axioms: [propext, Classical.choice, Quot.sound]
'CyclicBell.General.basis_vector_nonzero' depends on axioms: [propext, Classical.choice, Quot.sound]
'CyclicBell.General.phi_apply' depends on axioms: [propext, Classical.choice, Quot.sound]
'CyclicBell.General.phi_trace' depends on axioms: [propext, Classical.choice, Quot.sound]
'CyclicBell.General.target_amplitude' depends on axioms: [propext, Classical.choice, Quot.sound]
'CyclicBell.General.target_born_table' depends on axioms: [propext, Classical.choice, Quot.sound]
'CyclicBell.General.target_distribution_package' depends on axioms: [propext, Classical.choice, Quot.sound]
'CyclicBell.General.prod_representatives' depends on axioms: [propext, Classical.choice, Quot.sound]
'CyclicBell.General.prefix' depends on axioms: [propext, Classical.choice, Quot.sound]
'CyclicBell.General.phase_prod_unit' depends on axioms: [propext, Classical.choice, Quot.sound]
'CyclicBell.General.prefix_unit' depends on axioms: [propext, Classical.choice, Quot.sound]
'CyclicBell.General.prefix_zero' depends on axioms: [propext, Classical.choice, Quot.sound]
'CyclicBell.General.successor_val' depends on axioms: [propext, Quot.sound]
'CyclicBell.General.prefix_recurrence' depends on axioms: [propext, Classical.choice, Quot.sound]
'CyclicBell.General.cycleMeasurement' depends on axioms: [propext, Classical.choice, Quot.sound]
'CyclicBell.General.cycleMeasurement_encoding' depends on axioms: [propext, Classical.choice, Quot.sound]
'CyclicBell.General.weighted_order' depends on axioms: [propext, Classical.choice, Quot.sound]
'CyclicBell.General.weighted_unitary' depends on axioms: [propext, Classical.choice, Quot.sound]
'CyclicBell.General.weighted_eigenbasis' depends on axioms: [propext, Classical.choice, Quot.sound]
'CyclicBell.General.weighted_measurement_package' depends on axioms: [propext, Classical.choice, Quot.sound]
'CyclicBell.behavior' depends on axioms: [propext, Classical.choice, Quot.sound]
'CyclicBell.targetDistribution' depends on axioms: [propext, Classical.choice, Quot.sound]
'CyclicBell.trivialEveEffect' depends on axioms: [propext, Classical.choice, Quot.sound]
'CyclicBell.trivialConditional' depends on axioms: [propext, Classical.choice, Quot.sound]
'CyclicBell.trivialEveSuccess' depends on axioms: [propext, Classical.choice, Quot.sound]
'CyclicBell.trivialEve_positive' depends on axioms: [propext, Classical.choice, Quot.sound]
'CyclicBell.trivialEve_complete' depends on axioms: [propext, Classical.choice, Quot.sound]
'CyclicBell.trivialConditional_trace' depends on axioms: [propext, Classical.choice, Quot.sound]
'CyclicBell.trivialConditional_positive' depends on axioms: [propext, Classical.choice, Quot.sound]
'CyclicBell.trivialEve_success_eq' depends on axioms: [propext, Classical.choice, Quot.sound]
'CyclicBell.trivialConditional_total' depends on axioms: [propext, Classical.choice, Quot.sound]
'CyclicBell.adjoinTrivialEve' depends on axioms: [propext, Classical.choice, Quot.sound]
'CyclicBell.partialTraceToTrivialEve' depends on axioms: [propext, Classical.choice, Quot.sound]
'CyclicBell.actualTrivialConditional' depends on axioms: [propext, Classical.choice, Quot.sound]
'CyclicBell.adjoinTrivialEve_projector' depends on axioms: [propext, Classical.choice, Quot.sound]
'CyclicBell.adjoinTrivialEve_mul' depends on axioms: [propext, Classical.choice, Quot.sound]
'CyclicBell.adjoinTrivialEve_adjoint' depends on axioms: [propext, Classical.choice, Quot.sound]
'CyclicBell.adjoinTrivialEve_positive' depends on axioms: [propext, Classical.choice, Quot.sound]
'CyclicBell.adjoinTrivialEve_trace' depends on axioms: [propext, Classical.choice, Quot.sound]
'CyclicBell.partialTrace_adjoin' depends on axioms: [propext, Classical.choice, Quot.sound]
'CyclicBell.actualTrivialConditional_eq' depends on axioms: [propext, Classical.choice, Quot.sound]
'CyclicBell.pvm_trivialEve_Born_bridge' depends on axioms: [propext, Classical.choice, Quot.sound]
'CyclicBell.Mat' depends on axioms: [propext, Classical.choice, Quot.sound]
'CyclicBell.star_real' depends on axioms: [propext, Classical.choice, Quot.sound]
'CyclicBell.UnitaryRel' depends on axioms: [propext, Classical.choice, Quot.sound]
'CyclicBell.UnitaryRel.one' depends on axioms: [propext, Classical.choice, Quot.sound]
'CyclicBell.UnitaryRel.adjoint' depends on axioms: [propext, Classical.choice, Quot.sound]
'CyclicBell.UnitaryRel.mul' depends on axioms: [propext, Classical.choice, Quot.sound]
'CyclicBell.UnitaryRel.pow' depends on axioms: [propext, Classical.choice, Quot.sound]
'CyclicBell.UnitaryRel.cancel_left' depends on axioms: [propext, Classical.choice, Quot.sound]
'CyclicBell.UnitaryRel.cancel_right' depends on axioms: [propext, Classical.choice, Quot.sound]
'CyclicBell.UnitaryRel.scalar' depends on axioms: [propext, Classical.choice, Quot.sound]
'CyclicBell.UnitaryRel.commute_adjoint_right' depends on axioms: [propext, Classical.choice, Quot.sound]
'CyclicBell.herm' depends on axioms: [propext, Classical.choice, Quot.sound]
'CyclicBell.stateEval' depends on axioms: [propext, Classical.choice, Quot.sound]
'CyclicBell.stateEval_add' depends on axioms: [propext, Classical.choice, Quot.sound]
'CyclicBell.stateEval_sub' depends on axioms: [propext, Classical.choice, Quot.sound]
'CyclicBell.stateEval_zero' depends on axioms: [propext, Classical.choice, Quot.sound]
'CyclicBell.stateEval_real_smul' depends on axioms: [propext, Classical.choice, Quot.sound]
'CyclicBell.stateEval_sum' depends on axioms: [propext, Classical.choice, Quot.sound]
'CyclicBell.stateEval_adjoint' depends on axioms: [propext, Classical.choice, Quot.sound]
'CyclicBell.stateEval_herm' depends on axioms: [propext, Classical.choice, Quot.sound]
'CyclicBell.posSemidef_trace_re_nonnegative' depends on axioms: [propext, Classical.choice, Quot.sound]
'CyclicBell.stateEval_square_nonnegative' depends on axioms: [propext, Classical.choice, Quot.sound]
'CyclicBell.stateEval_one' depends on axioms: [propext, Classical.choice, Quot.sound]
'CyclicBell.aligned_gap_identity' depends on axioms: [propext, Classical.choice, Quot.sound]
'CyclicBell.aligned_upper' depends on axioms: [propext, Classical.choice, Quot.sound]
'CyclicBell.tensor_add_left' depends on axioms: [propext, Classical.choice, Quot.sound]
'CyclicBell.tensor_add_right' depends on axioms: [propext, Classical.choice, Quot.sound]
'CyclicBell.tensor_smul_left' depends on axioms: [propext, Classical.choice, Quot.sound]
'CyclicBell.tensor_smul_right' depends on axioms: [propext, Classical.choice, Quot.sound]
'CyclicBell.tensor_mul' depends on axioms: [propext, Classical.choice, Quot.sound]
'CyclicBell.tensor_adjoint' depends on axioms: [propext, Classical.choice, Quot.sound]
'CyclicBell.tensor_one' depends on axioms: [propext, Classical.choice, Quot.sound]
'CyclicBell.tensor_unitary' depends on axioms: [propext, Classical.choice, Quot.sound]
'CyclicBell.liftAlice' depends on axioms: [propext, Classical.choice, Quot.sound]
'CyclicBell.liftBob' depends on axioms: [propext, Classical.choice, Quot.sound]
'CyclicBell.liftAlice_mul_liftBob' depends on axioms: [propext, Classical.choice, Quot.sound]
'CyclicBell.liftBob_mul_liftAlice' depends on axioms: [propext, Classical.choice, Quot.sound]
'CyclicBell.tensor_cross_commute' depends on axioms: [propext, Classical.choice, Quot.sound]
'CyclicBell.spectralSum' depends on axioms: [propext, Classical.choice, Quot.sound]
'CyclicBell.effect_mul' depends on axioms: [propext, Classical.choice, Quot.sound]
'CyclicBell.spectralSum_one' depends on axioms: [propext, Classical.choice, Quot.sound]
'CyclicBell.spectralSum_mul' depends on axioms: [propext, Classical.choice, Quot.sound]
'CyclicBell.spectralSum_adjoint' depends on axioms: [propext, Classical.choice, Quot.sound]
'CyclicBell.observable_unitary' depends on axioms: [propext, Classical.choice, Quot.sound]
'CyclicBell.observable_power' depends on axioms: [propext, Classical.choice, Quot.sound]
'CyclicBell.observable_fourth_power' depends on axioms: [propext, Classical.choice, Quot.sound]
'CyclicBell.Vec' depends on axioms: [propext, Classical.choice, Quot.sound]
'CyclicBell.Op' depends on axioms: [propext, Classical.choice, Quot.sound]
'CyclicBell.Joint' does not depend on any axioms
'CyclicBell.JointOp' depends on axioms: [propext, Classical.choice, Quot.sound]
'CyclicBell.ip' depends on axioms: [propext, Classical.choice, Quot.sound]
'CyclicBell.applyOp' depends on axioms: [propext, Classical.choice, Quot.sound]
'CyclicBell.expectation' depends on axioms: [propext, Classical.choice, Quot.sound]
'CyclicBell.projector' depends on axioms: [propext, Classical.choice, Quot.sound]
'CyclicBell.tensor' depends on axioms: [propext, Classical.choice, Quot.sound]
'CyclicBell.tensorVec' depends on axioms: [propext, Classical.choice, Quot.sound]
'CyclicBell.State' depends on axioms: [propext, Classical.choice, Quot.sound]
'CyclicBell.PVM' depends on axioms: [propext, Classical.choice, Quot.sound]
'CyclicBell.observable' depends on axioms: [propext, Classical.choice, Quot.sound]
'CyclicBell.Strategy' depends on axioms: [propext, Classical.choice, Quot.sound]
'CyclicBell.born' depends on axioms: [propext, Classical.choice, Quot.sound]
'CyclicBell.pureBorn' depends on axioms: [propext, Classical.choice, Quot.sound]
'CyclicBell.fixedGuessSuccess' depends on axioms: [propext, Classical.choice, Quot.sound]
'CyclicBell.ip_star' depends on axioms: [propext, Classical.choice, Quot.sound]
'CyclicBell.ip_mul_right' depends on axioms: [propext, Classical.choice, Quot.sound]
'CyclicBell.projector_apply' depends on axioms: [propext, Classical.choice, Quot.sound]
'CyclicBell.expectation_projector' depends on axioms: [propext, Classical.choice, Quot.sound]
'CyclicBell.tensor_projectors' depends on axioms: [propext, Classical.choice, Quot.sound]
'CyclicBell.pureBorn_projectors' depends on axioms: [propext, Classical.choice, Quot.sound]
'CyclicBell.expectation_eq_trace' depends on axioms: [propext, Classical.choice, Quot.sound]
'CyclicBell.pureBorn_eq_born' depends on axioms: [propext, Classical.choice, Quot.sound]
'CyclicBell.projector_positive' depends on axioms: [propext, Classical.choice, Quot.sound]
'CyclicBell.projector_mul' depends on axioms: [propext, Classical.choice, Quot.sound]
'CyclicBell.pvmOfBasis' depends on axioms: [propext, Classical.choice, Quot.sound]
'CyclicBell.stateOfPure' depends on axioms: [propext, Classical.choice, Quot.sound]
'CyclicBell.D4.old_weights_phase_bridge' depends on axioms: [propext, Classical.choice, Quot.sound]
'CyclicBell.D4.old_q_phase_bridge' depends on axioms: [propext, Classical.choice, Quot.sound]
'CyclicBell.firstA₀' depends on axioms: [propext, Classical.choice, Quot.sound]
'CyclicBell.firstA₁' depends on axioms: [propext, Classical.choice, Quot.sound]
'CyclicBell.firstU' depends on axioms: [propext, Classical.choice, Quot.sound]
'CyclicBell.firstB' depends on axioms: [propext, Classical.choice, Quot.sound]
'CyclicBell.firstBstar' depends on axioms: [propext, Classical.choice, Quot.sound]
'CyclicBell.firstA₀_unitary' depends on axioms: [propext, Classical.choice, Quot.sound]
'CyclicBell.firstA₁_unitary' depends on axioms: [propext, Classical.choice, Quot.sound]
'CyclicBell.firstU_unitary' depends on axioms: [propext, Classical.choice, Quot.sound]
'CyclicBell.firstB_unitary' depends on axioms: [propext, Classical.choice, Quot.sound]
'CyclicBell.firstBstar_unitary' depends on axioms: [propext, Classical.choice, Quot.sound]
'CyclicBell.first_cross_commutation' depends on axioms: [propext, Classical.choice, Quot.sound]
'CyclicBell.first_raw_term_bridge' depends on axioms: [propext, Classical.choice, Quot.sound]
'CyclicBell.first_reduced_value_bridge' depends on axioms: [propext, Classical.choice, Quot.sound]
'CyclicBell.first_augmented_value_bridge' depends on axioms: [propext, Classical.choice, Quot.sound]
'CyclicBell.first_physical_sos' depends on axioms: [propext, Classical.choice, Quot.sound]
'CyclicBell.first_universal_upper' depends on axioms: [propext, Classical.choice, Quot.sound]
'CyclicBell.first_upper_bound' depends on axioms: [propext, Classical.choice, Quot.sound]
'CyclicBell.secondA' depends on axioms: [propext, Classical.choice, Quot.sound]
'CyclicBell.secondB' depends on axioms: [propext, Classical.choice, Quot.sound]
'CyclicBell.secondBstar' depends on axioms: [propext, Classical.choice, Quot.sound]
'CyclicBell.secondA_unitary' depends on axioms: [propext, Classical.choice, Quot.sound]
'CyclicBell.secondB_unitary' depends on axioms: [propext, Classical.choice, Quot.sound]
'CyclicBell.secondBstar_unitary' depends on axioms: [propext, Classical.choice, Quot.sound]
'CyclicBell.second_fourier_lift' depends on axioms: [propext, Classical.choice, Quot.sound]
'CyclicBell.second_reduced_value_bridge' depends on axioms: [propext, Classical.choice, Quot.sound]
'CyclicBell.second_augmented_value_bridge' depends on axioms: [propext, Classical.choice, Quot.sound]
'CyclicBell.second_physical_sos' depends on axioms: [propext, Classical.choice, Quot.sound]
'CyclicBell.second_universal_upper' depends on axioms: [propext, Classical.choice, Quot.sound]
'CyclicBell.second_upper_bound' depends on axioms: [propext, Classical.choice, Quot.sound]
'CyclicBell.D4.canonicalQ' depends on axioms: [propext, Classical.choice, Quot.sound]
'CyclicBell.D4.canonicalQ_unit' depends on axioms: [propext, Classical.choice, Quot.sound]
'CyclicBell.D4.canonicalTargetPVM' depends on axioms: [propext, Classical.choice, Quot.sound]
'CyclicBell.D4.canonicalTargetBorn' depends on axioms: [propext, Classical.choice, Quot.sound]
'CyclicBell.D4.canonical_target_uniform' depends on axioms: [propext, Classical.choice, Quot.sound]
'CyclicBell.D4.altered_witness_changes_target' depends on axioms: [propext, Classical.choice, Quot.sound]
'CyclicBell.D4.swapped_q_is_not_canonical' depends on axioms: [propext, Classical.choice, Quot.sound]
'CyclicBell.D4.bob_conjugation_is_essential' depends on axioms: [propext, Classical.choice, Quot.sound]
'CyclicBell.D4.bob_adjoint_is_wrong' depends on axioms: [propext, Classical.choice, Quot.sound]
'CyclicBell.D4.first_target_positive' depends on axioms: [propext, Classical.choice, Quot.sound]
'CyclicBell.D4.extra_factor_four_is_wrong' depends on axioms: [propext, Classical.choice, Quot.sound]
'CyclicBell.D4.h' depends on axioms: [propext, Classical.choice, Quot.sound]
'CyclicBell.D4.h_sq' depends on axioms: [propext, Classical.choice, Quot.sound]
'CyclicBell.D4.k' depends on axioms: [propext, Classical.choice, Quot.sound]
'CyclicBell.D4.s' depends on axioms: [propext, Classical.choice, Quot.sound]
'CyclicBell.D4.c' depends on axioms: [propext, Classical.choice, Quot.sound]
'CyclicBell.D4.zeta' depends on axioms: [propext, Classical.choice, Quot.sound]
'CyclicBell.D4.h_eq_k' depends on axioms: [propext, Classical.choice, Quot.sound]
'CyclicBell.D4.alpha' depends on axioms: [propext, Classical.choice, Quot.sound]
'CyclicBell.D4.beta' depends on axioms: [propext, Classical.choice, Quot.sound]
'CyclicBell.D4.k_sq' depends on axioms: [propext, Classical.choice, Quot.sound]
'CyclicBell.D4.k_nonneg' depends on axioms: [propext, Classical.choice, Quot.sound]
'CyclicBell.D4.k_pos' depends on axioms: [propext, Classical.choice, Quot.sound]
'CyclicBell.D4.k_lt_two' depends on axioms: [propext, Classical.choice, Quot.sound]
'CyclicBell.D4.s_pos' depends on axioms: [propext, Classical.choice, Quot.sound]
'CyclicBell.D4.c_pos' depends on axioms: [propext, Classical.choice, Quot.sound]
'CyclicBell.D4.s_sq' depends on axioms: [propext, Classical.choice, Quot.sound]
'CyclicBell.D4.c_sq' depends on axioms: [propext, Classical.choice, Quot.sound]
'CyclicBell.D4.sc_product' depends on axioms: [propext, Classical.choice, Quot.sound]
'CyclicBell.D4.c_eq' depends on axioms: [propext, Classical.choice, Quot.sound]
'CyclicBell.D4.alpha_times_s' depends on axioms: [propext, Classical.choice, Quot.sound]
'CyclicBell.D4.beta_times_c' depends on axioms: [propext, Classical.choice, Quot.sound]
'CyclicBell.D4.alpha_source' depends on axioms: [propext, Classical.choice, Quot.sound]
'CyclicBell.D4.beta_source' depends on axioms: [propext, Classical.choice, Quot.sound]
'CyclicBell.D4.alpha_sq' depends on axioms: [propext, Classical.choice, Quot.sound]
'CyclicBell.D4.beta_sq' depends on axioms: [propext, Classical.choice, Quot.sound]
'CyclicBell.D4.alpha_beta' depends on axioms: [propext, Classical.choice, Quot.sound]
'CyclicBell.D4.alpha_in_s' depends on axioms: [propext, Classical.choice, Quot.sound]
'CyclicBell.D4.beta_in_s' depends on axioms: [propext, Classical.choice, Quot.sound]
'CyclicBell.D4.s_quadratic_certificate' depends on axioms: [propext, Classical.choice, Quot.sound]
'CyclicBell.D4.first_constant_bridge' depends on axioms: [propext, Classical.choice, Quot.sound]
'CyclicBell.D4.zeta_components' depends on axioms: [propext, Classical.choice, Quot.sound]
'CyclicBell.D4.zeta_unit' depends on axioms: [propext, Classical.choice, Quot.sound]
'CyclicBell.D4.zeta_normSq' depends on axioms: [propext, Classical.choice, Quot.sound]
'CyclicBell.D4.zeta_sq' depends on axioms: [propext, Classical.choice, Quot.sound]
'CyclicBell.D4.zeta_cube' depends on axioms: [propext, Classical.choice, Quot.sound]
'CyclicBell.D4.zeta_four' depends on axioms: [propext, Classical.choice, Quot.sound]
'CyclicBell.D4.zeta_eight' depends on axioms: [propext, Classical.choice, Quot.sound]
'CyclicBell.D4.zeta_sixteen' depends on axioms: [propext, Classical.choice, Quot.sound]
'CyclicBell.D4.zeta_ne_zero' depends on axioms: [propext, Classical.choice, Quot.sound]
'CyclicBell.D4.star_zeta' depends on axioms: [propext, Classical.choice, Quot.sound]
'CyclicBell.D4.zeta_pow_exp' depends on axioms: [propext, Classical.choice, Quot.sound]
'CyclicBell.D4.eta_bridge' depends on axioms: [propext, Classical.choice, Quot.sound]
'CyclicBell.D4.phaseTable' depends on axioms: [propext, Classical.choice, Quot.sound]
'CyclicBell.D4.zeta_phaseTable' depends on axioms: [propext, Classical.choice, Quot.sound]
'CyclicBell.D4.zeta_pow_5' depends on axioms: [propext, Classical.choice, Quot.sound]
'CyclicBell.D4.zeta_pow_6' depends on axioms: [propext, Classical.choice, Quot.sound]
'CyclicBell.D4.zeta_pow_7' depends on axioms: [propext, Classical.choice, Quot.sound]
'CyclicBell.D4.zeta_pow_9' depends on axioms: [propext, Classical.choice, Quot.sound]
'CyclicBell.D4.zeta_pow_10' depends on axioms: [propext, Classical.choice, Quot.sound]
'CyclicBell.D4.zeta_pow_11' depends on axioms: [propext, Classical.choice, Quot.sound]
'CyclicBell.D4.zeta_pow_12' depends on axioms: [propext, Classical.choice, Quot.sound]
'CyclicBell.D4.zeta_pow_13' depends on axioms: [propext, Classical.choice, Quot.sound]
'CyclicBell.D4.zeta_pow_14' depends on axioms: [propext, Classical.choice, Quot.sound]
'CyclicBell.D4.zeta_pow_15' depends on axioms: [propext, Classical.choice, Quot.sound]
'CyclicBell.D4.zeta_pow_mod' depends on axioms: [propext, Classical.choice, Quot.sound]
'CyclicBell.D4.zeta_pow_unit' depends on axioms: [propext, Classical.choice, Quot.sound]
'CyclicBell.D4.lambda' depends on axioms: [propext, Classical.choice, Quot.sound]
'CyclicBell.D4.sourceLambda_eq' depends on axioms: [propext, Classical.choice, Quot.sound]
'CyclicBell.D4.lambda_normalization' depends on axioms: [propext, Classical.choice, Quot.sound]
'CyclicBell.D4.sourceLambda_normalization' depends on axioms: [propext, Classical.choice, Quot.sound]
'CyclicBell.D4.k_alpha' depends on axioms: [propext, Classical.choice, Quot.sound]
'CyclicBell.D4.k_beta' depends on axioms: [propext, Classical.choice, Quot.sound]
'CyclicBell.SecondSOS.reducedOperator' depends on axioms: [propext, Classical.choice, Quot.sound]
'CyclicBell.SecondSOS.residual' depends on axioms: [propext, Classical.choice, Quot.sound]
'CyclicBell.SecondSOS.squareSum' depends on axioms: [propext, Classical.choice, Quot.sound]
'CyclicBell.SecondSOS.scalar_gap_expansion' depends on axioms: [propext, Classical.choice, Quot.sound]
'CyclicBell.SecondSOS.reduced_gap_identity' depends on axioms: [propext, Classical.choice, Quot.sound]
'CyclicBell.SecondSOS.augmented_gap_identity' depends on axioms: [propext, Classical.choice, Quot.sound]
'CyclicBell.SecondSOS.reduced_upper' depends on axioms: [propext, Classical.choice, Quot.sound]
'CyclicBell.SecondSOS.augmented_upper' depends on axioms: [propext, Classical.choice, Quot.sound]
'CyclicBell.SecondSOS.source_reduced_gap' depends on axioms: [propext, Classical.choice, Quot.sound]
'CyclicBell.expectation_add' depends on axioms: [propext, Classical.choice, Quot.sound]
'CyclicBell.expectation_smul' depends on axioms: [propext, Classical.choice, Quot.sound]
'CyclicBell.expectation_sum' depends on axioms: [propext, Classical.choice, Quot.sound]
'CyclicBell.tensor_sum_left' depends on axioms: [propext, Classical.choice, Quot.sound]
'CyclicBell.tensor_sum_right' depends on axioms: [propext, Classical.choice, Quot.sound]
'CyclicBell.trace_pure_tensor' depends on axioms: [propext, Classical.choice, Quot.sound]
'CyclicBell.born_nonnegative' depends on axioms: [propext, Classical.choice, Quot.sound]
'CyclicBell.born_left_marginal' depends on axioms: [propext, Classical.choice, Quot.sound]
'CyclicBell.born_right_marginal' depends on axioms: [propext, Classical.choice, Quot.sound]
'CyclicBell.born_normalized' depends on axioms: [propext, Classical.choice, Quot.sound]
'CyclicBell.D4.aliceExponents' depends on axioms: [propext, Quot.sound]
'CyclicBell.D4.polarExponents' depends on axioms: [propext, Quot.sound]
'CyclicBell.D4.bobExponents' depends on axioms: [propext, Quot.sound]
'CyclicBell.D4.aliceWeights' depends on axioms: [propext, Classical.choice, Quot.sound]
'CyclicBell.D4.bobWeights' depends on axioms: [propext, Classical.choice, Quot.sound]
'CyclicBell.D4.witnessA' depends on axioms: [propext, Classical.choice, Quot.sound]
'CyclicBell.D4.witnessB' depends on axioms: [propext, Classical.choice, Quot.sound]
'CyclicBell.D4.aliceWeights_unit' depends on axioms: [propext, Classical.choice, Quot.sound]
'CyclicBell.D4.bobWeights_unit' depends on axioms: [propext, Classical.choice, Quot.sound]
'CyclicBell.D4.zeta_pow_32' depends on axioms: [propext, Classical.choice, Quot.sound]
'CyclicBell.D4.aliceWeights_product' depends on axioms: [propext, Classical.choice, Quot.sound]
'CyclicBell.D4.bobWeights_product' depends on axioms: [propext, Classical.choice, Quot.sound]
'CyclicBell.D4.aliceCyclePVM' depends on axioms: [propext, Classical.choice, Quot.sound]
'CyclicBell.D4.bobCyclePVM' depends on axioms: [propext, Classical.choice, Quot.sound]
'CyclicBell.D4.aliceCycle_encoding' depends on axioms: [propext, Classical.choice, Quot.sound]
'CyclicBell.D4.bobCycle_encoding' depends on axioms: [propext, Classical.choice, Quot.sound]
'CyclicBell.D4.weighted_one' depends on axioms: [propext, Classical.choice, Quot.sound]
'CyclicBell.D4.witnessA_zero' depends on axioms: [propext, Classical.choice, Quot.sound]
'CyclicBell.D4.witnessA_one' depends on axioms: [propext, Classical.choice, Quot.sound]
'CyclicBell.D4.secondAlicePVM' depends on axioms: [propext, Classical.choice, Quot.sound]
'CyclicBell.D4.firstAlicePVM' depends on axioms: [propext, Classical.choice, Quot.sound]
'CyclicBell.D4.allBobPVM' depends on axioms: [propext, Classical.choice, Quot.sound]
'CyclicBell.D4.firstStrategy' depends on axioms: [propext, Classical.choice, Quot.sound]
'CyclicBell.D4.secondStrategy' depends on axioms: [propext, Classical.choice, Quot.sound]
'CyclicBell.D4.secondAlice_encoding' depends on axioms: [propext, Classical.choice, Quot.sound]
'CyclicBell.D4.firstAlice_zero_encoding' depends on axioms: [propext, Classical.choice, Quot.sound]
'CyclicBell.D4.firstAlice_one_encoding' depends on axioms: [propext, Classical.choice, Quot.sound]
'CyclicBell.D4.allBob_reduced_encoding' depends on axioms: [propext, Classical.choice, Quot.sound]
'CyclicBell.D4.firstBob_encoding' depends on axioms: [propext, Classical.choice, Quot.sound]
'CyclicBell.D4.secondBob_encoding' depends on axioms: [propext, Classical.choice, Quot.sound]
'CyclicBell.D4.firstBob_added_encoding' depends on axioms: [propext, Classical.choice, Quot.sound]
'CyclicBell.D4.secondBob_added_encoding' depends on axioms: [propext, Classical.choice, Quot.sound]
'CyclicBell.D4.witnessA_unitary' depends on axioms: [propext, Classical.choice, Quot.sound]
'CyclicBell.D4.witnessB_unitary' depends on axioms: [propext, Classical.choice, Quot.sound]
'CyclicBell.D4.witnessA_fourth' depends on axioms: [propext, Classical.choice, Quot.sound]
'CyclicBell.D4.witnessB_fourth' depends on axioms: [propext, Classical.choice, Quot.sound]
'CyclicBell.D4.shift_unitary' depends on axioms: [propext, Classical.choice, Quot.sound]
'CyclicBell.D4.shift_conjugate' depends on axioms: [propext, Classical.choice, Quot.sound]
'CyclicBell.D4.root_product_with_polar' depends on axioms: [propext, Classical.choice, Quot.sound]
'CyclicBell.D4.bobWeights_are_polar_conjugates' depends on axioms: [propext, Classical.choice, Quot.sound]
'CyclicBell.D4.bob_manuscript_bridge' depends on axioms: [propext, Classical.choice, Quot.sound]
'CyclicBell.D4.eta' depends on axioms: [propext, Classical.choice, Quot.sound]
'CyclicBell.D4.sourceD' depends on axioms: [propext, Classical.choice, Quot.sound]
'CyclicBell.D4.inv_eq_star_of_unit' depends on axioms: [propext, Classical.choice, Quot.sound]
'CyclicBell.D4.eta_unit' depends on axioms: [propext, Classical.choice, Quot.sound]
'CyclicBell.D4.star_neg_power' depends on axioms: [propext, Classical.choice, Quot.sound]
'CyclicBell.D4.secondAlice_manuscript_bridge' depends on axioms: [propext, Classical.choice, Quot.sound]
'CyclicBell.D4.witness_target_projectors' depends on axioms: [propext, Classical.choice, Quot.sound]
'CyclicBell.D4.complete_witness_validity' depends on axioms: [propext, Classical.choice, Quot.sound]
